Thigh,Calf,Hip left motor,Hip right motor,Hip left ratio,Hip right ratio,Gearbox left,Gearbox right,Efficiency left,Efficiency right,Torso distance,ik_height,ori_l,ori_theta,Best X velocity,Average energy,Max height,Max distance,Unique id,Cost,ac1,ac2,ac3
0.297,0.302,U10,U10,6.0,6.0,SSPG,SSPG,0.952,0.952,0.125,0.3737915995838591,0.2709025444334691,-0.0019462203355875562,0.06417401779096127,15.003768900100289,0.3146617343580495,0.0044314654576419555,48dbe2ee,-0.0886293091528391,540.4,4.9,31.0
0.297,0.302,U10,U10,6.0,6.0,SSPG,SSPG,0.952,0.952,0.125,0.3737915995838591,0.2709025444334691,-0.0019462203355875562,0.07756149112568168,15.003768900100289,0.3146617343580495,0.0044314654576419555,48dbe2ee,-0.0886293091528391,540.4,4.9,31.0
0.297,0.302,U10,U10,6.0,6.0,SSPG,SSPG,0.952,0.952,0.125,0.3737915995838591,0.2709025444334691,-0.0019462203355875562,0.07903103214426721,15.003768900100289,0.3146617343580495,0.0044314654576419555,48dbe2ee,-0.0886293091528391,540.4,4.9,31.0
0.297,0.302,U10,U10,6.0,6.0,SSPG,SSPG,0.952,0.952,0.125,0.3737915995838591,0.2709025444334691,-0.0019462203355875562,0.07448321262637794,15.003768900100289,0.3146617343580495,0.0044314654576419555,48dbe2ee,-0.0886293091528391,540.4,4.9,31.0
0.297,0.302,U10,U10,6.0,6.0,SSPG,SSPG,0.952,0.952,0.125,0.3737915995838591,0.2709025444334691,-0.0019462203355875562,0.07149115268280383,15.003768900100289,0.3146617343580495,0.0044314654576419555,48dbe2ee,-0.0886293091528391,540.4,4.9,31.0
0.297,0.302,U10,U10,6.0,6.0,SSPG,SSPG,0.952,0.952,0.125,0.37424143257081394,0.21499752851451062,0.5739754266331634,6.890856515591328,15.662005532263803,0.22035148340149038,0.5086378130438358,b3830ad0,-10.172756260876717,471.0,5.8,30.7
0.297,0.302,U10,U10,6.0,6.0,SSPG,SSPG,0.952,0.952,0.125,0.37424143257081394,0.21499752851451062,0.5739754266331634,8.742399872969028,15.662005532263803,0.22035148340149038,0.5086378130438358,b3830ad0,-10.172756260876717,471.0,5.8,30.7
0.297,0.302,U10,U10,6.0,6.0,SSPG,SSPG,0.952,0.952,0.125,0.37424143257081394,0.21499752851451062,0.5739754266331634,8.372933588967651,15.662005532263803,0.22035148340149038,0.5086378130438358,b3830ad0,-10.172756260876717,471.0,5.8,30.7
0.297,0.302,U10,U10,6.0,6.0,SSPG,SSPG,0.952,0.952,0.125,0.37424143257081394,0.21499752851451062,0.5739754266331634,9.89871805439383,15.662005532263803,0.22035148340149038,0.5086378130438358,b3830ad0,-10.172756260876717,471.0,5.8,30.7
0.297,0.302,U10,U10,6.0,6.0,SSPG,SSPG,0.952,0.952,0.125,0.37424143257081394,0.21499752851451062,0.5739754266331634,10.182428138189984,15.662005532263803,0.22035148340149038,0.5086378130438358,b3830ad0,-10.172756260876717,471.0,5.8,30.7
0.297,0.302,U10,U10,6.0,6.0,SSPG,SSPG,0.952,0.952,0.125,0.3637262798661197,0.2725421784540682,0.06312840433493916,1.6917623268173536,14.973627776454459,0.31552270951306755,0.12963066552373143,8f3fe55c,-2.5926133104746283,643.7,5.4,30.4
0.297,0.302,U10,U10,6.0,6.0,SSPG,SSPG,0.952,0.952,0.125,0.3637262798661197,0.2725421784540682,0.06312840433493916,2.0808855321669912,14.973627776454459,0.31552270951306755,0.12963066552373143,8f3fe55c,-2.5926133104746283,643.7,5.4,30.4
0.297,0.302,U10,U10,6.0,6.0,SSPG,SSPG,0.952,0.952,0.125,0.3637262798661197,0.2725421784540682,0.06312840433493916,1.9411019440238226,14.973627776454459,0.31552270951306755,0.12963066552373143,8f3fe55c,-2.5926133104746283,643.7,5.4,30.4
0.297,0.302,U10,U10,6.0,6.0,SSPG,SSPG,0.952,0.952,0.125,0.3637262798661197,0.2725421784540682,0.06312840433493916,2.07615774574466,14.973627776454459,0.31552270951306755,0.12963066552373143,8f3fe55c,-2.5926133104746283,643.7,5.4,30.4
0.297,0.302,U10,U10,6.0,6.0,SSPG,SSPG,0.952,0.952,0.125,0.3637262798661197,0.2725421784540682,0.06312840433493916,2.295095499507595,14.973627776454459,0.31552270951306755,0.12963066552373143,8f3fe55c,-2.5926133104746283,643.7,5.4,30.4
0.297,0.302,U10,U10,6.0,6.0,SSPG,SSPG,0.952,0.952,0.125,0.3777278497468555,0.2938925130373341,-0.06313973297978359,1.6592976054261073,14.556193280834044,0.3037242673008092,0.1476268269846042,e5f18280,-2.9525365396920837,709.3,4.7,37.4
0.297,0.302,U10,U10,6.0,6.0,SSPG,SSPG,0.952,0.952,0.125,0.3777278497468555,0.2938925130373341,-0.06313973297978359,2.3047584323892583,14.556193280834044,0.3037242673008092,0.1476268269846042,e5f18280,-2.9525365396920837,709.3,4.7,37.4
0.297,0.302,U10,U10,6.0,6.0,SSPG,SSPG,0.952,0.952,0.125,0.3777278497468555,0.2938925130373341,-0.06313973297978359,2.395048121799533,14.556193280834044,0.3037242673008092,0.1476268269846042,e5f18280,-2.9525365396920837,709.3,4.7,37.4
0.297,0.302,U10,U10,6.0,6.0,SSPG,SSPG,0.952,0.952,0.125,0.3777278497468555,0.2938925130373341,-0.06313973297978359,2.515015519739532,14.556193280834044,0.3037242673008092,0.1476268269846042,e5f18280,-2.9525365396920837,709.3,4.7,37.4
0.297,0.302,U10,U10,6.0,6.0,SSPG,SSPG,0.952,0.952,0.125,0.3777278497468555,0.2938925130373341,-0.06313973297978359,2.6347017238497847,14.556193280834044,0.3037242673008092,0.1476268269846042,e5f18280,-2.9525365396920837,709.3,4.7,37.4
0.297,0.302,U10,U10,6.0,6.0,SSPG,SSPG,0.952,0.952,0.125,0.43175555728212367,0.30977969701039515,0.36563337949283237,7.630934065225349,12.92352799912943,0.1477774000263522,0.4443668984954119,97e01d1a,-8.887337969908238,476.2,4.9,31.1
0.297,0.302,U10,U10,6.0,6.0,SSPG,SSPG,0.952,0.952,0.125,0.43175555728212367,0.30977969701039515,0.36563337949283237,9.60964496280987,12.92352799912943,0.1477774000263522,0.4443668984954119,97e01d1a,-8.887337969908238,476.2,4.9,31.1
0.297,0.302,U10,U10,6.0,6.0,SSPG,SSPG,0.952,0.952,0.125,0.43175555728212367,0.30977969701039515,0.36563337949283237,10.272943464533785,12.92352799912943,0.1477774000263522,0.4443668984954119,97e01d1a,-8.887337969908238,476.2,4.9,31.1
0.297,0.302,U10,U10,6.0,6.0,SSPG,SSPG,0.952,0.952,0.125,0.43175555728212367,0.30977969701039515,0.36563337949283237,10.080914405316278,12.92352799912943,0.1477774000263522,0.4443668984954119,97e01d1a,-8.887337969908238,476.2,4.9,31.1
0.297,0.302,U10,U10,6.0,6.0,SSPG,SSPG,0.952,0.952,0.125,0.43175555728212367,0.30977969701039515,0.36563337949283237,10.191603426493764,12.92352799912943,0.1477774000263522,0.4443668984954119,97e01d1a,-8.887337969908238,476.2,4.9,31.1
0.297,0.302,U10,U10,6.0,6.0,SSPG,SSPG,0.952,0.952,0.125,0.3790815543049104,0.2315421638726731,-0.07607780209882398,7.227236581449161e-15,14.048111996479681,0.30947876192500107,4.690453630923497e-16,dfb556c6,-9.380907261846994e-15,661.6,4.1,37.8
0.297,0.302,U10,U10,6.0,6.0,SSPG,SSPG,0.952,0.952,0.125,0.3790815543049104,0.2315421638726731,-0.07607780209882398,8.5753340769593e-15,14.048111996479681,0.30947876192500107,4.690453630923497e-16,dfb556c6,-9.380907261846994e-15,661.6,4.1,37.8
0.297,0.302,U10,U10,6.0,6.0,SSPG,SSPG,0.952,0.952,0.125,0.3790815543049104,0.2315421638726731,-0.07607780209882398,8.533673016794318e-15,14.048111996479681,0.30947876192500107,4.690453630923497e-16,dfb556c6,-9.380907261846994e-15,661.6,4.1,37.8
0.297,0.302,U10,U10,6.0,6.0,SSPG,SSPG,0.952,0.952,0.125,0.3790815543049104,0.2315421638726731,-0.07607780209882398,8.905562211588005e-15,14.048111996479681,0.30947876192500107,4.690453630923497e-16,dfb556c6,-9.380907261846994e-15,661.6,4.1,37.8
0.297,0.302,U10,U10,6.0,6.0,SSPG,SSPG,0.952,0.952,0.125,0.3790815543049104,0.2315421638726731,-0.07607780209882398,9.148830853580554e-15,14.048111996479681,0.30947876192500107,4.690453630923497e-16,dfb556c6,-9.380907261846994e-15,661.6,4.1,37.8
0.297,0.302,U10,U10,6.0,6.0,SSPG,SSPG,0.952,0.952,0.125,0.40768557062517113,0.20972258286457884,0.4240249610038769,1.926217024698424e-15,13.120373933497412,0.2896155002944746,1.4863081075916832e-16,5d199ac5,-2.9726162151833664e-15,709.2,4.1,26.2
0.297,0.302,U10,U10,6.0,6.0,SSPG,SSPG,0.952,0.952,0.125,0.40768557062517113,0.20972258286457884,0.4240249610038769,2.3563669780898268e-15,13.120373933497412,0.2896155002944746,1.4863081075916832e-16,5d199ac5,-2.9726162151833664e-15,709.2,4.1,26.2
0.297,0.302,U10,U10,6.0,6.0,SSPG,SSPG,0.952,0.952,0.125,0.40768557062517113,0.20972258286457884,0.4240249610038769,2.9718963230000225e-15,13.120373933497412,0.2896155002944746,1.4863081075916832e-16,5d199ac5,-2.9726162151833664e-15,709.2,4.1,26.2
0.297,0.302,U10,U10,6.0,6.0,SSPG,SSPG,0.952,0.952,0.125,0.40768557062517113,0.20972258286457884,0.4240249610038769,2.992639905960399e-15,13.120373933497412,0.2896155002944746,1.4863081075916832e-16,5d199ac5,-2.9726162151833664e-15,709.2,4.1,26.2
0.297,0.302,U10,U10,6.0,6.0,SSPG,SSPG,0.952,0.952,0.125,0.40768557062517113,0.20972258286457884,0.4240249610038769,3.13370097816082e-15,13.120373933497412,0.2896155002944746,1.4863081075916832e-16,5d199ac5,-2.9726162151833664e-15,709.2,4.1,26.2
0.297,0.302,U10,U10,6.0,6.0,SSPG,SSPG,0.952,0.952,0.125,0.375232701941333,0.22189588966454082,0.21840051156295193,9.05225504169834e-16,14.140002272341059,0.3116200914728866,6.354269937591235e-17,7e8c18e6,-1.2708539875182471e-15,601.0,4.7,34.8
0.297,0.302,U10,U10,6.0,6.0,SSPG,SSPG,0.952,0.952,0.125,0.375232701941333,0.22189588966454082,0.21840051156295193,9.801280451424742e-16,14.140002272341059,0.3116200914728866,6.354269937591235e-17,7e8c18e6,-1.2708539875182471e-15,601.0,4.7,34.8
0.297,0.302,U10,U10,6.0,6.0,SSPG,SSPG,0.952,0.952,0.125,0.375232701941333,0.22189588966454082,0.21840051156295193,1.1748151854816723e-15,14.140002272341059,0.3116200914728866,6.354269937591235e-17,7e8c18e6,-1.2708539875182471e-15,601.0,4.7,34.8
0.297,0.302,U10,U10,6.0,6.0,SSPG,SSPG,0.952,0.952,0.125,0.375232701941333,0.22189588966454082,0.21840051156295193,1.177035821787594e-15,14.140002272341059,0.3116200914728866,6.354269937591235e-17,7e8c18e6,-1.2708539875182471e-15,601.0,4.7,34.8
0.297,0.302,U10,U10,6.0,6.0,SSPG,SSPG,0.952,0.952,0.125,0.375232701941333,0.22189588966454082,0.21840051156295193,1.2342311133898928e-15,14.140002272341059,0.3116200914728866,6.354269937591235e-17,7e8c18e6,-1.2708539875182471e-15,601.0,4.7,34.8
0.297,0.302,U10,U10,6.0,6.0,SSPG,SSPG,0.952,0.952,0.125,0.4202429799142072,0.2636866095190461,0.18900891604866388,0.5723243930744069,12.760054223549526,0.2797516568831636,0.036608913282855184,f315286d,-0.7321782656571036,589.0,4.1,34.4
0.297,0.302,U10,U10,6.0,6.0,SSPG,SSPG,0.952,0.952,0.125,0.4202429799142072,0.2636866095190461,0.18900891604866388,0.8181508297079713,12.760054223549526,0.2797516568831636,0.036608913282855184,f315286d,-0.7321782656571036,589.0,4.1,34.4
0.297,0.302,U10,U10,6.0,6.0,SSPG,SSPG,0.952,0.952,0.125,0.4202429799142072,0.2636866095190461,0.18900891604866388,0.8052532536444202,12.760054223549526,0.2797516568831636,0.036608913282855184,f315286d,-0.7321782656571036,589.0,4.1,34.4
0.297,0.302,U10,U10,6.0,6.0,SSPG,SSPG,0.952,0.952,0.125,0.4202429799142072,0.2636866095190461,0.18900891604866388,0.8191110084281953,12.760054223549526,0.2797516568831636,0.036608913282855184,f315286d,-0.7321782656571036,589.0,4.1,34.4
0.297,0.302,U10,U10,6.0,6.0,SSPG,SSPG,0.952,0.952,0.125,0.4202429799142072,0.2636866095190461,0.18900891604866388,0.8050126161545375,12.760054223549526,0.2797516568831636,0.036608913282855184,f315286d,-0.7321782656571036,589.0,4.1,34.4
0.297,0.302,U10,U10,6.0,6.0,SSPG,SSPG,0.952,0.952,0.125,0.4111727202321855,0.20165961725288306,-0.09612513226848596,1.0605179499426471e-15,13.07279118982959,0.2879568473463956,6.366590922445268e-17,af2735eb,-1.2733181844890535e-15,521.5,4.1,31.2
0.297,0.302,U10,U10,6.0,6.0,SSPG,SSPG,0.952,0.952,0.125,0.4111727202321855,0.20165961725288306,-0.09612513226848596,1.3484054884883066e-15,13.07279118982959,0.2879568473463956,6.366590922445268e-17,af2735eb,-1.2733181844890535e-15,521.5,4.1,31.2
0.297,0.302,U10,U10,6.0,6.0,SSPG,SSPG,0.952,0.952,0.125,0.4111727202321855,0.20165961725288306,-0.09612513226848596,1.3374512429880886e-15,13.07279118982959,0.2879568473463956,6.366590922445268e-17,af2735eb,-1.2733181844890535e-15,521.5,4.1,31.2
0.297,0.302,U10,U10,6.0,6.0,SSPG,SSPG,0.952,0.952,0.125,0.4111727202321855,0.20165961725288306,-0.09612513226848596,1.3417993775438606e-15,13.07279118982959,0.2879568473463956,6.366590922445268e-17,af2735eb,-1.2733181844890535e-15,521.5,4.1,31.2
0.297,0.302,U10,U10,6.0,6.0,SSPG,SSPG,0.952,0.952,0.125,0.4111727202321855,0.20165961725288306,-0.09612513226848596,1.3427304611148706e-15,13.07279118982959,0.2879568473463956,6.366590922445268e-17,af2735eb,-1.2733181844890535e-15,521.5,4.1,31.2
0.297,0.302,U10,U10,6.0,6.0,SSPG,SSPG,0.952,0.952,0.125,0.3716725076770554,0.20093373283824087,0.4627278509774224,4.358618638481561e-15,14.3203826911091,0.31492747692008494,2.734039993115862e-16,d8ad39a3,-5.4680799862317246e-15,552.2,5.2,24.2
0.297,0.302,U10,U10,6.0,6.0,SSPG,SSPG,0.952,0.952,0.125,0.3716725076770554,0.20093373283824087,0.4627278509774224,5.354092295866016e-15,14.3203826911091,0.31492747692008494,2.734039993115862e-16,d8ad39a3,-5.4680799862317246e-15,552.2,5.2,24.2
0.297,0.302,U10,U10,6.0,6.0,SSPG,SSPG,0.952,0.952,0.125,0.3716725076770554,0.20093373283824087,0.4627278509774224,5.299190328645619e-15,14.3203826911091,0.31492747692008494,2.734039993115862e-16,d8ad39a3,-5.4680799862317246e-15,552.2,5.2,24.2
0.297,0.302,U10,U10,6.0,6.0,SSPG,SSPG,0.952,0.952,0.125,0.3716725076770554,0.20093373283824087,0.4627278509774224,5.259717956034837e-15,14.3203826911091,0.31492747692008494,2.734039993115862e-16,d8ad39a3,-5.4680799862317246e-15,552.2,5.2,24.2
0.297,0.302,U10,U10,6.0,6.0,SSPG,SSPG,0.952,0.952,0.125,0.3716725076770554,0.20093373283824087,0.4627278509774224,5.472390779902569e-15,14.3203826911091,0.31492747692008494,2.734039993115862e-16,d8ad39a3,-5.4680799862317246e-15,552.2,5.2,24.2
0.297,0.302,U10,U10,6.0,6.0,SSPG,SSPG,0.952,0.952,0.125,0.4594099390598366,0.23723932067365705,-0.06706745488984422,2.1898455403506562e-16,12.12852259151313,0.26036083722805925,1.474655397738032e-17,2f5f867a,-2.9493107954760636e-16,640.4,4.2,30.2
0.297,0.302,U10,U10,6.0,6.0,SSPG,SSPG,0.952,0.952,0.125,0.4594099390598366,0.23723932067365705,-0.06706745488984422,2.761290668699845e-16,12.12852259151313,0.26036083722805925,1.474655397738032e-17,2f5f867a,-2.9493107954760636e-16,640.4,4.2,30.2
0.297,0.302,U10,U10,6.0,6.0,SSPG,SSPG,0.952,0.952,0.125,0.4594099390598366,0.23723932067365705,-0.06706745488984422,3.2309584678553536e-16,12.12852259151313,0.26036083722805925,1.474655397738032e-17,2f5f867a,-2.9493107954760636e-16,640.4,4.2,30.2
0.297,0.302,U10,U10,6.0,6.0,SSPG,SSPG,0.952,0.952,0.125,0.4594099390598366,0.23723932067365705,-0.06706745488984422,3.4255768414327907e-16,12.12852259151313,0.26036083722805925,1.474655397738032e-17,2f5f867a,-2.9493107954760636e-16,640.4,4.2,30.2
0.297,0.302,U10,U10,6.0,6.0,SSPG,SSPG,0.952,0.952,0.125,0.4594099390598366,0.23723932067365705,-0.06706745488984422,3.66106700051746e-16,12.12852259151313,0.26036083722805925,1.474655397738032e-17,2f5f867a,-2.9493107954760636e-16,640.4,4.2,30.2
0.297,0.302,U10,U10,6.0,6.0,SSPG,SSPG,0.952,0.952,0.125,0.3830358700773431,0.2579305882883994,-0.0405101563919088,0.08479307376563221,13.80238541049591,0.305035639310948,0.005077471451956905,2dc75523,-0.1015494290391381,630.6,4.4,31.1
0.297,0.302,U10,U10,6.0,6.0,SSPG,SSPG,0.952,0.952,0.125,0.3830358700773431,0.2579305882883994,-0.0405101563919088,0.08430568394295022,13.80238541049591,0.305035639310948,0.005077471451956905,2dc75523,-0.1015494290391381,630.6,4.4,31.1
0.297,0.302,U10,U10,6.0,6.0,SSPG,SSPG,0.952,0.952,0.125,0.3830358700773431,0.2579305882883994,-0.0405101563919088,0.09922960246031859,13.80238541049591,0.305035639310948,0.005077471451956905,2dc75523,-0.1015494290391381,630.6,4.4,31.1
0.297,0.302,U10,U10,6.0,6.0,SSPG,SSPG,0.952,0.952,0.125,0.3830358700773431,0.2579305882883994,-0.0405101563919088,0.10182823463992548,13.80238541049591,0.305035639310948,0.005077471451956905,2dc75523,-0.1015494290391381,630.6,4.4,31.1
0.297,0.302,U10,U10,6.0,6.0,SSPG,SSPG,0.952,0.952,0.125,0.3830358700773431,0.2579305882883994,-0.0405101563919088,0.10402826727903093,13.80238541049591,0.305035639310948,0.005077471451956905,2dc75523,-0.1015494290391381,630.6,4.4,31.1
0.297,0.302,U10,U10,6.0,6.0,SSPG,SSPG,0.952,0.952,0.125,0.40334155340025923,0.2345794408200223,0.49012069915607137,3.87588859680117e-15,13.312220044764095,0.2932921902365663,2.5354088647468974e-16,11e21ade,-5.0708177294937945e-15,654.7,4.6,31.6
0.297,0.302,U10,U10,6.0,6.0,SSPG,SSPG,0.952,0.952,0.125,0.40334155340025923,0.2345794408200223,0.49012069915607137,4.2362230883088095e-15,13.312220044764095,0.2932921902365663,2.5354088647468974e-16,11e21ade,-5.0708177294937945e-15,654.7,4.6,31.6
0.297,0.302,U10,U10,6.0,6.0,SSPG,SSPG,0.952,0.952,0.125,0.40334155340025923,0.2345794408200223,0.49012069915607137,5.106151587909274e-15,13.312220044764095,0.2932921902365663,2.5354088647468974e-16,11e21ade,-5.0708177294937945e-15,654.7,4.6,31.6
0.297,0.302,U10,U10,6.0,6.0,SSPG,SSPG,0.952,0.952,0.125,0.40334155340025923,0.2345794408200223,0.49012069915607137,5.246260788272129e-15,13.312220044764095,0.2932921902365663,2.5354088647468974e-16,11e21ade,-5.0708177294937945e-15,654.7,4.6,31.6
0.297,0.302,U10,U10,6.0,6.0,SSPG,SSPG,0.952,0.952,0.125,0.40334155340025923,0.2345794408200223,0.49012069915607137,5.327312939235625e-15,13.312220044764095,0.2932921902365663,2.5354088647468974e-16,11e21ade,-5.0708177294937945e-15,654.7,4.6,31.6
0.297,0.302,U10,U10,6.0,6.0,SSPG,SSPG,0.952,0.952,0.125,0.4587497649963045,0.2001929682423247,0.23844417096485726,2.601428121331548e-15,12.02927873794596,0.25960627417782567,1.3584933348736055e-16,4ec7aeb8,-2.716986669747211e-15,587.4,4.5,30.3
0.297,0.302,U10,U10,6.0,6.0,SSPG,SSPG,0.952,0.952,0.125,0.4587497649963045,0.2001929682423247,0.23844417096485726,3.0267266716424104e-15,12.02927873794596,0.25960627417782567,1.3584933348736055e-16,4ec7aeb8,-2.716986669747211e-15,587.4,4.5,30.3
0.297,0.302,U10,U10,6.0,6.0,SSPG,SSPG,0.952,0.952,0.125,0.4587497649963045,0.2001929682423247,0.23844417096485726,3.083180847280516e-15,12.02927873794596,0.25960627417782567,1.3584933348736055e-16,4ec7aeb8,-2.716986669747211e-15,587.4,4.5,30.3
0.297,0.302,U10,U10,6.0,6.0,SSPG,SSPG,0.952,0.952,0.125,0.4587497649963045,0.2001929682423247,0.23844417096485726,2.7251889328852053e-15,12.02927873794596,0.25960627417782567,1.3584933348736055e-16,4ec7aeb8,-2.716986669747211e-15,587.4,4.5,30.3
0.297,0.302,U10,U10,6.0,6.0,SSPG,SSPG,0.952,0.952,0.125,0.4587497649963045,0.2001929682423247,0.23844417096485726,1.795529724722286e-15,12.02927873794596,0.25960627417782567,1.3584933348736055e-16,4ec7aeb8,-2.716986669747211e-15,587.4,4.5,30.3
0.297,0.302,U10,U10,6.0,6.0,SSPG,SSPG,0.952,0.952,0.125,0.4241697351276278,0.20956549012373604,0.5795866554008651,4.281698109566198e-15,12.753327665265488,0.2801795376425398,2.679807787991362e-16,1fff2dad,-5.359615575982724e-15,691.5,4.6,33.7
0.297,0.302,U10,U10,6.0,6.0,SSPG,SSPG,0.952,0.952,0.125,0.4241697351276278,0.20956549012373604,0.5795866554008651,5.648801393314531e-15,12.753327665265488,0.2801795376425398,2.679807787991362e-16,1fff2dad,-5.359615575982724e-15,691.5,4.6,33.7
0.297,0.302,U10,U10,6.0,6.0,SSPG,SSPG,0.952,0.952,0.125,0.4241697351276278,0.20956549012373604,0.5795866554008651,5.548992646256046e-15,12.753327665265488,0.2801795376425398,2.679807787991362e-16,1fff2dad,-5.359615575982724e-15,691.5,4.6,33.7
0.297,0.302,U10,U10,6.0,6.0,SSPG,SSPG,0.952,0.952,0.125,0.4241697351276278,0.20956549012373604,0.5795866554008651,3.70038799157311e-15,12.753327665265488,0.2801795376425398,2.679807787991362e-16,1fff2dad,-5.359615575982724e-15,691.5,4.6,33.7
0.297,0.302,U10,U10,6.0,6.0,SSPG,SSPG,0.952,0.952,0.125,0.4241697351276278,0.20956549012373604,0.5795866554008651,4.29757801813227e-15,12.753327665265488,0.2801795376425398,2.679807787991362e-16,1fff2dad,-5.359615575982724e-15,691.5,4.6,33.7
0.297,0.302,U10,U10,6.0,6.0,SSPG,SSPG,0.952,0.952,0.125,0.41894210691505473,0.25029692699494105,0.17119500250260544,0.003700774028661056,12.768855600650896,0.28184581170826467,0.00022948429955634993,81c42d13,-0.004589685991126999,575.1,4.9,32.7
0.297,0.302,U10,U10,6.0,6.0,SSPG,SSPG,0.952,0.952,0.125,0.41894210691505473,0.25029692699494105,0.17119500250260544,0.004293947223026498,12.768855600650896,0.28184581170826467,0.00022948429955634993,81c42d13,-0.004589685991126999,575.1,4.9,32.7
0.297,0.302,U10,U10,6.0,6.0,SSPG,SSPG,0.952,0.952,0.125,0.41894210691505473,0.25029692699494105,0.17119500250260544,0.003940147922592675,12.768855600650896,0.28184581170826467,0.00022948429955634993,81c42d13,-0.004589685991126999,575.1,4.9,32.7
0.297,0.302,U10,U10,6.0,6.0,SSPG,SSPG,0.952,0.952,0.125,0.41894210691505473,0.25029692699494105,0.17119500250260544,0.003459589229984892,12.768855600650896,0.28184581170826467,0.00022948429955634993,81c42d13,-0.004589685991126999,575.1,4.9,32.7
0.297,0.302,U10,U10,6.0,6.0,SSPG,SSPG,0.952,0.952,0.125,0.41894210691505473,0.25029692699494105,0.17119500250260544,0.003558982863991114,12.768855600650896,0.28184581170826467,0.00022948429955634993,81c42d13,-0.004589685991126999,575.1,4.9,32.7
0.297,0.302,U10,U10,6.0,6.0,SSPG,SSPG,0.952,0.952,0.125,0.39240558272347703,0.2000754442467904,-0.07227999391398332,3.870417229268558e-15,13.779320077805389,0.30230045467019745,2.3983405102630025e-16,eeeebbc5,-4.796681020526005e-15,758.3,3.9,32.7
0.297,0.302,U10,U10,6.0,6.0,SSPG,SSPG,0.952,0.952,0.125,0.39240558272347703,0.2000754442467904,-0.07227999391398332,4.278470710440018e-15,13.779320077805389,0.30230045467019745,2.3983405102630025e-16,eeeebbc5,-4.796681020526005e-15,758.3,3.9,32.7
0.297,0.302,U10,U10,6.0,6.0,SSPG,SSPG,0.952,0.952,0.125,0.39240558272347703,0.2000754442467904,-0.07227999391398332,3.763621233077852e-15,13.779320077805389,0.30230045467019745,2.3983405102630025e-16,eeeebbc5,-4.796681020526005e-15,758.3,3.9,32.7
0.297,0.302,U10,U10,6.0,6.0,SSPG,SSPG,0.952,0.952,0.125,0.39240558272347703,0.2000754442467904,-0.07227999391398332,3.080357415999312e-15,13.779320077805389,0.30230045467019745,2.3983405102630025e-16,eeeebbc5,-4.796681020526005e-15,758.3,3.9,32.7
0.297,0.302,U10,U10,6.0,6.0,SSPG,SSPG,0.952,0.952,0.125,0.39240558272347703,0.2000754442467904,-0.07227999391398332,4.3235049214362815e-15,13.779320077805389,0.30230045467019745,2.3983405102630025e-16,eeeebbc5,-4.796681020526005e-15,758.3,3.9,32.7
0.297,0.302,U10,U10,6.0,6.0,SSPG,SSPG,0.952,0.952,0.125,0.39075639578173155,0.22960959197754574,-0.1651673193983807,6.224626359003339e-15,13.790330450509463,0.3029161367798567,4.840772866389242e-16,e28e115c,-9.681545732778484e-15,623.5,4.6,33.7
0.297,0.302,U10,U10,6.0,6.0,SSPG,SSPG,0.952,0.952,0.125,0.39075639578173155,0.22960959197754574,-0.1651673193983807,6.891641915525745e-15,13.790330450509463,0.3029161367798567,4.840772866389242e-16,e28e115c,-9.681545732778484e-15,623.5,4.6,33.7
0.297,0.302,U10,U10,6.0,6.0,SSPG,SSPG,0.952,0.952,0.125,0.39075639578173155,0.22960959197754574,-0.1651673193983807,5.440383114977067e-15,13.790330450509463,0.3029161367798567,4.840772866389242e-16,e28e115c,-9.681545732778484e-15,623.5,4.6,33.7
0.297,0.302,U10,U10,6.0,6.0,SSPG,SSPG,0.952,0.952,0.125,0.39075639578173155,0.22960959197754574,-0.1651673193983807,7.379584781392223e-15,13.790330450509463,0.3029161367798567,4.840772866389242e-16,e28e115c,-9.681545732778484e-15,623.5,4.6,33.7
0.297,0.302,U10,U10,6.0,6.0,SSPG,SSPG,0.952,0.952,0.125,0.39075639578173155,0.22960959197754574,-0.1651673193983807,9.555164265720984e-15,13.790330450509463,0.3029161367798567,4.840772866389242e-16,e28e115c,-9.681545732778484e-15,623.5,4.6,33.7
0.297,0.302,U10,U10,6.0,6.0,SSPG,SSPG,0.952,0.952,0.125,0.4159034135547517,0.24103358510813863,0.1464510152150813,4.647124099974572e-15,12.912599773068616,0.28454938584817824,4.675128915255238e-16,03d6a6f0,-9.350257830510477e-15,635.6,4.6,29.3
0.297,0.302,U10,U10,6.0,6.0,SSPG,SSPG,0.952,0.952,0.125,0.4159034135547517,0.24103358510813863,0.1464510152150813,6.080433595180875e-15,12.912599773068616,0.28454938584817824,4.675128915255238e-16,03d6a6f0,-9.350257830510477e-15,635.6,4.6,29.3
0.297,0.302,U10,U10,6.0,6.0,SSPG,SSPG,0.952,0.952,0.125,0.4159034135547517,0.24103358510813863,0.1464510152150813,5.092840256128943e-15,12.912599773068616,0.28454938584817824,4.675128915255238e-16,03d6a6f0,-9.350257830510477e-15,635.6,4.6,29.3
0.297,0.302,U10,U10,6.0,6.0,SSPG,SSPG,0.952,0.952,0.125,0.4159034135547517,0.24103358510813863,0.1464510152150813,9.014969960586951e-15,12.912599773068616,0.28454938584817824,4.675128915255238e-16,03d6a6f0,-9.350257830510477e-15,635.6,4.6,29.3
0.297,0.302,U10,U10,6.0,6.0,SSPG,SSPG,0.952,0.952,0.125,0.4159034135547517,0.24103358510813863,0.1464510152150813,1.013810085399017e-14,12.912599773068616,0.28454938584817824,4.675128915255238e-16,03d6a6f0,-9.350257830510477e-15,635.6,4.6,29.3
0.297,0.302,U10,U10,6.0,6.0,SSPG,SSPG,0.952,0.952,0.125,0.412933936504877,0.20077865199770487,0.3042873846555636,6.009010431330239e-16,13.048488375356314,0.287109151425969,3.8170639687542397e-17,6e247212,-7.634127937508479e-16,639.7,5.4,27.9
0.297,0.302,U10,U10,6.0,6.0,SSPG,SSPG,0.952,0.952,0.125,0.412933936504877,0.20077865199770487,0.3042873846555636,6.380363324659473e-16,13.048488375356314,0.287109151425969,3.8170639687542397e-17,6e247212,-7.634127937508479e-16,639.7,5.4,27.9
0.297,0.302,U10,U10,6.0,6.0,SSPG,SSPG,0.952,0.952,0.125,0.412933936504877,0.20077865199770487,0.3042873846555636,6.909377839137977e-16,13.048488375356314,0.287109151425969,3.8170639687542397e-17,6e247212,-7.634127937508479e-16,639.7,5.4,27.9
0.297,0.302,U10,U10,6.0,6.0,SSPG,SSPG,0.952,0.952,0.125,0.412933936504877,0.20077865199770487,0.3042873846555636,6.877913964421038e-16,13.048488375356314,0.287109151425969,3.8170639687542397e-17,6e247212,-7.634127937508479e-16,639.7,5.4,27.9
0.297,0.302,U10,U10,6.0,6.0,SSPG,SSPG,0.952,0.952,0.125,0.412933936504877,0.20077865199770487,0.3042873846555636,7.000221538744844e-16,13.048488375356314,0.287109151425969,3.8170639687542397e-17,6e247212,-7.634127937508479e-16,639.7,5.4,27.9
0.297,0.302,U10,U10,6.0,6.0,SSPG,SSPG,0.952,0.952,0.125,0.4215230368439684,0.20013202187467174,0.4328957599530914,7.034030766529545e-15,12.957188920689216,0.28346421057560645,4.473530628687197e-16,4f5b8040,-8.947061257374394e-15,711.7,5.8,30.5
0.297,0.302,U10,U10,6.0,6.0,SSPG,SSPG,0.952,0.952,0.125,0.4215230368439684,0.20013202187467174,0.4328957599530914,7.256302656827762e-15,12.957188920689216,0.28346421057560645,4.473530628687197e-16,4f5b8040,-8.947061257374394e-15,711.7,5.8,30.5
0.297,0.302,U10,U10,6.0,6.0,SSPG,SSPG,0.952,0.952,0.125,0.4215230368439684,0.20013202187467174,0.4328957599530914,6.756356327021765e-15,12.957188920689216,0.28346421057560645,4.473530628687197e-16,4f5b8040,-8.947061257374394e-15,711.7,5.8,30.5
0.297,0.302,U10,U10,6.0,6.0,SSPG,SSPG,0.952,0.952,0.125,0.4215230368439684,0.20013202187467174,0.4328957599530914,9.332259391534437e-15,12.957188920689216,0.28346421057560645,4.473530628687197e-16,4f5b8040,-8.947061257374394e-15,711.7,5.8,30.5
0.297,0.302,U10,U10,6.0,6.0,SSPG,SSPG,0.952,0.952,0.125,0.4215230368439684,0.20013202187467174,0.4328957599530914,9.018975601209954e-15,12.957188920689216,0.28346421057560645,4.473530628687197e-16,4f5b8040,-8.947061257374394e-15,711.7,5.8,30.5
0.297,0.302,U10,U10,6.0,6.0,SSPG,SSPG,0.952,0.952,0.125,0.42705911503743854,0.22652697414205183,0.034145370487103754,1.4021601152168477e-15,12.57812370106611,0.2771093750446587,9.70388949595583e-17,41ed6e54,-1.9407778991911663e-15,584.1,5.2,34.0
0.297,0.302,U10,U10,6.0,6.0,SSPG,SSPG,0.952,0.952,0.125,0.42705911503743854,0.22652697414205183,0.034145370487103754,1.7607997598299606e-15,12.57812370106611,0.2771093750446587,9.70388949595583e-17,41ed6e54,-1.9407778991911663e-15,584.1,5.2,34.0
0.297,0.302,U10,U10,6.0,6.0,SSPG,SSPG,0.952,0.952,0.125,0.42705911503743854,0.22652697414205183,0.034145370487103754,1.80477310241911e-15,12.57812370106611,0.2771093750446587,9.70388949595583e-17,41ed6e54,-1.9407778991911663e-15,584.1,5.2,34.0
0.297,0.302,U10,U10,6.0,6.0,SSPG,SSPG,0.952,0.952,0.125,0.42705911503743854,0.22652697414205183,0.034145370487103754,1.3345004452080725e-15,12.57812370106611,0.2771093750446587,9.70388949595583e-17,41ed6e54,-1.9407778991911663e-15,584.1,5.2,34.0
0.297,0.302,U10,U10,6.0,6.0,SSPG,SSPG,0.952,0.952,0.125,0.42705911503743854,0.22652697414205183,0.034145370487103754,2.0352871844484877e-15,12.57812370106611,0.2771093750446587,9.70388949595583e-17,41ed6e54,-1.9407778991911663e-15,584.1,5.2,34.0
0.297,0.302,U10,U10,6.0,6.0,SSPG,SSPG,0.952,0.952,0.125,0.4084010828101126,0.21431861965040663,0.3635244310371304,1.1795525284555666,12.65605535733027,0.2770235345876372,0.09128017439390443,bee0af22,-1.8256034878780887,500.6,4.9,36.1
0.297,0.302,U10,U10,6.0,6.0,SSPG,SSPG,0.952,0.952,0.125,0.4084010828101126,0.21431861965040663,0.3635244310371304,1.435953524394277,12.65605535733027,0.2770235345876372,0.09128017439390443,bee0af22,-1.8256034878780887,500.6,4.9,36.1
0.297,0.302,U10,U10,6.0,6.0,SSPG,SSPG,0.952,0.952,0.125,0.4084010828101126,0.21431861965040663,0.3635244310371304,1.570765452311903,12.65605535733027,0.2770235345876372,0.09128017439390443,bee0af22,-1.8256034878780887,500.6,4.9,36.1
0.297,0.302,U10,U10,6.0,6.0,SSPG,SSPG,0.952,0.952,0.125,0.4084010828101126,0.21431861965040663,0.3635244310371304,1.7359734862636806,12.65605535733027,0.2770235345876372,0.09128017439390443,bee0af22,-1.8256034878780887,500.6,4.9,36.1
0.297,0.302,U10,U10,6.0,6.0,SSPG,SSPG,0.952,0.952,0.125,0.4084010828101126,0.21431861965040663,0.3635244310371304,1.7926609226107297,12.65605535733027,0.2770235345876372,0.09128017439390443,bee0af22,-1.8256034878780887,500.6,4.9,36.1
0.297,0.302,U10,U10,6.0,6.0,SSPG,SSPG,0.952,0.952,0.125,0.39938502781096763,0.20336676907666987,0.1878174058532478,7.931491231500751e-15,13.553261260717045,0.2975372198819892,5.282152925023731e-16,a9ab7ce8,-1.0564305850047462e-14,495.6,4.2,28.1
0.297,0.302,U10,U10,6.0,6.0,SSPG,SSPG,0.952,0.952,0.125,0.39938502781096763,0.20336676907666987,0.1878174058532478,8.992809448674815e-15,13.553261260717045,0.2975372198819892,5.282152925023731e-16,a9ab7ce8,-1.0564305850047462e-14,495.6,4.2,28.1
0.297,0.302,U10,U10,6.0,6.0,SSPG,SSPG,0.952,0.952,0.125,0.39938502781096763,0.20336676907666987,0.1878174058532478,1.0124369432631444e-14,13.553261260717045,0.2975372198819892,5.282152925023731e-16,a9ab7ce8,-1.0564305850047462e-14,495.6,4.2,28.1
0.297,0.302,U10,U10,6.0,6.0,SSPG,SSPG,0.952,0.952,0.125,0.39938502781096763,0.20336676907666987,0.1878174058532478,7.534802027662943e-15,13.553261260717045,0.2975372198819892,5.282152925023731e-16,a9ab7ce8,-1.0564305850047462e-14,495.6,4.2,28.1
0.297,0.302,U10,U10,6.0,6.0,SSPG,SSPG,0.952,0.952,0.125,0.39938502781096763,0.20336676907666987,0.1878174058532478,6.896054764540335e-15,13.553261260717045,0.2975372198819892,5.282152925023731e-16,a9ab7ce8,-1.0564305850047462e-14,495.6,4.2,28.1
0.297,0.302,U10,U10,6.0,6.0,SSPG,SSPG,0.952,0.952,0.125,0.39762702074062084,0.25284392971855474,-0.01503933083688258,5.28249947127823e-15,13.484665329113993,0.29699402353051657,3.485252371281036e-16,9594d23e,-6.970504742562072e-15,624.4,4.8,32.9
0.297,0.302,U10,U10,6.0,6.0,SSPG,SSPG,0.952,0.952,0.125,0.39762702074062084,0.25284392971855474,-0.01503933083688258,6.204303633007178e-15,13.484665329113993,0.29699402353051657,3.485252371281036e-16,9594d23e,-6.970504742562072e-15,624.4,4.8,32.9
0.297,0.302,U10,U10,6.0,6.0,SSPG,SSPG,0.952,0.952,0.125,0.39762702074062084,0.25284392971855474,-0.01503933083688258,4.9852361497369074e-15,13.484665329113993,0.29699402353051657,3.485252371281036e-16,9594d23e,-6.970504742562072e-15,624.4,4.8,32.9
0.297,0.302,U10,U10,6.0,6.0,SSPG,SSPG,0.952,0.952,0.125,0.39762702074062084,0.25284392971855474,-0.01503933083688258,4.375281109420439e-15,13.484665329113993,0.29699402353051657,3.485252371281036e-16,9594d23e,-6.970504742562072e-15,624.4,4.8,32.9
0.297,0.302,U10,U10,6.0,6.0,SSPG,SSPG,0.952,0.952,0.125,0.39762702074062084,0.25284392971855474,-0.01503933083688258,6.891480276199101e-15,13.484665329113993,0.29699402353051657,3.485252371281036e-16,9594d23e,-6.970504742562072e-15,624.4,4.8,32.9
0.297,0.302,U10,U10,6.0,6.0,SSPG,SSPG,0.952,0.952,0.125,0.4180407452372087,0.3135578576778896,0.5987845427777407,4.818528226808897,5.94108319565368,0.01357864482901354,0.1384956483494567,28a8dfe1,-2.7699129669891343,416.6,4.4,35.6
0.297,0.302,U10,U10,6.0,6.0,SSPG,SSPG,0.952,0.952,0.125,0.4180407452372087,0.3135578576778896,0.5987845427777407,4.136028906667424,5.94108319565368,0.01357864482901354,0.1384956483494567,28a8dfe1,-2.7699129669891343,416.6,4.4,35.6
0.297,0.302,U10,U10,6.0,6.0,SSPG,SSPG,0.952,0.952,0.125,0.4180407452372087,0.3135578576778896,0.5987845427777407,4.5520237270375805,5.94108319565368,0.01357864482901354,0.1384956483494567,28a8dfe1,-2.7699129669891343,416.6,4.4,35.6
0.297,0.302,U10,U10,6.0,6.0,SSPG,SSPG,0.952,0.952,0.125,0.4180407452372087,0.3135578576778896,0.5987845427777407,3.6515998457038306,5.94108319565368,0.01357864482901354,0.1384956483494567,28a8dfe1,-2.7699129669891343,416.6,4.4,35.6
0.297,0.302,U10,U10,6.0,6.0,SSPG,SSPG,0.952,0.952,0.125,0.4180407452372087,0.3135578576778896,0.5987845427777407,4.6115051033986925,5.94108319565368,0.01357864482901354,0.1384956483494567,28a8dfe1,-2.7699129669891343,416.6,4.4,35.6
0.297,0.302,U10,U10,6.0,6.0,SSPG,SSPG,0.952,0.952,0.125,0.44496740771307297,0.33799296909739845,0.6676559078961768,5.469290789706621,12.413293624871049,0.04157231838532818,0.24444158383770556,8ae4aad3,-4.888831676754111,548.1,5.1,36.7
0.297,0.302,U10,U10,6.0,6.0,SSPG,SSPG,0.952,0.952,0.125,0.44496740771307297,0.33799296909739845,0.6676559078961768,3.733711754201896,12.413293624871049,0.04157231838532818,0.24444158383770556,8ae4aad3,-4.888831676754111,548.1,5.1,36.7
0.297,0.302,U10,U10,6.0,6.0,SSPG,SSPG,0.952,0.952,0.125,0.44496740771307297,0.33799296909739845,0.6676559078961768,3.6068146531372096,12.413293624871049,0.04157231838532818,0.24444158383770556,8ae4aad3,-4.888831676754111,548.1,5.1,36.7
0.297,0.302,U10,U10,6.0,6.0,SSPG,SSPG,0.952,0.952,0.125,0.44496740771307297,0.33799296909739845,0.6676559078961768,5.9580908353536675,12.413293624871049,0.04157231838532818,0.24444158383770556,8ae4aad3,-4.888831676754111,548.1,5.1,36.7
0.297,0.302,U10,U10,6.0,6.0,SSPG,SSPG,0.952,0.952,0.125,0.44496740771307297,0.33799296909739845,0.6676559078961768,6.755858386368017,12.413293624871049,0.04157231838532818,0.24444158383770556,8ae4aad3,-4.888831676754111,548.1,5.1,36.7
0.297,0.302,U10,U10,6.0,6.0,SSPG,SSPG,0.952,0.952,0.125,0.44259956432172487,0.23292312987101763,0.04482355006968386,7.594414547620373e-16,12.408953913924206,0.2697649007330361,4.840934465020264e-17,7414a849,-9.681868930040528e-16,636.7,5.3,30.5
0.297,0.302,U10,U10,6.0,6.0,SSPG,SSPG,0.952,0.952,0.125,0.44259956432172487,0.23292312987101763,0.04482355006968386,6.533288754652717e-16,12.408953913924206,0.2697649007330361,4.840934465020264e-17,7414a849,-9.681868930040528e-16,636.7,5.3,30.5
0.297,0.302,U10,U10,6.0,6.0,SSPG,SSPG,0.952,0.952,0.125,0.44259956432172487,0.23292312987101763,0.04482355006968386,8.210578778532665e-16,12.408953913924206,0.2697649007330361,4.840934465020264e-17,7414a849,-9.681868930040528e-16,636.7,5.3,30.5
0.297,0.302,U10,U10,6.0,6.0,SSPG,SSPG,0.952,0.952,0.125,0.44259956432172487,0.23292312987101763,0.04482355006968386,1.0353868758603779e-15,12.408953913924206,0.2697649007330361,4.840934465020264e-17,7414a849,-9.681868930040528e-16,636.7,5.3,30.5
0.297,0.302,U10,U10,6.0,6.0,SSPG,SSPG,0.952,0.952,0.125,0.44259956432172487,0.23292312987101763,0.04482355006968386,8.499634045826382e-16,12.408953913924206,0.2697649007330361,4.840934465020264e-17,7414a849,-9.681868930040528e-16,636.7,5.3,30.5
0.297,0.302,U10,U10,6.0,6.0,SSPG,SSPG,0.952,0.952,0.125,0.3980205329380867,0.2250105836016711,0.015442717050647925,7.44847776881854e-15,13.548657666505832,0.29770156694926125,5.899391924861715e-16,b26c29c4,-1.1798783849723429e-14,626.5,4.5,31.7
0.297,0.302,U10,U10,6.0,6.0,SSPG,SSPG,0.952,0.952,0.125,0.3980205329380867,0.2250105836016711,0.015442717050647925,7.540130529438262e-15,13.548657666505832,0.29770156694926125,5.899391924861715e-16,b26c29c4,-1.1798783849723429e-14,626.5,4.5,31.7
0.297,0.302,U10,U10,6.0,6.0,SSPG,SSPG,0.952,0.952,0.125,0.3980205329380867,0.2250105836016711,0.015442717050647925,1.0351816368731489e-14,13.548657666505832,0.29770156694926125,5.899391924861715e-16,b26c29c4,-1.1798783849723429e-14,626.5,4.5,31.7
0.297,0.302,U10,U10,6.0,6.0,SSPG,SSPG,0.952,0.952,0.125,0.3980205329380867,0.2250105836016711,0.015442717050647925,1.0496643694726273e-14,13.548657666505832,0.29770156694926125,5.899391924861715e-16,b26c29c4,-1.1798783849723429e-14,626.5,4.5,31.7
0.297,0.302,U10,U10,6.0,6.0,SSPG,SSPG,0.952,0.952,0.125,0.3980205329380867,0.2250105836016711,0.015442717050647925,1.0733133140456928e-14,13.548657666505832,0.29770156694926125,5.899391924861715e-16,b26c29c4,-1.1798783849723429e-14,626.5,4.5,31.7
0.297,0.302,U10,U10,6.0,6.0,SSPG,SSPG,0.952,0.952,0.125,0.401239417857551,0.2000091194199765,0.7083698366572921,4.258014766967625,10.9979037884708,0.21324865206789173,0.32603329002511205,1de526bb,-6.5206658005022415,495.9,4.7,36.2
0.297,0.302,U10,U10,6.0,6.0,SSPG,SSPG,0.952,0.952,0.125,0.401239417857551,0.2000091194199765,0.7083698366572921,3.9920092612441436,10.9979037884708,0.21324865206789173,0.32603329002511205,1de526bb,-6.5206658005022415,495.9,4.7,36.2
0.297,0.302,U10,U10,6.0,6.0,SSPG,SSPG,0.952,0.952,0.125,0.401239417857551,0.2000091194199765,0.7083698366572921,5.200977957788777,10.9979037884708,0.21324865206789173,0.32603329002511205,1de526bb,-6.5206658005022415,495.9,4.7,36.2
0.297,0.302,U10,U10,6.0,6.0,SSPG,SSPG,0.952,0.952,0.125,0.401239417857551,0.2000091194199765,0.7083698366572921,5.741648713667554,10.9979037884708,0.21324865206789173,0.32603329002511205,1de526bb,-6.5206658005022415,495.9,4.7,36.2
0.297,0.302,U10,U10,6.0,6.0,SSPG,SSPG,0.952,0.952,0.125,0.401239417857551,0.2000091194199765,0.7083698366572921,6.296946725019053,10.9979037884708,0.21324865206789173,0.32603329002511205,1de526bb,-6.5206658005022415,495.9,4.7,36.2
0.297,0.302,U10,U10,6.0,6.0,SSPG,SSPG,0.952,0.952,0.125,0.43397959353846166,0.22783432619218066,0.4929439423557809,0.833015786508159,11.903577447667983,0.26294768550655556,0.05354330324260405,b0e5f609,-1.070866064852081,549.2,4.6,31.1
0.297,0.302,U10,U10,6.0,6.0,SSPG,SSPG,0.952,0.952,0.125,0.43397959353846166,0.22783432619218066,0.4929439423557809,0.7675270882359658,11.903577447667983,0.26294768550655556,0.05354330324260405,b0e5f609,-1.070866064852081,549.2,4.6,31.1
0.297,0.302,U10,U10,6.0,6.0,SSPG,SSPG,0.952,0.952,0.125,0.43397959353846166,0.22783432619218066,0.4929439423557809,0.6855865205915918,11.903577447667983,0.26294768550655556,0.05354330324260405,b0e5f609,-1.070866064852081,549.2,4.6,31.1
0.297,0.302,U10,U10,6.0,6.0,SSPG,SSPG,0.952,0.952,0.125,0.43397959353846166,0.22783432619218066,0.4929439423557809,0.8729263570957524,11.903577447667983,0.26294768550655556,0.05354330324260405,b0e5f609,-1.070866064852081,549.2,4.6,31.1
0.297,0.302,U10,U10,6.0,6.0,SSPG,SSPG,0.952,0.952,0.125,0.43397959353846166,0.22783432619218066,0.4929439423557809,0.887280442515091,11.903577447667983,0.26294768550655556,0.05354330324260405,b0e5f609,-1.070866064852081,549.2,4.6,31.1
0.297,0.302,U10,U10,6.0,6.0,SSPG,SSPG,0.952,0.952,0.125,0.39939122259491383,0.2884501569818584,0.22523503778156195,4.185958721375593,11.663444293403614,0.19444346378047464,0.38977393259810433,a5f2de1d,-7.795478651962087,529.6,5.0,32.3
0.297,0.302,U10,U10,6.0,6.0,SSPG,SSPG,0.952,0.952,0.125,0.39939122259491383,0.2884501569818584,0.22523503778156195,5.123077438859705,11.663444293403614,0.19444346378047464,0.38977393259810433,a5f2de1d,-7.795478651962087,529.6,5.0,32.3
0.297,0.302,U10,U10,6.0,6.0,SSPG,SSPG,0.952,0.952,0.125,0.39939122259491383,0.2884501569818584,0.22523503778156195,5.479957914222082,11.663444293403614,0.19444346378047464,0.38977393259810433,a5f2de1d,-7.795478651962087,529.6,5.0,32.3
0.297,0.302,U10,U10,6.0,6.0,SSPG,SSPG,0.952,0.952,0.125,0.39939122259491383,0.2884501569818584,0.22523503778156195,5.8793946817135785,11.663444293403614,0.19444346378047464,0.38977393259810433,a5f2de1d,-7.795478651962087,529.6,5.0,32.3
0.297,0.302,U10,U10,6.0,6.0,SSPG,SSPG,0.952,0.952,0.125,0.39939122259491383,0.2884501569818584,0.22523503778156195,7.878928376685395,11.663444293403614,0.19444346378047464,0.38977393259810433,a5f2de1d,-7.795478651962087,529.6,5.0,32.3
0.297,0.302,U10,U10,6.0,6.0,SSPG,SSPG,0.952,0.952,0.125,0.3791070865477239,0.24738102489013608,0.4232621390082678,5.004327634929954,12.52633798521184,0.2356652501825324,0.36000986279984937,61e45ca5,-7.200197255996987,556.6,4.9,30.7
0.297,0.302,U10,U10,6.0,6.0,SSPG,SSPG,0.952,0.952,0.125,0.3791070865477239,0.24738102489013608,0.4232621390082678,4.536918444881692,12.52633798521184,0.2356652501825324,0.36000986279984937,61e45ca5,-7.200197255996987,556.6,4.9,30.7
0.297,0.302,U10,U10,6.0,6.0,SSPG,SSPG,0.952,0.952,0.125,0.3791070865477239,0.24738102489013608,0.4232621390082678,3.988185411025576,12.52633798521184,0.2356652501825324,0.36000986279984937,61e45ca5,-7.200197255996987,556.6,4.9,30.7
0.297,0.302,U10,U10,6.0,6.0,SSPG,SSPG,0.952,0.952,0.125,0.3791070865477239,0.24738102489013608,0.4232621390082678,4.912472249505853,12.52633798521184,0.2356652501825324,0.36000986279984937,61e45ca5,-7.200197255996987,556.6,4.9,30.7
0.297,0.302,U10,U10,6.0,6.0,SSPG,SSPG,0.952,0.952,0.125,0.3791070865477239,0.24738102489013608,0.4232621390082678,7.260339110775464,12.52633798521184,0.2356652501825324,0.36000986279984937,61e45ca5,-7.200197255996987,556.6,4.9,30.7
0.297,0.302,U10,U10,6.0,6.0,SSPG,SSPG,0.952,0.952,0.125,0.3874297536535743,0.2800825563381972,0.4301146539659011,6.705222921014287,18.131339110647357,0.057418760881069196,0.32834187032660517,fda763eb,-6.566837406532104,462.7,5.8,31.6
0.297,0.302,U10,U10,6.0,6.0,SSPG,SSPG,0.952,0.952,0.125,0.3874297536535743,0.2800825563381972,0.4301146539659011,5.922961813224901,18.131339110647357,0.057418760881069196,0.32834187032660517,fda763eb,-6.566837406532104,462.7,5.8,31.6
0.297,0.302,U10,U10,6.0,6.0,SSPG,SSPG,0.952,0.952,0.125,0.3874297536535743,0.2800825563381972,0.4301146539659011,5.839257905914713,18.131339110647357,0.057418760881069196,0.32834187032660517,fda763eb,-6.566837406532104,462.7,5.8,31.6
0.297,0.302,U10,U10,6.0,6.0,SSPG,SSPG,0.952,0.952,0.125,0.3874297536535743,0.2800825563381972,0.4301146539659011,7.36062523091177,18.131339110647357,0.057418760881069196,0.32834187032660517,fda763eb,-6.566837406532104,462.7,5.8,31.6
0.297,0.302,U10,U10,6.0,6.0,SSPG,SSPG,0.952,0.952,0.125,0.3874297536535743,0.2800825563381972,0.4301146539659011,5.498808615274873,18.131339110647357,0.057418760881069196,0.32834187032660517,fda763eb,-6.566837406532104,462.7,5.8,31.6
0.297,0.302,U10,U10,6.0,6.0,SSPG,SSPG,0.952,0.952,0.125,0.402946244447031,0.25992481136112744,0.5734419968277975,7.921931704851151,16.902360903771626,0.13668827846377105,0.4626382549706626,7fff96d5,-9.252765099413251,471.8,5.1,32.9
0.297,0.302,U10,U10,6.0,6.0,SSPG,SSPG,0.952,0.952,0.125,0.402946244447031,0.25992481136112744,0.5734419968277975,9.689872829025342,16.902360903771626,0.13668827846377105,0.4626382549706626,7fff96d5,-9.252765099413251,471.8,5.1,32.9
0.297,0.302,U10,U10,6.0,6.0,SSPG,SSPG,0.952,0.952,0.125,0.402946244447031,0.25992481136112744,0.5734419968277975,6.86730210033327,16.902360903771626,0.13668827846377105,0.4626382549706626,7fff96d5,-9.252765099413251,471.8,5.1,32.9
0.297,0.302,U10,U10,6.0,6.0,SSPG,SSPG,0.952,0.952,0.125,0.402946244447031,0.25992481136112744,0.5734419968277975,7.633508457387933,16.902360903771626,0.13668827846377105,0.4626382549706626,7fff96d5,-9.252765099413251,471.8,5.1,32.9
0.297,0.302,U10,U10,6.0,6.0,SSPG,SSPG,0.952,0.952,0.125,0.402946244447031,0.25992481136112744,0.5734419968277975,7.809419391795834,16.902360903771626,0.13668827846377105,0.4626382549706626,7fff96d5,-9.252765099413251,471.8,5.1,32.9
0.297,0.302,U10,U10,6.0,6.0,SSPG,SSPG,0.952,0.952,0.125,0.3898746329952306,0.27067652800368647,0.5609497109005592,6.795348841089957,19.55154883520232,0.10685722678685476,0.41429829953809777,13ec3a3a,-8.285965990761955,487.0,4.8,29.0
0.297,0.302,U10,U10,6.0,6.0,SSPG,SSPG,0.952,0.952,0.125,0.3898746329952306,0.27067652800368647,0.5609497109005592,6.9001525407444655,19.55154883520232,0.10685722678685476,0.41429829953809777,13ec3a3a,-8.285965990761955,487.0,4.8,29.0
0.297,0.302,U10,U10,6.0,6.0,SSPG,SSPG,0.952,0.952,0.125,0.3898746329952306,0.27067652800368647,0.5609497109005592,6.7075301851491185,19.55154883520232,0.10685722678685476,0.41429829953809777,13ec3a3a,-8.285965990761955,487.0,4.8,29.0
0.297,0.302,U10,U10,6.0,6.0,SSPG,SSPG,0.952,0.952,0.125,0.3898746329952306,0.27067652800368647,0.5609497109005592,8.201307414318679,19.55154883520232,0.10685722678685476,0.41429829953809777,13ec3a3a,-8.285965990761955,487.0,4.8,29.0
0.297,0.302,U10,U10,6.0,6.0,SSPG,SSPG,0.952,0.952,0.125,0.3898746329952306,0.27067652800368647,0.5609497109005592,6.562606982011359,19.55154883520232,0.10685722678685476,0.41429829953809777,13ec3a3a,-8.285965990761955,487.0,4.8,29.0
0.297,0.302,U10,U10,6.0,6.0,SSPG,SSPG,0.952,0.952,0.125,0.3897829623439989,0.20204962757614353,0.5731105486639048,5.037167268814292,11.168665183459499,0.19994635051353005,0.3717013491474074,8d5f9497,-7.434026982948147,437.3,4.6,32.6
0.297,0.302,U10,U10,6.0,6.0,SSPG,SSPG,0.952,0.952,0.125,0.3897829623439989,0.20204962757614353,0.5731105486639048,6.382450650655703,11.168665183459499,0.19994635051353005,0.3717013491474074,8d5f9497,-7.434026982948147,437.3,4.6,32.6
0.297,0.302,U10,U10,6.0,6.0,SSPG,SSPG,0.952,0.952,0.125,0.3897829623439989,0.20204962757614353,0.5731105486639048,4.7979849924426725,11.168665183459499,0.19994635051353005,0.3717013491474074,8d5f9497,-7.434026982948147,437.3,4.6,32.6
0.297,0.302,U10,U10,6.0,6.0,SSPG,SSPG,0.952,0.952,0.125,0.3897829623439989,0.20204962757614353,0.5731105486639048,7.396858435227037,11.168665183459499,0.19994635051353005,0.3717013491474074,8d5f9497,-7.434026982948147,437.3,4.6,32.6
0.297,0.302,U10,U10,6.0,6.0,SSPG,SSPG,0.952,0.952,0.125,0.3897829623439989,0.20204962757614353,0.5731105486639048,6.773348751729659,11.168665183459499,0.19994635051353005,0.3717013491474074,8d5f9497,-7.434026982948147,437.3,4.6,32.6
0.297,0.302,U10,U10,6.0,6.0,SSPG,SSPG,0.952,0.952,0.125,0.38274740869714236,0.23116279504699846,0.35007837541252784,4.4872172661902,12.33515921688465,0.23124261566858967,0.3568694620971989,1cda6e4a,-7.1373892419439775,459.8,4.8,29.3
0.297,0.302,U10,U10,6.0,6.0,SSPG,SSPG,0.952,0.952,0.125,0.38274740869714236,0.23116279504699846,0.35007837541252784,5.550393477970505,12.33515921688465,0.23124261566858967,0.3568694620971989,1cda6e4a,-7.1373892419439775,459.8,4.8,29.3
0.297,0.302,U10,U10,6.0,6.0,SSPG,SSPG,0.952,0.952,0.125,0.38274740869714236,0.23116279504699846,0.35007837541252784,4.716351403897462,12.33515921688465,0.23124261566858967,0.3568694620971989,1cda6e4a,-7.1373892419439775,459.8,4.8,29.3
0.297,0.302,U10,U10,6.0,6.0,SSPG,SSPG,0.952,0.952,0.125,0.38274740869714236,0.23116279504699846,0.35007837541252784,6.877278401963407,12.33515921688465,0.23124261566858967,0.3568694620971989,1cda6e4a,-7.1373892419439775,459.8,4.8,29.3
0.297,0.302,U10,U10,6.0,6.0,SSPG,SSPG,0.952,0.952,0.125,0.38274740869714236,0.23116279504699846,0.35007837541252784,6.815991568241606,12.33515921688465,0.23124261566858967,0.3568694620971989,1cda6e4a,-7.1373892419439775,459.8,4.8,29.3
0.297,0.302,U10,U10,6.0,6.0,SSPG,SSPG,0.952,0.952,0.125,0.37730279945727774,0.2004068030070726,0.4934946269093272,3.043075448589338,12.563452720549673,0.2612255885630506,0.2722658620752752,c0f1ef4b,-5.445317241505504,484.5,5.3,34.4
0.297,0.302,U10,U10,6.0,6.0,SSPG,SSPG,0.952,0.952,0.125,0.37730279945727774,0.2004068030070726,0.4934946269093272,2.8842327114260837,12.563452720549673,0.2612255885630506,0.2722658620752752,c0f1ef4b,-5.445317241505504,484.5,5.3,34.4
0.297,0.302,U10,U10,6.0,6.0,SSPG,SSPG,0.952,0.952,0.125,0.37730279945727774,0.2004068030070726,0.4934946269093272,4.410718112549198,12.563452720549673,0.2612255885630506,0.2722658620752752,c0f1ef4b,-5.445317241505504,484.5,5.3,34.4
0.297,0.302,U10,U10,6.0,6.0,SSPG,SSPG,0.952,0.952,0.125,0.37730279945727774,0.2004068030070726,0.4934946269093272,4.2711226595670215,12.563452720549673,0.2612255885630506,0.2722658620752752,c0f1ef4b,-5.445317241505504,484.5,5.3,34.4
0.297,0.302,U10,U10,6.0,6.0,SSPG,SSPG,0.952,0.952,0.125,0.37730279945727774,0.2004068030070726,0.4934946269093272,5.407316642276705,12.563452720549673,0.2612255885630506,0.2722658620752752,c0f1ef4b,-5.445317241505504,484.5,5.3,34.4
0.297,0.302,U10,U10,6.0,6.0,SSPG,SSPG,0.952,0.952,0.125,0.41158929650189535,0.20998598970824406,0.2945440329631097,0.024921271451529958,13.067437507800086,0.2878181085933278,0.0017086351555590904,96838399,-0.034172703111181806,492.2,4.5,27.8
0.297,0.302,U10,U10,6.0,6.0,SSPG,SSPG,0.952,0.952,0.125,0.41158929650189535,0.20998598970824406,0.2945440329631097,0.03491255592607877,13.067437507800086,0.2878181085933278,0.0017086351555590904,96838399,-0.034172703111181806,492.2,4.5,27.8
0.297,0.302,U10,U10,6.0,6.0,SSPG,SSPG,0.952,0.952,0.125,0.41158929650189535,0.20998598970824406,0.2945440329631097,0.014142681753242086,13.067437507800086,0.2878181085933278,0.0017086351555590904,96838399,-0.034172703111181806,492.2,4.5,27.8
0.297,0.302,U10,U10,6.0,6.0,SSPG,SSPG,0.952,0.952,0.125,0.41158929650189535,0.20998598970824406,0.2945440329631097,0.03807713293857487,13.067437507800086,0.2878181085933278,0.0017086351555590904,96838399,-0.034172703111181806,492.2,4.5,27.8
0.297,0.302,U10,U10,6.0,6.0,SSPG,SSPG,0.952,0.952,0.125,0.41158929650189535,0.20998598970824406,0.2945440329631097,0.037772283073325856,13.067437507800086,0.2878181085933278,0.0017086351555590904,96838399,-0.034172703111181806,492.2,4.5,27.8
0.297,0.302,U10,U10,6.0,6.0,SSPG,SSPG,0.952,0.952,0.125,0.3593061485709059,0.22960868858033462,0.3919594687975563,5.666307082037461,15.964710636915555,0.26558625109082395,0.45414847981010703,e55da2ce,-9.08296959620214,527.9,6.1,30.8
0.297,0.302,U10,U10,6.0,6.0,SSPG,SSPG,0.952,0.952,0.125,0.3593061485709059,0.22960868858033462,0.3919594687975563,4.026347431607424,15.964710636915555,0.26558625109082395,0.45414847981010703,e55da2ce,-9.08296959620214,527.9,6.1,30.8
0.297,0.302,U10,U10,6.0,6.0,SSPG,SSPG,0.952,0.952,0.125,0.3593061485709059,0.22960868858033462,0.3919594687975563,8.292210250404638,15.964710636915555,0.26558625109082395,0.45414847981010703,e55da2ce,-9.08296959620214,527.9,6.1,30.8
0.297,0.302,U10,U10,6.0,6.0,SSPG,SSPG,0.952,0.952,0.125,0.3593061485709059,0.22960868858033462,0.3919594687975563,8.43146594131308,15.964710636915555,0.26558625109082395,0.45414847981010703,e55da2ce,-9.08296959620214,527.9,6.1,30.8
0.297,0.302,U10,U10,6.0,6.0,SSPG,SSPG,0.952,0.952,0.125,0.3593061485709059,0.22960868858033462,0.3919594687975563,8.525925894007399,15.964710636915555,0.26558625109082395,0.45414847981010703,e55da2ce,-9.08296959620214,527.9,6.1,30.8
0.297,0.302,U10,U10,6.0,6.0,SSPG,SSPG,0.952,0.952,0.125,0.40322820294119305,0.23970809644935623,0.2725777674295602,3.460798942977548,12.280689455062213,0.2629604128620722,0.19563730978437963,5fe34779,-3.9127461956875926,483.5,6.2,28.7
0.297,0.302,U10,U10,6.0,6.0,SSPG,SSPG,0.952,0.952,0.125,0.40322820294119305,0.23970809644935623,0.2725777674295602,3.722721853633348,12.280689455062213,0.2629604128620722,0.19563730978437963,5fe34779,-3.9127461956875926,483.5,6.2,28.7
0.297,0.302,U10,U10,6.0,6.0,SSPG,SSPG,0.952,0.952,0.125,0.40322820294119305,0.23970809644935623,0.2725777674295602,3.8697009685442096,12.280689455062213,0.2629604128620722,0.19563730978437963,5fe34779,-3.9127461956875926,483.5,6.2,28.7
0.297,0.302,U10,U10,6.0,6.0,SSPG,SSPG,0.952,0.952,0.125,0.40322820294119305,0.23970809644935623,0.2725777674295602,3.829982921477839,12.280689455062213,0.2629604128620722,0.19563730978437963,5fe34779,-3.9127461956875926,483.5,6.2,28.7
0.297,0.302,U10,U10,6.0,6.0,SSPG,SSPG,0.952,0.952,0.125,0.40322820294119305,0.23970809644935623,0.2725777674295602,2.5474521235780916,12.280689455062213,0.2629604128620722,0.19563730978437963,5fe34779,-3.9127461956875926,483.5,6.2,28.7
0.297,0.302,U10,U10,6.0,6.0,SSPG,SSPG,0.952,0.952,0.125,0.3681970484470408,0.26406794576711357,0.4192831968656985,7.77839018754996,21.471048544586576,0.09092232803120218,0.45460597959162224,af0586cb,-9.092119591832445,489.1,5.0,28.4
0.297,0.302,U10,U10,6.0,6.0,SSPG,SSPG,0.952,0.952,0.125,0.3681970484470408,0.26406794576711357,0.4192831968656985,7.264855155298307,21.471048544586576,0.09092232803120218,0.45460597959162224,af0586cb,-9.092119591832445,489.1,5.0,28.4
0.297,0.302,U10,U10,6.0,6.0,SSPG,SSPG,0.952,0.952,0.125,0.3681970484470408,0.26406794576711357,0.4192831968656985,8.025065987479207,21.471048544586576,0.09092232803120218,0.45460597959162224,af0586cb,-9.092119591832445,489.1,5.0,28.4
0.297,0.302,U10,U10,6.0,6.0,SSPG,SSPG,0.952,0.952,0.125,0.3681970484470408,0.26406794576711357,0.4192831968656985,6.559818897675248,21.471048544586576,0.09092232803120218,0.45460597959162224,af0586cb,-9.092119591832445,489.1,5.0,28.4
0.297,0.302,U10,U10,6.0,6.0,SSPG,SSPG,0.952,0.952,0.125,0.3681970484470408,0.26406794576711357,0.4192831968656985,8.560569993423004,21.471048544586576,0.09092232803120218,0.45460597959162224,af0586cb,-9.092119591832445,489.1,5.0,28.4
0.297,0.302,U10,U10,6.0,6.0,SSPG,SSPG,0.952,0.952,0.125,0.3950250928990317,0.20107066422809053,0.45284335004000376,3.760929338226314,12.043884733504417,0.25310740580450314,0.24273452198613985,5d71b621,-4.854690439722797,454.6,6.3,33.9
0.297,0.302,U10,U10,6.0,6.0,SSPG,SSPG,0.952,0.952,0.125,0.3950250928990317,0.20107066422809053,0.45284335004000376,3.4254744091131144,12.043884733504417,0.25310740580450314,0.24273452198613985,5d71b621,-4.854690439722797,454.6,6.3,33.9
0.297,0.302,U10,U10,6.0,6.0,SSPG,SSPG,0.952,0.952,0.125,0.3950250928990317,0.20107066422809053,0.45284335004000376,3.7544524379528648,12.043884733504417,0.25310740580450314,0.24273452198613985,5d71b621,-4.854690439722797,454.6,6.3,33.9
0.297,0.302,U10,U10,6.0,6.0,SSPG,SSPG,0.952,0.952,0.125,0.3950250928990317,0.20107066422809053,0.45284335004000376,2.8505418466869403,12.043884733504417,0.25310740580450314,0.24273452198613985,5d71b621,-4.854690439722797,454.6,6.3,33.9
0.297,0.302,U10,U10,6.0,6.0,SSPG,SSPG,0.952,0.952,0.125,0.3950250928990317,0.20107066422809053,0.45284335004000376,4.783888546156848,12.043884733504417,0.25310740580450314,0.24273452198613985,5d71b621,-4.854690439722797,454.6,6.3,33.9
0.297,0.302,U10,U10,6.0,6.0,SSPG,SSPG,0.952,0.952,0.125,0.36940773807417215,0.2116462611074254,0.5208230196224939,1.6584266427623189,14.29905362454029,0.3103028458776891,0.11114211753863684,3622d930,-2.222842350772737,555.7,5.8,28.3
0.297,0.302,U10,U10,6.0,6.0,SSPG,SSPG,0.952,0.952,0.125,0.36940773807417215,0.2116462611074254,0.5208230196224939,1.6477227290299337,14.29905362454029,0.3103028458776891,0.11114211753863684,3622d930,-2.222842350772737,555.7,5.8,28.3
0.297,0.302,U10,U10,6.0,6.0,SSPG,SSPG,0.952,0.952,0.125,0.36940773807417215,0.2116462611074254,0.5208230196224939,1.773261419102553,14.29905362454029,0.3103028458776891,0.11114211753863684,3622d930,-2.222842350772737,555.7,5.8,28.3
0.297,0.302,U10,U10,6.0,6.0,SSPG,SSPG,0.952,0.952,0.125,0.36940773807417215,0.2116462611074254,0.5208230196224939,1.5460307444565577,14.29905362454029,0.3103028458776891,0.11114211753863684,3622d930,-2.222842350772737,555.7,5.8,28.3
0.297,0.302,U10,U10,6.0,6.0,SSPG,SSPG,0.952,0.952,0.125,0.36940773807417215,0.2116462611074254,0.5208230196224939,1.431030250313963,14.29905362454029,0.3103028458776891,0.11114211753863684,3622d930,-2.222842350772737,555.7,5.8,28.3
0.297,0.302,U10,U10,6.0,6.0,SSPG,SSPG,0.952,0.952,0.125,0.3665965755470123,0.22475731292225734,0.44414584298483106,4.396206054065452,13.238551970262558,0.2590840030479392,0.33480017724366257,edd53628,-6.696003544873252,526.1,5.7,29.9
0.297,0.302,U10,U10,6.0,6.0,SSPG,SSPG,0.952,0.952,0.125,0.3665965755470123,0.22475731292225734,0.44414584298483106,4.863603759308284,13.238551970262558,0.2590840030479392,0.33480017724366257,edd53628,-6.696003544873252,526.1,5.7,29.9
0.297,0.302,U10,U10,6.0,6.0,SSPG,SSPG,0.952,0.952,0.125,0.3665965755470123,0.22475731292225734,0.44414584298483106,4.0478205750492995,13.238551970262558,0.2590840030479392,0.33480017724366257,edd53628,-6.696003544873252,526.1,5.7,29.9
0.297,0.302,U10,U10,6.0,6.0,SSPG,SSPG,0.952,0.952,0.125,0.3665965755470123,0.22475731292225734,0.44414584298483106,3.790946357579856,13.238551970262558,0.2590840030479392,0.33480017724366257,edd53628,-6.696003544873252,526.1,5.7,29.9
0.297,0.302,U10,U10,6.0,6.0,SSPG,SSPG,0.952,0.952,0.125,0.3665965755470123,0.22475731292225734,0.44414584298483106,5.980230148770965,13.238551970262558,0.2590840030479392,0.33480017724366257,edd53628,-6.696003544873252,526.1,5.7,29.9
0.297,0.302,U10,U10,6.0,6.0,SSPG,SSPG,0.952,0.952,0.125,0.38761577633690836,0.2793449816194104,0.5676412986028252,2.7357733754611933,9.55049503395648,0.02145937675838708,0.1871220763379177,f8ca6604,-3.7424415267583537,413.7,5.2,27.9
0.297,0.302,U10,U10,6.0,6.0,SSPG,SSPG,0.952,0.952,0.125,0.38761577633690836,0.2793449816194104,0.5676412986028252,2.6570032407289177,9.55049503395648,0.02145937675838708,0.1871220763379177,f8ca6604,-3.7424415267583537,413.7,5.2,27.9
0.297,0.302,U10,U10,6.0,6.0,SSPG,SSPG,0.952,0.952,0.125,0.38761577633690836,0.2793449816194104,0.5676412986028252,3.5240597602832078,9.55049503395648,0.02145937675838708,0.1871220763379177,f8ca6604,-3.7424415267583537,413.7,5.2,27.9
0.297,0.302,U10,U10,6.0,6.0,SSPG,SSPG,0.952,0.952,0.125,0.38761577633690836,0.2793449816194104,0.5676412986028252,3.420915124146494,9.55049503395648,0.02145937675838708,0.1871220763379177,f8ca6604,-3.7424415267583537,413.7,5.2,27.9
0.297,0.302,U10,U10,6.0,6.0,SSPG,SSPG,0.952,0.952,0.125,0.38761577633690836,0.2793449816194104,0.5676412986028252,5.020963402333979,9.55049503395648,0.02145937675838708,0.1871220763379177,f8ca6604,-3.7424415267583537,413.7,5.2,27.9
0.297,0.302,U10,U10,6.0,6.0,SSPG,SSPG,0.952,0.952,0.125,0.3898749500418589,0.21466788116442856,0.07373754402342358,1.85435078499857e-15,13.64259611146363,0.3012382564300909,1.6131019364999134e-16,9b34b9f7,-3.226203872999827e-15,474.2,4.5,33.8
0.297,0.302,U10,U10,6.0,6.0,SSPG,SSPG,0.952,0.952,0.125,0.3898749500418589,0.21466788116442856,0.07373754402342358,2.548962987047425e-15,13.64259611146363,0.3012382564300909,1.6131019364999134e-16,9b34b9f7,-3.226203872999827e-15,474.2,4.5,33.8
0.297,0.302,U10,U10,6.0,6.0,SSPG,SSPG,0.952,0.952,0.125,0.3898749500418589,0.21466788116442856,0.07373754402342358,2.136005425275715e-15,13.64259611146363,0.3012382564300909,1.6131019364999134e-16,9b34b9f7,-3.226203872999827e-15,474.2,4.5,33.8
0.297,0.302,U10,U10,6.0,6.0,SSPG,SSPG,0.952,0.952,0.125,0.3898749500418589,0.21466788116442856,0.07373754402342358,2.1968439199523778e-15,13.64259611146363,0.3012382564300909,1.6131019364999134e-16,9b34b9f7,-3.226203872999827e-15,474.2,4.5,33.8
0.297,0.302,U10,U10,6.0,6.0,SSPG,SSPG,0.952,0.952,0.125,0.3898749500418589,0.21466788116442856,0.07373754402342358,2.4813381442955864e-15,13.64259611146363,0.3012382564300909,1.6131019364999134e-16,9b34b9f7,-3.226203872999827e-15,474.2,4.5,33.8
0.297,0.302,U10,U10,6.0,6.0,SSPG,SSPG,0.952,0.952,0.125,0.35695864584078796,0.2107362663934516,0.3846987807956497,1.0438169933387436,14.86556594425958,0.3221180304846572,0.09561531732695389,fb2d3b36,-1.9123063465390777,555.4,6.6,29.9
0.297,0.302,U10,U10,6.0,6.0,SSPG,SSPG,0.952,0.952,0.125,0.35695864584078796,0.2107362663934516,0.3846987807956497,1.4189616349550542,14.86556594425958,0.3221180304846572,0.09561531732695389,fb2d3b36,-1.9123063465390777,555.4,6.6,29.9
0.297,0.302,U10,U10,6.0,6.0,SSPG,SSPG,0.952,0.952,0.125,0.35695864584078796,0.2107362663934516,0.3846987807956497,1.0133688472383051,14.86556594425958,0.3221180304846572,0.09561531732695389,fb2d3b36,-1.9123063465390777,555.4,6.6,29.9
0.297,0.302,U10,U10,6.0,6.0,SSPG,SSPG,0.952,0.952,0.125,0.35695864584078796,0.2107362663934516,0.3846987807956497,1.4825483552207965,14.86556594425958,0.3221180304846572,0.09561531732695389,fb2d3b36,-1.9123063465390777,555.4,6.6,29.9
0.297,0.302,U10,U10,6.0,6.0,SSPG,SSPG,0.952,0.952,0.125,0.35695864584078796,0.2107362663934516,0.3846987807956497,1.4180936058645695,14.86556594425958,0.3221180304846572,0.09561531732695389,fb2d3b36,-1.9123063465390777,555.4,6.6,29.9
0.297,0.302,U10,U10,6.0,6.0,SSPG,SSPG,0.952,0.952,0.125,0.37096950238548293,0.20046043165383018,0.34033591863499546,0.03160055458571592,14.402158147256133,0.31612452192610374,0.003745795661485985,6d11da00,-0.0749159132297197,527.0,5.1,30.3
0.297,0.302,U10,U10,6.0,6.0,SSPG,SSPG,0.952,0.952,0.125,0.37096950238548293,0.20046043165383018,0.34033591863499546,0.05147385919853128,14.402158147256133,0.31612452192610374,0.003745795661485985,6d11da00,-0.0749159132297197,527.0,5.1,30.3
0.297,0.302,U10,U10,6.0,6.0,SSPG,SSPG,0.952,0.952,0.125,0.37096950238548293,0.20046043165383018,0.34033591863499546,0.04517395813597702,14.402158147256133,0.31612452192610374,0.003745795661485985,6d11da00,-0.0749159132297197,527.0,5.1,30.3
0.297,0.302,U10,U10,6.0,6.0,SSPG,SSPG,0.952,0.952,0.125,0.37096950238548293,0.20046043165383018,0.34033591863499546,0.05735346134329677,14.402158147256133,0.31612452192610374,0.003745795661485985,6d11da00,-0.0749159132297197,527.0,5.1,30.3
0.297,0.302,U10,U10,6.0,6.0,SSPG,SSPG,0.952,0.952,0.125,0.37096950238548293,0.20046043165383018,0.34033591863499546,0.059987192833128346,14.402158147256133,0.31612452192610374,0.003745795661485985,6d11da00,-0.0749159132297197,527.0,5.1,30.3
0.297,0.302,U10,U10,6.0,6.0,SSPG,SSPG,0.952,0.952,0.125,0.38413801377647283,0.20073426476782266,0.5141208070585872,1.0937868999120817,13.581242264737858,0.2949672344715398,0.11541718694793907,39dbb588,-2.308343738958781,531.7,4.8,35.9
0.297,0.302,U10,U10,6.0,6.0,SSPG,SSPG,0.952,0.952,0.125,0.38413801377647283,0.20073426476782266,0.5141208070585872,1.369491686732078,13.581242264737858,0.2949672344715398,0.11541718694793907,39dbb588,-2.308343738958781,531.7,4.8,35.9
0.297,0.302,U10,U10,6.0,6.0,SSPG,SSPG,0.952,0.952,0.125,0.38413801377647283,0.20073426476782266,0.5141208070585872,1.6533968908715133,13.581242264737858,0.2949672344715398,0.11541718694793907,39dbb588,-2.308343738958781,531.7,4.8,35.9
0.297,0.302,U10,U10,6.0,6.0,SSPG,SSPG,0.952,0.952,0.125,0.38413801377647283,0.20073426476782266,0.5141208070585872,1.6019337540933594,13.581242264737858,0.2949672344715398,0.11541718694793907,39dbb588,-2.308343738958781,531.7,4.8,35.9
0.297,0.302,U10,U10,6.0,6.0,SSPG,SSPG,0.952,0.952,0.125,0.38413801377647283,0.20073426476782266,0.5141208070585872,1.514296252489149,13.581242264737858,0.2949672344715398,0.11541718694793907,39dbb588,-2.308343738958781,531.7,4.8,35.9
0.297,0.302,U10,U10,6.0,6.0,SSPG,SSPG,0.952,0.952,0.125,0.37633866248003384,0.2041342021968876,0.5086463382744579,3.1931408023852175,14.956462654679322,0.2609239871594851,0.40672442776009926,08f7b476,-8.134488555201985,438.7,6.0,27.5
0.297,0.302,U10,U10,6.0,6.0,SSPG,SSPG,0.952,0.952,0.125,0.37633866248003384,0.2041342021968876,0.5086463382744579,3.905373886546697,14.956462654679322,0.2609239871594851,0.40672442776009926,08f7b476,-8.134488555201985,438.7,6.0,27.5
0.297,0.302,U10,U10,6.0,6.0,SSPG,SSPG,0.952,0.952,0.125,0.37633866248003384,0.2041342021968876,0.5086463382744579,5.634060445763687,14.956462654679322,0.2609239871594851,0.40672442776009926,08f7b476,-8.134488555201985,438.7,6.0,27.5
0.297,0.302,U10,U10,6.0,6.0,SSPG,SSPG,0.952,0.952,0.125,0.37633866248003384,0.2041342021968876,0.5086463382744579,4.578314844614733,14.956462654679322,0.2609239871594851,0.40672442776009926,08f7b476,-8.134488555201985,438.7,6.0,27.5
0.297,0.302,U10,U10,6.0,6.0,SSPG,SSPG,0.952,0.952,0.125,0.37633866248003384,0.2041342021968876,0.5086463382744579,7.196967077515864,14.956462654679322,0.2609239871594851,0.40672442776009926,08f7b476,-8.134488555201985,438.7,6.0,27.5
0.297,0.302,U10,U10,6.0,6.0,SSPG,SSPG,0.952,0.952,0.125,0.3835704720010266,0.280261665999453,0.26182068978729256,3.3598785918478726,16.226279969278195,0.17650567710306078,0.5239268383327842,52cb0a9a,-10.478536766655683,500.4,5.9,28.8
0.297,0.302,U10,U10,6.0,6.0,SSPG,SSPG,0.952,0.952,0.125,0.3835704720010266,0.280261665999453,0.26182068978729256,5.614769364113011,16.226279969278195,0.17650567710306078,0.5239268383327842,52cb0a9a,-10.478536766655683,500.4,5.9,28.8
0.297,0.302,U10,U10,6.0,6.0,SSPG,SSPG,0.952,0.952,0.125,0.3835704720010266,0.280261665999453,0.26182068978729256,8.024379537003476,16.226279969278195,0.17650567710306078,0.5239268383327842,52cb0a9a,-10.478536766655683,500.4,5.9,28.8
0.297,0.302,U10,U10,6.0,6.0,SSPG,SSPG,0.952,0.952,0.125,0.3835704720010266,0.280261665999453,0.26182068978729256,7.120780394765315,16.226279969278195,0.17650567710306078,0.5239268383327842,52cb0a9a,-10.478536766655683,500.4,5.9,28.8
0.297,0.302,U10,U10,6.0,6.0,SSPG,SSPG,0.952,0.952,0.125,0.3835704720010266,0.280261665999453,0.26182068978729256,9.683554693593456,16.226279969278195,0.17650567710306078,0.5239268383327842,52cb0a9a,-10.478536766655683,500.4,5.9,28.8
0.297,0.302,U10,U10,6.0,6.0,SSPG,SSPG,0.952,0.952,0.125,0.3965900675848147,0.2529908103903107,0.36593805604102103,4.413438002921795,11.538833696013908,0.20295926254737204,0.3784054122678583,1e2a8645,-7.568108245357166,463.9,4.5,27.2
0.297,0.302,U10,U10,6.0,6.0,SSPG,SSPG,0.952,0.952,0.125,0.3965900675848147,0.2529908103903107,0.36593805604102103,5.354188105483998,11.538833696013908,0.20295926254737204,0.3784054122678583,1e2a8645,-7.568108245357166,463.9,4.5,27.2
0.297,0.302,U10,U10,6.0,6.0,SSPG,SSPG,0.952,0.952,0.125,0.3965900675848147,0.2529908103903107,0.36593805604102103,4.773633863778271,11.538833696013908,0.20295926254737204,0.3784054122678583,1e2a8645,-7.568108245357166,463.9,4.5,27.2
0.297,0.302,U10,U10,6.0,6.0,SSPG,SSPG,0.952,0.952,0.125,0.3965900675848147,0.2529908103903107,0.36593805604102103,6.690923760467466,11.538833696013908,0.20295926254737204,0.3784054122678583,1e2a8645,-7.568108245357166,463.9,4.5,27.2
0.297,0.302,U10,U10,6.0,6.0,SSPG,SSPG,0.952,0.952,0.125,0.3965900675848147,0.2529908103903107,0.36593805604102103,4.8007941122281155,11.538833696013908,0.20295926254737204,0.3784054122678583,1e2a8645,-7.568108245357166,463.9,4.5,27.2
0.297,0.302,U10,U10,6.0,6.0,SSPG,SSPG,0.952,0.952,0.125,0.3792392789118666,0.2507786389279171,0.14352122857468408,2.4842362890275087,13.187305442192812,0.26843053222582147,0.2680417502661386,f4cc2ddb,-5.360835005322771,482.4,5.5,29.1
0.297,0.302,U10,U10,6.0,6.0,SSPG,SSPG,0.952,0.952,0.125,0.3792392789118666,0.2507786389279171,0.14352122857468408,3.1010845474031847,13.187305442192812,0.26843053222582147,0.2680417502661386,f4cc2ddb,-5.360835005322771,482.4,5.5,29.1
0.297,0.302,U10,U10,6.0,6.0,SSPG,SSPG,0.952,0.952,0.125,0.3792392789118666,0.2507786389279171,0.14352122857468408,3.9338275842691,13.187305442192812,0.26843053222582147,0.2680417502661386,f4cc2ddb,-5.360835005322771,482.4,5.5,29.1
0.297,0.302,U10,U10,6.0,6.0,SSPG,SSPG,0.952,0.952,0.125,0.3792392789118666,0.2507786389279171,0.14352122857468408,3.0825484771855924,13.187305442192812,0.26843053222582147,0.2680417502661386,f4cc2ddb,-5.360835005322771,482.4,5.5,29.1
0.297,0.302,U10,U10,6.0,6.0,SSPG,SSPG,0.952,0.952,0.125,0.3792392789118666,0.2507786389279171,0.14352122857468408,2.922783271307074,13.187305442192812,0.26843053222582147,0.2680417502661386,f4cc2ddb,-5.360835005322771,482.4,5.5,29.1
0.297,0.302,U10,U10,6.0,6.0,SSPG,SSPG,0.952,0.952,0.125,0.3745561092478964,0.2580740783802167,0.3100775148317223,3.5030168842709815,18.39969389569627,0.1591009545469176,0.4998477861961296,e49007f9,-9.996955723922591,469.6,5.9,32.7
0.297,0.302,U10,U10,6.0,6.0,SSPG,SSPG,0.952,0.952,0.125,0.3745561092478964,0.2580740783802167,0.3100775148317223,7.210336763481062,18.39969389569627,0.1591009545469176,0.4998477861961296,e49007f9,-9.996955723922591,469.6,5.9,32.7
0.297,0.302,U10,U10,6.0,6.0,SSPG,SSPG,0.952,0.952,0.125,0.3745561092478964,0.2580740783802167,0.3100775148317223,8.406060700601717,18.39969389569627,0.1591009545469176,0.4998477861961296,e49007f9,-9.996955723922591,469.6,5.9,32.7
0.297,0.302,U10,U10,6.0,6.0,SSPG,SSPG,0.952,0.952,0.125,0.3745561092478964,0.2580740783802167,0.3100775148317223,7.9209667900875065,18.39969389569627,0.1591009545469176,0.4998477861961296,e49007f9,-9.996955723922591,469.6,5.9,32.7
0.297,0.302,U10,U10,6.0,6.0,SSPG,SSPG,0.952,0.952,0.125,0.3745561092478964,0.2580740783802167,0.3100775148317223,4.788670736268655,18.39969389569627,0.1591009545469176,0.4998477861961296,e49007f9,-9.996955723922591,469.6,5.9,32.7
0.297,0.302,U10,U10,6.0,6.0,SSPG,SSPG,0.952,0.952,0.125,0.37617307003987177,0.20023646460701658,0.6757483810476255,4.209746781476326,14.706844037452516,0.2502298891149926,0.42453533986456243,958585d7,-8.49070679729125,463.1,6.2,27.3
0.297,0.302,U10,U10,6.0,6.0,SSPG,SSPG,0.952,0.952,0.125,0.37617307003987177,0.20023646460701658,0.6757483810476255,4.707249967312831,14.706844037452516,0.2502298891149926,0.42453533986456243,958585d7,-8.49070679729125,463.1,6.2,27.3
0.297,0.302,U10,U10,6.0,6.0,SSPG,SSPG,0.952,0.952,0.125,0.37617307003987177,0.20023646460701658,0.6757483810476255,4.769881824169635,14.706844037452516,0.2502298891149926,0.42453533986456243,958585d7,-8.49070679729125,463.1,6.2,27.3
0.297,0.302,U10,U10,6.0,6.0,SSPG,SSPG,0.952,0.952,0.125,0.37617307003987177,0.20023646460701658,0.6757483810476255,4.163931310414781,14.706844037452516,0.2502298891149926,0.42453533986456243,958585d7,-8.49070679729125,463.1,6.2,27.3
0.297,0.302,U10,U10,6.0,6.0,SSPG,SSPG,0.952,0.952,0.125,0.37617307003987177,0.20023646460701658,0.6757483810476255,5.847545636205477,14.706844037452516,0.2502298891149926,0.42453533986456243,958585d7,-8.49070679729125,463.1,6.2,27.3
0.297,0.302,U10,U10,6.0,6.0,SSPG,SSPG,0.952,0.952,0.125,0.37154198504364144,0.2938573065407819,0.04511956738741274,2.915380331213176,19.576788020201416,0.1432723805966374,0.4689793810924302,9cca0332,-9.379587621848604,506.0,6.5,26.6
0.297,0.302,U10,U10,6.0,6.0,SSPG,SSPG,0.952,0.952,0.125,0.37154198504364144,0.2938573065407819,0.04511956738741274,3.27934356854549,19.576788020201416,0.1432723805966374,0.4689793810924302,9cca0332,-9.379587621848604,506.0,6.5,26.6
0.297,0.302,U10,U10,6.0,6.0,SSPG,SSPG,0.952,0.952,0.125,0.37154198504364144,0.2938573065407819,0.04511956738741274,3.6503227024679594,19.576788020201416,0.1432723805966374,0.4689793810924302,9cca0332,-9.379587621848604,506.0,6.5,26.6
0.297,0.302,U10,U10,6.0,6.0,SSPG,SSPG,0.952,0.952,0.125,0.37154198504364144,0.2938573065407819,0.04511956738741274,4.77455943442829,19.576788020201416,0.1432723805966374,0.4689793810924302,9cca0332,-9.379587621848604,506.0,6.5,26.6
0.297,0.302,U10,U10,6.0,6.0,SSPG,SSPG,0.952,0.952,0.125,0.37154198504364144,0.2938573065407819,0.04511956738741274,5.580419569444536,19.576788020201416,0.1432723805966374,0.4689793810924302,9cca0332,-9.379587621848604,506.0,6.5,26.6
0.297,0.302,U10,U10,6.0,6.0,SSPG,SSPG,0.952,0.952,0.125,0.39232564097492545,0.30472146122044363,0.2942678533872458,3.1152909038110113,7.332190336585148,0.01746550842439549,0.15026512576124895,289a3332,-3.005302515224979,477.1,5.3,36.2
0.297,0.302,U10,U10,6.0,6.0,SSPG,SSPG,0.952,0.952,0.125,0.39232564097492545,0.30472146122044363,0.2942678533872458,3.7697990145162246,7.332190336585148,0.01746550842439549,0.15026512576124895,289a3332,-3.005302515224979,477.1,5.3,36.2
0.297,0.302,U10,U10,6.0,6.0,SSPG,SSPG,0.952,0.952,0.125,0.39232564097492545,0.30472146122044363,0.2942678533872458,5.047310146880031,7.332190336585148,0.01746550842439549,0.15026512576124895,289a3332,-3.005302515224979,477.1,5.3,36.2
0.297,0.302,U10,U10,6.0,6.0,SSPG,SSPG,0.952,0.952,0.125,0.39232564097492545,0.30472146122044363,0.2942678533872458,5.132809007581314,7.332190336585148,0.01746550842439549,0.15026512576124895,289a3332,-3.005302515224979,477.1,5.3,36.2
0.297,0.302,U10,U10,6.0,6.0,SSPG,SSPG,0.952,0.952,0.125,0.39232564097492545,0.30472146122044363,0.2942678533872458,3.9315173698351904,7.332190336585148,0.01746550842439549,0.15026512576124895,289a3332,-3.005302515224979,477.1,5.3,36.2
0.297,0.302,U10,U10,6.0,6.0,SSPG,SSPG,0.952,0.952,0.125,0.39090089673981504,0.20871326608996843,0.14972291253236247,1.5533191083767297e-15,13.81475665911771,0.3031916531720771,9.774535311467737e-17,e4728904,-1.9549070622935474e-15,535.9,5.7,31.7
0.297,0.302,U10,U10,6.0,6.0,SSPG,SSPG,0.952,0.952,0.125,0.39090089673981504,0.20871326608996843,0.14972291253236247,1.5807861466072758e-15,13.81475665911771,0.3031916531720771,9.774535311467737e-17,e4728904,-1.9549070622935474e-15,535.9,5.7,31.7
0.297,0.302,U10,U10,6.0,6.0,SSPG,SSPG,0.952,0.952,0.125,0.39090089673981504,0.20871326608996843,0.14972291253236247,1.4112255577290334e-15,13.81475665911771,0.3031916531720771,9.774535311467737e-17,e4728904,-1.9549070622935474e-15,535.9,5.7,31.7
0.297,0.302,U10,U10,6.0,6.0,SSPG,SSPG,0.952,0.952,0.125,0.39090089673981504,0.20871326608996843,0.14972291253236247,1.497757696777071e-15,13.81475665911771,0.3031916531720771,9.774535311467737e-17,e4728904,-1.9549070622935474e-15,535.9,5.7,31.7
0.297,0.302,U10,U10,6.0,6.0,SSPG,SSPG,0.952,0.952,0.125,0.39090089673981504,0.20871326608996843,0.14972291253236247,1.867276951089256e-15,13.81475665911771,0.3031916531720771,9.774535311467737e-17,e4728904,-1.9549070622935474e-15,535.9,5.7,31.7
0.297,0.302,U10,U10,6.0,6.0,SSPG,SSPG,0.952,0.952,0.125,0.3761946262357529,0.23098879983163007,0.162857143946739,0.6888566889571323,14.114260843037243,0.30886094183669566,0.060378002096324344,a2e95d3d,-1.207560041926487,533.3,5.8,31.1
0.297,0.302,U10,U10,6.0,6.0,SSPG,SSPG,0.952,0.952,0.125,0.3761946262357529,0.23098879983163007,0.162857143946739,0.924560875423489,14.114260843037243,0.30886094183669566,0.060378002096324344,a2e95d3d,-1.207560041926487,533.3,5.8,31.1
0.297,0.302,U10,U10,6.0,6.0,SSPG,SSPG,0.952,0.952,0.125,0.3761946262357529,0.23098879983163007,0.162857143946739,1.085904102331039,14.114260843037243,0.30886094183669566,0.060378002096324344,a2e95d3d,-1.207560041926487,533.3,5.8,31.1
0.297,0.302,U10,U10,6.0,6.0,SSPG,SSPG,0.952,0.952,0.125,0.3761946262357529,0.23098879983163007,0.162857143946739,1.1125478119917478,14.114260843037243,0.30886094183669566,0.060378002096324344,a2e95d3d,-1.207560041926487,533.3,5.8,31.1
0.297,0.302,U10,U10,6.0,6.0,SSPG,SSPG,0.952,0.952,0.125,0.3761946262357529,0.23098879983163007,0.162857143946739,1.0878819847612038,14.114260843037243,0.30886094183669566,0.060378002096324344,a2e95d3d,-1.207560041926487,533.3,5.8,31.1
0.297,0.302,U10,U10,6.0,6.0,SSPG,SSPG,0.952,0.952,0.125,0.3732000495443966,0.20438741894156906,0.5935961353366643,6.278523660701289,15.565022559314283,0.20735457542316216,0.5166054096497545,69103910,-10.33210819299509,425.3,6.1,27.8
0.297,0.302,U10,U10,6.0,6.0,SSPG,SSPG,0.952,0.952,0.125,0.3732000495443966,0.20438741894156906,0.5935961353366643,8.35389602783451,15.565022559314283,0.20735457542316216,0.5166054096497545,69103910,-10.33210819299509,425.3,6.1,27.8
0.297,0.302,U10,U10,6.0,6.0,SSPG,SSPG,0.952,0.952,0.125,0.3732000495443966,0.20438741894156906,0.5935961353366643,8.371195086213893,15.565022559314283,0.20735457542316216,0.5166054096497545,69103910,-10.33210819299509,425.3,6.1,27.8
0.297,0.302,U10,U10,6.0,6.0,SSPG,SSPG,0.952,0.952,0.125,0.3732000495443966,0.20438741894156906,0.5935961353366643,9.864336411343004,15.565022559314283,0.20735457542316216,0.5166054096497545,69103910,-10.33210819299509,425.3,6.1,27.8
0.297,0.302,U10,U10,6.0,6.0,SSPG,SSPG,0.952,0.952,0.125,0.3732000495443966,0.20438741894156906,0.5935961353366643,9.906141899556099,15.565022559314283,0.20735457542316216,0.5166054096497545,69103910,-10.33210819299509,425.3,6.1,27.8
0.297,0.302,U10,U10,6.0,6.0,SSPG,SSPG,0.952,0.952,0.125,0.40689433133786185,0.24004632607598297,0.32639116791813905,3.96336454932036,11.296689866817722,0.2238182601886835,0.30630694281695875,203725ab,-6.126138856339175,458.5,6.3,33.2
0.297,0.302,U10,U10,6.0,6.0,SSPG,SSPG,0.952,0.952,0.125,0.40689433133786185,0.24004632607598297,0.32639116791813905,5.081294882434371,11.296689866817722,0.2238182601886835,0.30630694281695875,203725ab,-6.126138856339175,458.5,6.3,33.2
0.297,0.302,U10,U10,6.0,6.0,SSPG,SSPG,0.952,0.952,0.125,0.40689433133786185,0.24004632607598297,0.32639116791813905,5.1168932307558235,11.296689866817722,0.2238182601886835,0.30630694281695875,203725ab,-6.126138856339175,458.5,6.3,33.2
0.297,0.302,U10,U10,6.0,6.0,SSPG,SSPG,0.952,0.952,0.125,0.40689433133786185,0.24004632607598297,0.32639116791813905,5.34733115298466,11.296689866817722,0.2238182601886835,0.30630694281695875,203725ab,-6.126138856339175,458.5,6.3,33.2
0.297,0.302,U10,U10,6.0,6.0,SSPG,SSPG,0.952,0.952,0.125,0.40689433133786185,0.24004632607598297,0.32639116791813905,5.158828915607021,11.296689866817722,0.2238182601886835,0.30630694281695875,203725ab,-6.126138856339175,458.5,6.3,33.2
0.297,0.302,U10,U10,6.0,6.0,SSPG,SSPG,0.952,0.952,0.125,0.3643810192812226,0.24044338059159187,0.18726708873536335,5.798148710738358,15.422866661198881,0.2434977318379279,0.4733166540189784,eb482f59,-9.466333080379567,450.9,6.2,30.5
0.297,0.302,U10,U10,6.0,6.0,SSPG,SSPG,0.952,0.952,0.125,0.3643810192812226,0.24044338059159187,0.18726708873536335,6.867586855978999,15.422866661198881,0.2434977318379279,0.4733166540189784,eb482f59,-9.466333080379567,450.9,6.2,30.5
0.297,0.302,U10,U10,6.0,6.0,SSPG,SSPG,0.952,0.952,0.125,0.3643810192812226,0.24044338059159187,0.18726708873536335,7.479707083289693,15.422866661198881,0.2434977318379279,0.4733166540189784,eb482f59,-9.466333080379567,450.9,6.2,30.5
0.297,0.302,U10,U10,6.0,6.0,SSPG,SSPG,0.952,0.952,0.125,0.3643810192812226,0.24044338059159187,0.18726708873536335,8.028965316604925,15.422866661198881,0.2434977318379279,0.4733166540189784,eb482f59,-9.466333080379567,450.9,6.2,30.5
0.297,0.302,U10,U10,6.0,6.0,SSPG,SSPG,0.952,0.952,0.125,0.3643810192812226,0.24044338059159187,0.18726708873536335,8.071303433938645,15.422866661198881,0.2434977318379279,0.4733166540189784,eb482f59,-9.466333080379567,450.9,6.2,30.5
0.297,0.302,U10,U10,6.0,6.0,SSPG,SSPG,0.952,0.952,0.125,0.38414297245718515,0.24340755671874262,0.6772788582259821,5.260956679178008,7.867018820908389,0.018145289783153298,0.15674482617699617,be0d4f67,-3.1348965235399233,336.8,6.2,29.3
0.297,0.302,U10,U10,6.0,6.0,SSPG,SSPG,0.952,0.952,0.125,0.38414297245718515,0.24340755671874262,0.6772788582259821,5.552617388480501,7.867018820908389,0.018145289783153298,0.15674482617699617,be0d4f67,-3.1348965235399233,336.8,6.2,29.3
0.297,0.302,U10,U10,6.0,6.0,SSPG,SSPG,0.952,0.952,0.125,0.38414297245718515,0.24340755671874262,0.6772788582259821,6.216413428898805,7.867018820908389,0.018145289783153298,0.15674482617699617,be0d4f67,-3.1348965235399233,336.8,6.2,29.3
0.297,0.302,U10,U10,6.0,6.0,SSPG,SSPG,0.952,0.952,0.125,0.38414297245718515,0.24340755671874262,0.6772788582259821,6.062050616531703,7.867018820908389,0.018145289783153298,0.15674482617699617,be0d4f67,-3.1348965235399233,336.8,6.2,29.3
0.297,0.302,U10,U10,6.0,6.0,SSPG,SSPG,0.952,0.952,0.125,0.38414297245718515,0.24340755671874262,0.6772788582259821,3.9823092478207496,7.867018820908389,0.018145289783153298,0.15674482617699617,be0d4f67,-3.1348965235399233,336.8,6.2,29.3
0.297,0.302,U10,U10,6.0,6.0,SSPG,SSPG,0.952,0.952,0.125,0.3624633008545931,0.2211302240013587,0.6330735462054333,5.436209728868762,9.053267636577958,0.020563555674451044,0.16324685191636257,686a51a8,-3.2649370383272514,362.2,6.4,30.4
0.297,0.302,U10,U10,6.0,6.0,SSPG,SSPG,0.952,0.952,0.125,0.3624633008545931,0.2211302240013587,0.6330735462054333,6.383320971241385,9.053267636577958,0.020563555674451044,0.16324685191636257,686a51a8,-3.2649370383272514,362.2,6.4,30.4
0.297,0.302,U10,U10,6.0,6.0,SSPG,SSPG,0.952,0.952,0.125,0.3624633008545931,0.2211302240013587,0.6330735462054333,5.253801420899952,9.053267636577958,0.020563555674451044,0.16324685191636257,686a51a8,-3.2649370383272514,362.2,6.4,30.4
0.297,0.302,U10,U10,6.0,6.0,SSPG,SSPG,0.952,0.952,0.125,0.3624633008545931,0.2211302240013587,0.6330735462054333,3.569398072118144,9.053267636577958,0.020563555674451044,0.16324685191636257,686a51a8,-3.2649370383272514,362.2,6.4,30.4
0.297,0.302,U10,U10,6.0,6.0,SSPG,SSPG,0.952,0.952,0.125,0.3624633008545931,0.2211302240013587,0.6330735462054333,4.718959895657437,9.053267636577958,0.020563555674451044,0.16324685191636257,686a51a8,-3.2649370383272514,362.2,6.4,30.4
0.297,0.302,U10,U10,6.0,6.0,SSPG,SSPG,0.952,0.952,0.125,0.3855460312559236,0.26310069251748036,0.5858592391056234,4.889743508012824,19.070537633557205,0.07026262355745466,0.3412476494799771,be1e795b,-6.8249529895995416,458.0,5.7,29.1
0.297,0.302,U10,U10,6.0,6.0,SSPG,SSPG,0.952,0.952,0.125,0.3855460312559236,0.26310069251748036,0.5858592391056234,6.403151170780056,19.070537633557205,0.07026262355745466,0.3412476494799771,be1e795b,-6.8249529895995416,458.0,5.7,29.1
0.297,0.302,U10,U10,6.0,6.0,SSPG,SSPG,0.952,0.952,0.125,0.3855460312559236,0.26310069251748036,0.5858592391056234,7.365401520141132,19.070537633557205,0.07026262355745466,0.3412476494799771,be1e795b,-6.8249529895995416,458.0,5.7,29.1
0.297,0.302,U10,U10,6.0,6.0,SSPG,SSPG,0.952,0.952,0.125,0.3855460312559236,0.26310069251748036,0.5858592391056234,7.482924486757108,19.070537633557205,0.07026262355745466,0.3412476494799771,be1e795b,-6.8249529895995416,458.0,5.7,29.1
0.297,0.302,U10,U10,6.0,6.0,SSPG,SSPG,0.952,0.952,0.125,0.3855460312559236,0.26310069251748036,0.5858592391056234,7.492443052496261,19.070537633557205,0.07026262355745466,0.3412476494799771,be1e795b,-6.8249529895995416,458.0,5.7,29.1
0.297,0.302,U10,U10,6.0,6.0,SSPG,SSPG,0.952,0.952,0.125,0.3792276278870862,0.2005257152617226,0.341781665075094,3.4581627831362827,13.033831219640344,0.2747911753878312,0.22977718973928704,89fcdca2,-4.5955437947857405,433.5,6.3,29.3
0.297,0.302,U10,U10,6.0,6.0,SSPG,SSPG,0.952,0.952,0.125,0.3792276278870862,0.2005257152617226,0.341781665075094,3.7469009697460116,13.033831219640344,0.2747911753878312,0.22977718973928704,89fcdca2,-4.5955437947857405,433.5,6.3,29.3
0.297,0.302,U10,U10,6.0,6.0,SSPG,SSPG,0.952,0.952,0.125,0.3792276278870862,0.2005257152617226,0.341781665075094,3.2818525584932696,13.033831219640344,0.2747911753878312,0.22977718973928704,89fcdca2,-4.5955437947857405,433.5,6.3,29.3
0.297,0.302,U10,U10,6.0,6.0,SSPG,SSPG,0.952,0.952,0.125,0.3792276278870862,0.2005257152617226,0.341781665075094,4.345272577401781,13.033831219640344,0.2747911753878312,0.22977718973928704,89fcdca2,-4.5955437947857405,433.5,6.3,29.3
0.297,0.302,U10,U10,6.0,6.0,SSPG,SSPG,0.952,0.952,0.125,0.3792276278870862,0.2005257152617226,0.341781665075094,4.47831317131224,13.033831219640344,0.2747911753878312,0.22977718973928704,89fcdca2,-4.5955437947857405,433.5,6.3,29.3
0.297,0.302,U10,U10,6.0,6.0,SSPG,SSPG,0.952,0.952,0.125,0.3958585028202759,0.2015763409160256,0.34993490884654577,2.3007242220438684,12.556580343391824,0.27318922303189686,0.16089969471817964,d2b8c639,-3.217993894363593,438.9,6.2,29.9
0.297,0.302,U10,U10,6.0,6.0,SSPG,SSPG,0.952,0.952,0.125,0.3958585028202759,0.2015763409160256,0.34993490884654577,2.366102892687564,12.556580343391824,0.27318922303189686,0.16089969471817964,d2b8c639,-3.217993894363593,438.9,6.2,29.9
0.297,0.302,U10,U10,6.0,6.0,SSPG,SSPG,0.952,0.952,0.125,0.3958585028202759,0.2015763409160256,0.34993490884654577,2.573491942964504,12.556580343391824,0.27318922303189686,0.16089969471817964,d2b8c639,-3.217993894363593,438.9,6.2,29.9
0.297,0.302,U10,U10,6.0,6.0,SSPG,SSPG,0.952,0.952,0.125,0.3958585028202759,0.2015763409160256,0.34993490884654577,3.0428531699712322,12.556580343391824,0.27318922303189686,0.16089969471817964,d2b8c639,-3.217993894363593,438.9,6.2,29.9
0.297,0.302,U10,U10,6.0,6.0,SSPG,SSPG,0.952,0.952,0.125,0.3958585028202759,0.2015763409160256,0.34993490884654577,3.3655271399409528,12.556580343391824,0.27318922303189686,0.16089969471817964,d2b8c639,-3.217993894363593,438.9,6.2,29.9
0.297,0.302,U10,U10,6.0,6.0,SSPG,SSPG,0.952,0.952,0.125,0.35038370491660675,0.2071470026658522,0.3720145720600423,8.27817657253369,17.547723757569475,0.20997731611814527,0.5640594098609801,c30401f4,-11.281188197219603,408.2,6.2,25.9
0.297,0.302,U10,U10,6.0,6.0,SSPG,SSPG,0.952,0.952,0.125,0.35038370491660675,0.2071470026658522,0.3720145720600423,7.085591951390406,17.547723757569475,0.20997731611814527,0.5640594098609801,c30401f4,-11.281188197219603,408.2,6.2,25.9
0.297,0.302,U10,U10,6.0,6.0,SSPG,SSPG,0.952,0.952,0.125,0.35038370491660675,0.2071470026658522,0.3720145720600423,8.926876958379424,17.547723757569475,0.20997731611814527,0.5640594098609801,c30401f4,-11.281188197219603,408.2,6.2,25.9
0.297,0.302,U10,U10,6.0,6.0,SSPG,SSPG,0.952,0.952,0.125,0.35038370491660675,0.2071470026658522,0.3720145720600423,9.97170402738635,17.547723757569475,0.20997731611814527,0.5640594098609801,c30401f4,-11.281188197219603,408.2,6.2,25.9
0.297,0.302,U10,U10,6.0,6.0,SSPG,SSPG,0.952,0.952,0.125,0.35038370491660675,0.2071470026658522,0.3720145720600423,10.688071266337246,17.547723757569475,0.20997731611814527,0.5640594098609801,c30401f4,-11.281188197219603,408.2,6.2,25.9
0.297,0.302,U10,U10,6.0,6.0,SSPG,SSPG,0.952,0.952,0.125,0.3601518206179906,0.2163274973524544,0.451220063534989,5.503469167835315,20.00378127954222,0.07031889839622864,0.35611057965310494,97789f78,-7.122211593062099,358.4,6.3,29.0
0.297,0.302,U10,U10,6.0,6.0,SSPG,SSPG,0.952,0.952,0.125,0.3601518206179906,0.2163274973524544,0.451220063534989,7.036922356771917,20.00378127954222,0.07031889839622864,0.35611057965310494,97789f78,-7.122211593062099,358.4,6.3,29.0
0.297,0.302,U10,U10,6.0,6.0,SSPG,SSPG,0.952,0.952,0.125,0.3601518206179906,0.2163274973524544,0.451220063534989,8.860312432857208,20.00378127954222,0.07031889839622864,0.35611057965310494,97789f78,-7.122211593062099,358.4,6.3,29.0
0.297,0.302,U10,U10,6.0,6.0,SSPG,SSPG,0.952,0.952,0.125,0.3601518206179906,0.2163274973524544,0.451220063534989,8.885666014345082,20.00378127954222,0.07031889839622864,0.35611057965310494,97789f78,-7.122211593062099,358.4,6.3,29.0
0.297,0.302,U10,U10,6.0,6.0,SSPG,SSPG,0.952,0.952,0.125,0.3601518206179906,0.2163274973524544,0.451220063534989,8.480448929927476,20.00378127954222,0.07031889839622864,0.35611057965310494,97789f78,-7.122211593062099,358.4,6.3,29.0
0.297,0.302,U10,U10,6.0,6.0,SSPG,SSPG,0.952,0.952,0.125,0.3859838487792674,0.20034732115416526,0.46162067459019607,5.319065463058352,11.858923645399443,0.22186190165711017,0.3559368664221884,70faf6fc,-7.1187373284437685,404.3,6.2,28.3
0.297,0.302,U10,U10,6.0,6.0,SSPG,SSPG,0.952,0.952,0.125,0.3859838487792674,0.20034732115416526,0.46162067459019607,7.229540886397889,11.858923645399443,0.22186190165711017,0.3559368664221884,70faf6fc,-7.1187373284437685,404.3,6.2,28.3
0.297,0.302,U10,U10,6.0,6.0,SSPG,SSPG,0.952,0.952,0.125,0.3859838487792674,0.20034732115416526,0.46162067459019607,7.303888094276638,11.858923645399443,0.22186190165711017,0.3559368664221884,70faf6fc,-7.1187373284437685,404.3,6.2,28.3
0.297,0.302,U10,U10,6.0,6.0,SSPG,SSPG,0.952,0.952,0.125,0.3859838487792674,0.20034732115416526,0.46162067459019607,6.950382562825254,11.858923645399443,0.22186190165711017,0.3559368664221884,70faf6fc,-7.1187373284437685,404.3,6.2,28.3
0.297,0.302,U10,U10,6.0,6.0,SSPG,SSPG,0.952,0.952,0.125,0.3859838487792674,0.20034732115416526,0.46162067459019607,7.3474554109369725,11.858923645399443,0.22186190165711017,0.3559368664221884,70faf6fc,-7.1187373284437685,404.3,6.2,28.3
0.297,0.302,U10,U10,6.0,6.0,SSPG,SSPG,0.952,0.952,0.125,0.3734537482224203,0.20649732291426404,0.4908927491125801,6.725402130881883,15.7968868843309,0.22944830799116925,0.5025246209665256,6010a775,-10.050492419330512,412.8,6.5,27.0
0.297,0.302,U10,U10,6.0,6.0,SSPG,SSPG,0.952,0.952,0.125,0.3734537482224203,0.20649732291426404,0.4908927491125801,8.899617994884126,15.7968868843309,0.22944830799116925,0.5025246209665256,6010a775,-10.050492419330512,412.8,6.5,27.0
0.297,0.302,U10,U10,6.0,6.0,SSPG,SSPG,0.952,0.952,0.125,0.3734537482224203,0.20649732291426404,0.4908927491125801,9.530562262920212,15.7968868843309,0.22944830799116925,0.5025246209665256,6010a775,-10.050492419330512,412.8,6.5,27.0
0.297,0.302,U10,U10,6.0,6.0,SSPG,SSPG,0.952,0.952,0.125,0.3734537482224203,0.20649732291426404,0.4908927491125801,9.700218271687264,15.7968868843309,0.22944830799116925,0.5025246209665256,6010a775,-10.050492419330512,412.8,6.5,27.0
0.297,0.302,U10,U10,6.0,6.0,SSPG,SSPG,0.952,0.952,0.125,0.3734537482224203,0.20649732291426404,0.4908927491125801,10.268089636716255,15.7968868843309,0.22944830799116925,0.5025246209665256,6010a775,-10.050492419330512,412.8,6.5,27.0
0.297,0.302,U10,U10,6.0,6.0,SSPG,SSPG,0.952,0.952,0.125,0.36500490644483574,0.2025257457849655,0.2823719245343892,3.3285796375490335,13.350769780723926,0.2766167737324047,0.27281105701486613,2a3e936d,-5.456221140297322,429.7,6.1,28.2
0.297,0.302,U10,U10,6.0,6.0,SSPG,SSPG,0.952,0.952,0.125,0.36500490644483574,0.2025257457849655,0.2823719245343892,3.915923778448969,13.350769780723926,0.2766167737324047,0.27281105701486613,2a3e936d,-5.456221140297322,429.7,6.1,28.2
0.297,0.302,U10,U10,6.0,6.0,SSPG,SSPG,0.952,0.952,0.125,0.36500490644483574,0.2025257457849655,0.2823719245343892,4.131815205919328,13.350769780723926,0.2766167737324047,0.27281105701486613,2a3e936d,-5.456221140297322,429.7,6.1,28.2
0.297,0.302,U10,U10,6.0,6.0,SSPG,SSPG,0.952,0.952,0.125,0.36500490644483574,0.2025257457849655,0.2823719245343892,4.83704982956409,13.350769780723926,0.2766167737324047,0.27281105701486613,2a3e936d,-5.456221140297322,429.7,6.1,28.2
0.297,0.302,U10,U10,6.0,6.0,SSPG,SSPG,0.952,0.952,0.125,0.36500490644483574,0.2025257457849655,0.2823719245343892,5.430332476006364,13.350769780723926,0.2766167737324047,0.27281105701486613,2a3e936d,-5.456221140297322,429.7,6.1,28.2
0.297,0.302,U10,U10,6.0,6.0,SSPG,SSPG,0.952,0.952,0.125,0.4079054856973772,0.23537882282402084,0.605296511725093,6.211051786142669,13.53277309462358,0.18396714702635825,0.4646430351833242,957597d1,-9.292860703666484,418.8,6.4,26.2
0.297,0.302,U10,U10,6.0,6.0,SSPG,SSPG,0.952,0.952,0.125,0.4079054856973772,0.23537882282402084,0.605296511725093,7.0757299223083985,13.53277309462358,0.18396714702635825,0.4646430351833242,957597d1,-9.292860703666484,418.8,6.4,26.2
0.297,0.302,U10,U10,6.0,6.0,SSPG,SSPG,0.952,0.952,0.125,0.4079054856973772,0.23537882282402084,0.605296511725093,7.605432851534888,13.53277309462358,0.18396714702635825,0.4646430351833242,957597d1,-9.292860703666484,418.8,6.4,26.2
0.297,0.302,U10,U10,6.0,6.0,SSPG,SSPG,0.952,0.952,0.125,0.4079054856973772,0.23537882282402084,0.605296511725093,9.296194147307563,13.53277309462358,0.18396714702635825,0.4646430351833242,957597d1,-9.292860703666484,418.8,6.4,26.2
0.297,0.302,U10,U10,6.0,6.0,SSPG,SSPG,0.952,0.952,0.125,0.4079054856973772,0.23537882282402084,0.605296511725093,9.486614261855784,13.53277309462358,0.18396714702635825,0.4646430351833242,957597d1,-9.292860703666484,418.8,6.4,26.2
0.297,0.302,U10,U10,6.0,6.0,SSPG,SSPG,0.952,0.952,0.125,0.3861295283339317,0.20256852534698086,0.638283563498415,6.2436264228104426,15.384827626252525,0.15766111302516164,0.4995566243182501,ee5cacb9,-9.991132486365002,379.1,6.3,28.2
0.297,0.302,U10,U10,6.0,6.0,SSPG,SSPG,0.952,0.952,0.125,0.3861295283339317,0.20256852534698086,0.638283563498415,6.504957506681114,15.384827626252525,0.15766111302516164,0.4995566243182501,ee5cacb9,-9.991132486365002,379.1,6.3,28.2
0.297,0.302,U10,U10,6.0,6.0,SSPG,SSPG,0.952,0.952,0.125,0.3861295283339317,0.20256852534698086,0.638283563498415,9.10727414331647,15.384827626252525,0.15766111302516164,0.4995566243182501,ee5cacb9,-9.991132486365002,379.1,6.3,28.2
0.297,0.302,U10,U10,6.0,6.0,SSPG,SSPG,0.952,0.952,0.125,0.3861295283339317,0.20256852534698086,0.638283563498415,10.665996495752184,15.384827626252525,0.15766111302516164,0.4995566243182501,ee5cacb9,-9.991132486365002,379.1,6.3,28.2
0.297,0.302,U10,U10,6.0,6.0,SSPG,SSPG,0.952,0.952,0.125,0.3861295283339317,0.20256852534698086,0.638283563498415,9.813234297992823,15.384827626252525,0.15766111302516164,0.4995566243182501,ee5cacb9,-9.991132486365002,379.1,6.3,28.2
0.297,0.302,U10,U10,6.0,6.0,SSPG,SSPG,0.952,0.952,0.125,0.35251980075608674,0.22378695781818508,0.3042739464896076,5.016167986127148,21.599834788114777,0.08280389196865308,0.3761721759291761,eaecf3dc,-7.523443518583522,361.9,6.4,26.9
0.297,0.302,U10,U10,6.0,6.0,SSPG,SSPG,0.952,0.952,0.125,0.35251980075608674,0.22378695781818508,0.3042739464896076,5.883749798397395,21.599834788114777,0.08280389196865308,0.3761721759291761,eaecf3dc,-7.523443518583522,361.9,6.4,26.9
0.297,0.302,U10,U10,6.0,6.0,SSPG,SSPG,0.952,0.952,0.125,0.35251980075608674,0.22378695781818508,0.3042739464896076,7.155564303316812,21.599834788114777,0.08280389196865308,0.3761721759291761,eaecf3dc,-7.523443518583522,361.9,6.4,26.9
0.297,0.302,U10,U10,6.0,6.0,SSPG,SSPG,0.952,0.952,0.125,0.35251980075608674,0.22378695781818508,0.3042739464896076,6.366279292544393,21.599834788114777,0.08280389196865308,0.3761721759291761,eaecf3dc,-7.523443518583522,361.9,6.4,26.9
0.297,0.302,U10,U10,6.0,6.0,SSPG,SSPG,0.952,0.952,0.125,0.35251980075608674,0.22378695781818508,0.3042739464896076,6.695013948564475,21.599834788114777,0.08280389196865308,0.3761721759291761,eaecf3dc,-7.523443518583522,361.9,6.4,26.9
0.297,0.302,U10,U10,6.0,6.0,SSPG,SSPG,0.952,0.952,0.125,0.3725164338140751,0.20123677435150675,0.3840736372867437,3.7053671507274024,12.995486474762904,0.26579236630836467,0.2860134688655375,5d0178c9,-5.720269377310751,428.6,5.8,26.4
0.297,0.302,U10,U10,6.0,6.0,SSPG,SSPG,0.952,0.952,0.125,0.3725164338140751,0.20123677435150675,0.3840736372867437,3.4695279008233997,12.995486474762904,0.26579236630836467,0.2860134688655375,5d0178c9,-5.720269377310751,428.6,5.8,26.4
0.297,0.302,U10,U10,6.0,6.0,SSPG,SSPG,0.952,0.952,0.125,0.3725164338140751,0.20123677435150675,0.3840736372867437,4.840662232789529,12.995486474762904,0.26579236630836467,0.2860134688655375,5d0178c9,-5.720269377310751,428.6,5.8,26.4
0.297,0.302,U10,U10,6.0,6.0,SSPG,SSPG,0.952,0.952,0.125,0.3725164338140751,0.20123677435150675,0.3840736372867437,5.442609981746166,12.995486474762904,0.26579236630836467,0.2860134688655375,5d0178c9,-5.720269377310751,428.6,5.8,26.4
0.297,0.302,U10,U10,6.0,6.0,SSPG,SSPG,0.952,0.952,0.125,0.3725164338140751,0.20123677435150675,0.3840736372867437,4.841599985941276,12.995486474762904,0.26579236630836467,0.2860134688655375,5d0178c9,-5.720269377310751,428.6,5.8,26.4
0.297,0.302,U10,U10,6.0,6.0,SSPG,SSPG,0.952,0.952,0.125,0.35276180626789266,0.2039416165006687,0.4047584791633032,4.78890862129252,21.389512566627793,0.1432017845713176,0.43726166121873766,55334f46,-8.745233224374754,346.6,7.1,24.1
0.297,0.302,U10,U10,6.0,6.0,SSPG,SSPG,0.952,0.952,0.125,0.35276180626789266,0.2039416165006687,0.4047584791633032,5.7876148593224555,21.389512566627793,0.1432017845713176,0.43726166121873766,55334f46,-8.745233224374754,346.6,7.1,24.1
0.297,0.302,U10,U10,6.0,6.0,SSPG,SSPG,0.952,0.952,0.125,0.35276180626789266,0.2039416165006687,0.4047584791633032,7.2001238019009035,21.389512566627793,0.1432017845713176,0.43726166121873766,55334f46,-8.745233224374754,346.6,7.1,24.1
0.297,0.302,U10,U10,6.0,6.0,SSPG,SSPG,0.952,0.952,0.125,0.35276180626789266,0.2039416165006687,0.4047584791633032,8.26297373204657,21.389512566627793,0.1432017845713176,0.43726166121873766,55334f46,-8.745233224374754,346.6,7.1,24.1
0.297,0.302,U10,U10,6.0,6.0,SSPG,SSPG,0.952,0.952,0.125,0.35276180626789266,0.2039416165006687,0.4047584791633032,7.729006969123711,21.389512566627793,0.1432017845713176,0.43726166121873766,55334f46,-8.745233224374754,346.6,7.1,24.1
0.297,0.302,U10,U10,6.0,6.0,SSPG,SSPG,0.952,0.952,0.125,0.42095365902357357,0.210893918729603,0.7526269004873836,9.714674893533893,13.300447808830937,0.12898248027918663,0.4331448917006906,f1642063,-8.662897834013812,352.2,6.9,28.5
0.297,0.302,U10,U10,6.0,6.0,SSPG,SSPG,0.952,0.952,0.125,0.42095365902357357,0.210893918729603,0.7526269004873836,7.404330547679646,13.300447808830937,0.12898248027918663,0.4331448917006906,f1642063,-8.662897834013812,352.2,6.9,28.5
0.297,0.302,U10,U10,6.0,6.0,SSPG,SSPG,0.952,0.952,0.125,0.42095365902357357,0.210893918729603,0.7526269004873836,6.639796764199834,13.300447808830937,0.12898248027918663,0.4331448917006906,f1642063,-8.662897834013812,352.2,6.9,28.5
0.297,0.302,U10,U10,6.0,6.0,SSPG,SSPG,0.952,0.952,0.125,0.42095365902357357,0.210893918729603,0.7526269004873836,8.284689846913313,13.300447808830937,0.12898248027918663,0.4331448917006906,f1642063,-8.662897834013812,352.2,6.9,28.5
0.297,0.302,U10,U10,6.0,6.0,SSPG,SSPG,0.952,0.952,0.125,0.42095365902357357,0.210893918729603,0.7526269004873836,5.679002678419447,13.300447808830937,0.12898248027918663,0.4331448917006906,f1642063,-8.662897834013812,352.2,6.9,28.5
0.297,0.302,U10,U10,6.0,6.0,SSPG,SSPG,0.952,0.952,0.125,0.38679557928260766,0.218250644567642,0.6064236928553304,5.434311452446799,19.211412260496164,0.09097204991825894,0.39688976390210884,31d04ae8,-7.937795278042177,325.1,7.4,24.4
0.297,0.302,U10,U10,6.0,6.0,SSPG,SSPG,0.952,0.952,0.125,0.38679557928260766,0.218250644567642,0.6064236928553304,6.752072962094526,19.211412260496164,0.09097204991825894,0.39688976390210884,31d04ae8,-7.937795278042177,325.1,7.4,24.4
0.297,0.302,U10,U10,6.0,6.0,SSPG,SSPG,0.952,0.952,0.125,0.38679557928260766,0.218250644567642,0.6064236928553304,7.167327527861873,19.211412260496164,0.09097204991825894,0.39688976390210884,31d04ae8,-7.937795278042177,325.1,7.4,24.4
0.297,0.302,U10,U10,6.0,6.0,SSPG,SSPG,0.952,0.952,0.125,0.38679557928260766,0.218250644567642,0.6064236928553304,5.087905925105127,19.211412260496164,0.09097204991825894,0.39688976390210884,31d04ae8,-7.937795278042177,325.1,7.4,24.4
0.297,0.302,U10,U10,6.0,6.0,SSPG,SSPG,0.952,0.952,0.125,0.38679557928260766,0.218250644567642,0.6064236928553304,5.011654963387245,19.211412260496164,0.09097204991825894,0.39688976390210884,31d04ae8,-7.937795278042177,325.1,7.4,24.4
0.297,0.302,U10,U10,6.0,6.0,SSPG,SSPG,0.952,0.952,0.125,0.3859324507669548,0.2095349036056495,0.3562991192285576,1.929279015585628,13.3000361730265,0.28966507917144674,0.13418786732167343,9cb6430a,-2.6837573464334685,468.1,6.4,26.6
0.297,0.302,U10,U10,6.0,6.0,SSPG,SSPG,0.952,0.952,0.125,0.3859324507669548,0.2095349036056495,0.3562991192285576,2.1302979131671615,13.3000361730265,0.28966507917144674,0.13418786732167343,9cb6430a,-2.6837573464334685,468.1,6.4,26.6
0.297,0.302,U10,U10,6.0,6.0,SSPG,SSPG,0.952,0.952,0.125,0.3859324507669548,0.2095349036056495,0.3562991192285576,2.026583184774519,13.3000361730265,0.28966507917144674,0.13418786732167343,9cb6430a,-2.6837573464334685,468.1,6.4,26.6
0.297,0.302,U10,U10,6.0,6.0,SSPG,SSPG,0.952,0.952,0.125,0.3859324507669548,0.2095349036056495,0.3562991192285576,1.651815387090591,13.3000361730265,0.28966507917144674,0.13418786732167343,9cb6430a,-2.6837573464334685,468.1,6.4,26.6
0.297,0.302,U10,U10,6.0,6.0,SSPG,SSPG,0.952,0.952,0.125,0.3859324507669548,0.2095349036056495,0.3562991192285576,1.647926884971567,13.3000361730265,0.28966507917144674,0.13418786732167343,9cb6430a,-2.6837573464334685,468.1,6.4,26.6
0.297,0.302,U10,U10,6.0,6.0,SSPG,SSPG,0.952,0.952,0.125,0.4000903317609142,0.2131615251840491,0.7689345880798699,6.363938092370693,13.849009533809554,0.16499210321746482,0.4701720257252802,e21fdfe7,-9.403440514505604,464.2,7.0,33.4
0.297,0.302,U10,U10,6.0,6.0,SSPG,SSPG,0.952,0.952,0.125,0.4000903317609142,0.2131615251840491,0.7689345880798699,7.4885866491518405,13.849009533809554,0.16499210321746482,0.4701720257252802,e21fdfe7,-9.403440514505604,464.2,7.0,33.4
0.297,0.302,U10,U10,6.0,6.0,SSPG,SSPG,0.952,0.952,0.125,0.4000903317609142,0.2131615251840491,0.7689345880798699,6.227207129510505,13.849009533809554,0.16499210321746482,0.4701720257252802,e21fdfe7,-9.403440514505604,464.2,7.0,33.4
0.297,0.302,U10,U10,6.0,6.0,SSPG,SSPG,0.952,0.952,0.125,0.4000903317609142,0.2131615251840491,0.7689345880798699,3.710058336508345,13.849009533809554,0.16499210321746482,0.4701720257252802,e21fdfe7,-9.403440514505604,464.2,7.0,33.4
0.297,0.302,U10,U10,6.0,6.0,SSPG,SSPG,0.952,0.952,0.125,0.4000903317609142,0.2131615251840491,0.7689345880798699,9.660491381623169,13.849009533809554,0.16499210321746482,0.4701720257252802,e21fdfe7,-9.403440514505604,464.2,7.0,33.4
0.297,0.302,U10,U10,6.0,6.0,SSPG,SSPG,0.952,0.952,0.125,0.3866079622577224,0.20769769253376702,0.48001259073418234,4.683260328548683,11.694279841536119,0.2170503899042141,0.3608104568880132,893602f1,-7.216209137760265,411.6,7.1,26.2
0.297,0.302,U10,U10,6.0,6.0,SSPG,SSPG,0.952,0.952,0.125,0.3866079622577224,0.20769769253376702,0.48001259073418234,5.244449174067346,11.694279841536119,0.2170503899042141,0.3608104568880132,893602f1,-7.216209137760265,411.6,7.1,26.2
0.297,0.302,U10,U10,6.0,6.0,SSPG,SSPG,0.952,0.952,0.125,0.3866079622577224,0.20769769253376702,0.48001259073418234,4.466131747284112,11.694279841536119,0.2170503899042141,0.3608104568880132,893602f1,-7.216209137760265,411.6,7.1,26.2
0.297,0.302,U10,U10,6.0,6.0,SSPG,SSPG,0.952,0.952,0.125,0.3866079622577224,0.20769769253376702,0.48001259073418234,3.0609804663576483,11.694279841536119,0.2170503899042141,0.3608104568880132,893602f1,-7.216209137760265,411.6,7.1,26.2
0.297,0.302,U10,U10,6.0,6.0,SSPG,SSPG,0.952,0.952,0.125,0.3866079622577224,0.20769769253376702,0.48001259073418234,6.717575050679688,11.694279841536119,0.2170503899042141,0.3608104568880132,893602f1,-7.216209137760265,411.6,7.1,26.2
0.297,0.302,U10,U10,6.0,6.0,SSPG,SSPG,0.952,0.952,0.125,0.36370038600926413,0.23815578631138795,0.2906482946120068,5.758894247909614,19.820192839666554,0.15299574400970886,0.48315186002455196,1211672e,-9.66303720049104,389.6,7.3,25.7
0.297,0.302,U10,U10,6.0,6.0,SSPG,SSPG,0.952,0.952,0.125,0.36370038600926413,0.23815578631138795,0.2906482946120068,5.925258412400933,19.820192839666554,0.15299574400970886,0.48315186002455196,1211672e,-9.66303720049104,389.6,7.3,25.7
0.297,0.302,U10,U10,6.0,6.0,SSPG,SSPG,0.952,0.952,0.125,0.36370038600926413,0.23815578631138795,0.2906482946120068,6.340436024530975,19.820192839666554,0.15299574400970886,0.48315186002455196,1211672e,-9.66303720049104,389.6,7.3,25.7
0.297,0.302,U10,U10,6.0,6.0,SSPG,SSPG,0.952,0.952,0.125,0.36370038600926413,0.23815578631138795,0.2906482946120068,5.1323967032595785,19.820192839666554,0.15299574400970886,0.48315186002455196,1211672e,-9.66303720049104,389.6,7.3,25.7
0.297,0.302,U10,U10,6.0,6.0,SSPG,SSPG,0.952,0.952,0.125,0.36370038600926413,0.23815578631138795,0.2906482946120068,7.838554350431746,19.820192839666554,0.15299574400970886,0.48315186002455196,1211672e,-9.66303720049104,389.6,7.3,25.7
0.297,0.302,U10,U10,6.0,6.0,SSPG,SSPG,0.952,0.952,0.125,0.40591458408428116,0.23643849547088103,0.7921689538386496,3.9305170058966903,14.803991498473515,0.14442720460605088,0.43783666754056394,8f8dae46,-8.75673335081128,445.0,6.9,27.7
0.297,0.302,U10,U10,6.0,6.0,SSPG,SSPG,0.952,0.952,0.125,0.40591458408428116,0.23643849547088103,0.7921689538386496,6.935854569259806,14.803991498473515,0.14442720460605088,0.43783666754056394,8f8dae46,-8.75673335081128,445.0,6.9,27.7
0.297,0.302,U10,U10,6.0,6.0,SSPG,SSPG,0.952,0.952,0.125,0.40591458408428116,0.23643849547088103,0.7921689538386496,9.17609009105065,14.803991498473515,0.14442720460605088,0.43783666754056394,8f8dae46,-8.75673335081128,445.0,6.9,27.7
0.297,0.302,U10,U10,6.0,6.0,SSPG,SSPG,0.952,0.952,0.125,0.40591458408428116,0.23643849547088103,0.7921689538386496,9.91705324613106,14.803991498473515,0.14442720460605088,0.43783666754056394,8f8dae46,-8.75673335081128,445.0,6.9,27.7
0.297,0.302,U10,U10,6.0,6.0,SSPG,SSPG,0.952,0.952,0.125,0.40591458408428116,0.23643849547088103,0.7921689538386496,9.724740976551882,14.803991498473515,0.14442720460605088,0.43783666754056394,8f8dae46,-8.75673335081128,445.0,6.9,27.7
0.297,0.302,U10,U10,6.0,6.0,SSPG,SSPG,0.952,0.952,0.125,0.3912276596280278,0.22834235168549522,0.44800751552304474,5.658680590448977,15.763891056615169,0.15127875948675695,0.4894201572119745,76fc8d73,-9.78840314423949,366.5,6.8,28.7
0.297,0.302,U10,U10,6.0,6.0,SSPG,SSPG,0.952,0.952,0.125,0.3912276596280278,0.22834235168549522,0.44800751552304474,8.175625477725923,15.763891056615169,0.15127875948675695,0.4894201572119745,76fc8d73,-9.78840314423949,366.5,6.8,28.7
0.297,0.302,U10,U10,6.0,6.0,SSPG,SSPG,0.952,0.952,0.125,0.3912276596280278,0.22834235168549522,0.44800751552304474,7.543230099306644,15.763891056615169,0.15127875948675695,0.4894201572119745,76fc8d73,-9.78840314423949,366.5,6.8,28.7
0.297,0.302,U10,U10,6.0,6.0,SSPG,SSPG,0.952,0.952,0.125,0.3912276596280278,0.22834235168549522,0.44800751552304474,9.093827322876201,15.763891056615169,0.15127875948675695,0.4894201572119745,76fc8d73,-9.78840314423949,366.5,6.8,28.7
0.297,0.302,U10,U10,6.0,6.0,SSPG,SSPG,0.952,0.952,0.125,0.3912276596280278,0.22834235168549522,0.44800751552304474,9.436839961176554,15.763891056615169,0.15127875948675695,0.4894201572119745,76fc8d73,-9.78840314423949,366.5,6.8,28.7
0.297,0.302,U10,U10,6.0,6.0,SSPG,SSPG,0.952,0.952,0.125,0.387967833034576,0.21710704566420932,0.5374279559234707,4.988967154539075,14.257206507560992,0.22248610994841675,0.4560196863671908,85ff3c0c,-9.120393727343817,448.5,6.8,30.3
0.297,0.302,U10,U10,6.0,6.0,SSPG,SSPG,0.952,0.952,0.125,0.387967833034576,0.21710704566420932,0.5374279559234707,6.357033587175669,14.257206507560992,0.22248610994841675,0.4560196863671908,85ff3c0c,-9.120393727343817,448.5,6.8,30.3
0.297,0.302,U10,U10,6.0,6.0,SSPG,SSPG,0.952,0.952,0.125,0.387967833034576,0.21710704566420932,0.5374279559234707,7.755407761584967,14.257206507560992,0.22248610994841675,0.4560196863671908,85ff3c0c,-9.120393727343817,448.5,6.8,30.3
0.297,0.302,U10,U10,6.0,6.0,SSPG,SSPG,0.952,0.952,0.125,0.387967833034576,0.21710704566420932,0.5374279559234707,8.673837227038229,14.257206507560992,0.22248610994841675,0.4560196863671908,85ff3c0c,-9.120393727343817,448.5,6.8,30.3
0.297,0.302,U10,U10,6.0,6.0,SSPG,SSPG,0.952,0.952,0.125,0.387967833034576,0.21710704566420932,0.5374279559234707,8.274076614245407,14.257206507560992,0.22248610994841675,0.4560196863671908,85ff3c0c,-9.120393727343817,448.5,6.8,30.3
0.297,0.302,U10,U10,6.0,6.0,SSPG,SSPG,0.952,0.952,0.125,0.38738963367030654,0.25418289335696753,0.08970909407548566,2.1160430614260104,11.641519571039511,0.24036482121458955,0.22239544447369905,60b21e85,-4.447908889473981,386.9,7.8,23.8
0.297,0.302,U10,U10,6.0,6.0,SSPG,SSPG,0.952,0.952,0.125,0.38738963367030654,0.25418289335696753,0.08970909407548566,2.6404939700729306,11.641519571039511,0.24036482121458955,0.22239544447369905,60b21e85,-4.447908889473981,386.9,7.8,23.8
0.297,0.302,U10,U10,6.0,6.0,SSPG,SSPG,0.952,0.952,0.125,0.38738963367030654,0.25418289335696753,0.08970909407548566,3.236025652249287,11.641519571039511,0.24036482121458955,0.22239544447369905,60b21e85,-4.447908889473981,386.9,7.8,23.8
0.297,0.302,U10,U10,6.0,6.0,SSPG,SSPG,0.952,0.952,0.125,0.38738963367030654,0.25418289335696753,0.08970909407548566,2.95895909942081,11.641519571039511,0.24036482121458955,0.22239544447369905,60b21e85,-4.447908889473981,386.9,7.8,23.8
0.297,0.302,U10,U10,6.0,6.0,SSPG,SSPG,0.952,0.952,0.125,0.38738963367030654,0.25418289335696753,0.08970909407548566,3.9876117454795543,11.641519571039511,0.24036482121458955,0.22239544447369905,60b21e85,-4.447908889473981,386.9,7.8,23.8
0.297,0.302,U10,U10,6.0,6.0,SSPG,SSPG,0.952,0.952,0.125,0.3522552874248619,0.20628785927712495,0.2821815366638514,4.191842932026747,16.12192420248556,0.2302623250176979,0.5193041119736399,d81afdb2,-10.386082239472799,379.4,7.0,23.1
0.297,0.302,U10,U10,6.0,6.0,SSPG,SSPG,0.952,0.952,0.125,0.3522552874248619,0.20628785927712495,0.2821815366638514,5.80528394243938,16.12192420248556,0.2302623250176979,0.5193041119736399,d81afdb2,-10.386082239472799,379.4,7.0,23.1
0.297,0.302,U10,U10,6.0,6.0,SSPG,SSPG,0.952,0.952,0.125,0.3522552874248619,0.20628785927712495,0.2821815366638514,6.920442509356973,16.12192420248556,0.2302623250176979,0.5193041119736399,d81afdb2,-10.386082239472799,379.4,7.0,23.1
0.297,0.302,U10,U10,6.0,6.0,SSPG,SSPG,0.952,0.952,0.125,0.3522552874248619,0.20628785927712495,0.2821815366638514,8.262752180585059,16.12192420248556,0.2302623250176979,0.5193041119736399,d81afdb2,-10.386082239472799,379.4,7.0,23.1
0.297,0.302,U10,U10,6.0,6.0,SSPG,SSPG,0.952,0.952,0.125,0.3522552874248619,0.20628785927712495,0.2821815366638514,9.754447318871833,16.12192420248556,0.2302623250176979,0.5193041119736399,d81afdb2,-10.386082239472799,379.4,7.0,23.1
0.297,0.302,U10,U10,6.0,6.0,SSPG,SSPG,0.952,0.952,0.125,0.3926858680330017,0.25361848309428703,0.5264305794612718,6.458173076161948,18.350491198903075,0.1289351175124376,0.40344642820096727,4243c698,-8.068928564019345,402.9,7.1,26.0
0.297,0.302,U10,U10,6.0,6.0,SSPG,SSPG,0.952,0.952,0.125,0.3926858680330017,0.25361848309428703,0.5264305794612718,5.166053442878735,18.350491198903075,0.1289351175124376,0.40344642820096727,4243c698,-8.068928564019345,402.9,7.1,26.0
0.297,0.302,U10,U10,6.0,6.0,SSPG,SSPG,0.952,0.952,0.125,0.3926858680330017,0.25361848309428703,0.5264305794612718,7.547521521072554,18.350491198903075,0.1289351175124376,0.40344642820096727,4243c698,-8.068928564019345,402.9,7.1,26.0
0.297,0.302,U10,U10,6.0,6.0,SSPG,SSPG,0.952,0.952,0.125,0.3926858680330017,0.25361848309428703,0.5264305794612718,4.6579361543813045,18.350491198903075,0.1289351175124376,0.40344642820096727,4243c698,-8.068928564019345,402.9,7.1,26.0
0.297,0.302,U10,U10,6.0,6.0,SSPG,SSPG,0.952,0.952,0.125,0.3926858680330017,0.25361848309428703,0.5264305794612718,7.270550336803654,18.350491198903075,0.1289351175124376,0.40344642820096727,4243c698,-8.068928564019345,402.9,7.1,26.0
0.297,0.302,U10,U10,6.0,6.0,SSPG,SSPG,0.952,0.952,0.125,0.3990434627155185,0.2048002670574684,0.4854496926074856,4.460838188654305,11.024650382818614,0.19092448049246913,0.3761541342079797,a8ab5a95,-7.523082684159594,372.4,7.2,26.4
0.297,0.302,U10,U10,6.0,6.0,SSPG,SSPG,0.952,0.952,0.125,0.3990434627155185,0.2048002670574684,0.4854496926074856,4.790999221772656,11.024650382818614,0.19092448049246913,0.3761541342079797,a8ab5a95,-7.523082684159594,372.4,7.2,26.4
0.297,0.302,U10,U10,6.0,6.0,SSPG,SSPG,0.952,0.952,0.125,0.3990434627155185,0.2048002670574684,0.4854496926074856,6.4499049083437905,11.024650382818614,0.19092448049246913,0.3761541342079797,a8ab5a95,-7.523082684159594,372.4,7.2,26.4
0.297,0.302,U10,U10,6.0,6.0,SSPG,SSPG,0.952,0.952,0.125,0.3990434627155185,0.2048002670574684,0.4854496926074856,4.304106825454816,11.024650382818614,0.19092448049246913,0.3761541342079797,a8ab5a95,-7.523082684159594,372.4,7.2,26.4
0.297,0.302,U10,U10,6.0,6.0,SSPG,SSPG,0.952,0.952,0.125,0.3990434627155185,0.2048002670574684,0.4854496926074856,5.8163803021731315,11.024650382818614,0.19092448049246913,0.3761541342079797,a8ab5a95,-7.523082684159594,372.4,7.2,26.4
0.297,0.302,U10,U10,6.0,6.0,SSPG,SSPG,0.952,0.952,0.125,0.3748557199332537,0.2057531225620764,0.5443001063790076,6.928585008103413,15.851563919588857,0.1734427979395333,0.5200935237112806,6e0f057f,-10.401870474225612,371.5,7.4,24.6
0.297,0.302,U10,U10,6.0,6.0,SSPG,SSPG,0.952,0.952,0.125,0.3748557199332537,0.2057531225620764,0.5443001063790076,6.235704721096075,15.851563919588857,0.1734427979395333,0.5200935237112806,6e0f057f,-10.401870474225612,371.5,7.4,24.6
0.297,0.302,U10,U10,6.0,6.0,SSPG,SSPG,0.952,0.952,0.125,0.3748557199332537,0.2057531225620764,0.5443001063790076,6.403992375662933,15.851563919588857,0.1734427979395333,0.5200935237112806,6e0f057f,-10.401870474225612,371.5,7.4,24.6
0.297,0.302,U10,U10,6.0,6.0,SSPG,SSPG,0.952,0.952,0.125,0.3748557199332537,0.2057531225620764,0.5443001063790076,5.958320054836101,15.851563919588857,0.1734427979395333,0.5200935237112806,6e0f057f,-10.401870474225612,371.5,7.4,24.6
0.297,0.302,U10,U10,6.0,6.0,SSPG,SSPG,0.952,0.952,0.125,0.3748557199332537,0.2057531225620764,0.5443001063790076,8.633549611849174,15.851563919588857,0.1734427979395333,0.5200935237112806,6e0f057f,-10.401870474225612,371.5,7.4,24.6
0.297,0.302,U10,U10,6.0,6.0,SSPG,SSPG,0.952,0.952,0.125,0.36464562681677093,0.2092219108511727,0.369563247529368,6.932004349666679,16.376458447928503,0.2297091596467234,0.5236804242695293,eb70e925,-10.473608485390587,403.7,6.6,27.3
0.297,0.302,U10,U10,6.0,6.0,SSPG,SSPG,0.952,0.952,0.125,0.36464562681677093,0.2092219108511727,0.369563247529368,6.152849274438377,16.376458447928503,0.2297091596467234,0.5236804242695293,eb70e925,-10.473608485390587,403.7,6.6,27.3
0.297,0.302,U10,U10,6.0,6.0,SSPG,SSPG,0.952,0.952,0.125,0.36464562681677093,0.2092219108511727,0.369563247529368,6.533646950688127,16.376458447928503,0.2297091596467234,0.5236804242695293,eb70e925,-10.473608485390587,403.7,6.6,27.3
0.297,0.302,U10,U10,6.0,6.0,SSPG,SSPG,0.952,0.952,0.125,0.36464562681677093,0.2092219108511727,0.369563247529368,6.924552249946828,16.376458447928503,0.2297091596467234,0.5236804242695293,eb70e925,-10.473608485390587,403.7,6.6,27.3
0.297,0.302,U10,U10,6.0,6.0,SSPG,SSPG,0.952,0.952,0.125,0.36464562681677093,0.2092219108511727,0.369563247529368,6.787350626320277,16.376458447928503,0.2297091596467234,0.5236804242695293,eb70e925,-10.473608485390587,403.7,6.6,27.3
0.297,0.302,U10,U10,6.0,6.0,SSPG,SSPG,0.952,0.952,0.125,0.37771995348001747,0.24032015276763252,0.35267525690199797,5.218301805747401,19.60649820173427,0.13573505731356633,0.40670566687426757,c962f964,-8.134113337485351,373.3,7.4,27.9
0.297,0.302,U10,U10,6.0,6.0,SSPG,SSPG,0.952,0.952,0.125,0.37771995348001747,0.24032015276763252,0.35267525690199797,4.9614109742321135,19.60649820173427,0.13573505731356633,0.40670566687426757,c962f964,-8.134113337485351,373.3,7.4,27.9
0.297,0.302,U10,U10,6.0,6.0,SSPG,SSPG,0.952,0.952,0.125,0.37771995348001747,0.24032015276763252,0.35267525690199797,4.696690011050071,19.60649820173427,0.13573505731356633,0.40670566687426757,c962f964,-8.134113337485351,373.3,7.4,27.9
0.297,0.302,U10,U10,6.0,6.0,SSPG,SSPG,0.952,0.952,0.125,0.37771995348001747,0.24032015276763252,0.35267525690199797,4.411658594436075,19.60649820173427,0.13573505731356633,0.40670566687426757,c962f964,-8.134113337485351,373.3,7.4,27.9
0.297,0.302,U10,U10,6.0,6.0,SSPG,SSPG,0.952,0.952,0.125,0.37771995348001747,0.24032015276763252,0.35267525690199797,6.113490325031028,19.60649820173427,0.13573505731356633,0.40670566687426757,c962f964,-8.134113337485351,373.3,7.4,27.9
0.297,0.302,U10,U10,6.0,6.0,SSPG,SSPG,0.952,0.952,0.125,0.363569039864168,0.2021899327875263,0.3045577176226857,4.632338449276379,15.53249759799035,0.2546145195614522,0.46094390825620685,70bf4533,-9.218878165124137,379.0,7.1,23.3
0.297,0.302,U10,U10,6.0,6.0,SSPG,SSPG,0.952,0.952,0.125,0.363569039864168,0.2021899327875263,0.3045577176226857,5.568548767889079,15.53249759799035,0.2546145195614522,0.46094390825620685,70bf4533,-9.218878165124137,379.0,7.1,23.3
0.297,0.302,U10,U10,6.0,6.0,SSPG,SSPG,0.952,0.952,0.125,0.363569039864168,0.2021899327875263,0.3045577176226857,4.848000276271635,15.53249759799035,0.2546145195614522,0.46094390825620685,70bf4533,-9.218878165124137,379.0,7.1,23.3
0.297,0.302,U10,U10,6.0,6.0,SSPG,SSPG,0.952,0.952,0.125,0.363569039864168,0.2021899327875263,0.3045577176226857,5.931797446597535,15.53249759799035,0.2546145195614522,0.46094390825620685,70bf4533,-9.218878165124137,379.0,7.1,23.3
0.297,0.302,U10,U10,6.0,6.0,SSPG,SSPG,0.952,0.952,0.125,0.363569039864168,0.2021899327875263,0.3045577176226857,7.740631706502678,15.53249759799035,0.2546145195614522,0.46094390825620685,70bf4533,-9.218878165124137,379.0,7.1,23.3
0.297,0.302,U10,U10,6.0,6.0,SSPG,SSPG,0.952,0.952,0.125,0.36020762581881693,0.20002067530693893,0.45979760956905835,6.04795946702474,16.707516949288348,0.2449619859582284,0.5170010516989036,ec31c5a4,-10.340021033978072,396.1,7.3,22.3
0.297,0.302,U10,U10,6.0,6.0,SSPG,SSPG,0.952,0.952,0.125,0.36020762581881693,0.20002067530693893,0.45979760956905835,5.0687444873773835,16.707516949288348,0.2449619859582284,0.5170010516989036,ec31c5a4,-10.340021033978072,396.1,7.3,22.3
0.297,0.302,U10,U10,6.0,6.0,SSPG,SSPG,0.952,0.952,0.125,0.36020762581881693,0.20002067530693893,0.45979760956905835,5.044489526167206,16.707516949288348,0.2449619859582284,0.5170010516989036,ec31c5a4,-10.340021033978072,396.1,7.3,22.3
0.297,0.302,U10,U10,6.0,6.0,SSPG,SSPG,0.952,0.952,0.125,0.36020762581881693,0.20002067530693893,0.45979760956905835,5.857092329982925,16.707516949288348,0.2449619859582284,0.5170010516989036,ec31c5a4,-10.340021033978072,396.1,7.3,22.3
0.297,0.302,U10,U10,6.0,6.0,SSPG,SSPG,0.952,0.952,0.125,0.36020762581881693,0.20002067530693893,0.45979760956905835,8.99846701252347,16.707516949288348,0.2449619859582284,0.5170010516989036,ec31c5a4,-10.340021033978072,396.1,7.3,22.3
0.297,0.302,U10,U10,6.0,6.0,SSPG,SSPG,0.952,0.952,0.125,0.3548424314921362,0.20081656506564227,0.7235149641451706,4.129028891013316,6.923744331240473,0.012602849854587313,0.13093999214021712,f61806bd,-2.6187998428043424,283.9,7.9,23.5
0.297,0.302,U10,U10,6.0,6.0,SSPG,SSPG,0.952,0.952,0.125,0.3548424314921362,0.20081656506564227,0.7235149641451706,4.465348419358017,6.923744331240473,0.012602849854587313,0.13093999214021712,f61806bd,-2.6187998428043424,283.9,7.9,23.5
0.297,0.302,U10,U10,6.0,6.0,SSPG,SSPG,0.952,0.952,0.125,0.3548424314921362,0.20081656506564227,0.7235149641451706,4.01305137441128,6.923744331240473,0.012602849854587313,0.13093999214021712,f61806bd,-2.6187998428043424,283.9,7.9,23.5
0.297,0.302,U10,U10,6.0,6.0,SSPG,SSPG,0.952,0.952,0.125,0.3548424314921362,0.20081656506564227,0.7235149641451706,4.650393171719092,6.923744331240473,0.012602849854587313,0.13093999214021712,f61806bd,-2.6187998428043424,283.9,7.9,23.5
0.297,0.302,U10,U10,6.0,6.0,SSPG,SSPG,0.952,0.952,0.125,0.3548424314921362,0.20081656506564227,0.7235149641451706,4.159771355811169,6.923744331240473,0.012602849854587313,0.13093999214021712,f61806bd,-2.6187998428043424,283.9,7.9,23.5
0.297,0.302,U10,U10,6.0,6.0,SSPG,SSPG,0.952,0.952,0.125,0.3960030233123876,0.21301271039552996,0.7676882567920638,5.877317164106622,18.059906819631824,0.11629484158739467,0.384267970541229,7ee3d0b6,-7.685359410824581,378.8,6.5,28.1
0.297,0.302,U10,U10,6.0,6.0,SSPG,SSPG,0.952,0.952,0.125,0.3960030233123876,0.21301271039552996,0.7676882567920638,6.335667086936877,18.059906819631824,0.11629484158739467,0.384267970541229,7ee3d0b6,-7.685359410824581,378.8,6.5,28.1
0.297,0.302,U10,U10,6.0,6.0,SSPG,SSPG,0.952,0.952,0.125,0.3960030233123876,0.21301271039552996,0.7676882567920638,7.170412703816061,18.059906819631824,0.11629484158739467,0.384267970541229,7ee3d0b6,-7.685359410824581,378.8,6.5,28.1
0.297,0.302,U10,U10,6.0,6.0,SSPG,SSPG,0.952,0.952,0.125,0.3960030233123876,0.21301271039552996,0.7676882567920638,8.291509002350805,18.059906819631824,0.11629484158739467,0.384267970541229,7ee3d0b6,-7.685359410824581,378.8,6.5,28.1
0.297,0.302,U10,U10,6.0,6.0,SSPG,SSPG,0.952,0.952,0.125,0.3960030233123876,0.21301271039552996,0.7676882567920638,8.521214978603387,18.059906819631824,0.11629484158739467,0.384267970541229,7ee3d0b6,-7.685359410824581,378.8,6.5,28.1
0.297,0.302,U10,U10,6.0,6.0,SSPG,SSPG,0.952,0.952,0.125,0.36166769026697915,0.20017284724718717,0.49562730172130864,8.135077267818568,16.95004171662779,0.17585431764759515,0.5190730223178731,f0d14b7b,-10.381460446357462,373.7,7.1,24.9
0.297,0.302,U10,U10,6.0,6.0,SSPG,SSPG,0.952,0.952,0.125,0.36166769026697915,0.20017284724718717,0.49562730172130864,8.590159101508183,16.95004171662779,0.17585431764759515,0.5190730223178731,f0d14b7b,-10.381460446357462,373.7,7.1,24.9
0.297,0.302,U10,U10,6.0,6.0,SSPG,SSPG,0.952,0.952,0.125,0.36166769026697915,0.20017284724718717,0.49562730172130864,7.343427642709509,16.95004171662779,0.17585431764759515,0.5190730223178731,f0d14b7b,-10.381460446357462,373.7,7.1,24.9
0.297,0.302,U10,U10,6.0,6.0,SSPG,SSPG,0.952,0.952,0.125,0.36166769026697915,0.20017284724718717,0.49562730172130864,9.987797348392496,16.95004171662779,0.17585431764759515,0.5190730223178731,f0d14b7b,-10.381460446357462,373.7,7.1,24.9
0.297,0.302,U10,U10,6.0,6.0,SSPG,SSPG,0.952,0.952,0.125,0.36166769026697915,0.20017284724718717,0.49562730172130864,9.28010628037009,16.95004171662779,0.17585431764759515,0.5190730223178731,f0d14b7b,-10.381460446357462,373.7,7.1,24.9
0.297,0.302,U10,U10,6.0,6.0,SSPG,SSPG,0.952,0.952,0.125,0.3760302722664785,0.2156865498597042,0.4499732295593133,8.279525220774929,15.587802178968651,0.19981780120625953,0.5223579320720343,431185ac,-10.447158641440685,385.4,7.3,24.2
0.297,0.302,U10,U10,6.0,6.0,SSPG,SSPG,0.952,0.952,0.125,0.3760302722664785,0.2156865498597042,0.4499732295593133,7.521079157314367,15.587802178968651,0.19981780120625953,0.5223579320720343,431185ac,-10.447158641440685,385.4,7.3,24.2
0.297,0.302,U10,U10,6.0,6.0,SSPG,SSPG,0.952,0.952,0.125,0.3760302722664785,0.2156865498597042,0.4499732295593133,7.82133486095866,15.587802178968651,0.19981780120625953,0.5223579320720343,431185ac,-10.447158641440685,385.4,7.3,24.2
0.297,0.302,U10,U10,6.0,6.0,SSPG,SSPG,0.952,0.952,0.125,0.3760302722664785,0.2156865498597042,0.4499732295593133,8.27289739880929,15.587802178968651,0.19981780120625953,0.5223579320720343,431185ac,-10.447158641440685,385.4,7.3,24.2
0.297,0.302,U10,U10,6.0,6.0,SSPG,SSPG,0.952,0.952,0.125,0.3760302722664785,0.2156865498597042,0.4499732295593133,7.507625969911837,15.587802178968651,0.19981780120625953,0.5223579320720343,431185ac,-10.447158641440685,385.4,7.3,24.2
0.297,0.302,U10,U10,6.0,6.0,SSPG,SSPG,0.952,0.952,0.125,0.36821961485801075,0.2148927100614886,0.41822788529879995,6.740830352809639,16.36528769802733,0.19484451393436772,0.5368150266683395,b3d7320e,-10.736300533366789,383.7,7.5,23.6
0.297,0.302,U10,U10,6.0,6.0,SSPG,SSPG,0.952,0.952,0.125,0.36821961485801075,0.2148927100614886,0.41822788529879995,8.903902392555672,16.36528769802733,0.19484451393436772,0.5368150266683395,b3d7320e,-10.736300533366789,383.7,7.5,23.6
0.297,0.302,U10,U10,6.0,6.0,SSPG,SSPG,0.952,0.952,0.125,0.36821961485801075,0.2148927100614886,0.41822788529879995,8.267085046300657,16.36528769802733,0.19484451393436772,0.5368150266683395,b3d7320e,-10.736300533366789,383.7,7.5,23.6
0.297,0.302,U10,U10,6.0,6.0,SSPG,SSPG,0.952,0.952,0.125,0.36821961485801075,0.2148927100614886,0.41822788529879995,7.746388954844571,16.36528769802733,0.19484451393436772,0.5368150266683395,b3d7320e,-10.736300533366789,383.7,7.5,23.6
0.297,0.302,U10,U10,6.0,6.0,SSPG,SSPG,0.952,0.952,0.125,0.36821961485801075,0.2148927100614886,0.41822788529879995,8.344570585326446,16.36528769802733,0.19484451393436772,0.5368150266683395,b3d7320e,-10.736300533366789,383.7,7.5,23.6
0.297,0.302,U10,U10,6.0,6.0,SSPG,SSPG,0.952,0.952,0.125,0.3642332584248374,0.20216196916760956,0.4848272788546675,6.201413971020049,20.179368002631495,0.14999400212740996,0.4640979844993244,a479ffa6,-9.281959689986488,354.8,7.6,25.9
0.297,0.302,U10,U10,6.0,6.0,SSPG,SSPG,0.952,0.952,0.125,0.3642332584248374,0.20216196916760956,0.4848272788546675,5.834756225053518,20.179368002631495,0.14999400212740996,0.4640979844993244,a479ffa6,-9.281959689986488,354.8,7.6,25.9
0.297,0.302,U10,U10,6.0,6.0,SSPG,SSPG,0.952,0.952,0.125,0.3642332584248374,0.20216196916760956,0.4848272788546675,7.009557125182585,20.179368002631495,0.14999400212740996,0.4640979844993244,a479ffa6,-9.281959689986488,354.8,7.6,25.9
0.297,0.302,U10,U10,6.0,6.0,SSPG,SSPG,0.952,0.952,0.125,0.3642332584248374,0.20216196916760956,0.4848272788546675,7.1711852314388445,20.179368002631495,0.14999400212740996,0.4640979844993244,a479ffa6,-9.281959689986488,354.8,7.6,25.9
0.297,0.302,U10,U10,6.0,6.0,SSPG,SSPG,0.952,0.952,0.125,0.3642332584248374,0.20216196916760956,0.4848272788546675,9.057132773332778,20.179368002631495,0.14999400212740996,0.4640979844993244,a479ffa6,-9.281959689986488,354.8,7.6,25.9
0.297,0.302,U10,U10,6.0,6.0,SSPG,SSPG,0.952,0.952,0.125,0.3596991380205555,0.20166976273329837,0.3103745819522894,4.909959067008445,15.37530802031151,0.2660942129502982,0.4282147948054526,c1f7f777,-8.564295896109051,400.2,7.3,24.6
0.297,0.302,U10,U10,6.0,6.0,SSPG,SSPG,0.952,0.952,0.125,0.3596991380205555,0.20166976273329837,0.3103745819522894,5.7375606214994095,15.37530802031151,0.2660942129502982,0.4282147948054526,c1f7f777,-8.564295896109051,400.2,7.3,24.6
0.297,0.302,U10,U10,6.0,6.0,SSPG,SSPG,0.952,0.952,0.125,0.3596991380205555,0.20166976273329837,0.3103745819522894,5.550445246011728,15.37530802031151,0.2660942129502982,0.4282147948054526,c1f7f777,-8.564295896109051,400.2,7.3,24.6
0.297,0.302,U10,U10,6.0,6.0,SSPG,SSPG,0.952,0.952,0.125,0.3596991380205555,0.20166976273329837,0.3103745819522894,5.726127974825334,15.37530802031151,0.2660942129502982,0.4282147948054526,c1f7f777,-8.564295896109051,400.2,7.3,24.6
0.297,0.302,U10,U10,6.0,6.0,SSPG,SSPG,0.952,0.952,0.125,0.3596991380205555,0.20166976273329837,0.3103745819522894,7.8476277781929635,15.37530802031151,0.2660942129502982,0.4282147948054526,c1f7f777,-8.564295896109051,400.2,7.3,24.6
0.297,0.302,U10,U10,6.0,6.0,SSPG,SSPG,0.952,0.952,0.125,0.3748545571000685,0.2629054990374154,0.4651064945636878,3.7266226650687573,10.280240188304205,0.022352160610981338,0.1906037332060838,f494b886,-3.812074664121676,381.7,7.3,24.4
0.297,0.302,U10,U10,6.0,6.0,SSPG,SSPG,0.952,0.952,0.125,0.3748545571000685,0.2629054990374154,0.4651064945636878,3.163883174771292,10.280240188304205,0.022352160610981338,0.1906037332060838,f494b886,-3.812074664121676,381.7,7.3,24.4
0.297,0.302,U10,U10,6.0,6.0,SSPG,SSPG,0.952,0.952,0.125,0.3748545571000685,0.2629054990374154,0.4651064945636878,3.4319849258018555,10.280240188304205,0.022352160610981338,0.1906037332060838,f494b886,-3.812074664121676,381.7,7.3,24.4
0.297,0.302,U10,U10,6.0,6.0,SSPG,SSPG,0.952,0.952,0.125,0.3748545571000685,0.2629054990374154,0.4651064945636878,3.4048851151055604,10.280240188304205,0.022352160610981338,0.1906037332060838,f494b886,-3.812074664121676,381.7,7.3,24.4
0.297,0.302,U10,U10,6.0,6.0,SSPG,SSPG,0.952,0.952,0.125,0.3748545571000685,0.2629054990374154,0.4651064945636878,3.779833953973495,10.280240188304205,0.022352160610981338,0.1906037332060838,f494b886,-3.812074664121676,381.7,7.3,24.4
0.297,0.302,U10,U10,6.0,6.0,SSPG,SSPG,0.952,0.952,0.125,0.38375139161534805,0.24108808339885818,0.5430482511130528,4.419205661676505,19.678520678417005,0.11301131270974288,0.41827162733093437,d6ae7810,-8.365432546618688,367.5,7.9,22.7
0.297,0.302,U10,U10,6.0,6.0,SSPG,SSPG,0.952,0.952,0.125,0.38375139161534805,0.24108808339885818,0.5430482511130528,5.340984012593646,19.678520678417005,0.11301131270974288,0.41827162733093437,d6ae7810,-8.365432546618688,367.5,7.9,22.7
0.297,0.302,U10,U10,6.0,6.0,SSPG,SSPG,0.952,0.952,0.125,0.38375139161534805,0.24108808339885818,0.5430482511130528,5.751560897377074,19.678520678417005,0.11301131270974288,0.41827162733093437,d6ae7810,-8.365432546618688,367.5,7.9,22.7
0.297,0.302,U10,U10,6.0,6.0,SSPG,SSPG,0.952,0.952,0.125,0.38375139161534805,0.24108808339885818,0.5430482511130528,7.038040821929198,19.678520678417005,0.11301131270974288,0.41827162733093437,d6ae7810,-8.365432546618688,367.5,7.9,22.7
0.297,0.302,U10,U10,6.0,6.0,SSPG,SSPG,0.952,0.952,0.125,0.38375139161534805,0.24108808339885818,0.5430482511130528,7.465990125119786,19.678520678417005,0.11301131270974288,0.41827162733093437,d6ae7810,-8.365432546618688,367.5,7.9,22.7
0.297,0.302,U10,U10,6.0,6.0,SSPG,SSPG,0.952,0.952,0.125,0.3821943726156547,0.20969593828049815,0.4974669915826486,6.523033300149013,17.203628867587952,0.15213966685278155,0.4856119398844073,ee7a5532,-9.712238797688146,360.9,6.8,29.3
0.297,0.302,U10,U10,6.0,6.0,SSPG,SSPG,0.952,0.952,0.125,0.3821943726156547,0.20969593828049815,0.4974669915826486,5.639851311536721,17.203628867587952,0.15213966685278155,0.4856119398844073,ee7a5532,-9.712238797688146,360.9,6.8,29.3
0.297,0.302,U10,U10,6.0,6.0,SSPG,SSPG,0.952,0.952,0.125,0.3821943726156547,0.20969593828049815,0.4974669915826486,5.668480556118149,17.203628867587952,0.15213966685278155,0.4856119398844073,ee7a5532,-9.712238797688146,360.9,6.8,29.3
0.297,0.302,U10,U10,6.0,6.0,SSPG,SSPG,0.952,0.952,0.125,0.3821943726156547,0.20969593828049815,0.4974669915826486,8.05083184872676,17.203628867587952,0.15213966685278155,0.4856119398844073,ee7a5532,-9.712238797688146,360.9,6.8,29.3
0.297,0.302,U10,U10,6.0,6.0,SSPG,SSPG,0.952,0.952,0.125,0.3821943726156547,0.20969593828049815,0.4974669915826486,7.878405221463386,17.203628867587952,0.15213966685278155,0.4856119398844073,ee7a5532,-9.712238797688146,360.9,6.8,29.3
0.297,0.302,U10,U10,6.0,6.0,SSPG,SSPG,0.952,0.952,0.125,0.37440947848683426,0.22190405621994014,0.5306547649466951,6.629373714518864,16.30311726267239,0.17557864497790635,0.5239781303933363,f377732c,-10.479562607866725,383.4,7.7,21.0
0.297,0.302,U10,U10,6.0,6.0,SSPG,SSPG,0.952,0.952,0.125,0.37440947848683426,0.22190405621994014,0.5306547649466951,7.7172950541342304,16.30311726267239,0.17557864497790635,0.5239781303933363,f377732c,-10.479562607866725,383.4,7.7,21.0
0.297,0.302,U10,U10,6.0,6.0,SSPG,SSPG,0.952,0.952,0.125,0.37440947848683426,0.22190405621994014,0.5306547649466951,7.039315480502654,16.30311726267239,0.17557864497790635,0.5239781303933363,f377732c,-10.479562607866725,383.4,7.7,21.0
0.297,0.302,U10,U10,6.0,6.0,SSPG,SSPG,0.952,0.952,0.125,0.37440947848683426,0.22190405621994014,0.5306547649466951,6.405079150335134,16.30311726267239,0.17557864497790635,0.5239781303933363,f377732c,-10.479562607866725,383.4,7.7,21.0
0.297,0.302,U10,U10,6.0,6.0,SSPG,SSPG,0.952,0.952,0.125,0.37440947848683426,0.22190405621994014,0.5306547649466951,7.808880674751161,16.30311726267239,0.17557864497790635,0.5239781303933363,f377732c,-10.479562607866725,383.4,7.7,21.0
0.297,0.302,U10,U10,6.0,6.0,SSPG,SSPG,0.952,0.952,0.125,0.3664478918155285,0.20383835599235173,0.27549882730224584,4.0664177579870575,12.997901736024541,0.2460667195770476,0.36092416545263095,3e646722,-7.218483309052619,388.4,8.0,23.3
0.297,0.302,U10,U10,6.0,6.0,SSPG,SSPG,0.952,0.952,0.125,0.3664478918155285,0.20383835599235173,0.27549882730224584,4.476946308473558,12.997901736024541,0.2460667195770476,0.36092416545263095,3e646722,-7.218483309052619,388.4,8.0,23.3
0.297,0.302,U10,U10,6.0,6.0,SSPG,SSPG,0.952,0.952,0.125,0.3664478918155285,0.20383835599235173,0.27549882730224584,4.213627312277518,12.997901736024541,0.2460667195770476,0.36092416545263095,3e646722,-7.218483309052619,388.4,8.0,23.3
0.297,0.302,U10,U10,6.0,6.0,SSPG,SSPG,0.952,0.952,0.125,0.3664478918155285,0.20383835599235173,0.27549882730224584,4.551503975822633,12.997901736024541,0.2460667195770476,0.36092416545263095,3e646722,-7.218483309052619,388.4,8.0,23.3
0.297,0.302,U10,U10,6.0,6.0,SSPG,SSPG,0.952,0.952,0.125,0.3664478918155285,0.20383835599235173,0.27549882730224584,5.764978372575619,12.997901736024541,0.2460667195770476,0.36092416545263095,3e646722,-7.218483309052619,388.4,8.0,23.3
0.297,0.302,U10,U10,6.0,6.0,SSPG,SSPG,0.952,0.952,0.125,0.3524923092005168,0.2225372096238642,0.39659134436531773,4.210472212721141,20.18377770750701,0.056998337563273986,0.35895739635291407,75c07979,-7.179147927058281,345.4,7.9,21.8
0.297,0.302,U10,U10,6.0,6.0,SSPG,SSPG,0.952,0.952,0.125,0.3524923092005168,0.2225372096238642,0.39659134436531773,4.804162364314792,20.18377770750701,0.056998337563273986,0.35895739635291407,75c07979,-7.179147927058281,345.4,7.9,21.8
0.297,0.302,U10,U10,6.0,6.0,SSPG,SSPG,0.952,0.952,0.125,0.3524923092005168,0.2225372096238642,0.39659134436531773,3.491143180274855,20.18377770750701,0.056998337563273986,0.35895739635291407,75c07979,-7.179147927058281,345.4,7.9,21.8
0.297,0.302,U10,U10,6.0,6.0,SSPG,SSPG,0.952,0.952,0.125,0.3524923092005168,0.2225372096238642,0.39659134436531773,4.297582695658143,20.18377770750701,0.056998337563273986,0.35895739635291407,75c07979,-7.179147927058281,345.4,7.9,21.8
0.297,0.302,U10,U10,6.0,6.0,SSPG,SSPG,0.952,0.952,0.125,0.3524923092005168,0.2225372096238642,0.39659134436531773,7.521714410946089,20.18377770750701,0.056998337563273986,0.35895739635291407,75c07979,-7.179147927058281,345.4,7.9,21.8
0.297,0.302,U10,U10,6.0,6.0,SSPG,SSPG,0.952,0.952,0.125,0.3650518087043556,0.2408903214584133,0.1499920974127753,3.725215365105468,13.342236188734356,0.2532845243712806,0.3495862112553282,c7148e66,-6.991724225106564,441.3,7.2,25.7
0.297,0.302,U10,U10,6.0,6.0,SSPG,SSPG,0.952,0.952,0.125,0.3650518087043556,0.2408903214584133,0.1499920974127753,3.385306062441283,13.342236188734356,0.2532845243712806,0.3495862112553282,c7148e66,-6.991724225106564,441.3,7.2,25.7
0.297,0.302,U10,U10,6.0,6.0,SSPG,SSPG,0.952,0.952,0.125,0.3650518087043556,0.2408903214584133,0.1499920974127753,4.042989065026244,13.342236188734356,0.2532845243712806,0.3495862112553282,c7148e66,-6.991724225106564,441.3,7.2,25.7
0.297,0.302,U10,U10,6.0,6.0,SSPG,SSPG,0.952,0.952,0.125,0.3650518087043556,0.2408903214584133,0.1499920974127753,4.577375969197602,13.342236188734356,0.2532845243712806,0.3495862112553282,c7148e66,-6.991724225106564,441.3,7.2,25.7
0.297,0.302,U10,U10,6.0,6.0,SSPG,SSPG,0.952,0.952,0.125,0.3650518087043556,0.2408903214584133,0.1499920974127753,5.973538950028998,13.342236188734356,0.2532845243712806,0.3495862112553282,c7148e66,-6.991724225106564,441.3,7.2,25.7
0.297,0.302,U10,U10,6.0,6.0,SSPG,SSPG,0.952,0.952,0.125,0.39538108909755754,0.2562001152122959,0.7100713780843484,7.0062183068806805,16.46237313606075,0.04936051274376544,0.29996768591277884,019ac6d0,-5.999353718255577,356.5,7.4,22.6
0.297,0.302,U10,U10,6.0,6.0,SSPG,SSPG,0.952,0.952,0.125,0.39538108909755754,0.2562001152122959,0.7100713780843484,3.829617313617542,16.46237313606075,0.04936051274376544,0.29996768591277884,019ac6d0,-5.999353718255577,356.5,7.4,22.6
0.297,0.302,U10,U10,6.0,6.0,SSPG,SSPG,0.952,0.952,0.125,0.39538108909755754,0.2562001152122959,0.7100713780843484,4.383405271611075,16.46237313606075,0.04936051274376544,0.29996768591277884,019ac6d0,-5.999353718255577,356.5,7.4,22.6
0.297,0.302,U10,U10,6.0,6.0,SSPG,SSPG,0.952,0.952,0.125,0.39538108909755754,0.2562001152122959,0.7100713780843484,4.4994873968954945,16.46237313606075,0.04936051274376544,0.29996768591277884,019ac6d0,-5.999353718255577,356.5,7.4,22.6
0.297,0.302,U10,U10,6.0,6.0,SSPG,SSPG,0.952,0.952,0.125,0.39538108909755754,0.2562001152122959,0.7100713780843484,5.286657106878577,16.46237313606075,0.04936051274376544,0.29996768591277884,019ac6d0,-5.999353718255577,356.5,7.4,22.6
0.297,0.302,U10,U10,6.0,6.0,SSPG,SSPG,0.952,0.952,0.125,0.40535583189840774,0.20902377584155998,0.5784227007919172,5.7372271660634295,13.659663592685517,0.14705288675024406,0.4554240312652957,1fcb33c8,-9.108480625305914,311.0,8.0,22.6
0.297,0.302,U10,U10,6.0,6.0,SSPG,SSPG,0.952,0.952,0.125,0.40535583189840774,0.20902377584155998,0.5784227007919172,5.686992458869068,13.659663592685517,0.14705288675024406,0.4554240312652957,1fcb33c8,-9.108480625305914,311.0,8.0,22.6
0.297,0.302,U10,U10,6.0,6.0,SSPG,SSPG,0.952,0.952,0.125,0.40535583189840774,0.20902377584155998,0.5784227007919172,5.991107794992911,13.659663592685517,0.14705288675024406,0.4554240312652957,1fcb33c8,-9.108480625305914,311.0,8.0,22.6
0.297,0.302,U10,U10,6.0,6.0,SSPG,SSPG,0.952,0.952,0.125,0.40535583189840774,0.20902377584155998,0.5784227007919172,6.79124419079096,13.659663592685517,0.14705288675024406,0.4554240312652957,1fcb33c8,-9.108480625305914,311.0,8.0,22.6
0.297,0.302,U10,U10,6.0,6.0,SSPG,SSPG,0.952,0.952,0.125,0.40535583189840774,0.20902377584155998,0.5784227007919172,8.371843711791989,13.659663592685517,0.14705288675024406,0.4554240312652957,1fcb33c8,-9.108480625305914,311.0,8.0,22.6
0.297,0.302,U10,U10,6.0,6.0,SSPG,SSPG,0.952,0.952,0.125,0.3947493465744388,0.2149282519267442,0.46327195963158596,5.546859319769106,14.151413564303814,0.22138145733391923,0.4470862475671058,c7205428,-8.941724951342117,376.5,8.3,22.9
0.297,0.302,U10,U10,6.0,6.0,SSPG,SSPG,0.952,0.952,0.125,0.3947493465744388,0.2149282519267442,0.46327195963158596,4.626540797735358,14.151413564303814,0.22138145733391923,0.4470862475671058,c7205428,-8.941724951342117,376.5,8.3,22.9
0.297,0.302,U10,U10,6.0,6.0,SSPG,SSPG,0.952,0.952,0.125,0.3947493465744388,0.2149282519267442,0.46327195963158596,5.847859731483758,14.151413564303814,0.22138145733391923,0.4470862475671058,c7205428,-8.941724951342117,376.5,8.3,22.9
0.297,0.302,U10,U10,6.0,6.0,SSPG,SSPG,0.952,0.952,0.125,0.3947493465744388,0.2149282519267442,0.46327195963158596,6.447806747982334,14.151413564303814,0.22138145733391923,0.4470862475671058,c7205428,-8.941724951342117,376.5,8.3,22.9
0.297,0.302,U10,U10,6.0,6.0,SSPG,SSPG,0.952,0.952,0.125,0.3947493465744388,0.2149282519267442,0.46327195963158596,7.276343685308917,14.151413564303814,0.22138145733391923,0.4470862475671058,c7205428,-8.941724951342117,376.5,8.3,22.9
0.297,0.302,U10,U10,6.0,6.0,SSPG,SSPG,0.952,0.952,0.125,0.38912079590743764,0.20000270619496555,0.5467421034002635,8.101588735884796,13.711443593510138,0.16774510958702818,0.4710730463257599,e4fb12ea,-9.421460926515199,338.9,7.4,24.0
0.297,0.302,U10,U10,6.0,6.0,SSPG,SSPG,0.952,0.952,0.125,0.38912079590743764,0.20000270619496555,0.5467421034002635,3.8065930887526322,13.711443593510138,0.16774510958702818,0.4710730463257599,e4fb12ea,-9.421460926515199,338.9,7.4,24.0
0.297,0.302,U10,U10,6.0,6.0,SSPG,SSPG,0.952,0.952,0.125,0.38912079590743764,0.20000270619496555,0.5467421034002635,5.468741696502904,13.711443593510138,0.16774510958702818,0.4710730463257599,e4fb12ea,-9.421460926515199,338.9,7.4,24.0
0.297,0.302,U10,U10,6.0,6.0,SSPG,SSPG,0.952,0.952,0.125,0.38912079590743764,0.20000270619496555,0.5467421034002635,8.057350797228285,13.711443593510138,0.16774510958702818,0.4710730463257599,e4fb12ea,-9.421460926515199,338.9,7.4,24.0
0.297,0.302,U10,U10,6.0,6.0,SSPG,SSPG,0.952,0.952,0.125,0.38912079590743764,0.20000270619496555,0.5467421034002635,7.546409454082797,13.711443593510138,0.16774510958702818,0.4710730463257599,e4fb12ea,-9.421460926515199,338.9,7.4,24.0
0.297,0.302,U10,U10,6.0,6.0,SSPG,SSPG,0.952,0.952,0.125,0.3700156985307068,0.20017427889110795,0.5452124984818814,6.424763118469688,17.002133624947945,0.16587755645716712,0.5124886027685174,4c7b6c40,-10.249772055370347,361.1,7.7,24.5
0.297,0.302,U10,U10,6.0,6.0,SSPG,SSPG,0.952,0.952,0.125,0.3700156985307068,0.20017427889110795,0.5452124984818814,5.492231266902254,17.002133624947945,0.16587755645716712,0.5124886027685174,4c7b6c40,-10.249772055370347,361.1,7.7,24.5
0.297,0.302,U10,U10,6.0,6.0,SSPG,SSPG,0.952,0.952,0.125,0.3700156985307068,0.20017427889110795,0.5452124984818814,5.334530339092743,17.002133624947945,0.16587755645716712,0.5124886027685174,4c7b6c40,-10.249772055370347,361.1,7.7,24.5
0.297,0.302,U10,U10,6.0,6.0,SSPG,SSPG,0.952,0.952,0.125,0.3700156985307068,0.20017427889110795,0.5452124984818814,6.902426638707596,17.002133624947945,0.16587755645716712,0.5124886027685174,4c7b6c40,-10.249772055370347,361.1,7.7,24.5
0.297,0.302,U10,U10,6.0,6.0,SSPG,SSPG,0.952,0.952,0.125,0.3700156985307068,0.20017427889110795,0.5452124984818814,8.63248929357404,17.002133624947945,0.16587755645716712,0.5124886027685174,4c7b6c40,-10.249772055370347,361.1,7.7,24.5
0.297,0.302,U10,U10,6.0,6.0,SSPG,SSPG,0.952,0.952,0.125,0.373921289344329,0.20063812193566652,0.665629312750486,3.0800910703158113,20.08284861481377,0.12447794678912755,0.42926043381850376,ac8195c4,-8.585208676370076,331.9,7.0,22.4
0.297,0.302,U10,U10,6.0,6.0,SSPG,SSPG,0.952,0.952,0.125,0.373921289344329,0.20063812193566652,0.665629312750486,5.957923567664102,20.08284861481377,0.12447794678912755,0.42926043381850376,ac8195c4,-8.585208676370076,331.9,7.0,22.4
0.297,0.302,U10,U10,6.0,6.0,SSPG,SSPG,0.952,0.952,0.125,0.373921289344329,0.20063812193566652,0.665629312750486,5.167066310247141,20.08284861481377,0.12447794678912755,0.42926043381850376,ac8195c4,-8.585208676370076,331.9,7.0,22.4
0.297,0.302,U10,U10,6.0,6.0,SSPG,SSPG,0.952,0.952,0.125,0.373921289344329,0.20063812193566652,0.665629312750486,6.221853147668892,20.08284861481377,0.12447794678912755,0.42926043381850376,ac8195c4,-8.585208676370076,331.9,7.0,22.4
0.297,0.302,U10,U10,6.0,6.0,SSPG,SSPG,0.952,0.952,0.125,0.373921289344329,0.20063812193566652,0.665629312750486,9.073379064902262,20.08284861481377,0.12447794678912755,0.42926043381850376,ac8195c4,-8.585208676370076,331.9,7.0,22.4
0.297,0.302,U10,U10,6.0,6.0,SSPG,SSPG,0.952,0.952,0.125,0.382314333060706,0.27079476539365743,0.4198773997105223,3.124438345420178,20.096298713472823,0.06455789974958155,0.36531154847917574,7674b430,-7.306230969583515,407.5,7.3,22.4
0.297,0.302,U10,U10,6.0,6.0,SSPG,SSPG,0.952,0.952,0.125,0.382314333060706,0.27079476539365743,0.4198773997105223,4.199782611406254,20.096298713472823,0.06455789974958155,0.36531154847917574,7674b430,-7.306230969583515,407.5,7.3,22.4
0.297,0.302,U10,U10,6.0,6.0,SSPG,SSPG,0.952,0.952,0.125,0.382314333060706,0.27079476539365743,0.4198773997105223,4.08658345988409,20.096298713472823,0.06455789974958155,0.36531154847917574,7674b430,-7.306230969583515,407.5,7.3,22.4
0.297,0.302,U10,U10,6.0,6.0,SSPG,SSPG,0.952,0.952,0.125,0.382314333060706,0.27079476539365743,0.4198773997105223,4.976090027320263,20.096298713472823,0.06455789974958155,0.36531154847917574,7674b430,-7.306230969583515,407.5,7.3,22.4
0.297,0.302,U10,U10,6.0,6.0,SSPG,SSPG,0.952,0.952,0.125,0.382314333060706,0.27079476539365743,0.4198773997105223,7.866735579533101,20.096298713472823,0.06455789974958155,0.36531154847917574,7674b430,-7.306230969583515,407.5,7.3,22.4
0.297,0.302,U10,U10,6.0,6.0,SSPG,SSPG,0.952,0.952,0.125,0.371384628888328,0.21239861903227475,0.4764118122460985,4.049089328185292,16.42301448916638,0.2173653848976017,0.5336069659277084,989f2cf6,-10.672139318554168,397.5,7.0,23.5
0.297,0.302,U10,U10,6.0,6.0,SSPG,SSPG,0.952,0.952,0.125,0.371384628888328,0.21239861903227475,0.4764118122460985,4.932658262939771,16.42301448916638,0.2173653848976017,0.5336069659277084,989f2cf6,-10.672139318554168,397.5,7.0,23.5
0.297,0.302,U10,U10,6.0,6.0,SSPG,SSPG,0.952,0.952,0.125,0.371384628888328,0.21239861903227475,0.4764118122460985,5.983259009518345,16.42301448916638,0.2173653848976017,0.5336069659277084,989f2cf6,-10.672139318554168,397.5,7.0,23.5
0.297,0.302,U10,U10,6.0,6.0,SSPG,SSPG,0.952,0.952,0.125,0.371384628888328,0.21239861903227475,0.4764118122460985,7.740548146469892,16.42301448916638,0.2173653848976017,0.5336069659277084,989f2cf6,-10.672139318554168,397.5,7.0,23.5
0.297,0.302,U10,U10,6.0,6.0,SSPG,SSPG,0.952,0.952,0.125,0.371384628888328,0.21239861903227475,0.4764118122460985,10.733567520890348,16.42301448916638,0.2173653848976017,0.5336069659277084,989f2cf6,-10.672139318554168,397.5,7.0,23.5
0.297,0.302,U10,U10,6.0,6.0,SSPG,SSPG,0.952,0.952,0.125,0.36530324486587346,0.24053829635982354,0.5162782434536735,5.090283661226576,14.39308155831768,0.03655560387366029,0.2596062822953792,579f0cba,-5.192125645907584,387.0,7.2,27.5
0.297,0.302,U10,U10,6.0,6.0,SSPG,SSPG,0.952,0.952,0.125,0.36530324486587346,0.24053829635982354,0.5162782434536735,4.880822929910387,14.39308155831768,0.03655560387366029,0.2596062822953792,579f0cba,-5.192125645907584,387.0,7.2,27.5
0.297,0.302,U10,U10,6.0,6.0,SSPG,SSPG,0.952,0.952,0.125,0.36530324486587346,0.24053829635982354,0.5162782434536735,4.430776144376373,14.39308155831768,0.03655560387366029,0.2596062822953792,579f0cba,-5.192125645907584,387.0,7.2,27.5
0.297,0.302,U10,U10,6.0,6.0,SSPG,SSPG,0.952,0.952,0.125,0.36530324486587346,0.24053829635982354,0.5162782434536735,4.182515300327413,14.39308155831768,0.03655560387366029,0.2596062822953792,579f0cba,-5.192125645907584,387.0,7.2,27.5
0.297,0.302,U10,U10,6.0,6.0,SSPG,SSPG,0.952,0.952,0.125,0.36530324486587346,0.24053829635982354,0.5162782434536735,4.122702869040524,14.39308155831768,0.03655560387366029,0.2596062822953792,579f0cba,-5.192125645907584,387.0,7.2,27.5
0.297,0.302,U10,U10,6.0,6.0,SSPG,SSPG,0.952,0.952,0.125,0.363602379789074,0.22741283562228282,0.6115055214126324,6.419209497781622,20.877399689630767,0.07508668425261883,0.3589737046559269,4518a3c4,-7.179474093118538,391.5,7.4,23.3
0.297,0.302,U10,U10,6.0,6.0,SSPG,SSPG,0.952,0.952,0.125,0.363602379789074,0.22741283562228282,0.6115055214126324,5.436384873222821,20.877399689630767,0.07508668425261883,0.3589737046559269,4518a3c4,-7.179474093118538,391.5,7.4,23.3
0.297,0.302,U10,U10,6.0,6.0,SSPG,SSPG,0.952,0.952,0.125,0.363602379789074,0.22741283562228282,0.6115055214126324,5.14769733334646,20.877399689630767,0.07508668425261883,0.3589737046559269,4518a3c4,-7.179474093118538,391.5,7.4,23.3
0.297,0.302,U10,U10,6.0,6.0,SSPG,SSPG,0.952,0.952,0.125,0.363602379789074,0.22741283562228282,0.6115055214126324,7.467883726158503,20.877399689630767,0.07508668425261883,0.3589737046559269,4518a3c4,-7.179474093118538,391.5,7.4,23.3
0.297,0.302,U10,U10,6.0,6.0,SSPG,SSPG,0.952,0.952,0.125,0.363602379789074,0.22741283562228282,0.6115055214126324,5.7164736503061,20.877399689630767,0.07508668425261883,0.3589737046559269,4518a3c4,-7.179474093118538,391.5,7.4,23.3
0.297,0.302,U10,U10,6.0,6.0,SSPG,SSPG,0.952,0.952,0.125,0.399857270537895,0.2001719902807297,0.49023141902797907,4.247624933248452,11.170887097619968,0.2175910102624063,0.3254534553404304,3449ebb0,-6.509069106808608,397.8,7.7,27.6
0.297,0.302,U10,U10,6.0,6.0,SSPG,SSPG,0.952,0.952,0.125,0.399857270537895,0.2001719902807297,0.49023141902797907,4.767403798233467,11.170887097619968,0.2175910102624063,0.3254534553404304,3449ebb0,-6.509069106808608,397.8,7.7,27.6
0.297,0.302,U10,U10,6.0,6.0,SSPG,SSPG,0.952,0.952,0.125,0.399857270537895,0.2001719902807297,0.49023141902797907,5.126219467449485,11.170887097619968,0.2175910102624063,0.3254534553404304,3449ebb0,-6.509069106808608,397.8,7.7,27.6
0.297,0.302,U10,U10,6.0,6.0,SSPG,SSPG,0.952,0.952,0.125,0.399857270537895,0.2001719902807297,0.49023141902797907,4.345122755654621,11.170887097619968,0.2175910102624063,0.3254534553404304,3449ebb0,-6.509069106808608,397.8,7.7,27.6
0.297,0.302,U10,U10,6.0,6.0,SSPG,SSPG,0.952,0.952,0.125,0.399857270537895,0.2001719902807297,0.49023141902797907,5.558114666151683,11.170887097619968,0.2175910102624063,0.3254534553404304,3449ebb0,-6.509069106808608,397.8,7.7,27.6
0.297,0.302,U10,U10,6.0,6.0,SSPG,SSPG,0.952,0.952,0.125,0.3713750085339023,0.2001413025596526,0.5455310737463854,6.0313559875595155,19.493177810669838,0.14950905526286964,0.4631541474468962,22e9b30c,-9.263082948937924,336.3,7.9,23.4
0.297,0.302,U10,U10,6.0,6.0,SSPG,SSPG,0.952,0.952,0.125,0.3713750085339023,0.2001413025596526,0.5455310737463854,6.787427607476779,19.493177810669838,0.14950905526286964,0.4631541474468962,22e9b30c,-9.263082948937924,336.3,7.9,23.4
0.297,0.302,U10,U10,6.0,6.0,SSPG,SSPG,0.952,0.952,0.125,0.3713750085339023,0.2001413025596526,0.5455310737463854,6.057422359449535,19.493177810669838,0.14950905526286964,0.4631541474468962,22e9b30c,-9.263082948937924,336.3,7.9,23.4
0.297,0.302,U10,U10,6.0,6.0,SSPG,SSPG,0.952,0.952,0.125,0.3713750085339023,0.2001413025596526,0.5455310737463854,7.383651949300281,19.493177810669838,0.14950905526286964,0.4631541474468962,22e9b30c,-9.263082948937924,336.3,7.9,23.4
0.297,0.302,U10,U10,6.0,6.0,SSPG,SSPG,0.952,0.952,0.125,0.3713750085339023,0.2001413025596526,0.5455310737463854,7.989345232379628,19.493177810669838,0.14950905526286964,0.4631541474468962,22e9b30c,-9.263082948937924,336.3,7.9,23.4
0.297,0.302,U10,U10,6.0,6.0,SSPG,SSPG,0.952,0.952,0.125,0.38245913494185585,0.2006236590039571,0.3633701444898716,4.170036874552235,11.851795839362254,0.21792357877952231,0.3688186953468966,fe699a0a,-7.376373906937932,365.4,6.8,23.8
0.297,0.302,U10,U10,6.0,6.0,SSPG,SSPG,0.952,0.952,0.125,0.38245913494185585,0.2006236590039571,0.3633701444898716,6.08534670236567,11.851795839362254,0.21792357877952231,0.3688186953468966,fe699a0a,-7.376373906937932,365.4,6.8,23.8
0.297,0.302,U10,U10,6.0,6.0,SSPG,SSPG,0.952,0.952,0.125,0.38245913494185585,0.2006236590039571,0.3633701444898716,4.805497589911061,11.851795839362254,0.21792357877952231,0.3688186953468966,fe699a0a,-7.376373906937932,365.4,6.8,23.8
0.297,0.302,U10,U10,6.0,6.0,SSPG,SSPG,0.952,0.952,0.125,0.38245913494185585,0.2006236590039571,0.3633701444898716,4.907517112500776,11.851795839362254,0.21792357877952231,0.3688186953468966,fe699a0a,-7.376373906937932,365.4,6.8,23.8
0.297,0.302,U10,U10,6.0,6.0,SSPG,SSPG,0.952,0.952,0.125,0.38245913494185585,0.2006236590039571,0.3633701444898716,6.2056231112334315,11.851795839362254,0.21792357877952231,0.3688186953468966,fe699a0a,-7.376373906937932,365.4,6.8,23.8
0.297,0.302,U10,U10,6.0,6.0,SSPG,SSPG,0.952,0.952,0.125,0.3517737560747623,0.21251421543049015,0.44872047820288197,6.718268660172525,21.204766929030786,0.1544593987649332,0.46240891050526756,413430ac,-9.248178210105351,369.0,7.8,20.7
0.297,0.302,U10,U10,6.0,6.0,SSPG,SSPG,0.952,0.952,0.125,0.3517737560747623,0.21251421543049015,0.44872047820288197,6.540950993773939,21.204766929030786,0.1544593987649332,0.46240891050526756,413430ac,-9.248178210105351,369.0,7.8,20.7
0.297,0.302,U10,U10,6.0,6.0,SSPG,SSPG,0.952,0.952,0.125,0.3517737560747623,0.21251421543049015,0.44872047820288197,5.401528268009106,21.204766929030786,0.1544593987649332,0.46240891050526756,413430ac,-9.248178210105351,369.0,7.8,20.7
0.297,0.302,U10,U10,6.0,6.0,SSPG,SSPG,0.952,0.952,0.125,0.3517737560747623,0.21251421543049015,0.44872047820288197,5.11766789356608,21.204766929030786,0.1544593987649332,0.46240891050526756,413430ac,-9.248178210105351,369.0,7.8,20.7
0.297,0.302,U10,U10,6.0,6.0,SSPG,SSPG,0.952,0.952,0.125,0.3517737560747623,0.21251421543049015,0.44872047820288197,8.652151314530945,21.204766929030786,0.1544593987649332,0.46240891050526756,413430ac,-9.248178210105351,369.0,7.8,20.7
0.297,0.302,U10,U10,6.0,6.0,SSPG,SSPG,0.952,0.952,0.125,0.3751732614206925,0.21187448514106288,0.40540275070151455,5.832028266759217,15.143917343990681,0.23746154188795826,0.46805656507688065,50e98256,-9.361131301537613,400.7,7.3,24.7
0.297,0.302,U10,U10,6.0,6.0,SSPG,SSPG,0.952,0.952,0.125,0.3751732614206925,0.21187448514106288,0.40540275070151455,4.6968859785876615,15.143917343990681,0.23746154188795826,0.46805656507688065,50e98256,-9.361131301537613,400.7,7.3,24.7
0.297,0.302,U10,U10,6.0,6.0,SSPG,SSPG,0.952,0.952,0.125,0.3751732614206925,0.21187448514106288,0.40540275070151455,7.865239013979194,15.143917343990681,0.23746154188795826,0.46805656507688065,50e98256,-9.361131301537613,400.7,7.3,24.7
0.297,0.302,U10,U10,6.0,6.0,SSPG,SSPG,0.952,0.952,0.125,0.3751732614206925,0.21187448514106288,0.40540275070151455,7.111651958443111,15.143917343990681,0.23746154188795826,0.46805656507688065,50e98256,-9.361131301537613,400.7,7.3,24.7
0.297,0.302,U10,U10,6.0,6.0,SSPG,SSPG,0.952,0.952,0.125,0.3751732614206925,0.21187448514106288,0.40540275070151455,6.834294239322899,15.143917343990681,0.23746154188795826,0.46805656507688065,50e98256,-9.361131301537613,400.7,7.3,24.7
0.297,0.302,U10,U10,6.0,6.0,SSPG,SSPG,0.952,0.952,0.125,0.3744530800195436,0.2006603950350458,0.4671558443683512,5.296292233481145,14.433037584382907,0.22509234850548832,0.46724458455707885,ca812e23,-9.344891691141576,393.1,6.6,26.2
0.297,0.302,U10,U10,6.0,6.0,SSPG,SSPG,0.952,0.952,0.125,0.3744530800195436,0.2006603950350458,0.4671558443683512,5.824644847355545,14.433037584382907,0.22509234850548832,0.46724458455707885,ca812e23,-9.344891691141576,393.1,6.6,26.2
0.297,0.302,U10,U10,6.0,6.0,SSPG,SSPG,0.952,0.952,0.125,0.3744530800195436,0.2006603950350458,0.4671558443683512,5.613702019988582,14.433037584382907,0.22509234850548832,0.46724458455707885,ca812e23,-9.344891691141576,393.1,6.6,26.2
0.297,0.302,U10,U10,6.0,6.0,SSPG,SSPG,0.952,0.952,0.125,0.3744530800195436,0.2006603950350458,0.4671558443683512,6.126891294041806,14.433037584382907,0.22509234850548832,0.46724458455707885,ca812e23,-9.344891691141576,393.1,6.6,26.2
0.297,0.302,U10,U10,6.0,6.0,SSPG,SSPG,0.952,0.952,0.125,0.3744530800195436,0.2006603950350458,0.4671558443683512,8.05443901932102,14.433037584382907,0.22509234850548832,0.46724458455707885,ca812e23,-9.344891691141576,393.1,6.6,26.2
0.297,0.302,U10,U10,6.0,6.0,SSPG,SSPG,0.952,0.952,0.125,0.35605462223840895,0.22685916611435458,0.3177221599116118,7.506102477256383,18.712074285172932,0.17785213348215267,0.5379413051720632,85f38c71,-10.758826103441264,384.4,7.1,21.8
0.297,0.302,U10,U10,6.0,6.0,SSPG,SSPG,0.952,0.952,0.125,0.35605462223840895,0.22685916611435458,0.3177221599116118,7.758904291775809,18.712074285172932,0.17785213348215267,0.5379413051720632,85f38c71,-10.758826103441264,384.4,7.1,21.8
0.297,0.302,U10,U10,6.0,6.0,SSPG,SSPG,0.952,0.952,0.125,0.35605462223840895,0.22685916611435458,0.3177221599116118,7.684909291718002,18.712074285172932,0.17785213348215267,0.5379413051720632,85f38c71,-10.758826103441264,384.4,7.1,21.8
0.297,0.302,U10,U10,6.0,6.0,SSPG,SSPG,0.952,0.952,0.125,0.35605462223840895,0.22685916611435458,0.3177221599116118,5.865382222706218,18.712074285172932,0.17785213348215267,0.5379413051720632,85f38c71,-10.758826103441264,384.4,7.1,21.8
0.297,0.302,U10,U10,6.0,6.0,SSPG,SSPG,0.952,0.952,0.125,0.35605462223840895,0.22685916611435458,0.3177221599116118,6.393004207758472,18.712074285172932,0.17785213348215267,0.5379413051720632,85f38c71,-10.758826103441264,384.4,7.1,21.8
0.297,0.302,U10,U10,6.0,6.0,SSPG,SSPG,0.952,0.952,0.125,0.38116288537057225,0.20966363858635392,0.49982086713842167,6.178151984012432,15.978163442130741,0.20385038180125947,0.5265866808120032,ce0a7790,-10.531733616240064,383.0,7.7,25.3
0.297,0.302,U10,U10,6.0,6.0,SSPG,SSPG,0.952,0.952,0.125,0.38116288537057225,0.20966363858635392,0.49982086713842167,7.2965223824054375,15.978163442130741,0.20385038180125947,0.5265866808120032,ce0a7790,-10.531733616240064,383.0,7.7,25.3
0.297,0.302,U10,U10,6.0,6.0,SSPG,SSPG,0.952,0.952,0.125,0.38116288537057225,0.20966363858635392,0.49982086713842167,6.256131377964277,15.978163442130741,0.20385038180125947,0.5265866808120032,ce0a7790,-10.531733616240064,383.0,7.7,25.3
0.297,0.302,U10,U10,6.0,6.0,SSPG,SSPG,0.952,0.952,0.125,0.38116288537057225,0.20966363858635392,0.49982086713842167,7.284730159129091,15.978163442130741,0.20385038180125947,0.5265866808120032,ce0a7790,-10.531733616240064,383.0,7.7,25.3
0.297,0.302,U10,U10,6.0,6.0,SSPG,SSPG,0.952,0.952,0.125,0.38116288537057225,0.20966363858635392,0.49982086713842167,6.300102179488922,15.978163442130741,0.20385038180125947,0.5265866808120032,ce0a7790,-10.531733616240064,383.0,7.7,25.3
0.297,0.302,U10,U10,6.0,6.0,SSPG,SSPG,0.952,0.952,0.125,0.3692491791166988,0.20696018612090206,0.41530233510918735,6.732314095177458,15.513385279224245,0.21893824001145062,0.5087135399439269,b0ec715b,-10.174270798878538,395.6,7.5,26.4
0.297,0.302,U10,U10,6.0,6.0,SSPG,SSPG,0.952,0.952,0.125,0.3692491791166988,0.20696018612090206,0.41530233510918735,5.4852008150321145,15.513385279224245,0.21893824001145062,0.5087135399439269,b0ec715b,-10.174270798878538,395.6,7.5,26.4
0.297,0.302,U10,U10,6.0,6.0,SSPG,SSPG,0.952,0.952,0.125,0.3692491791166988,0.20696018612090206,0.41530233510918735,6.293411148166637,15.513385279224245,0.21893824001145062,0.5087135399439269,b0ec715b,-10.174270798878538,395.6,7.5,26.4
0.297,0.302,U10,U10,6.0,6.0,SSPG,SSPG,0.952,0.952,0.125,0.3692491791166988,0.20696018612090206,0.41530233510918735,6.446065458964654,15.513385279224245,0.21893824001145062,0.5087135399439269,b0ec715b,-10.174270798878538,395.6,7.5,26.4
0.297,0.302,U10,U10,6.0,6.0,SSPG,SSPG,0.952,0.952,0.125,0.3692491791166988,0.20696018612090206,0.41530233510918735,6.195841857275107,15.513385279224245,0.21893824001145062,0.5087135399439269,b0ec715b,-10.174270798878538,395.6,7.5,26.4
0.297,0.302,U10,U10,6.0,6.0,SSPG,SSPG,0.952,0.952,0.125,0.373713472205645,0.20104297164681398,0.5236296623392294,7.578247887013222,16.32821303189689,0.19794073779914384,0.5397384778365609,3fab588b,-10.794769556731218,376.7,7.5,25.2
0.297,0.302,U10,U10,6.0,6.0,SSPG,SSPG,0.952,0.952,0.125,0.373713472205645,0.20104297164681398,0.5236296623392294,7.004264315264827,16.32821303189689,0.19794073779914384,0.5397384778365609,3fab588b,-10.794769556731218,376.7,7.5,25.2
0.297,0.302,U10,U10,6.0,6.0,SSPG,SSPG,0.952,0.952,0.125,0.373713472205645,0.20104297164681398,0.5236296623392294,5.490528495310136,16.32821303189689,0.19794073779914384,0.5397384778365609,3fab588b,-10.794769556731218,376.7,7.5,25.2
0.297,0.302,U10,U10,6.0,6.0,SSPG,SSPG,0.952,0.952,0.125,0.373713472205645,0.20104297164681398,0.5236296623392294,6.715436170437364,16.32821303189689,0.19794073779914384,0.5397384778365609,3fab588b,-10.794769556731218,376.7,7.5,25.2
0.297,0.302,U10,U10,6.0,6.0,SSPG,SSPG,0.952,0.952,0.125,0.373713472205645,0.20104297164681398,0.5236296623392294,6.335077449835452,16.32821303189689,0.19794073779914384,0.5397384778365609,3fab588b,-10.794769556731218,376.7,7.5,25.2
0.297,0.302,U10,U10,6.0,6.0,SSPG,SSPG,0.952,0.952,0.125,0.36874947484943976,0.21215131250153293,0.4533664994160742,4.091694946723313,15.479578617132077,0.25819275718850165,0.44556538063799356,298bd809,-8.91130761275987,449.1,7.0,26.9
0.297,0.302,U10,U10,6.0,6.0,SSPG,SSPG,0.952,0.952,0.125,0.36874947484943976,0.21215131250153293,0.4533664994160742,6.368739868495527,15.479578617132077,0.25819275718850165,0.44556538063799356,298bd809,-8.91130761275987,449.1,7.0,26.9
0.297,0.302,U10,U10,6.0,6.0,SSPG,SSPG,0.952,0.952,0.125,0.36874947484943976,0.21215131250153293,0.4533664994160742,5.76561203903145,15.479578617132077,0.25819275718850165,0.44556538063799356,298bd809,-8.91130761275987,449.1,7.0,26.9
0.297,0.302,U10,U10,6.0,6.0,SSPG,SSPG,0.952,0.952,0.125,0.36874947484943976,0.21215131250153293,0.4533664994160742,5.781272047539447,15.479578617132077,0.25819275718850165,0.44556538063799356,298bd809,-8.91130761275987,449.1,7.0,26.9
0.297,0.302,U10,U10,6.0,6.0,SSPG,SSPG,0.952,0.952,0.125,0.36874947484943976,0.21215131250153293,0.4533664994160742,5.373014867708374,15.479578617132077,0.25819275718850165,0.44556538063799356,298bd809,-8.91130761275987,449.1,7.0,26.9
0.297,0.302,U10,U10,6.0,6.0,SSPG,SSPG,0.952,0.952,0.125,0.36930517872099855,0.20665335492194398,0.3151253353740253,5.516534669512633,15.663208980535224,0.26399798296597327,0.43373996896200334,b2c41f6f,-8.674799379240067,385.2,7.1,22.3
0.297,0.302,U10,U10,6.0,6.0,SSPG,SSPG,0.952,0.952,0.125,0.36930517872099855,0.20665335492194398,0.3151253353740253,5.0924792486205535,15.663208980535224,0.26399798296597327,0.43373996896200334,b2c41f6f,-8.674799379240067,385.2,7.1,22.3
0.297,0.302,U10,U10,6.0,6.0,SSPG,SSPG,0.952,0.952,0.125,0.36930517872099855,0.20665335492194398,0.3151253353740253,5.406222992550568,15.663208980535224,0.26399798296597327,0.43373996896200334,b2c41f6f,-8.674799379240067,385.2,7.1,22.3
0.297,0.302,U10,U10,6.0,6.0,SSPG,SSPG,0.952,0.952,0.125,0.36930517872099855,0.20665335492194398,0.3151253353740253,4.0524303319645965,15.663208980535224,0.26399798296597327,0.43373996896200334,b2c41f6f,-8.674799379240067,385.2,7.1,22.3
0.297,0.302,U10,U10,6.0,6.0,SSPG,SSPG,0.952,0.952,0.125,0.36930517872099855,0.20665335492194398,0.3151253353740253,5.388592385798976,15.663208980535224,0.26399798296597327,0.43373996896200334,b2c41f6f,-8.674799379240067,385.2,7.1,22.3
0.297,0.302,U10,U10,6.0,6.0,SSPG,SSPG,0.952,0.952,0.125,0.3771855389628957,0.2175958314271301,0.438994623450808,5.563935104619677,14.887347044279707,0.22476853242766903,0.48000651021035107,ba7b9a78,-9.600130204207021,402.6,7.3,23.2
0.297,0.302,U10,U10,6.0,6.0,SSPG,SSPG,0.952,0.952,0.125,0.3771855389628957,0.2175958314271301,0.438994623450808,4.859341527926443,14.887347044279707,0.22476853242766903,0.48000651021035107,ba7b9a78,-9.600130204207021,402.6,7.3,23.2
0.297,0.302,U10,U10,6.0,6.0,SSPG,SSPG,0.952,0.952,0.125,0.3771855389628957,0.2175958314271301,0.438994623450808,5.764206501471094,14.887347044279707,0.22476853242766903,0.48000651021035107,ba7b9a78,-9.600130204207021,402.6,7.3,23.2
0.297,0.302,U10,U10,6.0,6.0,SSPG,SSPG,0.952,0.952,0.125,0.3771855389628957,0.2175958314271301,0.438994623450808,5.236419221339309,14.887347044279707,0.22476853242766903,0.48000651021035107,ba7b9a78,-9.600130204207021,402.6,7.3,23.2
0.297,0.302,U10,U10,6.0,6.0,SSPG,SSPG,0.952,0.952,0.125,0.3771855389628957,0.2175958314271301,0.438994623450808,7.344944020931013,14.887347044279707,0.22476853242766903,0.48000651021035107,ba7b9a78,-9.600130204207021,402.6,7.3,23.2
0.297,0.302,U10,U10,6.0,6.0,SSPG,SSPG,0.952,0.952,0.125,0.3658645717871783,0.2059020855624148,0.24416516843158087,3.5960105937251083,12.928167197968248,0.2534483020023125,0.3366004340954444,389d2db3,-6.732008681908887,405.0,6.8,27.1
0.297,0.302,U10,U10,6.0,6.0,SSPG,SSPG,0.952,0.952,0.125,0.3658645717871783,0.2059020855624148,0.24416516843158087,4.312341501428764,12.928167197968248,0.2534483020023125,0.3366004340954444,389d2db3,-6.732008681908887,405.0,6.8,27.1
0.297,0.302,U10,U10,6.0,6.0,SSPG,SSPG,0.952,0.952,0.125,0.3658645717871783,0.2059020855624148,0.24416516843158087,3.640745236663818,12.928167197968248,0.2534483020023125,0.3366004340954444,389d2db3,-6.732008681908887,405.0,6.8,27.1
0.297,0.302,U10,U10,6.0,6.0,SSPG,SSPG,0.952,0.952,0.125,0.3658645717871783,0.2059020855624148,0.24416516843158087,3.6944694277706045,12.928167197968248,0.2534483020023125,0.3366004340954444,389d2db3,-6.732008681908887,405.0,6.8,27.1
0.297,0.302,U10,U10,6.0,6.0,SSPG,SSPG,0.952,0.952,0.125,0.3658645717871783,0.2059020855624148,0.24416516843158087,4.401888668956024,12.928167197968248,0.2534483020023125,0.3366004340954444,389d2db3,-6.732008681908887,405.0,6.8,27.1
0.297,0.302,U10,U10,6.0,6.0,SSPG,SSPG,0.952,0.952,0.125,0.3632750736945454,0.2000003128927499,0.4916548672466199,6.405960998603459,16.833132425403676,0.1826555767382627,0.5342679092510875,1fd53fb5,-10.68535818502175,373.3,7.4,24.5
0.297,0.302,U10,U10,6.0,6.0,SSPG,SSPG,0.952,0.952,0.125,0.3632750736945454,0.2000003128927499,0.4916548672466199,6.678136308037351,16.833132425403676,0.1826555767382627,0.5342679092510875,1fd53fb5,-10.68535818502175,373.3,7.4,24.5
0.297,0.302,U10,U10,6.0,6.0,SSPG,SSPG,0.952,0.952,0.125,0.3632750736945454,0.2000003128927499,0.4916548672466199,7.061788478195772,16.833132425403676,0.1826555767382627,0.5342679092510875,1fd53fb5,-10.68535818502175,373.3,7.4,24.5
0.297,0.302,U10,U10,6.0,6.0,SSPG,SSPG,0.952,0.952,0.125,0.3632750736945454,0.2000003128927499,0.4916548672466199,6.052757185072519,16.833132425403676,0.1826555767382627,0.5342679092510875,1fd53fb5,-10.68535818502175,373.3,7.4,24.5
0.297,0.302,U10,U10,6.0,6.0,SSPG,SSPG,0.952,0.952,0.125,0.3632750736945454,0.2000003128927499,0.4916548672466199,5.4768401999322345,16.833132425403676,0.1826555767382627,0.5342679092510875,1fd53fb5,-10.68535818502175,373.3,7.4,24.5
0.297,0.302,U10,U10,6.0,6.0,SSPG,SSPG,0.952,0.952,0.125,0.373293694226416,0.21637137709160673,0.43066936341780027,6.154142502065645,14.91725234876959,0.20903330529386904,0.4997743503155932,d6bb2f81,-9.995487006311864,389.1,7.4,22.3
0.297,0.302,U10,U10,6.0,6.0,SSPG,SSPG,0.952,0.952,0.125,0.373293694226416,0.21637137709160673,0.43066936341780027,6.3048137363670085,14.91725234876959,0.20903330529386904,0.4997743503155932,d6bb2f81,-9.995487006311864,389.1,7.4,22.3
0.297,0.302,U10,U10,6.0,6.0,SSPG,SSPG,0.952,0.952,0.125,0.373293694226416,0.21637137709160673,0.43066936341780027,5.766220185915116,14.91725234876959,0.20903330529386904,0.4997743503155932,d6bb2f81,-9.995487006311864,389.1,7.4,22.3
0.297,0.302,U10,U10,6.0,6.0,SSPG,SSPG,0.952,0.952,0.125,0.373293694226416,0.21637137709160673,0.43066936341780027,7.216400404251247,14.91725234876959,0.20903330529386904,0.4997743503155932,d6bb2f81,-9.995487006311864,389.1,7.4,22.3
0.297,0.302,U10,U10,6.0,6.0,SSPG,SSPG,0.952,0.952,0.125,0.373293694226416,0.21637137709160673,0.43066936341780027,4.605951898507813,14.91725234876959,0.20903330529386904,0.4997743503155932,d6bb2f81,-9.995487006311864,389.1,7.4,22.3
0.297,0.302,U10,U10,6.0,6.0,SSPG,SSPG,0.952,0.952,0.125,0.36487236062690076,0.20155373300610552,0.3542616195696071,5.18115295364401,16.391636542439407,0.2345148557457077,0.5191709683232958,784b1136,-10.383419366465915,375.3,7.6,24.7
0.297,0.302,U10,U10,6.0,6.0,SSPG,SSPG,0.952,0.952,0.125,0.36487236062690076,0.20155373300610552,0.3542616195696071,6.224181072507961,16.391636542439407,0.2345148557457077,0.5191709683232958,784b1136,-10.383419366465915,375.3,7.6,24.7
0.297,0.302,U10,U10,6.0,6.0,SSPG,SSPG,0.952,0.952,0.125,0.36487236062690076,0.20155373300610552,0.3542616195696071,6.321959067721525,16.391636542439407,0.2345148557457077,0.5191709683232958,784b1136,-10.383419366465915,375.3,7.6,24.7
0.297,0.302,U10,U10,6.0,6.0,SSPG,SSPG,0.952,0.952,0.125,0.36487236062690076,0.20155373300610552,0.3542616195696071,6.7869770640008005,16.391636542439407,0.2345148557457077,0.5191709683232958,784b1136,-10.383419366465915,375.3,7.6,24.7
0.297,0.302,U10,U10,6.0,6.0,SSPG,SSPG,0.952,0.952,0.125,0.36487236062690076,0.20155373300610552,0.3542616195696071,6.377916095395941,16.391636542439407,0.2345148557457077,0.5191709683232958,784b1136,-10.383419366465915,375.3,7.6,24.7
0.297,0.302,U10,U10,6.0,6.0,SSPG,SSPG,0.952,0.952,0.125,0.36535665376871784,0.22055098043415008,0.4461228449633601,5.891187318416979,19.72241130928492,0.16432110065747407,0.5119371304074813,4f41d7e0,-10.238742608149627,378.0,7.6,23.0
0.297,0.302,U10,U10,6.0,6.0,SSPG,SSPG,0.952,0.952,0.125,0.36535665376871784,0.22055098043415008,0.4461228449633601,6.474140624965313,19.72241130928492,0.16432110065747407,0.5119371304074813,4f41d7e0,-10.238742608149627,378.0,7.6,23.0
0.297,0.302,U10,U10,6.0,6.0,SSPG,SSPG,0.952,0.952,0.125,0.36535665376871784,0.22055098043415008,0.4461228449633601,6.4029221822472655,19.72241130928492,0.16432110065747407,0.5119371304074813,4f41d7e0,-10.238742608149627,378.0,7.6,23.0
0.297,0.302,U10,U10,6.0,6.0,SSPG,SSPG,0.952,0.952,0.125,0.36535665376871784,0.22055098043415008,0.4461228449633601,4.998544945786639,19.72241130928492,0.16432110065747407,0.5119371304074813,4f41d7e0,-10.238742608149627,378.0,7.6,23.0
0.297,0.302,U10,U10,6.0,6.0,SSPG,SSPG,0.952,0.952,0.125,0.36535665376871784,0.22055098043415008,0.4461228449633601,5.748977107697594,19.72241130928492,0.16432110065747407,0.5119371304074813,4f41d7e0,-10.238742608149627,378.0,7.6,23.0
0.297,0.302,U10,U10,6.0,6.0,SSPG,SSPG,0.952,0.952,0.125,0.37638771131026916,0.2159721769803588,0.4102920186673953,6.00064070617544,14.327522748428839,0.2038171083038673,0.48593941265572305,5eb1e704,-9.718788253114461,384.9,7.5,23.9
0.297,0.302,U10,U10,6.0,6.0,SSPG,SSPG,0.952,0.952,0.125,0.37638771131026916,0.2159721769803588,0.4102920186673953,5.536976395898837,14.327522748428839,0.2038171083038673,0.48593941265572305,5eb1e704,-9.718788253114461,384.9,7.5,23.9
0.297,0.302,U10,U10,6.0,6.0,SSPG,SSPG,0.952,0.952,0.125,0.37638771131026916,0.2159721769803588,0.4102920186673953,7.298991273701032,14.327522748428839,0.2038171083038673,0.48593941265572305,5eb1e704,-9.718788253114461,384.9,7.5,23.9
0.297,0.302,U10,U10,6.0,6.0,SSPG,SSPG,0.952,0.952,0.125,0.37638771131026916,0.2159721769803588,0.4102920186673953,4.74121595835991,14.327522748428839,0.2038171083038673,0.48593941265572305,5eb1e704,-9.718788253114461,384.9,7.5,23.9
0.297,0.302,U10,U10,6.0,6.0,SSPG,SSPG,0.952,0.952,0.125,0.37638771131026916,0.2159721769803588,0.4102920186673953,5.152286658205527,14.327522748428839,0.2038171083038673,0.48593941265572305,5eb1e704,-9.718788253114461,384.9,7.5,23.9
0.297,0.302,U10,U10,6.0,6.0,SSPG,SSPG,0.952,0.952,0.125,0.37255875010467104,0.20002633690352448,0.4673215154934671,5.721720165105619,18.9763273129665,0.15165426837670237,0.48547336708954036,b4d1682b,-9.709467341790807,317.3,8.2,23.1
0.297,0.302,U10,U10,6.0,6.0,SSPG,SSPG,0.952,0.952,0.125,0.37255875010467104,0.20002633690352448,0.4673215154934671,7.188478812820383,18.9763273129665,0.15165426837670237,0.48547336708954036,b4d1682b,-9.709467341790807,317.3,8.2,23.1
0.297,0.302,U10,U10,6.0,6.0,SSPG,SSPG,0.952,0.952,0.125,0.37255875010467104,0.20002633690352448,0.4673215154934671,6.148628593661589,18.9763273129665,0.15165426837670237,0.48547336708954036,b4d1682b,-9.709467341790807,317.3,8.2,23.1
0.297,0.302,U10,U10,6.0,6.0,SSPG,SSPG,0.952,0.952,0.125,0.37255875010467104,0.20002633690352448,0.4673215154934671,4.100939095791817,18.9763273129665,0.15165426837670237,0.48547336708954036,b4d1682b,-9.709467341790807,317.3,8.2,23.1
0.297,0.302,U10,U10,6.0,6.0,SSPG,SSPG,0.952,0.952,0.125,0.37255875010467104,0.20002633690352448,0.4673215154934671,5.545072983464985,18.9763273129665,0.15165426837670237,0.48547336708954036,b4d1682b,-9.709467341790807,317.3,8.2,23.1
0.297,0.302,U10,U10,6.0,6.0,SSPG,SSPG,0.952,0.952,0.125,0.37780490600378386,0.21003957676927132,0.46007803540765657,5.904077558998871,15.43366486319283,0.2076093033069362,0.5114047054409132,354356f2,-10.228094108818265,386.2,7.5,25.7
0.297,0.302,U10,U10,6.0,6.0,SSPG,SSPG,0.952,0.952,0.125,0.37780490600378386,0.21003957676927132,0.46007803540765657,5.18479697382361,15.43366486319283,0.2076093033069362,0.5114047054409132,354356f2,-10.228094108818265,386.2,7.5,25.7
0.297,0.302,U10,U10,6.0,6.0,SSPG,SSPG,0.952,0.952,0.125,0.37780490600378386,0.21003957676927132,0.46007803540765657,7.084916472283253,15.43366486319283,0.2076093033069362,0.5114047054409132,354356f2,-10.228094108818265,386.2,7.5,25.7
0.297,0.302,U10,U10,6.0,6.0,SSPG,SSPG,0.952,0.952,0.125,0.37780490600378386,0.21003957676927132,0.46007803540765657,5.188007289012831,15.43366486319283,0.2076093033069362,0.5114047054409132,354356f2,-10.228094108818265,386.2,7.5,25.7
0.297,0.302,U10,U10,6.0,6.0,SSPG,SSPG,0.952,0.952,0.125,0.37780490600378386,0.21003957676927132,0.46007803540765657,5.586819716905753,15.43366486319283,0.2076093033069362,0.5114047054409132,354356f2,-10.228094108818265,386.2,7.5,25.7
0.297,0.302,U10,U10,6.0,6.0,SSPG,SSPG,0.952,0.952,0.125,0.3643777087414171,0.20742653897932295,0.4969354918963873,5.532285054927089,17.29498936822558,0.18482217250210706,0.5533625158461741,17c60797,-11.067250316923483,382.7,7.8,23.4
0.297,0.302,U10,U10,6.0,6.0,SSPG,SSPG,0.952,0.952,0.125,0.3643777087414171,0.20742653897932295,0.4969354918963873,5.582772355819462,17.29498936822558,0.18482217250210706,0.5533625158461741,17c60797,-11.067250316923483,382.7,7.8,23.4
0.297,0.302,U10,U10,6.0,6.0,SSPG,SSPG,0.952,0.952,0.125,0.3643777087414171,0.20742653897932295,0.4969354918963873,5.526949551155701,17.29498936822558,0.18482217250210706,0.5533625158461741,17c60797,-11.067250316923483,382.7,7.8,23.4
0.297,0.302,U10,U10,6.0,6.0,SSPG,SSPG,0.952,0.952,0.125,0.3643777087414171,0.20742653897932295,0.4969354918963873,5.775325817759343,17.29498936822558,0.18482217250210706,0.5533625158461741,17c60797,-11.067250316923483,382.7,7.8,23.4
0.297,0.302,U10,U10,6.0,6.0,SSPG,SSPG,0.952,0.952,0.125,0.3643777087414171,0.20742653897932295,0.4969354918963873,7.030730265128444,17.29498936822558,0.18482217250210706,0.5533625158461741,17c60797,-11.067250316923483,382.7,7.8,23.4
0.297,0.302,U10,U10,6.0,6.0,SSPG,SSPG,0.952,0.952,0.125,0.3662723836310631,0.20927466252505256,0.5069908294924912,3.2513404033498037,19.64875085992541,0.1520012809261251,0.47100244389461376,0305f10a,-9.420048877892276,359.6,7.4,23.7
0.297,0.302,U10,U10,6.0,6.0,SSPG,SSPG,0.952,0.952,0.125,0.3662723836310631,0.20927466252505256,0.5069908294924912,6.294335127468327,19.64875085992541,0.1520012809261251,0.47100244389461376,0305f10a,-9.420048877892276,359.6,7.4,23.7
0.297,0.302,U10,U10,6.0,6.0,SSPG,SSPG,0.952,0.952,0.125,0.3662723836310631,0.20927466252505256,0.5069908294924912,3.411893768068631,19.64875085992541,0.1520012809261251,0.47100244389461376,0305f10a,-9.420048877892276,359.6,7.4,23.7
0.297,0.302,U10,U10,6.0,6.0,SSPG,SSPG,0.952,0.952,0.125,0.3662723836310631,0.20927466252505256,0.5069908294924912,6.466136097712267,19.64875085992541,0.1520012809261251,0.47100244389461376,0305f10a,-9.420048877892276,359.6,7.4,23.7
0.297,0.302,U10,U10,6.0,6.0,SSPG,SSPG,0.952,0.952,0.125,0.3662723836310631,0.20927466252505256,0.5069908294924912,4.390665901606342,19.64875085992541,0.1520012809261251,0.47100244389461376,0305f10a,-9.420048877892276,359.6,7.4,23.7
0.297,0.302,U10,U10,6.0,6.0,SSPG,SSPG,0.952,0.952,0.125,0.3530809598193497,0.20819479856656117,0.5551914504932625,4.03811518846683,21.69804290845746,0.14564023866105238,0.4388806908974016,0195d8e4,-8.777613817948032,392.9,7.7,23.5
0.297,0.302,U10,U10,6.0,6.0,SSPG,SSPG,0.952,0.952,0.125,0.3530809598193497,0.20819479856656117,0.5551914504932625,5.8060578756331385,21.69804290845746,0.14564023866105238,0.4388806908974016,0195d8e4,-8.777613817948032,392.9,7.7,23.5
0.297,0.302,U10,U10,6.0,6.0,SSPG,SSPG,0.952,0.952,0.125,0.3530809598193497,0.20819479856656117,0.5551914504932625,2.42444550046194,21.69804290845746,0.14564023866105238,0.4388806908974016,0195d8e4,-8.777613817948032,392.9,7.7,23.5
0.297,0.302,U10,U10,6.0,6.0,SSPG,SSPG,0.952,0.952,0.125,0.3530809598193497,0.20819479856656117,0.5551914504932625,4.64561996485432,21.69804290845746,0.14564023866105238,0.4388806908974016,0195d8e4,-8.777613817948032,392.9,7.7,23.5
0.297,0.302,U10,U10,6.0,6.0,SSPG,SSPG,0.952,0.952,0.125,0.3530809598193497,0.20819479856656117,0.5551914504932625,4.357457100882796,21.69804290845746,0.14564023866105238,0.4388806908974016,0195d8e4,-8.777613817948032,392.9,7.7,23.5
0.297,0.302,U10,U10,6.0,6.0,SSPG,SSPG,0.952,0.952,0.125,0.3589218794050386,0.20275510257706258,0.42849297119691565,4.842161266891278,17.22417784994699,0.18582292558325816,0.5360209571987838,3035495d,-10.720419143975677,364.1,7.6,22.7
0.297,0.302,U10,U10,6.0,6.0,SSPG,SSPG,0.952,0.952,0.125,0.3589218794050386,0.20275510257706258,0.42849297119691565,5.767751286224744,17.22417784994699,0.18582292558325816,0.5360209571987838,3035495d,-10.720419143975677,364.1,7.6,22.7
0.297,0.302,U10,U10,6.0,6.0,SSPG,SSPG,0.952,0.952,0.125,0.3589218794050386,0.20275510257706258,0.42849297119691565,3.250256386148368,17.22417784994699,0.18582292558325816,0.5360209571987838,3035495d,-10.720419143975677,364.1,7.6,22.7
0.297,0.302,U10,U10,6.0,6.0,SSPG,SSPG,0.952,0.952,0.125,0.3589218794050386,0.20275510257706258,0.42849297119691565,6.233443714563297,17.22417784994699,0.18582292558325816,0.5360209571987838,3035495d,-10.720419143975677,364.1,7.6,22.7
0.297,0.302,U10,U10,6.0,6.0,SSPG,SSPG,0.952,0.952,0.125,0.3589218794050386,0.20275510257706258,0.42849297119691565,4.2843841076295,17.22417784994699,0.18582292558325816,0.5360209571987838,3035495d,-10.720419143975677,364.1,7.6,22.7
0.297,0.302,U10,U10,6.0,6.0,SSPG,SSPG,0.952,0.952,0.125,0.36206441662325856,0.20553423424431205,0.5315421338496957,5.095250553354848,16.84568386497647,0.20049309367475837,0.5539717595195225,f167a454,-11.07943519039045,408.6,7.9,24.7
0.297,0.302,U10,U10,6.0,6.0,SSPG,SSPG,0.952,0.952,0.125,0.36206441662325856,0.20553423424431205,0.5315421338496957,5.846274923672862,16.84568386497647,0.20049309367475837,0.5539717595195225,f167a454,-11.07943519039045,408.6,7.9,24.7
0.297,0.302,U10,U10,6.0,6.0,SSPG,SSPG,0.952,0.952,0.125,0.36206441662325856,0.20553423424431205,0.5315421338496957,3.179815230425943,16.84568386497647,0.20049309367475837,0.5539717595195225,f167a454,-11.07943519039045,408.6,7.9,24.7
0.297,0.302,U10,U10,6.0,6.0,SSPG,SSPG,0.952,0.952,0.125,0.36206441662325856,0.20553423424431205,0.5315421338496957,4.412794333681715,16.84568386497647,0.20049309367475837,0.5539717595195225,f167a454,-11.07943519039045,408.6,7.9,24.7
0.297,0.302,U10,U10,6.0,6.0,SSPG,SSPG,0.952,0.952,0.125,0.36206441662325856,0.20553423424431205,0.5315421338496957,6.1237114701744755,16.84568386497647,0.20049309367475837,0.5539717595195225,f167a454,-11.07943519039045,408.6,7.9,24.7
0.297,0.302,U10,U10,6.0,6.0,SSPG,SSPG,0.952,0.952,0.125,0.37007414434433883,0.20003926222505988,0.5674176040721517,4.584708996748446,15.675039346581437,0.19226824405111473,0.528065760521931,66d88574,-10.56131521043862,382.4,7.8,23.7
0.297,0.302,U10,U10,6.0,6.0,SSPG,SSPG,0.952,0.952,0.125,0.37007414434433883,0.20003926222505988,0.5674176040721517,5.498707370990365,15.675039346581437,0.19226824405111473,0.528065760521931,66d88574,-10.56131521043862,382.4,7.8,23.7
0.297,0.302,U10,U10,6.0,6.0,SSPG,SSPG,0.952,0.952,0.125,0.37007414434433883,0.20003926222505988,0.5674176040721517,3.2961066895153426,15.675039346581437,0.19226824405111473,0.528065760521931,66d88574,-10.56131521043862,382.4,7.8,23.7
0.297,0.302,U10,U10,6.0,6.0,SSPG,SSPG,0.952,0.952,0.125,0.37007414434433883,0.20003926222505988,0.5674176040721517,4.197417973256551,15.675039346581437,0.19226824405111473,0.528065760521931,66d88574,-10.56131521043862,382.4,7.8,23.7
0.297,0.302,U10,U10,6.0,6.0,SSPG,SSPG,0.952,0.952,0.125,0.37007414434433883,0.20003926222505988,0.5674176040721517,5.688163119045506,15.675039346581437,0.19226824405111473,0.528065760521931,66d88574,-10.56131521043862,382.4,7.8,23.7
0.297,0.302,U10,U10,6.0,6.0,SSPG,SSPG,0.952,0.952,0.125,0.3547387610868062,0.20320160197654857,0.33361447352153384,4.713826824501317,17.114182524293348,0.20935631771328123,0.5586558835642903,2e01beb3,-11.173117671285805,370.4,7.8,24.0
0.297,0.302,U10,U10,6.0,6.0,SSPG,SSPG,0.952,0.952,0.125,0.3547387610868062,0.20320160197654857,0.33361447352153384,7.2875933650066935,17.114182524293348,0.20935631771328123,0.5586558835642903,2e01beb3,-11.173117671285805,370.4,7.8,24.0
0.297,0.302,U10,U10,6.0,6.0,SSPG,SSPG,0.952,0.952,0.125,0.3547387610868062,0.20320160197654857,0.33361447352153384,3.1842208638173006,17.114182524293348,0.20935631771328123,0.5586558835642903,2e01beb3,-11.173117671285805,370.4,7.8,24.0
0.297,0.302,U10,U10,6.0,6.0,SSPG,SSPG,0.952,0.952,0.125,0.3547387610868062,0.20320160197654857,0.33361447352153384,4.602198614644317,17.114182524293348,0.20935631771328123,0.5586558835642903,2e01beb3,-11.173117671285805,370.4,7.8,24.0
0.297,0.302,U10,U10,6.0,6.0,SSPG,SSPG,0.952,0.952,0.125,0.3547387610868062,0.20320160197654857,0.33361447352153384,5.713926290311517,17.114182524293348,0.20935631771328123,0.5586558835642903,2e01beb3,-11.173117671285805,370.4,7.8,24.0
0.297,0.302,U10,U10,6.0,6.0,SSPG,SSPG,0.952,0.952,0.125,0.36960345203286155,0.20012190876476837,0.48835604080857253,3.1140764523369118,15.809923956124296,0.235621362186208,0.4968180791417148,79756703,-9.936361582834296,389.6,7.6,23.0
0.297,0.302,U10,U10,6.0,6.0,SSPG,SSPG,0.952,0.952,0.125,0.36960345203286155,0.20012190876476837,0.48835604080857253,6.733945789329422,15.809923956124296,0.235621362186208,0.4968180791417148,79756703,-9.936361582834296,389.6,7.6,23.0
0.297,0.302,U10,U10,6.0,6.0,SSPG,SSPG,0.952,0.952,0.125,0.36960345203286155,0.20012190876476837,0.48835604080857253,2.768143798284509,15.809923956124296,0.235621362186208,0.4968180791417148,79756703,-9.936361582834296,389.6,7.6,23.0
0.297,0.302,U10,U10,6.0,6.0,SSPG,SSPG,0.952,0.952,0.125,0.36960345203286155,0.20012190876476837,0.48835604080857253,4.3919715899329566,15.809923956124296,0.235621362186208,0.4968180791417148,79756703,-9.936361582834296,389.6,7.6,23.0
0.297,0.302,U10,U10,6.0,6.0,SSPG,SSPG,0.952,0.952,0.125,0.36960345203286155,0.20012190876476837,0.48835604080857253,6.378366804356337,15.809923956124296,0.235621362186208,0.4968180791417148,79756703,-9.936361582834296,389.6,7.6,23.0
0.297,0.302,U10,U10,6.0,6.0,SSPG,SSPG,0.952,0.952,0.125,0.34725811262198425,0.2004802091603717,0.33483398507862194,4.678873296823753,16.471157422685046,0.22538873374804966,0.5347506555140271,14e91502,-10.695013110280541,390.7,7.3,23.6
0.297,0.302,U10,U10,6.0,6.0,SSPG,SSPG,0.952,0.952,0.125,0.34725811262198425,0.2004802091603717,0.33483398507862194,5.557444543232684,16.471157422685046,0.22538873374804966,0.5347506555140271,14e91502,-10.695013110280541,390.7,7.3,23.6
0.297,0.302,U10,U10,6.0,6.0,SSPG,SSPG,0.952,0.952,0.125,0.34725811262198425,0.2004802091603717,0.33483398507862194,2.9176668796904854,16.471157422685046,0.22538873374804966,0.5347506555140271,14e91502,-10.695013110280541,390.7,7.3,23.6
0.297,0.302,U10,U10,6.0,6.0,SSPG,SSPG,0.952,0.952,0.125,0.34725811262198425,0.2004802091603717,0.33483398507862194,3.6524311145753297,16.471157422685046,0.22538873374804966,0.5347506555140271,14e91502,-10.695013110280541,390.7,7.3,23.6
0.297,0.302,U10,U10,6.0,6.0,SSPG,SSPG,0.952,0.952,0.125,0.34725811262198425,0.2004802091603717,0.33483398507862194,7.205779041733269,16.471157422685046,0.22538873374804966,0.5347506555140271,14e91502,-10.695013110280541,390.7,7.3,23.6
0.297,0.302,U10,U10,6.0,6.0,SSPG,SSPG,0.952,0.952,0.125,0.3553634260755766,0.2003773875094219,0.41175134456450846,7.503908807998227,17.6769354378288,0.18655614177490762,0.5595195179795717,10bf4fbf,-11.190390359591433,367.7,8.2,23.7
0.297,0.302,U10,U10,6.0,6.0,SSPG,SSPG,0.952,0.952,0.125,0.3553634260755766,0.2003773875094219,0.41175134456450846,6.8841356306113815,17.6769354378288,0.18655614177490762,0.5595195179795717,10bf4fbf,-11.190390359591433,367.7,8.2,23.7
0.297,0.302,U10,U10,6.0,6.0,SSPG,SSPG,0.952,0.952,0.125,0.3553634260755766,0.2003773875094219,0.41175134456450846,8.2328372349696,17.6769354378288,0.18655614177490762,0.5595195179795717,10bf4fbf,-11.190390359591433,367.7,8.2,23.7
0.297,0.302,U10,U10,6.0,6.0,SSPG,SSPG,0.952,0.952,0.125,0.3553634260755766,0.2003773875094219,0.41175134456450846,6.262044087200751,17.6769354378288,0.18655614177490762,0.5595195179795717,10bf4fbf,-11.190390359591433,367.7,8.2,23.7
0.297,0.302,U10,U10,6.0,6.0,SSPG,SSPG,0.952,0.952,0.125,0.3553634260755766,0.2003773875094219,0.41175134456450846,7.597116768012889,17.6769354378288,0.18655614177490762,0.5595195179795717,10bf4fbf,-11.190390359591433,367.7,8.2,23.7
0.297,0.302,U10,U10,6.0,6.0,SSPG,SSPG,0.952,0.952,0.125,0.35891754890431893,0.2180566737179271,0.3488429472210888,6.593780178625375,17.2162879847196,0.18444682960352418,0.5415170017597957,c49c44a8,-10.830340035195913,388.6,7.5,24.8
0.297,0.302,U10,U10,6.0,6.0,SSPG,SSPG,0.952,0.952,0.125,0.35891754890431893,0.2180566737179271,0.3488429472210888,6.896690026870064,17.2162879847196,0.18444682960352418,0.5415170017597957,c49c44a8,-10.830340035195913,388.6,7.5,24.8
0.297,0.302,U10,U10,6.0,6.0,SSPG,SSPG,0.952,0.952,0.125,0.35891754890431893,0.2180566737179271,0.3488429472210888,7.03847251453107,17.2162879847196,0.18444682960352418,0.5415170017597957,c49c44a8,-10.830340035195913,388.6,7.5,24.8
0.297,0.302,U10,U10,6.0,6.0,SSPG,SSPG,0.952,0.952,0.125,0.35891754890431893,0.2180566737179271,0.3488429472210888,7.414582869120639,17.2162879847196,0.18444682960352418,0.5415170017597957,c49c44a8,-10.830340035195913,388.6,7.5,24.8
0.297,0.302,U10,U10,6.0,6.0,SSPG,SSPG,0.952,0.952,0.125,0.35891754890431893,0.2180566737179271,0.3488429472210888,6.585368257226371,17.2162879847196,0.18444682960352418,0.5415170017597957,c49c44a8,-10.830340035195913,388.6,7.5,24.8
0.297,0.302,U10,U10,6.0,6.0,SSPG,SSPG,0.952,0.952,0.125,0.35707125446852156,0.20517212810725793,0.3991861486164521,5.6355401520308455,16.84279265624694,0.26268442392543095,0.4927649910584813,fa9020c3,-9.855299821169627,420.5,7.3,24.1
0.297,0.302,U10,U10,6.0,6.0,SSPG,SSPG,0.952,0.952,0.125,0.35707125446852156,0.20517212810725793,0.3991861486164521,5.3920105529913265,16.84279265624694,0.26268442392543095,0.4927649910584813,fa9020c3,-9.855299821169627,420.5,7.3,24.1
0.297,0.302,U10,U10,6.0,6.0,SSPG,SSPG,0.952,0.952,0.125,0.35707125446852156,0.20517212810725793,0.3991861486164521,5.04971065414558,16.84279265624694,0.26268442392543095,0.4927649910584813,fa9020c3,-9.855299821169627,420.5,7.3,24.1
0.297,0.302,U10,U10,6.0,6.0,SSPG,SSPG,0.952,0.952,0.125,0.35707125446852156,0.20517212810725793,0.3991861486164521,7.992598990898923,16.84279265624694,0.26268442392543095,0.4927649910584813,fa9020c3,-9.855299821169627,420.5,7.3,24.1
0.297,0.302,U10,U10,6.0,6.0,SSPG,SSPG,0.952,0.952,0.125,0.35707125446852156,0.20517212810725793,0.3991861486164521,6.303659860362677,16.84279265624694,0.26268442392543095,0.4927649910584813,fa9020c3,-9.855299821169627,420.5,7.3,24.1
0.297,0.302,U10,U10,6.0,6.0,SSPG,SSPG,0.952,0.952,0.125,0.3544816052425312,0.20141769900363954,0.3737206367493908,7.522937339679638,17.650850051459162,0.19442920479633494,0.5628646915259945,58e01438,-11.25729383051989,371.0,8.1,24.5
0.297,0.302,U10,U10,6.0,6.0,SSPG,SSPG,0.952,0.952,0.125,0.3544816052425312,0.20141769900363954,0.3737206367493908,5.274456490063014,17.650850051459162,0.19442920479633494,0.5628646915259945,58e01438,-11.25729383051989,371.0,8.1,24.5
0.297,0.302,U10,U10,6.0,6.0,SSPG,SSPG,0.952,0.952,0.125,0.3544816052425312,0.20141769900363954,0.3737206367493908,6.999124309971286,17.650850051459162,0.19442920479633494,0.5628646915259945,58e01438,-11.25729383051989,371.0,8.1,24.5
0.297,0.302,U10,U10,6.0,6.0,SSPG,SSPG,0.952,0.952,0.125,0.3544816052425312,0.20141769900363954,0.3737206367493908,7.534245297933418,17.650850051459162,0.19442920479633494,0.5628646915259945,58e01438,-11.25729383051989,371.0,8.1,24.5
0.297,0.302,U10,U10,6.0,6.0,SSPG,SSPG,0.952,0.952,0.125,0.3544816052425312,0.20141769900363954,0.3737206367493908,6.453217217302364,17.650850051459162,0.19442920479633494,0.5628646915259945,58e01438,-11.25729383051989,371.0,8.1,24.5
0.297,0.302,U10,U10,6.0,6.0,SSPG,SSPG,0.952,0.952,0.125,0.34878848076997593,0.20665744969213581,0.3852915202215281,5.5078527183686,21.86118726779331,0.14568467634203341,0.4420683495913324,661cecdf,-8.841366991826648,352.8,8.0,22.5
0.297,0.302,U10,U10,6.0,6.0,SSPG,SSPG,0.952,0.952,0.125,0.34878848076997593,0.20665744969213581,0.3852915202215281,5.403834352791942,21.86118726779331,0.14568467634203341,0.4420683495913324,661cecdf,-8.841366991826648,352.8,8.0,22.5
0.297,0.302,U10,U10,6.0,6.0,SSPG,SSPG,0.952,0.952,0.125,0.34878848076997593,0.20665744969213581,0.3852915202215281,4.17395063518478,21.86118726779331,0.14568467634203341,0.4420683495913324,661cecdf,-8.841366991826648,352.8,8.0,22.5
0.297,0.302,U10,U10,6.0,6.0,SSPG,SSPG,0.952,0.952,0.125,0.34878848076997593,0.20665744969213581,0.3852915202215281,6.779064497482118,21.86118726779331,0.14568467634203341,0.4420683495913324,661cecdf,-8.841366991826648,352.8,8.0,22.5
0.297,0.302,U10,U10,6.0,6.0,SSPG,SSPG,0.952,0.952,0.125,0.34878848076997593,0.20665744969213581,0.3852915202215281,5.079734275119856,21.86118726779331,0.14568467634203341,0.4420683495913324,661cecdf,-8.841366991826648,352.8,8.0,22.5
0.297,0.302,U10,U10,6.0,6.0,SSPG,SSPG,0.952,0.952,0.125,0.347864274468035,0.20020533619104094,0.3582836372184368,6.61461171896871,17.781409621513642,0.24436667866055925,0.5539958731940654,a4918a59,-11.079917463881308,405.0,8.1,24.7
0.297,0.302,U10,U10,6.0,6.0,SSPG,SSPG,0.952,0.952,0.125,0.347864274468035,0.20020533619104094,0.3582836372184368,6.3201635969823755,17.781409621513642,0.24436667866055925,0.5539958731940654,a4918a59,-11.079917463881308,405.0,8.1,24.7
0.297,0.302,U10,U10,6.0,6.0,SSPG,SSPG,0.952,0.952,0.125,0.347864274468035,0.20020533619104094,0.3582836372184368,6.458915392201252,17.781409621513642,0.24436667866055925,0.5539958731940654,a4918a59,-11.079917463881308,405.0,8.1,24.7
0.297,0.302,U10,U10,6.0,6.0,SSPG,SSPG,0.952,0.952,0.125,0.347864274468035,0.20020533619104094,0.3582836372184368,6.855631302930519,17.781409621513642,0.24436667866055925,0.5539958731940654,a4918a59,-11.079917463881308,405.0,8.1,24.7
0.297,0.302,U10,U10,6.0,6.0,SSPG,SSPG,0.952,0.952,0.125,0.347864274468035,0.20020533619104094,0.3582836372184368,6.2282775591134305,17.781409621513642,0.24436667866055925,0.5539958731940654,a4918a59,-11.079917463881308,405.0,8.1,24.7
0.297,0.302,U10,U10,6.0,6.0,SSPG,SSPG,0.952,0.952,0.125,0.34031184590013064,0.22188255349735422,0.25130729827144327,4.719263685236721,22.368781932009725,0.14884768736133314,0.45323588333687087,fdcab230,-9.064717666737417,384.5,7.8,22.7
0.297,0.302,U10,U10,6.0,6.0,SSPG,SSPG,0.952,0.952,0.125,0.34031184590013064,0.22188255349735422,0.25130729827144327,4.92442195546896,22.368781932009725,0.14884768736133314,0.45323588333687087,fdcab230,-9.064717666737417,384.5,7.8,22.7
0.297,0.302,U10,U10,6.0,6.0,SSPG,SSPG,0.952,0.952,0.125,0.34031184590013064,0.22188255349735422,0.25130729827144327,6.041297612486043,22.368781932009725,0.14884768736133314,0.45323588333687087,fdcab230,-9.064717666737417,384.5,7.8,22.7
0.297,0.302,U10,U10,6.0,6.0,SSPG,SSPG,0.952,0.952,0.125,0.34031184590013064,0.22188255349735422,0.25130729827144327,4.817278968593748,22.368781932009725,0.14884768736133314,0.45323588333687087,fdcab230,-9.064717666737417,384.5,7.8,22.7
0.297,0.302,U10,U10,6.0,6.0,SSPG,SSPG,0.952,0.952,0.125,0.34031184590013064,0.22188255349735422,0.25130729827144327,5.769725259267242,22.368781932009725,0.14884768736133314,0.45323588333687087,fdcab230,-9.064717666737417,384.5,7.8,22.7
0.297,0.302,U10,U10,6.0,6.0,SSPG,SSPG,0.952,0.952,0.125,0.36178886964568413,0.20413532882229254,0.44322814923886256,5.573689944556474,16.521203692710955,0.1860894601630938,0.5457647592662465,745069fa,-10.91529518532493,380.6,8.0,25.3
0.297,0.302,U10,U10,6.0,6.0,SSPG,SSPG,0.952,0.952,0.125,0.36178886964568413,0.20413532882229254,0.44322814923886256,6.22839495560722,16.521203692710955,0.1860894601630938,0.5457647592662465,745069fa,-10.91529518532493,380.6,8.0,25.3
0.297,0.302,U10,U10,6.0,6.0,SSPG,SSPG,0.952,0.952,0.125,0.36178886964568413,0.20413532882229254,0.44322814923886256,5.035578114700969,16.521203692710955,0.1860894601630938,0.5457647592662465,745069fa,-10.91529518532493,380.6,8.0,25.3
0.297,0.302,U10,U10,6.0,6.0,SSPG,SSPG,0.952,0.952,0.125,0.36178886964568413,0.20413532882229254,0.44322814923886256,6.325936309206473,16.521203692710955,0.1860894601630938,0.5457647592662465,745069fa,-10.91529518532493,380.6,8.0,25.3
0.297,0.302,U10,U10,6.0,6.0,SSPG,SSPG,0.952,0.952,0.125,0.36178886964568413,0.20413532882229254,0.44322814923886256,8.253869165850407,16.521203692710955,0.1860894601630938,0.5457647592662465,745069fa,-10.91529518532493,380.6,8.0,25.3
0.297,0.302,U10,U10,6.0,6.0,SSPG,SSPG,0.952,0.952,0.125,0.3626816860235756,0.2000955172801257,0.38694691412998306,6.502776207716679,16.637235837914123,0.19534260139225834,0.5407130081604664,eb6e6e3f,-10.814260163209328,360.9,8.3,24.7
0.297,0.302,U10,U10,6.0,6.0,SSPG,SSPG,0.952,0.952,0.125,0.3626816860235756,0.2000955172801257,0.38694691412998306,8.831718795676956,16.637235837914123,0.19534260139225834,0.5407130081604664,eb6e6e3f,-10.814260163209328,360.9,8.3,24.7
0.297,0.302,U10,U10,6.0,6.0,SSPG,SSPG,0.952,0.952,0.125,0.3626816860235756,0.2000955172801257,0.38694691412998306,7.037618331325024,16.637235837914123,0.19534260139225834,0.5407130081604664,eb6e6e3f,-10.814260163209328,360.9,8.3,24.7
0.297,0.302,U10,U10,6.0,6.0,SSPG,SSPG,0.952,0.952,0.125,0.3626816860235756,0.2000955172801257,0.38694691412998306,7.910051978736496,16.637235837914123,0.19534260139225834,0.5407130081604664,eb6e6e3f,-10.814260163209328,360.9,8.3,24.7
0.297,0.302,U10,U10,6.0,6.0,SSPG,SSPG,0.952,0.952,0.125,0.3626816860235756,0.2000955172801257,0.38694691412998306,5.745148822122889,16.637235837914123,0.19534260139225834,0.5407130081604664,eb6e6e3f,-10.814260163209328,360.9,8.3,24.7
0.297,0.302,U10,U10,6.0,6.0,SSPG,SSPG,0.952,0.952,0.125,0.361463897092051,0.2116640285147666,0.3540004403992465,5.53707756102643,15.48960093197168,0.21806872046586742,0.5107933667051862,6c050679,-10.215867334103724,391.5,7.6,23.4
0.297,0.302,U10,U10,6.0,6.0,SSPG,SSPG,0.952,0.952,0.125,0.361463897092051,0.2116640285147666,0.3540004403992465,5.696432750805052,15.48960093197168,0.21806872046586742,0.5107933667051862,6c050679,-10.215867334103724,391.5,7.6,23.4
0.297,0.302,U10,U10,6.0,6.0,SSPG,SSPG,0.952,0.952,0.125,0.361463897092051,0.2116640285147666,0.3540004403992465,6.558088737572177,15.48960093197168,0.21806872046586742,0.5107933667051862,6c050679,-10.215867334103724,391.5,7.6,23.4
0.297,0.302,U10,U10,6.0,6.0,SSPG,SSPG,0.952,0.952,0.125,0.361463897092051,0.2116640285147666,0.3540004403992465,5.875752249993909,15.48960093197168,0.21806872046586742,0.5107933667051862,6c050679,-10.215867334103724,391.5,7.6,23.4
0.297,0.302,U10,U10,6.0,6.0,SSPG,SSPG,0.952,0.952,0.125,0.361463897092051,0.2116640285147666,0.3540004403992465,7.920231649334673,15.48960093197168,0.21806872046586742,0.5107933667051862,6c050679,-10.215867334103724,391.5,7.6,23.4
0.297,0.302,U10,U10,6.0,6.0,SSPG,SSPG,0.952,0.952,0.125,0.3578338790112614,0.20902475399633536,0.3313545090555219,6.020956104720642,20.19336050060761,0.15673318487988996,0.4832637006412039,e720e98d,-9.665274012824078,352.0,8.5,27.0
0.297,0.302,U10,U10,6.0,6.0,SSPG,SSPG,0.952,0.952,0.125,0.3578338790112614,0.20902475399633536,0.3313545090555219,6.92822064380293,20.19336050060761,0.15673318487988996,0.4832637006412039,e720e98d,-9.665274012824078,352.0,8.5,27.0
0.297,0.302,U10,U10,6.0,6.0,SSPG,SSPG,0.952,0.952,0.125,0.3578338790112614,0.20902475399633536,0.3313545090555219,4.598438430493757,20.19336050060761,0.15673318487988996,0.4832637006412039,e720e98d,-9.665274012824078,352.0,8.5,27.0
0.297,0.302,U10,U10,6.0,6.0,SSPG,SSPG,0.952,0.952,0.125,0.3578338790112614,0.20902475399633536,0.3313545090555219,4.99445564310704,20.19336050060761,0.15673318487988996,0.4832637006412039,e720e98d,-9.665274012824078,352.0,8.5,27.0
0.297,0.302,U10,U10,6.0,6.0,SSPG,SSPG,0.952,0.952,0.125,0.3578338790112614,0.20902475399633536,0.3313545090555219,6.565163606917718,20.19336050060761,0.15673318487988996,0.4832637006412039,e720e98d,-9.665274012824078,352.0,8.5,27.0
0.297,0.302,U10,U10,6.0,6.0,SSPG,SSPG,0.952,0.952,0.125,0.3482178356143246,0.20748001577169767,0.42318204693317063,6.375831168124005,22.086953917636418,0.15006179944973,0.46352763706800576,51c0f6a1,-9.270552741360115,379.3,7.8,24.9
0.297,0.302,U10,U10,6.0,6.0,SSPG,SSPG,0.952,0.952,0.125,0.3482178356143246,0.20748001577169767,0.42318204693317063,4.937250835536064,22.086953917636418,0.15006179944973,0.46352763706800576,51c0f6a1,-9.270552741360115,379.3,7.8,24.9
0.297,0.302,U10,U10,6.0,6.0,SSPG,SSPG,0.952,0.952,0.125,0.3482178356143246,0.20748001577169767,0.42318204693317063,4.774006173884041,22.086953917636418,0.15006179944973,0.46352763706800576,51c0f6a1,-9.270552741360115,379.3,7.8,24.9
0.297,0.302,U10,U10,6.0,6.0,SSPG,SSPG,0.952,0.952,0.125,0.3482178356143246,0.20748001577169767,0.42318204693317063,4.8141276476914205,22.086953917636418,0.15006179944973,0.46352763706800576,51c0f6a1,-9.270552741360115,379.3,7.8,24.9
0.297,0.302,U10,U10,6.0,6.0,SSPG,SSPG,0.952,0.952,0.125,0.3482178356143246,0.20748001577169767,0.42318204693317063,6.796961998716542,22.086953917636418,0.15006179944973,0.46352763706800576,51c0f6a1,-9.270552741360115,379.3,7.8,24.9
0.297,0.302,U10,U10,6.0,6.0,SSPG,SSPG,0.952,0.952,0.125,0.36693906537779436,0.21078353583352186,0.3797441046821166,4.098842528434969,16.60250149250765,0.17855730974437573,0.5279305705467009,b2b1b4f5,-10.558611410934018,352.6,7.7,23.3
0.297,0.302,U10,U10,6.0,6.0,SSPG,SSPG,0.952,0.952,0.125,0.36693906537779436,0.21078353583352186,0.3797441046821166,6.488414755959533,16.60250149250765,0.17855730974437573,0.5279305705467009,b2b1b4f5,-10.558611410934018,352.6,7.7,23.3
0.297,0.302,U10,U10,6.0,6.0,SSPG,SSPG,0.952,0.952,0.125,0.36693906537779436,0.21078353583352186,0.3797441046821166,6.790668865819154,16.60250149250765,0.17855730974437573,0.5279305705467009,b2b1b4f5,-10.558611410934018,352.6,7.7,23.3
0.297,0.302,U10,U10,6.0,6.0,SSPG,SSPG,0.952,0.952,0.125,0.36693906537779436,0.21078353583352186,0.3797441046821166,6.086840589266489,16.60250149250765,0.17855730974437573,0.5279305705467009,b2b1b4f5,-10.558611410934018,352.6,7.7,23.3
0.297,0.302,U10,U10,6.0,6.0,SSPG,SSPG,0.952,0.952,0.125,0.36693906537779436,0.21078353583352186,0.3797441046821166,7.190667380330354,16.60250149250765,0.17855730974437573,0.5279305705467009,b2b1b4f5,-10.558611410934018,352.6,7.7,23.3
0.297,0.302,U10,U10,6.0,6.0,SSPG,SSPG,0.952,0.952,0.125,0.3823483305590238,0.2001684337204507,0.5291836180595326,5.228021140508951,14.480216569989013,0.2140948490352451,0.4768085849046778,a037b46a,-9.536171698093556,388.8,7.9,26.2
0.297,0.302,U10,U10,6.0,6.0,SSPG,SSPG,0.952,0.952,0.125,0.3823483305590238,0.2001684337204507,0.5291836180595326,4.880958860569568,14.480216569989013,0.2140948490352451,0.4768085849046778,a037b46a,-9.536171698093556,388.8,7.9,26.2
0.297,0.302,U10,U10,6.0,6.0,SSPG,SSPG,0.952,0.952,0.125,0.3823483305590238,0.2001684337204507,0.5291836180595326,4.147184421619801,14.480216569989013,0.2140948490352451,0.4768085849046778,a037b46a,-9.536171698093556,388.8,7.9,26.2
0.297,0.302,U10,U10,6.0,6.0,SSPG,SSPG,0.952,0.952,0.125,0.3823483305590238,0.2001684337204507,0.5291836180595326,4.563810816195264,14.480216569989013,0.2140948490352451,0.4768085849046778,a037b46a,-9.536171698093556,388.8,7.9,26.2
0.297,0.302,U10,U10,6.0,6.0,SSPG,SSPG,0.952,0.952,0.125,0.3823483305590238,0.2001684337204507,0.5291836180595326,8.56732891047046,14.480216569989013,0.2140948490352451,0.4768085849046778,a037b46a,-9.536171698093556,388.8,7.9,26.2
0.297,0.302,U10,U10,6.0,6.0,SSPG,SSPG,0.952,0.952,0.125,0.3563562259388187,0.20318568700110207,0.2895921786680784,4.590837150564271,16.311950253898917,0.21205890179976944,0.5361094019074039,dfc642ac,-10.722188038148078,365.6,8.5,25.4
0.297,0.302,U10,U10,6.0,6.0,SSPG,SSPG,0.952,0.952,0.125,0.3563562259388187,0.20318568700110207,0.2895921786680784,5.052422304788918,16.311950253898917,0.21205890179976944,0.5361094019074039,dfc642ac,-10.722188038148078,365.6,8.5,25.4
0.297,0.302,U10,U10,6.0,6.0,SSPG,SSPG,0.952,0.952,0.125,0.3563562259388187,0.20318568700110207,0.2895921786680784,5.00222638955206,16.311950253898917,0.21205890179976944,0.5361094019074039,dfc642ac,-10.722188038148078,365.6,8.5,25.4
0.297,0.302,U10,U10,6.0,6.0,SSPG,SSPG,0.952,0.952,0.125,0.3563562259388187,0.20318568700110207,0.2895921786680784,6.080418940642197,16.311950253898917,0.21205890179976944,0.5361094019074039,dfc642ac,-10.722188038148078,365.6,8.5,25.4
0.297,0.302,U10,U10,6.0,6.0,SSPG,SSPG,0.952,0.952,0.125,0.3563562259388187,0.20318568700110207,0.2895921786680784,8.54853181591329,16.311950253898917,0.21205890179976944,0.5361094019074039,dfc642ac,-10.722188038148078,365.6,8.5,25.4
0.297,0.302,U10,U10,6.0,6.0,SSPG,SSPG,0.952,0.952,0.125,0.3680389146020863,0.20292908949095528,0.39989807845809366,3.8206199184926937,16.726713598030738,0.20435742262486314,0.5483075788635774,a4a135bd,-10.966151577271548,351.3,7.6,22.5
0.297,0.302,U10,U10,6.0,6.0,SSPG,SSPG,0.952,0.952,0.125,0.3680389146020863,0.20292908949095528,0.39989807845809366,5.517136441131794,16.726713598030738,0.20435742262486314,0.5483075788635774,a4a135bd,-10.966151577271548,351.3,7.6,22.5
0.297,0.302,U10,U10,6.0,6.0,SSPG,SSPG,0.952,0.952,0.125,0.3680389146020863,0.20292908949095528,0.39989807845809366,4.896135434890429,16.726713598030738,0.20435742262486314,0.5483075788635774,a4a135bd,-10.966151577271548,351.3,7.6,22.5
0.297,0.302,U10,U10,6.0,6.0,SSPG,SSPG,0.952,0.952,0.125,0.3680389146020863,0.20292908949095528,0.39989807845809366,6.736544365361945,16.726713598030738,0.20435742262486314,0.5483075788635774,a4a135bd,-10.966151577271548,351.3,7.6,22.5
0.297,0.302,U10,U10,6.0,6.0,SSPG,SSPG,0.952,0.952,0.125,0.3680389146020863,0.20292908949095528,0.39989807845809366,10.516112630928795,16.726713598030738,0.20435742262486314,0.5483075788635774,a4a135bd,-10.966151577271548,351.3,7.6,22.5
0.297,0.302,U10,U10,6.0,6.0,SSPG,SSPG,0.952,0.952,0.125,0.37079042225264214,0.21381345110795655,0.3145279087788928,7.830013374031541,17.38061161948714,0.1672419609222922,0.5054304935786237,1729c0fe,-10.108609871572474,331.2,7.8,25.3
0.297,0.302,U10,U10,6.0,6.0,SSPG,SSPG,0.952,0.952,0.125,0.37079042225264214,0.21381345110795655,0.3145279087788928,6.134480232825184,17.38061161948714,0.1672419609222922,0.5054304935786237,1729c0fe,-10.108609871572474,331.2,7.8,25.3
0.297,0.302,U10,U10,6.0,6.0,SSPG,SSPG,0.952,0.952,0.125,0.37079042225264214,0.21381345110795655,0.3145279087788928,6.700790659477181,17.38061161948714,0.1672419609222922,0.5054304935786237,1729c0fe,-10.108609871572474,331.2,7.8,25.3
0.297,0.302,U10,U10,6.0,6.0,SSPG,SSPG,0.952,0.952,0.125,0.37079042225264214,0.21381345110795655,0.3145279087788928,5.590088181153378,17.38061161948714,0.1672419609222922,0.5054304935786237,1729c0fe,-10.108609871572474,331.2,7.8,25.3
0.297,0.302,U10,U10,6.0,6.0,SSPG,SSPG,0.952,0.952,0.125,0.37079042225264214,0.21381345110795655,0.3145279087788928,6.228564035712006,17.38061161948714,0.1672419609222922,0.5054304935786237,1729c0fe,-10.108609871572474,331.2,7.8,25.3
0.297,0.302,U10,U10,6.0,6.0,SSPG,SSPG,0.952,0.952,0.125,0.37242316414555954,0.2001294951475624,0.44355186440623395,6.647400283289225,15.774464197627468,0.18497411631812474,0.521678500043948,d0ae686a,-10.43357000087896,339.3,7.7,22.4
0.297,0.302,U10,U10,6.0,6.0,SSPG,SSPG,0.952,0.952,0.125,0.37242316414555954,0.2001294951475624,0.44355186440623395,5.662098212280546,15.774464197627468,0.18497411631812474,0.521678500043948,d0ae686a,-10.43357000087896,339.3,7.7,22.4
0.297,0.302,U10,U10,6.0,6.0,SSPG,SSPG,0.952,0.952,0.125,0.37242316414555954,0.2001294951475624,0.44355186440623395,7.098595642527539,15.774464197627468,0.18497411631812474,0.521678500043948,d0ae686a,-10.43357000087896,339.3,7.7,22.4
0.297,0.302,U10,U10,6.0,6.0,SSPG,SSPG,0.952,0.952,0.125,0.37242316414555954,0.2001294951475624,0.44355186440623395,5.426942814390139,15.774464197627468,0.18497411631812474,0.521678500043948,d0ae686a,-10.43357000087896,339.3,7.7,22.4
0.297,0.302,U10,U10,6.0,6.0,SSPG,SSPG,0.952,0.952,0.125,0.37242316414555954,0.2001294951475624,0.44355186440623395,6.069666123287298,15.774464197627468,0.18497411631812474,0.521678500043948,d0ae686a,-10.43357000087896,339.3,7.7,22.4
0.297,0.302,U10,U10,6.0,6.0,SSPG,SSPG,0.952,0.952,0.125,0.3488060462011657,0.2021484305000582,0.3612840687044119,6.250320777251759,17.564199227404476,0.18976366835805764,0.5511760462668731,b5ee8671,-11.023520925337461,375.1,8.1,23.4
0.297,0.302,U10,U10,6.0,6.0,SSPG,SSPG,0.952,0.952,0.125,0.3488060462011657,0.2021484305000582,0.3612840687044119,6.397126289321605,17.564199227404476,0.18976366835805764,0.5511760462668731,b5ee8671,-11.023520925337461,375.1,8.1,23.4
0.297,0.302,U10,U10,6.0,6.0,SSPG,SSPG,0.952,0.952,0.125,0.3488060462011657,0.2021484305000582,0.3612840687044119,7.393950302600359,17.564199227404476,0.18976366835805764,0.5511760462668731,b5ee8671,-11.023520925337461,375.1,8.1,23.4
0.297,0.302,U10,U10,6.0,6.0,SSPG,SSPG,0.952,0.952,0.125,0.3488060462011657,0.2021484305000582,0.3612840687044119,4.245410162983744,17.564199227404476,0.18976366835805764,0.5511760462668731,b5ee8671,-11.023520925337461,375.1,8.1,23.4
0.297,0.302,U10,U10,6.0,6.0,SSPG,SSPG,0.952,0.952,0.125,0.3488060462011657,0.2021484305000582,0.3612840687044119,7.260541244704343,17.564199227404476,0.18976366835805764,0.5511760462668731,b5ee8671,-11.023520925337461,375.1,8.1,23.4
0.297,0.302,U10,U10,6.0,6.0,SSPG,SSPG,0.952,0.952,0.125,0.36086015514211667,0.20887575364933594,0.20233251777265004,5.066597217400146,15.831151926446623,0.2451102689016431,0.48185838780968204,1defa43c,-9.63716775619364,343.7,8.3,22.3
0.297,0.302,U10,U10,6.0,6.0,SSPG,SSPG,0.952,0.952,0.125,0.36086015514211667,0.20887575364933594,0.20233251777265004,4.9648602668899695,15.831151926446623,0.2451102689016431,0.48185838780968204,1defa43c,-9.63716775619364,343.7,8.3,22.3
0.297,0.302,U10,U10,6.0,6.0,SSPG,SSPG,0.952,0.952,0.125,0.36086015514211667,0.20887575364933594,0.20233251777265004,5.144205404241235,15.831151926446623,0.2451102689016431,0.48185838780968204,1defa43c,-9.63716775619364,343.7,8.3,22.3
0.297,0.302,U10,U10,6.0,6.0,SSPG,SSPG,0.952,0.952,0.125,0.36086015514211667,0.20887575364933594,0.20233251777265004,5.577616691569801,15.831151926446623,0.2451102689016431,0.48185838780968204,1defa43c,-9.63716775619364,343.7,8.3,22.3
0.297,0.302,U10,U10,6.0,6.0,SSPG,SSPG,0.952,0.952,0.125,0.36086015514211667,0.20887575364933594,0.20233251777265004,5.307629951425744,15.831151926446623,0.2451102689016431,0.48185838780968204,1defa43c,-9.63716775619364,343.7,8.3,22.3
0.297,0.302,U10,U10,6.0,6.0,SSPG,SSPG,0.952,0.952,0.125,0.36021454684674964,0.2032958212303682,0.355814225780839,5.664509959999771,16.94893436829602,0.22432929211501942,0.5458846699838227,e1fdab3c,-10.917693399676454,374.5,8.2,23.8
0.297,0.302,U10,U10,6.0,6.0,SSPG,SSPG,0.952,0.952,0.125,0.36021454684674964,0.2032958212303682,0.355814225780839,6.438586008857608,16.94893436829602,0.22432929211501942,0.5458846699838227,e1fdab3c,-10.917693399676454,374.5,8.2,23.8
0.297,0.302,U10,U10,6.0,6.0,SSPG,SSPG,0.952,0.952,0.125,0.36021454684674964,0.2032958212303682,0.355814225780839,6.097502935698437,16.94893436829602,0.22432929211501942,0.5458846699838227,e1fdab3c,-10.917693399676454,374.5,8.2,23.8
0.297,0.302,U10,U10,6.0,6.0,SSPG,SSPG,0.952,0.952,0.125,0.36021454684674964,0.2032958212303682,0.355814225780839,5.012810601075482,16.94893436829602,0.22432929211501942,0.5458846699838227,e1fdab3c,-10.917693399676454,374.5,8.2,23.8
0.297,0.302,U10,U10,6.0,6.0,SSPG,SSPG,0.952,0.952,0.125,0.36021454684674964,0.2032958212303682,0.355814225780839,6.513037574036182,16.94893436829602,0.22432929211501942,0.5458846699838227,e1fdab3c,-10.917693399676454,374.5,8.2,23.8
0.297,0.302,U10,U10,6.0,6.0,SSPG,SSPG,0.952,0.952,0.125,0.35802600854261724,0.20983704600397443,0.3208241851903726,5.496785380192771,16.69335583835755,0.20199446170068694,0.5421201540772157,c9624cf5,-10.842403081544314,368.7,7.7,23.5
0.297,0.302,U10,U10,6.0,6.0,SSPG,SSPG,0.952,0.952,0.125,0.35802600854261724,0.20983704600397443,0.3208241851903726,6.406543232794571,16.69335583835755,0.20199446170068694,0.5421201540772157,c9624cf5,-10.842403081544314,368.7,7.7,23.5
0.297,0.302,U10,U10,6.0,6.0,SSPG,SSPG,0.952,0.952,0.125,0.35802600854261724,0.20983704600397443,0.3208241851903726,5.357178068024875,16.69335583835755,0.20199446170068694,0.5421201540772157,c9624cf5,-10.842403081544314,368.7,7.7,23.5
0.297,0.302,U10,U10,6.0,6.0,SSPG,SSPG,0.952,0.952,0.125,0.35802600854261724,0.20983704600397443,0.3208241851903726,6.092887121713976,16.69335583835755,0.20199446170068694,0.5421201540772157,c9624cf5,-10.842403081544314,368.7,7.7,23.5
0.297,0.302,U10,U10,6.0,6.0,SSPG,SSPG,0.952,0.952,0.125,0.35802600854261724,0.20983704600397443,0.3208241851903726,5.968524208664985,16.69335583835755,0.20199446170068694,0.5421201540772157,c9624cf5,-10.842403081544314,368.7,7.7,23.5
0.297,0.302,U10,U10,6.0,6.0,SSPG,SSPG,0.952,0.952,0.125,0.36722155723684646,0.20840788218125567,0.3744669955545348,6.2036417304702525,16.867387922282884,0.17110795146558241,0.5054344353644079,18134fff,-10.108688707288158,323.8,7.9,20.4
0.297,0.302,U10,U10,6.0,6.0,SSPG,SSPG,0.952,0.952,0.125,0.36722155723684646,0.20840788218125567,0.3744669955545348,5.204440763566699,16.867387922282884,0.17110795146558241,0.5054344353644079,18134fff,-10.108688707288158,323.8,7.9,20.4
0.297,0.302,U10,U10,6.0,6.0,SSPG,SSPG,0.952,0.952,0.125,0.36722155723684646,0.20840788218125567,0.3744669955545348,6.189459763062219,16.867387922282884,0.17110795146558241,0.5054344353644079,18134fff,-10.108688707288158,323.8,7.9,20.4
0.297,0.302,U10,U10,6.0,6.0,SSPG,SSPG,0.952,0.952,0.125,0.36722155723684646,0.20840788218125567,0.3744669955545348,4.070212336105778,16.867387922282884,0.17110795146558241,0.5054344353644079,18134fff,-10.108688707288158,323.8,7.9,20.4
0.297,0.302,U10,U10,6.0,6.0,SSPG,SSPG,0.952,0.952,0.125,0.36722155723684646,0.20840788218125567,0.3744669955545348,5.99449079167954,16.867387922282884,0.17110795146558241,0.5054344353644079,18134fff,-10.108688707288158,323.8,7.9,20.4
0.297,0.302,U10,U10,6.0,6.0,SSPG,SSPG,0.952,0.952,0.125,0.3647192182446418,0.20054906318095567,0.2979257014559109,5.47806914709965,16.533656237285573,0.23084669905898528,0.5256083677158119,20c082c4,-10.512167354316237,353.8,8.0,24.6
0.297,0.302,U10,U10,6.0,6.0,SSPG,SSPG,0.952,0.952,0.125,0.3647192182446418,0.20054906318095567,0.2979257014559109,4.912178787963103,16.533656237285573,0.23084669905898528,0.5256083677158119,20c082c4,-10.512167354316237,353.8,8.0,24.6
0.297,0.302,U10,U10,6.0,6.0,SSPG,SSPG,0.952,0.952,0.125,0.3647192182446418,0.20054906318095567,0.2979257014559109,6.255086011479588,16.533656237285573,0.23084669905898528,0.5256083677158119,20c082c4,-10.512167354316237,353.8,8.0,24.6
0.297,0.302,U10,U10,6.0,6.0,SSPG,SSPG,0.952,0.952,0.125,0.3647192182446418,0.20054906318095567,0.2979257014559109,5.017002669767512,16.533656237285573,0.23084669905898528,0.5256083677158119,20c082c4,-10.512167354316237,353.8,8.0,24.6
0.297,0.302,U10,U10,6.0,6.0,SSPG,SSPG,0.952,0.952,0.125,0.3647192182446418,0.20054906318095567,0.2979257014559109,6.320597721104105,16.533656237285573,0.23084669905898528,0.5256083677158119,20c082c4,-10.512167354316237,353.8,8.0,24.6
0.297,0.302,U10,U10,6.0,6.0,SSPG,SSPG,0.952,0.952,0.125,0.35243530102743226,0.2005449857969577,0.4168905862767174,9.145967716619934,17.664937031619584,0.19632650537042032,0.5706286429946035,efb883ce,-11.41257285989207,384.0,8.5,24.1
0.297,0.302,U10,U10,6.0,6.0,SSPG,SSPG,0.952,0.952,0.125,0.35243530102743226,0.2005449857969577,0.4168905862767174,8.922003898600362,17.664937031619584,0.19632650537042032,0.5706286429946035,efb883ce,-11.41257285989207,384.0,8.5,24.1
0.297,0.302,U10,U10,6.0,6.0,SSPG,SSPG,0.952,0.952,0.125,0.35243530102743226,0.2005449857969577,0.4168905862767174,7.845611205060094,17.664937031619584,0.19632650537042032,0.5706286429946035,efb883ce,-11.41257285989207,384.0,8.5,24.1
0.297,0.302,U10,U10,6.0,6.0,SSPG,SSPG,0.952,0.952,0.125,0.35243530102743226,0.2005449857969577,0.4168905862767174,8.243035201381895,17.664937031619584,0.19632650537042032,0.5706286429946035,efb883ce,-11.41257285989207,384.0,8.5,24.1
0.297,0.302,U10,U10,6.0,6.0,SSPG,SSPG,0.952,0.952,0.125,0.35243530102743226,0.2005449857969577,0.4168905862767174,6.838628382188854,17.664937031619584,0.19632650537042032,0.5706286429946035,efb883ce,-11.41257285989207,384.0,8.5,24.1
0.297,0.302,U10,U10,6.0,6.0,SSPG,SSPG,0.952,0.952,0.125,0.3691754809773727,0.20479392353831027,0.39756602804887775,7.552408789655702,15.827430276996669,0.20954210870491163,0.5240800942076829,aef77a22,-10.481601884153658,366.7,7.7,23.7
0.297,0.302,U10,U10,6.0,6.0,SSPG,SSPG,0.952,0.952,0.125,0.3691754809773727,0.20479392353831027,0.39756602804887775,7.8071269244084185,15.827430276996669,0.20954210870491163,0.5240800942076829,aef77a22,-10.481601884153658,366.7,7.7,23.7
0.297,0.302,U10,U10,6.0,6.0,SSPG,SSPG,0.952,0.952,0.125,0.3691754809773727,0.20479392353831027,0.39756602804887775,7.213415226726723,15.827430276996669,0.20954210870491163,0.5240800942076829,aef77a22,-10.481601884153658,366.7,7.7,23.7
0.297,0.302,U10,U10,6.0,6.0,SSPG,SSPG,0.952,0.952,0.125,0.3691754809773727,0.20479392353831027,0.39756602804887775,6.650423671990455,15.827430276996669,0.20954210870491163,0.5240800942076829,aef77a22,-10.481601884153658,366.7,7.7,23.7
0.297,0.302,U10,U10,6.0,6.0,SSPG,SSPG,0.952,0.952,0.125,0.3691754809773727,0.20479392353831027,0.39756602804887775,6.183388239587449,15.827430276996669,0.20954210870491163,0.5240800942076829,aef77a22,-10.481601884153658,366.7,7.7,23.7
0.297,0.302,U10,U10,6.0,6.0,SSPG,SSPG,0.952,0.952,0.125,0.36957116477562885,0.2019359420344502,0.35912400203395545,7.365206020874585,15.992393611707628,0.2163159418841151,0.5231884902661887,901582b5,-10.463769805323775,357.1,8.0,24.3
0.297,0.302,U10,U10,6.0,6.0,SSPG,SSPG,0.952,0.952,0.125,0.36957116477562885,0.2019359420344502,0.35912400203395545,7.212551487358829,15.992393611707628,0.2163159418841151,0.5231884902661887,901582b5,-10.463769805323775,357.1,8.0,24.3
0.297,0.302,U10,U10,6.0,6.0,SSPG,SSPG,0.952,0.952,0.125,0.36957116477562885,0.2019359420344502,0.35912400203395545,4.88753772983141,15.992393611707628,0.2163159418841151,0.5231884902661887,901582b5,-10.463769805323775,357.1,8.0,24.3
0.297,0.302,U10,U10,6.0,6.0,SSPG,SSPG,0.952,0.952,0.125,0.36957116477562885,0.2019359420344502,0.35912400203395545,6.385526074125243,15.992393611707628,0.2163159418841151,0.5231884902661887,901582b5,-10.463769805323775,357.1,8.0,24.3
0.297,0.302,U10,U10,6.0,6.0,SSPG,SSPG,0.952,0.952,0.125,0.36957116477562885,0.2019359420344502,0.35912400203395545,6.914799361832162,15.992393611707628,0.2163159418841151,0.5231884902661887,901582b5,-10.463769805323775,357.1,8.0,24.3
0.297,0.302,U10,U10,6.0,6.0,SSPG,SSPG,0.952,0.952,0.125,0.3571562437418232,0.23214530187286164,0.3376020900100962,6.828481803749355,20.441592395049028,0.1607970882748209,0.5096260279439603,d6b8c13f,-10.192520558879206,393.2,7.4,22.4
0.297,0.302,U10,U10,6.0,6.0,SSPG,SSPG,0.952,0.952,0.125,0.3571562437418232,0.23214530187286164,0.3376020900100962,6.259686616910358,20.441592395049028,0.1607970882748209,0.5096260279439603,d6b8c13f,-10.192520558879206,393.2,7.4,22.4
0.297,0.302,U10,U10,6.0,6.0,SSPG,SSPG,0.952,0.952,0.125,0.3571562437418232,0.23214530187286164,0.3376020900100962,5.947304026614279,20.441592395049028,0.1607970882748209,0.5096260279439603,d6b8c13f,-10.192520558879206,393.2,7.4,22.4
0.297,0.302,U10,U10,6.0,6.0,SSPG,SSPG,0.952,0.952,0.125,0.3571562437418232,0.23214530187286164,0.3376020900100962,5.2836617299778625,20.441592395049028,0.1607970882748209,0.5096260279439603,d6b8c13f,-10.192520558879206,393.2,7.4,22.4
0.297,0.302,U10,U10,6.0,6.0,SSPG,SSPG,0.952,0.952,0.125,0.3571562437418232,0.23214530187286164,0.3376020900100962,6.215980433381406,20.441592395049028,0.1607970882748209,0.5096260279439603,d6b8c13f,-10.192520558879206,393.2,7.4,22.4
0.297,0.302,U10,U10,6.0,6.0,SSPG,SSPG,0.952,0.952,0.125,0.35773506527248444,0.20176397761016573,0.3797197484567234,6.173781574357758,16.91092353640004,0.19327564923083565,0.5460751181815648,127df31a,-10.921502363631298,362.5,8.4,23.4
0.297,0.302,U10,U10,6.0,6.0,SSPG,SSPG,0.952,0.952,0.125,0.35773506527248444,0.20176397761016573,0.3797197484567234,6.071721260492836,16.91092353640004,0.19327564923083565,0.5460751181815648,127df31a,-10.921502363631298,362.5,8.4,23.4
0.297,0.302,U10,U10,6.0,6.0,SSPG,SSPG,0.952,0.952,0.125,0.35773506527248444,0.20176397761016573,0.3797197484567234,6.1859203439989905,16.91092353640004,0.19327564923083565,0.5460751181815648,127df31a,-10.921502363631298,362.5,8.4,23.4
0.297,0.302,U10,U10,6.0,6.0,SSPG,SSPG,0.952,0.952,0.125,0.35773506527248444,0.20176397761016573,0.3797197484567234,5.353615160648795,16.91092353640004,0.19327564923083565,0.5460751181815648,127df31a,-10.921502363631298,362.5,8.4,23.4
0.297,0.302,U10,U10,6.0,6.0,SSPG,SSPG,0.952,0.952,0.125,0.35773506527248444,0.20176397761016573,0.3797197484567234,7.007725653192419,16.91092353640004,0.19327564923083565,0.5460751181815648,127df31a,-10.921502363631298,362.5,8.4,23.4
0.297,0.302,U10,U10,6.0,6.0,SSPG,SSPG,0.952,0.952,0.125,0.3500831609788096,0.20087091271339574,0.2696254641357223,5.905955521674842,16.944654913174013,0.24265434393485352,0.5300006724576581,d48dfe76,-10.600013449153163,368.6,8.0,22.4
0.297,0.302,U10,U10,6.0,6.0,SSPG,SSPG,0.952,0.952,0.125,0.3500831609788096,0.20087091271339574,0.2696254641357223,6.401810664266365,16.944654913174013,0.24265434393485352,0.5300006724576581,d48dfe76,-10.600013449153163,368.6,8.0,22.4
0.297,0.302,U10,U10,6.0,6.0,SSPG,SSPG,0.952,0.952,0.125,0.3500831609788096,0.20087091271339574,0.2696254641357223,6.724618211026413,16.944654913174013,0.24265434393485352,0.5300006724576581,d48dfe76,-10.600013449153163,368.6,8.0,22.4
0.297,0.302,U10,U10,6.0,6.0,SSPG,SSPG,0.952,0.952,0.125,0.3500831609788096,0.20087091271339574,0.2696254641357223,4.65630237171898,16.944654913174013,0.24265434393485352,0.5300006724576581,d48dfe76,-10.600013449153163,368.6,8.0,22.4
0.297,0.302,U10,U10,6.0,6.0,SSPG,SSPG,0.952,0.952,0.125,0.3500831609788096,0.20087091271339574,0.2696254641357223,6.870094446685597,16.944654913174013,0.24265434393485352,0.5300006724576581,d48dfe76,-10.600013449153163,368.6,8.0,22.4
0.297,0.302,U10,U10,6.0,6.0,SSPG,SSPG,0.952,0.952,0.125,0.3537628701130572,0.20009141985833212,0.2582510174974948,5.527666049494622,15.72040845059651,0.27641378140990774,0.42069290113196983,7a642a27,-8.413858022639397,394.2,8.3,23.2
0.297,0.302,U10,U10,6.0,6.0,SSPG,SSPG,0.952,0.952,0.125,0.3537628701130572,0.20009141985833212,0.2582510174974948,4.3544913416500926,15.72040845059651,0.27641378140990774,0.42069290113196983,7a642a27,-8.413858022639397,394.2,8.3,23.2
0.297,0.302,U10,U10,6.0,6.0,SSPG,SSPG,0.952,0.952,0.125,0.3537628701130572,0.20009141985833212,0.2582510174974948,4.923144085547988,15.72040845059651,0.27641378140990774,0.42069290113196983,7a642a27,-8.413858022639397,394.2,8.3,23.2
0.297,0.302,U10,U10,6.0,6.0,SSPG,SSPG,0.952,0.952,0.125,0.3537628701130572,0.20009141985833212,0.2582510174974948,3.918242540496534,15.72040845059651,0.27641378140990774,0.42069290113196983,7a642a27,-8.413858022639397,394.2,8.3,23.2
0.297,0.302,U10,U10,6.0,6.0,SSPG,SSPG,0.952,0.952,0.125,0.3537628701130572,0.20009141985833212,0.2582510174974948,5.026346215498587,15.72040845059651,0.27641378140990774,0.42069290113196983,7a642a27,-8.413858022639397,394.2,8.3,23.2
0.297,0.302,U10,U10,6.0,6.0,SSPG,SSPG,0.952,0.952,0.125,0.3497485416467977,0.20468281406535832,0.28019767006511254,4.761563888432547,16.26002966963143,0.2643075966997355,0.47415449728726305,1133a157,-9.483089945745261,409.6,8.1,23.9
0.297,0.302,U10,U10,6.0,6.0,SSPG,SSPG,0.952,0.952,0.125,0.3497485416467977,0.20468281406535832,0.28019767006511254,5.235834876788167,16.26002966963143,0.2643075966997355,0.47415449728726305,1133a157,-9.483089945745261,409.6,8.1,23.9
0.297,0.302,U10,U10,6.0,6.0,SSPG,SSPG,0.952,0.952,0.125,0.3497485416467977,0.20468281406535832,0.28019767006511254,4.838638354386849,16.26002966963143,0.2643075966997355,0.47415449728726305,1133a157,-9.483089945745261,409.6,8.1,23.9
0.297,0.302,U10,U10,6.0,6.0,SSPG,SSPG,0.952,0.952,0.125,0.3497485416467977,0.20468281406535832,0.28019767006511254,4.943617487533636,16.26002966963143,0.2643075966997355,0.47415449728726305,1133a157,-9.483089945745261,409.6,8.1,23.9
0.297,0.302,U10,U10,6.0,6.0,SSPG,SSPG,0.952,0.952,0.125,0.3497485416467977,0.20468281406535832,0.28019767006511254,6.6181521555477945,16.26002966963143,0.2643075966997355,0.47415449728726305,1133a157,-9.483089945745261,409.6,8.1,23.9
0.297,0.302,U10,U10,6.0,6.0,SSPG,SSPG,0.952,0.952,0.125,0.3453605640140497,0.21430169934176962,0.309676955761107,4.087909012693468,19.128623144911288,0.04954877889348685,0.33559748796433625,798053b5,-6.711949759286725,327.8,9.1,22.4
0.297,0.302,U10,U10,6.0,6.0,SSPG,SSPG,0.952,0.952,0.125,0.3453605640140497,0.21430169934176962,0.309676955761107,5.275458684351875,19.128623144911288,0.04954877889348685,0.33559748796433625,798053b5,-6.711949759286725,327.8,9.1,22.4
0.297,0.302,U10,U10,6.0,6.0,SSPG,SSPG,0.952,0.952,0.125,0.3453605640140497,0.21430169934176962,0.309676955761107,4.902813953879371,19.128623144911288,0.04954877889348685,0.33559748796433625,798053b5,-6.711949759286725,327.8,9.1,22.4
0.297,0.302,U10,U10,6.0,6.0,SSPG,SSPG,0.952,0.952,0.125,0.3453605640140497,0.21430169934176962,0.309676955761107,6.251322950680236,19.128623144911288,0.04954877889348685,0.33559748796433625,798053b5,-6.711949759286725,327.8,9.1,22.4
0.297,0.302,U10,U10,6.0,6.0,SSPG,SSPG,0.952,0.952,0.125,0.3453605640140497,0.21430169934176962,0.309676955761107,4.017690555612295,19.128623144911288,0.04954877889348685,0.33559748796433625,798053b5,-6.711949759286725,327.8,9.1,22.4
0.297,0.302,U10,U10,6.0,6.0,SSPG,SSPG,0.952,0.952,0.125,0.35123611636596025,0.20134311517699194,0.343257514096154,6.640766304393864,17.458590549917144,0.21050659766858468,0.5651082017175834,be1c2466,-11.302164034351668,383.5,8.3,25.2
0.297,0.302,U10,U10,6.0,6.0,SSPG,SSPG,0.952,0.952,0.125,0.35123611636596025,0.20134311517699194,0.343257514096154,6.861894478886187,17.458590549917144,0.21050659766858468,0.5651082017175834,be1c2466,-11.302164034351668,383.5,8.3,25.2
0.297,0.302,U10,U10,6.0,6.0,SSPG,SSPG,0.952,0.952,0.125,0.35123611636596025,0.20134311517699194,0.343257514096154,8.400175751410936,17.458590549917144,0.21050659766858468,0.5651082017175834,be1c2466,-11.302164034351668,383.5,8.3,25.2
0.297,0.302,U10,U10,6.0,6.0,SSPG,SSPG,0.952,0.952,0.125,0.35123611636596025,0.20134311517699194,0.343257514096154,8.668876672421693,17.458590549917144,0.21050659766858468,0.5651082017175834,be1c2466,-11.302164034351668,383.5,8.3,25.2
0.297,0.302,U10,U10,6.0,6.0,SSPG,SSPG,0.952,0.952,0.125,0.35123611636596025,0.20134311517699194,0.343257514096154,6.337274149156763,17.458590549917144,0.21050659766858468,0.5651082017175834,be1c2466,-11.302164034351668,383.5,8.3,25.2
0.297,0.302,U10,U10,6.0,6.0,SSPG,SSPG,0.952,0.952,0.125,0.3549693902671614,0.20106051768196553,0.3606164940318701,6.671582074128701,17.409457726856555,0.20875467912245282,0.5654432015513342,164a7999,-11.308864031026683,372.8,8.1,24.2
0.297,0.302,U10,U10,6.0,6.0,SSPG,SSPG,0.952,0.952,0.125,0.3549693902671614,0.20106051768196553,0.3606164940318701,6.197678084908425,17.409457726856555,0.20875467912245282,0.5654432015513342,164a7999,-11.308864031026683,372.8,8.1,24.2
0.297,0.302,U10,U10,6.0,6.0,SSPG,SSPG,0.952,0.952,0.125,0.3549693902671614,0.20106051768196553,0.3606164940318701,5.805005206301214,17.409457726856555,0.20875467912245282,0.5654432015513342,164a7999,-11.308864031026683,372.8,8.1,24.2
0.297,0.302,U10,U10,6.0,6.0,SSPG,SSPG,0.952,0.952,0.125,0.3549693902671614,0.20106051768196553,0.3606164940318701,6.084968164636071,17.409457726856555,0.20875467912245282,0.5654432015513342,164a7999,-11.308864031026683,372.8,8.1,24.2
0.297,0.302,U10,U10,6.0,6.0,SSPG,SSPG,0.952,0.952,0.125,0.3549693902671614,0.20106051768196553,0.3606164940318701,9.546322708312305,17.409457726856555,0.20875467912245282,0.5654432015513342,164a7999,-11.308864031026683,372.8,8.1,24.2
0.297,0.302,U10,U10,6.0,6.0,SSPG,SSPG,0.952,0.952,0.125,0.35902496152381647,0.2031226994681169,0.4858711981292996,5.569929382369071,17.38611095808436,0.1814461704638259,0.5522382578034826,8eb12939,-11.044765156069651,377.8,8.1,23.2
0.297,0.302,U10,U10,6.0,6.0,SSPG,SSPG,0.952,0.952,0.125,0.35902496152381647,0.2031226994681169,0.4858711981292996,6.365611712035007,17.38611095808436,0.1814461704638259,0.5522382578034826,8eb12939,-11.044765156069651,377.8,8.1,23.2
0.297,0.302,U10,U10,6.0,6.0,SSPG,SSPG,0.952,0.952,0.125,0.35902496152381647,0.2031226994681169,0.4858711981292996,5.723515308366577,17.38611095808436,0.1814461704638259,0.5522382578034826,8eb12939,-11.044765156069651,377.8,8.1,23.2
0.297,0.302,U10,U10,6.0,6.0,SSPG,SSPG,0.952,0.952,0.125,0.35902496152381647,0.2031226994681169,0.4858711981292996,5.914683534574305,17.38611095808436,0.1814461704638259,0.5522382578034826,8eb12939,-11.044765156069651,377.8,8.1,23.2
0.297,0.302,U10,U10,6.0,6.0,SSPG,SSPG,0.952,0.952,0.125,0.35902496152381647,0.2031226994681169,0.4858711981292996,10.021352013819714,17.38611095808436,0.1814461704638259,0.5522382578034826,8eb12939,-11.044765156069651,377.8,8.1,23.2
0.297,0.302,U10,U10,6.0,6.0,SSPG,SSPG,0.952,0.952,0.125,0.3652752217019271,0.2000360745515592,0.4441787689307177,5.640951887302467,16.490643554337357,0.225201516477405,0.5314752585927581,4ee3e2f0,-10.629505171855163,382.4,7.6,24.0
0.297,0.302,U10,U10,6.0,6.0,SSPG,SSPG,0.952,0.952,0.125,0.3652752217019271,0.2000360745515592,0.4441787689307177,4.950221295257873,16.490643554337357,0.225201516477405,0.5314752585927581,4ee3e2f0,-10.629505171855163,382.4,7.6,24.0
0.297,0.302,U10,U10,6.0,6.0,SSPG,SSPG,0.952,0.952,0.125,0.3652752217019271,0.2000360745515592,0.4441787689307177,6.839598562279325,16.490643554337357,0.225201516477405,0.5314752585927581,4ee3e2f0,-10.629505171855163,382.4,7.6,24.0
0.297,0.302,U10,U10,6.0,6.0,SSPG,SSPG,0.952,0.952,0.125,0.3652752217019271,0.2000360745515592,0.4441787689307177,7.200018097248244,16.490643554337357,0.225201516477405,0.5314752585927581,4ee3e2f0,-10.629505171855163,382.4,7.6,24.0
0.297,0.302,U10,U10,6.0,6.0,SSPG,SSPG,0.952,0.952,0.125,0.3652752217019271,0.2000360745515592,0.4441787689307177,6.170692407817943,16.490643554337357,0.225201516477405,0.5314752585927581,4ee3e2f0,-10.629505171855163,382.4,7.6,24.0
0.297,0.302,U10,U10,6.0,6.0,SSPG,SSPG,0.952,0.952,0.125,0.35019558133057105,0.2008562810333667,0.324158300794664,5.161418008493323,16.301526422839412,0.2743830946878978,0.45451888730741563,28d2479a,-9.090377746148313,419.9,7.3,25.1
0.297,0.302,U10,U10,6.0,6.0,SSPG,SSPG,0.952,0.952,0.125,0.35019558133057105,0.2008562810333667,0.324158300794664,4.234475223861563,16.301526422839412,0.2743830946878978,0.45451888730741563,28d2479a,-9.090377746148313,419.9,7.3,25.1
0.297,0.302,U10,U10,6.0,6.0,SSPG,SSPG,0.952,0.952,0.125,0.35019558133057105,0.2008562810333667,0.324158300794664,5.083070620772976,16.301526422839412,0.2743830946878978,0.45451888730741563,28d2479a,-9.090377746148313,419.9,7.3,25.1
0.297,0.302,U10,U10,6.0,6.0,SSPG,SSPG,0.952,0.952,0.125,0.35019558133057105,0.2008562810333667,0.324158300794664,4.006452697621088,16.301526422839412,0.2743830946878978,0.45451888730741563,28d2479a,-9.090377746148313,419.9,7.3,25.1
0.297,0.302,U10,U10,6.0,6.0,SSPG,SSPG,0.952,0.952,0.125,0.35019558133057105,0.2008562810333667,0.324158300794664,7.140921488832112,16.301526422839412,0.2743830946878978,0.45451888730741563,28d2479a,-9.090377746148313,419.9,7.3,25.1
0.297,0.302,U10,U10,6.0,6.0,SSPG,SSPG,0.952,0.952,0.125,0.3535860333904095,0.20090908385872083,0.3710936457367935,4.93063044657811,16.85923433088731,0.21629614714654455,0.5506270980635389,1a92dbea,-11.012541961270779,384.7,8.8,23.9
0.297,0.302,U10,U10,6.0,6.0,SSPG,SSPG,0.952,0.952,0.125,0.3535860333904095,0.20090908385872083,0.3710936457367935,4.945062404671839,16.85923433088731,0.21629614714654455,0.5506270980635389,1a92dbea,-11.012541961270779,384.7,8.8,23.9
0.297,0.302,U10,U10,6.0,6.0,SSPG,SSPG,0.952,0.952,0.125,0.3535860333904095,0.20090908385872083,0.3710936457367935,5.699057451883797,16.85923433088731,0.21629614714654455,0.5506270980635389,1a92dbea,-11.012541961270779,384.7,8.8,23.9
0.297,0.302,U10,U10,6.0,6.0,SSPG,SSPG,0.952,0.952,0.125,0.3535860333904095,0.20090908385872083,0.3710936457367935,6.113679462081098,16.85923433088731,0.21629614714654455,0.5506270980635389,1a92dbea,-11.012541961270779,384.7,8.8,23.9
0.297,0.302,U10,U10,6.0,6.0,SSPG,SSPG,0.952,0.952,0.125,0.3535860333904095,0.20090908385872083,0.3710936457367935,9.624349652099038,16.85923433088731,0.21629614714654455,0.5506270980635389,1a92dbea,-11.012541961270779,384.7,8.8,23.9
0.297,0.302,U10,U10,6.0,6.0,SSPG,SSPG,0.952,0.952,0.125,0.35135001622543377,0.2003139177472827,0.30350821890142,4.384756466453287,17.684495363915985,0.18897984813125182,0.5499114763790505,75394bb6,-10.99822952758101,346.7,8.4,23.4
0.297,0.302,U10,U10,6.0,6.0,SSPG,SSPG,0.952,0.952,0.125,0.35135001622543377,0.2003139177472827,0.30350821890142,5.905113263736311,17.684495363915985,0.18897984813125182,0.5499114763790505,75394bb6,-10.99822952758101,346.7,8.4,23.4
0.297,0.302,U10,U10,6.0,6.0,SSPG,SSPG,0.952,0.952,0.125,0.35135001622543377,0.2003139177472827,0.30350821890142,5.195138218226728,17.684495363915985,0.18897984813125182,0.5499114763790505,75394bb6,-10.99822952758101,346.7,8.4,23.4
0.297,0.302,U10,U10,6.0,6.0,SSPG,SSPG,0.952,0.952,0.125,0.35135001622543377,0.2003139177472827,0.30350821890142,5.9347419225936315,17.684495363915985,0.18897984813125182,0.5499114763790505,75394bb6,-10.99822952758101,346.7,8.4,23.4
0.297,0.302,U10,U10,6.0,6.0,SSPG,SSPG,0.952,0.952,0.125,0.35135001622543377,0.2003139177472827,0.30350821890142,8.509798941198927,17.684495363915985,0.18897984813125182,0.5499114763790505,75394bb6,-10.99822952758101,346.7,8.4,23.4
0.297,0.302,U10,U10,6.0,6.0,SSPG,SSPG,0.952,0.952,0.125,0.35405549148397664,0.20218459545976633,0.3903410421358864,6.553273892270936,19.991940589763534,0.16231751479776435,0.5170820811684547,a80d9de7,-10.341641623369092,360.7,8.3,25.8
0.297,0.302,U10,U10,6.0,6.0,SSPG,SSPG,0.952,0.952,0.125,0.35405549148397664,0.20218459545976633,0.3903410421358864,7.435187015753407,19.991940589763534,0.16231751479776435,0.5170820811684547,a80d9de7,-10.341641623369092,360.7,8.3,25.8
0.297,0.302,U10,U10,6.0,6.0,SSPG,SSPG,0.952,0.952,0.125,0.35405549148397664,0.20218459545976633,0.3903410421358864,7.009830317889727,19.991940589763534,0.16231751479776435,0.5170820811684547,a80d9de7,-10.341641623369092,360.7,8.3,25.8
0.297,0.302,U10,U10,6.0,6.0,SSPG,SSPG,0.952,0.952,0.125,0.35405549148397664,0.20218459545976633,0.3903410421358864,4.586673606260731,19.991940589763534,0.16231751479776435,0.5170820811684547,a80d9de7,-10.341641623369092,360.7,8.3,25.8
0.297,0.302,U10,U10,6.0,6.0,SSPG,SSPG,0.952,0.952,0.125,0.35405549148397664,0.20218459545976633,0.3903410421358864,7.636295090958037,19.991940589763534,0.16231751479776435,0.5170820811684547,a80d9de7,-10.341641623369092,360.7,8.3,25.8
0.297,0.302,U10,U10,6.0,6.0,SSPG,SSPG,0.952,0.952,0.125,0.35873949156372537,0.20022683176119127,0.38412399368070105,6.858370516445355,16.796238180325464,0.20120381270081278,0.546054492500864,535bcfcb,-10.92108985001728,371.6,8.0,25.1
0.297,0.302,U10,U10,6.0,6.0,SSPG,SSPG,0.952,0.952,0.125,0.35873949156372537,0.20022683176119127,0.38412399368070105,7.636176914994645,16.796238180325464,0.20120381270081278,0.546054492500864,535bcfcb,-10.92108985001728,371.6,8.0,25.1
0.297,0.302,U10,U10,6.0,6.0,SSPG,SSPG,0.952,0.952,0.125,0.35873949156372537,0.20022683176119127,0.38412399368070105,5.724365263969867,16.796238180325464,0.20120381270081278,0.546054492500864,535bcfcb,-10.92108985001728,371.6,8.0,25.1
0.297,0.302,U10,U10,6.0,6.0,SSPG,SSPG,0.952,0.952,0.125,0.35873949156372537,0.20022683176119127,0.38412399368070105,5.419410010350684,16.796238180325464,0.20120381270081278,0.546054492500864,535bcfcb,-10.92108985001728,371.6,8.0,25.1
0.297,0.302,U10,U10,6.0,6.0,SSPG,SSPG,0.952,0.952,0.125,0.35873949156372537,0.20022683176119127,0.38412399368070105,7.916267021458547,16.796238180325464,0.20120381270081278,0.546054492500864,535bcfcb,-10.92108985001728,371.6,8.0,25.1
0.297,0.302,U10,U10,6.0,6.0,SSPG,SSPG,0.952,0.952,0.125,0.3532314790580875,0.2020851564470826,0.3409420152848095,6.1078226092891565,16.72187421450643,0.21413717911374114,0.5484788309331712,532220aa,-10.969576618663424,384.9,7.9,25.3
0.297,0.302,U10,U10,6.0,6.0,SSPG,SSPG,0.952,0.952,0.125,0.3532314790580875,0.2020851564470826,0.3409420152848095,6.154589159777635,16.72187421450643,0.21413717911374114,0.5484788309331712,532220aa,-10.969576618663424,384.9,7.9,25.3
0.297,0.302,U10,U10,6.0,6.0,SSPG,SSPG,0.952,0.952,0.125,0.3532314790580875,0.2020851564470826,0.3409420152848095,7.403301026904735,16.72187421450643,0.21413717911374114,0.5484788309331712,532220aa,-10.969576618663424,384.9,7.9,25.3
0.297,0.302,U10,U10,6.0,6.0,SSPG,SSPG,0.952,0.952,0.125,0.3532314790580875,0.2020851564470826,0.3409420152848095,6.287562157156666,16.72187421450643,0.21413717911374114,0.5484788309331712,532220aa,-10.969576618663424,384.9,7.9,25.3
0.297,0.302,U10,U10,6.0,6.0,SSPG,SSPG,0.952,0.952,0.125,0.3532314790580875,0.2020851564470826,0.3409420152848095,6.309480193792576,16.72187421450643,0.21413717911374114,0.5484788309331712,532220aa,-10.969576618663424,384.9,7.9,25.3
0.297,0.302,U10,U10,6.0,6.0,SSPG,SSPG,0.952,0.952,0.125,0.35127380693850746,0.20019156876841598,0.3917253966268326,6.971364173904141,18.28410756845223,0.18203111660628032,0.5518297446454506,bc6b5f3a,-11.036594892909013,355.9,8.3,21.6
0.297,0.302,U10,U10,6.0,6.0,SSPG,SSPG,0.952,0.952,0.125,0.35127380693850746,0.20019156876841598,0.3917253966268326,5.799591831569037,18.28410756845223,0.18203111660628032,0.5518297446454506,bc6b5f3a,-11.036594892909013,355.9,8.3,21.6
0.297,0.302,U10,U10,6.0,6.0,SSPG,SSPG,0.952,0.952,0.125,0.35127380693850746,0.20019156876841598,0.3917253966268326,5.364901049052536,18.28410756845223,0.18203111660628032,0.5518297446454506,bc6b5f3a,-11.036594892909013,355.9,8.3,21.6
0.297,0.302,U10,U10,6.0,6.0,SSPG,SSPG,0.952,0.952,0.125,0.35127380693850746,0.20019156876841598,0.3917253966268326,6.353481945361293,18.28410756845223,0.18203111660628032,0.5518297446454506,bc6b5f3a,-11.036594892909013,355.9,8.3,21.6
0.297,0.302,U10,U10,6.0,6.0,SSPG,SSPG,0.952,0.952,0.125,0.35127380693850746,0.20019156876841598,0.3917253966268326,8.05825971633972,18.28410756845223,0.18203111660628032,0.5518297446454506,bc6b5f3a,-11.036594892909013,355.9,8.3,21.6
0.297,0.302,U10,U10,6.0,6.0,SSPG,SSPG,0.952,0.952,0.125,0.3494167440402158,0.20007840272442828,0.34892076287085105,5.395005986796736,17.34382187942717,0.22491118234305538,0.5571978684459904,745f5730,-11.143957368919807,387.8,7.7,23.9
0.297,0.302,U10,U10,6.0,6.0,SSPG,SSPG,0.952,0.952,0.125,0.3494167440402158,0.20007840272442828,0.34892076287085105,7.609515563518497,17.34382187942717,0.22491118234305538,0.5571978684459904,745f5730,-11.143957368919807,387.8,7.7,23.9
0.297,0.302,U10,U10,6.0,6.0,SSPG,SSPG,0.952,0.952,0.125,0.3494167440402158,0.20007840272442828,0.34892076287085105,6.076386519474098,17.34382187942717,0.22491118234305538,0.5571978684459904,745f5730,-11.143957368919807,387.8,7.7,23.9
0.297,0.302,U10,U10,6.0,6.0,SSPG,SSPG,0.952,0.952,0.125,0.3494167440402158,0.20007840272442828,0.34892076287085105,6.732066980306929,17.34382187942717,0.22491118234305538,0.5571978684459904,745f5730,-11.143957368919807,387.8,7.7,23.9
0.297,0.302,U10,U10,6.0,6.0,SSPG,SSPG,0.952,0.952,0.125,0.3494167440402158,0.20007840272442828,0.34892076287085105,6.6172033116762075,17.34382187942717,0.22491118234305538,0.5571978684459904,745f5730,-11.143957368919807,387.8,7.7,23.9
0.297,0.302,U10,U10,6.0,6.0,SSPG,SSPG,0.952,0.952,0.125,0.35291392501475827,0.20466097362430385,0.3716673182653685,5.8083139415504705,17.48607121828687,0.19541606457747485,0.5674605000969992,fb8f8e0c,-11.349210001939984,383.1,7.9,24.6
0.297,0.302,U10,U10,6.0,6.0,SSPG,SSPG,0.952,0.952,0.125,0.35291392501475827,0.20466097362430385,0.3716673182653685,6.513759990253982,17.48607121828687,0.19541606457747485,0.5674605000969992,fb8f8e0c,-11.349210001939984,383.1,7.9,24.6
0.297,0.302,U10,U10,6.0,6.0,SSPG,SSPG,0.952,0.952,0.125,0.35291392501475827,0.20466097362430385,0.3716673182653685,6.5843797680041725,17.48607121828687,0.19541606457747485,0.5674605000969992,fb8f8e0c,-11.349210001939984,383.1,7.9,24.6
0.297,0.302,U10,U10,6.0,6.0,SSPG,SSPG,0.952,0.952,0.125,0.35291392501475827,0.20466097362430385,0.3716673182653685,6.276987505634131,17.48607121828687,0.19541606457747485,0.5674605000969992,fb8f8e0c,-11.349210001939984,383.1,7.9,24.6
0.297,0.302,U10,U10,6.0,6.0,SSPG,SSPG,0.952,0.952,0.125,0.35291392501475827,0.20466097362430385,0.3716673182653685,6.886789057414973,17.48607121828687,0.19541606457747485,0.5674605000969992,fb8f8e0c,-11.349210001939984,383.1,7.9,24.6
0.297,0.302,U10,U10,6.0,6.0,SSPG,SSPG,0.952,0.952,0.125,0.347938950221662,0.200429020918934,0.3217850733947032,6.598534117068628,17.07871123730417,0.21963084339036493,0.5549886881386681,45d1ccd1,-11.099773762773362,383.4,7.9,24.4
0.297,0.302,U10,U10,6.0,6.0,SSPG,SSPG,0.952,0.952,0.125,0.347938950221662,0.200429020918934,0.3217850733947032,4.812508837399458,17.07871123730417,0.21963084339036493,0.5549886881386681,45d1ccd1,-11.099773762773362,383.4,7.9,24.4
0.297,0.302,U10,U10,6.0,6.0,SSPG,SSPG,0.952,0.952,0.125,0.347938950221662,0.200429020918934,0.3217850733947032,4.817359102613503,17.07871123730417,0.21963084339036493,0.5549886881386681,45d1ccd1,-11.099773762773362,383.4,7.9,24.4
0.297,0.302,U10,U10,6.0,6.0,SSPG,SSPG,0.952,0.952,0.125,0.347938950221662,0.200429020918934,0.3217850733947032,6.169439650724254,17.07871123730417,0.21963084339036493,0.5549886881386681,45d1ccd1,-11.099773762773362,383.4,7.9,24.4
0.297,0.302,U10,U10,6.0,6.0,SSPG,SSPG,0.952,0.952,0.125,0.347938950221662,0.200429020918934,0.3217850733947032,5.275579163706672,17.07871123730417,0.21963084339036493,0.5549886881386681,45d1ccd1,-11.099773762773362,383.4,7.9,24.4
0.297,0.302,U10,U10,6.0,6.0,SSPG,SSPG,0.952,0.952,0.125,0.351867590667496,0.20001085553455458,0.31152615725670074,5.588050686206833,17.48181530523439,0.2090309688738614,0.5605871465525333,5611103f,-11.211742931050665,360.9,7.7,23.8
0.297,0.302,U10,U10,6.0,6.0,SSPG,SSPG,0.952,0.952,0.125,0.351867590667496,0.20001085553455458,0.31152615725670074,5.795409343880715,17.48181530523439,0.2090309688738614,0.5605871465525333,5611103f,-11.211742931050665,360.9,7.7,23.8
0.297,0.302,U10,U10,6.0,6.0,SSPG,SSPG,0.952,0.952,0.125,0.351867590667496,0.20001085553455458,0.31152615725670074,4.783346104667801,17.48181530523439,0.2090309688738614,0.5605871465525333,5611103f,-11.211742931050665,360.9,7.7,23.8
0.297,0.302,U10,U10,6.0,6.0,SSPG,SSPG,0.952,0.952,0.125,0.351867590667496,0.20001085553455458,0.31152615725670074,6.035683437126507,17.48181530523439,0.2090309688738614,0.5605871465525333,5611103f,-11.211742931050665,360.9,7.7,23.8
0.297,0.302,U10,U10,6.0,6.0,SSPG,SSPG,0.952,0.952,0.125,0.351867590667496,0.20001085553455458,0.31152615725670074,5.209168736948407,17.48181530523439,0.2090309688738614,0.5605871465525333,5611103f,-11.211742931050665,360.9,7.7,23.8
0.297,0.302,U10,U10,6.0,6.0,SSPG,SSPG,0.952,0.952,0.125,0.36149850354547536,0.20733710812174347,0.41221663933405095,4.763262683665416,17.070584847647467,0.18377934363025128,0.5409999642328852,c48fa6e3,-10.819999284657705,377.6,7.8,25.3
0.297,0.302,U10,U10,6.0,6.0,SSPG,SSPG,0.952,0.952,0.125,0.36149850354547536,0.20733710812174347,0.41221663933405095,9.268781943695178,17.070584847647467,0.18377934363025128,0.5409999642328852,c48fa6e3,-10.819999284657705,377.6,7.8,25.3
0.297,0.302,U10,U10,6.0,6.0,SSPG,SSPG,0.952,0.952,0.125,0.36149850354547536,0.20733710812174347,0.41221663933405095,2.649498926339652,17.070584847647467,0.18377934363025128,0.5409999642328852,c48fa6e3,-10.819999284657705,377.6,7.8,25.3
0.297,0.302,U10,U10,6.0,6.0,SSPG,SSPG,0.952,0.952,0.125,0.36149850354547536,0.20733710812174347,0.41221663933405095,6.67523207351447,17.070584847647467,0.18377934363025128,0.5409999642328852,c48fa6e3,-10.819999284657705,377.6,7.8,25.3
0.297,0.302,U10,U10,6.0,6.0,SSPG,SSPG,0.952,0.952,0.125,0.36149850354547536,0.20733710812174347,0.41221663933405095,5.939182990014232,17.070584847647467,0.18377934363025128,0.5409999642328852,c48fa6e3,-10.819999284657705,377.6,7.8,25.3
0.297,0.302,U10,U10,6.0,6.0,SSPG,SSPG,0.952,0.952,0.125,0.3527846515797564,0.2059328256974511,0.3230298741180706,4.686130056738385,17.461780584905743,0.2034968184173462,0.5604603074555707,421c1a30,-11.209206149111415,377.0,7.8,24.6
0.297,0.302,U10,U10,6.0,6.0,SSPG,SSPG,0.952,0.952,0.125,0.3527846515797564,0.2059328256974511,0.3230298741180706,8.044118897044223,17.461780584905743,0.2034968184173462,0.5604603074555707,421c1a30,-11.209206149111415,377.0,7.8,24.6
0.297,0.302,U10,U10,6.0,6.0,SSPG,SSPG,0.952,0.952,0.125,0.3527846515797564,0.2059328256974511,0.3230298741180706,3.894798867057123,17.461780584905743,0.2034968184173462,0.5604603074555707,421c1a30,-11.209206149111415,377.0,7.8,24.6
0.297,0.302,U10,U10,6.0,6.0,SSPG,SSPG,0.952,0.952,0.125,0.3527846515797564,0.2059328256974511,0.3230298741180706,5.687528663131341,17.461780584905743,0.2034968184173462,0.5604603074555707,421c1a30,-11.209206149111415,377.0,7.8,24.6
0.297,0.302,U10,U10,6.0,6.0,SSPG,SSPG,0.952,0.952,0.125,0.3527846515797564,0.2059328256974511,0.3230298741180706,5.192460073515601,17.461780584905743,0.2034968184173462,0.5604603074555707,421c1a30,-11.209206149111415,377.0,7.8,24.6
0.297,0.302,U10,U10,6.0,6.0,SSPG,SSPG,0.952,0.952,0.125,0.3570508377854914,0.20084237897661175,0.3871700740781088,5.145390217440757,16.88073049521604,0.21665263015337374,0.5503487836691117,8b1529bf,-11.006975673382232,382.6,7.8,24.6
0.297,0.302,U10,U10,6.0,6.0,SSPG,SSPG,0.952,0.952,0.125,0.3570508377854914,0.20084237897661175,0.3871700740781088,6.746918884107227,16.88073049521604,0.21665263015337374,0.5503487836691117,8b1529bf,-11.006975673382232,382.6,7.8,24.6
0.297,0.302,U10,U10,6.0,6.0,SSPG,SSPG,0.952,0.952,0.125,0.3570508377854914,0.20084237897661175,0.3871700740781088,2.9390203623320486,16.88073049521604,0.21665263015337374,0.5503487836691117,8b1529bf,-11.006975673382232,382.6,7.8,24.6
0.297,0.302,U10,U10,6.0,6.0,SSPG,SSPG,0.952,0.952,0.125,0.3570508377854914,0.20084237897661175,0.3871700740781088,5.728548573374719,16.88073049521604,0.21665263015337374,0.5503487836691117,8b1529bf,-11.006975673382232,382.6,7.8,24.6
0.297,0.302,U10,U10,6.0,6.0,SSPG,SSPG,0.952,0.952,0.125,0.3570508377854914,0.20084237897661175,0.3871700740781088,6.112061664579709,16.88073049521604,0.21665263015337374,0.5503487836691117,8b1529bf,-11.006975673382232,382.6,7.8,24.6
0.297,0.302,U10,U10,6.0,6.0,SSPG,SSPG,0.952,0.952,0.125,0.349046977370658,0.20002902180060964,0.2861234695139847,4.08028870703711,16.776752133643985,0.24738588536846592,0.5197370158723942,0d0978df,-10.394740317447884,391.4,7.5,25.1
0.297,0.302,U10,U10,6.0,6.0,SSPG,SSPG,0.952,0.952,0.125,0.349046977370658,0.20002902180060964,0.2861234695139847,5.020624429109541,16.776752133643985,0.24738588536846592,0.5197370158723942,0d0978df,-10.394740317447884,391.4,7.5,25.1
0.297,0.302,U10,U10,6.0,6.0,SSPG,SSPG,0.952,0.952,0.125,0.349046977370658,0.20002902180060964,0.2861234695139847,2.6605338857420993,16.776752133643985,0.24738588536846592,0.5197370158723942,0d0978df,-10.394740317447884,391.4,7.5,25.1
0.297,0.302,U10,U10,6.0,6.0,SSPG,SSPG,0.952,0.952,0.125,0.349046977370658,0.20002902180060964,0.2861234695139847,5.582634530447127,16.776752133643985,0.24738588536846592,0.5197370158723942,0d0978df,-10.394740317447884,391.4,7.5,25.1
0.297,0.302,U10,U10,6.0,6.0,SSPG,SSPG,0.952,0.952,0.125,0.349046977370658,0.20002902180060964,0.2861234695139847,7.970162349811512,16.776752133643985,0.24738588536846592,0.5197370158723942,0d0978df,-10.394740317447884,391.4,7.5,25.1
0.297,0.302,U10,U10,6.0,6.0,SSPG,SSPG,0.952,0.952,0.125,0.3429475741833733,0.20249735638875271,0.3613137962463757,3.92781268109319,18.76390133655075,0.18640728411020263,0.5628061463887399,d72bc746,-11.256122927774799,378.1,7.9,22.4
0.297,0.302,U10,U10,6.0,6.0,SSPG,SSPG,0.952,0.952,0.125,0.3429475741833733,0.20249735638875271,0.3613137962463757,5.97374745614519,18.76390133655075,0.18640728411020263,0.5628061463887399,d72bc746,-11.256122927774799,378.1,7.9,22.4
0.297,0.302,U10,U10,6.0,6.0,SSPG,SSPG,0.952,0.952,0.125,0.3429475741833733,0.20249735638875271,0.3613137962463757,2.8824119261293317,18.76390133655075,0.18640728411020263,0.5628061463887399,d72bc746,-11.256122927774799,378.1,7.9,22.4
0.297,0.302,U10,U10,6.0,6.0,SSPG,SSPG,0.952,0.952,0.125,0.3429475741833733,0.20249735638875271,0.3613137962463757,6.500754758768017,18.76390133655075,0.18640728411020263,0.5628061463887399,d72bc746,-11.256122927774799,378.1,7.9,22.4
0.297,0.302,U10,U10,6.0,6.0,SSPG,SSPG,0.952,0.952,0.125,0.3429475741833733,0.20249735638875271,0.3613137962463757,6.815433947022669,18.76390133655075,0.18640728411020263,0.5628061463887399,d72bc746,-11.256122927774799,378.1,7.9,22.4
0.297,0.302,U10,U10,6.0,6.0,SSPG,SSPG,0.952,0.952,0.125,0.354646703793901,0.2137428803556711,0.40910228386470426,4.21740708951711,19.266616274938446,0.17546337844004842,0.5419005483550156,c112fb25,-10.838010967100312,387.4,7.8,23.3
0.297,0.302,U10,U10,6.0,6.0,SSPG,SSPG,0.952,0.952,0.125,0.354646703793901,0.2137428803556711,0.40910228386470426,4.777168662116207,19.266616274938446,0.17546337844004842,0.5419005483550156,c112fb25,-10.838010967100312,387.4,7.8,23.3
0.297,0.302,U10,U10,6.0,6.0,SSPG,SSPG,0.952,0.952,0.125,0.354646703793901,0.2137428803556711,0.40910228386470426,2.8480010294469453,19.266616274938446,0.17546337844004842,0.5419005483550156,c112fb25,-10.838010967100312,387.4,7.8,23.3
0.297,0.302,U10,U10,6.0,6.0,SSPG,SSPG,0.952,0.952,0.125,0.354646703793901,0.2137428803556711,0.40910228386470426,4.9108013152988,19.266616274938446,0.17546337844004842,0.5419005483550156,c112fb25,-10.838010967100312,387.4,7.8,23.3
0.297,0.302,U10,U10,6.0,6.0,SSPG,SSPG,0.952,0.952,0.125,0.354646703793901,0.2137428803556711,0.40910228386470426,9.418323012210134,19.266616274938446,0.17546337844004842,0.5419005483550156,c112fb25,-10.838010967100312,387.4,7.8,23.3
0.297,0.302,U10,U10,6.0,6.0,SSPG,SSPG,0.952,0.952,0.125,0.3543148434258645,0.20413281281547244,0.3573942292886414,5.057859832865795,17.59413728248337,0.20593186657982324,0.5637067015626693,86fcfb85,-11.274134031253386,370.6,7.7,22.8
0.297,0.302,U10,U10,6.0,6.0,SSPG,SSPG,0.952,0.952,0.125,0.3543148434258645,0.20413281281547244,0.3573942292886414,4.4295100045920375,17.59413728248337,0.20593186657982324,0.5637067015626693,86fcfb85,-11.274134031253386,370.6,7.7,22.8
0.297,0.302,U10,U10,6.0,6.0,SSPG,SSPG,0.952,0.952,0.125,0.3543148434258645,0.20413281281547244,0.3573942292886414,3.0821459042477524,17.59413728248337,0.20593186657982324,0.5637067015626693,86fcfb85,-11.274134031253386,370.6,7.7,22.8
0.297,0.302,U10,U10,6.0,6.0,SSPG,SSPG,0.952,0.952,0.125,0.3543148434258645,0.20413281281547244,0.3573942292886414,4.811491445205537,17.59413728248337,0.20593186657982324,0.5637067015626693,86fcfb85,-11.274134031253386,370.6,7.7,22.8
0.297,0.302,U10,U10,6.0,6.0,SSPG,SSPG,0.952,0.952,0.125,0.3543148434258645,0.20413281281547244,0.3573942292886414,8.372251360430838,17.59413728248337,0.20593186657982324,0.5637067015626693,86fcfb85,-11.274134031253386,370.6,7.7,22.8
0.297,0.302,U10,U10,6.0,6.0,SSPG,SSPG,0.952,0.952,0.125,0.34646011358344114,0.21141384332353383,0.29107948191981015,5.098750416950001,18.31866788062317,0.19330812369590716,0.5718635242921997,a5de61ee,-11.437270485843992,370.8,7.6,21.8
0.297,0.302,U10,U10,6.0,6.0,SSPG,SSPG,0.952,0.952,0.125,0.34646011358344114,0.21141384332353383,0.29107948191981015,5.094429460375408,18.31866788062317,0.19330812369590716,0.5718635242921997,a5de61ee,-11.437270485843992,370.8,7.6,21.8
0.297,0.302,U10,U10,6.0,6.0,SSPG,SSPG,0.952,0.952,0.125,0.34646011358344114,0.21141384332353383,0.29107948191981015,2.4954477395371826,18.31866788062317,0.19330812369590716,0.5718635242921997,a5de61ee,-11.437270485843992,370.8,7.6,21.8
0.297,0.302,U10,U10,6.0,6.0,SSPG,SSPG,0.952,0.952,0.125,0.34646011358344114,0.21141384332353383,0.29107948191981015,5.160866482757525,18.31866788062317,0.19330812369590716,0.5718635242921997,a5de61ee,-11.437270485843992,370.8,7.6,21.8
0.297,0.302,U10,U10,6.0,6.0,SSPG,SSPG,0.952,0.952,0.125,0.34646011358344114,0.21141384332353383,0.29107948191981015,9.92982656899082,18.31866788062317,0.19330812369590716,0.5718635242921997,a5de61ee,-11.437270485843992,370.8,7.6,21.8
0.297,0.302,U10,U10,6.0,6.0,SSPG,SSPG,0.952,0.952,0.125,0.3560126138490376,0.2000480094176276,0.40451835027996563,6.7634731712734615,16.90113063462568,0.20265614985418423,0.5484256718214215,242e273c,-10.968513436428431,378.0,7.2,24.4
0.297,0.302,U10,U10,6.0,6.0,SSPG,SSPG,0.952,0.952,0.125,0.3560126138490376,0.2000480094176276,0.40451835027996563,5.851213069151559,16.90113063462568,0.20265614985418423,0.5484256718214215,242e273c,-10.968513436428431,378.0,7.2,24.4
0.297,0.302,U10,U10,6.0,6.0,SSPG,SSPG,0.952,0.952,0.125,0.3560126138490376,0.2000480094176276,0.40451835027996563,5.675026062707455,16.90113063462568,0.20265614985418423,0.5484256718214215,242e273c,-10.968513436428431,378.0,7.2,24.4
0.297,0.302,U10,U10,6.0,6.0,SSPG,SSPG,0.952,0.952,0.125,0.3560126138490376,0.2000480094176276,0.40451835027996563,6.170848472147921,16.90113063462568,0.20265614985418423,0.5484256718214215,242e273c,-10.968513436428431,378.0,7.2,24.4
0.297,0.302,U10,U10,6.0,6.0,SSPG,SSPG,0.952,0.952,0.125,0.3560126138490376,0.2000480094176276,0.40451835027996563,5.346877175460361,16.90113063462568,0.20265614985418423,0.5484256718214215,242e273c,-10.968513436428431,378.0,7.2,24.4
0.297,0.302,U10,U10,6.0,6.0,SSPG,SSPG,0.952,0.952,0.125,0.35465691682134853,0.20392798448923524,0.35879138006476596,6.37662062792891,16.673266661224503,0.1987641830210906,0.5420996539980162,4040adb7,-10.841993079960323,371.5,7.4,23.3
0.297,0.302,U10,U10,6.0,6.0,SSPG,SSPG,0.952,0.952,0.125,0.35465691682134853,0.20392798448923524,0.35879138006476596,5.584860502359221,16.673266661224503,0.1987641830210906,0.5420996539980162,4040adb7,-10.841993079960323,371.5,7.4,23.3
0.297,0.302,U10,U10,6.0,6.0,SSPG,SSPG,0.952,0.952,0.125,0.35465691682134853,0.20392798448923524,0.35879138006476596,5.866360019305281,16.673266661224503,0.1987641830210906,0.5420996539980162,4040adb7,-10.841993079960323,371.5,7.4,23.3
0.297,0.302,U10,U10,6.0,6.0,SSPG,SSPG,0.952,0.952,0.125,0.35465691682134853,0.20392798448923524,0.35879138006476596,5.810204958328423,16.673266661224503,0.1987641830210906,0.5420996539980162,4040adb7,-10.841993079960323,371.5,7.4,23.3
0.297,0.302,U10,U10,6.0,6.0,SSPG,SSPG,0.952,0.952,0.125,0.35465691682134853,0.20392798448923524,0.35879138006476596,4.915962006318636,16.673266661224503,0.1987641830210906,0.5420996539980162,4040adb7,-10.841993079960323,371.5,7.4,23.3
0.297,0.302,U10,U10,6.0,6.0,SSPG,SSPG,0.952,0.952,0.125,0.355769567417697,0.21782709780876036,0.31154083184954673,5.515068595461322,17.608906171236285,0.18267173584568716,0.5478443515195806,e83491c9,-10.956887030391611,374.1,7.4,23.4
0.297,0.302,U10,U10,6.0,6.0,SSPG,SSPG,0.952,0.952,0.125,0.355769567417697,0.21782709780876036,0.31154083184954673,4.283144705881444,17.608906171236285,0.18267173584568716,0.5478443515195806,e83491c9,-10.956887030391611,374.1,7.4,23.4
0.297,0.302,U10,U10,6.0,6.0,SSPG,SSPG,0.952,0.952,0.125,0.355769567417697,0.21782709780876036,0.31154083184954673,5.453057562730302,17.608906171236285,0.18267173584568716,0.5478443515195806,e83491c9,-10.956887030391611,374.1,7.4,23.4
0.297,0.302,U10,U10,6.0,6.0,SSPG,SSPG,0.952,0.952,0.125,0.355769567417697,0.21782709780876036,0.31154083184954673,8.205817197654426,17.608906171236285,0.18267173584568716,0.5478443515195806,e83491c9,-10.956887030391611,374.1,7.4,23.4
0.297,0.302,U10,U10,6.0,6.0,SSPG,SSPG,0.952,0.952,0.125,0.355769567417697,0.21782709780876036,0.31154083184954673,5.407743107913561,17.608906171236285,0.18267173584568716,0.5478443515195806,e83491c9,-10.956887030391611,374.1,7.4,23.4
0.297,0.302,U10,U10,6.0,6.0,SSPG,SSPG,0.952,0.952,0.125,0.3532161961240862,0.20255153174477725,0.3514780295025832,6.777774855185831,16.76233276465946,0.22598164830718084,0.5402952619507534,d6ac9d64,-10.805905239015068,377.2,8.0,21.6
0.297,0.302,U10,U10,6.0,6.0,SSPG,SSPG,0.952,0.952,0.125,0.3532161961240862,0.20255153174477725,0.3514780295025832,5.279095439433581,16.76233276465946,0.22598164830718084,0.5402952619507534,d6ac9d64,-10.805905239015068,377.2,8.0,21.6
0.297,0.302,U10,U10,6.0,6.0,SSPG,SSPG,0.952,0.952,0.125,0.3532161961240862,0.20255153174477725,0.3514780295025832,5.954419061132448,16.76233276465946,0.22598164830718084,0.5402952619507534,d6ac9d64,-10.805905239015068,377.2,8.0,21.6
0.297,0.302,U10,U10,6.0,6.0,SSPG,SSPG,0.952,0.952,0.125,0.3532161961240862,0.20255153174477725,0.3514780295025832,4.0223620511884155,16.76233276465946,0.22598164830718084,0.5402952619507534,d6ac9d64,-10.805905239015068,377.2,8.0,21.6
0.297,0.302,U10,U10,6.0,6.0,SSPG,SSPG,0.952,0.952,0.125,0.3532161961240862,0.20255153174477725,0.3514780295025832,5.737251173776346,16.76233276465946,0.22598164830718084,0.5402952619507534,d6ac9d64,-10.805905239015068,377.2,8.0,21.6
0.297,0.302,U10,U10,6.0,6.0,SSPG,SSPG,0.952,0.952,0.125,0.3439497809188574,0.20657335805895236,0.3545128508806894,6.4058097135167875,20.120432093108768,0.17840863550428632,0.55133010389849,bd9d202e,-11.0266020779698,376.6,7.7,22.5
0.297,0.302,U10,U10,6.0,6.0,SSPG,SSPG,0.952,0.952,0.125,0.3439497809188574,0.20657335805895236,0.3545128508806894,5.237418713596209,20.120432093108768,0.17840863550428632,0.55133010389849,bd9d202e,-11.0266020779698,376.6,7.7,22.5
0.297,0.302,U10,U10,6.0,6.0,SSPG,SSPG,0.952,0.952,0.125,0.3439497809188574,0.20657335805895236,0.3545128508806894,6.054886859611987,20.120432093108768,0.17840863550428632,0.55133010389849,bd9d202e,-11.0266020779698,376.6,7.7,22.5
0.297,0.302,U10,U10,6.0,6.0,SSPG,SSPG,0.952,0.952,0.125,0.3439497809188574,0.20657335805895236,0.3545128508806894,4.775768188825066,20.120432093108768,0.17840863550428632,0.55133010389849,bd9d202e,-11.0266020779698,376.6,7.7,22.5
0.297,0.302,U10,U10,6.0,6.0,SSPG,SSPG,0.952,0.952,0.125,0.3439497809188574,0.20657335805895236,0.3545128508806894,5.540358856160189,20.120432093108768,0.17840863550428632,0.55133010389849,bd9d202e,-11.0266020779698,376.6,7.7,22.5
0.297,0.302,U10,U10,6.0,6.0,SSPG,SSPG,0.952,0.952,0.125,0.34873272068487954,0.2012432037232208,0.279191552540792,5.588018356604588,17.14659598086702,0.26262615238231596,0.5080118426132636,1bcfd68a,-10.160236852265271,390.1,7.4,22.9
0.297,0.302,U10,U10,6.0,6.0,SSPG,SSPG,0.952,0.952,0.125,0.34873272068487954,0.2012432037232208,0.279191552540792,4.9720824548242,17.14659598086702,0.26262615238231596,0.5080118426132636,1bcfd68a,-10.160236852265271,390.1,7.4,22.9
0.297,0.302,U10,U10,6.0,6.0,SSPG,SSPG,0.952,0.952,0.125,0.34873272068487954,0.2012432037232208,0.279191552540792,5.0790334275366655,17.14659598086702,0.26262615238231596,0.5080118426132636,1bcfd68a,-10.160236852265271,390.1,7.4,22.9
0.297,0.302,U10,U10,6.0,6.0,SSPG,SSPG,0.952,0.952,0.125,0.34873272068487954,0.2012432037232208,0.279191552540792,4.611756679848108,17.14659598086702,0.26262615238231596,0.5080118426132636,1bcfd68a,-10.160236852265271,390.1,7.4,22.9
0.297,0.302,U10,U10,6.0,6.0,SSPG,SSPG,0.952,0.952,0.125,0.34873272068487954,0.2012432037232208,0.279191552540792,5.0655942437235835,17.14659598086702,0.26262615238231596,0.5080118426132636,1bcfd68a,-10.160236852265271,390.1,7.4,22.9
0.297,0.302,U10,U10,6.0,6.0,SSPG,SSPG,0.952,0.952,0.125,0.35814823675953966,0.20481004517368945,0.32473616109716885,6.133513215541838,17.2382198154197,0.24043660108388826,0.5375486986527173,23cab5f0,-10.750973973054345,367.0,7.6,21.1
0.297,0.302,U10,U10,6.0,6.0,SSPG,SSPG,0.952,0.952,0.125,0.35814823675953966,0.20481004517368945,0.32473616109716885,4.028903083633783,17.2382198154197,0.24043660108388826,0.5375486986527173,23cab5f0,-10.750973973054345,367.0,7.6,21.1
0.297,0.302,U10,U10,6.0,6.0,SSPG,SSPG,0.952,0.952,0.125,0.35814823675953966,0.20481004517368945,0.32473616109716885,6.079121062313146,17.2382198154197,0.24043660108388826,0.5375486986527173,23cab5f0,-10.750973973054345,367.0,7.6,21.1
0.297,0.302,U10,U10,6.0,6.0,SSPG,SSPG,0.952,0.952,0.125,0.35814823675953966,0.20481004517368945,0.32473616109716885,4.542079125191657,17.2382198154197,0.24043660108388826,0.5375486986527173,23cab5f0,-10.750973973054345,367.0,7.6,21.1
0.297,0.302,U10,U10,6.0,6.0,SSPG,SSPG,0.952,0.952,0.125,0.35814823675953966,0.20481004517368945,0.32473616109716885,5.098187102490677,17.2382198154197,0.24043660108388826,0.5375486986527173,23cab5f0,-10.750973973054345,367.0,7.6,21.1
0.297,0.302,U10,U10,6.0,6.0,SSPG,SSPG,0.952,0.952,0.125,0.35016397751797657,0.2000274450535708,0.24599765928171347,5.764947437620689,16.574593830908604,0.24477387440734588,0.516007867306202,dfbff1b3,-10.32015734612404,362.6,7.3,22.8
0.297,0.302,U10,U10,6.0,6.0,SSPG,SSPG,0.952,0.952,0.125,0.35016397751797657,0.2000274450535708,0.24599765928171347,3.905285967191882,16.574593830908604,0.24477387440734588,0.516007867306202,dfbff1b3,-10.32015734612404,362.6,7.3,22.8
0.297,0.302,U10,U10,6.0,6.0,SSPG,SSPG,0.952,0.952,0.125,0.35016397751797657,0.2000274450535708,0.24599765928171347,4.145727955104016,16.574593830908604,0.24477387440734588,0.516007867306202,dfbff1b3,-10.32015734612404,362.6,7.3,22.8
0.297,0.302,U10,U10,6.0,6.0,SSPG,SSPG,0.952,0.952,0.125,0.35016397751797657,0.2000274450535708,0.24599765928171347,4.383504265181943,16.574593830908604,0.24477387440734588,0.516007867306202,dfbff1b3,-10.32015734612404,362.6,7.3,22.8
0.297,0.302,U10,U10,6.0,6.0,SSPG,SSPG,0.952,0.952,0.125,0.35016397751797657,0.2000274450535708,0.24599765928171347,6.7635662713680365,16.574593830908604,0.24477387440734588,0.516007867306202,dfbff1b3,-10.32015734612404,362.6,7.3,22.8
0.297,0.302,U10,U10,6.0,6.0,SSPG,SSPG,0.952,0.952,0.125,0.364473957108046,0.2057915130118269,0.39817349620348974,6.349117618297818,16.69692031243744,0.1978062701277535,0.5501125294645377,d287bd2f,-11.002250589290753,372.3,8.2,24.6
0.297,0.302,U10,U10,6.0,6.0,SSPG,SSPG,0.952,0.952,0.125,0.364473957108046,0.2057915130118269,0.39817349620348974,7.691284434966128,16.69692031243744,0.1978062701277535,0.5501125294645377,d287bd2f,-11.002250589290753,372.3,8.2,24.6
0.297,0.302,U10,U10,6.0,6.0,SSPG,SSPG,0.952,0.952,0.125,0.364473957108046,0.2057915130118269,0.39817349620348974,4.6625911522469465,16.69692031243744,0.1978062701277535,0.5501125294645377,d287bd2f,-11.002250589290753,372.3,8.2,24.6
0.297,0.302,U10,U10,6.0,6.0,SSPG,SSPG,0.952,0.952,0.125,0.364473957108046,0.2057915130118269,0.39817349620348974,6.8153572080438,16.69692031243744,0.1978062701277535,0.5501125294645377,d287bd2f,-11.002250589290753,372.3,8.2,24.6
0.297,0.302,U10,U10,6.0,6.0,SSPG,SSPG,0.952,0.952,0.125,0.364473957108046,0.2057915130118269,0.39817349620348974,4.867793913479567,16.69692031243744,0.1978062701277535,0.5501125294645377,d287bd2f,-11.002250589290753,372.3,8.2,24.6
0.297,0.302,U10,U10,6.0,6.0,SSPG,SSPG,0.952,0.952,0.125,0.35489828940565143,0.20524807475012455,0.3922825963406611,5.463660286230568,17.74745136851654,0.18160082141187245,0.5355744533640273,0089f85b,-10.711489067280546,364.7,7.1,22.7
0.297,0.302,U10,U10,6.0,6.0,SSPG,SSPG,0.952,0.952,0.125,0.35489828940565143,0.20524807475012455,0.3922825963406611,4.40744882423383,17.74745136851654,0.18160082141187245,0.5355744533640273,0089f85b,-10.711489067280546,364.7,7.1,22.7
0.297,0.302,U10,U10,6.0,6.0,SSPG,SSPG,0.952,0.952,0.125,0.35489828940565143,0.20524807475012455,0.3922825963406611,6.270970788693283,17.74745136851654,0.18160082141187245,0.5355744533640273,0089f85b,-10.711489067280546,364.7,7.1,22.7
0.297,0.302,U10,U10,6.0,6.0,SSPG,SSPG,0.952,0.952,0.125,0.35489828940565143,0.20524807475012455,0.3922825963406611,6.298223189321531,17.74745136851654,0.18160082141187245,0.5355744533640273,0089f85b,-10.711489067280546,364.7,7.1,22.7
0.297,0.302,U10,U10,6.0,6.0,SSPG,SSPG,0.952,0.952,0.125,0.35489828940565143,0.20524807475012455,0.3922825963406611,7.220962721415908,17.74745136851654,0.18160082141187245,0.5355744533640273,0089f85b,-10.711489067280546,364.7,7.1,22.7
0.297,0.302,U10,U10,6.0,6.0,SSPG,SSPG,0.952,0.952,0.125,0.35691506430697917,0.22220753103531454,0.3269334742428607,6.616581208517286,19.84049627992433,0.1639803912653805,0.5340096365544348,20be7247,-10.680192731088695,363.4,7.1,22.2
0.297,0.302,U10,U10,6.0,6.0,SSPG,SSPG,0.952,0.952,0.125,0.35691506430697917,0.22220753103531454,0.3269334742428607,3.9347385265518793,19.84049627992433,0.1639803912653805,0.5340096365544348,20be7247,-10.680192731088695,363.4,7.1,22.2
0.297,0.302,U10,U10,6.0,6.0,SSPG,SSPG,0.952,0.952,0.125,0.35691506430697917,0.22220753103531454,0.3269334742428607,5.7364988196575,19.84049627992433,0.1639803912653805,0.5340096365544348,20be7247,-10.680192731088695,363.4,7.1,22.2
0.297,0.302,U10,U10,6.0,6.0,SSPG,SSPG,0.952,0.952,0.125,0.35691506430697917,0.22220753103531454,0.3269334742428607,7.7170308627616775,19.84049627992433,0.1639803912653805,0.5340096365544348,20be7247,-10.680192731088695,363.4,7.1,22.2
0.297,0.302,U10,U10,6.0,6.0,SSPG,SSPG,0.952,0.952,0.125,0.35691506430697917,0.22220753103531454,0.3269334742428607,5.283640837340797,19.84049627992433,0.1639803912653805,0.5340096365544348,20be7247,-10.680192731088695,363.4,7.1,22.2
0.297,0.302,U10,U10,6.0,6.0,SSPG,SSPG,0.952,0.952,0.125,0.3575765696441303,0.20080531430148016,0.40426964767327744,5.671167360499691,17.10800234390493,0.19292002558155436,0.5510855593176606,c0951c5e,-11.021711186353212,363.3,7.4,23.1
0.297,0.302,U10,U10,6.0,6.0,SSPG,SSPG,0.952,0.952,0.125,0.3575765696441303,0.20080531430148016,0.40426964767327744,4.395429975503977,17.10800234390493,0.19292002558155436,0.5510855593176606,c0951c5e,-11.021711186353212,363.3,7.4,23.1
0.297,0.302,U10,U10,6.0,6.0,SSPG,SSPG,0.952,0.952,0.125,0.3575765696441303,0.20080531430148016,0.40426964767327744,5.422928801021749,17.10800234390493,0.19292002558155436,0.5510855593176606,c0951c5e,-11.021711186353212,363.3,7.4,23.1
0.297,0.302,U10,U10,6.0,6.0,SSPG,SSPG,0.952,0.952,0.125,0.3575765696441303,0.20080531430148016,0.40426964767327744,6.593621427193246,17.10800234390493,0.19292002558155436,0.5510855593176606,c0951c5e,-11.021711186353212,363.3,7.4,23.1
0.297,0.302,U10,U10,6.0,6.0,SSPG,SSPG,0.952,0.952,0.125,0.3575765696441303,0.20080531430148016,0.40426964767327744,5.893383491808644,17.10800234390493,0.19292002558155436,0.5510855593176606,c0951c5e,-11.021711186353212,363.3,7.4,23.1
0.297,0.302,U10,U10,6.0,6.0,SSPG,SSPG,0.952,0.952,0.125,0.3544451052230114,0.20970372866876744,0.34977069187542,4.952275018993398,17.889243482398395,0.18195132035292833,0.5589726179163064,d7f72e63,-11.179452358326127,357.7,6.9,21.7
0.297,0.302,U10,U10,6.0,6.0,SSPG,SSPG,0.952,0.952,0.125,0.3544451052230114,0.20970372866876744,0.34977069187542,4.399431587354028,17.889243482398395,0.18195132035292833,0.5589726179163064,d7f72e63,-11.179452358326127,357.7,6.9,21.7
0.297,0.302,U10,U10,6.0,6.0,SSPG,SSPG,0.952,0.952,0.125,0.3544451052230114,0.20970372866876744,0.34977069187542,5.1915550902832726,17.889243482398395,0.18195132035292833,0.5589726179163064,d7f72e63,-11.179452358326127,357.7,6.9,21.7
0.297,0.302,U10,U10,6.0,6.0,SSPG,SSPG,0.952,0.952,0.125,0.3544451052230114,0.20970372866876744,0.34977069187542,5.900387035052072,17.889243482398395,0.18195132035292833,0.5589726179163064,d7f72e63,-11.179452358326127,357.7,6.9,21.7
0.297,0.302,U10,U10,6.0,6.0,SSPG,SSPG,0.952,0.952,0.125,0.3544451052230114,0.20970372866876744,0.34977069187542,7.35848331894855,17.889243482398395,0.18195132035292833,0.5589726179163064,d7f72e63,-11.179452358326127,357.7,6.9,21.7
0.297,0.302,U10,U10,6.0,6.0,SSPG,SSPG,0.952,0.952,0.125,0.34909437389139913,0.20072483032361046,0.38097950223384536,4.815677862656791,17.32957108395368,0.21102404376308326,0.5631913987508141,3d4b31c2,-11.263827975016284,387.5,7.4,23.3
0.297,0.302,U10,U10,6.0,6.0,SSPG,SSPG,0.952,0.952,0.125,0.34909437389139913,0.20072483032361046,0.38097950223384536,4.371838104656556,17.32957108395368,0.21102404376308326,0.5631913987508141,3d4b31c2,-11.263827975016284,387.5,7.4,23.3
0.297,0.302,U10,U10,6.0,6.0,SSPG,SSPG,0.952,0.952,0.125,0.34909437389139913,0.20072483032361046,0.38097950223384536,4.688301329458101,17.32957108395368,0.21102404376308326,0.5631913987508141,3d4b31c2,-11.263827975016284,387.5,7.4,23.3
0.297,0.302,U10,U10,6.0,6.0,SSPG,SSPG,0.952,0.952,0.125,0.34909437389139913,0.20072483032361046,0.38097950223384536,5.3260550025052815,17.32957108395368,0.21102404376308326,0.5631913987508141,3d4b31c2,-11.263827975016284,387.5,7.4,23.3
0.297,0.302,U10,U10,6.0,6.0,SSPG,SSPG,0.952,0.952,0.125,0.34909437389139913,0.20072483032361046,0.38097950223384536,8.977227918102454,17.32957108395368,0.21102404376308326,0.5631913987508141,3d4b31c2,-11.263827975016284,387.5,7.4,23.3
0.297,0.302,U10,U10,6.0,6.0,SSPG,SSPG,0.952,0.952,0.125,0.33736646611683124,0.21837561471159578,0.21922567915625746,4.768169305781681,22.327274066410563,0.15771612555132458,0.47233172035520116,3509441f,-9.446634407104023,370.9,7.5,21.3
0.297,0.302,U10,U10,6.0,6.0,SSPG,SSPG,0.952,0.952,0.125,0.33736646611683124,0.21837561471159578,0.21922567915625746,3.3723424801392814,22.327274066410563,0.15771612555132458,0.47233172035520116,3509441f,-9.446634407104023,370.9,7.5,21.3
0.297,0.302,U10,U10,6.0,6.0,SSPG,SSPG,0.952,0.952,0.125,0.33736646611683124,0.21837561471159578,0.21922567915625746,4.396393466807291,22.327274066410563,0.15771612555132458,0.47233172035520116,3509441f,-9.446634407104023,370.9,7.5,21.3
0.297,0.302,U10,U10,6.0,6.0,SSPG,SSPG,0.952,0.952,0.125,0.33736646611683124,0.21837561471159578,0.21922567915625746,4.298223574158845,22.327274066410563,0.15771612555132458,0.47233172035520116,3509441f,-9.446634407104023,370.9,7.5,21.3
0.297,0.302,U10,U10,6.0,6.0,SSPG,SSPG,0.952,0.952,0.125,0.33736646611683124,0.21837561471159578,0.21922567915625746,5.489187952710376,22.327274066410563,0.15771612555132458,0.47233172035520116,3509441f,-9.446634407104023,370.9,7.5,21.3
0.297,0.302,U10,U10,6.0,6.0,SSPG,SSPG,0.952,0.952,0.125,0.3283183168118028,0.21946654352899878,0.22622554194539335,3.1512068896742984,18.295415805922804,0.03606998637920863,0.31624284001094444,83b64a66,-6.324856800218889,371.4,7.5,19.3
0.297,0.302,U10,U10,6.0,6.0,SSPG,SSPG,0.952,0.952,0.125,0.3283183168118028,0.21946654352899878,0.22622554194539335,2.0199196380966122,18.295415805922804,0.03606998637920863,0.31624284001094444,83b64a66,-6.324856800218889,371.4,7.5,19.3
0.297,0.302,U10,U10,6.0,6.0,SSPG,SSPG,0.952,0.952,0.125,0.3283183168118028,0.21946654352899878,0.22622554194539335,4.108568924827824,18.295415805922804,0.03606998637920863,0.31624284001094444,83b64a66,-6.324856800218889,371.4,7.5,19.3
0.297,0.302,U10,U10,6.0,6.0,SSPG,SSPG,0.952,0.952,0.125,0.3283183168118028,0.21946654352899878,0.22622554194539335,2.9591441465569295,18.295415805922804,0.03606998637920863,0.31624284001094444,83b64a66,-6.324856800218889,371.4,7.5,19.3
0.297,0.302,U10,U10,6.0,6.0,SSPG,SSPG,0.952,0.952,0.125,0.3283183168118028,0.21946654352899878,0.22622554194539335,3.247134216170483,18.295415805922804,0.03606998637920863,0.31624284001094444,83b64a66,-6.324856800218889,371.4,7.5,19.3
0.297,0.302,U10,U10,6.0,6.0,SSPG,SSPG,0.952,0.952,0.125,0.3504691448192918,0.20172133262697473,0.3936698825243752,4.682692219961262,18.154875098671678,0.18606175276551448,0.5453031923760603,f8cec556,-10.906063847521207,360.0,6.6,21.2
0.297,0.302,U10,U10,6.0,6.0,SSPG,SSPG,0.952,0.952,0.125,0.3504691448192918,0.20172133262697473,0.3936698825243752,4.941754142485127,18.154875098671678,0.18606175276551448,0.5453031923760603,f8cec556,-10.906063847521207,360.0,6.6,21.2
0.297,0.302,U10,U10,6.0,6.0,SSPG,SSPG,0.952,0.952,0.125,0.3504691448192918,0.20172133262697473,0.3936698825243752,7.20002569089589,18.154875098671678,0.18606175276551448,0.5453031923760603,f8cec556,-10.906063847521207,360.0,6.6,21.2
0.297,0.302,U10,U10,6.0,6.0,SSPG,SSPG,0.952,0.952,0.125,0.3504691448192918,0.20172133262697473,0.3936698825243752,6.150779510543711,18.154875098671678,0.18606175276551448,0.5453031923760603,f8cec556,-10.906063847521207,360.0,6.6,21.2
0.297,0.302,U10,U10,6.0,6.0,SSPG,SSPG,0.952,0.952,0.125,0.3504691448192918,0.20172133262697473,0.3936698825243752,6.340227591127323,18.154875098671678,0.18606175276551448,0.5453031923760603,f8cec556,-10.906063847521207,360.0,6.6,21.2
0.297,0.302,U10,U10,6.0,6.0,SSPG,SSPG,0.952,0.952,0.125,0.3535312036154565,0.20093912351825266,0.3946467089504633,6.675448964781185,17.222940447316635,0.19210503248234007,0.5540730356943925,432f3ff7,-11.08146071388785,359.5,7.1,21.4
0.297,0.302,U10,U10,6.0,6.0,SSPG,SSPG,0.952,0.952,0.125,0.3535312036154565,0.20093912351825266,0.3946467089504633,4.318968833454381,17.222940447316635,0.19210503248234007,0.5540730356943925,432f3ff7,-11.08146071388785,359.5,7.1,21.4
0.297,0.302,U10,U10,6.0,6.0,SSPG,SSPG,0.952,0.952,0.125,0.3535312036154565,0.20093912351825266,0.3946467089504633,6.303350420833864,17.222940447316635,0.19210503248234007,0.5540730356943925,432f3ff7,-11.08146071388785,359.5,7.1,21.4
0.297,0.302,U10,U10,6.0,6.0,SSPG,SSPG,0.952,0.952,0.125,0.3535312036154565,0.20093912351825266,0.3946467089504633,5.486696721145557,17.222940447316635,0.19210503248234007,0.5540730356943925,432f3ff7,-11.08146071388785,359.5,7.1,21.4
0.297,0.302,U10,U10,6.0,6.0,SSPG,SSPG,0.952,0.952,0.125,0.3535312036154565,0.20093912351825266,0.3946467089504633,6.6335858085785535,17.222940447316635,0.19210503248234007,0.5540730356943925,432f3ff7,-11.08146071388785,359.5,7.1,21.4
0.297,0.302,U10,U10,6.0,6.0,SSPG,SSPG,0.952,0.952,0.125,0.34123277508885597,0.22018615161682087,0.3247333406761974,5.862678098365148,22.77263221104908,0.08433486231009585,0.40967141656201905,71f4cea8,-8.193428331240382,373.6,7.2,21.8
0.297,0.302,U10,U10,6.0,6.0,SSPG,SSPG,0.952,0.952,0.125,0.34123277508885597,0.22018615161682087,0.3247333406761974,3.146635622788507,22.77263221104908,0.08433486231009585,0.40967141656201905,71f4cea8,-8.193428331240382,373.6,7.2,21.8
0.297,0.302,U10,U10,6.0,6.0,SSPG,SSPG,0.952,0.952,0.125,0.34123277508885597,0.22018615161682087,0.3247333406761974,4.016283246083123,22.77263221104908,0.08433486231009585,0.40967141656201905,71f4cea8,-8.193428331240382,373.6,7.2,21.8
0.297,0.302,U10,U10,6.0,6.0,SSPG,SSPG,0.952,0.952,0.125,0.34123277508885597,0.22018615161682087,0.3247333406761974,3.6240906191600657,22.77263221104908,0.08433486231009585,0.40967141656201905,71f4cea8,-8.193428331240382,373.6,7.2,21.8
0.297,0.302,U10,U10,6.0,6.0,SSPG,SSPG,0.952,0.952,0.125,0.34123277508885597,0.22018615161682087,0.3247333406761974,5.352233705887231,22.77263221104908,0.08433486231009585,0.40967141656201905,71f4cea8,-8.193428331240382,373.6,7.2,21.8
0.297,0.302,U10,U10,6.0,6.0,SSPG,SSPG,0.952,0.952,0.125,0.35834440789774363,0.20093237776521636,0.3457835779430749,6.104367700543775,16.45150725630204,0.22126077743502856,0.5372254696365886,2236fa46,-10.744509392731771,378.4,7.5,25.6
0.297,0.302,U10,U10,6.0,6.0,SSPG,SSPG,0.952,0.952,0.125,0.35834440789774363,0.20093237776521636,0.3457835779430749,4.068031897755414,16.45150725630204,0.22126077743502856,0.5372254696365886,2236fa46,-10.744509392731771,378.4,7.5,25.6
0.297,0.302,U10,U10,6.0,6.0,SSPG,SSPG,0.952,0.952,0.125,0.35834440789774363,0.20093237776521636,0.3457835779430749,5.893735169318349,16.45150725630204,0.22126077743502856,0.5372254696365886,2236fa46,-10.744509392731771,378.4,7.5,25.6
0.297,0.302,U10,U10,6.0,6.0,SSPG,SSPG,0.952,0.952,0.125,0.35834440789774363,0.20093237776521636,0.3457835779430749,5.34178301372524,16.45150725630204,0.22126077743502856,0.5372254696365886,2236fa46,-10.744509392731771,378.4,7.5,25.6
0.297,0.302,U10,U10,6.0,6.0,SSPG,SSPG,0.952,0.952,0.125,0.35834440789774363,0.20093237776521636,0.3457835779430749,6.232900256417084,16.45150725630204,0.22126077743502856,0.5372254696365886,2236fa46,-10.744509392731771,378.4,7.5,25.6
0.297,0.302,U10,U10,6.0,6.0,SSPG,SSPG,0.952,0.952,0.125,0.34578798157235247,0.2013080166010196,0.35655009933237114,6.406160615782519,20.053479318740102,0.17689926821083063,0.5391369413386478,4a780827,-10.782738826772956,350.8,7.7,21.1
0.297,0.302,U10,U10,6.0,6.0,SSPG,SSPG,0.952,0.952,0.125,0.34578798157235247,0.2013080166010196,0.35655009933237114,4.1050285363747285,20.053479318740102,0.17689926821083063,0.5391369413386478,4a780827,-10.782738826772956,350.8,7.7,21.1
0.297,0.302,U10,U10,6.0,6.0,SSPG,SSPG,0.952,0.952,0.125,0.34578798157235247,0.2013080166010196,0.35655009933237114,6.1855757599752055,20.053479318740102,0.17689926821083063,0.5391369413386478,4a780827,-10.782738826772956,350.8,7.7,21.1
0.297,0.302,U10,U10,6.0,6.0,SSPG,SSPG,0.952,0.952,0.125,0.34578798157235247,0.2013080166010196,0.35655009933237114,4.686145567213529,20.053479318740102,0.17689926821083063,0.5391369413386478,4a780827,-10.782738826772956,350.8,7.7,21.1
0.297,0.302,U10,U10,6.0,6.0,SSPG,SSPG,0.952,0.952,0.125,0.34578798157235247,0.2013080166010196,0.35655009933237114,5.888583075151897,20.053479318740102,0.17689926821083063,0.5391369413386478,4a780827,-10.782738826772956,350.8,7.7,21.1
0.297,0.302,U10,U10,6.0,6.0,SSPG,SSPG,0.952,0.952,0.125,0.3527722754235146,0.20004214360337924,0.42982431101604535,6.40646813342272,18.116182359125567,0.17971126836200438,0.5479042523089244,d80777c6,-10.958085046178487,374.0,7.6,24.2
0.297,0.302,U10,U10,6.0,6.0,SSPG,SSPG,0.952,0.952,0.125,0.3527722754235146,0.20004214360337924,0.42982431101604535,3.7585099218987703,18.116182359125567,0.17971126836200438,0.5479042523089244,d80777c6,-10.958085046178487,374.0,7.6,24.2
0.297,0.302,U10,U10,6.0,6.0,SSPG,SSPG,0.952,0.952,0.125,0.3527722754235146,0.20004214360337924,0.42982431101604535,4.922506318025088,18.116182359125567,0.17971126836200438,0.5479042523089244,d80777c6,-10.958085046178487,374.0,7.6,24.2
0.297,0.302,U10,U10,6.0,6.0,SSPG,SSPG,0.952,0.952,0.125,0.3527722754235146,0.20004214360337924,0.42982431101604535,6.116477998387973,18.116182359125567,0.17971126836200438,0.5479042523089244,d80777c6,-10.958085046178487,374.0,7.6,24.2
0.297,0.302,U10,U10,6.0,6.0,SSPG,SSPG,0.952,0.952,0.125,0.3527722754235146,0.20004214360337924,0.42982431101604535,8.199394153850628,18.116182359125567,0.17971126836200438,0.5479042523089244,d80777c6,-10.958085046178487,374.0,7.6,24.2
0.297,0.302,U10,U10,6.0,6.0,SSPG,SSPG,0.952,0.952,0.125,0.3474703867373469,0.20165846561746156,0.37698665323172165,6.449830544547762,18.248214417999666,0.19007464295895538,0.5633120358177987,af4e352b,-11.266240716355973,376.6,7.3,23.4
0.297,0.302,U10,U10,6.0,6.0,SSPG,SSPG,0.952,0.952,0.125,0.3474703867373469,0.20165846561746156,0.37698665323172165,4.441862029374388,18.248214417999666,0.19007464295895538,0.5633120358177987,af4e352b,-11.266240716355973,376.6,7.3,23.4
0.297,0.302,U10,U10,6.0,6.0,SSPG,SSPG,0.952,0.952,0.125,0.3474703867373469,0.20165846561746156,0.37698665323172165,6.870896135698375,18.248214417999666,0.19007464295895538,0.5633120358177987,af4e352b,-11.266240716355973,376.6,7.3,23.4
0.297,0.302,U10,U10,6.0,6.0,SSPG,SSPG,0.952,0.952,0.125,0.3474703867373469,0.20165846561746156,0.37698665323172165,4.090833723039574,18.248214417999666,0.19007464295895538,0.5633120358177987,af4e352b,-11.266240716355973,376.6,7.3,23.4
0.297,0.302,U10,U10,6.0,6.0,SSPG,SSPG,0.952,0.952,0.125,0.3474703867373469,0.20165846561746156,0.37698665323172165,7.88613535650208,18.248214417999666,0.19007464295895538,0.5633120358177987,af4e352b,-11.266240716355973,376.6,7.3,23.4
0.297,0.302,U10,U10,6.0,6.0,SSPG,SSPG,0.952,0.952,0.125,0.34037298091723356,0.20026409898743816,0.24650691185094975,4.536849334483335,17.036421457210405,0.23444554850430094,0.5428994924118987,4b6b1f0c,-10.857989848237974,369.5,7.2,21.5
0.297,0.302,U10,U10,6.0,6.0,SSPG,SSPG,0.952,0.952,0.125,0.34037298091723356,0.20026409898743816,0.24650691185094975,3.754580535978308,17.036421457210405,0.23444554850430094,0.5428994924118987,4b6b1f0c,-10.857989848237974,369.5,7.2,21.5
0.297,0.302,U10,U10,6.0,6.0,SSPG,SSPG,0.952,0.952,0.125,0.34037298091723356,0.20026409898743816,0.24650691185094975,5.178619297356198,17.036421457210405,0.23444554850430094,0.5428994924118987,4b6b1f0c,-10.857989848237974,369.5,7.2,21.5
0.297,0.302,U10,U10,6.0,6.0,SSPG,SSPG,0.952,0.952,0.125,0.34037298091723356,0.20026409898743816,0.24650691185094975,6.325501097604612,17.036421457210405,0.23444554850430094,0.5428994924118987,4b6b1f0c,-10.857989848237974,369.5,7.2,21.5
0.297,0.302,U10,U10,6.0,6.0,SSPG,SSPG,0.952,0.952,0.125,0.34037298091723356,0.20026409898743816,0.24650691185094975,7.4735236902828035,17.036421457210405,0.23444554850430094,0.5428994924118987,4b6b1f0c,-10.857989848237974,369.5,7.2,21.5
0.297,0.302,U10,U10,6.0,6.0,SSPG,SSPG,0.952,0.952,0.125,0.3507615643719185,0.2250275799476209,0.47869038893841553,4.784400773584856,20.041382990896007,0.05008473984868981,0.3534975602465629,5c0ae87f,-7.069951204931258,357.7,7.2,19.9
0.297,0.302,U10,U10,6.0,6.0,SSPG,SSPG,0.952,0.952,0.125,0.3507615643719185,0.2250275799476209,0.47869038893841553,5.705365796241255,20.041382990896007,0.05008473984868981,0.3534975602465629,5c0ae87f,-7.069951204931258,357.7,7.2,19.9
0.297,0.302,U10,U10,6.0,6.0,SSPG,SSPG,0.952,0.952,0.125,0.3507615643719185,0.2250275799476209,0.47869038893841553,3.1436809048747234,20.041382990896007,0.05008473984868981,0.3534975602465629,5c0ae87f,-7.069951204931258,357.7,7.2,19.9
0.297,0.302,U10,U10,6.0,6.0,SSPG,SSPG,0.952,0.952,0.125,0.3507615643719185,0.2250275799476209,0.47869038893841553,5.21624612454317,20.041382990896007,0.05008473984868981,0.3534975602465629,5c0ae87f,-7.069951204931258,357.7,7.2,19.9
0.297,0.302,U10,U10,6.0,6.0,SSPG,SSPG,0.952,0.952,0.125,0.3507615643719185,0.2250275799476209,0.47869038893841553,4.273322451031672,20.041382990896007,0.05008473984868981,0.3534975602465629,5c0ae87f,-7.069951204931258,357.7,7.2,19.9
0.297,0.302,U10,U10,6.0,6.0,SSPG,SSPG,0.952,0.952,0.125,0.3499976756895381,0.20201264100662877,0.45967686190719537,5.3763874111799,20.913600103608182,0.16340432485680156,0.5051720217515996,269f78ca,-10.103440435031992,376.4,7.3,24.0
0.297,0.302,U10,U10,6.0,6.0,SSPG,SSPG,0.952,0.952,0.125,0.3499976756895381,0.20201264100662877,0.45967686190719537,4.615476005003161,20.913600103608182,0.16340432485680156,0.5051720217515996,269f78ca,-10.103440435031992,376.4,7.3,24.0
0.297,0.302,U10,U10,6.0,6.0,SSPG,SSPG,0.952,0.952,0.125,0.3499976756895381,0.20201264100662877,0.45967686190719537,6.090227707592564,20.913600103608182,0.16340432485680156,0.5051720217515996,269f78ca,-10.103440435031992,376.4,7.3,24.0
0.297,0.302,U10,U10,6.0,6.0,SSPG,SSPG,0.952,0.952,0.125,0.3499976756895381,0.20201264100662877,0.45967686190719537,4.140924929293902,20.913600103608182,0.16340432485680156,0.5051720217515996,269f78ca,-10.103440435031992,376.4,7.3,24.0
0.297,0.302,U10,U10,6.0,6.0,SSPG,SSPG,0.952,0.952,0.125,0.3499976756895381,0.20201264100662877,0.45967686190719537,6.801983382302703,20.913600103608182,0.16340432485680156,0.5051720217515996,269f78ca,-10.103440435031992,376.4,7.3,24.0
0.297,0.302,U10,U10,6.0,6.0,SSPG,SSPG,0.952,0.952,0.125,0.3491374435717904,0.21020840305198618,0.5078296072648323,5.142766682873196,22.319941365513685,0.10380942234525976,0.4651929227627296,6b448454,-9.303858455254591,373.8,6.9,22.9
0.297,0.302,U10,U10,6.0,6.0,SSPG,SSPG,0.952,0.952,0.125,0.3491374435717904,0.21020840305198618,0.5078296072648323,3.4969854857746734,22.319941365513685,0.10380942234525976,0.4651929227627296,6b448454,-9.303858455254591,373.8,6.9,22.9
0.297,0.302,U10,U10,6.0,6.0,SSPG,SSPG,0.952,0.952,0.125,0.3491374435717904,0.21020840305198618,0.5078296072648323,4.962335479980386,22.319941365513685,0.10380942234525976,0.4651929227627296,6b448454,-9.303858455254591,373.8,6.9,22.9
0.297,0.302,U10,U10,6.0,6.0,SSPG,SSPG,0.952,0.952,0.125,0.3491374435717904,0.21020840305198618,0.5078296072648323,4.796209896722592,22.319941365513685,0.10380942234525976,0.4651929227627296,6b448454,-9.303858455254591,373.8,6.9,22.9
0.297,0.302,U10,U10,6.0,6.0,SSPG,SSPG,0.952,0.952,0.125,0.3491374435717904,0.21020840305198618,0.5078296072648323,7.027866156334312,22.319941365513685,0.10380942234525976,0.4651929227627296,6b448454,-9.303858455254591,373.8,6.9,22.9
0.297,0.302,U10,U10,6.0,6.0,SSPG,SSPG,0.952,0.952,0.125,0.3472425374716718,0.2121944758593284,0.3521684433529977,6.257156680971972,20.000272951335155,0.16934099220113621,0.5293269339527593,70997991,-10.586538679055186,369.3,6.5,21.6
0.297,0.302,U10,U10,6.0,6.0,SSPG,SSPG,0.952,0.952,0.125,0.3472425374716718,0.2121944758593284,0.3521684433529977,4.189957794627034,20.000272951335155,0.16934099220113621,0.5293269339527593,70997991,-10.586538679055186,369.3,6.5,21.6
0.297,0.302,U10,U10,6.0,6.0,SSPG,SSPG,0.952,0.952,0.125,0.3472425374716718,0.2121944758593284,0.3521684433529977,5.13315917992244,20.000272951335155,0.16934099220113621,0.5293269339527593,70997991,-10.586538679055186,369.3,6.5,21.6
0.297,0.302,U10,U10,6.0,6.0,SSPG,SSPG,0.952,0.952,0.125,0.3472425374716718,0.2121944758593284,0.3521684433529977,5.319196322794234,20.000272951335155,0.16934099220113621,0.5293269339527593,70997991,-10.586538679055186,369.3,6.5,21.6
0.297,0.302,U10,U10,6.0,6.0,SSPG,SSPG,0.952,0.952,0.125,0.3472425374716718,0.2121944758593284,0.3521684433529977,7.427364464885768,20.000272951335155,0.16934099220113621,0.5293269339527593,70997991,-10.586538679055186,369.3,6.5,21.6
0.297,0.302,U10,U10,6.0,6.0,SSPG,SSPG,0.952,0.952,0.125,0.34006069636461805,0.20002941934553678,0.36605023368858447,6.393735861422637,18.690412801819512,0.19727749457684257,0.5749676924255824,d1870170,-11.49935384851165,385.7,7.5,22.2
0.297,0.302,U10,U10,6.0,6.0,SSPG,SSPG,0.952,0.952,0.125,0.34006069636461805,0.20002941934553678,0.36605023368858447,4.204627433435253,18.690412801819512,0.19727749457684257,0.5749676924255824,d1870170,-11.49935384851165,385.7,7.5,22.2
0.297,0.302,U10,U10,6.0,6.0,SSPG,SSPG,0.952,0.952,0.125,0.34006069636461805,0.20002941934553678,0.36605023368858447,6.532551277102082,18.690412801819512,0.19727749457684257,0.5749676924255824,d1870170,-11.49935384851165,385.7,7.5,22.2
0.297,0.302,U10,U10,6.0,6.0,SSPG,SSPG,0.952,0.952,0.125,0.34006069636461805,0.20002941934553678,0.36605023368858447,5.494658865773496,18.690412801819512,0.19727749457684257,0.5749676924255824,d1870170,-11.49935384851165,385.7,7.5,22.2
0.297,0.302,U10,U10,6.0,6.0,SSPG,SSPG,0.952,0.952,0.125,0.34006069636461805,0.20002941934553678,0.36605023368858447,8.196579052377277,18.690412801819512,0.19727749457684257,0.5749676924255824,d1870170,-11.49935384851165,385.7,7.5,22.2
0.297,0.302,U10,U10,6.0,6.0,SSPG,SSPG,0.952,0.952,0.125,0.3468303732485087,0.2070590787359459,0.43853461548643,4.682705440324061,22.413845973851416,0.1219806545461496,0.4601758786184243,d5965dec,-9.203517572368487,357.9,8.0,22.0
0.297,0.302,U10,U10,6.0,6.0,SSPG,SSPG,0.952,0.952,0.125,0.3468303732485087,0.2070590787359459,0.43853461548643,4.047199484155595,22.413845973851416,0.1219806545461496,0.4601758786184243,d5965dec,-9.203517572368487,357.9,8.0,22.0
0.297,0.302,U10,U10,6.0,6.0,SSPG,SSPG,0.952,0.952,0.125,0.3468303732485087,0.2070590787359459,0.43853461548643,4.191615820307406,22.413845973851416,0.1219806545461496,0.4601758786184243,d5965dec,-9.203517572368487,357.9,8.0,22.0
0.297,0.302,U10,U10,6.0,6.0,SSPG,SSPG,0.952,0.952,0.125,0.3468303732485087,0.2070590787359459,0.43853461548643,3.987870851250672,22.413845973851416,0.1219806545461496,0.4601758786184243,d5965dec,-9.203517572368487,357.9,8.0,22.0
0.297,0.302,U10,U10,6.0,6.0,SSPG,SSPG,0.952,0.952,0.125,0.3468303732485087,0.2070590787359459,0.43853461548643,7.706136699310369,22.413845973851416,0.1219806545461496,0.4601758786184243,d5965dec,-9.203517572368487,357.9,8.0,22.0
0.297,0.302,U10,U10,6.0,6.0,SSPG,SSPG,0.952,0.952,0.125,0.34916858798607475,0.2003682597612373,0.3447944476918148,6.558781427651657,17.7277416890336,0.2183080248660064,0.5701801289606907,ffc8f47d,-11.403602579213814,378.8,7.2,23.3
0.297,0.302,U10,U10,6.0,6.0,SSPG,SSPG,0.952,0.952,0.125,0.34916858798607475,0.2003682597612373,0.3447944476918148,4.352827635977068,17.7277416890336,0.2183080248660064,0.5701801289606907,ffc8f47d,-11.403602579213814,378.8,7.2,23.3
0.297,0.302,U10,U10,6.0,6.0,SSPG,SSPG,0.952,0.952,0.125,0.34916858798607475,0.2003682597612373,0.3447944476918148,4.732156374527262,17.7277416890336,0.2183080248660064,0.5701801289606907,ffc8f47d,-11.403602579213814,378.8,7.2,23.3
0.297,0.302,U10,U10,6.0,6.0,SSPG,SSPG,0.952,0.952,0.125,0.34916858798607475,0.2003682597612373,0.3447944476918148,6.472966823616947,17.7277416890336,0.2183080248660064,0.5701801289606907,ffc8f47d,-11.403602579213814,378.8,7.2,23.3
0.297,0.302,U10,U10,6.0,6.0,SSPG,SSPG,0.952,0.952,0.125,0.34916858798607475,0.2003682597612373,0.3447944476918148,8.133332411526201,17.7277416890336,0.2183080248660064,0.5701801289606907,ffc8f47d,-11.403602579213814,378.8,7.2,23.3
0.297,0.302,U10,U10,6.0,6.0,SSPG,SSPG,0.952,0.952,0.125,0.35969923876242343,0.2001982201306895,0.37879302074255405,5.395890249388166,16.60841342319985,0.23330252943373886,0.529112699747112,54b84fb2,-10.582253994942239,380.3,7.3,23.8
0.297,0.302,U10,U10,6.0,6.0,SSPG,SSPG,0.952,0.952,0.125,0.35969923876242343,0.2001982201306895,0.37879302074255405,3.9692220286632507,16.60841342319985,0.23330252943373886,0.529112699747112,54b84fb2,-10.582253994942239,380.3,7.3,23.8
0.297,0.302,U10,U10,6.0,6.0,SSPG,SSPG,0.952,0.952,0.125,0.35969923876242343,0.2001982201306895,0.37879302074255405,4.723486996499006,16.60841342319985,0.23330252943373886,0.529112699747112,54b84fb2,-10.582253994942239,380.3,7.3,23.8
0.297,0.302,U10,U10,6.0,6.0,SSPG,SSPG,0.952,0.952,0.125,0.35969923876242343,0.2001982201306895,0.37879302074255405,5.287312441480919,16.60841342319985,0.23330252943373886,0.529112699747112,54b84fb2,-10.582253994942239,380.3,7.3,23.8
0.297,0.302,U10,U10,6.0,6.0,SSPG,SSPG,0.952,0.952,0.125,0.35969923876242343,0.2001982201306895,0.37879302074255405,7.608750627417478,16.60841342319985,0.23330252943373886,0.529112699747112,54b84fb2,-10.582253994942239,380.3,7.3,23.8
0.297,0.302,U10,U10,6.0,6.0,SSPG,SSPG,0.952,0.952,0.125,0.3509868604134417,0.20069510030914148,0.46007175813536616,6.980029876083529,19.94783943717512,0.16683945668323266,0.5194103824481808,7bf8feb1,-10.388207648963617,367.5,6.7,23.0
0.297,0.302,U10,U10,6.0,6.0,SSPG,SSPG,0.952,0.952,0.125,0.3509868604134417,0.20069510030914148,0.46007175813536616,7.235209676140411,19.94783943717512,0.16683945668323266,0.5194103824481808,7bf8feb1,-10.388207648963617,367.5,6.7,23.0
0.297,0.302,U10,U10,6.0,6.0,SSPG,SSPG,0.952,0.952,0.125,0.3509868604134417,0.20069510030914148,0.46007175813536616,6.669437361644868,19.94783943717512,0.16683945668323266,0.5194103824481808,7bf8feb1,-10.388207648963617,367.5,6.7,23.0
0.297,0.302,U10,U10,6.0,6.0,SSPG,SSPG,0.952,0.952,0.125,0.3509868604134417,0.20069510030914148,0.46007175813536616,6.566749291631932,19.94783943717512,0.16683945668323266,0.5194103824481808,7bf8feb1,-10.388207648963617,367.5,6.7,23.0
0.297,0.302,U10,U10,6.0,6.0,SSPG,SSPG,0.952,0.952,0.125,0.3509868604134417,0.20069510030914148,0.46007175813536616,5.71828864551064,19.94783943717512,0.16683945668323266,0.5194103824481808,7bf8feb1,-10.388207648963617,367.5,6.7,23.0
0.297,0.302,U10,U10,6.0,6.0,SSPG,SSPG,0.952,0.952,0.125,0.3445784695282963,0.20376461221850867,0.37846761792943373,8.032918364120764,18.06843987155621,0.20702481118966348,0.5739002669618063,10baaa3e,-11.478005339236127,393.1,6.9,22.2
0.297,0.302,U10,U10,6.0,6.0,SSPG,SSPG,0.952,0.952,0.125,0.3445784695282963,0.20376461221850867,0.37846761792943373,7.851472156849159,18.06843987155621,0.20702481118966348,0.5739002669618063,10baaa3e,-11.478005339236127,393.1,6.9,22.2
0.297,0.302,U10,U10,6.0,6.0,SSPG,SSPG,0.952,0.952,0.125,0.3445784695282963,0.20376461221850867,0.37846761792943373,6.938062405983034,18.06843987155621,0.20702481118966348,0.5739002669618063,10baaa3e,-11.478005339236127,393.1,6.9,22.2
0.297,0.302,U10,U10,6.0,6.0,SSPG,SSPG,0.952,0.952,0.125,0.3445784695282963,0.20376461221850867,0.37846761792943373,5.481198532917474,18.06843987155621,0.20702481118966348,0.5739002669618063,10baaa3e,-11.478005339236127,393.1,6.9,22.2
0.297,0.302,U10,U10,6.0,6.0,SSPG,SSPG,0.952,0.952,0.125,0.3445784695282963,0.20376461221850867,0.37846761792943373,5.450900444337447,18.06843987155621,0.20702481118966348,0.5739002669618063,10baaa3e,-11.478005339236127,393.1,6.9,22.2
0.297,0.302,U10,U10,6.0,6.0,SSPG,SSPG,0.952,0.952,0.125,0.3479366671407956,0.20208360746155588,0.3090480102418507,8.212375450197179,17.785978858663015,0.23877828029497292,0.5581484753989121,c284135e,-11.162969507978243,380.2,7.6,22.3
0.297,0.302,U10,U10,6.0,6.0,SSPG,SSPG,0.952,0.952,0.125,0.3479366671407956,0.20208360746155588,0.3090480102418507,6.9928889043672875,17.785978858663015,0.23877828029497292,0.5581484753989121,c284135e,-11.162969507978243,380.2,7.6,22.3
0.297,0.302,U10,U10,6.0,6.0,SSPG,SSPG,0.952,0.952,0.125,0.3479366671407956,0.20208360746155588,0.3090480102418507,7.31654107923829,17.785978858663015,0.23877828029497292,0.5581484753989121,c284135e,-11.162969507978243,380.2,7.6,22.3
0.297,0.302,U10,U10,6.0,6.0,SSPG,SSPG,0.952,0.952,0.125,0.3479366671407956,0.20208360746155588,0.3090480102418507,8.31398784341005,17.785978858663015,0.23877828029497292,0.5581484753989121,c284135e,-11.162969507978243,380.2,7.6,22.3
0.297,0.302,U10,U10,6.0,6.0,SSPG,SSPG,0.952,0.952,0.125,0.3479366671407956,0.20208360746155588,0.3090480102418507,3.6254510557273742,17.785978858663015,0.23877828029497292,0.5581484753989121,c284135e,-11.162969507978243,380.2,7.6,22.3
0.297,0.302,U10,U10,6.0,6.0,SSPG,SSPG,0.952,0.952,0.125,0.3559793278962717,0.20195745168852736,0.4157979279944608,7.663614648421114,17.514212922192126,0.2024888906019023,0.5620545131790076,7b18a31a,-11.241090263580151,376.7,7.1,23.2
0.297,0.302,U10,U10,6.0,6.0,SSPG,SSPG,0.952,0.952,0.125,0.3559793278962717,0.20195745168852736,0.4157979279944608,5.564787192793678,17.514212922192126,0.2024888906019023,0.5620545131790076,7b18a31a,-11.241090263580151,376.7,7.1,23.2
0.297,0.302,U10,U10,6.0,6.0,SSPG,SSPG,0.952,0.952,0.125,0.3559793278962717,0.20195745168852736,0.4157979279944608,6.908556595771113,17.514212922192126,0.2024888906019023,0.5620545131790076,7b18a31a,-11.241090263580151,376.7,7.1,23.2
0.297,0.302,U10,U10,6.0,6.0,SSPG,SSPG,0.952,0.952,0.125,0.3559793278962717,0.20195745168852736,0.4157979279944608,5.210786367422608,17.514212922192126,0.2024888906019023,0.5620545131790076,7b18a31a,-11.241090263580151,376.7,7.1,23.2
0.297,0.302,U10,U10,6.0,6.0,SSPG,SSPG,0.952,0.952,0.125,0.3559793278962717,0.20195745168852736,0.4157979279944608,6.614443900621101,17.514212922192126,0.2024888906019023,0.5620545131790076,7b18a31a,-11.241090263580151,376.7,7.1,23.2
0.297,0.302,U10,U10,6.0,6.0,SSPG,SSPG,0.952,0.952,0.125,0.3474568799648448,0.20076589638522285,0.3377997452479571,7.124984534564749,16.40422636564789,0.22351814654663324,0.534992517080836,a476d3e5,-10.699850341616719,389.0,7.4,23.2
0.297,0.302,U10,U10,6.0,6.0,SSPG,SSPG,0.952,0.952,0.125,0.3474568799648448,0.20076589638522285,0.3377997452479571,7.753594471265838,16.40422636564789,0.22351814654663324,0.534992517080836,a476d3e5,-10.699850341616719,389.0,7.4,23.2
0.297,0.302,U10,U10,6.0,6.0,SSPG,SSPG,0.952,0.952,0.125,0.3474568799648448,0.20076589638522285,0.3377997452479571,5.655941478516545,16.40422636564789,0.22351814654663324,0.534992517080836,a476d3e5,-10.699850341616719,389.0,7.4,23.2
0.297,0.302,U10,U10,6.0,6.0,SSPG,SSPG,0.952,0.952,0.125,0.3474568799648448,0.20076589638522285,0.3377997452479571,4.541164866587913,16.40422636564789,0.22351814654663324,0.534992517080836,a476d3e5,-10.699850341616719,389.0,7.4,23.2
0.297,0.302,U10,U10,6.0,6.0,SSPG,SSPG,0.952,0.952,0.125,0.3474568799648448,0.20076589638522285,0.3377997452479571,5.514485258217261,16.40422636564789,0.22351814654663324,0.534992517080836,a476d3e5,-10.699850341616719,389.0,7.4,23.2
0.297,0.302,U10,U10,6.0,6.0,SSPG,SSPG,0.952,0.952,0.125,0.35653815290455027,0.20204470293523633,0.3720043169898888,7.2314124855092405,17.044295094234535,0.239920265587626,0.5347822963607922,4ed99f2a,-10.695645927215844,382.8,7.5,21.9
0.297,0.302,U10,U10,6.0,6.0,SSPG,SSPG,0.952,0.952,0.125,0.35653815290455027,0.20204470293523633,0.3720043169898888,7.30408124142854,17.044295094234535,0.239920265587626,0.5347822963607922,4ed99f2a,-10.695645927215844,382.8,7.5,21.9
0.297,0.302,U10,U10,6.0,6.0,SSPG,SSPG,0.952,0.952,0.125,0.35653815290455027,0.20204470293523633,0.3720043169898888,5.024606303955898,17.044295094234535,0.239920265587626,0.5347822963607922,4ed99f2a,-10.695645927215844,382.8,7.5,21.9
0.297,0.302,U10,U10,6.0,6.0,SSPG,SSPG,0.952,0.952,0.125,0.35653815290455027,0.20204470293523633,0.3720043169898888,4.047551165983226,17.044295094234535,0.239920265587626,0.5347822963607922,4ed99f2a,-10.695645927215844,382.8,7.5,21.9
0.297,0.302,U10,U10,6.0,6.0,SSPG,SSPG,0.952,0.952,0.125,0.35653815290455027,0.20204470293523633,0.3720043169898888,7.08882691859609,17.044295094234535,0.239920265587626,0.5347822963607922,4ed99f2a,-10.695645927215844,382.8,7.5,21.9
0.297,0.302,U10,U10,6.0,6.0,SSPG,SSPG,0.952,0.952,0.125,0.3411762565954439,0.20179739278105274,0.33194285615976105,6.3202391811481995,18.120637360469555,0.194624612906009,0.5640186132201602,793c2f44,-11.280372264403205,386.5,7.2,23.9
0.297,0.302,U10,U10,6.0,6.0,SSPG,SSPG,0.952,0.952,0.125,0.3411762565954439,0.20179739278105274,0.33194285615976105,8.316513480224469,18.120637360469555,0.194624612906009,0.5640186132201602,793c2f44,-11.280372264403205,386.5,7.2,23.9
0.297,0.302,U10,U10,6.0,6.0,SSPG,SSPG,0.952,0.952,0.125,0.3411762565954439,0.20179739278105274,0.33194285615976105,5.769845551892711,18.120637360469555,0.194624612906009,0.5640186132201602,793c2f44,-11.280372264403205,386.5,7.2,23.9
0.297,0.302,U10,U10,6.0,6.0,SSPG,SSPG,0.952,0.952,0.125,0.3411762565954439,0.20179739278105274,0.33194285615976105,4.4321021092065696,18.120637360469555,0.194624612906009,0.5640186132201602,793c2f44,-11.280372264403205,386.5,7.2,23.9
0.297,0.302,U10,U10,6.0,6.0,SSPG,SSPG,0.952,0.952,0.125,0.3411762565954439,0.20179739278105274,0.33194285615976105,6.35885439901881,18.120637360469555,0.194624612906009,0.5640186132201602,793c2f44,-11.280372264403205,386.5,7.2,23.9
0.297,0.302,U10,U10,6.0,6.0,SSPG,SSPG,0.952,0.952,0.125,0.3401027701854016,0.20000001265761946,0.3950203827294201,5.2362133827314015,22.235031498565256,0.1632844540508463,0.49448293656494163,487d4331,-9.889658731298832,373.3,6.9,23.3
0.297,0.302,U10,U10,6.0,6.0,SSPG,SSPG,0.952,0.952,0.125,0.3401027701854016,0.20000001265761946,0.3950203827294201,5.300527899852999,22.235031498565256,0.1632844540508463,0.49448293656494163,487d4331,-9.889658731298832,373.3,6.9,23.3
0.297,0.302,U10,U10,6.0,6.0,SSPG,SSPG,0.952,0.952,0.125,0.3401027701854016,0.20000001265761946,0.3950203827294201,5.365997668277874,22.235031498565256,0.1632844540508463,0.49448293656494163,487d4331,-9.889658731298832,373.3,6.9,23.3
0.297,0.302,U10,U10,6.0,6.0,SSPG,SSPG,0.952,0.952,0.125,0.3401027701854016,0.20000001265761946,0.3950203827294201,3.346562062345228,22.235031498565256,0.1632844540508463,0.49448293656494163,487d4331,-9.889658731298832,373.3,6.9,23.3
0.297,0.302,U10,U10,6.0,6.0,SSPG,SSPG,0.952,0.952,0.125,0.3401027701854016,0.20000001265761946,0.3950203827294201,7.2132012616634125,22.235031498565256,0.1632844540508463,0.49448293656494163,487d4331,-9.889658731298832,373.3,6.9,23.3
0.297,0.302,U10,U10,6.0,6.0,SSPG,SSPG,0.952,0.952,0.125,0.34423443498063033,0.20636894089423846,0.3656554714494207,7.11788945285748,18.19661230323293,0.20317623865949672,0.5755195822540433,fe235d85,-11.510391645080865,395.1,6.8,22.3
0.297,0.302,U10,U10,6.0,6.0,SSPG,SSPG,0.952,0.952,0.125,0.34423443498063033,0.20636894089423846,0.3656554714494207,6.802910898973781,18.19661230323293,0.20317623865949672,0.5755195822540433,fe235d85,-11.510391645080865,395.1,6.8,22.3
0.297,0.302,U10,U10,6.0,6.0,SSPG,SSPG,0.952,0.952,0.125,0.34423443498063033,0.20636894089423846,0.3656554714494207,6.392669816147728,18.19661230323293,0.20317623865949672,0.5755195822540433,fe235d85,-11.510391645080865,395.1,6.8,22.3
0.297,0.302,U10,U10,6.0,6.0,SSPG,SSPG,0.952,0.952,0.125,0.34423443498063033,0.20636894089423846,0.3656554714494207,5.840250666372617,18.19661230323293,0.20317623865949672,0.5755195822540433,fe235d85,-11.510391645080865,395.1,6.8,22.3
0.297,0.302,U10,U10,6.0,6.0,SSPG,SSPG,0.952,0.952,0.125,0.34423443498063033,0.20636894089423846,0.3656554714494207,5.881345322089454,18.19661230323293,0.20317623865949672,0.5755195822540433,fe235d85,-11.510391645080865,395.1,6.8,22.3
0.297,0.302,U10,U10,6.0,6.0,SSPG,SSPG,0.952,0.952,0.125,0.3419579205539962,0.20117597753892144,0.3718343789147436,6.111814315229178,18.742652226387126,0.1891030416473366,0.5567001735255207,457394e1,-11.134003470510415,382.7,7.1,22.7
0.297,0.302,U10,U10,6.0,6.0,SSPG,SSPG,0.952,0.952,0.125,0.3419579205539962,0.20117597753892144,0.3718343789147436,5.841542699149865,18.742652226387126,0.1891030416473366,0.5567001735255207,457394e1,-11.134003470510415,382.7,7.1,22.7
0.297,0.302,U10,U10,6.0,6.0,SSPG,SSPG,0.952,0.952,0.125,0.3419579205539962,0.20117597753892144,0.3718343789147436,6.5468032810669765,18.742652226387126,0.1891030416473366,0.5567001735255207,457394e1,-11.134003470510415,382.7,7.1,22.7
0.297,0.302,U10,U10,6.0,6.0,SSPG,SSPG,0.952,0.952,0.125,0.3419579205539962,0.20117597753892144,0.3718343789147436,4.908430342730143,18.742652226387126,0.1891030416473366,0.5567001735255207,457394e1,-11.134003470510415,382.7,7.1,22.7
0.297,0.302,U10,U10,6.0,6.0,SSPG,SSPG,0.952,0.952,0.125,0.3419579205539962,0.20117597753892144,0.3718343789147436,5.873886562382956,18.742652226387126,0.1891030416473366,0.5567001735255207,457394e1,-11.134003470510415,382.7,7.1,22.7
0.297,0.302,U10,U10,6.0,6.0,SSPG,SSPG,0.952,0.952,0.125,0.35309761688135277,0.2011359121381902,0.4282940377480513,6.462989688432558,17.34019048467271,0.2013343429924497,0.5580142101789028,cadb5fee,-11.160284203578057,381.3,6.5,22.8
0.297,0.302,U10,U10,6.0,6.0,SSPG,SSPG,0.952,0.952,0.125,0.35309761688135277,0.2011359121381902,0.4282940377480513,5.642528282324467,17.34019048467271,0.2013343429924497,0.5580142101789028,cadb5fee,-11.160284203578057,381.3,6.5,22.8
0.297,0.302,U10,U10,6.0,6.0,SSPG,SSPG,0.952,0.952,0.125,0.35309761688135277,0.2011359121381902,0.4282940377480513,5.940036327807899,17.34019048467271,0.2013343429924497,0.5580142101789028,cadb5fee,-11.160284203578057,381.3,6.5,22.8
0.297,0.302,U10,U10,6.0,6.0,SSPG,SSPG,0.952,0.952,0.125,0.35309761688135277,0.2011359121381902,0.4282940377480513,4.680915658463841,17.34019048467271,0.2013343429924497,0.5580142101789028,cadb5fee,-11.160284203578057,381.3,6.5,22.8
0.297,0.302,U10,U10,6.0,6.0,SSPG,SSPG,0.952,0.952,0.125,0.35309761688135277,0.2011359121381902,0.4282940377480513,6.362077943378854,17.34019048467271,0.2013343429924497,0.5580142101789028,cadb5fee,-11.160284203578057,381.3,6.5,22.8
0.297,0.302,U10,U10,6.0,6.0,SSPG,SSPG,0.952,0.952,0.125,0.34277598118862407,0.20133577604526362,0.4002603912231464,6.521014976309255,18.607675478319585,0.19196297340640467,0.5641341886887105,9562011e,-11.28268377377421,395.9,7.8,23.5
0.297,0.302,U10,U10,6.0,6.0,SSPG,SSPG,0.952,0.952,0.125,0.34277598118862407,0.20133577604526362,0.4002603912231464,6.8905224470978155,18.607675478319585,0.19196297340640467,0.5641341886887105,9562011e,-11.28268377377421,395.9,7.8,23.5
0.297,0.302,U10,U10,6.0,6.0,SSPG,SSPG,0.952,0.952,0.125,0.34277598118862407,0.20133577604526362,0.4002603912231464,7.069191468971367,18.607675478319585,0.19196297340640467,0.5641341886887105,9562011e,-11.28268377377421,395.9,7.8,23.5
0.297,0.302,U10,U10,6.0,6.0,SSPG,SSPG,0.952,0.952,0.125,0.34277598118862407,0.20133577604526362,0.4002603912231464,4.417096557933492,18.607675478319585,0.19196297340640467,0.5641341886887105,9562011e,-11.28268377377421,395.9,7.8,23.5
0.297,0.302,U10,U10,6.0,6.0,SSPG,SSPG,0.952,0.952,0.125,0.34277598118862407,0.20133577604526362,0.4002603912231464,4.641995193807299,18.607675478319585,0.19196297340640467,0.5641341886887105,9562011e,-11.28268377377421,395.9,7.8,23.5
0.297,0.302,U10,U10,6.0,6.0,SSPG,SSPG,0.952,0.952,0.125,0.35018875291441415,0.20028825805401732,0.4162855124589575,7.621206960748442,18.364006239340778,0.18372933351495407,0.5476623208039816,e00af2bf,-10.953246416079631,374.2,7.2,23.3
0.297,0.302,U10,U10,6.0,6.0,SSPG,SSPG,0.952,0.952,0.125,0.35018875291441415,0.20028825805401732,0.4162855124589575,6.522224545834416,18.364006239340778,0.18372933351495407,0.5476623208039816,e00af2bf,-10.953246416079631,374.2,7.2,23.3
0.297,0.302,U10,U10,6.0,6.0,SSPG,SSPG,0.952,0.952,0.125,0.35018875291441415,0.20028825805401732,0.4162855124589575,4.738291791647514,18.364006239340778,0.18372933351495407,0.5476623208039816,e00af2bf,-10.953246416079631,374.2,7.2,23.3
0.297,0.302,U10,U10,6.0,6.0,SSPG,SSPG,0.952,0.952,0.125,0.35018875291441415,0.20028825805401732,0.4162855124589575,4.646434080472809,18.364006239340778,0.18372933351495407,0.5476623208039816,e00af2bf,-10.953246416079631,374.2,7.2,23.3
0.297,0.302,U10,U10,6.0,6.0,SSPG,SSPG,0.952,0.952,0.125,0.35018875291441415,0.20028825805401732,0.4162855124589575,4.923760439498384,18.364006239340778,0.18372933351495407,0.5476623208039816,e00af2bf,-10.953246416079631,374.2,7.2,23.3
0.297,0.302,U10,U10,6.0,6.0,SSPG,SSPG,0.952,0.952,0.125,0.3427295015139233,0.2022950721492238,0.31244176930726986,6.873064523113198,17.71413549031423,0.2151524236040833,0.5693611528429444,4ceeebcf,-11.387223056858888,376.9,7.3,21.5
0.297,0.302,U10,U10,6.0,6.0,SSPG,SSPG,0.952,0.952,0.125,0.3427295015139233,0.2022950721492238,0.31244176930726986,6.684301783023778,17.71413549031423,0.2151524236040833,0.5693611528429444,4ceeebcf,-11.387223056858888,376.9,7.3,21.5
0.297,0.302,U10,U10,6.0,6.0,SSPG,SSPG,0.952,0.952,0.125,0.3427295015139233,0.2022950721492238,0.31244176930726986,6.516957102973947,17.71413549031423,0.2151524236040833,0.5693611528429444,4ceeebcf,-11.387223056858888,376.9,7.3,21.5
0.297,0.302,U10,U10,6.0,6.0,SSPG,SSPG,0.952,0.952,0.125,0.3427295015139233,0.2022950721492238,0.31244176930726986,4.247442828150664,17.71413549031423,0.2151524236040833,0.5693611528429444,4ceeebcf,-11.387223056858888,376.9,7.3,21.5
0.297,0.302,U10,U10,6.0,6.0,SSPG,SSPG,0.952,0.952,0.125,0.3427295015139233,0.2022950721492238,0.31244176930726986,4.864585689461965,17.71413549031423,0.2151524236040833,0.5693611528429444,4ceeebcf,-11.387223056858888,376.9,7.3,21.5
0.297,0.302,U10,U10,6.0,6.0,SSPG,SSPG,0.952,0.952,0.125,0.3359297313174093,0.20053848667265747,0.35325179290594777,7.458015701768894,19.35614381016427,0.1932089730763215,0.5846151972873875,d2ca44f3,-11.692303945747751,396.7,7.6,23.5
0.297,0.302,U10,U10,6.0,6.0,SSPG,SSPG,0.952,0.952,0.125,0.3359297313174093,0.20053848667265747,0.35325179290594777,7.555591416775629,19.35614381016427,0.1932089730763215,0.5846151972873875,d2ca44f3,-11.692303945747751,396.7,7.6,23.5
0.297,0.302,U10,U10,6.0,6.0,SSPG,SSPG,0.952,0.952,0.125,0.3359297313174093,0.20053848667265747,0.35325179290594777,5.364288581105253,19.35614381016427,0.1932089730763215,0.5846151972873875,d2ca44f3,-11.692303945747751,396.7,7.6,23.5
0.297,0.302,U10,U10,6.0,6.0,SSPG,SSPG,0.952,0.952,0.125,0.3359297313174093,0.20053848667265747,0.35325179290594777,4.4403890152463505,19.35614381016427,0.1932089730763215,0.5846151972873875,d2ca44f3,-11.692303945747751,396.7,7.6,23.5
0.297,0.302,U10,U10,6.0,6.0,SSPG,SSPG,0.952,0.952,0.125,0.3359297313174093,0.20053848667265747,0.35325179290594777,5.450946693142625,19.35614381016427,0.1932089730763215,0.5846151972873875,d2ca44f3,-11.692303945747751,396.7,7.6,23.5
0.297,0.302,U10,U10,6.0,6.0,SSPG,SSPG,0.952,0.952,0.125,0.3354721549543723,0.20029442886405452,0.32135918078444714,5.30356720977264,18.740490681078345,0.2035066065777085,0.5772490465091126,0148f373,-11.544980930182252,387.7,7.0,22.3
0.297,0.302,U10,U10,6.0,6.0,SSPG,SSPG,0.952,0.952,0.125,0.3354721549543723,0.20029442886405452,0.32135918078444714,6.197450494712562,18.740490681078345,0.2035066065777085,0.5772490465091126,0148f373,-11.544980930182252,387.7,7.0,22.3
0.297,0.302,U10,U10,6.0,6.0,SSPG,SSPG,0.952,0.952,0.125,0.3354721549543723,0.20029442886405452,0.32135918078444714,5.09501870738773,18.740490681078345,0.2035066065777085,0.5772490465091126,0148f373,-11.544980930182252,387.7,7.0,22.3
0.297,0.302,U10,U10,6.0,6.0,SSPG,SSPG,0.952,0.952,0.125,0.3354721549543723,0.20029442886405452,0.32135918078444714,3.7445084663818236,18.740490681078345,0.2035066065777085,0.5772490465091126,0148f373,-11.544980930182252,387.7,7.0,22.3
0.297,0.302,U10,U10,6.0,6.0,SSPG,SSPG,0.952,0.952,0.125,0.3354721549543723,0.20029442886405452,0.32135918078444714,8.491745498438746,18.740490681078345,0.2035066065777085,0.5772490465091126,0148f373,-11.544980930182252,387.7,7.0,22.3
0.297,0.302,U10,U10,6.0,6.0,SSPG,SSPG,0.952,0.952,0.125,0.33758891891053894,0.20078421788576822,0.36715514718600617,5.987286954097043,18.186427290307236,0.19588916667739015,0.566167295392506,0646c0d4,-11.32334590785012,398.2,7.1,22.7
0.297,0.302,U10,U10,6.0,6.0,SSPG,SSPG,0.952,0.952,0.125,0.33758891891053894,0.20078421788576822,0.36715514718600617,5.65173395340428,18.186427290307236,0.19588916667739015,0.566167295392506,0646c0d4,-11.32334590785012,398.2,7.1,22.7
0.297,0.302,U10,U10,6.0,6.0,SSPG,SSPG,0.952,0.952,0.125,0.33758891891053894,0.20078421788576822,0.36715514718600617,5.430627755380412,18.186427290307236,0.19588916667739015,0.566167295392506,0646c0d4,-11.32334590785012,398.2,7.1,22.7
0.297,0.302,U10,U10,6.0,6.0,SSPG,SSPG,0.952,0.952,0.125,0.33758891891053894,0.20078421788576822,0.36715514718600617,5.572281124495715,18.186427290307236,0.19588916667739015,0.566167295392506,0646c0d4,-11.32334590785012,398.2,7.1,22.7
0.297,0.302,U10,U10,6.0,6.0,SSPG,SSPG,0.952,0.952,0.125,0.33758891891053894,0.20078421788576822,0.36715514718600617,5.8381608200937904,18.186427290307236,0.19588916667739015,0.566167295392506,0646c0d4,-11.32334590785012,398.2,7.1,22.7
0.297,0.302,U10,U10,6.0,6.0,SSPG,SSPG,0.952,0.952,0.125,0.3392305683275589,0.2056574032603784,0.3850603350707673,5.244721306077507,22.11214813923629,0.16391641529921744,0.4891679861005789,45d2ed0b,-9.783359722011578,384.4,7.3,22.5
0.297,0.302,U10,U10,6.0,6.0,SSPG,SSPG,0.952,0.952,0.125,0.3392305683275589,0.2056574032603784,0.3850603350707673,4.096057386137385,22.11214813923629,0.16391641529921744,0.4891679861005789,45d2ed0b,-9.783359722011578,384.4,7.3,22.5
0.297,0.302,U10,U10,6.0,6.0,SSPG,SSPG,0.952,0.952,0.125,0.3392305683275589,0.2056574032603784,0.3850603350707673,3.996040886676877,22.11214813923629,0.16391641529921744,0.4891679861005789,45d2ed0b,-9.783359722011578,384.4,7.3,22.5
0.297,0.302,U10,U10,6.0,6.0,SSPG,SSPG,0.952,0.952,0.125,0.3392305683275589,0.2056574032603784,0.3850603350707673,5.388597409267981,22.11214813923629,0.16391641529921744,0.4891679861005789,45d2ed0b,-9.783359722011578,384.4,7.3,22.5
0.297,0.302,U10,U10,6.0,6.0,SSPG,SSPG,0.952,0.952,0.125,0.3392305683275589,0.2056574032603784,0.3850603350707673,6.484430625029163,22.11214813923629,0.16391641529921744,0.4891679861005789,45d2ed0b,-9.783359722011578,384.4,7.3,22.5
0.297,0.302,U10,U10,6.0,6.0,SSPG,SSPG,0.952,0.952,0.125,0.33605436259235455,0.2008688829520694,0.3180294001765043,5.361949312815802,17.691203434813584,0.20101265934759655,0.555615695532472,14bcba37,-11.11231391064944,388.1,6.8,22.2
0.297,0.302,U10,U10,6.0,6.0,SSPG,SSPG,0.952,0.952,0.125,0.33605436259235455,0.2008688829520694,0.3180294001765043,5.7112285848874125,17.691203434813584,0.20101265934759655,0.555615695532472,14bcba37,-11.11231391064944,388.1,6.8,22.2
0.297,0.302,U10,U10,6.0,6.0,SSPG,SSPG,0.952,0.952,0.125,0.33605436259235455,0.2008688829520694,0.3180294001765043,5.203726208943499,17.691203434813584,0.20101265934759655,0.555615695532472,14bcba37,-11.11231391064944,388.1,6.8,22.2
0.297,0.302,U10,U10,6.0,6.0,SSPG,SSPG,0.952,0.952,0.125,0.33605436259235455,0.2008688829520694,0.3180294001765043,5.238443528846985,17.691203434813584,0.20101265934759655,0.555615695532472,14bcba37,-11.11231391064944,388.1,6.8,22.2
0.297,0.302,U10,U10,6.0,6.0,SSPG,SSPG,0.952,0.952,0.125,0.33605436259235455,0.2008688829520694,0.3180294001765043,5.289787412205691,17.691203434813584,0.20101265934759655,0.555615695532472,14bcba37,-11.11231391064944,388.1,6.8,22.2
0.297,0.302,U10,U10,6.0,6.0,SSPG,SSPG,0.952,0.952,0.125,0.33939442802162495,0.20014126420247427,0.3419083376670349,4.1075798700723185,17.836041268386293,0.2067694121498086,0.5672358397732562,7fab6730,-11.344716795465125,394.5,7.0,23.3
0.297,0.302,U10,U10,6.0,6.0,SSPG,SSPG,0.952,0.952,0.125,0.33939442802162495,0.20014126420247427,0.3419083376670349,5.199325928679227,17.836041268386293,0.2067694121498086,0.5672358397732562,7fab6730,-11.344716795465125,394.5,7.0,23.3
0.297,0.302,U10,U10,6.0,6.0,SSPG,SSPG,0.952,0.952,0.125,0.33939442802162495,0.20014126420247427,0.3419083376670349,5.472364118291576,17.836041268386293,0.2067694121498086,0.5672358397732562,7fab6730,-11.344716795465125,394.5,7.0,23.3
0.297,0.302,U10,U10,6.0,6.0,SSPG,SSPG,0.952,0.952,0.125,0.33939442802162495,0.20014126420247427,0.3419083376670349,6.14660319401535,17.836041268386293,0.2067694121498086,0.5672358397732562,7fab6730,-11.344716795465125,394.5,7.0,23.3
0.297,0.302,U10,U10,6.0,6.0,SSPG,SSPG,0.952,0.952,0.125,0.33939442802162495,0.20014126420247427,0.3419083376670349,6.7279167245085265,17.836041268386293,0.2067694121498086,0.5672358397732562,7fab6730,-11.344716795465125,394.5,7.0,23.3
0.297,0.302,U10,U10,6.0,6.0,SSPG,SSPG,0.952,0.952,0.125,0.34728150293113264,0.20024674500924647,0.41691894640564153,4.316913487627665,16.57298177098904,0.2182095011443744,0.5437167062194388,f8954555,-10.874334124388776,405.4,6.9,23.7
0.297,0.302,U10,U10,6.0,6.0,SSPG,SSPG,0.952,0.952,0.125,0.34728150293113264,0.20024674500924647,0.41691894640564153,6.106053152914226,16.57298177098904,0.2182095011443744,0.5437167062194388,f8954555,-10.874334124388776,405.4,6.9,23.7
0.297,0.302,U10,U10,6.0,6.0,SSPG,SSPG,0.952,0.952,0.125,0.34728150293113264,0.20024674500924647,0.41691894640564153,5.0942063220132265,16.57298177098904,0.2182095011443744,0.5437167062194388,f8954555,-10.874334124388776,405.4,6.9,23.7
0.297,0.302,U10,U10,6.0,6.0,SSPG,SSPG,0.952,0.952,0.125,0.34728150293113264,0.20024674500924647,0.41691894640564153,6.340112638903455,16.57298177098904,0.2182095011443744,0.5437167062194388,f8954555,-10.874334124388776,405.4,6.9,23.7
0.297,0.302,U10,U10,6.0,6.0,SSPG,SSPG,0.952,0.952,0.125,0.34728150293113264,0.20024674500924647,0.41691894640564153,4.344595921119543,16.57298177098904,0.2182095011443744,0.5437167062194388,f8954555,-10.874334124388776,405.4,6.9,23.7
0.297,0.302,U10,U10,6.0,6.0,SSPG,SSPG,0.952,0.952,0.125,0.33887245959198825,0.20011804333340533,0.32089321241728186,4.022180153033523,17.8851818777472,0.21596316138982719,0.5696419316112568,a8eb996e,-11.392838632225136,389.6,7.9,22.2
0.297,0.302,U10,U10,6.0,6.0,SSPG,SSPG,0.952,0.952,0.125,0.33887245959198825,0.20011804333340533,0.32089321241728186,6.372543687804413,17.8851818777472,0.21596316138982719,0.5696419316112568,a8eb996e,-11.392838632225136,389.6,7.9,22.2
0.297,0.302,U10,U10,6.0,6.0,SSPG,SSPG,0.952,0.952,0.125,0.33887245959198825,0.20011804333340533,0.32089321241728186,4.9494673664205395,17.8851818777472,0.21596316138982719,0.5696419316112568,a8eb996e,-11.392838632225136,389.6,7.9,22.2
0.297,0.302,U10,U10,6.0,6.0,SSPG,SSPG,0.952,0.952,0.125,0.33887245959198825,0.20011804333340533,0.32089321241728186,5.054006888135694,17.8851818777472,0.21596316138982719,0.5696419316112568,a8eb996e,-11.392838632225136,389.6,7.9,22.2
0.297,0.302,U10,U10,6.0,6.0,SSPG,SSPG,0.952,0.952,0.125,0.33887245959198825,0.20011804333340533,0.32089321241728186,7.1236305294748945,17.8851818777472,0.21596316138982719,0.5696419316112568,a8eb996e,-11.392838632225136,389.6,7.9,22.2
0.297,0.302,U10,U10,6.0,6.0,SSPG,SSPG,0.952,0.952,0.125,0.33487048397133806,0.20001761518682415,0.369498252062223,5.139934390957354,18.035187764148855,0.2031065616544994,0.5652611200283372,b0379e9b,-11.305222400566743,409.3,7.6,22.9
0.297,0.302,U10,U10,6.0,6.0,SSPG,SSPG,0.952,0.952,0.125,0.33487048397133806,0.20001761518682415,0.369498252062223,5.28240845937578,18.035187764148855,0.2031065616544994,0.5652611200283372,b0379e9b,-11.305222400566743,409.3,7.6,22.9
0.297,0.302,U10,U10,6.0,6.0,SSPG,SSPG,0.952,0.952,0.125,0.33487048397133806,0.20001761518682415,0.369498252062223,4.5859597296238865,18.035187764148855,0.2031065616544994,0.5652611200283372,b0379e9b,-11.305222400566743,409.3,7.6,22.9
0.297,0.302,U10,U10,6.0,6.0,SSPG,SSPG,0.952,0.952,0.125,0.33487048397133806,0.20001761518682415,0.369498252062223,4.9218237990714995,18.035187764148855,0.2031065616544994,0.5652611200283372,b0379e9b,-11.305222400566743,409.3,7.6,22.9
0.297,0.302,U10,U10,6.0,6.0,SSPG,SSPG,0.952,0.952,0.125,0.33487048397133806,0.20001761518682415,0.369498252062223,7.193260183737518,18.035187764148855,0.2031065616544994,0.5652611200283372,b0379e9b,-11.305222400566743,409.3,7.6,22.9
0.297,0.302,U10,U10,6.0,6.0,SSPG,SSPG,0.952,0.952,0.125,0.33094166625386645,0.20863394656807235,0.33524602514814617,4.468311714548116,23.222798407489798,0.15969360601309612,0.47804274059432666,1d948972,-9.560854811886534,399.4,6.8,22.5
0.297,0.302,U10,U10,6.0,6.0,SSPG,SSPG,0.952,0.952,0.125,0.33094166625386645,0.20863394656807235,0.33524602514814617,3.4916395946777885,23.222798407489798,0.15969360601309612,0.47804274059432666,1d948972,-9.560854811886534,399.4,6.8,22.5
0.297,0.302,U10,U10,6.0,6.0,SSPG,SSPG,0.952,0.952,0.125,0.33094166625386645,0.20863394656807235,0.33524602514814617,4.179203741471428,23.222798407489798,0.15969360601309612,0.47804274059432666,1d948972,-9.560854811886534,399.4,6.8,22.5
0.297,0.302,U10,U10,6.0,6.0,SSPG,SSPG,0.952,0.952,0.125,0.33094166625386645,0.20863394656807235,0.33524602514814617,4.015936265676725,23.222798407489798,0.15969360601309612,0.47804274059432666,1d948972,-9.560854811886534,399.4,6.8,22.5
0.297,0.302,U10,U10,6.0,6.0,SSPG,SSPG,0.952,0.952,0.125,0.33094166625386645,0.20863394656807235,0.33524602514814617,6.615165222849709,23.222798407489798,0.15969360601309612,0.47804274059432666,1d948972,-9.560854811886534,399.4,6.8,22.5
