thigh_length,calf_length,motor_left_name,motor_right_name,gear_left_ratio,gear_right_ratio,gearbox_left,gearbox_right,torso_distance,ik_height,ori_l,ori_theta,best_index,best_cost,ac1,ac2,ac3
0.297,0.302,U10,U10,6.0,6.0,SSPG,SSPG,0.1,0.3227230278543127,0.2104510202302361,0.05893827390431716,1,5.482632720696974,518.7,3.8,29.2
0.297,0.302,U10,U10,6.0,6.0,SSPG,SSPG,0.1,0.3532787122131703,0.21677411368405766,-0.3169298247072414,7,0.7892473184348221,454.2,4.0,32.6
0.297,0.302,U10,U10,6.0,6.0,SSPG,SSPG,0.1,0.3478759564277386,0.2666561378419871,0.10413270087409843,0,2.5176463887201868,525.8,4.1,33.2
0.297,0.302,U10,U10,6.0,6.0,SSPG,SSPG,0.1,0.32514766693023517,0.20044675574804804,0.08986796313333323,0,5.3771332747169005,519.8,2.9,35.6
0.297,0.302,U10,U10,6.0,6.0,SSPG,SSPG,0.1,0.3625345542957295,0.22260977256306957,0.20595247717827392,6,4.594664912039509,536.5,3.3,35.4
0.297,0.302,U10,U10,6.0,6.0,SSPG,SSPG,0.1,0.34045283235529017,0.20820651118848094,0.1413903091132469,2,1.9009025764088383,435.7,4.2,31.7
0.297,0.302,U10,U10,6.0,6.0,SSPG,SSPG,0.1,0.3769522459985751,0.28608020176168814,0.15541399366516506,3,0.81248826486833,512.7,4.7,33.3
0.297,0.302,U10,U10,6.0,6.0,SSPG,SSPG,0.1,0.353399640727734,0.2665577883073943,0.040583590994315744,3,1.522227440689007,491.9,4.2,34.3
0.297,0.302,U10,U10,6.0,6.0,SSPG,SSPG,0.1,0.3547719942078848,0.20279975654496363,0.19968470878280598,0,4.732774475797827,481.7,4.0,31.6
0.297,0.302,U10,U10,6.0,6.0,SSPG,SSPG,0.1,0.378252634925051,0.2548742712100209,0.11646926457578988,5,3.7450644841639815,544.1,3.6,33.7
0.297,0.302,U10,U10,6.0,6.0,SSPG,SSPG,0.1,0.37473532433730367,0.20481624556140185,0.24582441562692137,6,4.258834874978487,471.6,4.0,34.4
0.297,0.302,U10,U10,6.0,6.0,SSPG,SSPG,0.1,0.3636788169981109,0.26684878276492174,0.12754102740744688,7,1.0560338840151084,442.6,4.1,30.0
0.297,0.302,U10,U10,6.0,6.0,SSPG,SSPG,0.1,0.4030329926666457,0.2546624519454298,0.2917781595913189,2,0.3097241033198861,440.2,4.6,32.9
0.297,0.302,U10,U10,6.0,6.0,SSPG,SSPG,0.1,0.4124432750307818,0.2650951497592572,0.46851061919513715,6,0.3978142861974838,463.6,4.8,37.1
0.297,0.302,U10,U10,6.0,6.0,SSPG,SSPG,0.1,0.3907625451181007,0.23343370184191298,0.5067070563386946,4,0.8275565303525934,529.2,3.7,35.1
0.297,0.302,U10,U10,6.0,6.0,SSPG,SSPG,0.1,0.3851899918252114,0.2258061837565004,0.4908378936448816,1,0.4425221445552028,480.8,4.0,36.2
0.297,0.302,U10,U10,6.0,6.0,SSPG,SSPG,0.1,0.3654723322923662,0.20487931986095803,0.36571186544656475,0,0.9028101543366915,417.1,5.0,33.5
0.297,0.302,U10,U10,6.0,6.0,SSPG,SSPG,0.1,0.3993468606092178,0.212365750660806,0.6525263484197037,3,0.3901495983293266,449.8,4.7,35.9
0.297,0.302,U10,U10,6.0,6.0,SSPG,SSPG,0.1,0.4123603773803148,0.2538018584766705,0.5182521456261098,6,0.15771728022383602,507.0,4.9,35.1
0.297,0.302,U10,U10,6.0,6.0,SSPG,SSPG,0.1,0.3849795252503796,0.21287373853504868,0.5755679398238107,1,0.918476967032479,511.5,4.6,35.3
0.297,0.302,U10,U10,6.0,6.0,SSPG,SSPG,0.1,0.38440153005438926,0.21336474193138094,0.580307144903867,0,0.4438497833479582,456.3,5.2,34.1
0.297,0.302,U10,U10,6.0,6.0,SSPG,SSPG,0.1,0.4100211875001379,0.27288410952696596,0.42832657002409036,0,0.9156462296501573,442.0,4.9,34.6
0.297,0.302,U10,U10,6.0,6.0,SSPG,SSPG,0.1,0.39945286533096347,0.21627329063008474,0.6492172388321293,6,0.3519342286432492,468.2,5.2,36.0
0.297,0.302,U10,U10,6.0,6.0,SSPG,SSPG,0.1,0.41521660462513077,0.2175338877410803,0.6604213994224564,0,0.11677235266093167,476.3,4.9,37.3
0.297,0.302,U10,U10,6.0,6.0,SSPG,SSPG,0.1,0.4120203925428802,0.20004487765036172,0.6802605782591207,6,0.23015237904129027,450.8,5.4,36.0
0.297,0.302,U10,U10,6.0,6.0,SSPG,SSPG,0.1,0.4088023252221321,0.2108709547906306,0.6999786633751697,3,0.26072020971597976,483.9,5.3,35.6
0.297,0.302,U10,U10,6.0,6.0,SSPG,SSPG,0.1,0.41121270165290574,0.2107952846840984,0.5647611849429088,0,0.17181892884833694,434.8,5.5,36.7
0.297,0.302,U10,U10,6.0,6.0,SSPG,SSPG,0.1,0.4188944992182977,0.20006455171148094,0.7094718001636378,7,0.3098881159590725,456.8,5.9,36.2
0.297,0.302,U10,U10,6.0,6.0,SSPG,SSPG,0.1,0.41192987868987646,0.2285027091468973,0.6549955658848363,0,0.3855428470158344,473.2,5.6,35.9
0.297,0.302,U10,U10,6.0,6.0,SSPG,SSPG,0.1,0.4168565567040238,0.20517199388983362,0.6741146527771189,0,0.34067435644762334,452.7,6.3,35.0
0.297,0.302,U10,U10,6.0,6.0,SSPG,SSPG,0.1,0.42964286531950446,0.20169626808241384,0.721066664875968,6,-0.01358245470120334,439.1,6.1,38.0
0.297,0.302,U10,U10,6.0,6.0,SSPG,SSPG,0.1,0.4405520928301965,0.21519465068136398,0.8148840563275059,4,-0.13796609637899104,436.0,6.3,38.3
0.297,0.302,U10,U10,6.0,6.0,SSPG,SSPG,0.1,0.4435623675730356,0.21360506107257027,0.8202462677482347,7,-0.17757366890217208,438.4,6.4,38.0
0.297,0.302,U10,U10,6.0,6.0,SSPG,SSPG,0.1,0.44082006427634673,0.20001496454997988,0.9396188909863432,3,-0.1822300681842477,463.9,6.1,37.8
0.297,0.302,U10,U10,6.0,6.0,SSPG,SSPG,0.1,0.44051823913919413,0.20330985300338728,0.8491287047041229,4,-0.1753875471747568,444.8,6.1,39.3
0.297,0.302,U10,U10,6.0,6.0,SSPG,SSPG,0.1,0.4589952056299922,0.2026672244981309,1.0020345900086314,7,-0.1992214041706446,489.3,5.9,40.1
0.297,0.302,U10,U10,6.0,6.0,SSPG,SSPG,0.1,0.470582596684053,0.20030326675177082,1.065167811473613,5,-0.17537243539365344,497.0,6.5,40.6
0.297,0.302,U10,U10,6.0,6.0,SSPG,SSPG,0.1,0.4597729341747613,0.2130539220019935,0.8578225772566435,6,-0.19784813982315397,433.0,6.8,38.5
0.297,0.302,U10,U10,6.0,6.0,SSPG,SSPG,0.1,0.4597964223366513,0.210006495230994,0.9898864216179115,3,-0.18664902609129896,498.6,6.2,41.1
0.297,0.302,U10,U10,6.0,6.0,SSPG,SSPG,0.1,0.45696006324961436,0.22634158097618676,0.9301599738314685,0,-0.18933228320975504,499.5,6.2,40.1
0.297,0.302,U10,U10,6.0,6.0,SSPG,SSPG,0.1,0.4742791039628161,0.217121732999641,0.960294779659578,0,-0.21076652418325814,480.4,6.2,41.5
0.297,0.302,U10,U10,6.0,6.0,SSPG,SSPG,0.1,0.4626816576719463,0.20876855633234676,1.0087633015964386,4,-0.18167105857409327,492.6,6.1,40.6
0.297,0.302,U10,U10,6.0,6.0,SSPG,SSPG,0.1,0.48497384386081543,0.21195921469524182,1.0886293733034522,5,-0.18686448942775336,526.3,5.9,42.6
0.297,0.302,U10,U10,6.0,6.0,SSPG,SSPG,0.1,0.4657503780592285,0.2132043579535224,0.9763530849902784,5,-0.1828478050965301,495.5,5.7,41.7
0.297,0.302,U10,U10,6.0,6.0,SSPG,SSPG,0.1,0.4667423961016649,0.21296352705742466,0.9914388002502768,6,-0.20929212792999108,490.3,6.1,41.2
0.297,0.302,U10,U10,6.0,6.0,SSPG,SSPG,0.1,0.4714247273778345,0.20130783795025659,1.010829147896863,1,-0.20293918082048235,485.5,6.3,41.4
0.297,0.302,U10,U10,6.0,6.0,SSPG,SSPG,0.1,0.47660366714884583,0.20038375959287757,1.0597911650663647,7,-0.20047151755760684,488.1,6.3,41.5
0.297,0.302,U10,U10,6.0,6.0,SSPG,SSPG,0.1,0.46445504148496636,0.20153245248984636,0.9948817818866305,2,-0.1994002725254833,476.6,6.2,40.7
0.297,0.302,U10,U10,6.0,6.0,SSPG,SSPG,0.1,0.4737827823767454,0.2001361215559961,1.0396156088733357,3,-0.19955520234161428,492.9,6.0,41.8
0.297,0.302,U10,U10,6.0,6.0,SSPG,SSPG,0.1,0.46740975714279864,0.20042320228981747,1.0101550618034922,1,-0.18592208992642556,480.6,5.8,41.5
0.297,0.302,U10,U10,6.0,6.0,SSPG,SSPG,0.1,0.473704492185664,0.2001135792796624,1.037593617276361,3,-0.20519216066158608,491.8,5.9,41.9
0.297,0.302,U10,U10,6.0,6.0,SSPG,SSPG,0.1,0.47484580732269477,0.20019421144979713,1.035205035941523,6,-0.19225551392996554,486.1,6.1,42.0
0.297,0.302,U10,U10,6.0,6.0,SSPG,SSPG,0.1,0.4713003178058828,0.20004354853699163,0.9947023761337079,3,-0.20609092811563956,474.8,6.2,41.6
0.297,0.302,U10,U10,6.0,6.0,SSPG,SSPG,0.1,0.47223625231272237,0.20086517980683974,0.9703273934523158,6,-0.1882510962291697,461.6,6.4,41.3
0.297,0.302,U10,U10,6.0,6.0,SSPG,SSPG,0.1,0.47468867277262167,0.2030255236554694,1.0195088987538439,4,-0.19937813201804655,481.7,6.5,41.1
0.297,0.302,U10,U10,6.0,6.0,SSPG,SSPG,0.1,0.4647513303347964,0.20021261573936944,0.9515031214803105,6,-0.1935073742572735,466.9,5.9,41.7
0.297,0.302,U10,U10,6.0,6.0,SSPG,SSPG,0.1,0.46982784614287443,0.20624173571303034,0.9568927368831632,1,-0.19956054621151864,468.6,6.5,41.1
0.297,0.302,U10,U10,6.0,6.0,SSPG,SSPG,0.1,0.47121962629607894,0.202462352336138,1.0032671875027863,5,-0.2059100347345746,477.0,6.1,41.8
0.297,0.302,U10,U10,6.0,6.0,SSPG,SSPG,0.1,0.47119236193531955,0.20010745246733838,0.9908928725044053,4,-0.20224359843806328,488.0,6.1,42.5
0.297,0.302,U10,U10,6.0,6.0,SSPG,SSPG,0.1,0.4740504923487753,0.2014051789139759,0.9972598601725253,7,-0.20113452185782954,481.6,6.3,41.8
0.297,0.302,U10,U10,6.0,6.0,SSPG,SSPG,0.1,0.4739560198177605,0.20030878298047766,0.9916305068096714,0,-0.19449467795973208,478.2,6.2,41.9
0.297,0.302,U10,U10,6.0,6.0,SSPG,SSPG,0.1,0.46938439291959877,0.20000786485622074,0.9727882136081472,0,-0.19438775884349013,477.2,6.0,42.2
0.297,0.302,U10,U10,6.0,6.0,SSPG,SSPG,0.1,0.46971509207548856,0.20282902071860087,0.9797218130623513,1,-0.20400842649432027,470.5,6.3,41.0
0.297,0.302,U10,U10,6.0,6.0,SSPG,SSPG,0.1,0.4710728282325516,0.20020325904181557,0.9905163590736716,4,-0.20996027861955113,481.5,6.0,42.1
0.297,0.302,U10,U10,6.0,6.0,SSPG,SSPG,0.1,0.47124938428255936,0.20020639259553463,1.018782433645078,7,-0.20673053471123692,477.9,6.1,41.4
0.297,0.302,U10,U10,6.0,6.0,SSPG,SSPG,0.1,0.4740155529563259,0.20054853081241847,1.0263341312942136,7,-0.20271551960306233,477.2,6.2,41.5
0.297,0.302,U10,U10,6.0,6.0,SSPG,SSPG,0.1,0.4745686586524692,0.20145627010273368,1.0497411040026332,0,-0.18971519175587792,483.1,6.4,41.0
0.297,0.302,U10,U10,6.0,6.0,SSPG,SSPG,0.1,0.4712946484315874,0.20000012785627153,1.0134398215951395,0,-0.21326574202804416,465.4,6.6,40.6
0.297,0.302,U10,U10,6.0,6.0,SSPG,SSPG,0.1,0.47155798526725334,0.20016703430863336,0.9793255243961538,6,-0.2124267129473174,457.1,6.5,40.9
0.297,0.302,U10,U10,6.0,6.0,SSPG,SSPG,0.1,0.47131375610940207,0.20240532359766053,1.0292403747032637,3,-0.19737309292376004,477.6,6.2,41.2
0.297,0.302,U10,U10,6.0,6.0,SSPG,SSPG,0.1,0.4717424562361638,0.20000160693398966,1.0203251717590054,3,-0.20524125151719907,472.4,6.4,40.6
0.297,0.302,U10,U10,6.0,6.0,SSPG,SSPG,0.1,0.47690024524771035,0.20004164461625773,1.0214201370533234,1,-0.19597185492302582,467.1,6.7,40.5
0.297,0.302,U10,U10,6.0,6.0,SSPG,SSPG,0.1,0.4743354685972634,0.200647888938614,1.0323289743193365,0,-0.2072918973996698,469.3,6.8,40.2
0.297,0.302,U10,U10,6.0,6.0,SSPG,SSPG,0.1,0.4693046418958349,0.20067473298811697,1.0254056531378306,0,-0.2029214860026456,473.2,6.3,40.5
0.297,0.302,U10,U10,6.0,6.0,SSPG,SSPG,0.1,0.4716878367395664,0.20136714146537363,1.0005237478139373,1,-0.2084706484359704,463.4,6.6,40.2
0.297,0.302,U10,U10,6.0,6.0,SSPG,SSPG,0.1,0.46958993221411716,0.2003454952632473,1.0016532763072092,2,-0.20612088455265276,466.2,6.6,40.2
0.297,0.302,U10,U10,6.0,6.0,SSPG,SSPG,0.1,0.4712269995059088,0.2000706422484136,1.0011892672945581,1,-0.2146138813529479,466.0,6.4,40.7
0.297,0.302,U10,U10,6.0,6.0,SSPG,SSPG,0.1,0.4740183308430894,0.20042045598928962,1.0256503810922295,5,-0.20778215982753334,471.8,6.3,41.1
0.297,0.302,U10,U10,6.0,6.0,SSPG,SSPG,0.1,0.4699408411698499,0.20301122475368824,0.9936606718878873,2,-0.20689868977754422,466.2,6.5,40.4
0.297,0.302,U10,U10,6.0,6.0,SSPG,SSPG,0.1,0.47013966999945545,0.2036177944935705,0.975758721602535,2,-0.2063886550545342,461.0,6.6,40.2
0.297,0.302,U10,U10,6.0,6.0,SSPG,SSPG,0.1,0.47124771933053966,0.20058222895253872,1.0007251705865317,4,-0.21505018332604298,462.1,6.5,40.4
0.297,0.302,U10,U10,6.0,6.0,SSPG,SSPG,0.1,0.46770339583701226,0.20017282507544046,0.9924632774769413,1,-0.19189942414335315,460.5,6.5,40.0
0.297,0.302,U10,U10,6.0,6.0,SSPG,SSPG,0.1,0.46967493552246475,0.20026850168101615,0.9893478675009839,7,-0.20864876367419027,459.9,6.7,40.0
0.297,0.302,U10,U10,6.0,6.0,SSPG,SSPG,0.1,0.46972912114214294,0.20206295876625774,0.9809443287337536,0,-0.20829040155189515,456.5,6.8,39.7
0.297,0.302,U10,U10,6.0,6.0,SSPG,SSPG,0.1,0.4704001294666746,0.20615527633378544,0.9612741501625695,3,-0.19201502905219936,451.7,7.0,39.6
0.297,0.302,U10,U10,6.0,6.0,SSPG,SSPG,0.1,0.46814852592483047,0.2030648232777898,0.9641042998057445,1,-0.1908033196435719,453.0,6.9,39.5
0.297,0.302,U10,U10,6.0,6.0,SSPG,SSPG,0.1,0.467531045950936,0.20287989552629293,0.9641311613689849,7,-0.203319479985673,452.5,6.9,39.4
0.297,0.302,U10,U10,6.0,6.0,SSPG,SSPG,0.1,0.4683213185580628,0.20122428330664355,0.9861953481160342,1,-0.19008283408428728,454.5,6.9,39.2
0.297,0.302,U10,U10,6.0,6.0,SSPG,SSPG,0.1,0.4672788391796183,0.204115568100781,0.9711955799344785,2,-0.2049926432900313,453.4,6.9,39.4
0.297,0.302,U10,U10,6.0,6.0,SSPG,SSPG,0.1,0.4645844858611363,0.20168919810296776,0.9592470415023677,5,-0.2090420283259542,448.9,6.9,38.8
0.297,0.302,U10,U10,6.0,6.0,SSPG,SSPG,0.1,0.4642850890384469,0.20018040649628602,0.9662383845445248,7,-0.20815621366427584,449.8,6.7,39.1
0.297,0.302,U10,U10,6.0,6.0,SSPG,SSPG,0.1,0.46691594558425764,0.20000647843771713,0.9879492855492873,0,-0.20937976833604832,449.9,6.9,39.0
0.297,0.302,U10,U10,6.0,6.0,SSPG,SSPG,0.1,0.467599163569554,0.20040929755464654,0.9709754855196153,3,-0.2027860469140892,455.0,6.8,39.6
0.297,0.302,U10,U10,6.0,6.0,SSPG,SSPG,0.1,0.46377046705732045,0.20188451270658367,0.9891918061072542,6,-0.20617117625222603,454.9,6.5,39.4
0.297,0.302,U10,U10,6.0,6.0,SSPG,SSPG,0.1,0.4643496783763317,0.2005049196192831,0.9740551614742903,0,-0.20478681472234195,453.7,6.6,39.4
0.297,0.302,U10,U10,6.0,6.0,SSPG,SSPG,0.1,0.4655868523410055,0.20083139157934907,0.9598580728439838,6,-0.19058928656576724,448.4,6.8,39.0
0.297,0.302,U10,U10,6.0,6.0,SSPG,SSPG,0.1,0.4645325818501036,0.20018447416797186,0.9751972464251066,3,-0.20334536562650607,452.5,6.5,39.1
0.297,0.302,U10,U10,6.0,6.0,SSPG,SSPG,0.1,0.46334851122057774,0.20053670032697024,0.9546081067014289,6,-0.18892798126597343,455.1,6.3,40.0
0.297,0.302,U10,U10,6.0,6.0,SSPG,SSPG,0.1,0.4616563878518273,0.2010517053069425,0.930593953163116,0,-0.199830626510916,456.1,6.1,40.6
0.297,0.302,U10,U10,6.0,6.0,SSPG,SSPG,0.1,0.4670362963597462,0.20011894073142208,0.9846026889215898,4,-0.20287208055461248,463.7,6.2,40.3
0.297,0.302,U10,U10,6.0,6.0,SSPG,SSPG,0.1,0.4614165740508894,0.20094275439408033,0.9501918374135268,1,-0.20469641256725568,455.8,6.1,40.0
0.297,0.302,U10,U10,6.0,6.0,SSPG,SSPG,0.1,0.4616062187155212,0.2000002379866932,0.9621788374034947,6,-0.20969185312964322,452.3,6.6,38.9
0.297,0.302,U10,U10,6.0,6.0,SSPG,SSPG,0.1,0.45639963843495485,0.20000163286238892,0.9254832800420512,5,-0.20204730000614468,444.6,6.5,38.7
0.297,0.302,U10,U10,6.0,6.0,SSPG,SSPG,0.1,0.45861915463252956,0.2003889528708681,0.95389815486037,7,-0.20531710927247504,445.4,6.5,38.5
0.297,0.302,U10,U10,6.0,6.0,SSPG,SSPG,0.1,0.45913993719129453,0.20079604373416848,0.9312238909645916,6,-0.20551086780767358,445.0,6.6,38.8
0.297,0.302,U10,U10,6.0,6.0,SSPG,SSPG,0.1,0.4615875842446735,0.20071515583348387,0.9729215515507166,0,-0.21237814470883531,454.0,6.5,39.0
0.297,0.302,U10,U10,6.0,6.0,SSPG,SSPG,0.1,0.46172429656840275,0.20004524750530764,0.962536999204572,3,-0.21229614947803155,452.0,6.5,39.0
0.297,0.302,U10,U10,6.0,6.0,SSPG,SSPG,0.1,0.458226389722976,0.2008666679384319,0.9760510933471496,4,-0.2101507028486811,455.1,6.3,38.9
0.297,0.302,U10,U10,6.0,6.0,SSPG,SSPG,0.1,0.46162514213929623,0.2000138712817392,0.961860496785798,1,-0.21200437048768217,456.9,6.3,39.4
0.297,0.302,U10,U10,6.0,6.0,SSPG,SSPG,0.1,0.46525795628749017,0.2000707898136771,0.9892793496308001,4,-0.18797293512675983,464.8,6.1,39.9
0.297,0.302,U10,U10,6.0,6.0,SSPG,SSPG,0.1,0.4647717976650674,0.2000000010908325,0.9916500463466598,4,-0.19362728320340894,466.0,6.2,39.8
0.297,0.302,U10,U10,6.0,6.0,SSPG,SSPG,0.1,0.4619186965791042,0.20119839768566844,0.9732194307622062,3,-0.21137218960914517,445.4,6.9,37.7
0.297,0.302,U10,U10,6.0,6.0,SSPG,SSPG,0.1,0.4644144391508002,0.2030223236127776,0.9844922340944979,6,-0.21445124848144692,447.8,7.0,37.9
0.297,0.302,U10,U10,6.0,6.0,SSPG,SSPG,0.1,0.46172797886578393,0.20465570423845864,0.9816643886400609,3,-0.21304917257872935,447.1,7.2,37.3
0.297,0.302,U10,U10,6.0,6.0,SSPG,SSPG,0.1,0.46201613223535376,0.2022284963913227,0.9826265124850004,5,-0.20977369330648576,458.0,6.8,38.4
0.297,0.302,U10,U10,6.0,6.0,SSPG,SSPG,0.1,0.4597919759005461,0.2034489860471307,0.9774570384023269,1,-0.19415234972967532,447.7,7.1,37.2
0.297,0.302,U10,U10,6.0,6.0,SSPG,SSPG,0.1,0.4591259471117447,0.2003310458470917,0.957116176299357,7,-0.21167692830095408,446.5,6.7,38.0
0.297,0.302,U10,U10,6.0,6.0,SSPG,SSPG,0.1,0.46157764906775933,0.20006336092834642,0.9935021144853793,2,-0.20873848596354705,463.6,6.5,38.8
0.297,0.302,U10,U10,6.0,6.0,SSPG,SSPG,0.1,0.45978352017129753,0.200590100730879,0.9793027431605483,3,-0.18656210252743932,453.4,6.8,37.9
0.297,0.302,U10,U10,6.0,6.0,SSPG,SSPG,0.1,0.45781653406087036,0.2017726406007604,0.9710829823883897,7,-0.19112899655294102,448.8,7.0,37.4
0.297,0.302,U10,U10,6.0,6.0,SSPG,SSPG,0.1,0.45926201903082575,0.20035462333817047,0.9708250500708027,0,-0.2110756331910859,455.9,6.6,38.5
0.297,0.302,U10,U10,6.0,6.0,SSPG,SSPG,0.1,0.4561974979746263,0.20049104100710294,0.9528418258406961,2,-0.2049895653195266,446.3,6.8,37.8
0.297,0.302,U10,U10,6.0,6.0,SSPG,SSPG,0.1,0.4561842988143515,0.20063968461088283,0.9648771901104509,1,-0.21221971067183354,443.1,6.9,37.1
0.297,0.302,U10,U10,6.0,6.0,SSPG,SSPG,0.1,0.4573593570885668,0.20076153482972187,0.968240626507511,1,-0.1941038053137376,444.1,7.0,37.2
0.297,0.302,U10,U10,6.0,6.0,SSPG,SSPG,0.1,0.45606442752161347,0.2011660064554049,0.9612477299638229,1,-0.21079548878496412,438.9,7.1,36.8
0.297,0.302,U10,U10,6.0,6.0,SSPG,SSPG,0.1,0.4532379033432388,0.2018554982236251,0.9522234381421337,6,-0.20327044269393335,427.8,7.4,35.5
0.297,0.302,U10,U10,6.0,6.0,SSPG,SSPG,0.1,0.4540745211490579,0.2014137949237098,0.9492827867702807,0,-0.19685045558200498,430.6,7.2,36.1
0.297,0.302,U10,U10,6.0,6.0,SSPG,SSPG,0.1,0.45328714846971313,0.20019989734775076,0.9604154202279238,4,-0.20263814541479297,431.6,7.1,35.9
0.297,0.302,U10,U10,6.0,6.0,SSPG,SSPG,0.1,0.459064503609973,0.20014309854524354,0.9742325397178475,5,-0.2092584326785798,446.8,6.8,37.6
0.297,0.302,U10,U10,6.0,6.0,SSPG,SSPG,0.1,0.4560522324427443,0.20001627614464873,0.9677057278499803,5,-0.20736770620110612,439.8,6.8,36.9
0.297,0.302,U10,U10,6.0,6.0,SSPG,SSPG,0.1,0.45597684441817543,0.20000164278394256,0.9756234345049237,0,-0.20951866290616872,444.7,6.6,37.1
0.297,0.302,U10,U10,6.0,6.0,SSPG,SSPG,0.1,0.4570719637425824,0.20062924217238262,0.9786038690376997,2,-0.19402951249648348,449.5,6.4,37.8
0.297,0.302,U10,U10,6.0,6.0,SSPG,SSPG,0.1,0.45901544945077183,0.20002962381035516,0.983082300541477,1,-0.20523886725270746,449.4,6.5,37.8
0.297,0.302,U10,U10,6.0,6.0,SSPG,SSPG,0.1,0.4575475650735319,0.20003713708078671,0.97908722221749,5,-0.19535676563395077,445.7,6.8,37.2
0.297,0.302,U10,U10,6.0,6.0,SSPG,SSPG,0.1,0.4561980576743768,0.20002555329343188,0.967209289050575,0,-0.21004424367564933,441.9,6.8,37.1
0.297,0.302,U10,U10,6.0,6.0,SSPG,SSPG,0.1,0.45705970778181004,0.2000848962398517,0.9737329261324081,0,-0.1989633541124074,442.0,6.8,37.0
0.297,0.302,U10,U10,6.0,6.0,SSPG,SSPG,0.1,0.4574117867591399,0.2000031044307133,0.972974956326603,5,-0.1912467171452228,443.3,6.8,37.2
0.297,0.302,U10,U10,6.0,6.0,SSPG,SSPG,0.1,0.45721191231751745,0.20001601696513585,0.9691669783882575,0,-0.18997617279615575,443.3,6.7,37.3
0.297,0.302,U10,U10,6.0,6.0,SSPG,SSPG,0.1,0.4562804016579789,0.20013716953704383,0.9610296470815554,5,-0.207132480406385,440.2,6.8,37.1
0.297,0.302,U10,U10,6.0,6.0,SSPG,SSPG,0.1,0.4568614614443107,0.20000051800311638,0.9704523265231879,0,-0.19942668260568874,444.5,6.7,37.4
0.297,0.302,U10,U10,6.0,6.0,SSPG,SSPG,0.1,0.45684575191270327,0.20017348437125362,0.9645329973746284,0,-0.1951759965171478,441.6,6.8,37.2
0.297,0.302,U10,U10,6.0,6.0,SSPG,SSPG,0.1,0.4570066512299876,0.20001499745206322,0.9673942414170531,2,-0.1956371322377124,445.3,6.7,37.6
0.297,0.302,U10,U10,6.0,6.0,SSPG,SSPG,0.1,0.4566221459521699,0.2001417797513162,0.9690032149095265,6,-0.19722540588999715,446.4,6.6,37.7
0.297,0.302,U10,U10,6.0,6.0,SSPG,SSPG,0.1,0.45688968844666733,0.20014980969113785,0.9701101013809397,3,-0.19847485741028326,447.0,6.5,37.8
0.297,0.302,U10,U10,6.0,6.0,SSPG,SSPG,0.1,0.4567737689423427,0.20032716384627441,0.9721675396333298,4,-0.19538487573086938,448.3,6.5,37.9
0.297,0.302,U10,U10,6.0,6.0,SSPG,SSPG,0.1,0.4570563751046272,0.2000290001538796,0.9668326544392594,6,-0.19647342198336837,444.9,6.6,37.6
0.297,0.302,U10,U10,6.0,6.0,SSPG,SSPG,0.1,0.4567782312801483,0.200323923999338,0.969939179446313,6,-0.19639651352721277,447.5,6.5,37.9
0.297,0.302,U10,U10,6.0,6.0,SSPG,SSPG,0.1,0.45589803376732746,0.20038904366573723,0.9669014604637645,6,-0.21053136704848097,445.9,6.5,37.7
0.297,0.302,U10,U10,6.0,6.0,SSPG,SSPG,0.1,0.4570667444619603,0.20001544170265978,0.9685430800207695,2,-0.19458735990610387,446.4,6.6,37.7
0.297,0.302,U10,U10,6.0,6.0,SSPG,SSPG,0.1,0.45688849695401546,0.20003719004585416,0.9646582532241812,6,-0.19113383624269176,444.8,6.6,37.7
0.297,0.302,U10,U10,6.0,6.0,SSPG,SSPG,0.1,0.45676601254159743,0.20004513348234726,0.9656680924491639,3,-0.19558002476849712,445.1,6.6,37.6
0.297,0.302,U10,U10,6.0,6.0,SSPG,SSPG,0.1,0.45704956569196753,0.20001526170218914,0.9697624204059796,2,-0.19681749844929186,445.8,6.6,37.6
0.297,0.302,U10,U10,6.0,6.0,SSPG,SSPG,0.1,0.4572548718823977,0.20000377143115486,0.970551512862075,5,-0.1922071929008946,446.0,6.6,37.6
0.297,0.302,U10,U10,6.0,6.0,SSPG,SSPG,0.1,0.45683142938304444,0.2003022636657985,0.9636393884497778,7,-0.19804659001850666,440.5,6.8,37.1
0.297,0.302,U10,U10,6.0,6.0,SSPG,SSPG,0.1,0.45691934564971093,0.2000073323273481,0.9663371867491586,2,-0.19599797554231557,444.1,6.6,37.5
0.297,0.302,U10,U10,6.0,6.0,SSPG,SSPG,0.1,0.45709472560922926,0.20002590341217366,0.9649449253003444,1,-0.19637003596591818,445.1,6.6,37.7
0.297,0.302,U10,U10,6.0,6.0,SSPG,SSPG,0.1,0.457111379377639,0.20003657061063537,0.9643207060291643,3,-0.19813499931104195,443.2,6.7,37.4
0.297,0.302,U10,U10,6.0,6.0,SSPG,SSPG,0.1,0.45711233128065476,0.20001157956804555,0.9614313490028397,0,-0.19578313436490058,443.1,6.6,37.6
0.297,0.302,U10,U10,6.0,6.0,SSPG,SSPG,0.1,0.457042160444328,0.20010673950184774,0.9686639393272691,7,-0.19799363481893018,446.3,6.5,37.7
0.297,0.302,U10,U10,6.0,6.0,SSPG,SSPG,0.1,0.4567180488521182,0.20008368164723833,0.96250669142783,1,-0.1999392483416691,444.7,6.5,37.7
0.297,0.302,U10,U10,6.0,6.0,SSPG,SSPG,0.1,0.45718604207753355,0.20023252333014596,0.967337294762443,4,-0.1961819897328545,447.6,6.4,37.9
0.297,0.302,U10,U10,6.0,6.0,SSPG,SSPG,0.1,0.4567475034725015,0.2000093358660528,0.9592258662992639,2,-0.1942248881151465,443.0,6.5,37.6
0.297,0.302,U10,U10,6.0,6.0,SSPG,SSPG,0.1,0.45698591806126876,0.20001302347763877,0.9660521342645012,5,-0.19701111374579927,444.6,6.5,37.6
0.297,0.302,U10,U10,6.0,6.0,SSPG,SSPG,0.1,0.4568319399381143,0.20003762671521136,0.9596777789376296,1,-0.19974741473188207,444.4,6.5,37.8
0.297,0.302,U10,U10,6.0,6.0,SSPG,SSPG,0.1,0.4565911108464465,0.20022799079988837,0.963231065147435,0,-0.20060573187187236,446.9,6.4,38.0
0.297,0.302,U10,U10,6.0,6.0,SSPG,SSPG,0.1,0.45692876368829827,0.2000089770112498,0.9612835123111232,1,-0.19830410968242873,444.1,6.6,37.6
0.297,0.302,U10,U10,6.0,6.0,SSPG,SSPG,0.1,0.45632285872003386,0.2001031426523288,0.9581190882236994,5,-0.21350832186053337,440.4,6.7,37.2
0.297,0.302,U10,U10,6.0,6.0,SSPG,SSPG,0.1,0.45679150546005964,0.20000210885801117,0.9622083534649684,0,-0.1952123388803746,443.8,6.5,37.6
0.297,0.302,U10,U10,6.0,6.0,SSPG,SSPG,0.1,0.45738637499679824,0.2000018072672109,0.9627841082923689,0,-0.19474146260317182,444.8,6.5,37.7
0.297,0.302,U10,U10,6.0,6.0,SSPG,SSPG,0.1,0.4566573897532704,0.2001892694522229,0.9665167085873558,5,-0.19645185195880632,447.2,6.4,37.9
0.297,0.302,U10,U10,6.0,6.0,SSPG,SSPG,0.1,0.4571429138235916,0.20001494974064793,0.963118759636612,0,-0.1973927013300436,444.4,6.6,37.6
0.297,0.302,U10,U10,6.0,6.0,SSPG,SSPG,0.1,0.45686814503599643,0.2002613720199699,0.97003904164271,5,-0.19799009069876217,448.0,6.4,37.9
0.297,0.302,U10,U10,6.0,6.0,SSPG,SSPG,0.1,0.45699487699958286,0.20022645037831965,0.9691974676182573,2,-0.19777167696569187,448.4,6.4,37.9
0.297,0.302,U10,U10,6.0,6.0,SSPG,SSPG,0.1,0.4572092808601323,0.20001143787186468,0.9656297798458189,3,-0.1960416247525023,446.8,6.5,37.8
0.297,0.302,U10,U10,6.0,6.0,SSPG,SSPG,0.1,0.4571453565897753,0.2003525274155136,0.9713808259047414,1,-0.1952865881220549,450.0,6.3,38.0
0.297,0.302,U10,U10,6.0,6.0,SSPG,SSPG,0.1,0.4569607305159561,0.20042769520669063,0.9676074095431604,1,-0.19717515814528275,449.9,6.3,38.2
0.297,0.302,U10,U10,6.0,6.0,SSPG,SSPG,0.1,0.45665877049104087,0.20039432305299035,0.9662455251720843,1,-0.1996902229483566,448.0,6.3,38.0
0.297,0.302,U10,U10,6.0,6.0,SSPG,SSPG,0.1,0.45672245047500143,0.20041705698399523,0.9673079739587092,2,-0.19591926317729902,449.4,6.3,38.1
0.297,0.302,U10,U10,6.0,6.0,SSPG,SSPG,0.1,0.4566430496126024,0.20037647400918793,0.9647113962008023,0,-0.2001277899205398,448.4,6.3,38.0
0.297,0.302,U10,U10,6.0,6.0,SSPG,SSPG,0.1,0.45672381715252897,0.20042666546688542,0.9645072648144772,1,-0.19307837227063285,448.7,6.3,38.1
0.297,0.302,U10,U10,6.0,6.0,SSPG,SSPG,0.1,0.45709316229752994,0.20003408437820652,0.9624888765160362,7,-0.19786194125939405,446.7,6.4,37.8
0.297,0.302,U10,U10,6.0,6.0,SSPG,SSPG,0.1,0.45682000095716857,0.20024473152187738,0.9659390854818595,4,-0.1973081971878332,447.6,6.3,37.9
0.297,0.302,U10,U10,6.0,6.0,SSPG,SSPG,0.1,0.45652447372886923,0.2004740842116357,0.9670784709292146,7,-0.19858692609659867,448.6,6.2,38.0
0.297,0.302,U10,U10,6.0,6.0,SSPG,SSPG,0.1,0.4569156679672407,0.20043897646713776,0.9670166697048113,4,-0.19857512878836303,448.9,6.3,38.0
0.297,0.302,U10,U10,6.0,6.0,SSPG,SSPG,0.1,0.4567581264236448,0.20015086720412398,0.9622381989897506,5,-0.19737076521718455,446.4,6.3,37.8
0.297,0.302,U10,U10,6.0,6.0,SSPG,SSPG,0.1,0.4566931554265288,0.20041977366136368,0.9613196357865057,4,-0.1999623075189949,447.2,6.2,38.0
0.297,0.302,U10,U10,6.0,6.0,SSPG,SSPG,0.1,0.45715470866621377,0.20000499000367442,0.9589569105742974,2,-0.19698898953903665,443.0,6.5,37.5
0.297,0.302,U10,U10,6.0,6.0,SSPG,SSPG,0.1,0.456641614578551,0.2006863320197139,0.9676726968887217,7,-0.19890357014311633,449.7,6.1,38.1
0.297,0.302,U10,U10,6.0,6.0,SSPG,SSPG,0.1,0.4566547587621772,0.20086655866223233,0.9660431802076688,4,-0.1997586403133691,449.4,6.1,38.1
0.297,0.302,U10,U10,6.0,6.0,SSPG,SSPG,0.1,0.456736432911451,0.20033908690528063,0.965656925986901,5,-0.19596101601822857,447.9,6.3,37.9
0.297,0.302,U10,U10,6.0,6.0,SSPG,SSPG,0.1,0.4565890613976603,0.20126770057147322,0.9666469727280553,3,-0.19453611100458978,450.6,6.1,38.3
0.297,0.302,U10,U10,6.0,6.0,SSPG,SSPG,0.1,0.4567571725642402,0.20059849888202316,0.9693499588896155,3,-0.1920631020521113,449.6,6.2,38.0
0.297,0.302,U10,U10,6.0,6.0,SSPG,SSPG,0.1,0.45653454773068936,0.20104145680188842,0.9682079797271452,4,-0.19887469559657545,450.7,6.2,38.2
0.297,0.302,U10,U10,6.0,6.0,SSPG,SSPG,0.1,0.4567720825271321,0.20072648320674258,0.968365447014313,5,-0.19862026226581975,449.9,6.2,38.1
0.297,0.302,U10,U10,6.0,6.0,SSPG,SSPG,0.1,0.45656212973312593,0.20106742280790296,0.9698895422895939,7,-0.19442933618759906,450.6,6.2,38.2
0.297,0.302,U10,U10,6.0,6.0,SSPG,SSPG,0.1,0.45681952627774114,0.20046200363070135,0.9678053708670897,3,-0.19749688683475553,448.5,6.3,38.0
0.297,0.302,U10,U10,6.0,6.0,SSPG,SSPG,0.1,0.45654838100647654,0.2009125166646502,0.9747472487307367,2,-0.1989645025822817,451.7,6.2,38.1
0.297,0.302,U10,U10,6.0,6.0,SSPG,SSPG,0.1,0.4568604196223417,0.20015052880729164,0.9713320337398388,3,-0.19794623476900508,448.3,6.4,37.8
0.297,0.302,U10,U10,6.0,6.0,SSPG,SSPG,0.1,0.45680851761017816,0.2003480390511023,0.9734573984821169,0,-0.19830193574397237,450.2,6.4,38.0
0.297,0.302,U10,U10,6.0,6.0,SSPG,SSPG,0.1,0.4566813377894675,0.20066402156324897,0.975493372544531,4,-0.1989155493346355,451.4,6.3,38.1
0.297,0.302,U10,U10,6.0,6.0,SSPG,SSPG,0.1,0.45647332069646973,0.20091045652034212,0.9758337284358536,2,-0.1993507701780004,451.3,6.3,38.1
0.297,0.302,U10,U10,6.0,6.0,SSPG,SSPG,0.1,0.4567063967547559,0.200092993280882,0.9672639634123552,0,-0.19882274339990902,447.2,6.5,37.8
0.297,0.302,U10,U10,6.0,6.0,SSPG,SSPG,0.1,0.4562460586067205,0.20122752943341402,0.9711726215192362,0,-0.20004556486718972,449.7,6.3,38.1
0.297,0.302,U10,U10,6.0,6.0,SSPG,SSPG,0.1,0.45650528097132137,0.20098053487580883,0.9687738313844725,2,-0.19859098322051194,450.0,6.3,38.2
0.297,0.302,U10,U10,6.0,6.0,SSPG,SSPG,0.1,0.4563848048704564,0.20120987715135225,0.9724336176475745,5,-0.19606541087847829,451.0,6.3,38.2
0.297,0.302,U10,U10,6.0,6.0,SSPG,SSPG,0.1,0.45631870906179495,0.20153452302557193,0.9715082776439039,3,-0.19982084143579515,451.0,6.2,38.2
0.297,0.302,U10,U10,6.0,6.0,SSPG,SSPG,0.1,0.4565446488402318,0.2003721579748429,0.9679697134671321,5,-0.20038876652259185,447.9,6.4,37.9
0.297,0.302,U10,U10,6.0,6.0,SSPG,SSPG,0.1,0.45670166297084,0.20008583080080572,0.9706192712118877,3,-0.1969854636282884,446.6,6.5,37.7
0.297,0.302,U10,U10,6.0,6.0,SSPG,SSPG,0.1,0.4564188415313165,0.20121503085288794,0.9702481851136797,6,-0.1990005269641193,450.8,6.2,38.3
0.297,0.302,U10,U10,6.0,6.0,SSPG,SSPG,0.1,0.4563665875298526,0.20068489792850722,0.9692046861571479,6,-0.20004229437057175,449.0,6.4,38.1
0.297,0.302,U10,U10,6.0,6.0,SSPG,SSPG,0.1,0.456533697074726,0.20026756810196772,0.9672038828849407,2,-0.19686950253742275,446.9,6.5,37.9
0.297,0.302,U10,U10,6.0,6.0,SSPG,SSPG,0.1,0.45675616389299645,0.20001594473739678,0.9684486923960494,6,-0.1999223260897658,444.9,6.7,37.5
0.297,0.302,U10,U10,6.0,6.0,SSPG,SSPG,0.1,0.4566917848746834,0.20005393015719472,0.9706761045007726,1,-0.19530749463939,446.8,6.6,37.7
0.297,0.302,U10,U10,6.0,6.0,SSPG,SSPG,0.1,0.45669321087580383,0.20000729508359213,0.9738875829125853,1,-0.19835449252889426,445.9,6.7,37.5
0.297,0.302,U10,U10,6.0,6.0,SSPG,SSPG,0.1,0.4568329597231167,0.20000100210748825,0.9710214963280608,5,-0.19888123096533228,446.4,6.6,37.6
0.297,0.302,U10,U10,6.0,6.0,SSPG,SSPG,0.1,0.45673872842203855,0.20013242867435796,0.9688245450013531,4,-0.19567444564787406,447.0,6.5,37.8
0.297,0.302,U10,U10,6.0,6.0,SSPG,SSPG,0.1,0.45668337747139,0.20023931228250566,0.9704478980134277,1,-0.19949518373068642,448.3,6.4,37.9
0.297,0.302,U10,U10,6.0,6.0,SSPG,SSPG,0.1,0.45650369902760957,0.20090647639643122,0.9678850273029598,4,-0.19839411588330202,449.6,6.3,38.2
0.297,0.302,U10,U10,6.0,6.0,SSPG,SSPG,0.1,0.4565559806081131,0.2007647260194493,0.9652758141712701,4,-0.19868877128296036,448.4,6.3,38.2
0.297,0.302,U10,U10,6.0,6.0,SSPG,SSPG,0.1,0.45648851110088956,0.20108242528170464,0.9671170345176185,3,-0.1981226113190866,449.6,6.3,38.3
0.297,0.302,U10,U10,6.0,6.0,SSPG,SSPG,0.1,0.4568909828776493,0.2005589898411405,0.9627293615282762,0,-0.19364748894571715,447.2,6.4,38.1
0.297,0.302,U10,U10,6.0,6.0,SSPG,SSPG,0.1,0.45697444152522715,0.2000689398313204,0.9654335541681722,3,-0.19821768398741346,445.3,6.5,37.7
0.297,0.302,U10,U10,6.0,6.0,SSPG,SSPG,0.1,0.45699118554032336,0.20000529894494337,0.9614396395948326,3,-0.19718358966736904,443.2,6.6,37.6
0.297,0.302,U10,U10,6.0,6.0,SSPG,SSPG,0.1,0.4570200787142019,0.20017583686152593,0.9654402649619773,2,-0.1966548619219486,441.5,6.8,37.2
0.297,0.302,U10,U10,6.0,6.0,SSPG,SSPG,0.1,0.4574208489926628,0.2014139897058888,0.9732302042442562,7,-0.19590220880566456,439.6,7.2,36.7
0.297,0.302,U10,U10,6.0,6.0,SSPG,SSPG,0.1,0.45707551846606514,0.20030742460490505,0.9735910663587579,3,-0.196710726433873,442.4,6.8,37.1
0.297,0.302,U10,U10,6.0,6.0,SSPG,SSPG,0.1,0.45696469486961466,0.200001635270516,0.9693684659359341,6,-0.19733222484943846,443.2,6.7,37.4
0.297,0.302,U10,U10,6.0,6.0,SSPG,SSPG,0.1,0.45670676393308524,0.20004828061415478,0.9697722888040188,6,-0.19734447505497954,444.6,6.6,37.5
0.297,0.302,U10,U10,6.0,6.0,SSPG,SSPG,0.1,0.4564180715775161,0.20071697580632222,0.9607543618056731,7,-0.19801834181393918,445.4,6.3,38.0
0.297,0.302,U10,U10,6.0,6.0,SSPG,SSPG,0.1,0.45701651278423483,0.20009228275779598,0.96644535701255,4,-0.1969933147608427,441.6,6.8,37.3
0.297,0.302,U10,U10,6.0,6.0,SSPG,SSPG,0.1,0.45672978780699847,0.20022637895397,0.9669096332713445,0,-0.19890802092867288,445.4,6.5,37.8
0.297,0.302,U10,U10,6.0,6.0,SSPG,SSPG,0.1,0.45689482250177055,0.2001232890271917,0.9700048045874028,5,-0.19770772213219967,442.1,6.9,37.3
0.297,0.302,U10,U10,6.0,6.0,SSPG,SSPG,0.1,0.4567847218869857,0.20007202673140217,0.9678112901806726,1,-0.19861536458133777,444.7,6.7,37.7
0.297,0.302,U10,U10,6.0,6.0,SSPG,SSPG,0.1,0.456381152551529,0.2005347695053969,0.9724056883650043,2,-0.19893316565884245,448.1,6.5,38.0
0.297,0.302,U10,U10,6.0,6.0,SSPG,SSPG,0.1,0.4565914061222395,0.20014470614486599,0.9737019579187165,7,-0.1992899408723221,446.8,6.6,37.8
0.297,0.302,U10,U10,6.0,6.0,SSPG,SSPG,0.1,0.4567669704267884,0.20023190253809323,0.9713635851534206,7,-0.1986590666172363,446.9,6.6,37.8
0.297,0.302,U10,U10,6.0,6.0,SSPG,SSPG,0.1,0.4570363957119563,0.20021427653227863,0.9755871086611307,2,-0.19734653337227703,443.0,6.9,37.1
0.297,0.302,U10,U10,6.0,6.0,SSPG,SSPG,0.1,0.4567313167776895,0.20004131510460774,0.9752111342812304,3,-0.19907394947332158,446.2,6.7,37.6
0.297,0.302,U10,U10,6.0,6.0,SSPG,SSPG,0.1,0.45680431745431116,0.20002553770483014,0.9783484053852911,1,-0.1991526766319942,445.4,6.8,37.4
0.297,0.302,U10,U10,6.0,6.0,SSPG,SSPG,0.1,0.45626846591564363,0.20047004037267366,0.9745124228665847,7,-0.20022689996042375,448.0,6.6,37.9
0.297,0.302,U10,U10,6.0,6.0,SSPG,SSPG,0.1,0.4565347064961851,0.2002238409391795,0.9753648507669674,5,-0.19363844235545935,447.1,6.7,37.8
0.297,0.302,U10,U10,6.0,6.0,SSPG,SSPG,0.1,0.4570961206264648,0.20003969575459393,0.9713441011200312,3,-0.19743743161858385,442.9,6.8,37.3
0.297,0.302,U10,U10,6.0,6.0,SSPG,SSPG,0.1,0.4566683122325238,0.20003531690206933,0.9710768027072643,3,-0.19872025097491752,445.0,6.7,37.6
0.297,0.302,U10,U10,6.0,6.0,SSPG,SSPG,0.1,0.4566875880175597,0.20000528141130539,0.9736118651023835,6,-0.19698670183639688,445.0,6.8,37.6
0.297,0.302,U10,U10,6.0,6.0,SSPG,SSPG,0.1,0.45645390602504354,0.20021227007058778,0.9754747888086821,0,-0.19686448091458297,447.9,6.7,37.9
0.297,0.302,U10,U10,6.0,6.0,SSPG,SSPG,0.1,0.4563285686896816,0.2002739747433573,0.9814477007352584,6,-0.19333785428529815,449.4,6.6,37.8
0.297,0.302,U10,U10,6.0,6.0,SSPG,SSPG,0.1,0.4563932873765667,0.20029440608055443,0.9744627933677781,7,-0.19701097756245733,447.7,6.6,37.9
0.297,0.302,U10,U10,6.0,6.0,SSPG,SSPG,0.1,0.45635658133409485,0.2004704899918883,0.9734230012839307,3,-0.1940864223044687,448.7,6.5,38.0
0.297,0.302,U10,U10,6.0,6.0,SSPG,SSPG,0.1,0.45640488216371006,0.20024192504831895,0.9779919389281018,5,-0.1968766100155599,449.7,6.6,37.9
0.297,0.302,U10,U10,6.0,6.0,SSPG,SSPG,0.1,0.4563793636907494,0.20016624637131078,0.9828882498659799,3,-0.19609267231076233,449.4,6.6,37.8
0.297,0.302,U10,U10,6.0,6.0,SSPG,SSPG,0.1,0.45644634863586886,0.2001206083584104,0.978555668079204,4,-0.19912704930670744,447.8,6.7,37.7
0.297,0.302,U10,U10,6.0,6.0,SSPG,SSPG,0.1,0.45653328727164355,0.20015894456942618,0.9800888195575301,6,-0.19888205751636212,449.0,6.6,37.8
0.297,0.302,U10,U10,6.0,6.0,SSPG,SSPG,0.1,0.45669907040573854,0.20002302430810162,0.9810601524554854,3,-0.1988394329184544,448.0,6.6,37.6
0.297,0.302,U10,U10,6.0,6.0,SSPG,SSPG,0.1,0.4566729020225314,0.20000181240387993,0.9799812519654192,7,-0.19725647745927644,447.0,6.7,37.5
0.297,0.302,U10,U10,6.0,6.0,SSPG,SSPG,0.1,0.4565998732091062,0.200050123379882,0.9760107198683889,2,-0.19955149268538808,448.3,6.6,37.8
0.297,0.302,U10,U10,6.0,6.0,SSPG,SSPG,0.1,0.45652802035349954,0.20001748888418228,0.9738575744769036,5,-0.19965142151818194,446.9,6.7,37.7
0.297,0.302,U10,U10,6.0,6.0,SSPG,SSPG,0.1,0.45664413024743467,0.200070707503441,0.9704717275867334,7,-0.19538678213578153,445.9,6.6,37.7
0.297,0.302,U10,U10,6.0,6.0,SSPG,SSPG,0.1,0.4565311507270178,0.20003667088343688,0.9736410348296123,4,-0.20041355388384208,446.7,6.6,37.7
0.297,0.302,U10,U10,6.0,6.0,SSPG,SSPG,0.1,0.4566513182173496,0.20000158300944165,0.981713147763291,2,-0.19591150233928234,446.8,6.7,37.4
0.297,0.302,U10,U10,6.0,6.0,SSPG,SSPG,0.1,0.4565238809026041,0.2000106427444287,0.9798085521887954,1,-0.1952951578027542,446.5,6.8,37.5
0.297,0.302,U10,U10,6.0,6.0,SSPG,SSPG,0.1,0.4565326214241814,0.20004135303781556,0.9775748160515558,6,-0.1987960180808832,447.2,6.6,37.6
0.297,0.302,U10,U10,6.0,6.0,SSPG,SSPG,0.1,0.4568440952502646,0.2004627232147591,0.9826736420803237,5,-0.19939479893641776,445.0,7.0,37.1
0.297,0.302,U10,U10,6.0,6.0,SSPG,SSPG,0.1,0.45658439111335947,0.2000013644490196,0.9868181647279095,5,-0.1998163403923936,448.3,6.8,37.5
0.297,0.302,U10,U10,6.0,6.0,SSPG,SSPG,0.1,0.4564822850497754,0.20000930084442647,0.9824493042756011,5,-0.1998133210285964,447.2,6.9,37.5
0.297,0.302,U10,U10,6.0,6.0,SSPG,SSPG,0.1,0.4565686126996992,0.20000361875841657,0.9887981584263152,5,-0.1992468918629,449.0,6.8,37.5
0.297,0.302,U10,U10,6.0,6.0,SSPG,SSPG,0.1,0.45659875466716393,0.2000000191232578,0.9810824311357815,6,-0.19763425069743423,446.6,6.8,37.5
0.297,0.302,U10,U10,6.0,6.0,SSPG,SSPG,0.1,0.45647016914403665,0.20029429951218158,0.9718514598245012,3,-0.19835959747695409,447.6,6.6,37.9
0.297,0.302,U10,U10,6.0,6.0,SSPG,SSPG,0.1,0.45638423192859906,0.20020657414498733,0.9775768825532913,0,-0.198898249036902,449.4,6.6,37.9
0.297,0.302,U10,U10,6.0,6.0,SSPG,SSPG,0.1,0.45668201194638414,0.20021698799011933,0.9843755362625903,1,-0.19825443135938992,445.4,7.0,37.2
0.297,0.302,U10,U10,6.0,6.0,SSPG,SSPG,0.1,0.45651930946909425,0.2000375360273694,0.9803620905274997,1,-0.199001697295913,445.7,6.9,37.4
0.297,0.302,U10,U10,6.0,6.0,SSPG,SSPG,0.1,0.4565279251566434,0.2000020547576789,0.9742176138089307,5,-0.19497338483128113,445.7,6.9,37.6
0.297,0.302,U10,U10,6.0,6.0,SSPG,SSPG,0.1,0.4566058754007615,0.2000003390154458,0.9695511158056735,4,-0.19753791546064203,443.9,6.9,37.6
0.297,0.302,U10,U10,6.0,6.0,SSPG,SSPG,0.1,0.45645137345231834,0.20041855191004823,0.9588464457217643,1,-0.19866075778451764,444.6,6.7,38.0
0.297,0.302,U10,U10,6.0,6.0,SSPG,SSPG,0.1,0.45669790542586797,0.2001903018065975,0.9723332964766831,7,-0.19790293949135584,442.5,7.0,37.2
0.297,0.302,U10,U10,6.0,6.0,SSPG,SSPG,0.1,0.45656648292732416,0.2000414340383999,0.9548013771810329,4,-0.197409346180347,442.0,6.9,37.8
0.297,0.302,U10,U10,6.0,6.0,SSPG,SSPG,0.1,0.4567722332306927,0.20012290017380235,0.960500887075574,5,-0.2000028006786505,441.8,6.9,37.5
0.297,0.302,U10,U10,6.0,6.0,SSPG,SSPG,0.1,0.4567740644909264,0.2000171234867457,0.9544340182375537,3,-0.19935681359302615,442.3,6.9,37.8
0.297,0.302,U10,U10,6.0,6.0,SSPG,SSPG,0.1,0.45652284023799505,0.20068245960472125,0.950554364983125,1,-0.1972954458207865,444.8,6.6,38.3
0.297,0.302,U10,U10,6.0,6.0,SSPG,SSPG,0.1,0.45640604619121233,0.20017215212009698,0.9584668891265928,6,-0.1998418636828112,443.3,6.8,37.9
0.297,0.302,U10,U10,6.0,6.0,SSPG,SSPG,0.1,0.4567316087435279,0.20008473089169107,0.9492851477782649,3,-0.19636657045328443,438.5,7.0,37.6
0.297,0.302,U10,U10,6.0,6.0,SSPG,SSPG,0.1,0.4566199990809104,0.20010056832932285,0.9591386161158884,5,-0.19991266516180328,440.0,7.1,37.4
0.297,0.302,U10,U10,6.0,6.0,SSPG,SSPG,0.1,0.45650979588579577,0.20001730668728704,0.9608437180385696,2,-0.19921496404711503,441.3,7.0,37.6
0.297,0.302,U10,U10,6.0,6.0,SSPG,SSPG,0.1,0.4566612169174622,0.2000515196043777,0.951770804925836,6,-0.2001701029233307,439.2,7.1,37.6
0.297,0.302,U10,U10,6.0,6.0,SSPG,SSPG,0.1,0.4569332811908602,0.20055744069944037,0.9569027721817052,3,-0.1980972070526259,438.9,7.2,37.3
0.297,0.302,U10,U10,6.0,6.0,SSPG,SSPG,0.1,0.45679326904013295,0.20016980731360365,0.9590420259706489,4,-0.1977343835151908,440.7,7.0,37.5
0.297,0.302,U10,U10,6.0,6.0,SSPG,SSPG,0.1,0.4569406858806885,0.20067093024259652,0.9566748902344764,2,-0.19787340621297433,437.3,7.2,37.1
0.297,0.302,U10,U10,6.0,6.0,SSPG,SSPG,0.1,0.45669064719005725,0.20000008059568614,0.9509587867809919,5,-0.1977478853072796,441.3,6.8,37.8
0.297,0.302,U10,U10,6.0,6.0,SSPG,SSPG,0.1,0.4567048515759513,0.20000004882839903,0.9567101196231111,0,-0.1986822507836603,442.2,6.8,37.7
0.297,0.302,U10,U10,6.0,6.0,SSPG,SSPG,0.1,0.45659179399252214,0.20006238491857942,0.9596521666189193,5,-0.19884737825591436,444.1,6.7,37.9
0.297,0.302,U10,U10,6.0,6.0,SSPG,SSPG,0.1,0.4566337853221287,0.20004195490899887,0.9576710610054868,4,-0.20037109575490808,442.5,6.8,37.8
0.297,0.302,U10,U10,6.0,6.0,SSPG,SSPG,0.1,0.4569305412519192,0.2001046811865479,0.9576739269519448,4,-0.19745500763924673,441.6,6.8,37.5
0.297,0.302,U10,U10,6.0,6.0,SSPG,SSPG,0.1,0.45705891798414733,0.2000654596751089,0.9412947375190348,6,-0.19851051576430034,437.9,6.9,37.6
0.297,0.302,U10,U10,6.0,6.0,SSPG,SSPG,0.1,0.45666791920934513,0.2001465387646357,0.9564806390796288,7,-0.2001086327399415,444.7,6.6,38.0
0.297,0.302,U10,U10,6.0,6.0,SSPG,SSPG,0.1,0.4567675721329848,0.20027756646266526,0.9422580716175339,2,-0.19911435687311663,441.9,6.5,38.1
0.297,0.302,U10,U10,6.0,6.0,SSPG,SSPG,0.1,0.4567352446301035,0.2000571241160401,0.945094806834538,7,-0.20006909760044156,441.8,6.7,38.0
0.297,0.302,U10,U10,6.0,6.0,SSPG,SSPG,0.1,0.4564916118680805,0.20241798298379537,0.935978636210097,7,-0.19832136843974135,445.7,6.1,38.8
0.297,0.302,U10,U10,6.0,6.0,SSPG,SSPG,0.1,0.45664184122628876,0.20116243723641553,0.9415453532110276,6,-0.1966399417726925,445.7,6.3,38.6
0.297,0.302,U10,U10,6.0,6.0,SSPG,SSPG,0.1,0.45669808941384377,0.20016507145683243,0.9455584069002838,6,-0.19984161141982737,443.8,6.6,38.2
0.297,0.302,U10,U10,6.0,6.0,SSPG,SSPG,0.1,0.4564808971759057,0.20187682353414543,0.9483340452284357,1,-0.19936579828258338,451.5,6.1,39.0
0.297,0.302,U10,U10,6.0,6.0,SSPG,SSPG,0.1,0.4569120511235629,0.20011358477283342,0.9572589952406751,6,-0.19667278528805232,445.0,6.8,37.9
0.297,0.302,U10,U10,6.0,6.0,SSPG,SSPG,0.1,0.45682869370557966,0.20014272421948473,0.9426055785083749,0,-0.19759998921502442,439.8,7.1,37.9
0.297,0.302,U10,U10,6.0,6.0,SSPG,SSPG,0.1,0.45663497638478745,0.2001491222336981,0.9595088782043315,7,-0.19685245371334492,449.4,6.6,38.4
0.297,0.302,U10,U10,6.0,6.0,SSPG,SSPG,0.1,0.457030853592826,0.20047534639780862,0.9551973453485205,2,-0.19818928475664555,444.0,7.0,37.8
0.297,0.302,U10,U10,6.0,6.0,SSPG,SSPG,0.1,0.4566851809643031,0.20005380658538346,0.9445024566355702,0,-0.1987020319850652,443.5,6.8,38.3
0.297,0.302,U10,U10,6.0,6.0,SSPG,SSPG,0.1,0.4568197905684972,0.2000014406963775,0.9413810008423784,7,-0.19826732757927967,440.7,6.9,38.0
0.297,0.302,U10,U10,6.0,6.0,SSPG,SSPG,0.1,0.4569204639356501,0.2006208488468354,0.9406816298208427,7,-0.1993248899999922,435.7,7.4,37.5
0.297,0.302,U10,U10,6.0,6.0,SSPG,SSPG,0.1,0.45688151797108956,0.2001241798885944,0.9296921905145172,0,-0.198333649627227,439.4,6.7,38.2
0.297,0.302,U10,U10,6.0,6.0,SSPG,SSPG,0.1,0.4568379554043023,0.2002378813544846,0.9339181933372989,7,-0.20023672615616706,435.5,7.3,37.7
0.297,0.302,U10,U10,6.0,6.0,SSPG,SSPG,0.1,0.4567992521868479,0.2001089756858381,0.9309918098345134,7,-0.19923488807454337,439.9,6.8,38.3
0.297,0.302,U10,U10,6.0,6.0,SSPG,SSPG,0.1,0.45662392382209394,0.2000892323573061,0.9369753776335861,1,-0.19449918460739246,441.5,6.8,38.3
0.297,0.302,U10,U10,6.0,6.0,SSPG,SSPG,0.1,0.45673525007343313,0.20002054246353743,0.9369649699715166,2,-0.2002047242433953,441.0,6.9,38.2
0.297,0.302,U10,U10,6.0,6.0,SSPG,SSPG,0.1,0.4566291338970505,0.20023620852121252,0.928104381945889,3,-0.19871540933344978,439.4,6.8,38.4
0.297,0.302,U10,U10,6.0,6.0,SSPG,SSPG,0.1,0.45659666230141505,0.20086855902219716,0.9280299082340013,2,-0.1993768671327314,441.8,6.6,38.7
0.297,0.302,U10,U10,6.0,6.0,SSPG,SSPG,0.1,0.4567394180333738,0.2000064944066373,0.9286282890030657,0,-0.1949735706368667,437.8,7.0,38.2
0.297,0.302,U10,U10,6.0,6.0,SSPG,SSPG,0.1,0.456666613622443,0.20004883591178668,0.9342911595938892,3,-0.1997274172728467,439.4,6.9,38.2
0.297,0.302,U10,U10,6.0,6.0,SSPG,SSPG,0.1,0.4567235449588355,0.20001060577289967,0.929639163715787,5,-0.1914449501533193,438.4,7.0,38.2
0.297,0.302,U10,U10,6.0,6.0,SSPG,SSPG,0.1,0.4566237753150809,0.20031052028009372,0.9363510190022133,1,-0.19811996181910407,443.0,6.7,38.5
0.297,0.302,U10,U10,6.0,6.0,SSPG,SSPG,0.1,0.4567816367192087,0.20000071336349384,0.9427534313747317,5,-0.19982670825797122,441.1,6.9,38.0
0.297,0.302,U10,U10,6.0,6.0,SSPG,SSPG,0.1,0.4567558737780283,0.20000070034222778,0.9380367865832082,4,-0.19982452346422797,441.2,6.8,38.2
0.297,0.302,U10,U10,6.0,6.0,SSPG,SSPG,0.1,0.45664611872683075,0.20048789490059366,0.9246591543172595,1,-0.19942204521599782,441.0,6.6,38.6
0.297,0.302,U10,U10,6.0,6.0,SSPG,SSPG,0.1,0.4566382596362934,0.20038064195461605,0.9273492816387239,1,-0.19883297787561682,440.1,6.7,38.5
0.297,0.302,U10,U10,6.0,6.0,SSPG,SSPG,0.1,0.4567008263156666,0.2000298667844573,0.9358769485021896,0,-0.19656056824661494,441.7,6.8,38.3
0.297,0.302,U10,U10,6.0,6.0,SSPG,SSPG,0.1,0.4565780950766597,0.2004614679241167,0.9300104195189789,4,-0.19947442247164915,442.0,6.7,38.6
0.297,0.302,U10,U10,6.0,6.0,SSPG,SSPG,0.1,0.4567168227459938,0.20010593385350037,0.9285083174917599,6,-0.19862499393902322,440.1,6.8,38.4
0.297,0.302,U10,U10,6.0,6.0,SSPG,SSPG,0.1,0.4565907532889838,0.20031528910596372,0.9346041059039445,1,-0.1935789252116331,442.8,6.7,38.5
0.297,0.302,U10,U10,6.0,6.0,SSPG,SSPG,0.1,0.45664939403533816,0.20032984358523717,0.9295769539927945,2,-0.20013352986677369,442.4,6.7,38.6
0.297,0.302,U10,U10,6.0,6.0,SSPG,SSPG,0.1,0.45664534811919055,0.20023814039575452,0.9249958530883555,0,-0.20041635496402055,439.9,6.7,38.5
0.297,0.302,U10,U10,6.0,6.0,SSPG,SSPG,0.1,0.4566997318764644,0.20010160717530584,0.9279572915414271,5,-0.19924344008656414,439.9,6.8,38.4
0.297,0.302,U10,U10,6.0,6.0,SSPG,SSPG,0.1,0.45670622422944457,0.20018090383612105,0.9295137870354662,0,-0.20011584332727406,441.2,6.7,38.5
0.297,0.302,U10,U10,6.0,6.0,SSPG,SSPG,0.1,0.4566994231991184,0.20022657954005663,0.9327953231021877,5,-0.19897697099275646,441.6,6.7,38.4
0.297,0.302,U10,U10,6.0,6.0,SSPG,SSPG,0.1,0.4566860187295735,0.20018920740099247,0.9297620874827293,6,-0.2001041250005926,440.6,6.8,38.4
0.297,0.302,U10,U10,6.0,6.0,SSPG,SSPG,0.1,0.45666075595098676,0.20018437747453224,0.9330472240892536,1,-0.20066621940813478,442.4,6.7,38.5
0.297,0.302,U10,U10,6.0,6.0,SSPG,SSPG,0.1,0.456616688859661,0.2002126808690918,0.9327131628579974,6,-0.2005131985370623,441.6,6.8,38.5
0.297,0.302,U10,U10,6.0,6.0,SSPG,SSPG,0.1,0.45664865398106463,0.20016756224479199,0.9360143542861037,1,-0.19890658196087063,443.5,6.8,38.6
0.297,0.302,U10,U10,6.0,6.0,SSPG,SSPG,0.1,0.456768439471702,0.20001475666493063,0.9320238610201841,6,-0.19881249441991722,441.1,6.9,38.4
0.297,0.302,U10,U10,6.0,6.0,SSPG,SSPG,0.1,0.45680833094096196,0.20000787731407174,0.9347988238432205,6,-0.19933352565545093,442.7,6.8,38.4
0.297,0.302,U10,U10,6.0,6.0,SSPG,SSPG,0.1,0.4568608264324052,0.20000282286962437,0.9285791993378574,6,-0.19949330288084477,441.4,6.8,38.5
0.297,0.302,U10,U10,6.0,6.0,SSPG,SSPG,0.1,0.4568409283350622,0.20000116967027162,0.9386931620473336,0,-0.19938758329855233,443.9,6.8,38.4
0.297,0.302,U10,U10,6.0,6.0,SSPG,SSPG,0.1,0.456793328632802,0.20005235334516228,0.9335433262684449,5,-0.19967924422131222,443.1,6.7,38.5
0.297,0.302,U10,U10,6.0,6.0,SSPG,SSPG,0.1,0.45680751738590897,0.20001472141575716,0.9257422462085398,3,-0.19921861414681308,440.6,6.8,38.5
0.297,0.302,U10,U10,6.0,6.0,SSPG,SSPG,0.1,0.4567000155071952,0.2001449843185688,0.9328486467017982,4,-0.19588878212802552,444.2,6.7,38.7
0.297,0.302,U10,U10,6.0,6.0,SSPG,SSPG,0.1,0.45670260931223916,0.20025793984713877,0.9373774189945938,2,-0.19841444587082346,445.6,6.6,38.7
0.297,0.302,U10,U10,6.0,6.0,SSPG,SSPG,0.1,0.45674944513813465,0.2000021155372946,0.9337505586127213,2,-0.19933505082734415,440.8,6.9,38.3
0.297,0.302,U10,U10,6.0,6.0,SSPG,SSPG,0.1,0.4567046900422289,0.20010395117132496,0.9368504714524599,3,-0.20030235468507662,444.3,6.7,38.6
0.297,0.302,U10,U10,6.0,6.0,SSPG,SSPG,0.1,0.4567101481701711,0.2000359112848666,0.9351386430955131,5,-0.20002647507312954,442.9,6.8,38.5
0.297,0.302,U10,U10,6.0,6.0,SSPG,SSPG,0.1,0.45672425084231855,0.20002140825492268,0.9346807039790201,1,-0.20006234698458236,442.7,6.8,38.5
0.297,0.302,U10,U10,6.0,6.0,SSPG,SSPG,0.1,0.45668171042681494,0.2000540042822152,0.9443107894746237,5,-0.19809570431908297,446.0,6.7,38.5
0.297,0.302,U10,U10,6.0,6.0,SSPG,SSPG,0.1,0.45670902749900266,0.2000111472888441,0.937634087042952,3,-0.2002772736152698,444.5,6.8,38.6
0.297,0.302,U10,U10,6.0,6.0,SSPG,SSPG,0.1,0.45679682005302114,0.20001372357247396,0.9312467059385288,7,-0.19885804077242764,440.9,7.0,38.4
0.297,0.302,U10,U10,6.0,6.0,SSPG,SSPG,0.1,0.4568883368935006,0.20019372514346423,0.9269933489763145,3,-0.19936361409020842,438.9,7.1,38.3
0.297,0.302,U10,U10,6.0,6.0,SSPG,SSPG,0.1,0.45676229850403793,0.20000028595081662,0.9354003371001811,0,-0.19919534827670216,443.0,6.9,38.5
0.297,0.302,U10,U10,6.0,6.0,SSPG,SSPG,0.1,0.4568089359008901,0.20001797350762923,0.9298292374135717,1,-0.19668982266712964,441.3,6.9,38.5
0.297,0.302,U10,U10,6.0,6.0,SSPG,SSPG,0.1,0.4567193219628444,0.200007953809505,0.9391611108645108,0,-0.19876233260163723,443.5,6.9,38.4
0.297,0.302,U10,U10,6.0,6.0,SSPG,SSPG,0.1,0.4567330098192729,0.20000170223450825,0.9327411482936201,3,-0.19744780549108,442.3,6.9,38.5
0.297,0.302,U10,U10,6.0,6.0,SSPG,SSPG,0.1,0.456671700105314,0.2000002407115476,0.9349031674425818,6,-0.20051166071036874,442.9,6.9,38.5
0.297,0.302,U10,U10,6.0,6.0,SSPG,SSPG,0.1,0.4566583746419781,0.20002542803333656,0.9366480429571196,2,-0.19827931264339993,443.6,6.9,38.6
0.297,0.302,U10,U10,6.0,6.0,SSPG,SSPG,0.1,0.4567152801600959,0.200026311681619,0.9357135293156951,1,-0.19719023334878516,441.7,7.0,38.4
0.297,0.302,U10,U10,6.0,6.0,SSPG,SSPG,0.1,0.4566460111463867,0.2000169926081119,0.9358736078235697,3,-0.19905430463989893,443.3,6.9,38.6
0.297,0.302,U10,U10,6.0,6.0,SSPG,SSPG,0.1,0.4566025760411037,0.2000530165270854,0.9389696364726214,1,-0.19975569250752123,444.4,6.9,38.6
0.297,0.302,U10,U10,6.0,6.0,SSPG,SSPG,0.1,0.4566084311669363,0.20003545805138395,0.9460969193380273,4,-0.19960818194472374,446.6,6.8,38.6
0.297,0.302,U10,U10,6.0,6.0,SSPG,SSPG,0.1,0.4565830772988162,0.20002099296905346,0.9455341082757047,5,-0.2001819874365811,446.5,6.9,38.6
0.297,0.302,U10,U10,6.0,6.0,SSPG,SSPG,0.1,0.45654216835302885,0.2000418464725664,0.9489482966534131,5,-0.1999403655513201,446.8,6.9,38.6
0.297,0.302,U10,U10,6.0,6.0,SSPG,SSPG,0.1,0.45651681259664867,0.20008913499187467,0.945252849178218,0,-0.20068790562307015,446.6,6.9,38.6
0.297,0.302,U10,U10,6.0,6.0,SSPG,SSPG,0.1,0.45656081445483754,0.2000441382498005,0.9376611867388998,4,-0.19806061382826945,443.3,6.9,38.5
0.297,0.302,U10,U10,6.0,6.0,SSPG,SSPG,0.1,0.456485402934836,0.20005450787962614,0.9467050675104298,4,-0.2003882951364555,447.0,6.9,38.7
0.297,0.302,U10,U10,6.0,6.0,SSPG,SSPG,0.1,0.4564591560297901,0.20019189329965906,0.9423193367821145,3,-0.1973342696576572,445.2,6.9,38.6
0.297,0.302,U10,U10,6.0,6.0,SSPG,SSPG,0.1,0.4564184405417644,0.20034837203819122,0.9466938702002508,7,-0.20043371350620998,447.5,6.8,38.7
0.297,0.302,U10,U10,6.0,6.0,SSPG,SSPG,0.1,0.4564532440429434,0.2003676170066309,0.945083240463795,4,-0.20025785853818645,447.7,6.7,38.8
0.297,0.302,U10,U10,6.0,6.0,SSPG,SSPG,0.1,0.4565284388458705,0.2000758918322435,0.9429642931211348,4,-0.20080733877080936,445.8,6.9,38.6
0.297,0.302,U10,U10,6.0,6.0,SSPG,SSPG,0.1,0.45645180118658246,0.20037321505002592,0.945555413421646,6,-0.19907034466536766,447.1,6.7,38.7
0.297,0.302,U10,U10,6.0,6.0,SSPG,SSPG,0.1,0.4564958478876986,0.20025174166849596,0.9363697092498318,5,-0.20060443007401885,443.8,6.8,38.7
0.297,0.302,U10,U10,6.0,6.0,SSPG,SSPG,0.1,0.4565483849371728,0.2002204189461187,0.9384970377527404,0,-0.19994946213668507,444.5,6.8,38.6
0.297,0.302,U10,U10,6.0,6.0,SSPG,SSPG,0.1,0.4565290601497711,0.20030016833287675,0.9418818527245896,0,-0.19738717674019135,446.6,6.7,38.8
0.297,0.302,U10,U10,6.0,6.0,SSPG,SSPG,0.1,0.45647133414057917,0.2003841113347037,0.9481721742206202,7,-0.19974612372619927,447.9,6.7,38.7
0.297,0.302,U10,U10,6.0,6.0,SSPG,SSPG,0.1,0.4565132141041014,0.20010302651124443,0.9406325353212699,2,-0.1988832188327896,444.3,6.9,38.6
0.297,0.302,U10,U10,6.0,6.0,SSPG,SSPG,0.1,0.4564415196315902,0.20036733507939938,0.9502772769346675,4,-0.20002954997507594,448.7,6.8,38.7
0.297,0.302,U10,U10,6.0,6.0,SSPG,SSPG,0.1,0.4564339851951239,0.20048926726278285,0.9472541027969354,2,-0.1959887948197565,448.0,6.7,38.8
0.297,0.302,U10,U10,6.0,6.0,SSPG,SSPG,0.1,0.45646954121673955,0.20020416819783526,0.9505132006194019,0,-0.19787350036573859,448.6,6.8,38.7
0.297,0.302,U10,U10,6.0,6.0,SSPG,SSPG,0.1,0.4564292890127656,0.2003656942273636,0.9510831508724844,6,-0.19902526839606427,449.8,6.7,38.8
0.297,0.302,U10,U10,6.0,6.0,SSPG,SSPG,0.1,0.4564155020586892,0.20041555608851364,0.9538223834777204,1,-0.19845672033700357,449.9,6.7,38.8
0.297,0.302,U10,U10,6.0,6.0,SSPG,SSPG,0.1,0.45649006590636837,0.20021840315683032,0.9469921947670215,0,-0.19980347091303674,447.3,6.8,38.7
0.297,0.302,U10,U10,6.0,6.0,SSPG,SSPG,0.1,0.4564831616105476,0.20023067956402374,0.944155009188905,2,-0.19980135597348525,446.4,6.8,38.7
0.297,0.302,U10,U10,6.0,6.0,SSPG,SSPG,0.1,0.4565404203067024,0.2001188099265074,0.9397510689824946,7,-0.2008026796670488,444.8,6.9,38.6
0.297,0.302,U10,U10,6.0,6.0,SSPG,SSPG,0.1,0.4564855032067072,0.20028686568137324,0.9494154268205004,2,-0.1993317073823886,449.0,6.7,38.8
0.297,0.302,U10,U10,6.0,6.0,SSPG,SSPG,0.1,0.45650606813107186,0.20020258882742506,0.9457596456528785,7,-0.19966075281873152,447.7,6.8,38.8
0.297,0.302,U10,U10,6.0,6.0,SSPG,SSPG,0.1,0.4564858087139999,0.20028546722474025,0.9478543504921784,1,-0.19907761876977403,448.5,6.7,38.8
0.297,0.302,U10,U10,6.0,6.0,SSPG,SSPG,0.1,0.4564898226523164,0.20024096391734045,0.944576870369302,7,-0.1990016818861169,446.6,6.8,38.7
0.297,0.302,U10,U10,6.0,6.0,SSPG,SSPG,0.1,0.4564772445621026,0.2003092408938977,0.9463830470201633,2,-0.19507958239642154,447.6,6.8,38.7
0.297,0.302,U10,U10,6.0,6.0,SSPG,SSPG,0.1,0.45650714132123715,0.20018800302878917,0.9468597213276584,6,-0.19800102434062872,447.3,6.8,38.7
0.297,0.302,U10,U10,6.0,6.0,SSPG,SSPG,0.1,0.45650846272180345,0.20017457295318958,0.9480057311622159,3,-0.2002057049009287,447.5,6.8,38.7
0.297,0.302,U10,U10,6.0,6.0,SSPG,SSPG,0.1,0.4565001361076346,0.2001987583732735,0.9498646751066371,5,-0.19971317114789988,448.2,6.8,38.7
0.297,0.302,U10,U10,6.0,6.0,SSPG,SSPG,0.1,0.4564998517272786,0.2001789371545578,0.9453938037623644,5,-0.19759367959054286,446.1,6.9,38.6
0.297,0.302,U10,U10,6.0,6.0,SSPG,SSPG,0.1,0.4565166893725693,0.20016157496634296,0.9456138836397425,3,-0.19843234314760094,446.8,6.8,38.7
0.297,0.302,U10,U10,6.0,6.0,SSPG,SSPG,0.1,0.45652244410279164,0.20017827962821771,0.9456900080812467,5,-0.19906971714368016,446.8,6.8,38.7
0.297,0.302,U10,U10,6.0,6.0,SSPG,SSPG,0.1,0.4565272064545483,0.2001269060218454,0.9462969089184341,0,-0.19897493266427713,447.0,6.8,38.6
0.297,0.302,U10,U10,6.0,6.0,SSPG,SSPG,0.1,0.4565287200125716,0.20014324395959354,0.947004372072191,1,-0.19851420281670018,447.2,6.8,38.7
0.297,0.302,U10,U10,6.0,6.0,SSPG,SSPG,0.1,0.4565282540138763,0.20014336063558366,0.9464534500210293,5,-0.20011290552625915,447.0,6.8,38.6
0.297,0.302,U10,U10,6.0,6.0,SSPG,SSPG,0.1,0.45649897683128104,0.2001916806054028,0.949311916444497,6,-0.19983227717179863,448.0,6.8,38.7
0.297,0.302,U10,U10,6.0,6.0,SSPG,SSPG,0.1,0.45652704841781744,0.200149924854706,0.9459665587098076,6,-0.1994320579778197,446.9,6.8,38.6
0.297,0.302,U10,U10,6.0,6.0,SSPG,SSPG,0.1,0.4565248064979281,0.2001503902477,0.9466418446666878,0,-0.19850806601875925,447.1,6.8,38.7
0.297,0.302,U10,U10,6.0,6.0,SSPG,SSPG,0.1,0.4565088043248675,0.2001732249389904,0.9477632626970993,1,-0.19900527884301278,447.5,6.8,38.7
0.297,0.302,U10,U10,6.0,6.0,SSPG,SSPG,0.1,0.45651609712740226,0.20016029217135395,0.9478276826992635,2,-0.20026954019326748,447.4,6.8,38.7
0.297,0.302,U10,U10,6.0,6.0,SSPG,SSPG,0.1,0.4565297318969214,0.20012749488221399,0.946961372319564,7,-0.20065565500954374,447.1,6.8,38.6
0.297,0.302,U10,U10,6.0,6.0,SSPG,SSPG,0.1,0.45651719997903406,0.20014914198672412,0.9471263583664125,4,-0.20083002550903695,447.2,6.8,38.6
0.297,0.302,U10,U10,6.0,6.0,SSPG,SSPG,0.1,0.45652587769327135,0.2001453933349032,0.9476228598566734,4,-0.19997676882272764,447.4,6.8,38.6
0.297,0.302,U10,U10,6.0,6.0,SSPG,SSPG,0.1,0.4565252337504701,0.20014262782314685,0.9483930969367766,2,-0.20069276931956725,447.6,6.8,38.6
0.297,0.302,U10,U10,6.0,6.0,SSPG,SSPG,0.1,0.45652346492286106,0.20013645496782537,0.949381397013183,1,-0.20093265392320614,447.9,6.8,38.6
0.297,0.302,U10,U10,6.0,6.0,SSPG,SSPG,0.1,0.4565322065602134,0.20012795644826337,0.947002767304018,4,-0.19933831496889276,447.2,6.8,38.6
0.297,0.302,U10,U10,6.0,6.0,SSPG,SSPG,0.1,0.45652669823107783,0.2001341319525708,0.9470805564973896,3,-0.2000019794226633,447.2,6.8,38.6
0.297,0.302,U10,U10,6.0,6.0,SSPG,SSPG,0.1,0.4565229835290635,0.2001436236041189,0.9475428180016565,7,-0.20108545727802785,447.3,6.8,38.6
0.297,0.302,U10,U10,6.0,6.0,SSPG,SSPG,0.1,0.4565196689812034,0.20014774190635629,0.946882511147336,6,-0.2010288382130434,447.1,6.8,38.6
0.297,0.302,U10,U10,6.0,6.0,SSPG,SSPG,0.1,0.4565359132689899,0.20011529037704348,0.9470077975425628,4,-0.20042253695243328,447.1,6.8,38.6
0.297,0.302,U10,U10,6.0,6.0,SSPG,SSPG,0.1,0.4565273819534814,0.20012730772656323,0.9479204528968448,6,-0.2009187286787366,447.4,6.8,38.6
0.297,0.302,U10,U10,6.0,6.0,SSPG,SSPG,0.1,0.4565276648939295,0.20013082056527537,0.9476836654001182,5,-0.19986127335770876,447.4,6.8,38.6
0.297,0.302,U10,U10,6.0,6.0,SSPG,SSPG,0.1,0.45652016088134195,0.20014297386978508,0.9468674976974913,0,-0.1995163088168197,447.1,6.8,38.7
0.297,0.302,U10,U10,6.0,6.0,SSPG,SSPG,0.1,0.45653084490778095,0.20012563810315437,0.9469233443566796,7,-0.20039922823522627,447.1,6.8,38.6
0.297,0.302,U10,U10,6.0,6.0,SSPG,SSPG,0.1,0.45652714022594293,0.20013163572801496,0.9472247415055923,6,-0.2006219369026243,447.2,6.8,38.6
0.297,0.302,U10,U10,6.0,6.0,SSPG,SSPG,0.1,0.4565287754826213,0.20012841391955305,0.9475257832186177,6,-0.2004817703123103,447.3,6.8,38.6
0.297,0.302,U10,U10,6.0,6.0,SSPG,SSPG,0.1,0.45652781969138484,0.20013320770073167,0.9472810662672422,4,-0.2009151717837252,447.2,6.8,38.6
0.297,0.302,U10,U10,6.0,6.0,SSPG,SSPG,0.1,0.45652812006121535,0.20012915551095925,0.9473044121338758,4,-0.20091888362332222,447.2,6.8,38.6
0.297,0.302,U10,U10,6.0,6.0,SSPG,SSPG,0.1,0.4565240062132576,0.20014369017476483,0.9475455712367422,1,-0.20107523968108287,447.3,6.8,38.6
0.297,0.302,U10,U10,6.0,6.0,SSPG,SSPG,0.1,0.45652753501554955,0.20013462368466287,0.9472681726691028,7,-0.20089552844151282,447.2,6.8,38.6
0.297,0.302,U10,U10,6.0,6.0,SSPG,SSPG,0.1,0.45652379965877454,0.2001386169144914,0.9469661584789462,5,-0.2011017657466483,447.1,6.8,38.6
0.297,0.302,U10,U10,6.0,6.0,SSPG,SSPG,0.1,0.4565206527814746,0.20014961054976851,0.9471899727761715,5,-0.20106265163229686,447.2,6.8,38.6
0.297,0.302,U10,U10,6.0,6.0,SSPG,SSPG,0.1,0.45652807638650916,0.20013911548293536,0.94727010384968,3,-0.2010035946673403,447.2,6.8,38.6
0.297,0.302,U10,U10,6.0,6.0,SSPG,SSPG,0.1,0.4565266341076893,0.2001362798143556,0.9472364416037133,5,-0.20080647725775114,447.2,6.8,38.6
0.297,0.302,U10,U10,6.0,6.0,SSPG,SSPG,0.1,0.4565277042547461,0.20013848037641668,0.9472583899910281,2,-0.20094059066021863,447.2,6.8,38.6
0.297,0.302,U10,U10,6.0,6.0,SSPG,SSPG,0.1,0.456528501675181,0.20013581121662607,0.9476032757501476,5,-0.20104553896642186,447.3,6.8,38.6
0.297,0.302,U10,U10,6.0,6.0,SSPG,SSPG,0.1,0.4565259866608321,0.20013963176197305,0.9472496097750316,6,-0.20096929627593374,447.2,6.8,38.6
0.297,0.302,U10,U10,6.0,6.0,SSPG,SSPG,0.1,0.4565332956269263,0.20013185540980435,0.947337867627231,1,-0.20101995801721362,447.2,6.8,38.6
0.297,0.302,U10,U10,6.0,6.0,SSPG,SSPG,0.1,0.4565347515453725,0.20012659197069138,0.9473046408150672,5,-0.20069319700295374,447.2,6.8,38.6
0.297,0.302,U10,U10,6.0,6.0,SSPG,SSPG,0.1,0.4565359667277823,0.20012544729534493,0.9470709615032411,4,-0.20097817297397746,447.1,6.8,38.6
0.297,0.302,U10,U10,6.0,6.0,SSPG,SSPG,0.1,0.45654561445736164,0.20011189758986495,0.9471774101322255,2,-0.20091489289580533,447.1,6.8,38.6
0.297,0.302,U10,U10,6.0,6.0,SSPG,SSPG,0.1,0.45653151349768495,0.2001347225064994,0.9469630225938137,2,-0.20080014803851975,447.1,6.8,38.6
0.297,0.302,U10,U10,6.0,6.0,SSPG,SSPG,0.1,0.4565389580999285,0.20012100967581495,0.947050720855747,4,-0.200696755165942,447.1,6.8,38.6
0.297,0.302,U10,U10,6.0,6.0,SSPG,SSPG,0.1,0.4565414435717411,0.20012007328581638,0.9465145842708478,4,-0.20096864252378577,446.9,6.8,38.6
0.297,0.302,U10,U10,6.0,6.0,SSPG,SSPG,0.1,0.4565347457866723,0.20012999700798753,0.9470357499697544,0,-0.20095242385324807,447.1,6.8,38.6
0.297,0.302,U10,U10,6.0,6.0,SSPG,SSPG,0.1,0.45654130921252645,0.2001178908658926,0.9468196497353176,2,-0.20091718474618725,447.0,6.8,38.6
0.297,0.302,U10,U10,6.0,6.0,SSPG,SSPG,0.1,0.45653882711387445,0.20012331202611897,0.9473889834304998,7,-0.20091663876536892,447.2,6.8,38.6
0.297,0.302,U10,U10,6.0,6.0,SSPG,SSPG,0.1,0.45653793631960365,0.20012794489347402,0.9473243635404587,5,-0.20074354736466882,447.2,6.8,38.6
0.297,0.302,U10,U10,6.0,6.0,SSPG,SSPG,0.1,0.45654046771086637,0.20012344644093233,0.9470764612432849,1,-0.20084418664782389,447.1,6.8,38.6
0.297,0.302,U10,U10,6.0,6.0,SSPG,SSPG,0.1,0.4565390968588713,0.20012014003524395,0.947411683745973,4,-0.20093996637807487,447.2,6.8,38.6
0.297,0.302,U10,U10,6.0,6.0,SSPG,SSPG,0.1,0.45654172482024347,0.2001197460577843,0.9473945996620663,1,-0.20078351291783925,447.2,6.8,38.6
0.297,0.302,U10,U10,6.0,6.0,SSPG,SSPG,0.1,0.45653596153465037,0.20012817149949,0.9472300982967643,6,-0.20034462629307725,447.2,6.8,38.6
0.297,0.302,U10,U10,6.0,6.0,SSPG,SSPG,0.1,0.4565407702846628,0.20012143535794114,0.947060040031285,3,-0.20070766966539555,447.1,6.8,38.6
0.297,0.302,U10,U10,6.0,6.0,SSPG,SSPG,0.1,0.4565391827094551,0.20012375018907547,0.9470600034081773,6,-0.20080421741434584,447.1,6.8,38.6
0.297,0.302,U10,U10,6.0,6.0,SSPG,SSPG,0.1,0.45653760313702674,0.20012829029629703,0.947070144046108,6,-0.20100498778337572,447.1,6.8,38.6
0.297,0.302,U10,U10,6.0,6.0,SSPG,SSPG,0.1,0.4565393754377144,0.20012547268203665,0.947325855322469,6,-0.20065369624910945,447.2,6.8,38.6
0.297,0.302,U10,U10,6.0,6.0,SSPG,SSPG,0.1,0.4565388569669363,0.20012639344430183,0.9470729375220799,5,-0.2009403122698914,447.1,6.8,38.6
0.297,0.302,U10,U10,6.0,6.0,SSPG,SSPG,0.1,0.4565426470866564,0.20011883564461952,0.9471281073959661,6,-0.20092386894809033,447.1,6.8,38.6
0.297,0.302,U10,U10,6.0,6.0,SSPG,SSPG,0.1,0.4565415242379361,0.20012148422769988,0.9470963016866283,5,-0.20086465075717364,447.1,6.8,38.6
0.297,0.302,U10,U10,6.0,6.0,SSPG,SSPG,0.1,0.45653994283971155,0.20012286122966214,0.9473724980750808,1,-0.20079877140713043,447.2,6.8,38.6
0.297,0.302,U10,U10,6.0,6.0,SSPG,SSPG,0.1,0.45654051849693444,0.20012226535245023,0.947393860155112,1,-0.2008724346916746,447.2,6.8,38.6
0.297,0.302,U10,U10,6.0,6.0,SSPG,SSPG,0.1,0.45653995145761395,0.20012515188392563,0.9470895145422014,3,-0.20096213652949269,447.1,6.8,38.6
0.297,0.302,U10,U10,6.0,6.0,SSPG,SSPG,0.1,0.45653849575331495,0.2001253862593184,0.947080020294611,6,-0.20095809462601144,447.1,6.8,38.6
0.297,0.302,U10,U10,6.0,6.0,SSPG,SSPG,0.1,0.45653963606831693,0.20012398654876049,0.947090623538374,4,-0.20094613991882682,447.1,6.8,38.6
0.297,0.302,U10,U10,6.0,6.0,SSPG,SSPG,0.1,0.4565397980888434,0.2001248725370765,0.9470580980890024,5,-0.20080794960291604,447.1,6.8,38.6
0.297,0.302,U10,U10,6.0,6.0,SSPG,SSPG,0.1,0.4565404007931426,0.20012340137377638,0.9470740278354799,0,-0.2008330105691094,447.1,6.8,38.6
0.297,0.302,U10,U10,6.0,6.0,SSPG,SSPG,0.1,0.45654087303737756,0.20012280786051584,0.9471030958058684,6,-0.200946308245745,447.1,6.8,38.6
0.297,0.302,U10,U10,6.0,6.0,SSPG,SSPG,0.1,0.4565405610542498,0.2001235811637709,0.9470731598608069,3,-0.2008293894265183,447.1,6.8,38.6
0.297,0.302,U10,U10,6.0,6.0,SSPG,SSPG,0.1,0.4565416994063245,0.20012184820977957,0.9470980126797532,2,-0.2008776526683249,447.1,6.8,38.6
0.297,0.302,U10,U10,6.0,6.0,SSPG,SSPG,0.1,0.45653970854707426,0.20012440213594435,0.9470456259430349,2,-0.20073847239003673,447.1,6.8,38.6
0.297,0.302,U10,U10,6.0,6.0,SSPG,SSPG,0.1,0.45654170301728725,0.20012266881187932,0.9470896849799084,6,-0.20085801203965392,447.1,6.8,38.6
0.297,0.302,U10,U10,6.0,6.0,SSPG,SSPG,0.1,0.45654144364035776,0.200122081207536,0.9471012636241798,6,-0.20090536781898383,447.1,6.8,38.6
0.297,0.302,U10,U10,6.0,6.0,SSPG,SSPG,0.1,0.45654260676157066,0.2001210763852776,0.9470987585586488,4,-0.20083970726870204,447.1,6.8,38.6
0.297,0.302,U10,U10,6.0,6.0,SSPG,SSPG,0.1,0.456542348863734,0.2001217069568075,0.947115688101781,3,-0.20094313000625919,447.1,6.8,38.6
0.297,0.302,U10,U10,6.0,6.0,SSPG,SSPG,0.1,0.456544453615994,0.20011900613245878,0.9471301676476855,3,-0.20089367177509487,447.1,6.8,38.6
0.297,0.302,U10,U10,6.0,6.0,SSPG,SSPG,0.1,0.4565420340818723,0.20012176272188767,0.9470989637331817,2,-0.20087187415452368,447.1,6.8,38.6
0.297,0.302,U10,U10,6.0,6.0,SSPG,SSPG,0.1,0.4565425584211198,0.2001214772010722,0.947102270815944,3,-0.20086777217689677,447.1,6.8,38.6
0.297,0.302,U10,U10,6.0,6.0,SSPG,SSPG,0.1,0.45654131802168463,0.20012326898998475,0.9470919408437197,5,-0.2008932772379164,447.1,6.8,38.6
0.297,0.302,U10,U10,6.0,6.0,SSPG,SSPG,0.1,0.456540927769147,0.20012416680151207,0.9470629871871581,4,-0.20078610552322695,447.1,6.8,38.6
0.297,0.302,U10,U10,6.0,6.0,SSPG,SSPG,0.1,0.4565416246731936,0.20012287721941477,0.9470789079841495,7,-0.20081334074623092,447.1,6.8,38.6
0.297,0.302,U10,U10,6.0,6.0,SSPG,SSPG,0.1,0.4565419944963394,0.2001228449319313,0.9470916595267349,7,-0.20086473871885113,447.1,6.8,38.6
0.297,0.302,U10,U10,6.0,6.0,SSPG,SSPG,0.1,0.45654308127425225,0.20012162229418717,0.9471216723185027,4,-0.20095179609284441,447.1,6.8,38.6
0.297,0.302,U10,U10,6.0,6.0,SSPG,SSPG,0.1,0.4565418915155834,0.20012292931925071,0.947092221391014,7,-0.20087207236277482,447.1,6.8,38.6
0.297,0.302,U10,U10,6.0,6.0,SSPG,SSPG,0.1,0.45654119380433245,0.2001238634828111,0.9470903383188571,6,-0.20090345513577068,447.1,6.8,38.6
0.297,0.302,U10,U10,6.0,6.0,SSPG,SSPG,0.1,0.4565410625761394,0.20012422769045948,0.9470798909192522,0,-0.2008655531609631,447.1,6.8,38.6
0.297,0.302,U10,U10,6.0,6.0,SSPG,SSPG,0.1,0.4565421039918904,0.20012299978377115,0.9471046967541241,7,-0.20092856864598607,447.1,6.8,38.6
0.297,0.302,U10,U10,6.0,6.0,SSPG,SSPG,0.1,0.45654172324750775,0.20012313657751296,0.9470977034592281,4,-0.20090771983976774,447.1,6.8,38.6
0.297,0.302,U10,U10,6.0,6.0,SSPG,SSPG,0.1,0.456541329772215,0.2001235853464328,0.9471006191756102,5,-0.20094258712832236,447.1,6.8,38.6
0.297,0.302,U10,U10,6.0,6.0,SSPG,SSPG,0.1,0.4565420113572416,0.20012292824652528,0.9471138451428565,5,-0.20097302399152328,447.1,6.8,38.6
0.297,0.302,U10,U10,6.0,6.0,SSPG,SSPG,0.1,0.45654190431519953,0.2001227631002353,0.9471148934925342,5,-0.20097657056136287,447.1,6.8,38.6
0.297,0.302,U10,U10,6.0,6.0,SSPG,SSPG,0.1,0.456542153751062,0.20012244414835473,0.9471148241343421,2,-0.2009621572301965,447.1,6.8,38.6
0.297,0.302,U10,U10,6.0,6.0,SSPG,SSPG,0.1,0.45654270397164043,0.20012205691690121,0.9471161346199342,7,-0.20094528747003748,447.1,6.8,38.6
0.297,0.302,U10,U10,6.0,6.0,SSPG,SSPG,0.1,0.45654209840904436,0.20012241064693073,0.947116825412889,0,-0.20097229798989336,447.1,6.8,38.6
0.297,0.302,U10,U10,6.0,6.0,SSPG,SSPG,0.1,0.4565423542415077,0.20012196669101054,0.9471199818936138,7,-0.20097011220078143,447.1,6.8,38.6
0.297,0.302,U10,U10,6.0,6.0,SSPG,SSPG,0.1,0.4565421155719165,0.20012250519300095,0.94711474144282,5,-0.2009642199024011,447.1,6.8,38.6
0.297,0.302,U10,U10,6.0,6.0,SSPG,SSPG,0.1,0.45654232932131444,0.20012218144905763,0.9471156232009901,3,-0.2009551340380944,447.1,6.8,38.6
0.297,0.302,U10,U10,6.0,6.0,SSPG,SSPG,0.1,0.4565424487397382,0.20012196785431308,0.9471193141719709,7,-0.2009646122904032,447.1,6.8,38.6
0.297,0.302,U10,U10,6.0,6.0,SSPG,SSPG,0.1,0.4565424815228238,0.20012165599291026,0.9471228319728797,3,-0.20097293401102245,447.1,6.8,38.6
0.297,0.302,U10,U10,6.0,6.0,SSPG,SSPG,0.1,0.45654256918637237,0.2001218749319546,0.9471170694219495,7,-0.20094854944966567,447.1,6.8,38.6
0.297,0.302,U10,U10,6.0,6.0,SSPG,SSPG,0.1,0.45654220859945027,0.20012216128343518,0.9471180042395368,1,-0.20096903763933938,447.1,6.8,38.6
0.297,0.302,U10,U10,6.0,6.0,SSPG,SSPG,0.1,0.45654223671510763,0.20012215883097528,0.9471185053165261,2,-0.20097069428713477,447.1,6.8,38.6
0.297,0.302,U10,U10,6.0,6.0,SSPG,SSPG,0.1,0.45654208783008243,0.2001223137790014,0.9471180287808765,3,-0.20097592450871682,447.1,6.8,38.6
0.297,0.302,U10,U10,6.0,6.0,SSPG,SSPG,0.1,0.45654200542996104,0.20012251948991003,0.9471167809795906,6,-0.20097708220975052,447.1,6.8,38.6
0.297,0.302,U10,U10,6.0,6.0,SSPG,SSPG,0.1,0.4565422229812688,0.20012198504406978,0.947119542264014,3,-0.2009716797504546,447.1,6.8,38.6
0.297,0.302,U10,U10,6.0,6.0,SSPG,SSPG,0.1,0.4565422249298049,0.20012207399349427,0.9471192041647694,7,-0.20097222589857733,447.1,6.8,38.6
0.297,0.302,U10,U10,6.0,6.0,SSPG,SSPG,0.1,0.45654204797235226,0.2001223886067206,0.9471175626830073,3,-0.20097652962661838,447.1,6.8,38.6
0.297,0.302,U10,U10,6.0,6.0,SSPG,SSPG,0.1,0.4565421170260273,0.20012237094630764,0.9471178506316136,0,-0.20097577760794927,447.1,6.8,38.6
0.297,0.302,U10,U10,6.0,6.0,SSPG,SSPG,0.1,0.45654229636017896,0.20012216299538305,0.9471198049461522,0,-0.20097557961368162,447.1,6.8,38.6
0.297,0.302,U10,U10,6.0,6.0,SSPG,SSPG,0.1,0.456542167407322,0.2001221854126781,0.9471189999910599,4,-0.20097543621636582,447.1,6.8,38.6
0.297,0.302,U10,U10,6.0,6.0,SSPG,SSPG,0.1,0.45654213931796306,0.200122433533118,0.9471169407623967,1,-0.2009724188902049,447.1,6.8,38.6
0.297,0.302,U10,U10,6.0,6.0,SSPG,SSPG,0.1,0.45654178685315766,0.2001228515681609,0.947113840712901,6,-0.20097660169398068,447.1,6.8,38.6
0.297,0.302,U10,U10,6.0,6.0,SSPG,SSPG,0.1,0.45654207381353795,0.2001223448204702,0.9471159763630008,5,-0.20096717942506048,447.1,6.8,38.6
0.297,0.302,U10,U10,6.0,6.0,SSPG,SSPG,0.1,0.4565421664136115,0.2001223114885089,0.9471182619098713,5,-0.2009750584746146,447.1,6.8,38.6
0.297,0.302,U10,U10,6.0,6.0,SSPG,SSPG,0.1,0.45654214684350913,0.20012218188637185,0.9471190066924287,6,-0.2009758853117516,447.1,6.8,38.6
0.297,0.302,U10,U10,6.0,6.0,SSPG,SSPG,0.1,0.45654192416141237,0.20012240599221004,0.9471169844564806,2,-0.200977224092302,447.1,6.8,38.6
0.297,0.302,U10,U10,6.0,6.0,SSPG,SSPG,0.1,0.45654170312927267,0.20012264184285988,0.9471150720281081,1,-0.20097934306260168,447.1,6.8,38.6
0.297,0.302,U10,U10,6.0,6.0,SSPG,SSPG,0.1,0.4565416580717585,0.2001228514031731,0.9471133043795761,5,-0.20097718173247525,447.1,6.8,38.6
0.297,0.302,U10,U10,6.0,6.0,SSPG,SSPG,0.1,0.45654172516746194,0.20012286708319135,0.9471141442669975,6,-0.20097996195582013,447.1,6.8,38.6
0.297,0.302,U10,U10,6.0,6.0,SSPG,SSPG,0.1,0.4565417002071654,0.2001228738197838,0.9471134625773288,6,-0.2009774667265174,447.1,6.8,38.6
0.297,0.302,U10,U10,6.0,6.0,SSPG,SSPG,0.1,0.4565418496460287,0.20012272792973718,0.9471141587232661,0,-0.2009735042462788,447.1,6.8,38.6
0.297,0.302,U10,U10,6.0,6.0,SSPG,SSPG,0.1,0.4565416109751112,0.2001230659429743,0.947111900320202,2,-0.20097694201476868,447.1,6.8,38.6
0.297,0.302,U10,U10,6.0,6.0,SSPG,SSPG,0.1,0.4565415512684442,0.20012305013509848,0.9471122237042131,0,-0.20097956764625957,447.1,6.8,38.6
0.297,0.302,U10,U10,6.0,6.0,SSPG,SSPG,0.1,0.4565415751764486,0.20012278911110856,0.9471130963779246,6,-0.20097666338599085,447.1,6.8,38.6
0.297,0.302,U10,U10,6.0,6.0,SSPG,SSPG,0.1,0.45654104949216107,0.20012357280428783,0.9471073452839396,2,-0.20098147979995984,447.1,6.8,38.6
0.297,0.302,U10,U10,6.0,6.0,SSPG,SSPG,0.1,0.4565408814550539,0.20012370083126946,0.9471057426271114,6,-0.2009810968084098,447.1,6.8,38.6
0.297,0.302,U10,U10,6.0,6.0,SSPG,SSPG,0.1,0.4565410979741545,0.2001232810236409,0.9471090509292597,2,-0.20098120808916065,447.1,6.8,38.6
0.297,0.302,U10,U10,6.0,6.0,SSPG,SSPG,0.1,0.4565406765720711,0.20012359489500114,0.947105862348129,4,-0.20098405962197718,447.1,6.8,38.6
0.297,0.302,U10,U10,6.0,6.0,SSPG,SSPG,0.1,0.4565402500295751,0.20012428888883946,0.9471011704992685,0,-0.20098929511990837,447.1,6.8,38.6
0.297,0.302,U10,U10,6.0,6.0,SSPG,SSPG,0.1,0.45654030464450646,0.2001244969478843,0.9470995576162138,2,-0.2009853931178447,447.1,6.8,38.6
0.297,0.302,U10,U10,6.0,6.0,SSPG,SSPG,0.1,0.4565403435298382,0.20012415245847096,0.9471007411803618,6,-0.20098153315679967,447.1,6.8,38.6
0.297,0.302,U10,U10,6.0,6.0,SSPG,SSPG,0.1,0.4565406798570951,0.20012391720742462,0.9471042174379898,5,-0.20098411392043714,447.1,6.8,38.6
0.297,0.302,U10,U10,6.0,6.0,SSPG,SSPG,0.1,0.45654010214725094,0.20012450523697245,0.9470989339037996,2,-0.2009875739315805,447.1,6.8,38.6
0.297,0.302,U10,U10,6.0,6.0,SSPG,SSPG,0.1,0.4565397019657471,0.20012518936879906,0.9470938182068243,2,-0.20098987940181523,447.1,6.8,38.6
0.297,0.302,U10,U10,6.0,6.0,SSPG,SSPG,0.1,0.456539931145242,0.20012515793273258,0.9470952357600351,5,-0.20099028112762696,447.1,6.8,38.6
0.297,0.302,U10,U10,6.0,6.0,SSPG,SSPG,0.1,0.4565398992620239,0.2001251917664464,0.9470948341067627,5,-0.200989977608645,447.1,6.8,38.6
0.297,0.302,U10,U10,6.0,6.0,SSPG,SSPG,0.1,0.4565395487819576,0.20012561766859158,0.9470918888793944,6,-0.20099505218477143,447.1,6.8,38.6
0.297,0.302,U10,U10,6.0,6.0,SSPG,SSPG,0.1,0.45653918052082165,0.20012598440706447,0.9470877327385061,3,-0.2009932681171902,447.1,6.8,38.6
0.297,0.302,U10,U10,6.0,6.0,SSPG,SSPG,0.1,0.45653982477281496,0.2001249050475449,0.9470958997147809,6,-0.20098977528546547,447.1,6.8,38.6
0.297,0.302,U10,U10,6.0,6.0,SSPG,SSPG,0.1,0.45653914972926274,0.2001259957880336,0.9470879383975008,1,-0.20099529632968238,447.1,6.8,38.6
0.297,0.302,U10,U10,6.0,6.0,SSPG,SSPG,0.1,0.4565391938679271,0.2001259464432936,0.9470878218881298,0,-0.20099242186106103,447.1,6.8,38.6
0.297,0.302,U10,U10,6.0,6.0,SSPG,SSPG,0.1,0.45653849916407385,0.20012691275913583,0.9470811267692305,5,-0.20100140703455338,447.1,6.8,38.6
0.297,0.302,U10,U10,6.0,6.0,SSPG,SSPG,0.1,0.45653848933234054,0.20012669579970077,0.9470821472638851,4,-0.2010011406265777,447.1,6.8,38.6
0.297,0.302,U10,U10,6.0,6.0,SSPG,SSPG,0.1,0.4565384640728514,0.20012664849626247,0.9470817419283173,3,-0.20099863283842057,447.1,6.8,38.6
0.297,0.302,U10,U10,6.0,6.0,SSPG,SSPG,0.1,0.45653773160036293,0.20012771486781986,0.9470745685434476,7,-0.20100874286565729,447.1,6.8,38.6
0.297,0.302,U10,U10,6.0,6.0,SSPG,SSPG,0.1,0.45653626661435054,0.20012942398408354,0.9470603947138252,5,-0.20101922810658523,447.1,6.8,38.6
0.297,0.302,U10,U10,6.0,6.0,SSPG,SSPG,0.1,0.45653559508165864,0.200130512553094,0.9470521002904277,4,-0.201023008741815,447.1,6.8,38.6
0.297,0.302,U10,U10,6.0,6.0,SSPG,SSPG,0.1,0.456535227400652,0.20013090970446062,0.9470484743594638,7,-0.2010245175538814,447.1,6.8,38.6
0.297,0.302,U10,U10,6.0,6.0,SSPG,SSPG,0.1,0.4565342444447025,0.20013194754760222,0.9470385587765158,0,-0.20102688813667546,447.1,6.8,38.6
0.297,0.302,U10,U10,6.0,6.0,SSPG,SSPG,0.1,0.45653468769158767,0.2001310283500597,0.94704580041495,2,-0.2010278775686678,447.1,6.8,38.6
0.297,0.302,U10,U10,6.0,6.0,SSPG,SSPG,0.1,0.4565335523350423,0.200133305965121,0.9470305938759913,3,-0.20103948947194583,447.1,6.8,38.6
0.297,0.302,U10,U10,6.0,6.0,SSPG,SSPG,0.1,0.45653224682400684,0.20013371888584464,0.947023367565941,0,-0.2010471148482602,447.1,6.8,38.6
0.297,0.302,U10,U10,6.0,6.0,SSPG,SSPG,0.1,0.456531658568665,0.2001351031631056,0.947013260434022,2,-0.20104751690063738,447.1,6.8,38.6
0.297,0.302,U10,U10,6.0,6.0,SSPG,SSPG,0.1,0.4565337998071654,0.200132954157894,0.9470326890050562,3,-0.20103470630768605,447.1,6.8,38.6
0.297,0.302,U10,U10,6.0,6.0,SSPG,SSPG,0.1,0.45653184016916215,0.20013484287441966,0.9470159212678508,7,-0.20104935247000855,447.1,6.8,38.6
0.297,0.302,U10,U10,6.0,6.0,SSPG,SSPG,0.1,0.4565303648597052,0.20013662790161363,0.9470015179082716,1,-0.2010608841472057,447.1,6.8,38.6
0.297,0.302,U10,U10,6.0,6.0,SSPG,SSPG,0.1,0.4565285896131792,0.20013897253651472,0.946982530378913,6,-0.20107171020451453,447.1,6.8,38.6
0.297,0.302,U10,U10,6.0,6.0,SSPG,SSPG,0.1,0.45652700523481426,0.20014084125688686,0.9469673562333778,2,-0.20108430480901562,447.1,6.8,38.6
0.297,0.302,U10,U10,6.0,6.0,SSPG,SSPG,0.1,0.45652609909463804,0.20014147097468385,0.9469607471169454,1,-0.20109050038312404,447.1,6.8,38.6
0.297,0.302,U10,U10,6.0,6.0,SSPG,SSPG,0.1,0.4565245022954456,0.2001442806184758,0.9469410960251325,1,-0.20110535838023091,447.1,6.8,38.6
0.297,0.302,U10,U10,6.0,6.0,SSPG,SSPG,0.1,0.4565183899084163,0.20015144992920195,0.9468813405048535,5,-0.20114712012942482,447.1,6.8,38.6
0.297,0.302,U10,U10,6.0,6.0,SSPG,SSPG,0.1,0.456516138796658,0.20015326408503,0.9468639682746458,6,-0.20116416584878438,447.1,6.8,38.6
0.297,0.302,U10,U10,6.0,6.0,SSPG,SSPG,0.1,0.4565133027120575,0.20015596653695697,0.9468377666739989,0,-0.20117530578630438,447.1,6.8,38.6
0.297,0.302,U10,U10,6.0,6.0,SSPG,SSPG,0.1,0.45651380743433845,0.20015574133632794,0.9468426986513094,4,-0.20118099572172454,447.1,6.8,38.6
0.297,0.302,U10,U10,6.0,6.0,SSPG,SSPG,0.1,0.456511238666376,0.20015700361668062,0.9468250869228574,2,-0.20119092518552462,447.1,6.8,38.6
0.297,0.302,U10,U10,6.0,6.0,SSPG,SSPG,0.1,0.45651052166995526,0.20015867533736534,0.9468135301622316,2,-0.20119469780161126,447.1,6.8,38.6
0.297,0.302,U10,U10,6.0,6.0,SSPG,SSPG,0.1,0.4565135026023576,0.20015585111840895,0.9468404052596706,3,-0.2011801982474526,447.1,6.8,38.6
0.297,0.302,U10,U10,6.0,6.0,SSPG,SSPG,0.1,0.4565125820369764,0.2001566941589217,0.9468306707001024,0,-0.20117705288094223,447.1,6.8,38.6
0.297,0.302,U10,U10,6.0,6.0,SSPG,SSPG,0.1,0.4565090507326471,0.2001579129949729,0.9468097238310986,6,-0.2011935065998407,447.1,6.8,38.6
0.297,0.302,U10,U10,6.0,6.0,SSPG,SSPG,0.1,0.45651042145459886,0.200155715537431,0.9468243259496161,3,-0.20117520120510513,447.1,6.8,38.6
0.297,0.302,U10,U10,6.0,6.0,SSPG,SSPG,0.1,0.456509810234488,0.20015683891664388,0.946817283256169,0,-0.20118438987298504,447.1,6.8,38.6
0.297,0.302,U10,U10,6.0,6.0,SSPG,SSPG,0.1,0.45650753322554494,0.2001592665233513,0.946794898763335,1,-0.20119329220267312,447.1,6.8,38.6
0.297,0.302,U10,U10,6.0,6.0,SSPG,SSPG,0.1,0.4565122739242464,0.20015513981770539,0.9468386918530043,1,-0.20118438910206038,447.1,6.8,38.6
0.297,0.302,U10,U10,6.0,6.0,SSPG,SSPG,0.1,0.45651487204135405,0.20015210971019998,0.9468614553258972,7,-0.20115439603005125,447.1,6.8,38.6
0.297,0.302,U10,U10,6.0,6.0,SSPG,SSPG,0.1,0.4565118955417009,0.20015477306652596,0.9468395929688014,6,-0.2011888611485233,447.1,6.8,38.6
0.297,0.302,U10,U10,6.0,6.0,SSPG,SSPG,0.1,0.45651062545381893,0.2001574714466548,0.94682126355361,5,-0.20119927960049466,447.1,6.8,38.6
0.297,0.302,U10,U10,6.0,6.0,SSPG,SSPG,0.1,0.4565088895713588,0.20015959228023078,0.9468041018638074,5,-0.2012123398855712,447.1,6.8,38.6
0.297,0.302,U10,U10,6.0,6.0,SSPG,SSPG,0.1,0.4565119363868595,0.20015612328075078,0.9468344290563495,1,-0.201196725892705,447.1,6.8,38.6
0.297,0.302,U10,U10,6.0,6.0,SSPG,SSPG,0.1,0.4565130249612672,0.20015458792389607,0.9468440295601637,5,-0.20117783092131614,447.1,6.8,38.6
0.297,0.302,U10,U10,6.0,6.0,SSPG,SSPG,0.1,0.4565102605280984,0.20015813759935705,0.9468166662260127,3,-0.2012027657369444,447.1,6.8,38.6
0.297,0.302,U10,U10,6.0,6.0,SSPG,SSPG,0.1,0.456507944775395,0.2001601410047527,0.9467971921191487,7,-0.20121602295240537,447.1,6.8,38.6
0.297,0.302,U10,U10,6.0,6.0,SSPG,SSPG,0.1,0.4565078812845895,0.20016088083633438,0.9467931409568875,1,-0.2012165704004345,447.1,6.8,38.6
0.297,0.302,U10,U10,6.0,6.0,SSPG,SSPG,0.1,0.45650959130085045,0.2001584049273679,0.9468118489317594,7,-0.201202717518691,447.1,6.8,38.6
0.297,0.302,U10,U10,6.0,6.0,SSPG,SSPG,0.1,0.4565094234598692,0.20015858956116742,0.9468105866647241,2,-0.20120537889655,447.1,6.8,38.6
0.297,0.302,U10,U10,6.0,6.0,SSPG,SSPG,0.1,0.456506647933605,0.20016227114227314,0.9467825422002671,5,-0.20123060628265366,447.1,6.8,38.6
0.297,0.302,U10,U10,6.0,6.0,SSPG,SSPG,0.1,0.4565074643621079,0.200161937346774,0.9467879570430817,6,-0.201228252946259,447.1,6.8,38.6
0.297,0.302,U10,U10,6.0,6.0,SSPG,SSPG,0.1,0.45651012264035307,0.2001576480548378,0.9468175400894876,0,-0.20119813841079814,447.1,6.8,38.6
0.297,0.302,U10,U10,6.0,6.0,SSPG,SSPG,0.1,0.45650998100530304,0.2001587555199974,0.9468135966380795,3,-0.20121029326599116,447.1,6.8,38.6
0.297,0.302,U10,U10,6.0,6.0,SSPG,SSPG,0.1,0.45650865812941166,0.20015956520626296,0.946803055543775,2,-0.20121231933119343,447.1,6.8,38.6
0.297,0.302,U10,U10,6.0,6.0,SSPG,SSPG,0.1,0.45650793650832294,0.20016077259982495,0.9467945849196413,0,-0.20121945323046386,447.1,6.8,38.6
0.297,0.302,U10,U10,6.0,6.0,SSPG,SSPG,0.1,0.4565073327540842,0.20016120686820402,0.9467900019365021,0,-0.20122308825623803,447.1,6.8,38.6
0.297,0.302,U10,U10,6.0,6.0,SSPG,SSPG,0.1,0.4565077112196158,0.20016066827335355,0.9467942005828065,4,-0.20122053559046238,447.1,6.8,38.6
0.297,0.302,U10,U10,6.0,6.0,SSPG,SSPG,0.1,0.45650867831022673,0.20015986796966304,0.9468025256253378,7,-0.2012168301971915,447.1,6.8,38.6
0.297,0.302,U10,U10,6.0,6.0,SSPG,SSPG,0.1,0.45650693227601347,0.20016224110877254,0.9467840320345746,0,-0.20123003445699883,447.1,6.8,38.6
0.297,0.302,U10,U10,6.0,6.0,SSPG,SSPG,0.1,0.4565072074798182,0.2001613943273887,0.9467886612348555,3,-0.201224398081278,447.1,6.8,38.6
0.297,0.302,U10,U10,6.0,6.0,SSPG,SSPG,0.1,0.4565068380239202,0.20016259007152298,0.9467816485402443,6,-0.20122960040923754,447.1,6.8,38.6
0.297,0.302,U10,U10,6.0,6.0,SSPG,SSPG,0.1,0.4565080077865381,0.20016099719453004,0.9467934340991211,3,-0.20121777563041698,447.1,6.8,38.6
0.297,0.302,U10,U10,6.0,6.0,SSPG,SSPG,0.1,0.45650709476365037,0.2001622285448993,0.9467836404357004,2,-0.2012238493445282,447.1,6.8,38.6
0.297,0.302,U10,U10,6.0,6.0,SSPG,SSPG,0.1,0.4565083075268416,0.20016103023054702,0.9467955372580552,2,-0.2012213464827517,447.1,6.8,38.6
0.297,0.302,U10,U10,6.0,6.0,SSPG,SSPG,0.1,0.4565073427213485,0.20016138786060284,0.9467891434430946,1,-0.2012232331861421,447.1,6.8,38.6
0.297,0.302,U10,U10,6.0,6.0,SSPG,SSPG,0.1,0.45650825720238775,0.2001608745263154,0.9467943458544723,4,-0.20121297258077275,447.1,6.8,38.6
0.297,0.302,U10,U10,6.0,6.0,SSPG,SSPG,0.1,0.45650731387688137,0.20016203735183372,0.9467851604979964,0,-0.2012210040758573,447.1,6.8,38.6
0.297,0.302,U10,U10,6.0,6.0,SSPG,SSPG,0.1,0.4565080159916376,0.20016217404014314,0.9467879451620957,1,-0.20122055541392347,447.1,6.8,38.6
0.297,0.302,U10,U10,6.0,6.0,SSPG,SSPG,0.1,0.4565071216468607,0.2001631104603652,0.9467805545429089,3,-0.2012303608777417,447.1,6.8,38.6
0.297,0.302,U10,U10,6.0,6.0,SSPG,SSPG,0.1,0.45650679355765966,0.2001645180277954,0.9467723152925456,7,-0.20123393761217967,447.1,6.8,38.6
0.297,0.302,U10,U10,6.0,6.0,SSPG,SSPG,0.1,0.4565070236319857,0.20016423255658328,0.9467739299266125,4,-0.20122892567115036,447.1,6.8,38.6
0.297,0.302,U10,U10,6.0,6.0,SSPG,SSPG,0.1,0.4565077148835837,0.2001638942035885,0.9467786509204048,4,-0.20122619793490193,447.1,6.8,38.6
0.297,0.302,U10,U10,6.0,6.0,SSPG,SSPG,0.1,0.45650826274005407,0.2001622967798306,0.9467883283144269,0,-0.20121939973871772,447.1,6.8,38.6
0.297,0.302,U10,U10,6.0,6.0,SSPG,SSPG,0.1,0.45650721650232795,0.20016403733414087,0.9467765834331421,5,-0.20123207100282858,447.1,6.8,38.6
0.297,0.302,U10,U10,6.0,6.0,SSPG,SSPG,0.1,0.45650730676457496,0.20016427664674488,0.9467756825771949,1,-0.20123149561346443,447.1,6.8,38.6
0.297,0.302,U10,U10,6.0,6.0,SSPG,SSPG,0.1,0.45650720359552766,0.2001632749119067,0.9467798910573224,3,-0.20122926278222186,447.1,6.8,38.6
0.297,0.302,U10,U10,6.0,6.0,SSPG,SSPG,0.1,0.4565075250395402,0.20016389519953692,0.9467781693148916,5,-0.2012285700410219,447.1,6.8,38.6
0.297,0.302,U10,U10,6.0,6.0,SSPG,SSPG,0.1,0.4565072166286217,0.2001640114092046,0.9467765670641088,6,-0.2012313424980836,447.1,6.8,38.6
0.297,0.302,U10,U10,6.0,6.0,SSPG,SSPG,0.1,0.4565066302150431,0.20016471890760743,0.9467707934553897,6,-0.20123564661610605,447.1,6.8,38.6
0.297,0.302,U10,U10,6.0,6.0,SSPG,SSPG,0.1,0.45650670582072717,0.20016400443638682,0.946774727257274,4,-0.20123487024688247,447.1,6.8,38.6
0.297,0.302,U10,U10,6.0,6.0,SSPG,SSPG,0.1,0.4565069107878894,0.20016424751381562,0.94677438884999,4,-0.20123427505173597,447.1,6.8,38.6
0.297,0.302,U10,U10,6.0,6.0,SSPG,SSPG,0.1,0.45650689698928615,0.20016436561167544,0.9467736818960657,5,-0.20123416276796613,447.1,6.8,38.6
0.297,0.302,U10,U10,6.0,6.0,SSPG,SSPG,0.1,0.4565066513230744,0.20016422163203623,0.9467735163065387,2,-0.20123580754452908,447.1,6.8,38.6
0.297,0.302,U10,U10,6.0,6.0,SSPG,SSPG,0.1,0.45650706241458816,0.2001642652202343,0.9467747023040252,2,-0.2012324998752777,447.1,6.8,38.6
0.297,0.302,U10,U10,6.0,6.0,SSPG,SSPG,0.1,0.45650667340447343,0.20016495272447027,0.9467698178583799,7,-0.20123573084093405,447.1,6.8,38.6
0.297,0.302,U10,U10,6.0,6.0,SSPG,SSPG,0.1,0.45650661703012824,0.20016484577869312,0.9467701988917541,7,-0.20123627822193635,447.1,6.8,38.6
0.297,0.302,U10,U10,6.0,6.0,SSPG,SSPG,0.1,0.4565061505776138,0.20016540653640288,0.9467655626996923,6,-0.2012394419191108,447.1,6.8,38.6
0.297,0.302,U10,U10,6.0,6.0,SSPG,SSPG,0.1,0.4565064981179497,0.2001648153094145,0.9467699047052025,6,-0.20123702429841206,447.1,6.8,38.6
0.297,0.302,U10,U10,6.0,6.0,SSPG,SSPG,0.1,0.45650596945350724,0.20016556435760952,0.9467641224386143,7,-0.2012409054199762,447.1,6.8,38.6
0.297,0.302,U10,U10,6.0,6.0,SSPG,SSPG,0.1,0.4565058282243538,0.2001654864114494,0.9467639001668409,3,-0.2012413606923773,447.1,6.8,38.6
0.297,0.302,U10,U10,6.0,6.0,SSPG,SSPG,0.1,0.45650633041908784,0.2001649004766333,0.9467686194859457,2,-0.2012370906923735,447.1,6.8,38.6
0.297,0.302,U10,U10,6.0,6.0,SSPG,SSPG,0.1,0.4565061463250853,0.20016510241114968,0.9467671395880806,0,-0.20123953711733567,447.1,6.8,38.6
0.297,0.302,U10,U10,6.0,6.0,SSPG,SSPG,0.1,0.4565057733617772,0.20016566942569577,0.9467627602299769,6,-0.20124179551872423,447.1,6.8,38.6
0.297,0.302,U10,U10,6.0,6.0,SSPG,SSPG,0.1,0.4565056451901336,0.20016611892448583,0.9467598430386306,0,-0.20124213783138245,447.1,6.8,38.6
0.297,0.302,U10,U10,6.0,6.0,SSPG,SSPG,0.1,0.4565057930206132,0.20016566778409164,0.9467626482502931,0,-0.2012407337226878,447.1,6.8,38.6
0.297,0.302,U10,U10,6.0,6.0,SSPG,SSPG,0.1,0.45650603242557064,0.2001655361972313,0.9467640633557046,1,-0.2012383726970839,447.1,6.8,38.6
0.297,0.302,U10,U10,6.0,6.0,SSPG,SSPG,0.1,0.4565058307700962,0.20016554796365055,0.9467634285857653,3,-0.2012405675341702,447.1,6.8,38.6
0.297,0.302,U10,U10,6.0,6.0,SSPG,SSPG,0.1,0.4565057526692307,0.20016556604040833,0.9467631123977069,0,-0.201241416833005,447.1,6.8,38.6
0.297,0.302,U10,U10,6.0,6.0,SSPG,SSPG,0.1,0.45650542044629894,0.2001661543953017,0.9467589442770441,7,-0.20124422236381,447.1,6.8,38.6
0.297,0.302,U10,U10,6.0,6.0,SSPG,SSPG,0.1,0.45650534470150395,0.20016648460109002,0.9467570997697625,4,-0.20124545613008316,447.1,6.8,38.6
0.297,0.302,U10,U10,6.0,6.0,SSPG,SSPG,0.1,0.4565053055687519,0.20016638476036147,0.9467574695184373,3,-0.20124570315644963,447.1,6.8,38.6
0.297,0.302,U10,U10,6.0,6.0,SSPG,SSPG,0.1,0.4565053609494236,0.20016631601987772,0.9467579786545963,2,-0.2012450750593846,447.1,6.8,38.6
0.297,0.302,U10,U10,6.0,6.0,SSPG,SSPG,0.1,0.4565053152602736,0.20016646598272156,0.9467571373322969,2,-0.20124589510388757,447.1,6.8,38.6
0.297,0.302,U10,U10,6.0,6.0,SSPG,SSPG,0.1,0.4565052240731408,0.20016654895176264,0.946756349766344,6,-0.20124641940682642,447.1,6.8,38.6
0.297,0.302,U10,U10,6.0,6.0,SSPG,SSPG,0.1,0.45650528584853795,0.20016651517857317,0.9467566384926833,3,-0.20124544743130324,447.1,6.8,38.6
0.297,0.302,U10,U10,6.0,6.0,SSPG,SSPG,0.1,0.4565052229503481,0.200166612555029,0.9467559393841696,7,-0.20124606159270053,447.1,6.8,38.6
0.297,0.302,U10,U10,6.0,6.0,SSPG,SSPG,0.1,0.45650515302270966,0.2001666297654994,0.9467555879135618,5,-0.20124651904562274,447.1,6.8,38.6
0.297,0.302,U10,U10,6.0,6.0,SSPG,SSPG,0.1,0.45650529988399846,0.20016641800268017,0.9467572714860171,7,-0.2012457203958573,447.1,6.8,38.6
0.297,0.302,U10,U10,6.0,6.0,SSPG,SSPG,0.1,0.45650524754892435,0.20016652811382293,0.9467565811798062,4,-0.20124643516577212,447.1,6.8,38.6
0.297,0.302,U10,U10,6.0,6.0,SSPG,SSPG,0.1,0.45650518247411864,0.200166640147161,0.9467556853059165,3,-0.2012465228651581,447.1,6.8,38.6
0.297,0.302,U10,U10,6.0,6.0,SSPG,SSPG,0.1,0.4565051301850111,0.2001666231346799,0.9467556677057578,0,-0.20124729785353201,447.1,6.8,38.6
0.297,0.302,U10,U10,6.0,6.0,SSPG,SSPG,0.1,0.45650515348310355,0.20016664356446065,0.9467556499641949,1,-0.20124715016422234,447.1,6.8,38.6
0.297,0.302,U10,U10,6.0,6.0,SSPG,SSPG,0.1,0.456505178141529,0.20016659704126785,0.9467559562705197,4,-0.20124685601319303,447.1,6.8,38.6
0.297,0.302,U10,U10,6.0,6.0,SSPG,SSPG,0.1,0.4565050860933064,0.20016671509184716,0.946755032919925,4,-0.20124762412614983,447.1,6.8,38.6
0.297,0.302,U10,U10,6.0,6.0,SSPG,SSPG,0.1,0.4565050927262436,0.20016673880663116,0.946754923544773,6,-0.2012475272612213,447.1,6.8,38.6
0.297,0.302,U10,U10,6.0,6.0,SSPG,SSPG,0.1,0.4565050634438954,0.20016679059960862,0.9467545643604809,4,-0.20124781231517463,447.1,6.8,38.6
0.297,0.302,U10,U10,6.0,6.0,SSPG,SSPG,0.1,0.4565050031894956,0.20016692300549227,0.9467536471519331,2,-0.2012481873598424,447.1,6.8,38.6
0.297,0.302,U10,U10,6.0,6.0,SSPG,SSPG,0.1,0.4565049765967748,0.200167057516412,0.9467528562491281,7,-0.2012483953070645,447.1,6.8,38.6
0.297,0.302,U10,U10,6.0,6.0,SSPG,SSPG,0.1,0.4565049488051731,0.2001671780364951,0.9467521121468843,6,-0.2012485085658673,447.1,6.8,38.6
0.297,0.302,U10,U10,6.0,6.0,SSPG,SSPG,0.1,0.4565049460504049,0.2001670879877767,0.9467525571627067,2,-0.20124846829325183,447.1,6.8,38.6
0.297,0.302,U10,U10,6.0,6.0,SSPG,SSPG,0.1,0.4565049173357868,0.20016715385579906,0.9467521491648649,2,-0.20124885596390074,447.1,6.8,38.6
0.297,0.302,U10,U10,6.0,6.0,SSPG,SSPG,0.1,0.4565047524965616,0.20016761070528236,0.9467490994067411,5,-0.2012496450552539,447.1,6.8,38.6
0.297,0.302,U10,U10,6.0,6.0,SSPG,SSPG,0.1,0.4565046482483168,0.20016781192420008,0.9467476895342335,4,-0.20125044957935456,447.1,6.8,38.6
0.297,0.302,U10,U10,6.0,6.0,SSPG,SSPG,0.1,0.4565045710155353,0.20016806817410113,0.9467460594848403,3,-0.20125090552777047,447.1,6.8,38.6
0.297,0.302,U10,U10,6.0,6.0,SSPG,SSPG,0.1,0.45650431854398354,0.2001686557551079,0.946742101165206,1,-0.20125274177966945,447.1,6.8,38.6
0.297,0.302,U10,U10,6.0,6.0,SSPG,SSPG,0.1,0.4565044864614344,0.20016831616132114,0.9467445199094149,3,-0.20125176990136762,447.1,6.8,38.6
0.297,0.302,U10,U10,6.0,6.0,SSPG,SSPG,0.1,0.45650404540818756,0.20016931394098406,0.9467376991256793,6,-0.20125471457410926,447.1,6.8,38.6
0.297,0.302,U10,U10,6.0,6.0,SSPG,SSPG,0.1,0.4565038257813916,0.200169653399951,0.9467352941656149,4,-0.20125701911733263,447.1,6.8,38.6
0.297,0.302,U10,U10,6.0,6.0,SSPG,SSPG,0.1,0.45650368444049927,0.20016985162440668,0.9467336894426581,7,-0.20125772346647786,447.1,6.8,38.6
0.297,0.302,U10,U10,6.0,6.0,SSPG,SSPG,0.1,0.45650307056347406,0.20017135985958717,0.9467237862122264,0,-0.20126283383441246,447.1,6.8,38.6
0.297,0.302,U10,U10,6.0,6.0,SSPG,SSPG,0.1,0.4565028967001491,0.20017180859496322,0.9467208355611887,6,-0.2012641185205264,447.1,6.8,38.6
0.297,0.302,U10,U10,6.0,6.0,SSPG,SSPG,0.1,0.45650264930183393,0.20017243239878582,0.9467165305250798,2,-0.20126506792017818,447.1,6.8,38.6
0.297,0.302,U10,U10,6.0,6.0,SSPG,SSPG,0.1,0.4565023944265255,0.20017299178159945,0.9467127086673521,1,-0.2012669157432576,447.1,6.8,38.6
0.297,0.302,U10,U10,6.0,6.0,SSPG,SSPG,0.1,0.45650106933438844,0.20017612598579201,0.9466918890949039,3,-0.2012775964323108,447.1,6.8,38.6
0.297,0.302,U10,U10,6.0,6.0,SSPG,SSPG,0.1,0.45650159559602377,0.2001745717456565,0.9467018545752697,4,-0.20127378836619592,447.1,6.8,38.6
0.297,0.302,U10,U10,6.0,6.0,SSPG,SSPG,0.1,0.45650093923158525,0.2001762433124814,0.9466905008842277,1,-0.2012770472502723,447.1,6.8,38.6
0.297,0.302,U10,U10,6.0,6.0,SSPG,SSPG,0.1,0.45650043968540377,0.20017763889956325,0.9466814785865343,3,-0.2012807739613316,447.1,6.8,38.6
0.297,0.302,U10,U10,6.0,6.0,SSPG,SSPG,0.1,0.45649962323113735,0.20017942442616254,0.9466696471246316,2,-0.2012885116197105,447.1,6.8,38.6
0.297,0.302,U10,U10,6.0,6.0,SSPG,SSPG,0.1,0.4565001228765702,0.20017780446241473,0.9466798290128007,7,-0.2012847570419929,447.1,6.8,38.6
0.297,0.302,U10,U10,6.0,6.0,SSPG,SSPG,0.1,0.4564995153500627,0.2001794032877903,0.9466691141719972,5,-0.2012880723949242,447.1,6.8,38.6
0.297,0.302,U10,U10,6.0,6.0,SSPG,SSPG,0.1,0.45649911879767696,0.20018086359748818,0.9466599484095539,0,-0.20129019553303573,447.1,6.8,38.6
0.297,0.302,U10,U10,6.0,6.0,SSPG,SSPG,0.1,0.4564975185774741,0.2001848794506243,0.9466338135569159,1,-0.2013040874036931,447.1,6.8,38.6
0.297,0.302,U10,U10,6.0,6.0,SSPG,SSPG,0.1,0.4564971783448989,0.20018532479417475,0.9466303121766111,1,-0.20130672707638775,447.1,6.8,38.6
0.297,0.302,U10,U10,6.0,6.0,SSPG,SSPG,0.1,0.4564959903981569,0.20018883724454584,0.9466078014712855,2,-0.20131535301592907,447.1,6.8,38.6
0.297,0.302,U10,U10,6.0,6.0,SSPG,SSPG,0.1,0.4564965820221678,0.20018637172913328,0.9466228252560116,5,-0.20131151159577332,447.1,6.8,38.6
0.297,0.302,U10,U10,6.0,6.0,SSPG,SSPG,0.1,0.45649734985122736,0.20018449015336787,0.9466352896291648,4,-0.20130561207299147,447.1,6.8,38.6
0.297,0.302,U10,U10,6.0,6.0,SSPG,SSPG,0.1,0.45650013172372705,0.2001777270333879,0.9466799305510318,1,-0.20128309608693273,447.1,6.8,38.6
0.297,0.302,U10,U10,6.0,6.0,SSPG,SSPG,0.1,0.4564985971369612,0.20018157698154931,0.9466548052877637,2,-0.20129608787259645,447.1,6.8,38.6
0.297,0.302,U10,U10,6.0,6.0,SSPG,SSPG,0.1,0.4564975204924555,0.20018396034490474,0.9466385391758037,3,-0.20130381976692213,447.1,6.8,38.6
0.297,0.302,U10,U10,6.0,6.0,SSPG,SSPG,0.1,0.45649785488387806,0.2001839525593877,0.9466390115725214,6,-0.20129768391399594,447.1,6.8,38.6
0.297,0.302,U10,U10,6.0,6.0,SSPG,SSPG,0.1,0.4564963042449839,0.2001872439067386,0.9466172415328975,2,-0.20131325950149526,447.1,6.8,38.6
0.297,0.302,U10,U10,6.0,6.0,SSPG,SSPG,0.1,0.45649594957681483,0.20018861108756772,0.9466087740423332,7,-0.20131538706339658,447.1,6.8,38.6
0.297,0.302,U10,U10,6.0,6.0,SSPG,SSPG,0.1,0.45649605673251026,0.20018735877606336,0.9466154901435249,3,-0.20131378730490512,447.1,6.8,38.6
0.297,0.302,U10,U10,6.0,6.0,SSPG,SSPG,0.1,0.4564960839191318,0.20018611347428536,0.9466221413565412,1,-0.20131401446538444,447.1,6.8,38.6
0.297,0.302,U10,U10,6.0,6.0,SSPG,SSPG,0.1,0.45649647925334846,0.20018665892482115,0.9466205099886844,4,-0.2013100742686076,447.1,6.8,38.6
0.297,0.302,U10,U10,6.0,6.0,SSPG,SSPG,0.1,0.45649703406724257,0.20018536483058244,0.9466294406711384,4,-0.20130708098317296,447.1,6.8,38.6
0.297,0.302,U10,U10,6.0,6.0,SSPG,SSPG,0.1,0.45649632986192124,0.20018714856082734,0.9466176734125265,5,-0.2013123271425421,447.1,6.8,38.6
0.297,0.302,U10,U10,6.0,6.0,SSPG,SSPG,0.1,0.45649606096264306,0.20018782120949308,0.9466133983271141,7,-0.2013151678980507,447.1,6.8,38.6
0.297,0.302,U10,U10,6.0,6.0,SSPG,SSPG,0.1,0.4564959529454614,0.2001879893307581,0.9466122599534947,1,-0.20131654436478685,447.1,6.8,38.6
0.297,0.302,U10,U10,6.0,6.0,SSPG,SSPG,0.1,0.45649607947416143,0.2001867795679155,0.9466185368621409,3,-0.20131341983499862,447.1,6.8,38.6
0.297,0.302,U10,U10,6.0,6.0,SSPG,SSPG,0.1,0.4564959346947981,0.2001880212291465,0.9466117271819048,3,-0.201315228144058,447.1,6.8,38.6
0.297,0.302,U10,U10,6.0,6.0,SSPG,SSPG,0.1,0.45649591349491575,0.20018781042245923,0.9466127892674092,5,-0.20131559343964023,447.1,6.8,38.6
0.297,0.302,U10,U10,6.0,6.0,SSPG,SSPG,0.1,0.4564968661425721,0.20018558269432782,0.9466271601462832,2,-0.20130568098086687,447.1,6.8,38.6
0.297,0.302,U10,U10,6.0,6.0,SSPG,SSPG,0.1,0.4564959632415073,0.20018764551832835,0.9466134428535753,5,-0.20131339860177588,447.1,6.8,38.6
0.297,0.302,U10,U10,6.0,6.0,SSPG,SSPG,0.1,0.45649607109060286,0.20018832360562502,0.9466103586496897,0,-0.20131284573980057,447.1,6.8,38.6
0.297,0.302,U10,U10,6.0,6.0,SSPG,SSPG,0.1,0.456495914385122,0.20018843882095652,0.9466092531621921,0,-0.20131425604213327,447.1,6.8,38.6
0.297,0.302,U10,U10,6.0,6.0,SSPG,SSPG,0.1,0.4564960805420151,0.2001875970344581,0.9466142043851784,4,-0.20131296792765285,447.1,6.8,38.6
0.297,0.302,U10,U10,6.0,6.0,SSPG,SSPG,0.1,0.4564959792701484,0.20018773813919583,0.9466132112190677,5,-0.20131420253361876,447.1,6.8,38.6
0.297,0.302,U10,U10,6.0,6.0,SSPG,SSPG,0.1,0.4564958806492769,0.20018758308970389,0.9466138965330386,3,-0.20131604955106397,447.1,6.8,38.6
0.297,0.302,U10,U10,6.0,6.0,SSPG,SSPG,0.1,0.45649596063632303,0.20018729995502849,0.9466154856487443,1,-0.20131465815046612,447.1,6.8,38.6
0.297,0.302,U10,U10,6.0,6.0,SSPG,SSPG,0.1,0.45649575159917277,0.20018764650128124,0.9466128575444865,6,-0.20131580787710268,447.1,6.8,38.6
0.297,0.302,U10,U10,6.0,6.0,SSPG,SSPG,0.1,0.45649580056710237,0.20018852745853358,0.9466085014737482,4,-0.20131565024248,447.1,6.8,38.6
0.297,0.302,U10,U10,6.0,6.0,SSPG,SSPG,0.1,0.45649603177299225,0.2001869717700244,0.9466174769277496,1,-0.20131429277292945,447.1,6.8,38.6
0.297,0.302,U10,U10,6.0,6.0,SSPG,SSPG,0.1,0.4564959151890829,0.20018701572400874,0.9466167552570872,1,-0.20131478438204065,447.1,6.8,38.6
0.297,0.302,U10,U10,6.0,6.0,SSPG,SSPG,0.1,0.4564957785700953,0.2001879004442921,0.946611991955085,4,-0.20131732125510693,447.1,6.8,38.6
0.297,0.302,U10,U10,6.0,6.0,SSPG,SSPG,0.1,0.45649589685026515,0.20018760267166855,0.9466136869572543,3,-0.20131513311393823,447.1,6.8,38.6
0.297,0.302,U10,U10,6.0,6.0,SSPG,SSPG,0.1,0.4564957901504322,0.2001874843781527,0.9466140476561695,1,-0.20131653558301466,447.1,6.8,38.6
0.297,0.302,U10,U10,6.0,6.0,SSPG,SSPG,0.1,0.4564958815557403,0.20018751962342649,0.9466141169893634,0,-0.20131550335278003,447.1,6.8,38.6
0.297,0.302,U10,U10,6.0,6.0,SSPG,SSPG,0.1,0.45649586575979284,0.20018767362128015,0.9466133409643191,0,-0.20131600399018668,447.1,6.8,38.6
0.297,0.302,U10,U10,6.0,6.0,SSPG,SSPG,0.1,0.45649590621258507,0.20018750391135204,0.946614234829291,6,-0.20131507213620958,447.1,6.8,38.6
0.297,0.302,U10,U10,6.0,6.0,SSPG,SSPG,0.1,0.4564958244009308,0.20018739132170557,0.9466146411071694,5,-0.20131622473648791,447.1,6.8,38.6
0.297,0.302,U10,U10,6.0,6.0,SSPG,SSPG,0.1,0.4564957309477605,0.20018766324925957,0.9466130445081387,1,-0.2013176312861602,447.1,6.8,38.6
0.297,0.302,U10,U10,6.0,6.0,SSPG,SSPG,0.1,0.4564957528553327,0.2001876660434527,0.9466130439498652,4,-0.20131716031561142,447.1,6.8,38.6
0.297,0.302,U10,U10,6.0,6.0,SSPG,SSPG,0.1,0.4564957682054487,0.2001876838362097,0.9466130761680271,7,-0.20131738206170358,447.1,6.8,38.6
0.297,0.302,U10,U10,6.0,6.0,SSPG,SSPG,0.1,0.4564957378792316,0.2001876965099186,0.9466128413815169,3,-0.2013173147264795,447.1,6.8,38.6
0.297,0.302,U10,U10,6.0,6.0,SSPG,SSPG,0.1,0.4564958356000535,0.2001877327396683,0.9466130966420798,5,-0.2013170454222175,447.1,6.8,38.6
0.297,0.302,U10,U10,6.0,6.0,SSPG,SSPG,0.1,0.45649575944285936,0.20018759791669413,0.9466135533212312,1,-0.20131774669721336,447.1,6.8,38.6
0.297,0.302,U10,U10,6.0,6.0,SSPG,SSPG,0.1,0.4564957456854122,0.20018778991558023,0.9466124650102299,6,-0.20131764463919977,447.1,6.8,38.6
0.297,0.302,U10,U10,6.0,6.0,SSPG,SSPG,0.1,0.45649587377598433,0.2001874082768756,0.9466149584895946,4,-0.20131696035644975,447.1,6.8,38.6
0.297,0.302,U10,U10,6.0,6.0,SSPG,SSPG,0.1,0.4564957493950671,0.20018755227025758,0.9466137306085569,6,-0.20131770662277093,447.1,6.8,38.6
0.297,0.302,U10,U10,6.0,6.0,SSPG,SSPG,0.1,0.4564957953000657,0.20018769350723054,0.946613196050961,5,-0.20131753404153185,447.1,6.8,38.6
0.297,0.302,U10,U10,6.0,6.0,SSPG,SSPG,0.1,0.45649573496588325,0.20018759843701928,0.9466134183658625,1,-0.20131771225361073,447.1,6.8,38.6
0.297,0.302,U10,U10,6.0,6.0,SSPG,SSPG,0.1,0.45649581850089144,0.20018731951804278,0.9466151204804469,1,-0.20131688189890662,447.1,6.8,38.6
0.297,0.302,U10,U10,6.0,6.0,SSPG,SSPG,0.1,0.4564957518634539,0.20018754110576942,0.9466137693712295,1,-0.20131755375038596,447.1,6.8,38.6
0.297,0.302,U10,U10,6.0,6.0,SSPG,SSPG,0.1,0.4564957850264576,0.20018745319539086,0.9466143945707426,4,-0.20131755055638179,447.1,6.8,38.6
0.297,0.302,U10,U10,6.0,6.0,SSPG,SSPG,0.1,0.45649575255585306,0.2001874338290749,0.946614377667677,2,-0.20131778358575758,447.1,6.8,38.6
0.297,0.302,U10,U10,6.0,6.0,SSPG,SSPG,0.1,0.4564958131240807,0.2001873478982289,0.9466150398545521,6,-0.2013173345127761,447.1,6.8,38.6
0.297,0.302,U10,U10,6.0,6.0,SSPG,SSPG,0.1,0.45649578622426196,0.20018725760102504,0.9466153613512502,6,-0.2013172873445197,447.1,6.8,38.6
0.297,0.302,U10,U10,6.0,6.0,SSPG,SSPG,0.1,0.45649574501703805,0.2001873852649124,0.9466145566716921,3,-0.20131761735640152,447.1,6.8,38.6
0.297,0.302,U10,U10,6.0,6.0,SSPG,SSPG,0.1,0.4564957420209387,0.2001874659616087,0.9466141721818162,7,-0.2013178564760234,447.1,6.8,38.6
0.297,0.302,U10,U10,6.0,6.0,SSPG,SSPG,0.1,0.456495727423675,0.20018738095342334,0.9466145135891586,0,-0.20131773481457893,447.1,6.8,38.6
0.297,0.302,U10,U10,6.0,6.0,SSPG,SSPG,0.1,0.45649573654073905,0.20018734666828497,0.9466147365760924,4,-0.20131772714116325,447.1,6.8,38.6
0.297,0.302,U10,U10,6.0,6.0,SSPG,SSPG,0.1,0.4564957277880367,0.20018744977807518,0.9466141647369057,7,-0.20131776648587651,447.1,6.8,38.6
0.297,0.302,U10,U10,6.0,6.0,SSPG,SSPG,0.1,0.4564957657542169,0.20018732004372553,0.9466150077608311,7,-0.201317648673637,447.1,6.8,38.6
0.297,0.302,U10,U10,6.0,6.0,SSPG,SSPG,0.1,0.4564957186166144,0.20018739136914207,0.9466144588435315,0,-0.20131794786404633,447.1,6.8,38.6
0.297,0.302,U10,U10,6.0,6.0,SSPG,SSPG,0.1,0.4564957187319417,0.20018735650756744,0.9466146646469658,1,-0.2013180642960175,447.1,6.8,38.6
0.297,0.302,U10,U10,6.0,6.0,SSPG,SSPG,0.1,0.4564957338811424,0.20018734320021986,0.946614790820822,7,-0.2013179666037761,447.1,6.8,38.6
0.297,0.302,U10,U10,6.0,6.0,SSPG,SSPG,0.1,0.45649572640215064,0.20018732629360603,0.9466148353799961,1,-0.20131794261707237,447.1,6.8,38.6
0.297,0.302,U10,U10,6.0,6.0,SSPG,SSPG,0.1,0.45649573294226886,0.20018711885150103,0.9466158827208893,4,-0.20131763976608452,447.1,6.8,38.6
0.297,0.302,U10,U10,6.0,6.0,SSPG,SSPG,0.1,0.45649571151326074,0.2001872566925265,0.9466151157912321,6,-0.20131791937341248,447.1,6.8,38.6
0.297,0.302,U10,U10,6.0,6.0,SSPG,SSPG,0.1,0.4564957834004839,0.2001871604920832,0.9466158911880562,6,-0.20131748015650341,447.1,6.8,38.6
0.297,0.302,U10,U10,6.0,6.0,SSPG,SSPG,0.1,0.45649576351719623,0.2001870424543104,0.9466164213311408,2,-0.20131757125653005,447.1,6.8,38.6
0.297,0.302,U10,U10,6.0,6.0,SSPG,SSPG,0.1,0.4564957166506755,0.20018725459181347,0.9466151253385546,5,-0.20131778668283395,447.1,6.8,38.6
0.297,0.302,U10,U10,6.0,6.0,SSPG,SSPG,0.1,0.45649573569683705,0.20018718682012096,0.9466155814233437,2,-0.20131781990474673,447.1,6.8,38.6
0.297,0.302,U10,U10,6.0,6.0,SSPG,SSPG,0.1,0.4564957204926016,0.20018711425173208,0.9466159077882486,3,-0.20131795120503693,447.1,6.8,38.6
0.297,0.302,U10,U10,6.0,6.0,SSPG,SSPG,0.1,0.4564957133417766,0.20018732910047657,0.9466147805293406,3,-0.20131806979080968,447.1,6.8,38.6
0.297,0.302,U10,U10,6.0,6.0,SSPG,SSPG,0.1,0.4564957193942609,0.20018727771405467,0.9466150376816316,1,-0.201317874920508,447.1,6.8,38.6
0.297,0.302,U10,U10,6.0,6.0,SSPG,SSPG,0.1,0.4564957225475127,0.2001872739640074,0.9466150857183377,2,-0.20131793476715298,447.1,6.8,38.6
0.297,0.302,U10,U10,6.0,6.0,SSPG,SSPG,0.1,0.4564957258744111,0.20018729586225326,0.9466149941169566,4,-0.20131795918965167,447.1,6.8,38.6
0.297,0.302,U10,U10,6.0,6.0,SSPG,SSPG,0.1,0.4564957248657613,0.20018725242852375,0.94661522022637,4,-0.20131798694880354,447.1,6.8,38.6
0.297,0.302,U10,U10,6.0,6.0,SSPG,SSPG,0.1,0.4564957218349035,0.20018715963960504,0.9466156940648638,5,-0.20131802352351702,447.1,6.8,38.6
0.297,0.302,U10,U10,6.0,6.0,SSPG,SSPG,0.1,0.45649572239512515,0.20018725290197265,0.9466152018388478,7,-0.20131797107285854,447.1,6.8,38.6
0.297,0.302,U10,U10,6.0,6.0,SSPG,SSPG,0.1,0.45649571669534494,0.20018730661258957,0.9466148953566966,4,-0.20131797821332942,447.1,6.8,38.6
0.297,0.302,U10,U10,6.0,6.0,SSPG,SSPG,0.1,0.45649570879347234,0.20018724212335917,0.9466151961181475,2,-0.2013180087053783,447.1,6.8,38.6
0.297,0.302,U10,U10,6.0,6.0,SSPG,SSPG,0.1,0.4564957152042979,0.2001872470015847,0.9466151974279793,7,-0.20131797926544204,447.1,6.8,38.6
0.297,0.302,U10,U10,6.0,6.0,SSPG,SSPG,0.1,0.45649571708524406,0.20018719360381967,0.9466154966149092,0,-0.20131803865416797,447.1,6.8,38.6
0.297,0.302,U10,U10,6.0,6.0,SSPG,SSPG,0.1,0.4564957100553336,0.20018718702981453,0.9466154923354799,5,-0.2013180267215704,447.1,6.8,38.6
0.297,0.302,U10,U10,6.0,6.0,SSPG,SSPG,0.1,0.45649570876676604,0.2001871902122852,0.9466154811874827,6,-0.20131808418933428,447.1,6.8,38.6
0.297,0.302,U10,U10,6.0,6.0,SSPG,SSPG,0.1,0.4564957103593098,0.20018709772603072,0.9466159606599249,0,-0.20131804184910385,447.1,6.8,38.6
0.297,0.302,U10,U10,6.0,6.0,SSPG,SSPG,0.1,0.4564957139204814,0.20018708272858537,0.9466160306159046,7,-0.20131791641527608,447.1,6.8,38.6
0.297,0.302,U10,U10,6.0,6.0,SSPG,SSPG,0.1,0.45649570361210945,0.20018706152563037,0.9466160961653283,2,-0.20131795559494714,447.1,6.8,38.6
0.297,0.302,U10,U10,6.0,6.0,SSPG,SSPG,0.1,0.45649570007845286,0.20018703218318049,0.9466162381092933,5,-0.20131799245307835,447.1,6.8,38.6
0.297,0.302,U10,U10,6.0,6.0,SSPG,SSPG,0.1,0.45649570930511496,0.20018724231324556,0.9466152012558147,4,-0.20131802556652012,447.1,6.8,38.6
0.297,0.302,U10,U10,6.0,6.0,SSPG,SSPG,0.1,0.4564957106960764,0.20018723607779398,0.9466152273758617,6,-0.20131796136713476,447.1,6.8,38.6
0.297,0.302,U10,U10,6.0,6.0,SSPG,SSPG,0.1,0.4564957114792221,0.20018715100726647,0.9466156815036224,4,-0.20131800211547723,447.1,6.8,38.6
0.297,0.302,U10,U10,6.0,6.0,SSPG,SSPG,0.1,0.45649570749821766,0.2001871473846254,0.9466156936365793,7,-0.20131806780707828,447.1,6.8,38.6
0.297,0.302,U10,U10,6.0,6.0,SSPG,SSPG,0.1,0.456495708947379,0.20018705535786352,0.9466161779692222,0,-0.2013180638064611,447.1,6.8,38.6
0.297,0.302,U10,U10,6.0,6.0,SSPG,SSPG,0.1,0.4564956993336171,0.20018701539000686,0.9466163426704934,5,-0.20131809425777014,447.1,6.8,38.6
0.297,0.302,U10,U10,6.0,6.0,SSPG,SSPG,0.1,0.4564957096622001,0.20018712904320526,0.9466158001098557,7,-0.20131806874204905,447.1,6.8,38.6
0.297,0.302,U10,U10,6.0,6.0,SSPG,SSPG,0.1,0.45649571144726653,0.2001870933312423,0.94661599529694,4,-0.20131807193829632,447.1,6.8,38.6
0.297,0.302,U10,U10,6.0,6.0,SSPG,SSPG,0.1,0.45649570933324246,0.20018715851946575,0.9466156485878652,4,-0.20131808405170437,447.1,6.8,38.6
0.297,0.302,U10,U10,6.0,6.0,SSPG,SSPG,0.1,0.4564957116890027,0.20018713396767443,0.9466157876561963,3,-0.20131808197696754,447.1,6.8,38.6
0.297,0.302,U10,U10,6.0,6.0,SSPG,SSPG,0.1,0.45649571186364346,0.20018716114123555,0.9466156485103578,1,-0.2013180869455713,447.1,6.8,38.6
0.297,0.302,U10,U10,6.0,6.0,SSPG,SSPG,0.1,0.45649570917504745,0.20018722002895953,0.9466153366773313,3,-0.2013181235816024,447.1,6.8,38.6
0.297,0.302,U10,U10,6.0,6.0,SSPG,SSPG,0.1,0.4564957093674429,0.20018713236773802,0.9466157876118664,6,-0.20131809886116558,447.1,6.8,38.6
0.297,0.302,U10,U10,6.0,6.0,SSPG,SSPG,0.1,0.4564957093857709,0.20018712073615189,0.9466158497327757,4,-0.20131810674949469,447.1,6.8,38.6
0.297,0.302,U10,U10,6.0,6.0,SSPG,SSPG,0.1,0.4564957043527032,0.2001871373215049,0.9466157396692179,7,-0.201318115209713,447.1,6.8,38.6
0.297,0.302,U10,U10,6.0,6.0,SSPG,SSPG,0.1,0.4564957075508276,0.20018719192209813,0.9466154763303409,2,-0.2013181333646168,447.1,6.8,38.6
0.297,0.302,U10,U10,6.0,6.0,SSPG,SSPG,0.1,0.4564957049323657,0.20018715320558778,0.9466156619075639,0,-0.2013181235649415,447.1,6.8,38.6
0.297,0.302,U10,U10,6.0,6.0,SSPG,SSPG,0.1,0.456495700991871,0.20018705229920747,0.9466161683466656,6,-0.20131813662730025,447.1,6.8,38.6
0.297,0.302,U10,U10,6.0,6.0,SSPG,SSPG,0.1,0.45649570201739953,0.20018703197686208,0.9466162792586847,2,-0.2013181374306927,447.1,6.8,38.6
0.297,0.302,U10,U10,6.0,6.0,SSPG,SSPG,0.1,0.45649570075856927,0.20018704807546303,0.9466161894298275,6,-0.20131813829827472,447.1,6.8,38.6
0.297,0.302,U10,U10,6.0,6.0,SSPG,SSPG,0.1,0.4564957000959713,0.20018703689688244,0.9466162447242539,4,-0.20131814140569748,447.1,6.8,38.6
0.297,0.302,U10,U10,6.0,6.0,SSPG,SSPG,0.1,0.45649569815643903,0.20018697805192426,0.9466165424213897,6,-0.20131815156258925,447.1,6.8,38.6
0.297,0.302,U10,U10,6.0,6.0,SSPG,SSPG,0.1,0.4564956988682899,0.20018699324190428,0.9466164643036765,4,-0.2013181376444777,447.1,6.8,38.6
0.297,0.302,U10,U10,6.0,6.0,SSPG,SSPG,0.1,0.4564957018542741,0.20018697865992027,0.9466165534535844,1,-0.20131812893557166,447.1,6.8,38.6
0.297,0.302,U10,U10,6.0,6.0,SSPG,SSPG,0.1,0.4564956995392936,0.20018692066896382,0.9466168416008314,5,-0.2013181237264834,447.1,6.8,38.6
0.297,0.302,U10,U10,6.0,6.0,SSPG,SSPG,0.1,0.4564957048305386,0.2001870685504618,0.9466161011287904,1,-0.20131812477696354,447.1,6.8,38.6
0.297,0.302,U10,U10,6.0,6.0,SSPG,SSPG,0.1,0.4564957010584995,0.20018703188977166,0.9466162709424952,5,-0.20131811884330064,447.1,6.8,38.6
0.297,0.302,U10,U10,6.0,6.0,SSPG,SSPG,0.1,0.45649569808523915,0.20018696733768176,0.9466165968785143,6,-0.20131814770716971,447.1,6.8,38.6
0.297,0.302,U10,U10,6.0,6.0,SSPG,SSPG,0.1,0.4564956973246739,0.20018697075777048,0.9466165745628374,3,-0.20131814447104945,447.1,6.8,38.6
0.297,0.302,U10,U10,6.0,6.0,SSPG,SSPG,0.1,0.45649570077258494,0.20018703370949523,0.9466162651638497,4,-0.2013181434933542,447.1,6.8,38.6
0.297,0.302,U10,U10,6.0,6.0,SSPG,SSPG,0.1,0.45649569854287564,0.20018701068857214,0.9466163686932259,1,-0.2013181214376507,447.1,6.8,38.6
0.297,0.302,U10,U10,6.0,6.0,SSPG,SSPG,0.1,0.4564956961249193,0.20018690461978228,0.9466169063165433,1,-0.20131811817443923,447.1,6.8,38.6
0.297,0.302,U10,U10,6.0,6.0,SSPG,SSPG,0.1,0.45649569227986186,0.20018677625980166,0.9466175602865654,6,-0.20131815294308808,447.1,6.8,38.6
0.297,0.302,U10,U10,6.0,6.0,SSPG,SSPG,0.1,0.4564956914102833,0.20018673170270931,0.9466177868884316,2,-0.20131815162813949,447.1,6.8,38.6
0.297,0.302,U10,U10,6.0,6.0,SSPG,SSPG,0.1,0.45649569123201256,0.2001866965929697,0.9466179610956242,1,-0.2013181172455476,447.1,6.8,38.6
0.297,0.302,U10,U10,6.0,6.0,SSPG,SSPG,0.1,0.4564956938701736,0.2001867420973546,0.9466177376258571,6,-0.2013181138122997,447.1,6.8,38.6
0.297,0.302,U10,U10,6.0,6.0,SSPG,SSPG,0.1,0.45649569716821814,0.2001868664525027,0.9466171098699143,3,-0.20131811853606774,447.1,6.8,38.6
0.297,0.302,U10,U10,6.0,6.0,SSPG,SSPG,0.1,0.4564956904262566,0.20018673519548114,0.9466177580975068,3,-0.2013181245765696,447.1,6.8,38.6
0.297,0.302,U10,U10,6.0,6.0,SSPG,SSPG,0.1,0.4564956916875471,0.20018676643960706,0.946617606278704,1,-0.2013181435113509,447.1,6.8,38.6
0.297,0.302,U10,U10,6.0,6.0,SSPG,SSPG,0.1,0.4564956924149677,0.20018671875551738,0.9466178552529576,7,-0.2013181324762221,447.1,6.8,38.6
0.297,0.302,U10,U10,6.0,6.0,SSPG,SSPG,0.1,0.4564956907972498,0.20018676638096805,0.9466176046119892,2,-0.2013181559026478,447.1,6.8,38.6
0.297,0.302,U10,U10,6.0,6.0,SSPG,SSPG,0.1,0.45649569310145227,0.2001867695319773,0.9466175982421805,2,-0.20131814731744946,447.1,6.8,38.6
0.297,0.302,U10,U10,6.0,6.0,SSPG,SSPG,0.1,0.4564956927137086,0.20018674487439156,0.9466177231227908,5,-0.20131814179880392,447.1,6.8,38.6
0.297,0.302,U10,U10,6.0,6.0,SSPG,SSPG,0.1,0.4564956881538579,0.20018665270647074,0.9466181798656614,2,-0.20131814926180214,447.1,6.8,38.6
0.297,0.302,U10,U10,6.0,6.0,SSPG,SSPG,0.1,0.45649569021352226,0.20018675004818376,0.946617685592698,7,-0.20131815192211988,447.1,6.8,38.6
0.297,0.302,U10,U10,6.0,6.0,SSPG,SSPG,0.1,0.45649568738663454,0.20018665672194075,0.9466181551871733,1,-0.20131814968815753,447.1,6.8,38.6
0.297,0.302,U10,U10,6.0,6.0,SSPG,SSPG,0.1,0.4564956860391227,0.200186631864808,0.9466182783520458,5,-0.20131815451594726,447.1,6.8,38.6
0.297,0.302,U10,U10,6.0,6.0,SSPG,SSPG,0.1,0.45649568451510086,0.20018656332625717,0.9466186262108156,3,-0.20131815368599604,447.1,6.8,38.6
0.297,0.302,U10,U10,6.0,6.0,SSPG,SSPG,0.1,0.45649568836987786,0.2001866968985867,0.9466179524041545,6,-0.2013181533903663,447.1,6.8,38.6
0.297,0.302,U10,U10,6.0,6.0,SSPG,SSPG,0.1,0.45649568760573195,0.20018669585600374,0.9466179535595489,7,-0.20131815169815104,447.1,6.8,38.6
0.297,0.302,U10,U10,6.0,6.0,SSPG,SSPG,0.1,0.45649568922427186,0.20018675912747846,0.9466176349111146,1,-0.20131815917462115,447.1,6.8,38.6
0.297,0.302,U10,U10,6.0,6.0,SSPG,SSPG,0.1,0.4564956894967558,0.20018676881567657,0.9466175880930137,3,-0.20131816919855927,447.1,6.8,38.6
0.297,0.302,U10,U10,6.0,6.0,SSPG,SSPG,0.1,0.45649568972018173,0.20018675220576915,0.9466176735047598,7,-0.2013181597759246,447.1,6.8,38.6
0.297,0.302,U10,U10,6.0,6.0,SSPG,SSPG,0.1,0.4564956888552806,0.20018670347038175,0.946617921210998,7,-0.20131815552357102,447.1,6.8,38.6
0.297,0.302,U10,U10,6.0,6.0,SSPG,SSPG,0.1,0.4564956936680674,0.20018685050201349,0.9466171828911487,7,-0.20131815746413917,447.1,6.8,38.6
0.297,0.302,U10,U10,6.0,6.0,SSPG,SSPG,0.1,0.45649568915023286,0.2001867554710724,0.9466176546012348,1,-0.20131816439406025,447.1,6.8,38.6
0.297,0.302,U10,U10,6.0,6.0,SSPG,SSPG,0.1,0.4564956881571772,0.20018673064296758,0.9466177801118505,5,-0.20131817251383488,447.1,6.8,38.6
0.297,0.302,U10,U10,6.0,6.0,SSPG,SSPG,0.1,0.45649568952204866,0.20018673129575226,0.9466177819697821,1,-0.20131816420952786,447.1,6.8,38.6
0.297,0.302,U10,U10,6.0,6.0,SSPG,SSPG,0.1,0.45649568875127333,0.20018673042335391,0.9466177838980054,7,-0.20131817063953727,447.1,6.8,38.6
0.297,0.302,U10,U10,6.0,6.0,SSPG,SSPG,0.1,0.4564956881529971,0.20018672609496213,0.9466178034629054,7,-0.2013181713668315,447.1,6.8,38.6
0.297,0.302,U10,U10,6.0,6.0,SSPG,SSPG,0.1,0.45649568862329565,0.20018672379207034,0.9466178169567012,4,-0.20131816720956142,447.1,6.8,38.6
0.297,0.302,U10,U10,6.0,6.0,SSPG,SSPG,0.1,0.4564956889258659,0.20018674863805702,0.9466176902827268,5,-0.2013181709020837,447.1,6.8,38.6
0.297,0.302,U10,U10,6.0,6.0,SSPG,SSPG,0.1,0.4564956900999708,0.20018678268325918,0.9466175188114261,2,-0.20131816741916708,447.1,6.8,38.6
0.297,0.302,U10,U10,6.0,6.0,SSPG,SSPG,0.1,0.4564956885539516,0.2001867366629051,0.9466177506544158,6,-0.20131817139689367,447.1,6.8,38.6
0.297,0.302,U10,U10,6.0,6.0,SSPG,SSPG,0.1,0.45649568735017176,0.2001867078812608,0.946617894360775,4,-0.20131817349882164,447.1,6.8,38.6
0.297,0.302,U10,U10,6.0,6.0,SSPG,SSPG,0.1,0.45649568886949277,0.20018674366227757,0.9466177160181997,0,-0.2013181718230963,447.1,6.8,38.6
0.297,0.302,U10,U10,6.0,6.0,SSPG,SSPG,0.1,0.4564956886112537,0.2001867434372411,0.946617716092832,7,-0.2013181729093514,447.1,6.8,38.6
0.297,0.302,U10,U10,6.0,6.0,SSPG,SSPG,0.1,0.4564956876983318,0.20018671177601208,0.9466178759499622,2,-0.2013181736414147,447.1,6.8,38.6
0.297,0.302,U10,U10,6.0,6.0,SSPG,SSPG,0.1,0.4564956879746722,0.20018671970175156,0.9466178361056592,6,-0.20131817311374522,447.1,6.8,38.6
0.297,0.302,U10,U10,6.0,6.0,SSPG,SSPG,0.1,0.4564956876629267,0.20018671814136968,0.9466178430222505,5,-0.20131817507896477,447.1,6.8,38.6
0.297,0.302,U10,U10,6.0,6.0,SSPG,SSPG,0.1,0.4564956875792934,0.20018671564007834,0.9466178553877431,6,-0.20131817415325415,447.1,6.8,38.6
0.297,0.302,U10,U10,6.0,6.0,SSPG,SSPG,0.1,0.4564956867905707,0.20018669001249795,0.946617984224571,4,-0.20131817329399393,447.1,6.8,38.6
0.297,0.302,U10,U10,6.0,6.0,SSPG,SSPG,0.1,0.4564956866759725,0.20018668892869876,0.9466179896548708,0,-0.20131817516507322,447.1,6.8,38.6
0.297,0.302,U10,U10,6.0,6.0,SSPG,SSPG,0.1,0.45649568704021315,0.20018669955499097,0.9466179362607812,2,-0.2013181747383923,447.1,6.8,38.6
0.297,0.302,U10,U10,6.0,6.0,SSPG,SSPG,0.1,0.4564956859554078,0.20018666052901601,0.9466181331797676,7,-0.2013181740574148,447.1,6.8,38.6
0.297,0.302,U10,U10,6.0,6.0,SSPG,SSPG,0.1,0.4564956859215188,0.20018666574441132,0.946618106400035,7,-0.20131817631275295,447.1,6.8,38.6
0.297,0.302,U10,U10,6.0,6.0,SSPG,SSPG,0.1,0.45649568571089616,0.20018666225889495,0.9466181235996767,3,-0.2013181771817223,447.1,6.8,38.6
0.297,0.302,U10,U10,6.0,6.0,SSPG,SSPG,0.1,0.4564956850740167,0.20018664328312313,0.9466182188304493,0,-0.2013181770482766,447.1,6.8,38.6
0.297,0.302,U10,U10,6.0,6.0,SSPG,SSPG,0.1,0.45649568528742945,0.20018664581624657,0.9466182066718059,7,-0.20131817657505513,447.1,6.8,38.6
0.297,0.302,U10,U10,6.0,6.0,SSPG,SSPG,0.1,0.4564956843862724,0.20018662166369044,0.9466183277092859,1,-0.20131817779579153,447.1,6.8,38.6
0.297,0.302,U10,U10,6.0,6.0,SSPG,SSPG,0.1,0.45649568432454013,0.2001866231636256,0.9466183197417761,1,-0.20131817844417643,447.1,6.8,38.6
0.297,0.302,U10,U10,6.0,6.0,SSPG,SSPG,0.1,0.45649568458531486,0.200186629601722,0.9466182875910314,5,-0.20131817815661712,447.1,6.8,38.6
0.297,0.302,U10,U10,6.0,6.0,SSPG,SSPG,0.1,0.4564956849939616,0.2001866410049384,0.9466182304228674,0,-0.20131817788568362,447.1,6.8,38.6
0.297,0.302,U10,U10,6.0,6.0,SSPG,SSPG,0.1,0.4564956841019593,0.20018661129188514,0.9466183800852432,6,-0.20131817771600202,447.1,6.8,38.6
0.297,0.302,U10,U10,6.0,6.0,SSPG,SSPG,0.1,0.4564956843210328,0.20018661964827214,0.9466183377342361,3,-0.20131817729245594,447.1,6.8,38.6
0.297,0.302,U10,U10,6.0,6.0,SSPG,SSPG,0.1,0.45649568460311984,0.20018662824148753,0.9466182945777648,2,-0.20131817735915725,447.1,6.8,38.6
0.297,0.302,U10,U10,6.0,6.0,SSPG,SSPG,0.1,0.45649568426988535,0.20018661866009238,0.9466183426705244,3,-0.2013181776168662,447.1,6.8,38.6
0.297,0.302,U10,U10,6.0,6.0,SSPG,SSPG,0.1,0.4564956840933266,0.20018661523401868,0.9466183597407589,5,-0.2013181785104745,447.1,6.8,38.6
0.297,0.302,U10,U10,6.0,6.0,SSPG,SSPG,0.1,0.4564956837651727,0.20018660491797355,0.9466184116318184,5,-0.2013181785681888,447.1,6.8,38.6
0.297,0.302,U10,U10,6.0,6.0,SSPG,SSPG,0.1,0.45649568390822737,0.20018660847058795,0.9466183938406467,4,-0.20131817818980702,447.1,6.8,38.6
0.297,0.302,U10,U10,6.0,6.0,SSPG,SSPG,0.1,0.4564956839840145,0.20018661086307496,0.946618381862514,2,-0.20131817845523425,447.1,6.8,38.6
0.297,0.302,U10,U10,6.0,6.0,SSPG,SSPG,0.1,0.45649568347389735,0.20018659610553985,0.9466184559493462,2,-0.2013181788375924,447.1,6.8,38.6
0.297,0.302,U10,U10,6.0,6.0,SSPG,SSPG,0.1,0.4564956840131247,0.2001866127869704,0.946618372050319,0,-0.20131817858493672,447.1,6.8,38.6
0.297,0.302,U10,U10,6.0,6.0,SSPG,SSPG,0.1,0.4564956836535772,0.20018660314432477,0.946618420363095,6,-0.20131817901811022,447.1,6.8,38.6
0.297,0.302,U10,U10,6.0,6.0,SSPG,SSPG,0.1,0.45649568364807147,0.20018660323054474,0.9466184199221233,4,-0.20131817918517436,447.1,6.8,38.6
0.297,0.302,U10,U10,6.0,6.0,SSPG,SSPG,0.1,0.4564956842532516,0.20018662066752482,0.9466183323419872,0,-0.20131817847276823,447.1,6.8,38.6
0.297,0.302,U10,U10,6.0,6.0,SSPG,SSPG,0.1,0.4564956836872457,0.2001866042218782,0.9466184148852599,1,-0.20131817875017521,447.1,6.8,38.6
0.297,0.302,U10,U10,6.0,6.0,SSPG,SSPG,0.1,0.4564956835940037,0.20018660156641052,0.9466184281991192,4,-0.2013181787714693,447.1,6.8,38.6
0.297,0.302,U10,U10,6.0,6.0,SSPG,SSPG,0.1,0.45649568385874906,0.2001866101509495,0.9466183850307357,6,-0.20131817899031468,447.1,6.8,38.6
0.297,0.302,U10,U10,6.0,6.0,SSPG,SSPG,0.1,0.45649568396798634,0.20018661207720334,0.9466183755350399,7,-0.20131817873208346,447.1,6.8,38.6
0.297,0.302,U10,U10,6.0,6.0,SSPG,SSPG,0.1,0.45649568411642455,0.20018661720377068,0.9466183496702576,7,-0.20131817869057755,447.1,6.8,38.6
0.297,0.302,U10,U10,6.0,6.0,SSPG,SSPG,0.1,0.4564956838008885,0.20018660768177254,0.9466183975477938,6,-0.20131817896123705,447.1,6.8,38.6
0.297,0.302,U10,U10,6.0,6.0,SSPG,SSPG,0.1,0.45649568375261756,0.20018660676940678,0.9466184020690975,3,-0.20131817911221006,447.1,6.8,38.6
0.297,0.302,U10,U10,6.0,6.0,SSPG,SSPG,0.1,0.4564956838620476,0.20018661002473018,0.9466183857015515,7,-0.20131817898402682,447.1,6.8,38.6
0.297,0.302,U10,U10,6.0,6.0,SSPG,SSPG,0.1,0.4564956837307139,0.20018660511438888,0.9466184104941653,5,-0.20131817884757774,447.1,6.8,38.6
0.297,0.302,U10,U10,6.0,6.0,SSPG,SSPG,0.1,0.4564956837197248,0.20018660552327164,0.9466184083657305,7,-0.2013181790899803,447.1,6.8,38.6
0.297,0.302,U10,U10,6.0,6.0,SSPG,SSPG,0.1,0.45649568352988706,0.200186600551179,0.946618433277806,2,-0.2013181794237897,447.1,6.8,38.6
0.297,0.302,U10,U10,6.0,6.0,SSPG,SSPG,0.1,0.45649568327982626,0.20018659315640233,0.9466184704076812,3,-0.20131817950828346,447.1,6.8,38.6
0.297,0.302,U10,U10,6.0,6.0,SSPG,SSPG,0.1,0.4564956832985447,0.2001865939578936,0.9466184663337067,2,-0.20131817946663322,447.1,6.8,38.6
0.297,0.302,U10,U10,6.0,6.0,SSPG,SSPG,0.1,0.4564956830771231,0.200186587287222,0.9466184998847043,5,-0.20131817971440702,447.1,6.8,38.6
0.297,0.302,U10,U10,6.0,6.0,SSPG,SSPG,0.1,0.4564956827735883,0.2001865791907242,0.9466185404130654,3,-0.2013181799370738,447.1,6.8,38.6
0.297,0.302,U10,U10,6.0,6.0,SSPG,SSPG,0.1,0.4564956828329091,0.20018658085147045,0.94661853211259,0,-0.20131818002449053,447.1,6.8,38.6
0.297,0.302,U10,U10,6.0,6.0,SSPG,SSPG,0.1,0.4564956825798705,0.20018657253246216,0.9466185740032018,0,-0.20131818000222967,447.1,6.8,38.6
0.297,0.302,U10,U10,6.0,6.0,SSPG,SSPG,0.1,0.4564956827319903,0.20018657638252468,0.946618554749016,6,-0.20131817979144095,447.1,6.8,38.6
0.297,0.302,U10,U10,6.0,6.0,SSPG,SSPG,0.1,0.4564956824677354,0.2001865704440611,0.9466185843441184,3,-0.20131818034812454,447.1,6.8,38.6
0.297,0.302,U10,U10,6.0,6.0,SSPG,SSPG,0.1,0.456495682388551,0.20018656764159481,0.9466185984739774,3,-0.20131818027809967,447.1,6.8,38.6
0.297,0.302,U10,U10,6.0,6.0,SSPG,SSPG,0.1,0.45649568254565664,0.20018657241038476,0.9466185744940763,1,-0.201318180155742,447.1,6.8,38.6
0.297,0.302,U10,U10,6.0,6.0,SSPG,SSPG,0.1,0.45649568162510235,0.2001865464178376,0.9466187048759944,1,-0.20131818085377695,447.1,6.8,38.6
0.297,0.302,U10,U10,6.0,6.0,SSPG,SSPG,0.1,0.4564956816714181,0.20018654793732021,0.9466186972580535,3,-0.20131818101621501,447.1,6.8,38.6
0.297,0.302,U10,U10,6.0,6.0,SSPG,SSPG,0.1,0.45649568164627985,0.20018654588467166,0.9466187077182422,0,-0.20131818069075935,447.1,6.8,38.6
0.297,0.302,U10,U10,6.0,6.0,SSPG,SSPG,0.1,0.4564956819335514,0.20018655487100903,0.9466186625258897,6,-0.20131818065427076,447.1,6.8,38.6
0.297,0.302,U10,U10,6.0,6.0,SSPG,SSPG,0.1,0.4564956813886728,0.2001865386429365,0.9466187440075764,4,-0.20131818073945507,447.1,6.8,38.6
0.297,0.302,U10,U10,6.0,6.0,SSPG,SSPG,0.1,0.45649568130785534,0.20018653748374332,0.9466187496999128,1,-0.20131818115925082,447.1,6.8,38.6
0.297,0.302,U10,U10,6.0,6.0,SSPG,SSPG,0.1,0.456495680813624,0.20018652294882539,0.9466188227178853,2,-0.2013181815688645,447.1,6.8,38.6
0.297,0.302,U10,U10,6.0,6.0,SSPG,SSPG,0.1,0.4564956801338026,0.20018650346835484,0.9466189204546405,0,-0.20131818194115603,447.1,6.8,38.6
0.297,0.302,U10,U10,6.0,6.0,SSPG,SSPG,0.1,0.45649567995666407,0.200186498700657,0.9466189443724256,1,-0.20131818228422071,447.1,6.8,38.6
0.297,0.302,U10,U10,6.0,6.0,SSPG,SSPG,0.1,0.45649567825198634,0.20018644899872332,0.946619193947186,4,-0.20131818352066722,447.1,6.8,38.6
0.297,0.302,U10,U10,6.0,6.0,SSPG,SSPG,0.1,0.45649567782404676,0.20018643596612368,0.9466192594459368,5,-0.20131818364840282,447.1,6.8,38.6
0.297,0.302,U10,U10,6.0,6.0,SSPG,SSPG,0.1,0.45649567738700625,0.20018642305372014,0.946619324302314,4,-0.20131818391126366,447.1,6.8,38.6
0.297,0.302,U10,U10,6.0,6.0,SSPG,SSPG,0.1,0.4564956770013977,0.20018641141348575,0.9466193828230631,3,-0.20131818420317504,447.1,6.8,38.6
0.297,0.302,U10,U10,6.0,6.0,SSPG,SSPG,0.1,0.4564956756092158,0.20018637074047174,0.9466195869698915,0,-0.20131818471396823,447.1,6.8,38.6
0.297,0.302,U10,U10,6.0,6.0,SSPG,SSPG,0.1,0.456495676089171,0.20018638709948855,0.9466195045385382,0,-0.20131818492630726,447.1,6.8,38.6
0.297,0.302,U10,U10,6.0,6.0,SSPG,SSPG,0.1,0.4564956752128594,0.20018636149571464,0.9466196331401324,5,-0.20131818568150406,447.1,6.8,38.6
0.297,0.302,U10,U10,6.0,6.0,SSPG,SSPG,0.1,0.45649567460687973,0.2001863439937125,0.9466197209025862,0,-0.2013181856675783,447.1,6.8,38.6
0.297,0.302,U10,U10,6.0,6.0,SSPG,SSPG,0.1,0.45649567736290203,0.20018642361223432,0.9466193212177347,3,-0.20131818361400677,447.1,6.8,38.6
0.297,0.302,U10,U10,6.0,6.0,SSPG,SSPG,0.1,0.4564956748984339,0.20018635425614717,0.9466196691403965,6,-0.20131818579045824,447.1,6.8,38.6
0.297,0.302,U10,U10,6.0,6.0,SSPG,SSPG,0.1,0.4564956741734968,0.2001863322028893,0.9466197801306921,6,-0.20131818677498048,447.1,6.8,38.6
0.297,0.302,U10,U10,6.0,6.0,SSPG,SSPG,0.1,0.45649567372536587,0.20018631882748997,0.9466198473277618,5,-0.20131818700768855,447.1,6.8,38.6
0.297,0.302,U10,U10,6.0,6.0,SSPG,SSPG,0.1,0.4564956742236683,0.20018633451932424,0.9466197683250659,4,-0.20131818660112,447.1,6.8,38.6
0.297,0.302,U10,U10,6.0,6.0,SSPG,SSPG,0.1,0.45649567367634064,0.20018631943737572,0.9466198439232141,5,-0.20131818706645221,447.1,6.8,38.6
0.297,0.302,U10,U10,6.0,6.0,SSPG,SSPG,0.1,0.45649567268451974,0.20018629125807857,0.9466199853543431,3,-0.20131818805671298,447.1,6.8,38.6
0.297,0.302,U10,U10,6.0,6.0,SSPG,SSPG,0.1,0.45649567297883475,0.20018629863737203,0.946619948449201,0,-0.2013181875791119,447.1,6.8,38.6
0.297,0.302,U10,U10,6.0,6.0,SSPG,SSPG,0.1,0.4564956713562829,0.20018625241507046,0.9466201804099947,2,-0.20131818896426834,447.1,6.8,38.6
0.297,0.302,U10,U10,6.0,6.0,SSPG,SSPG,0.1,0.4564956707408997,0.20018623482871775,0.9466202686829384,1,-0.20131818953000247,447.1,6.8,38.6
0.297,0.302,U10,U10,6.0,6.0,SSPG,SSPG,0.1,0.45649566982515266,0.20018620804493176,0.9466204032002596,0,-0.2013181902427763,447.1,6.8,38.6
0.297,0.302,U10,U10,6.0,6.0,SSPG,SSPG,0.1,0.4564956683576168,0.20018616713207985,0.9466206083339848,7,-0.20131819136306772,447.1,6.8,38.6
0.297,0.302,U10,U10,6.0,6.0,SSPG,SSPG,0.1,0.45649567009559594,0.20018621791301974,0.9466203534272832,2,-0.2013181906051904,447.1,6.8,38.6
0.297,0.302,U10,U10,6.0,6.0,SSPG,SSPG,0.1,0.45649566856616985,0.20018617361211985,0.9466205758430433,3,-0.20131819176959276,447.1,6.8,38.6
0.297,0.302,U10,U10,6.0,6.0,SSPG,SSPG,0.1,0.456495668605381,0.20018617469703365,0.9466205703461124,2,-0.20131819145747043,447.1,6.8,38.6
0.297,0.302,U10,U10,6.0,6.0,SSPG,SSPG,0.1,0.4564956682023992,0.2001861603259871,0.946620642897829,0,-0.2013181914738138,447.1,6.8,38.6
0.297,0.302,U10,U10,6.0,6.0,SSPG,SSPG,0.1,0.4564956690920555,0.2001861878917869,0.9466205042657108,3,-0.20131819113766092,447.1,6.8,38.6
0.297,0.302,U10,U10,6.0,6.0,SSPG,SSPG,0.1,0.456495668697648,0.2001861742282242,0.9466205730984383,1,-0.20131819072209867,447.1,6.8,38.6
0.297,0.302,U10,U10,6.0,6.0,SSPG,SSPG,0.1,0.45649566892518995,0.20018617974113864,0.9466205455065464,1,-0.2013181900768939,447.1,6.8,38.6
0.297,0.302,U10,U10,6.0,6.0,SSPG,SSPG,0.1,0.4564956671834942,0.2001861289665642,0.9466208005609635,4,-0.201318191794706,447.1,6.8,38.6
0.297,0.302,U10,U10,6.0,6.0,SSPG,SSPG,0.1,0.45649566785754947,0.2001861476861214,0.946620706666673,5,-0.20131819104580284,447.1,6.8,38.6
0.297,0.302,U10,U10,6.0,6.0,SSPG,SSPG,0.1,0.4564956670625553,0.20018612617222215,0.94662081432647,4,-0.2013181912019042,447.1,6.8,38.6
0.297,0.302,U10,U10,6.0,6.0,SSPG,SSPG,0.1,0.4564956673196586,0.20018613252099662,0.9466207827038278,6,-0.20131819131392703,447.1,6.8,38.6
0.297,0.302,U10,U10,6.0,6.0,SSPG,SSPG,0.1,0.4564956657596596,0.20018608958446818,0.9466209979813476,2,-0.20131819296443432,447.1,6.8,38.6
0.297,0.302,U10,U10,6.0,6.0,SSPG,SSPG,0.1,0.45649566527474505,0.2001860754447895,0.9466210690158103,5,-0.20131819347386237,447.1,6.8,38.6
0.297,0.302,U10,U10,6.0,6.0,SSPG,SSPG,0.1,0.45649566663373276,0.20018611785483906,0.9466208556425357,4,-0.20131819277602947,447.1,6.8,38.6
0.297,0.302,U10,U10,6.0,6.0,SSPG,SSPG,0.1,0.45649566565079547,0.20018608507626634,0.9466210207736925,7,-0.20131819269641849,447.1,6.8,38.6
0.297,0.302,U10,U10,6.0,6.0,SSPG,SSPG,0.1,0.45649566579722234,0.20018609151576947,0.9466209880462366,6,-0.2013181924806955,447.1,6.8,38.6
0.297,0.302,U10,U10,6.0,6.0,SSPG,SSPG,0.1,0.4564956636680476,0.20018603107718574,0.9466212914055347,1,-0.20131819474654788,447.1,6.8,38.6
0.297,0.302,U10,U10,6.0,6.0,SSPG,SSPG,0.1,0.4564956637108447,0.20018603403936092,0.9466212763492767,0,-0.20131819524274475,447.1,6.8,38.6
0.297,0.302,U10,U10,6.0,6.0,SSPG,SSPG,0.1,0.45649566445662293,0.2001860547481611,0.9466211724399005,4,-0.2013181942323663,447.1,6.8,38.6
0.297,0.302,U10,U10,6.0,6.0,SSPG,SSPG,0.1,0.4564956634430233,0.20018602726617396,0.9466213101823158,4,-0.2013181954277785,447.1,6.8,38.6
0.297,0.302,U10,U10,6.0,6.0,SSPG,SSPG,0.1,0.45649566280505854,0.20018600678398496,0.9466214133905155,1,-0.2013181960744319,447.1,6.8,38.6
0.297,0.302,U10,U10,6.0,6.0,SSPG,SSPG,0.1,0.4564956621852412,0.20018599239045864,0.9466214852120638,2,-0.20131819734607692,447.1,6.8,38.6
0.297,0.302,U10,U10,6.0,6.0,SSPG,SSPG,0.1,0.4564956620890455,0.2001859881854546,0.9466215064840098,1,-0.20131819702485876,447.1,6.8,38.6
0.297,0.302,U10,U10,6.0,6.0,SSPG,SSPG,0.1,0.4564956617481717,0.20018597592355844,0.9466215682970409,5,-0.2013181965300599,447.1,6.8,38.6
0.297,0.302,U10,U10,6.0,6.0,SSPG,SSPG,0.1,0.45649566269113157,0.20018600334817813,0.9466214306595173,4,-0.20131819614226476,447.1,6.8,38.6
0.297,0.302,U10,U10,6.0,6.0,SSPG,SSPG,0.1,0.4564956611717643,0.20018595973743503,0.9466216495333901,6,-0.20131819725700772,447.1,6.8,38.6
0.297,0.302,U10,U10,6.0,6.0,SSPG,SSPG,0.1,0.4564956622446803,0.20018598998370501,0.9466214976032554,3,-0.2013181953889367,447.1,6.8,38.6
0.297,0.302,U10,U10,6.0,6.0,SSPG,SSPG,0.1,0.4564956597034623,0.2001859195832947,0.9466218507797088,1,-0.2013181986433592,447.1,6.8,38.6
0.297,0.302,U10,U10,6.0,6.0,SSPG,SSPG,0.1,0.45649565936963965,0.2001859087026717,0.9466219056090268,6,-0.20131819887506275,447.1,6.8,38.6
0.297,0.302,U10,U10,6.0,6.0,SSPG,SSPG,0.1,0.45649565838750183,0.2001858805489607,0.9466220469073869,6,-0.20131819962779485,447.1,6.8,38.6
0.297,0.302,U10,U10,6.0,6.0,SSPG,SSPG,0.1,0.4564956576666256,0.20018585960269525,0.9466221519063258,5,-0.20131819933823403,447.1,6.8,38.6
0.297,0.302,U10,U10,6.0,6.0,SSPG,SSPG,0.1,0.4564956573019546,0.20018585034113126,0.9466221984306249,0,-0.20131820080970675,447.1,6.8,38.6
0.297,0.302,U10,U10,6.0,6.0,SSPG,SSPG,0.1,0.45649565689489313,0.20018583837605358,0.9466222581979404,2,-0.20131819951464847,447.1,6.8,38.6
0.297,0.302,U10,U10,6.0,6.0,SSPG,SSPG,0.1,0.4564956576820133,0.20018586331934238,0.9466221328962052,5,-0.20131820032962677,447.1,6.8,38.6
0.297,0.302,U10,U10,6.0,6.0,SSPG,SSPG,0.1,0.45649565672844566,0.20018583598041328,0.9466222699433824,3,-0.2013182002788234,447.1,6.8,38.6
0.297,0.302,U10,U10,6.0,6.0,SSPG,SSPG,0.1,0.4564956557996416,0.20018580900294114,0.9466224053970351,3,-0.20131820097970277,447.1,6.8,38.6
0.297,0.302,U10,U10,6.0,6.0,SSPG,SSPG,0.1,0.4564956545281131,0.20018577366341417,0.9466225825485499,6,-0.20131820186058302,447.1,6.8,38.6
0.297,0.302,U10,U10,6.0,6.0,SSPG,SSPG,0.1,0.4564956535618919,0.20018574447461854,0.9466227295469634,4,-0.20131820379085452,447.1,6.8,38.6
0.297,0.302,U10,U10,6.0,6.0,SSPG,SSPG,0.1,0.45649565370154843,0.20018574887169874,0.9466227073468283,6,-0.2013182033763279,447.1,6.8,38.6
0.297,0.302,U10,U10,6.0,6.0,SSPG,SSPG,0.1,0.4564956539557141,0.20018575835263186,0.946622659612439,3,-0.20131820427622094,447.1,6.8,38.6
0.297,0.302,U10,U10,6.0,6.0,SSPG,SSPG,0.1,0.4564956541051877,0.2001857625926704,0.9466226378601683,3,-0.20131820185496574,447.1,6.8,38.6
0.297,0.302,U10,U10,6.0,6.0,SSPG,SSPG,0.1,0.4564956533968293,0.20018574050022972,0.9466227492424353,5,-0.20131820333841333,447.1,6.8,38.6
0.297,0.302,U10,U10,6.0,6.0,SSPG,SSPG,0.1,0.4564956555279782,0.20018580008641176,0.9466224504877196,3,-0.2013182018858295,447.1,6.8,38.6
0.297,0.302,U10,U10,6.0,6.0,SSPG,SSPG,0.1,0.4564956533297937,0.2001857389012218,0.9466227571297643,4,-0.20131820299533532,447.1,6.8,38.6
0.297,0.302,U10,U10,6.0,6.0,SSPG,SSPG,0.1,0.45649565184285795,0.20018569699355795,0.946622967560113,0,-0.20131820522633914,447.1,6.8,38.6
0.297,0.302,U10,U10,6.0,6.0,SSPG,SSPG,0.1,0.4564956518008825,0.20018569585363885,0.9466229732219964,0,-0.20131820502684583,447.1,6.8,38.6
0.297,0.302,U10,U10,6.0,6.0,SSPG,SSPG,0.1,0.4564956516000287,0.20018568891245056,0.9466230083090239,5,-0.2013182054020568,447.1,6.8,38.6
0.297,0.302,U10,U10,6.0,6.0,SSPG,SSPG,0.1,0.45649564977573576,0.20018563781177173,0.946623264628117,6,-0.20131820708986092,447.1,6.8,38.6
0.297,0.302,U10,U10,6.0,6.0,SSPG,SSPG,0.1,0.4564956492769069,0.20018562136528797,0.9466233474128676,2,-0.20131820685705248,447.1,6.8,38.6
0.297,0.302,U10,U10,6.0,6.0,SSPG,SSPG,0.1,0.45649564788071745,0.20018558034160733,0.9466235535446192,3,-0.20131820825619462,447.1,6.8,38.6
0.297,0.302,U10,U10,6.0,6.0,SSPG,SSPG,0.1,0.45649564822844996,0.20018559208052927,0.9466234943521745,3,-0.20131820812869128,447.1,6.8,38.6
0.297,0.302,U10,U10,6.0,6.0,SSPG,SSPG,0.1,0.4564956474773886,0.20018556757548162,0.9466236176950118,2,-0.20131820794786393,447.1,6.8,38.6
0.297,0.302,U10,U10,6.0,6.0,SSPG,SSPG,0.1,0.45649564757500793,0.20018557430745068,0.9466235834552243,4,-0.20131820895970431,447.1,6.8,38.6
0.297,0.302,U10,U10,6.0,6.0,SSPG,SSPG,0.1,0.45649564575223,0.2001855165265023,0.946623874135915,1,-0.20131820907631948,447.1,6.8,38.6
0.297,0.302,U10,U10,6.0,6.0,SSPG,SSPG,0.1,0.45649564737720816,0.20018556579724156,0.946623626419608,1,-0.20131820797084377,447.1,6.8,38.6
0.297,0.302,U10,U10,6.0,6.0,SSPG,SSPG,0.1,0.4564956467439176,0.2001855494143257,0.9466237084813378,5,-0.20131820915142606,447.1,6.8,38.6
0.297,0.302,U10,U10,6.0,6.0,SSPG,SSPG,0.1,0.4564956454609288,0.20018551026494996,0.9466239052679009,0,-0.2013182096222912,447.1,6.8,38.6
0.297,0.302,U10,U10,6.0,6.0,SSPG,SSPG,0.1,0.4564956448709357,0.2001854939857551,0.9466239868283055,5,-0.2013182099181301,447.1,6.8,38.6
0.297,0.302,U10,U10,6.0,6.0,SSPG,SSPG,0.1,0.45649564230463735,0.20018542095559833,0.9466243533252583,1,-0.20131821219337898,447.1,6.8,38.6
0.297,0.302,U10,U10,6.0,6.0,SSPG,SSPG,0.1,0.45649564142222887,0.20018539490015946,0.946624484309663,3,-0.20131821328063815,447.1,6.8,38.6
0.297,0.302,U10,U10,6.0,6.0,SSPG,SSPG,0.1,0.456495642042854,0.20018541258131703,0.946624395316197,0,-0.20131821148899665,447.1,6.8,38.6
0.297,0.302,U10,U10,6.0,6.0,SSPG,SSPG,0.1,0.4564956394277273,0.20018533663530017,0.9466247767687386,4,-0.20131821408788486,447.1,6.8,38.6
0.297,0.302,U10,U10,6.0,6.0,SSPG,SSPG,0.1,0.456495638913049,0.200185322174855,0.9466248493125216,2,-0.20131821457869892,447.1,6.8,38.6
0.297,0.302,U10,U10,6.0,6.0,SSPG,SSPG,0.1,0.45649564094147965,0.20018538446726658,0.9466245357082359,7,-0.20131821180392473,447.1,6.8,38.6
0.297,0.302,U10,U10,6.0,6.0,SSPG,SSPG,0.1,0.4564956384127268,0.20018530687668756,0.9466249259585968,7,-0.20131821353118617,447.1,6.8,38.6
0.297,0.302,U10,U10,6.0,6.0,SSPG,SSPG,0.1,0.4564956366190882,0.20018525669309575,0.946625177910533,1,-0.20131821635910452,447.1,6.8,38.6
0.297,0.302,U10,U10,6.0,6.0,SSPG,SSPG,0.1,0.4564956366697843,0.2001852597542227,0.9466251620200921,6,-0.20131821512127468,447.1,6.8,38.6
0.297,0.302,U10,U10,6.0,6.0,SSPG,SSPG,0.1,0.4564956352015622,0.20018521801860062,0.9466253713593726,7,-0.20131821594164823,447.1,6.8,38.6
0.297,0.302,U10,U10,6.0,6.0,SSPG,SSPG,0.1,0.4564956345890323,0.20018520006586274,0.9466254616167644,4,-0.20131821683294993,447.1,6.8,38.6
0.297,0.302,U10,U10,6.0,6.0,SSPG,SSPG,0.1,0.45649563305214724,0.2001851571123529,0.9466256770991528,0,-0.20131821847647968,447.1,6.8,38.6
0.297,0.302,U10,U10,6.0,6.0,SSPG,SSPG,0.1,0.4564956318940768,0.20018512350633758,0.9466258462212296,0,-0.20131822123294363,447.1,6.8,38.6
0.297,0.302,U10,U10,6.0,6.0,SSPG,SSPG,0.1,0.4564956323386195,0.20018514011593808,0.9466257619800005,1,-0.2013182198692447,447.1,6.8,38.6
0.297,0.302,U10,U10,6.0,6.0,SSPG,SSPG,0.1,0.45649563236134516,0.20018513859600956,0.9466257703002996,6,-0.2013182213753386,447.1,6.8,38.6
0.297,0.302,U10,U10,6.0,6.0,SSPG,SSPG,0.1,0.4564956307812039,0.20018509148253538,0.9466260069300452,1,-0.20131822192241833,447.1,6.8,38.6
0.297,0.302,U10,U10,6.0,6.0,SSPG,SSPG,0.1,0.4564956309021433,0.2001850947526435,0.9466259905417269,6,-0.20131822178065972,447.1,6.8,38.6
0.297,0.302,U10,U10,6.0,6.0,SSPG,SSPG,0.1,0.4564956323923372,0.20018513926947537,0.9466257666443765,2,-0.20131821984729736,447.1,6.8,38.6
0.297,0.302,U10,U10,6.0,6.0,SSPG,SSPG,0.1,0.4564956305915425,0.20018508619782618,0.9466260334760652,0,-0.20131822230462193,447.1,6.8,38.6
0.297,0.302,U10,U10,6.0,6.0,SSPG,SSPG,0.1,0.4564956328215608,0.2001851498727967,0.9466257136871112,5,-0.20131821935091665,447.1,6.8,38.6
0.297,0.302,U10,U10,6.0,6.0,SSPG,SSPG,0.1,0.4564956317333838,0.2001851187283742,0.9466258700912116,2,-0.20131822068629424,447.1,6.8,38.6
0.297,0.302,U10,U10,6.0,6.0,SSPG,SSPG,0.1,0.4564956305456911,0.2001850840438071,0.9466260443361603,2,-0.20131822188058512,447.1,6.8,38.6
0.297,0.302,U10,U10,6.0,6.0,SSPG,SSPG,0.1,0.45649563026498513,0.20018507690887502,0.9466260801231869,0,-0.20131822274706668,447.1,6.8,38.6
0.297,0.302,U10,U10,6.0,6.0,SSPG,SSPG,0.1,0.4564956303236825,0.2001850784056677,0.9466260725460587,1,-0.20131822223553053,447.1,6.8,38.6
0.297,0.302,U10,U10,6.0,6.0,SSPG,SSPG,0.1,0.45649563017268446,0.20018507551364617,0.9466260869142058,7,-0.20131822283996215,447.1,6.8,38.6
0.297,0.302,U10,U10,6.0,6.0,SSPG,SSPG,0.1,0.45649562922338205,0.20018504873864285,0.9466262212624228,6,-0.20131822378313968,447.1,6.8,38.6
0.297,0.302,U10,U10,6.0,6.0,SSPG,SSPG,0.1,0.45649562906127145,0.2001850445052101,0.946626242431253,6,-0.2013182238757687,447.1,6.8,38.6
0.297,0.302,U10,U10,6.0,6.0,SSPG,SSPG,0.1,0.45649562981739433,0.20018506469300548,0.9466261413003201,5,-0.20131822296540225,447.1,6.8,38.6
0.297,0.302,U10,U10,6.0,6.0,SSPG,SSPG,0.1,0.45649562903721524,0.20018504528392955,0.9466262383442854,7,-0.20131822425408163,447.1,6.8,38.6
0.297,0.302,U10,U10,6.0,6.0,SSPG,SSPG,0.1,0.45649562818493783,0.20018502074812575,0.9466263615264747,2,-0.2013182250195209,447.1,6.8,38.6
0.297,0.302,U10,U10,6.0,6.0,SSPG,SSPG,0.1,0.4564956275921863,0.20018500336513245,0.9466264488312741,7,-0.20131822545026523,447.1,6.8,38.6
0.297,0.302,U10,U10,6.0,6.0,SSPG,SSPG,0.1,0.4564956266515917,0.2001849768863818,0.9466265816997663,4,-0.20131822645968267,447.1,6.8,38.6
0.297,0.302,U10,U10,6.0,6.0,SSPG,SSPG,0.1,0.4564956273259406,0.20018499665822703,0.9466264823944002,2,-0.2013182259531514,447.1,6.8,38.6
0.297,0.302,U10,U10,6.0,6.0,SSPG,SSPG,0.1,0.45649562668746047,0.2001849798467671,0.9466265665912461,7,-0.20131822683019118,447.1,6.8,38.6
0.297,0.302,U10,U10,6.0,6.0,SSPG,SSPG,0.1,0.45649562599977955,0.20018496068141253,0.94662666265133,2,-0.20131822719958947,447.1,6.8,38.6
0.297,0.302,U10,U10,6.0,6.0,SSPG,SSPG,0.1,0.45649562679071026,0.20018498482551675,0.9466265410481745,6,-0.2013182257567041,447.1,6.8,38.6
0.297,0.302,U10,U10,6.0,6.0,SSPG,SSPG,0.1,0.4564956271251745,0.2001849940299086,0.9466264948951468,4,-0.20131822538478783,447.1,6.8,38.6
0.297,0.302,U10,U10,6.0,6.0,SSPG,SSPG,0.1,0.4564956270589562,0.20018499259065609,0.9466265020473039,3,-0.201318225474322,447.1,6.8,38.6
Time taken (seconds)
2026-06-01 20:15:03
