thigh_length,calf_length,motor_left_name,motor_right_name,gear_left_ratio,gear_right_ratio,gearbox_left,gearbox_right,torso_distance,ik_height,ori_l,ori_theta,best_index,best_cost,ac1,ac2,ac3
0.2438829395766674,0.2404453238811746,MN8014,MN8014,9.293665603002419,9.788700364485411,CPG,CPG,0.10100739196139777,0.3606633141189927,0.5648762955653639,0.40589241457938807,4,0.4954962291680043,550,5,30
0.2797478790158181,0.25947817860495487,U12,VT8020,12.658878450812582,10.628132329958579,CPG,CPG,0.09122173814124986,0.3941018546944979,0.20011561472091272,0.7575714163329645,6,0.798478440102115,550,5,30
0.27261966821130124,0.2674647572644365,MN8014,VT8020,12.71621070025172,9.910500440143174,CPG,CPG,0.08213444341284823,0.389115619445494,0.23718077566221307,0.7035532461226888,0,-0.07530697629619443,550,5,30
0.2667828177310166,0.24782497741290352,MN8014,VT8020,9.847946513351687,9.514742070090168,CPG,CPG,0.08925823753484302,0.381424843038518,0.20965481965276878,0.7330440096257127,2,-0.2301327447019208,550,5,30
0.27399338373468674,0.27214138400413174,MN8014,MAD_M6C12,6.967903880473852,7.711675350212156,SSPG,CPG,0.08340678510810032,0.39679389062159665,0.25215600536776495,0.7652733105008767,5,-0.5552473546589001,550,5,30
0.2530250748876531,0.2887949147651586,MN8014,MN8014,8.851053818722232,8.208646091993552,CPG,CPG,0.10244885531487702,0.4083743341851484,0.2659632201208292,0.5896116844713748,1,-0.7259867671231017,550,5,30
0.22765214260792807,0.26839430267999526,MN8014,MN8014,8.099153585734602,6.868964417037512,CPG,CPG,0.08957314834147805,0.35643455972815774,0.22223675628878034,0.4167879286789138,7,-0.6353608055776707,550,5,30
0.24082844113317484,0.30647474500518507,MN8014,MN8014,7.46977555765774,6.983298862068143,CPG,SSPG,0.09448685400484011,0.4231717007429898,0.28005077502393,0.7654977838453605,0,-0.9600453667021238,550,5,30
0.23376389971945233,0.2911951749907702,MN8014,MN8014,4.323395241260233,8.927305771867797,CPG,CPG,0.08804637447896196,0.3974829664167378,0.30039087127845326,0.3190515375609333,5,-0.46242398388257033,550,5,30
0.22855110647091892,0.2921959203544262,MN8014,MN8014,4.062247530723586,4.648283838587986,SSPG,SSPG,0.10073033321404007,0.38752603705491906,0.2599850269256897,0.5431097128907134,4,-1.1050294624763888,550,5,30
0.23150390040867314,0.32679627148769447,MN8014,MN8014,4.130214812651978,4.609153822201248,SSPG,SSPG,0.08866550100595512,0.41889648196863477,0.32871183436022144,0.567325194983487,0,-0.2970481746972453,550,5,30
0.24491422777054905,0.334007766916555,MN8014,MN8014,6.241581413125392,5.935147649429145,CPG,SSPG,0.10431862989234086,0.3848923373952654,0.2616537422833286,0.7677445802416045,2,-0.925418999533762,550,5,30
0.24491691444800362,0.34095500719964167,MN8014,MN8014,5.754718750795158,8.217368608282761,SSPG,CPG,0.08608143414832282,0.39888460175763485,0.2000019644623534,0.7306432557361653,7,-0.7115196508142967,550,5,30
0.23870157475292436,0.3494993094084863,MN8014,MN8014,4.000543365099913,5.132633653345464,SSPG,SSPG,0.10105286154464332,0.4025012881515605,0.2055487185477886,1.1913676831315025,0,-1.6406061346544956,550,5,30
0.24500938261528726,0.34847825929663684,MN8014,MN8014,4.21307608882354,5.036388811615174,SSPG,SSPG,0.08342720376686226,0.4217762463594508,0.2433236285420057,1.3044537315137417,4,-1.043767184038602,550,5,30
0.24515760727288807,0.3445863112243969,MN8014,MN8014,5.686091002250341,6.648323259735399,SSPG,CPG,0.08401414114715282,0.459662539670197,0.2383710707162123,1.563763188815806,1,-1.3454035136002442,550,5,30
0.23141765657785804,0.3285595872788737,MN8014,MN8014,4.105337600585936,5.438737138811789,SSPG,SSPG,0.09481227225747343,0.5189495924764594,0.24035472753686737,1.5438386248444669,3,0.1296580586827334,550,5,30
0.2267689969112721,0.3243071300621414,MN8014,MN8014,4.153264445736211,8.166085648370016,SSPG,CPG,0.0727743751398804,0.4685292628629443,0.23341560308759635,1.4647544323217678,3,-0.8436317427878901,550,5,30
0.22341880616906556,0.3183553585369535,VT8020,MN8014,4.488144529327746,8.049173923828818,CPG,CPG,0.07428556102837634,0.42845023859659614,0.20280882851613094,1.2619365535380398,7,-0.9305385331160192,550,5,30
0.23017712036700966,0.342597123780107,MN8014,MN8014,4.331953558629112,6.120926814483335,CPG,SSPG,0.07930348178279348,0.47959590611522773,0.22652888922074416,1.4124272324179183,6,-0.868900306277169,550,5,30
0.2472628223490997,0.3388157271921704,MN8014,MN8014,5.467320987086596,7.922785051168606,SSPG,CPG,0.0865480912586733,0.4498190476373436,0.20186091474168513,1.5223906250495283,7,-1.6877655654896913,550,5,30
0.2499606982678322,0.3428501998325298,MN8014,MN8014,4.077417859537284,5.772793239866019,SSPG,SSPG,0.068857836580199,0.4338107343764307,0.28279833150196304,1.1187053206497084,4,-1.189672849525401,550,5,30
0.25695379100394766,0.3336778312673419,MN8014,MN8014,8.018461729559512,8.585049937966932,CPG,CPG,0.09264193738263432,0.4193290746956077,0.21186488720117072,0.9977104089242452,7,-1.144586798929062,550,5,30
0.24713580861722723,0.3499911740970865,MN8014,MN8014,6.710111725627769,8.810407259268356,CPG,CPG,0.08592660826669384,0.45313203059387286,0.2121585340058132,1.306443547301189,3,-1.2175134661035028,550,5,30
0.24194898253671288,0.32133204553500816,MN8014,MN8014,11.74431406031671,8.428414655467137,CPG,CPG,0.07991384264210435,0.4157655916084444,0.20021255423483042,1.3072245935643467,5,-1.2370596998518497,550,5,30
0.23866726792615228,0.3412730991919724,MN8014,MN8014,9.840297342062078,6.571239284640512,CPG,CPG,0.07815074655383258,0.43660311091013737,0.23015435876508128,1.2478768381099252,6,-1.3154811583402584,550,5,30
0.2133553587649167,0.34984840219840624,MN8014,MN8014,7.104684960691582,6.579203207629982,CPG,CPG,0.08368932943625333,0.41316116898320665,0.24642529493140347,1.0657303922326675,0,-1.3390263736112367,550,5,30
0.24323881407707276,0.34028685922679935,MN8014,MN8014,7.598078259161207,6.847252728669375,CPG,CPG,0.0851398207547652,0.3854323637169248,0.21061251798951988,1.391112934296483,4,-0.7119834536547813,550,5,30
0.21709887249591148,0.3402787391893492,MN8014,MN8014,4.418868754016873,4.904589404962015,SSPG,CPG,0.08561797586557907,0.3841230997534869,0.2049129108397949,1.1670860560685696,2,-1.4232386154859196,550,5,30
0.21155593144554402,0.349951664042872,MN8014,MN8014,4.024970369800989,6.642484052485091,SSPG,CPG,0.09268422255089465,0.3769793639860211,0.20614336661087865,1.1675268130183518,0,-1.7469103230780672,550,5,30
0.24016668112509626,0.3450418843213897,MN8014,MN8014,4.641100145981927,8.271430546339538,SSPG,CPG,0.08208156726492759,0.4344311492081134,0.2001448515717092,1.3933858452137704,7,-1.7131546151240595,550,5,30
0.22120652002689806,0.33638306629411635,MN8014,MN8014,4.459807319340151,6.825224058387713,SSPG,CPG,0.08161058741840999,0.41034877283770066,0.20000013829300278,1.2835215563452285,6,-1.8345963828373941,550,5,30
0.22491406403908398,0.34784438885551466,MN8014,MN8014,4.005681364628686,5.991807110728058,SSPG,SSPG,0.07606363127982552,0.39514933502689065,0.20112609467597486,1.1237419576067893,7,-2.0637068331301034,550,5,30
0.23565760441127187,0.3405654728075769,MN8014,MN8014,4.042029632025036,7.028388734684281,SSPG,SSPG,0.0787371247127032,0.4047966890632801,0.2040090350256319,1.1359880774497602,1,-2.044589801278031,550,5,30
0.23720638172510525,0.3301585075233643,MN8014,MN8014,4.497559973393634,7.292820140241543,SSPG,SSPG,0.08168450445406072,0.38991183233933574,0.205631487654301,1.2804956223217467,2,-1.8390321670128156,550,5,30
0.2439530412615081,0.3385793406982288,MN8014,MN8014,4.631072287435225,7.514894575776726,SSPG,CPG,0.0776976779891664,0.39899684492715354,0.20000379576185634,1.1975231567971494,2,-1.9834756068411608,550,5,30
0.22929966583729033,0.3252261641262959,MN8014,MN8014,4.0047057218776425,7.699104034052409,SSPG,CPG,0.07534538593303905,0.39944242136435065,0.20010677676963215,1.230375924567245,7,-1.8936425876777143,550,5,30
0.23706884269547474,0.3456220724815594,MN8014,MN8014,4.160967458902004,7.133636645921973,SSPG,CPG,0.08369460422656744,0.40457839743820523,0.20023966773349156,1.0296118235060474,6,-1.8558877904251156,550,5,30
0.2425081016163384,0.3271112581647426,MN8014,MN8014,4.368342083449352,7.024743711670768,SSPG,SSPG,0.0804660845867429,0.39558749323265385,0.20088743781350366,1.0396744044037902,0,-2.059750203980566,550,5,30
0.23618482347573616,0.3407023813991466,MN8014,MN8014,4.2173058216836,7.223451395232983,SSPG,SSPG,0.07562056001824372,0.40972741769271614,0.20305119342212763,1.2563036937461107,0,-2.1356892806812446,550,5,30
0.23442169491314802,0.34118536373728414,MN8014,MN8014,4.034545280893423,6.950097086903402,SSPG,SSPG,0.07963342004773914,0.3878584626367441,0.20275847555479945,1.068454746279151,3,-2.067121733194475,550,5,30
0.2237796957321173,0.32158960368194284,MN8014,MN8014,4.775765808995505,6.147097190593428,SSPG,SSPG,0.07714233079776764,0.3829665570168218,0.20000309324633728,1.1187116659039855,5,-2.0194313386004925,550,5,30
0.22226849081300604,0.33638949553169306,MN8014,MN8014,4.90943074456642,6.255266860102899,CPG,SSPG,0.08217584166510285,0.3806076649993366,0.2000427778282458,0.9946198259738028,7,-1.9546928695599988,550,5,30
0.2264259817431996,0.33401858679456375,MN8014,MN8014,4.565549085748401,6.137981655798704,SSPG,SSPG,0.07562838237837759,0.38723654346866315,0.2025048337044535,0.9888859671461421,3,-1.9865961433492219,550,5,30
0.2348800639905016,0.336363066164642,MN8014,MN8014,4.283553898208508,6.300752793640504,CPG,SSPG,0.07605907272342007,0.38080360249906153,0.20299834521293947,0.9983056871765159,6,-1.9920648899179012,550,5,30
0.22570676839633103,0.33310091147485893,MN8014,MN8014,5.676941302291089,6.5638825498878015,SSPG,CPG,0.07423201618719909,0.3691674813465867,0.20026970779714687,1.052251134028321,5,-1.8715489144981543,550,5,30
0.22317027322800234,0.3263574730125674,MN8014,MN8014,5.712709630757702,6.14053789963544,SSPG,SSPG,0.0773154480751481,0.3812949557977153,0.20198109484580795,0.9480645510091081,0,-1.995418477290377,550,5,30
0.21972103084402447,0.3479544095512545,MN8014,MN8014,4.82496750933358,5.68891160323298,SSPG,SSPG,0.07806282162518248,0.38872770630591713,0.20032286571348695,1.0152368022448948,2,-1.9867923329660968,550,5,30
0.22781711896580226,0.33178209483885834,MN8014,MN8014,5.219497252798279,6.030862403382843,SSPG,SSPG,0.07416259832109492,0.38443888708137186,0.20684148139188455,1.0443525633350266,3,-1.9706901502235121,550,5,30
0.22768892120884393,0.3308518907080314,MN8014,MN8014,5.412966565068233,6.50244044558378,SSPG,CPG,0.0738616126193173,0.3817766922830372,0.20004151756947422,0.9986265823781899,3,-1.9082632984980545,550,5,30
0.23387352066324713,0.3241856823621366,MN8014,MN8014,4.207328401000221,6.293161959764344,SSPG,SSPG,0.08000675824314693,0.39104134345131564,0.20722580038488037,1.069074156085041,1,-1.9898948763557263,550,5,30
0.23706188943438566,0.3246109066244987,MN8014,MN8014,4.550831526255151,6.331565770390796,SSPG,SSPG,0.0757528895601781,0.3885999793077182,0.20035536222788225,1.1356023941152467,6,-1.9782023979246315,550,5,30
0.237673023169329,0.3242614884064709,MN8014,MN8014,4.221052117837147,7.120295520126147,SSPG,CPG,0.07716426672549404,0.3903352502779729,0.2004103713096842,1.0914891893973042,1,-1.9744710433079806,550,5,30
0.24284493381013017,0.33460646536141286,MN8014,MN8014,4.01168734278412,6.977479193966669,SSPG,SSPG,0.07707537081983842,0.3954127466484423,0.20160700422294167,1.0915181506977492,0,-2.0967716621811565,550,5,30
0.24749503164584033,0.33492803819529016,MN8014,MN8014,4.003968576710377,6.99810315972274,SSPG,SSPG,0.07274297950586946,0.40215057596205867,0.2009440497554045,1.1258210570053153,0,-2.1296816046917293,550,5,30
0.24280615582510845,0.33127529600218447,MN8014,MN8014,4.044202138730352,6.991348002358237,SSPG,SSPG,0.0714698072017746,0.3936336042157894,0.20062811060805918,1.119765009935426,7,-2.1447408554488323,550,5,30
0.2392004577419714,0.33799012912941834,MN8014,MN8014,4.00161144488835,7.182527519919109,SSPG,SSPG,0.07520261645086672,0.3938754898138834,0.20001282102146828,1.234304440931973,7,-2.1439047364003976,550,5,30
0.24701007565906477,0.3399022461887372,MN8014,MN8014,4.1543407009825595,7.180190014839884,SSPG,SSPG,0.07832483658700262,0.3977774732142436,0.2001289257975026,1.2220222299083243,6,-2.169092972093148,550,5,30
0.2521775978767083,0.3390342273633657,MN8014,MN8014,4.012484851160894,7.685582387417348,SSPG,CPG,0.07813399127986295,0.39500014362872504,0.20104063246161702,1.1824673610279182,2,-2.0663423564295,550,5,30
0.24414187672148469,0.34040475923785996,MN8014,MN8014,4.001037862163339,7.230250683248741,SSPG,SSPG,0.07906790586701125,0.3924740298323777,0.20045443918433922,1.0747622877710472,5,-2.1039995135874605,550,5,30
0.24203276369430454,0.331617538764429,MN8014,MN8014,4.042952027160536,7.036690519835047,SSPG,SSPG,0.07633106907886285,0.39147368853582865,0.205596101136942,1.0918090303021315,5,-2.1197985185362302,550,5,30
0.25293553412093056,0.3393500620667834,MN8014,MN8014,4.236829614753154,7.586915691283442,SSPG,CPG,0.07736932577536204,0.3924728011247534,0.20188593593838633,1.19093161955636,4,-1.9434658964788518,550,5,30
0.24906256666837068,0.3362162934804522,MN8014,MN8014,4.3751515418502445,7.732208486679609,SSPG,CPG,0.07955155259386905,0.38602204927622286,0.20213695022881503,1.138663909891814,4,-1.984538601639903,550,5,30
0.24901826447124442,0.3409204944631142,MN8014,MN8014,4.399545708925931,7.888953681221841,SSPG,CPG,0.07680895487806344,0.3907111984127269,0.2001120283607463,1.1483712925268175,0,-2.060066680447422,550,5,30
0.25079134807410586,0.3458562086130094,MN8014,MN8014,4.824116490633361,7.711897534692798,SSPG,CPG,0.07933793564769161,0.39293225142612065,0.20074988640144154,1.1669212099026414,0,-2.0474372548047377,550,5,30
0.25714370052406865,0.3416785608908691,MN8014,MN8014,4.404110257072973,8.229849198542443,SSPG,CPG,0.07691177245106234,0.39211863700363325,0.20421734465408467,1.1407053313467599,6,-2.0375200852206667,550,5,30
0.24997167259369207,0.33112854125027447,MN8014,MN8014,4.329586043213346,7.239838626090529,CPG,SSPG,0.07925335428651151,0.3946851729291819,0.20026562069824824,1.1958279626356725,3,-2.082788526680039,550,5,30
0.2498818833382221,0.33263045822813747,MN8014,MN8014,4.549537572512781,7.179909740734639,SSPG,SSPG,0.0793224332684807,0.39429888628625026,0.2010942754168067,1.175893945659097,1,-2.1195479395978705,550,5,30
0.25608650700198354,0.3410321077999838,MN8014,MN8014,5.129466000682187,7.830888839708102,SSPG,CPG,0.07993159025808148,0.40121351981092074,0.20000008543700185,1.2498980042205337,2,-2.0346287351248264,550,5,30
0.24825818919160453,0.3316599598236994,MN8014,MN8014,4.386613882541386,7.346812173753108,SSPG,SSPG,0.08075337380377792,0.399808428427024,0.20000731142922729,1.2506341018646587,7,-2.1557426207881836,550,5,30
0.2465434987622846,0.33566834120029143,MN8014,MN8014,4.355608536496281,7.390606898682588,SSPG,CPG,0.07871977197851047,0.4003800771025167,0.2001573141653567,1.230847980469255,5,-2.014308440629323,550,5,30
0.2434470094673477,0.3351765639996317,MN8014,MN8014,4.293709909565284,7.348037252477151,CPG,SSPG,0.07955174826238456,0.39915511098852907,0.20077517044778215,1.2436785293648835,1,-2.1253098557339385,550,5,30
0.23968380583706408,0.33610167700772237,MN8014,MN8014,4.163253571135339,7.182848454993836,SSPG,SSPG,0.08154878782840463,0.3997675802857448,0.201604106860173,1.2131337814328251,5,-2.125163371993704,550,5,30
0.24285982253041044,0.33413194634918375,MN8014,MN8014,4.453963960307354,7.195125383535842,SSPG,SSPG,0.08227709074764082,0.3997962069864086,0.20122331231508328,1.2479558684180136,7,-2.0888155446217365,550,5,30
0.24430744393411305,0.33173417748420825,MN8014,MN8014,4.27117876948151,7.346108789536098,CPG,SSPG,0.07933493026777118,0.3995021632649418,0.2005327358178428,1.2350578573618427,4,-2.119596570367074,550,5,30
0.24229975565044004,0.3409447418357925,MN8014,MN8014,4.3710190923660734,7.013092373202891,SSPG,SSPG,0.08060156566740088,0.39911445031715026,0.20005139801717986,1.1851266279178487,2,-2.177425184231293,550,5,30
0.24132317369357995,0.3386593427533112,MN8014,MN8014,4.160933538587827,7.016041479267507,SSPG,SSPG,0.07965903769660117,0.40043241699008525,0.20019441108099562,1.223215660954044,3,-2.163779683099696,550,5,30
0.24420565032884162,0.34624897246337816,MN8014,MN8014,4.375590050627358,7.2499668320759785,SSPG,SSPG,0.08026206777127552,0.39731803029466506,0.2001674124582422,1.1827998328339144,1,-2.1716921174957733,550,5,30
0.24380132744475605,0.34646799444100523,MN8014,MN8014,4.1823422998560815,7.192133987588767,SSPG,SSPG,0.07857729379691175,0.39984152025871444,0.20000768137577168,1.2161189430060522,5,-2.202353238675622,550,5,30
0.24694991280991624,0.34709585385709796,MN8014,MN8014,4.232175328578709,7.151369184473653,SSPG,SSPG,0.07949948453104556,0.39841208888641166,0.20145767838554046,1.192943933397212,2,-2.194791181468924,550,5,30
0.24656922629078107,0.3476800972681139,MN8014,MN8014,4.389201340326452,7.2586584847793905,SSPG,SSPG,0.08001375268106206,0.40022222399502455,0.20165898253025893,1.1646180343255361,4,-2.1931420482191655,550,5,30
0.2436308989893746,0.3483450771040065,MN8014,MN8014,4.350597385866837,7.290296403942529,SSPG,SSPG,0.07768092062087184,0.4008082481469103,0.20546560140515166,1.1720356247547552,6,-2.186065866083217,550,5,30
0.24554467287571635,0.345403153992518,MN8014,MN8014,4.434576210967696,7.249546675403433,SSPG,SSPG,0.07858330686667504,0.40743026198687315,0.20413395084184444,1.2748164993118527,0,-2.1684348412988452,550,5,30
0.2418295424769506,0.34593127894097386,MN8014,MN8014,4.269690197346643,7.268250649160038,CPG,SSPG,0.07814266999416188,0.40736944655855356,0.20852200347381894,1.2649432766784687,7,-2.1057630076770497,550,5,30
0.24945544658287422,0.3484637421694976,MN8014,MN8014,4.8013658455342805,7.319041906216041,SSPG,SSPG,0.07865585543958732,0.40747528291894586,0.20668221672115938,1.270881312961126,3,-2.1577448008605042,550,5,30
0.2471871357374507,0.34643671694249434,MN8014,MN8014,4.428364147626865,7.178941983693765,SSPG,SSPG,0.07975624759742135,0.4032914387110859,0.20502274762309705,1.2572193261110076,2,-2.1705381859511608,550,5,30
0.24818127137909007,0.3463898629741484,MN8014,MN8014,4.4082992430792585,7.302051276123634,SSPG,SSPG,0.07834858334572684,0.4007791141480328,0.20833575843551827,1.1861032102303928,0,-2.121574948763593,550,5,30
0.24334002758245077,0.34675700439950496,MN8014,MN8014,4.383040365044182,7.0193152512238015,SSPG,SSPG,0.07906810297699851,0.39560141460229326,0.20195537033386096,1.1260688818908644,6,-2.1922227353093833,550,5,30
0.25235249983709696,0.3449690080881149,MN8014,MN8014,4.590813804712489,7.175875634251713,SSPG,SSPG,0.07735649942947251,0.3983944566919891,0.20136836146395645,1.1272649545095486,6,-2.1385278328451953,550,5,30
0.2540347576250182,0.34336825172800844,MN8014,MN8014,4.540972893848659,7.228016476545994,SSPG,SSPG,0.0768140815169352,0.40060833632366527,0.20024815899944823,1.1821011236474588,1,-2.185037058665669,550,5,30
0.25233556930182466,0.34650214717696953,MN8014,MN8014,4.44555055312565,7.093006194843111,SSPG,CPG,0.07778298120590635,0.3999516128227104,0.20203013339921025,1.1529143851269419,7,-2.1268659035759248,550,5,30
0.24974928858344608,0.34445438635621917,MN8014,MN8014,4.471209567254165,7.276904198043367,SSPG,SSPG,0.07802474821921768,0.3968241735111768,0.20148685011953393,1.1638140823380954,3,-2.1738867936974895,550,5,30
0.2507604003609656,0.3453315516486002,MN8014,MN8014,4.7831209012413956,7.326892270563457,SSPG,SSPG,0.07845170831712235,0.4001793383709833,0.20541329233954436,1.143846306034805,3,-2.199703870715572,550,5,30
0.2482513181865769,0.3398438445559275,MN8014,MN8014,4.356016798065314,7.224001872687966,SSPG,SSPG,0.07819910078725266,0.39168019764732265,0.20128916404403072,1.1003011422899869,1,-2.1281385176186696,550,5,30
0.24822577491165568,0.34560286412900926,MN8014,MN8014,4.427531008586815,7.210083792637108,SSPG,SSPG,0.07858278835579367,0.39325731010160897,0.20230773042611408,1.1429610738274096,3,-2.2102774780569927,550,5,30
0.24786606301444952,0.3468223068664655,MN8014,MN8014,4.209006060639771,7.217292319533488,SSPG,SSPG,0.07765965261574993,0.3872019778856256,0.20116643604713805,1.067840707249363,5,-2.166525107642645,550,5,30
0.24764199360826433,0.3483889558335438,MN8014,MN8014,4.183806006973038,7.15489183691634,SSPG,SSPG,0.07764947205896097,0.39177273976678517,0.20321186075753356,1.1282176904234684,4,-2.166495811455217,550,5,30
0.2473264496489541,0.34945804976501127,MN8014,MN8014,4.484392150365194,7.097082480515642,SSPG,CPG,0.07852736811874073,0.3965229357020169,0.20251755047709882,1.1662288812000465,5,-2.100867084199538,550,5,30
0.25108875320079665,0.3496945998568687,MN8014,MN8014,4.614935265029436,7.160221208581328,SSPG,SSPG,0.07698164455259424,0.3977334608255454,0.20618069206942236,1.1545999047648081,6,-2.1510783926941848,550,5,30
0.25103542893793496,0.348246843330494,MN8014,MN8014,4.772103172344426,7.263051590788637,SSPG,SSPG,0.07758320963927803,0.39453222116518416,0.2030226529693847,1.1778853167752454,4,-2.19425279471052,550,5,30
0.25126266673595987,0.3482207004903891,MN8014,MN8014,4.508717875508216,7.234940331613239,SSPG,SSPG,0.07663941033062038,0.3942130194024839,0.20071630764319856,1.1263939182393905,5,-2.201397244553931,550,5,30
0.24935865120084139,0.3486318455905203,MN8014,MN8014,4.5287835922356505,7.286013225240675,SSPG,SSPG,0.07725906891422839,0.39208671794919225,0.2016485203127111,1.126171592430294,5,-2.1832305354969,550,5,30
0.24704431893038542,0.3489371547067131,MN8014,MN8014,4.468175967871867,7.1658259611223265,SSPG,SSPG,0.0784610994554733,0.39305413295425917,0.20135795886473695,1.153508933466299,1,-2.193697949024193,550,5,30
0.2505349169825076,0.3487006710613362,MN8014,MN8014,4.503238391355586,7.173364973601727,SSPG,SSPG,0.077752541492954,0.3912980473347772,0.20065768333629883,1.1289543476736474,0,-2.183345267576275,550,5,30
0.24910211218634937,0.34863289493193156,MN8014,MN8014,4.426897048468589,7.1502080473646545,SSPG,SSPG,0.07802329472611823,0.3909475210528473,0.20083126153175554,1.1282161212029673,5,-2.202145449702158,550,5,30
0.25070056152414294,0.34939102408751493,MN8014,MN8014,4.396093881683412,7.328523488700666,SSPG,SSPG,0.07658102279325316,0.3922286664524355,0.2029382951708418,1.1433122640828937,6,-2.19267199824176,550,5,30
0.2517264022610253,0.34914778771768673,MN8014,MN8014,4.761622569366968,7.268705397218369,SSPG,SSPG,0.07683013053562363,0.39217474299506794,0.20032581508561817,1.1329229512167007,5,-2.2198452267032422,550,5,30
0.25006890436629237,0.34866635166027826,MN8014,MN8014,4.398948644432323,7.201436914465951,SSPG,SSPG,0.0771283811662225,0.3913356305450902,0.20102819421797863,1.1239029734986299,1,-2.213590873099953,550,5,30
0.2500603343418464,0.3488081226904176,MN8014,MN8014,4.470018006232641,7.242816763810734,SSPG,SSPG,0.07640312374244625,0.39188733760997246,0.20097120913251096,1.12134731688068,2,-2.1954501783679436,550,5,30
0.24995594228950307,0.3491563996397935,MN8014,MN8014,4.443998154127337,7.242179577058957,SSPG,SSPG,0.07635422259400346,0.3913300149110268,0.2010054315994792,1.1129459441339011,0,-2.220378695352256,550,5,30
0.2499608648679782,0.3488808325638094,MN8014,MN8014,4.352688704197594,7.2724960842610304,SSPG,SSPG,0.07664921109528311,0.3919402116507946,0.20156802484663386,1.1238473353775733,5,-2.218800134367992,550,5,30
0.24998096683471244,0.34944997367149777,MN8014,MN8014,4.382132997369087,7.225410723369959,SSPG,SSPG,0.07635153782188052,0.391121511451367,0.2013123589228025,1.1164002438862632,7,-2.215202501727516,550,5,30
0.2497267228339875,0.3493849988490251,MN8014,MN8014,4.416614975195193,7.22657625120242,SSPG,SSPG,0.0769888786365373,0.3910500729252091,0.20105554817633123,1.1136368616193089,4,-2.217653265355107,550,5,30
0.25038343474571706,0.349209985301117,MN8014,MN8014,4.375786072266609,7.211784092923747,SSPG,SSPG,0.07611696436240262,0.3918143041314869,0.20105458465593345,1.1133486399402153,7,-2.2174829085875984,550,5,30
0.24973747523623607,0.34863999771164716,MN8014,MN8014,4.43352016091289,7.27891304129931,SSPG,SSPG,0.07642441645368428,0.3906513591328046,0.20038730074306943,1.1221867130041225,4,-2.218976553695839,550,5,30
0.2497457082738317,0.34912228894893854,MN8014,MN8014,4.377916048133275,7.2517880588673975,SSPG,SSPG,0.07620121491019452,0.39157880623308927,0.20067972740440884,1.1172638536656248,1,-2.221722402925158,550,5,30
0.24956638880695275,0.349086899564962,MN8014,MN8014,4.398624845851252,7.199396281485301,SSPG,SSPG,0.07667305344706579,0.3915541831689492,0.20104250632388423,1.1155889452687435,1,-2.2100593025056092,550,5,30
0.24978081403081437,0.3490956092321723,MN8014,MN8014,4.381447338744108,7.249563960550496,SSPG,SSPG,0.0765626694163491,0.39157560339056674,0.20098520599131844,1.1251151180637833,2,-2.2181634396806587,550,5,30
0.2504265690749095,0.3491729209607396,MN8014,MN8014,4.42940351181129,7.224666835662392,SSPG,SSPG,0.07695829745421222,0.3918566605481767,0.20052153898339742,1.1241641420474395,5,-2.22137590352666,550,5,30
0.2500698704709124,0.3491001432905329,MN8014,MN8014,4.441093852122957,7.26618279551755,SSPG,SSPG,0.07673329986676158,0.39041746089101437,0.20057125669899223,1.1140730224505786,4,-2.219000459408708,550,5,30
0.24963052345737896,0.34921745185839426,MN8014,MN8014,4.405695664350513,7.253246139726299,SSPG,SSPG,0.07701281696718627,0.3908932532160272,0.20045795708119554,1.1184591944018982,7,-2.2245490129832657,550,5,30
0.25087721239930544,0.34918511290464604,MN8014,MN8014,4.426065936953319,7.3215969980027165,SSPG,SSPG,0.07624284378061782,0.39140549783594913,0.20082087572983157,1.1182642556184645,6,-2.2263271317972357,550,5,30
0.24984081225754287,0.3491299068434569,MN8014,MN8014,4.401360075520137,7.307045277837222,SSPG,SSPG,0.07658409976662824,0.39184169239094696,0.2008310530265853,1.1206803440001174,7,-2.2278090787483826,550,5,30
0.24941782534652207,0.34935836138464194,MN8014,MN8014,4.388033145800136,7.29926970059295,SSPG,SSPG,0.07635832842988848,0.3913998732766416,0.20096701015648055,1.1197477970176712,6,-2.2260133822685972,550,5,30
0.24989596410816686,0.349317762811407,MN8014,MN8014,4.413113947758822,7.329101630118398,SSPG,SSPG,0.07634878528877397,0.3909393713209403,0.20071823267739025,1.1267003923445182,0,-2.2312993026188934,550,5,30
0.25023342334799287,0.3492336454314342,MN8014,MN8014,4.3834147804083585,7.31808927355457,SSPG,SSPG,0.07637275148648305,0.39050621636583355,0.20101227897603813,1.1177838160906894,1,-2.2273331641443708,550,5,30
0.25038384996320534,0.34939632125086306,MN8014,MN8014,4.423326764869725,7.315549627047063,SSPG,SSPG,0.0763474164641687,0.3914453121750651,0.20070379577597272,1.1272135211587435,2,-2.216446753933514,550,5,30
0.2501446784403133,0.34934413122224345,MN8014,MN8014,4.430702652280748,7.291960387737703,SSPG,SSPG,0.07690950782053557,0.3908237881766854,0.20044887656694851,1.1227931697813456,6,-2.230824286019267,550,5,30
0.25010404561276856,0.3496410845367931,MN8014,MN8014,4.419219977148782,7.306221020709219,SSPG,SSPG,0.07660688007824391,0.39035141407992546,0.2005106869379117,1.1186350894547927,1,-2.235153068243978,550,5,30
0.24991867510477114,0.34963575691010396,MN8014,MN8014,4.386006892242841,7.318663067598592,SSPG,SSPG,0.07657369193535019,0.3897764989613479,0.20068195092351093,1.1209888188957629,2,-2.2262785831571783,550,5,30
0.2500052506383003,0.3497144741538353,MN8014,MN8014,4.410804667892262,7.274604702536299,SSPG,SSPG,0.07675484631646966,0.3910456680459671,0.200666541020579,1.1201361301444805,0,-2.2219363705031334,550,5,30
0.24944154337660587,0.3495176066653029,MN8014,MN8014,4.391993036621114,7.303655990651562,SSPG,SSPG,0.0771065629644327,0.39117867958111785,0.20072730025452937,1.1269080327714933,1,-2.2219839634211223,550,5,30
0.25026573197341373,0.3495296085750593,MN8014,MN8014,4.398280621089263,7.301274831691442,SSPG,SSPG,0.07688577418241313,0.39103995335798036,0.2007104545339312,1.129388560124469,6,-2.2252934615522495,550,5,30
0.25003542573366816,0.3496889128641599,MN8014,MN8014,4.418338826909917,7.30939195589154,SSPG,SSPG,0.0770410487981662,0.3903840045993039,0.20053841264805433,1.1252592133617938,4,-2.229463101248461,550,5,30
0.24964034414519107,0.3492285858781434,MN8014,MN8014,4.384627112128828,7.304825656028163,SSPG,SSPG,0.0767144120078289,0.3897773432045287,0.2004902488782803,1.1226386028851518,5,-2.2288654260188654,550,5,30
0.25039956673930075,0.349087936144423,MN8014,MN8014,4.356083977210933,7.328466972806364,SSPG,SSPG,0.07643139747504152,0.3902803547362479,0.20051689153207278,1.1299338007785305,2,-2.2286409696954568,550,5,30
0.24993043217062094,0.34934403749831267,MN8014,MN8014,4.388932949816095,7.319193005195791,SSPG,SSPG,0.07696429402912225,0.38972565180781477,0.20048965921669346,1.1232971318888145,4,-2.2303976756443564,550,5,30
0.2507018211010123,0.34871542480940837,MN8014,MN8014,4.354471936427917,7.34881222286217,SSPG,SSPG,0.07649763932749043,0.38958369014683175,0.2004517130733881,1.119880592581041,2,-2.230898066821725,550,5,30
0.24983069342609704,0.3491332549571188,MN8014,MN8014,4.394888143734349,7.320935516435934,SSPG,SSPG,0.07692983674163317,0.3899920299641746,0.20030575859354807,1.123559888299413,0,-2.232109429026371,550,5,30
0.24994936592642514,0.34922502867576666,MN8014,MN8014,4.366891984919104,7.30028832449108,SSPG,SSPG,0.07670196992616218,0.39036409384517523,0.20022449045864815,1.1204320413392255,0,-2.2311599705672105,550,5,30
0.2498255236378203,0.3493079685284912,MN8014,MN8014,4.373561684065318,7.304465602953082,SSPG,SSPG,0.07700320906103032,0.38992242174731584,0.2004500491461284,1.1223971515735172,3,-2.219899201913666,550,5,30
0.2500215677270612,0.34976686974544935,MN8014,MN8014,4.401138131528394,7.34534566327488,SSPG,SSPG,0.07676892860304983,0.3905368538246323,0.20053201663534914,1.1202809689484763,3,-2.2363918225057855,550,5,30
0.25041211599207486,0.34961423949158493,MN8014,MN8014,4.402194949717095,7.349395141838034,SSPG,SSPG,0.07651649790375531,0.3901228772450559,0.20097669465247997,1.126209216151354,0,-2.2336479976912713,550,5,30
0.2503543087695984,0.34963655786942116,MN8014,MN8014,4.393251539401147,7.342216112842609,SSPG,SSPG,0.0761663771855132,0.390195719847253,0.20093982120095,1.1191839589345616,3,-2.231382591986444,550,5,30
0.2496705920290868,0.34991723797137725,MN8014,MN8014,4.364907232884492,7.323221957436284,SSPG,SSPG,0.07634208460027173,0.3902710873384674,0.20077408984655037,1.1160244799126278,6,-2.227611208050238,550,5,30
0.24934822762471132,0.3498959207227244,MN8014,MN8014,4.38605857974267,7.326121251622186,SSPG,SSPG,0.07635663642362986,0.3900469428188007,0.20060819209838565,1.1170297432883296,0,-2.229079170080439,550,5,30
0.24965411258366763,0.34983850658595833,MN8014,MN8014,4.383108713524308,7.3476070608241555,SSPG,SSPG,0.07649348317178337,0.3900062230777617,0.20058502247756807,1.1161935558318117,4,-2.2234319487657253,550,5,30
0.2501795824108457,0.34999999604393045,MN8014,MN8014,4.373973786735633,7.327486316821929,SSPG,SSPG,0.07575538455580355,0.39145381407804614,0.20094727774691074,1.1192863722837392,3,-2.2348961421527243,550,5,30
0.2500366813834272,0.34986572063834376,MN8014,MN8014,4.356582332561529,7.3459905159721295,SSPG,SSPG,0.07630335932291941,0.3904598933933021,0.20059733303558178,1.125329990640569,6,-2.234445278063511,550,5,30
0.25057279483905504,0.3497867517415496,MN8014,MN8014,4.373566748693561,7.348318759866947,SSPG,SSPG,0.07616243637364062,0.38998094142240725,0.2004124841542607,1.1262392984737386,4,-2.236905427383565,550,5,30
0.2503863651117424,0.3497185744291785,MN8014,MN8014,4.423243673787316,7.32950976736338,SSPG,SSPG,0.07611036657225378,0.39052843231087275,0.20015275044301462,1.1290476476144535,6,-2.2336987153236922,550,5,30
0.2506768858443346,0.3497924579970121,MN8014,MN8014,4.406953326600507,7.32070581710035,SSPG,SSPG,0.07591154373862234,0.3910588628837153,0.20027375772209452,1.1330641009533937,4,-2.231816031277317,550,5,30
0.2501376440759536,0.34986463400474505,MN8014,MN8014,4.400246529641717,7.346308356955547,SSPG,SSPG,0.07629548093118127,0.390555075592222,0.20023689821325236,1.1312866571837512,3,-2.231172120014117,550,5,30
0.250069263957284,0.3499644451709579,MN8014,MN8014,4.366517246300191,7.304033699485707,SSPG,SSPG,0.07619236326866716,0.391040045202862,0.20047100514264832,1.1230859388674381,3,-2.2305336826560396,550,5,30
0.24911219211279662,0.34996045783916324,MN8014,MN8014,4.387724984807587,7.325744913377044,SSPG,SSPG,0.07688313596007365,0.3899436332517656,0.2002025535719885,1.124133146478595,4,-2.2329783496699402,550,5,30
0.24968058735346763,0.3498798955817524,MN8014,MN8014,4.377239633471171,7.331266106154416,SSPG,SSPG,0.07636149581481262,0.38992475930374804,0.20011607492734343,1.1230772297531981,1,-2.232318957089282,550,5,30
0.24973956423562607,0.34996448596681207,MN8014,MN8014,4.394381121142441,7.344824408897164,SSPG,SSPG,0.07602754698936358,0.3903349119152678,0.20019484396682527,1.1233267781928467,5,-2.232881360717915,550,5,30
0.24924756118725838,0.34998877487696073,MN8014,MN8014,4.390751353166444,7.3417626660322455,SSPG,SSPG,0.07607032405867437,0.39021046369633566,0.2003376116311269,1.1218805631080833,4,-2.2367581545768562,550,5,30
0.2497423186852664,0.34996311255358536,MN8014,MN8014,4.424481771483083,7.348994851243613,SSPG,SSPG,0.07589238401787181,0.39063816486226033,0.2003320814569136,1.1210192928735618,3,-2.2385028946761327,550,5,30
0.24929568478010145,0.34999769137723125,MN8014,MN8014,4.416468625008243,7.338019602414562,SSPG,SSPG,0.07611499163407122,0.39036216778730815,0.20037103342194376,1.1267023632683624,0,-2.2233581873037895,550,5,30
0.2498841187958537,0.3499982204186546,MN8014,MN8014,4.399600464397438,7.34641577906995,SSPG,SSPG,0.07597798867569197,0.3900617252038526,0.20026438800953097,1.124778128521339,5,-2.2327049107188177,550,5,30
0.24955567492531341,0.34996186373717486,MN8014,MN8014,4.43521139307681,7.3389989156047974,SSPG,SSPG,0.07601953344380269,0.39034275532256013,0.20040293730315048,1.1212615704394273,1,-2.2366321932944135,550,5,30
0.24951763529574342,0.34998633823840974,MN8014,MN8014,4.4497561388302636,7.342287536979537,SSPG,SSPG,0.07595801398427612,0.38978951651275173,0.200025709585826,1.1252489996024786,3,-2.233400402092471,550,5,30
0.24938606980838035,0.34999991723364277,MN8014,MN8014,4.41768099743228,7.307539120502357,SSPG,SSPG,0.0759127915379689,0.3902084983992787,0.20007224494857134,1.1252703421291876,1,-2.2259931910312485,550,5,30
0.250308268201073,0.34999801036452544,MN8014,MN8014,4.435780798450866,7.3228128528393786,SSPG,SSPG,0.0756819060894513,0.39066380594626254,0.20028740985113463,1.1288398282904262,6,-2.2306280386944586,550,5,30
0.25033356820126157,0.3499194521192542,MN8014,MN8014,4.421848819325382,7.324359166533974,SSPG,SSPG,0.07586787262499925,0.3901765234513678,0.20013581455546714,1.1311847420343182,1,-2.233353365325737,550,5,30
0.2508035194516314,0.3499999971244893,MN8014,MN8014,4.428893798860334,7.340602110858081,SSPG,SSPG,0.07576165550982318,0.39067387405272713,0.2001923676876304,1.126520265464186,7,-2.2412657836452734,550,5,30
0.2513064351678889,0.34993871375841523,MN8014,MN8014,4.4225416703956135,7.330040705888273,SSPG,SSPG,0.07607821746995565,0.39025596028714515,0.20010460585759604,1.1238944309147527,5,-2.239313650198362,550,5,30
0.251584985139665,0.3497557211192208,MN8014,MN8014,4.424000324973314,7.315234018741007,SSPG,SSPG,0.07602300158451898,0.3903078846842269,0.20005070655213378,1.1334096171307322,6,-2.2294011411329535,550,5,30
0.2503787920412732,0.3495465227748621,MN8014,MN8014,4.397323851811382,7.319144809755717,SSPG,SSPG,0.07664785833542878,0.3896207323760235,0.2000512117751788,1.1348392515209587,5,-2.2299476434597505,550,5,30
0.25049171639768136,0.3498729780533384,MN8014,MN8014,4.385714735440819,7.327831761174409,SSPG,SSPG,0.07648122161143585,0.3896022384726249,0.20025355322267757,1.1340274945637159,0,-2.2321609927196544,550,5,30
0.25138004534446656,0.34999128724652434,MN8014,MN8014,4.391081410323589,7.321941585324973,SSPG,SSPG,0.07589314313736686,0.39005718136845186,0.20023955639773447,1.1249150365090252,7,-2.2400041080460635,550,5,30
0.2515108675008288,0.3499404097969113,MN8014,MN8014,4.385426776718554,7.308852603430958,SSPG,SSPG,0.07618554495135256,0.38955690465481047,0.20023522468046556,1.1285784933489929,4,-2.2384919500400517,550,5,30
0.2513478558329518,0.3499999726264089,MN8014,MN8014,4.418410984516363,7.3151767770812794,SSPG,SSPG,0.07605562716611941,0.38998432561556784,0.2003367002463732,1.128134946146329,2,-2.2376374065716327,550,5,30
0.2510455590421904,0.3499942851884471,MN8014,MN8014,4.4182971643824915,7.315471363615739,SSPG,SSPG,0.07603537919685566,0.3892997147048757,0.2001922818004244,1.1276476542194946,7,-2.236476561215712,550,5,30
0.25115066682138426,0.34999610910596946,MN8014,MN8014,4.423371979600022,7.326776390058718,SSPG,SSPG,0.07571832984344022,0.38899064801308963,0.2000701235832517,1.1270856034396597,5,-2.241308218927763,550,5,30
0.2513551932807026,0.34999381784673506,MN8014,MN8014,4.39255954705114,7.329098896267439,SSPG,SSPG,0.07618727841977835,0.39014381349746485,0.20017264843231672,1.1287128861314741,7,-2.2409831932048085,550,5,30
0.25113915004436915,0.3499672910029321,MN8014,MN8014,4.403526961514343,7.318166466916838,SSPG,SSPG,0.07594603773953021,0.39020423404079924,0.20015742330456113,1.127975971270796,6,-2.2363573086883175,550,5,30
0.2511992090300501,0.3499607413227131,MN8014,MN8014,4.403696366721047,7.328388672873649,SSPG,SSPG,0.07598299413320468,0.3899552577909592,0.20015567648805094,1.1333144950787233,6,-2.2391556006776696,550,5,30
0.251478976033561,0.34998415247438985,MN8014,MN8014,4.3885970713379345,7.341557925646873,SSPG,SSPG,0.07595759610804198,0.3897700899912473,0.20011704993015522,1.13040794309907,1,-2.2353480782984594,550,5,30
0.2510815852536453,0.3499921588888961,MN8014,MN8014,4.401213353671739,7.325821640276462,SSPG,SSPG,0.07584921545843856,0.39067050216514354,0.20028793089263802,1.1285503308843006,1,-2.2395756306463106,550,5,30
0.2509019330726759,0.34999843892080484,MN8014,MN8014,4.40451544403111,7.32124852593787,SSPG,SSPG,0.07559643806207006,0.3906168732446341,0.20022949510526408,1.1287859946139949,0,-2.2394677919950876,550,5,30
0.2511079879200372,0.34997621976013576,MN8014,MN8014,4.396013561671408,7.322220714329688,SSPG,SSPG,0.07582407843863813,0.39091422077804483,0.2002983700530453,1.1308838632809164,3,-2.236894166717134,550,5,30
0.25075617700466213,0.3499875364881358,MN8014,MN8014,4.399994056686236,7.331993196151661,SSPG,SSPG,0.0754694465899101,0.39075025164746563,0.20038259034735267,1.1238460284695297,5,-2.241200083573151,550,5,30
0.2507396469052924,0.34998592380810367,MN8014,MN8014,4.398564947057912,7.327819021153148,SSPG,SSPG,0.0758121017234924,0.39083806438885593,0.20049379029606557,1.1287338378328005,3,-2.2358456231525317,550,5,30
0.2510350132381055,0.3499985639408824,MN8014,MN8014,4.398759017338461,7.341143667366405,SSPG,SSPG,0.07588072985335338,0.3908626227170414,0.2004620278600688,1.1310338970500067,6,-2.238704926036286,550,5,30
0.25104263734637905,0.3499827098107924,MN8014,MN8014,4.400612019881034,7.342885659977741,SSPG,SSPG,0.07568089418408756,0.3908454890830634,0.20041364741678463,1.12919563994391,0,-2.230212971837684,550,5,30
0.25131504836202867,0.3499725117311216,MN8014,MN8014,4.410725838682729,7.344488647673952,SSPG,SSPG,0.07551007608341355,0.39155370587405003,0.20053760387098396,1.1319368753201253,4,-2.2351404247067848,550,5,30
0.2512247095993888,0.349920974027141,MN8014,MN8014,4.405178723639835,7.3372840972848845,SSPG,SSPG,0.07583840882134037,0.3911713316177355,0.2006422798931528,1.1314280308000164,1,-2.2380646328502767,550,5,30
0.25113003653447347,0.34996731119477886,MN8014,MN8014,4.409493392547032,7.337860463526718,SSPG,SSPG,0.07605871249180429,0.39139046283154943,0.20043838058336727,1.1313871864401377,0,-2.2378403581528072,550,5,30
0.25100965998490704,0.3499856265431287,MN8014,MN8014,4.4225529434720405,7.342551465840153,SSPG,SSPG,0.0757922708154179,0.3914166110723621,0.20048319506880494,1.1302251946251332,0,-2.2303596759609103,550,5,30
0.2510429617497688,0.34993302706285123,MN8014,MN8014,4.422943424815966,7.348664548949634,SSPG,SSPG,0.07600366831035496,0.3909443124496171,0.2002751650985088,1.129240408873967,6,-2.240735915684894,550,5,30
0.2509625234788634,0.34999286968906085,MN8014,MN8014,4.418148655121673,7.3440328518438465,SSPG,SSPG,0.0762697553552793,0.39082621261535166,0.20022121288357547,1.131234506444542,1,-2.2265762126228754,550,5,30
0.25019743121603094,0.34991716002696394,MN8014,MN8014,4.423144898746363,7.341845578514821,SSPG,SSPG,0.07628819193210978,0.3905395975020392,0.20022200899811013,1.1254963594046097,2,-2.2388916615640895,550,5,30
0.2503287144860253,0.34994986038778086,MN8014,MN8014,4.434478283317707,7.338012205240026,SSPG,SSPG,0.07617241773646388,0.3911596312213751,0.20026347860544527,1.126550907749552,1,-2.2381204826635095,550,5,30
0.2501222962997055,0.34986313382932144,MN8014,MN8014,4.430696018690714,7.323933126398776,SSPG,SSPG,0.07568029514706921,0.3918596944731668,0.20045453245006217,1.1246849242157437,0,-2.231605328967646,550,5,30
0.2504574725161612,0.3497824628493576,MN8014,MN8014,4.420270341447546,7.316618197210744,SSPG,SSPG,0.07586823405138646,0.3916111120145245,0.2005024397810447,1.1244435906269263,2,-2.231992526107062,550,5,30
0.25039277154698225,0.34997131309866564,MN8014,MN8014,4.4128762595231485,7.32747719722367,SSPG,SSPG,0.07590231315260688,0.39178337834509314,0.20038609663075374,1.1252512945989692,3,-2.2353495161654813,550,5,30
0.250691355586419,0.34988738282230547,MN8014,MN8014,4.408083213022758,7.323648684386856,SSPG,SSPG,0.07611095719781419,0.3911452208139673,0.2003943750629107,1.1208766966562127,3,-2.2390209366078793,550,5,30
0.2502353462048044,0.34994056066882373,MN8014,MN8014,4.396289411668277,7.338538684265989,SSPG,SSPG,0.0761606023578755,0.39027672380788475,0.20021130066550497,1.1207537656633666,0,-2.2387200868319965,550,5,30
0.25078660711140577,0.3499380738821622,MN8014,MN8014,4.397652166091819,7.336970665650062,SSPG,SSPG,0.07584035113742774,0.391162138378969,0.20049552637982823,1.1273493996099342,0,-2.235224891536175,550,5,30
0.2505555177209729,0.3498899564858905,MN8014,MN8014,4.406951167528886,7.338490627815274,SSPG,SSPG,0.07598105767132211,0.3910767772470482,0.20029080910727928,1.1237489246406072,2,-2.238368158577188,550,5,30
0.2500912731264604,0.34986364130470937,MN8014,MN8014,4.4110588034798575,7.342932424592921,SSPG,SSPG,0.07618800504041622,0.3908575887838807,0.20030270920806434,1.1223988062028392,7,-2.238452320367969,550,5,30
0.250727394952534,0.3498821116886405,MN8014,MN8014,4.3944567588230745,7.347423645248941,SSPG,SSPG,0.07573983505118674,0.391528441951167,0.2005292483234982,1.1278485766421187,7,-2.238241525051734,550,5,30
0.25088565373827754,0.34979789217821955,MN8014,MN8014,4.41520006210514,7.34369483675408,SSPG,SSPG,0.07589609868379987,0.3921942499733981,0.20052505791967687,1.1267385562829269,2,-2.227006529981969,550,5,30
0.25034968422566944,0.349583161561508,MN8014,MN8014,4.411148696819396,7.332224950690066,SSPG,SSPG,0.07594972417195021,0.391728920657789,0.20064980690688541,1.118930218019496,3,-2.232910397607009,550,5,30
0.25096538980589767,0.34967822789445296,MN8014,MN8014,4.412760227297586,7.327216624740473,SSPG,SSPG,0.07559729276700333,0.3924416262549957,0.2008654153382275,1.1250921328559271,0,-2.2356971691369747,550,5,30
0.2507967181778439,0.3496920579003228,MN8014,MN8014,4.4144260078063455,7.335359993654767,SSPG,SSPG,0.07551509391317231,0.39236381313641555,0.2009067068299096,1.12459859899971,4,-2.233998027920032,550,5,30
0.2508883147050143,0.3499006531282735,MN8014,MN8014,4.4019085790141315,7.343991669455695,SSPG,SSPG,0.0759431856992411,0.3913501693234308,0.20060290872149625,1.128045452043585,1,-2.231665064119783,550,5,30
0.2507973330455282,0.34985088845576634,MN8014,MN8014,4.4074451663083725,7.345494523340032,SSPG,SSPG,0.07597233246692559,0.39229237966350305,0.2008058712986021,1.1269601675138898,2,-2.2344472222342624,550,5,30
0.2504853823066314,0.34975379088245706,MN8014,MN8014,4.424260793463379,7.338266768363262,SSPG,SSPG,0.07594641026922361,0.39222631411327114,0.2007509045741059,1.126967862879411,3,-2.2352124271904845,550,5,30
0.25042163868211115,0.3498218318861833,MN8014,MN8014,4.425248882299494,7.345706635896498,SSPG,SSPG,0.07603682502606585,0.3921196471770738,0.2007348259098447,1.1271113071951109,3,-2.235715265189711,550,5,30
0.2505054928270152,0.34989860395052474,MN8014,MN8014,4.421369309330302,7.348724160930942,SSPG,SSPG,0.07629336779921625,0.3918691780691461,0.2008254820605521,1.1289794435902056,3,-2.2351649657418644,550,5,30
0.25073486520133703,0.3499185275286926,MN8014,MN8014,4.433951071502625,7.349150067186482,SSPG,SSPG,0.07608517426365226,0.3919201811403833,0.20084291417496286,1.1292588557145642,4,-2.23695437124924,550,5,30
0.25060469819722325,0.34982765801501026,MN8014,MN8014,4.44281672297147,7.349572652259823,SSPG,SSPG,0.07613578049809985,0.3918052367941973,0.20091290608874543,1.1258566425814496,6,-2.234609603359649,550,5,30
0.25096331074279543,0.3498272199547015,MN8014,MN8014,4.430368262903283,7.348141236670295,SSPG,SSPG,0.07585236459219649,0.3919969129980063,0.20089584083676404,1.1265415825637408,1,-2.2309893113062227,550,5,30
0.25071718577898666,0.34969995740953946,MN8014,MN8014,4.428488893946612,7.345309175473693,SSPG,SSPG,0.07606460426892747,0.3918444602190653,0.20089283155206364,1.1245554870229406,1,-2.232066041733864,550,5,30
0.25028725671126517,0.3497517186159415,MN8014,MN8014,4.438558843722858,7.3467098484520115,SSPG,SSPG,0.0763133455969727,0.39167109312571113,0.20066262339553742,1.1216839265182834,5,-2.237093016810558,550,5,30
0.25034327893529396,0.3497603082796457,MN8014,MN8014,4.423917757425305,7.342998506967072,SSPG,SSPG,0.0761647517518654,0.39196927841420653,0.20085598315435355,1.122178309609795,0,-2.2345616476439503,550,5,30
0.250293224102415,0.3497543328441009,MN8014,MN8014,4.432980902208277,7.349525823540771,SSPG,SSPG,0.0762701705220309,0.39174966338193445,0.20075242103434995,1.1218425164194952,6,-2.2368158336100645,550,5,30
0.2503316694990439,0.3497663405322908,MN8014,MN8014,4.42905727860352,7.344645069971403,SSPG,SSPG,0.07624035362269957,0.39187006516377604,0.20070345211540488,1.1237243305630567,5,-2.236394384893714,550,5,30
0.2503409822410972,0.3497714138645873,MN8014,MN8014,4.43249048620963,7.345865379639784,SSPG,SSPG,0.07621660258474806,0.3918403280667465,0.20064992898956893,1.121577909553622,1,-2.2272670483735375,550,5,30
0.2504319209258156,0.34977459492800206,MN8014,MN8014,4.444927410212378,7.345530592617026,SSPG,SSPG,0.07638972434829862,0.3920171693476335,0.20077911777942808,1.122089842080031,7,-2.2275665855137667,550,5,30
0.2502455295228635,0.3497033808995046,MN8014,MN8014,4.435782930245604,7.34224752274928,SSPG,SSPG,0.07628395035900706,0.3919902262677701,0.20092753791276424,1.1207553495052625,4,-2.232102888827402,550,5,30
0.2501974776431919,0.3497541150874719,MN8014,MN8014,4.435916367927458,7.3354834701406615,SSPG,SSPG,0.07628981729710886,0.3921642864112156,0.2009746025733253,1.1217575192013745,6,-2.22988359590072,550,5,30
0.25015856104835865,0.34961551084032233,MN8014,MN8014,4.448038067044386,7.333520163215191,SSPG,SSPG,0.07635751366424912,0.3919257913396003,0.2008544139679016,1.1189074626398328,4,-2.2292444114341645,550,5,30
0.2497948958756902,0.34925698227155866,MN8014,MN8014,4.436005497826955,7.331618333523957,SSPG,SSPG,0.07611058536487583,0.3924035789910852,0.2010481150207015,1.1167740125143082,6,-2.2300640649527743,550,5,30
0.24971269693682285,0.3493792482712202,MN8014,MN8014,4.440204914492551,7.33562641845792,SSPG,SSPG,0.0762291268001522,0.39231836010326004,0.20094083055419748,1.1174205640084067,6,-2.226875691366084,550,5,30
0.24988565657236367,0.34951866176698726,MN8014,MN8014,4.4379428238424214,7.332732109939539,SSPG,SSPG,0.076120050427059,0.3921859861582693,0.20120193807273368,1.117770861766045,6,-2.226833270570287,550,5,30
0.2503654261137752,0.34956460819033747,MN8014,MN8014,4.431655395955532,7.340069957278624,SSPG,SSPG,0.07604731573987272,0.39206792824385883,0.20106461727113306,1.1193746512025786,1,-2.234693521743983,550,5,30
0.24968075907448017,0.34930331289536554,MN8014,MN8014,4.444102468300798,7.33278608981132,SSPG,SSPG,0.07617247538065892,0.3922037633654919,0.20131586826588155,1.116429707457756,3,-2.2272266442314894,550,5,30
0.24988816346182052,0.3493611093326433,MN8014,MN8014,4.441710871492193,7.334007878018994,SSPG,SSPG,0.07606804026625341,0.3922015044964181,0.20122478906224192,1.1176069447222754,4,-2.228120295287601,550,5,30
0.24986847265478662,0.3495671997011496,MN8014,MN8014,4.4494721139451645,7.336293929228208,SSPG,SSPG,0.07620177431744642,0.39188884117884215,0.20105989451034617,1.1171945630900226,1,-2.231645615228782,550,5,30
0.24980769484511806,0.34937095649887445,MN8014,MN8014,4.439744397447649,7.33428052907859,SSPG,SSPG,0.0760976879082256,0.3921304255385977,0.20135338328368244,1.1151968485150978,0,-2.2294701309472753,550,5,30
0.2499621368371342,0.349643761495242,MN8014,MN8014,4.443804517832555,7.340020309727597,SSPG,SSPG,0.07626633848845746,0.3913446093450687,0.20090019369138493,1.118926384495238,2,-2.2337009088076787,550,5,30
0.24987860461307126,0.34943852749289717,MN8014,MN8014,4.443949236722969,7.330529918696627,SSPG,SSPG,0.07597501544160605,0.3918274161707555,0.20141939071687015,1.1160354915868904,6,-2.2299848320511266,550,5,30
0.24997136418777494,0.34968002379202723,MN8014,MN8014,4.448496055864384,7.342524423812739,SSPG,SSPG,0.07617970839703386,0.39155516238104726,0.20116039116797133,1.1189518432832584,6,-2.234425905895181,550,5,30
0.2500060660770602,0.34972458249463123,MN8014,MN8014,4.435486854199169,7.340566086626863,SSPG,SSPG,0.07613663319786301,0.39158387581715604,0.2011503524375766,1.119260532543072,2,-2.2340478233899272,550,5,30
0.24993392328453043,0.34958389050617755,MN8014,MN8014,4.434358364169987,7.3370721933135545,SSPG,SSPG,0.07608870191764894,0.3913193761645923,0.20108245129558383,1.1152960096095463,2,-2.2342538936177725,550,5,30
0.2501493777766836,0.34977486152885806,MN8014,MN8014,4.440532172585033,7.341249634476447,SSPG,SSPG,0.07629792494962898,0.3910359839002583,0.2009290244134804,1.118907920135158,7,-2.2282164626380307,550,5,30
0.2501533240074044,0.3496812943783178,MN8014,MN8014,4.4386252695761925,7.339974427495941,SSPG,SSPG,0.07622254828192085,0.3912330137056385,0.20085447422526476,1.117392986578039,6,-2.2346040559102196,550,5,30
0.25024776532308807,0.3497157311545854,MN8014,MN8014,4.436184619077626,7.339803408335644,SSPG,SSPG,0.07617923727175047,0.39166277245825,0.20115832159059216,1.1187864423990037,2,-2.232395086149115,550,5,30
0.25014034689183334,0.34977758267052717,MN8014,MN8014,4.435613251559619,7.340492159899936,SSPG,SSPG,0.07631604990112768,0.3912193446722839,0.2008771806557964,1.1178103221325166,0,-2.2364199176920305,550,5,30
0.25044557494002295,0.3497942530497167,MN8014,MN8014,4.440601122279706,7.341530452572718,SSPG,SSPG,0.0761119401256174,0.3915421411896364,0.2011050033828945,1.1186924192315026,5,-2.23705675709439,550,5,30
0.25024685827069576,0.34973868873268865,MN8014,MN8014,4.438965219915357,7.341012767254746,SSPG,SSPG,0.07615781099129612,0.39138776106249185,0.20094602790197327,1.1181013549184722,4,-2.2333056655976726,550,5,30
0.2502277799872163,0.3497840287903087,MN8014,MN8014,4.435158948269447,7.339372880797551,SSPG,SSPG,0.07614145302916811,0.391173445332042,0.20082873586416533,1.1169530126649252,2,-2.2350297961688455,550,5,30
0.25013485429640303,0.3498061789386814,MN8014,MN8014,4.442257203726903,7.3387046751562695,SSPG,SSPG,0.07623976204803376,0.39104729855493264,0.20060515097505158,1.1176354440103666,0,-2.23114603731133,550,5,30
0.2504485421502464,0.34982396334025734,MN8014,MN8014,4.4351619617613105,7.344782109771632,SSPG,SSPG,0.07620297422807243,0.39104468142559495,0.20062932700932626,1.1181034795429854,3,-2.235811401804103,550,5,30
0.250431220696376,0.3498496855152289,MN8014,MN8014,4.4347374711754535,7.344112621147966,SSPG,SSPG,0.07627932221931105,0.3911139252397007,0.20069043596489738,1.118578382051782,6,-2.2365703800311376,550,5,30
0.25053723894416396,0.34988741513018123,MN8014,MN8014,4.443726245229112,7.346734653079286,SSPG,SSPG,0.07627691620508359,0.3910112573524024,0.20065326506701267,1.118389979295321,6,-2.239617890365384,550,5,30
0.2506559182041075,0.3498800780492296,MN8014,MN8014,4.438743020071286,7.34798396210912,SSPG,SSPG,0.0762025272844149,0.3910558416129941,0.20067832380645226,1.1185532237761509,3,-2.240211058003746,550,5,30
0.25039648706087997,0.34988460199311056,MN8014,MN8014,4.442625104444592,7.346689118119556,SSPG,SSPG,0.07633629509185524,0.3909276169548421,0.20046722487016438,1.1186847212267517,2,-2.2333726743980264,550,5,30
0.2502818926359069,0.3498502095221784,MN8014,MN8014,4.44566642066132,7.34663265099768,SSPG,SSPG,0.07627632255521936,0.39089795119352266,0.20052880457335553,1.1179327383470312,4,-2.2345877687931868,550,5,30
0.25022515359334496,0.3498991938946252,MN8014,MN8014,4.445870503442816,7.346652380436473,SSPG,SSPG,0.07635086625894023,0.39105604795351934,0.20069984101558216,1.1191985840027958,5,-2.237756616993037,550,5,30
0.2504070644457895,0.34986798862521795,MN8014,MN8014,4.447119849055774,7.345134833350352,SSPG,SSPG,0.07623733584754856,0.3912869695816243,0.20087338829051612,1.1185329508101742,5,-2.2354414511234104,550,5,30
0.2501530982242772,0.34986058189447206,MN8014,MN8014,4.441665682944668,7.342452004696128,SSPG,SSPG,0.07627679982866291,0.3911080769867873,0.2007697113977395,1.1181189525089303,2,-2.2361708253805492,550,5,30
0.250319958851715,0.349894044605654,MN8014,MN8014,4.444539279779587,7.345838697436037,SSPG,SSPG,0.07635996622918015,0.39106712377420094,0.20069878406607283,1.119264939889776,3,-2.23910399072105,550,5,30
0.25045956985158685,0.34991240568304566,MN8014,MN8014,4.443163864207283,7.348769488659729,SSPG,SSPG,0.07626761318800175,0.39102145896636337,0.20063898862355486,1.1187895668749577,4,-2.2372783896746746,550,5,30
0.2501729762677454,0.349906390950212,MN8014,MN8014,4.441648452565956,7.348384070241899,SSPG,SSPG,0.07631787013473557,0.3909338607196956,0.20056651641490295,1.1186146713705885,4,-2.2338522487133385,550,5,30
0.25021027405844853,0.3498939430374973,MN8014,MN8014,4.44472141990839,7.34701617304764,SSPG,SSPG,0.07643201583611554,0.39084401122476836,0.20056644120793685,1.1181444543180237,2,-2.2387213584452574,550,5,30
0.2501660775479953,0.34989182726439805,MN8014,MN8014,4.440084757739664,7.348176191494156,SSPG,SSPG,0.0764775324712517,0.39094624533175715,0.20059047876200337,1.1190433987774933,1,-2.2362006463500546,550,5,30
0.25008748517924356,0.349896547528908,MN8014,MN8014,4.437025888899,7.348469264461917,SSPG,SSPG,0.07646626827424798,0.39085368291520645,0.20055143439011636,1.1188317524698999,2,-2.2372751554322647,550,5,30
0.25010388094220043,0.3498845561825329,MN8014,MN8014,4.436013904757579,7.347942719641116,SSPG,SSPG,0.07647717984680058,0.39094023916054066,0.20061291773430326,1.119407217132553,2,-2.2382756425785058,550,5,30
0.2500367762648841,0.3499003257455143,MN8014,MN8014,4.435574968753508,7.348931277288072,SSPG,SSPG,0.07639071572737981,0.39083959297696935,0.2005621695606157,1.1189463169620795,7,-2.238016011012064,550,5,30
0.2500616130166911,0.3498885927847063,MN8014,MN8014,4.4349853679150115,7.347374350614546,SSPG,SSPG,0.07631622584013521,0.3908797319554932,0.20057661231721016,1.119333622422448,0,-2.2389465057119864,550,5,30
0.25014945410800427,0.34990188139147504,MN8014,MN8014,4.438123633861577,7.347476849226663,SSPG,SSPG,0.07636559444929066,0.3908112363491619,0.20051134242795698,1.1188695795308958,1,-2.2388163761932347,550,5,30
0.25001714926506263,0.3498749125872651,MN8014,MN8014,4.434789455170069,7.346380236978158,SSPG,SSPG,0.07637838169946702,0.390772127020366,0.20054220554628302,1.1180635195123383,4,-2.238929705756675,550,5,30
0.25012668354525097,0.3498781573957721,MN8014,MN8014,4.4380979304581425,7.345975749942087,SSPG,SSPG,0.07642362413344823,0.3909652791422414,0.20063007029172156,1.1192435740281979,7,-2.2384702844224442,550,5,30
0.2500572914232824,0.34986745619399484,MN8014,MN8014,4.43372989026503,7.342794091107532,SSPG,SSPG,0.07638844063104203,0.3908687162456999,0.20057301947704814,1.11798956836197,6,-2.2370976624480914,550,5,30
0.25018615083535145,0.3499083049543864,MN8014,MN8014,4.43250505693418,7.345975734845144,SSPG,SSPG,0.07643858203455864,0.39081905377493054,0.20051816876479137,1.1184591434938955,0,-2.23851608456515,550,5,30
0.25011296079399226,0.34988980997218644,MN8014,MN8014,4.435102249236301,7.344220577549729,SSPG,SSPG,0.07643188966339078,0.3908093410110244,0.20054631900124645,1.1179483909722046,7,-2.2387952970308813,550,5,30
0.2500796308956934,0.3498653969403933,MN8014,MN8014,4.433479218961627,7.344407796086426,SSPG,SSPG,0.07647782147270508,0.39086061179202186,0.20062804498767395,1.1173995445425295,4,-2.238273066409267,550,5,30
0.2501783035154911,0.3498591833809167,MN8014,MN8014,4.434260349821935,7.345388590415223,SSPG,SSPG,0.07647758174881103,0.3909774169526315,0.20070306448279226,1.1176230973904744,1,-2.2375331027036207,550,5,30
0.2500836672625103,0.349875316086279,MN8014,MN8014,4.438651123517776,7.344677415070922,SSPG,SSPG,0.07649451354443437,0.3908085508036401,0.20052566910415753,1.1183410645409344,4,-2.2386685613957553,550,5,30
0.25020509490663356,0.34988336125569575,MN8014,MN8014,4.433764436557798,7.346012956123563,SSPG,SSPG,0.07648636553457969,0.3908612944884674,0.20056260551203597,1.1183237952555722,3,-2.2386899089116703,550,5,30
0.250123348100764,0.3498756946291566,MN8014,MN8014,4.435485455743123,7.347966521613417,SSPG,SSPG,0.07647355974476061,0.39070779623502333,0.2004954703436758,1.1173603432550574,5,-2.2385830793599677,550,5,30
0.250260461211693,0.3498728979838388,MN8014,MN8014,4.436427411534402,7.345381913542575,SSPG,SSPG,0.07643742527084497,0.39089240057415875,0.20061897430975756,1.1177963572794538,4,-2.2393660580534593,550,5,30
0.25014740029343574,0.34989720000623514,MN8014,MN8014,4.433838867197641,7.346096889941047,SSPG,SSPG,0.0764420388845632,0.39076496120083926,0.20051725114456168,1.11811825068362,3,-2.239897930251434,550,5,30
0.2501641226966814,0.3498953964180879,MN8014,MN8014,4.435967644412783,7.347185260775758,SSPG,SSPG,0.07645002916390034,0.39074531877710256,0.2004984824944669,1.11819003355314,6,-2.240033590413695,550,5,30
0.2501742740799331,0.3498956859788238,MN8014,MN8014,4.437865483843135,7.3463975309950795,SSPG,SSPG,0.07643788402321657,0.3908094406665188,0.20050596283836558,1.1183738386854523,5,-2.2379189155962873,550,5,30
0.250121486295544,0.3498868512135514,MN8014,MN8014,4.43629619145752,7.345730456268082,SSPG,SSPG,0.07645641673738406,0.3907674840886908,0.20052287222096335,1.1176444121956748,2,-2.238401717732195,550,5,30
0.25018230009661735,0.3499042817774952,MN8014,MN8014,4.434091350987097,7.347993775907714,SSPG,SSPG,0.07647051706575297,0.39073773012002966,0.2005000262755849,1.1177669506752448,3,-2.238943112242376,550,5,30
0.25016662640920384,0.34991750037436675,MN8014,MN8014,4.436142967317834,7.348798285484547,SSPG,SSPG,0.07653327391191993,0.3906526226679576,0.20045241501379674,1.1177814224202427,3,-2.240546791831484,550,5,30
0.2501859949892473,0.34990531405826564,MN8014,MN8014,4.433787655385723,7.347506669703886,SSPG,SSPG,0.07651573010214971,0.39072101358849043,0.20051174090424811,1.1175527245366865,2,-2.240091745667712,550,5,30
0.2501629976981974,0.34991085811673145,MN8014,MN8014,4.43640452227666,7.348553033874634,SSPG,SSPG,0.07653819937002097,0.39066314179436756,0.20048190694933235,1.1174017785848194,5,-2.2404244058586364,550,5,30
0.25023125910458877,0.3499118916803281,MN8014,MN8014,4.43670642010544,7.34940625095947,SSPG,SSPG,0.07649786630666833,0.39070994846074103,0.20046445843847657,1.1182825521467352,3,-2.2403349634181726,550,5,30
0.2501992931125616,0.34991363000061093,MN8014,MN8014,4.435755051568874,7.349602902543066,SSPG,SSPG,0.07648441634959582,0.3907249772993371,0.20049103040870908,1.1183157432728543,1,-2.2404603506272007,550,5,30
0.2501732850031475,0.34992233471222567,MN8014,MN8014,4.436010365391137,7.349741237912157,SSPG,SSPG,0.07655944222819515,0.39068023695421417,0.20045296742738883,1.1181330967690126,3,-2.2398389142582396,550,5,30
0.25018184006930677,0.3499163502091553,MN8014,MN8014,4.43516553601765,7.349701058836196,SSPG,SSPG,0.07654627904713443,0.39066212099681763,0.20045512162326692,1.1179477541485738,2,-2.2405695508530954,550,5,30
0.25019512674713545,0.3499155264910129,MN8014,MN8014,4.434262646764911,7.349402313840766,SSPG,SSPG,0.07651321331335532,0.3906721098588503,0.20045648085615483,1.1179447821177644,3,-2.240366808875285,550,5,30
0.2502076678801827,0.34991164321124835,MN8014,MN8014,4.434566018978472,7.34991629799026,SSPG,SSPG,0.07651084532705762,0.3907129567662455,0.2004793896437636,1.1181821497175126,7,-2.2400964004492554,550,5,30
0.2502168450555724,0.34991846081904676,MN8014,MN8014,4.431962320510626,7.34938085244632,SSPG,SSPG,0.07647800700513992,0.39072974335336935,0.20049368474148868,1.118214317534873,2,-2.240270159557129,550,5,30
0.25013460357639433,0.3499108726469313,MN8014,MN8014,4.433598977728183,7.348062445987884,SSPG,SSPG,0.07648500516307745,0.39067157973601846,0.20046483609336663,1.1178580383026673,3,-2.24030779641242,550,5,30
0.2501641336036671,0.34990408249128924,MN8014,MN8014,4.434291987492951,7.348620608864548,SSPG,SSPG,0.07642076066890183,0.39067948359049853,0.20045515186416415,1.1181618155554895,5,-2.240569971942989,550,5,30
0.25014323177086584,0.34990424386505803,MN8014,MN8014,4.432424551407945,7.347519388470265,SSPG,SSPG,0.07643468765297355,0.39068193659581263,0.20045909303858064,1.1178655471822183,3,-2.23983390686341,550,5,30
0.25021466092229194,0.34990563876839076,MN8014,MN8014,4.433250687267568,7.347259101825676,SSPG,SSPG,0.07636055658306284,0.3907012838586594,0.20044151800717502,1.1182979254428744,1,-2.240312061711034,550,5,30
0.25018799467900354,0.34990938351757334,MN8014,MN8014,4.4305327931594025,7.348732836522068,SSPG,SSPG,0.07640295420086758,0.39065203633833906,0.20042555775203233,1.1179793108169855,0,-2.240117156342871,550,5,30
0.25024359136640695,0.34992359268748685,MN8014,MN8014,4.429057729690698,7.34827706019082,SSPG,SSPG,0.0763638423074544,0.3907155623285919,0.2004484560384009,1.1185097308150307,4,-2.2403386839777752,550,5,30
0.25028692926876495,0.3499048255554821,MN8014,MN8014,4.428695295608965,7.347464450024965,SSPG,SSPG,0.0764082151063402,0.39073086728973233,0.2004887251537223,1.1177037989590848,2,-2.2401838992172625,550,5,30
0.25026025347282715,0.3498960589221735,MN8014,MN8014,4.429954239212594,7.347010567945053,SSPG,SSPG,0.07634359151743836,0.3907270072449719,0.2004798582139462,1.1177059697901615,5,-2.2398058757196573,550,5,30
0.25029008369464445,0.34990864824376333,MN8014,MN8014,4.432055255087811,7.348708278574508,SSPG,SSPG,0.07643809454037637,0.39074630777690866,0.20049695154736558,1.118084112911005,7,-2.240518398262841,550,5,30
0.250338300356404,0.3499120896534414,MN8014,MN8014,4.430438380983546,7.348566407274074,SSPG,SSPG,0.07634778109720393,0.3907880137261756,0.2004806620023947,1.11891297213932,4,-2.240734923585542,550,5,30
0.2503759571215996,0.34989918407518716,MN8014,MN8014,4.431734724407625,7.349109111729821,SSPG,SSPG,0.0763537234942834,0.3908086187306844,0.20050017233521264,1.1188310284904994,2,-2.2408280204141615,550,5,30
0.2503510635572583,0.34988957376738117,MN8014,MN8014,4.429792294514364,7.348115589512593,SSPG,SSPG,0.07628634282951237,0.39079837611002893,0.20049150388856876,1.1186079237531898,1,-2.2403315889412116,550,5,30
0.2503853965040818,0.3498971671744929,MN8014,MN8014,4.431836037643086,7.349835778060225,SSPG,SSPG,0.07639364083851066,0.3907794524565759,0.2004860095812359,1.1185750486232493,1,-2.2407223820062825,550,5,30
0.2503787668469845,0.3498876742990495,MN8014,MN8014,4.432262141976432,7.348393853988313,SSPG,SSPG,0.07632160408038893,0.3907912875835226,0.200502273852175,1.1181339621902486,4,-2.240040462798067,550,5,30
0.2504005354564509,0.349884648116371,MN8014,MN8014,4.4303304029307435,7.34870242482687,SSPG,SSPG,0.07625502245297566,0.39077361304465846,0.20049337961434713,1.118174935836063,2,-2.240865413650722,550,5,30
0.2504857496269323,0.3498948956855454,MN8014,MN8014,4.435511394741279,7.34969043275306,SSPG,SSPG,0.07632960309927933,0.39083619920299023,0.20052090974524842,1.1187173214300645,0,-2.2413790145378147,550,5,30
0.2504769525412157,0.34989768870636756,MN8014,MN8014,4.432403598527352,7.349993477655168,SSPG,SSPG,0.07631116776137137,0.3908209048939766,0.2005154106033994,1.118431864836555,2,-2.2406697759353964,550,5,30
0.2505073107384987,0.3498999953314378,MN8014,MN8014,4.429812794249018,7.34881963828316,SSPG,SSPG,0.07624157712649213,0.3908522803672486,0.200549043769369,1.1183413626133247,6,-2.2412726881495217,550,5,30
0.2504996039171769,0.34989131271319723,MN8014,MN8014,4.430946813497983,7.349471682542439,SSPG,SSPG,0.07629252548443737,0.39093725503426935,0.20058973862187546,1.1182457637964949,6,-2.238103176796077,550,5,30
0.2504570622754323,0.34989790471753857,MN8014,MN8014,4.432310539682327,7.34919960198174,SSPG,SSPG,0.07636098735195225,0.39080842537811783,0.2005324759852091,1.117865281904482,0,-2.240473711514012,550,5,30
0.2504550103462407,0.3499051141852342,MN8014,MN8014,4.431549949634766,7.349132550673435,SSPG,SSPG,0.07636719453799155,0.39082584578135104,0.20052269968985661,1.1183933658564729,6,-2.240659108777322,550,5,30
0.2504540963016523,0.349894440594538,MN8014,MN8014,4.4308803995726755,7.347383745349465,SSPG,SSPG,0.07636198352086399,0.39088458339285714,0.20057314860524397,1.1181348003282139,4,-2.240073571609832,550,5,30
0.25044295842740394,0.3498923238386973,MN8014,MN8014,4.427916066935644,7.346800098144813,SSPG,SSPG,0.07634325029884592,0.39084317961153964,0.20055070247716864,1.1179064516954003,7,-2.2405346277141636,550,5,30
0.2504591356288918,0.3498986156961869,MN8014,MN8014,4.430062419585751,7.347377686187648,SSPG,SSPG,0.07640494190590028,0.3908165151044455,0.20054653477676884,1.1176932739463896,0,-2.2410439544082212,550,5,30
0.2504816998674154,0.34990831253349275,MN8014,MN8014,4.430322020132324,7.348356361266299,SSPG,SSPG,0.07639172213034509,0.3908326917226129,0.2005301089555482,1.1183405858200604,0,-2.241196994140914,550,5,30
0.2504212316899075,0.3499085357688383,MN8014,MN8014,4.43090923174586,7.348345601020652,SSPG,SSPG,0.07639029715682333,0.3907909550697631,0.2005064201096493,1.1182393822967573,0,-2.241058311644096,550,5,30
0.25046337007898195,0.3499066684133756,MN8014,MN8014,4.433495339128695,7.348091731997715,SSPG,SSPG,0.07642135893648033,0.39080818631923064,0.20051669512376177,1.1182107423389884,1,-2.241313370037508,550,5,30
0.25048431418244677,0.3498990978157866,MN8014,MN8014,4.433286269999271,7.34915185092069,SSPG,SSPG,0.07640899098607645,0.3908419696839395,0.20055603459822516,1.1180641478344833,6,-2.240961309457253,550,5,30
0.2504684723038033,0.34989922449306476,MN8014,MN8014,4.4323542509437175,7.347692573979987,SSPG,SSPG,0.07639397348911342,0.39079446040639754,0.20054303934772358,1.1174864334289119,0,-2.2413823629946688,550,5,30
0.2505008242067538,0.34990981361802037,MN8014,MN8014,4.434349201189689,7.347771169468139,SSPG,SSPG,0.0764440815430646,0.390872570396959,0.2005749781171189,1.1180474573357082,6,-2.2409280164513348,550,5,30
0.25048463917320923,0.3499155115093694,MN8014,MN8014,4.434667705445439,7.348647200643271,SSPG,SSPG,0.07641658788009094,0.39084323360831097,0.20054163710949002,1.1183000279899242,1,-2.240927868138318,550,5,30
0.25048140682163994,0.3499142044226853,MN8014,MN8014,4.436591723089579,7.34808978832954,SSPG,SSPG,0.07643052609504314,0.39081261368930276,0.20051495911788492,1.1182619588518499,3,-2.2413141012224145,550,5,30
0.2505038924165005,0.34992049834011363,MN8014,MN8014,4.437661260217422,7.347220145261737,SSPG,SSPG,0.07642987481406108,0.39084295695549554,0.2004987326676537,1.1185835156464843,6,-2.240435143309414,550,5,30
0.2505036435764386,0.34991759187422145,MN8014,MN8014,4.438772696994565,7.347633914460551,SSPG,SSPG,0.07645012144179973,0.39082118873550115,0.20048554515023387,1.1185978189910606,6,-2.2408714721883385,550,5,30
0.2505134789288564,0.34992106094852904,MN8014,MN8014,4.441123169637979,7.347831377964553,SSPG,SSPG,0.07646652417932745,0.3907726386842548,0.200476348059785,1.1179288843333848,7,-2.240879080564211,550,5,30
0.2505482775149144,0.3499147255821107,MN8014,MN8014,4.4375555548324295,7.347668564490181,SSPG,SSPG,0.07642674349243953,0.39082793157808216,0.2005230388168829,1.1181438070853709,1,-2.241627368323398,550,5,30
0.25055211798003196,0.34990720005504294,MN8014,MN8014,4.4364006949537345,7.347208432871314,SSPG,SSPG,0.0764410241722792,0.3908196658216765,0.20051971039537678,1.1179238103948417,4,-2.241536237667855,550,5,30
0.25056281892704513,0.34990090334107354,MN8014,MN8014,4.441889222637003,7.346294804368998,SSPG,SSPG,0.07647249007845801,0.3908355207215625,0.20051781259916776,1.1179969997762962,1,-2.2414466120464773,550,5,30
0.2505150016152912,0.3498967988129934,MN8014,MN8014,4.436616931062638,7.345621305871603,SSPG,SSPG,0.07646093907090788,0.39082797465780883,0.20052717306071072,1.1177648701541019,3,-2.241238203705505,550,5,30
0.2504516785955348,0.3498957552387282,MN8014,MN8014,4.434281759382452,7.346335230657506,SSPG,SSPG,0.07644167540288235,0.3907382746830257,0.2004697385031567,1.1175159185726016,2,-2.2411338260507083,550,5,30
0.25045062776682964,0.34990537574739733,MN8014,MN8014,4.437835522080013,7.346685089973947,SSPG,SSPG,0.07649096531948063,0.39071135956247743,0.20045267370009434,1.1175115685248822,2,-2.2414649584892974,550,5,30
0.25040120583607767,0.3499030525576098,MN8014,MN8014,4.43701949470277,7.347331811427516,SSPG,SSPG,0.07653276442901782,0.39068344900385776,0.2004452724869647,1.1173413190594936,1,-2.24113140329116,550,5,30
0.2503305182732216,0.34989890791010236,MN8014,MN8014,4.433433112097138,7.346704016909291,SSPG,SSPG,0.07645934784977279,0.39063478772730453,0.2004405647714322,1.1169148540564175,7,-2.2414258843629185,550,5,30
0.25045648180376723,0.3498967696582317,MN8014,MN8014,4.437499768805091,7.348186024726619,SSPG,SSPG,0.07647344249051896,0.3906646440614249,0.2004321565179052,1.1171339011398906,6,-2.241247287287763,550,5,30
0.2503655767334027,0.3498938979642273,MN8014,MN8014,4.436307564937692,7.347174005131738,SSPG,SSPG,0.07646607395070709,0.39057380056717406,0.20039654310004587,1.1165369212428597,3,-2.2415908819746306,550,5,30
0.25045708879076767,0.34989001444413237,MN8014,MN8014,4.43664549239575,7.347214933467795,SSPG,SSPG,0.07642162765785622,0.39060811545916635,0.20040760592831927,1.1166062459772044,2,-2.2418078229540264,550,5,30
0.25053474211237786,0.3499104956721873,MN8014,MN8014,4.440970785575456,7.347655490065813,SSPG,SSPG,0.07652201089906761,0.3906362416645805,0.20041433754457935,1.1169246440576406,2,-2.2424068440871494,550,5,30
0.25057834433997095,0.3499077550342843,MN8014,MN8014,4.4419500453592,7.346779784477551,SSPG,SSPG,0.07647132545921906,0.3906521909035571,0.20039993910395765,1.1171549793861164,7,-2.242515702759805,550,5,30
0.2505911330429509,0.3499106546889828,MN8014,MN8014,4.440714702254381,7.348211385127376,SSPG,SSPG,0.07643770225215696,0.39069829786057747,0.20042237368950275,1.117552215122159,2,-2.2419626960607566,550,5,30
0.25066465076590394,0.34991285259847793,MN8014,MN8014,4.442218935972876,7.349472962401218,SSPG,SSPG,0.07644795758534678,0.39075753459282386,0.2004574003141467,1.117881236584199,4,-2.2421129776429964,550,5,30
0.2506299338080571,0.34990542771900046,MN8014,MN8014,4.440013898717319,7.348204769606617,SSPG,SSPG,0.07643181717352432,0.39069900530922264,0.20046098293302583,1.1169747708043865,7,-2.2426787448742473,550,5,30
0.25060069793308787,0.34989421422434663,MN8014,MN8014,4.437590994708723,7.349288596223412,SSPG,SSPG,0.07637333115464492,0.3906727609323227,0.2004238085071079,1.117025619006887,2,-2.2415322488900937,550,5,30
0.25067660556521426,0.34990861717787497,MN8014,MN8014,4.442930587984899,7.347920736114422,SSPG,SSPG,0.07645031645700945,0.3907378363976214,0.2004436254961884,1.1175701575429318,7,-2.2423356904414042,550,5,30
0.2505936767969414,0.3499135724918936,MN8014,MN8014,4.439467572301704,7.347352332542336,SSPG,SSPG,0.07650599215502712,0.3907395222232121,0.20045297628709813,1.1176432531679685,0,-2.2420211848780536,550,5,30
0.2505696795683728,0.3499130017331581,MN8014,MN8014,4.434090817310532,7.347360782164021,SSPG,SSPG,0.07646660798431916,0.39069302922904187,0.20044117223235305,1.1172727687190194,1,-2.242381300626203,550,5,30
0.2506480391121978,0.3499113544682207,MN8014,MN8014,4.438643954778056,7.347547262273309,SSPG,SSPG,0.07640762088124725,0.39079011086104204,0.200485068368412,1.1177911873894328,7,-2.242046345360029,550,5,30
0.25063020403875547,0.34991226592951136,MN8014,MN8014,4.439722426650713,7.348539691096739,SSPG,SSPG,0.07647896244168884,0.39068437894782704,0.20042494437511876,1.117350967013918,3,-2.2426408752119382,550,5,30
0.2506991750202204,0.3499191768772962,MN8014,MN8014,4.443345516907973,7.347563517488036,SSPG,SSPG,0.07648715414232649,0.39068540860004697,0.20042772477927728,1.1170429531383372,1,-2.2430280447964552,550,5,30
0.250665008133982,0.34991305987895305,MN8014,MN8014,4.441324523647126,7.348223853890062,SSPG,SSPG,0.07646199850147986,0.390644283578371,0.2003998341726688,1.116943557445833,4,-2.242788436938021,550,5,30
0.25063995984556825,0.3499176586599344,MN8014,MN8014,4.444386248697793,7.347554753551705,SSPG,SSPG,0.0764926897521317,0.39063951537973285,0.2004076538150472,1.1168312178275603,5,-2.242993397374054,550,5,30
0.2506378208211948,0.3499101076500557,MN8014,MN8014,4.445250474894216,7.348028815607751,SSPG,SSPG,0.07645302601193193,0.39065949580325343,0.2004192857373376,1.1169604688112065,7,-2.242759221157021,550,5,30
0.2505148132987494,0.3499060914257767,MN8014,MN8014,4.439114677739154,7.347633959171262,SSPG,SSPG,0.076461152834711,0.3906363027420249,0.20042263855766096,1.1168314246802304,2,-2.242264624064239,550,5,30
0.25057213977737197,0.3499159911687616,MN8014,MN8014,4.43740167807658,7.34789164215017,SSPG,SSPG,0.07645404217340104,0.3906491444765473,0.200420026052649,1.1169981236377748,4,-2.242544860463255,550,5,30
0.2505523983168319,0.3499118317230282,MN8014,MN8014,4.4373266137611544,7.348579941934085,SSPG,SSPG,0.07645455452439807,0.39062430452641833,0.20040886023429128,1.1168799337200324,2,-2.2424148512756705,550,5,30
0.2505953351216466,0.34991026263726044,MN8014,MN8014,4.43792897221169,7.3481419364688,SSPG,SSPG,0.07645679001247548,0.39063565823035223,0.2004165810059562,1.1167677511261975,4,-2.2426446145970242,550,5,30
0.25060632568443975,0.349917276134956,MN8014,MN8014,4.43786868402084,7.348030018340561,SSPG,SSPG,0.07648221806013059,0.3906710084599923,0.20043530475899968,1.1169648651081183,5,-2.2424620675790514,550,5,30
0.25057351616410434,0.34991267953544936,MN8014,MN8014,4.4370338563956855,7.347829321026381,SSPG,SSPG,0.07644710373860113,0.39064774629735616,0.20042689214373127,1.1168110659103196,2,-2.2424457343560515,550,5,30
0.2505890833662484,0.3499124264688588,MN8014,MN8014,4.438792349824948,7.34749470266649,SSPG,SSPG,0.07646837287466512,0.39066937901121224,0.20043806979521794,1.1168987673117345,6,-2.2425152754213613,550,5,30
0.2505903194072565,0.349923279278771,MN8014,MN8014,4.438287182320113,7.347979506783693,SSPG,SSPG,0.07649607284694397,0.3906393831137846,0.20043115093914557,1.1166411701614596,4,-2.2426518282559442,550,5,30
0.2505713149139629,0.3499189896473422,MN8014,MN8014,4.434687736002185,7.34817500323885,SSPG,SSPG,0.07647466233736695,0.3906241594617151,0.2004195457610857,1.116645939160298,3,-2.2425802003532773,550,5,30
0.25059741858829643,0.34992584033582147,MN8014,MN8014,4.4383701324896006,7.348340157185335,SSPG,SSPG,0.0765006524272529,0.39060549433918784,0.20039672909168368,1.1167527759000193,2,-2.2430026167088695,550,5,30
0.2506088868167726,0.34992385620499933,MN8014,MN8014,4.440712552825468,7.347978527645872,SSPG,SSPG,0.07647813808120052,0.39061854166751914,0.2004103381462516,1.1166484006365351,0,-2.2429774125022366,550,5,30
0.25058015463855876,0.3499203771354641,MN8014,MN8014,4.438671131697994,7.3477264131366535,SSPG,SSPG,0.07646112442874421,0.3906240014421346,0.20040580022501353,1.1168356497936327,2,-2.2427838170910697,550,5,30
0.2505690507664304,0.3499190218425699,MN8014,MN8014,4.440484916456423,7.348080473496841,SSPG,SSPG,0.07647149113611947,0.39059482015759167,0.20038833037974943,1.116722795010069,3,-2.2428189560743377,550,5,30
0.2506263350719395,0.34991977963858534,MN8014,MN8014,4.4420028433109815,7.348171343791075,SSPG,SSPG,0.07646715888373026,0.39062169972748023,0.20039214986595025,1.1168870755842364,3,-2.242838504776035,550,5,30
0.25063548518192363,0.34992535798532426,MN8014,MN8014,4.443326758618846,7.347888318503374,SSPG,SSPG,0.07648801022693727,0.3906285903211137,0.20039897807753054,1.1168753097419528,5,-2.2429773964795494,550,5,30
0.2506376268976809,0.3499242877136437,MN8014,MN8014,4.442487923108202,7.347559316007134,SSPG,SSPG,0.076476635726259,0.39064281497341735,0.20040048089193835,1.116990482265304,0,-2.2428236916263025,550,5,30
0.2506105754074657,0.3499252088107584,MN8014,MN8014,4.443133761931527,7.34781752868745,SSPG,SSPG,0.07647520939252554,0.3906026578190974,0.2003893756344099,1.1167236220903143,5,-2.2430726934580676,550,5,30
0.2506367231057103,0.3499194390530201,MN8014,MN8014,4.440485310866706,7.347658819880467,SSPG,SSPG,0.0764530916852636,0.39063654454990676,0.20040332616744883,1.1168914292267837,7,-2.2429837725107387,550,5,30
0.25060629475098484,0.349920661039934,MN8014,MN8014,4.440505492689767,7.348002200862457,SSPG,SSPG,0.07644963300318341,0.39060588305711486,0.2003840115116685,1.1168626297332,1,-2.242967940168315,550,5,30
0.250631715329357,0.3499181854211393,MN8014,MN8014,4.441772406910352,7.347513087530693,SSPG,SSPG,0.07645711937363733,0.39061524962880706,0.2003931635840416,1.116698113668373,6,-2.2429945374036553,550,5,30
0.2506231110658576,0.34992023365509733,MN8014,MN8014,4.440765888494102,7.347717379640529,SSPG,SSPG,0.07645498839700862,0.3906083079050381,0.20039229341914558,1.1166847993459124,6,-2.243052791729694,550,5,30
0.2505999684201913,0.3499213766585113,MN8014,MN8014,4.4395217606969,7.347982910505526,SSPG,SSPG,0.0764743821045946,0.3906097157096733,0.2003988012967094,1.1166875216785974,3,-2.2428843744402425,550,5,30
0.25062067192653786,0.34992370803484274,MN8014,MN8014,4.439151216225591,7.347939439408735,SSPG,SSPG,0.07645784141012688,0.39061830281252174,0.200401707835033,1.1167429305952745,1,-2.2430179955015888,550,5,30
0.250606584679715,0.3499240908767107,MN8014,MN8014,4.438783495731094,7.348342204044803,SSPG,SSPG,0.07645561240849871,0.39061628474183696,0.20040017854184483,1.1168138380997354,4,-2.242903762422211,550,5,30
0.2505942017462382,0.3499243403431094,MN8014,MN8014,4.43858182050257,7.348296559407949,SSPG,SSPG,0.07644134012903209,0.3905870871989071,0.20038433698705807,1.1166669449808708,5,-2.2430267314776327,550,5,30
0.2505970636902487,0.3499223241489723,MN8014,MN8014,4.438522716268733,7.348082263119661,SSPG,SSPG,0.07644354555244488,0.39058013155267696,0.2003808611808049,1.1165662484046575,1,-2.2430539406521834,550,5,30
0.25062014317938563,0.3499253005478367,MN8014,MN8014,4.438888716524156,7.34792832199233,SSPG,SSPG,0.07644177180462328,0.39060362370168084,0.20038809892054527,1.1167585681776155,2,-2.2431289978008007,550,5,30
0.2506242229240689,0.3499277513440618,MN8014,MN8014,4.437228502749521,7.34825882967726,SSPG,SSPG,0.07643784334685874,0.3906166757593297,0.20039699308505887,1.1168684671373956,4,-2.2431235845729987,550,5,30
0.25059499740479685,0.3499298677761526,MN8014,MN8014,4.437977000972334,7.3485084072171585,SSPG,SSPG,0.07644021614394789,0.3905845783363421,0.20037448714942027,1.1168738445169026,7,-2.243183451762542,550,5,30
0.25061237371376516,0.34992971412795926,MN8014,MN8014,4.438777076756702,7.348353607339387,SSPG,SSPG,0.07645484695653398,0.390591844478292,0.20038362237652543,1.1167545205632927,0,-2.2431946791896102,550,5,30
0.2506253208716098,0.34993008996966646,MN8014,MN8014,4.439958855374062,7.348453678886366,SSPG,SSPG,0.0764445691915833,0.39058588738862887,0.20037573568730582,1.1167713071669425,5,-2.2432928171953854,550,5,30
0.2506203292850335,0.3499308704987829,MN8014,MN8014,4.43823963904707,7.3485039242817445,SSPG,SSPG,0.07644846569737833,0.3905992256966204,0.20038789740077811,1.1167935163443334,4,-2.243169725994001,550,5,30
0.2506393913852115,0.3499303493110963,MN8014,MN8014,4.440103318342002,7.348389088873211,SSPG,SSPG,0.07643769203127385,0.39060665656545696,0.2003788945483439,1.1169977200293038,7,-2.2432790791890405,550,5,30
0.25064590741856685,0.34993099902713465,MN8014,MN8014,4.4399732762653,7.3487546400093535,SSPG,SSPG,0.07643001105348897,0.3905940702663142,0.2003737420194241,1.116916787714612,0,-2.2433583864965776,550,5,30
0.2506573967335422,0.34993252135268055,MN8014,MN8014,4.440336575406991,7.348799957318106,SSPG,SSPG,0.0764434033437122,0.39060265214007606,0.20037604498641334,1.1169566857903193,0,-2.2432704165626642,550,5,30
0.25065648366068655,0.34993348912586875,MN8014,MN8014,4.439689582752283,7.34888807732407,SSPG,SSPG,0.07643043650741736,0.39059987494805193,0.20037437026557692,1.117000551612032,6,-2.24341052485587,550,5,30
0.250680168722168,0.3499328996248425,MN8014,MN8014,4.4385284904299125,7.348833127998859,SSPG,SSPG,0.07641837259118153,0.3906248694768381,0.20039004522898474,1.1170436510656505,6,-2.2433544182661667,550,5,30
0.2507060061115698,0.34993229739988746,MN8014,MN8014,4.43759785588966,7.348610319773224,SSPG,SSPG,0.07641180344472971,0.390637716772312,0.20039158404142088,1.1171254232181043,2,-2.243461130218863,550,5,30
0.25069660348022343,0.3499330405922052,MN8014,MN8014,4.439515934051279,7.348799324373232,SSPG,SSPG,0.07641986667706377,0.39063346151028255,0.2003918523599841,1.117089932261686,2,-2.243374807565152,550,5,30
0.25072485661116434,0.3499294297734138,MN8014,MN8014,4.439131854590886,7.348510855026298,SSPG,SSPG,0.07641332670346741,0.390668120418501,0.20040718992272571,1.1172294292521072,5,-2.243292217112252,550,5,30
0.2507059882278519,0.3499325313297855,MN8014,MN8014,4.4374671715015825,7.348745716362144,SSPG,SSPG,0.076417319144968,0.3906398648825833,0.20039333449541924,1.1171393893324346,5,-2.243423840358572,550,5,30
0.2507315191669618,0.3499324022339679,MN8014,MN8014,4.439477329536989,7.348765947028608,SSPG,SSPG,0.0764044026349516,0.39065009729218203,0.20038992547883053,1.1172747121302473,2,-2.2434710074100046,550,5,30
0.2507095219326755,0.3499331937624408,MN8014,MN8014,4.440725099955754,7.348632866611182,SSPG,SSPG,0.07641621261435191,0.3906405467959184,0.20038600664256534,1.1172475559937505,5,-2.2434466761880376,550,5,30
0.25073487800122474,0.34993560253249173,MN8014,MN8014,4.439439681511461,7.348758339831729,SSPG,SSPG,0.07641290460086024,0.3906382005382173,0.2003809811208223,1.1172424000292938,2,-2.243567853883091,550,5,30
0.2507177125877268,0.3499328900891668,MN8014,MN8014,4.438605058349098,7.348865027926504,SSPG,SSPG,0.07640272199073608,0.3906327745077769,0.20037957019182912,1.1172418590896127,7,-2.2435292654208485,550,5,30
0.25077742965539557,0.34993650218583416,MN8014,MN8014,4.440330908327552,7.348999672239064,SSPG,SSPG,0.07638357927172552,0.3906547826843173,0.20037607568262078,1.1174973627903886,5,-2.2437028588306394,550,5,30
0.2508028683840814,0.3499398648307831,MN8014,MN8014,4.440791892087584,7.348925486756627,SSPG,SSPG,0.07637005299853437,0.3906554900561881,0.2003700977371891,1.1175570189593267,4,-2.2438863198939796,550,5,30
0.25081312158149904,0.34993957306724294,MN8014,MN8014,4.4382957352812715,7.349032910987962,SSPG,SSPG,0.07634834728799599,0.39066901222725414,0.20037623187643192,1.1176202877630996,2,-2.2437549157649563,550,5,30
0.2508210671789856,0.34993538276515057,MN8014,MN8014,4.441135361583041,7.348875368288451,SSPG,SSPG,0.07637038927110658,0.39067345194841546,0.20037231448485357,1.1176927655705784,0,-2.2437939235352857,550,5,30
0.25078694800634654,0.3499367423167926,MN8014,MN8014,4.440562087568137,7.3491908792668355,SSPG,SSPG,0.07637434287975209,0.3906390815798288,0.20036181797612368,1.1175013535480915,5,-2.2438772942448093,550,5,30
0.2508079620872079,0.34993707590523027,MN8014,MN8014,4.441348574402838,7.3492685097420285,SSPG,SSPG,0.07634072658200211,0.39065351626396305,0.20035048936093167,1.117862128850725,0,-2.2439090041767784,550,5,30
0.2508573945642665,0.34993887446983035,MN8014,MN8014,4.441616129249107,7.3489878983515,SSPG,SSPG,0.0763458113404925,0.3906827401333225,0.20036651362453536,1.117870697188017,0,-2.2439672883117083,550,5,30
0.2508147535684291,0.3499396116824154,MN8014,MN8014,4.439394514867843,7.348751766350291,SSPG,SSPG,0.07635879019651852,0.3906682794016021,0.20036921728138685,1.1177118175847292,1,-2.2438812312936154,550,5,30
0.2509057695919917,0.34994155091445034,MN8014,MN8014,4.441159059451067,7.348990726900598,SSPG,SSPG,0.07631682223591074,0.39071211158708036,0.20037467975405418,1.1180482635583555,7,-2.243986764466362,550,5,30
0.2509198803447181,0.349947503102888,MN8014,MN8014,4.442755041231158,7.3493272266164595,SSPG,SSPG,0.07629839849594336,0.39069030388005255,0.200351259504494,1.1181723187253634,6,-2.2443382993510923,550,5,30
0.2508991870640967,0.34994440861492976,MN8014,MN8014,4.441422492426507,7.349677614414919,SSPG,SSPG,0.07630848511066704,0.3906753167311684,0.20035200100682327,1.1180026097412443,3,-2.244249158670769,550,5,30
0.2508948150867455,0.34994387580577463,MN8014,MN8014,4.440327277838087,7.349426771332025,SSPG,SSPG,0.07629676783372047,0.3906706270197694,0.20034956625128655,1.1179611707763124,0,-2.244285785917411,550,5,30
0.25092413120957674,0.3499520264866169,MN8014,MN8014,4.440141534159705,7.349882323041738,SSPG,SSPG,0.07628886367878332,0.3906829115714269,0.2003462979005751,1.118183138600255,5,-2.244277755307243,550,5,30
0.2508582892247583,0.34994889573314053,MN8014,MN8014,4.437537007724094,7.34971779054349,SSPG,SSPG,0.07630797873479118,0.3906644947131488,0.20035065333290578,1.1180065998430315,3,-2.2441352684131726,550,5,30
0.2509593959137922,0.34994942739276086,MN8014,MN8014,4.440742139085006,7.349589267912583,SSPG,SSPG,0.0762720646962885,0.39070464440420466,0.20034592146563013,1.1184236695620808,5,-2.2444986767106236,550,5,30
0.25093474441913,0.3499491274515706,MN8014,MN8014,4.44036615495173,7.349617015508125,SSPG,SSPG,0.07626592112545647,0.3906818457098861,0.20033801738025808,1.1182635098598186,4,-2.24445010804763,550,5,30
0.2509066013908194,0.3499497629037438,MN8014,MN8014,4.441695585633182,7.349935523298072,SSPG,SSPG,0.0762769860846506,0.3906679497984261,0.20033176905064876,1.1182642356898298,1,-2.2443574245923124,550,5,30
0.25097036454007926,0.34995278470378993,MN8014,MN8014,4.442125767061799,7.349803249555558,SSPG,SSPG,0.07625021745679403,0.3906995371643577,0.20033193013731074,1.1185872695282497,1,-2.244588587615194,550,5,30
0.25097716464600855,0.3499556013802697,MN8014,MN8014,4.441698995848259,7.349645123861103,SSPG,SSPG,0.07623825072887354,0.39070236483213344,0.20033310604697943,1.1185635841887347,2,-2.244532197598721,550,5,30
0.2508855189133592,0.34995315233489915,MN8014,MN8014,4.442072176079596,7.3496963534365145,SSPG,SSPG,0.07628663983503606,0.39066633425263286,0.20033517851226776,1.1182273326335759,6,-2.2442716879980065,550,5,30
0.25094804693920686,0.3499539131681437,MN8014,MN8014,4.443778592983617,7.349687919096405,SSPG,SSPG,0.07624611982615899,0.390671903543963,0.20031524460003566,1.118458434339777,7,-2.244524044799867,550,5,30
0.2509427795185655,0.34995633721899394,MN8014,MN8014,4.443395955389764,7.3498374420466925,SSPG,SSPG,0.0762440416823057,0.39067026138093247,0.20031946566316614,1.1184170195581076,7,-2.2445302935031286,550,5,30
0.25090039717497004,0.3499554147942152,MN8014,MN8014,4.444026590343643,7.349812681874216,SSPG,SSPG,0.07625887420586028,0.3906349149797358,0.20030812709452547,1.1182014119693675,6,-2.24461002249215,550,5,30
0.25097727583144847,0.349954908218389,MN8014,MN8014,4.44312331346374,7.349615259531978,SSPG,SSPG,0.0762263538539997,0.39068518527518425,0.2003231205266814,1.118456123527301,5,-2.2446140197413627,550,5,30
0.2510066064757076,0.34995522442763244,MN8014,MN8014,4.445967037874507,7.349610110114429,SSPG,SSPG,0.0761972188300933,0.3906846595123408,0.20030599125005538,1.118670454919863,1,-2.244841141551447,550,5,30
0.25103465718981466,0.3499599898246527,MN8014,MN8014,4.446427336876587,7.349634044992435,SSPG,SSPG,0.07621445530685947,0.3907072326926899,0.20030649697492844,1.1189488465137836,2,-2.2448829621845015,550,5,30
0.2510576343588697,0.34995668168807353,MN8014,MN8014,4.447948556486248,7.349370604526066,SSPG,SSPG,0.07619793555512741,0.39069879012654857,0.20029724113059427,1.1188560505513112,2,-2.245023464668014,550,5,30
0.2511095951331819,0.3499615650091479,MN8014,MN8014,4.446430384805111,7.349921359231059,SSPG,SSPG,0.07615932001303694,0.3907057820686184,0.20028163352763537,1.1191487762917003,6,-2.2451944345085764,550,5,30
0.25109601611670274,0.3499598118951861,MN8014,MN8014,4.448599098415415,7.349673386188186,SSPG,SSPG,0.07614998837480158,0.3906830256348793,0.20027627329297265,1.1189006593350963,3,-2.245277112605079,550,5,30
0.2511023397773469,0.349958191618568,MN8014,MN8014,4.448134795998043,7.349759955982973,SSPG,SSPG,0.07617884582635114,0.3907078901765517,0.20028841054579616,1.1189627001538591,0,-2.244836937093167,550,5,30
0.2510682103970326,0.3499533974155761,MN8014,MN8014,4.446441586342731,7.349986288291755,SSPG,SSPG,0.07617843946749843,0.3907074906842444,0.2003027669199493,1.1188015665604851,6,-2.2445594535174447,550,5,30
0.25119382931538947,0.3499663356097454,MN8014,MN8014,4.444886509632635,7.349993145878791,SSPG,SSPG,0.07614454135353273,0.3907340058674319,0.2002806211735754,1.119344599883425,3,-2.245363720266724,550,5,30
0.2511314664618222,0.3499608147187476,MN8014,MN8014,4.448059906191118,7.349744994180689,SSPG,SSPG,0.07616113799694031,0.390722014972611,0.20028682949601015,1.1192071894539941,2,-2.2451742533091927,550,5,30
0.2510953927293795,0.3499591607760882,MN8014,MN8014,4.448120127149063,7.349619006488599,SSPG,SSPG,0.07617231887708961,0.390709914530999,0.20028382371833606,1.1191592572835751,0,-2.2450820853051905,550,5,30
0.25111772838540186,0.3499561484548908,MN8014,MN8014,4.449420300900071,7.3495711033203985,SSPG,SSPG,0.07616578819652824,0.39072629579942336,0.20028713545379834,1.1192648692949843,2,-2.2450861174119474,550,5,30
0.2512122374730573,0.34996121369443967,MN8014,MN8014,4.448270813128797,7.349667160533957,SSPG,SSPG,0.07612719112456302,0.39075901008580527,0.20027498844666844,1.1197086416802895,7,-2.2453709957932446,550,5,30
0.2511889064829816,0.3499689392452042,MN8014,MN8014,4.447684729779043,7.349946255438942,SSPG,SSPG,0.0761246988813803,0.39074754624650354,0.2002736935193072,1.1197197758034085,6,-2.2454110094785715,550,5,30
0.2512280814655667,0.34996302571535953,MN8014,MN8014,4.448881425021755,7.349627465046802,SSPG,SSPG,0.0761058282378312,0.39077896539800566,0.20027882292188698,1.1199006967666016,5,-2.245322070913982,550,5,30
0.2512697696482267,0.349961193188273,MN8014,MN8014,4.449528673190549,7.349584265692094,SSPG,SSPG,0.07605368762936751,0.39079868752106267,0.2002702565047402,1.1202049604611695,0,-2.245411165100089,550,5,30
0.2512697218480326,0.34996527619359485,MN8014,MN8014,4.449013241709387,7.349676379767898,SSPG,SSPG,0.07608081361772338,0.390791711884117,0.20027310674278762,1.1200558754027488,2,-2.2453734622593124,550,5,30
0.25125337253313446,0.349964650902279,MN8014,MN8014,4.449014302250731,7.34967797907786,SSPG,SSPG,0.07605929208555848,0.3907728157080206,0.20026177873550735,1.1200347200650893,2,-2.245504453701443,550,5,30
0.2512762917950868,0.34996064774759084,MN8014,MN8014,4.4499107447459805,7.349340092681256,SSPG,SSPG,0.07606700779923742,0.39078623993521067,0.20026067008791865,1.1201127020640231,2,-2.2455051202170644,550,5,30
0.2512874994433194,0.34996870577382344,MN8014,MN8014,4.448723366592711,7.349745856616863,SSPG,SSPG,0.07604387221180964,0.3907723145645345,0.2002528047484807,1.1201097260215471,7,-2.245716311403557,550,5,30
0.25134091191755337,0.3499706420168187,MN8014,MN8014,4.449973416379779,7.349433740298965,SSPG,SSPG,0.0760070790650487,0.3907937082812877,0.20024304590164207,1.120413215611308,4,-2.245900451612762,550,5,30
0.25136155177550856,0.3499693750899032,MN8014,MN8014,4.448600848040362,7.349348620773087,SSPG,SSPG,0.07602916396468798,0.390805579372336,0.20025481422107128,1.1202979734978293,2,-2.2458474938342867,550,5,30
0.2513746002804769,0.34997244429688856,MN8014,MN8014,4.446310289907398,7.349489954065573,SSPG,SSPG,0.07600515141000638,0.39082531392647796,0.2002663875369063,1.1204125492951902,7,-2.2458199028427135,550,5,30
0.25135122073110033,0.3499701580136315,MN8014,MN8014,4.4452848830203795,7.349875559851035,SSPG,SSPG,0.07598569614196712,0.3907864741749288,0.20025078714659417,1.120194578434151,5,-2.2459191022746,550,5,30
0.2512973572903848,0.349969813257643,MN8014,MN8014,4.447139866287543,7.34973557919809,SSPG,SSPG,0.07603536060212285,0.39076618139654906,0.2002505271616453,1.1200203074668424,5,-2.245762298809881,550,5,30
0.251327824840648,0.34996923803402064,MN8014,MN8014,4.446080473406294,7.349639839066112,SSPG,SSPG,0.0760064123652026,0.3907805865221272,0.20024783491264975,1.1201976120570483,3,-2.2458907410990854,550,5,30
0.25132351605935843,0.3499689705474594,MN8014,MN8014,4.445848024876902,7.349677880459002,SSPG,SSPG,0.0759993787432485,0.3907761638506132,0.20025414831165653,1.12005202155327,6,-2.2458976061154363,550,5,30
0.25137119728424945,0.3499667362701695,MN8014,MN8014,4.447001417105922,7.349396303139292,SSPG,SSPG,0.07601053753004805,0.3907975559368361,0.20025270606776938,1.12020083639616,6,-2.245994058963227,550,5,30
0.25137510709716426,0.34997217025715194,MN8014,MN8014,4.447753261341772,7.349441028580754,SSPG,SSPG,0.07597408417134631,0.39079024990279787,0.2002421778610211,1.120284408489257,2,-2.2460629262678857,550,5,30
0.2513578497349237,0.34997074000086026,MN8014,MN8014,4.44823084027879,7.34934369548257,SSPG,SSPG,0.0759983021139402,0.3907949559169529,0.20025341567340654,1.1202009593789577,5,-2.2459429277701055,550,5,30
0.2514602180979916,0.3499713757331062,MN8014,MN8014,4.449582259494703,7.349252471381175,SSPG,SSPG,0.07594853351915512,0.3908439748960646,0.20024698961242043,1.1207347489420583,7,-2.246168304849032,550,5,30
0.25145677331764277,0.3499744359432052,MN8014,MN8014,4.448629999067595,7.349717938821508,SSPG,SSPG,0.07593864881155302,0.3908327996704834,0.20024098563879278,1.1207356401601927,4,-2.2461711670878337,550,5,30
0.25153704189467296,0.3499755882607952,MN8014,MN8014,4.447949489512546,7.349354186885763,SSPG,SSPG,0.075890277078505,0.39088119733803106,0.20024094550434496,1.1211611611313956,6,-2.2461937188031946,550,5,30
0.2515333634694951,0.34997719901494717,MN8014,MN8014,4.447503715873332,7.349210314067492,SSPG,SSPG,0.07587822682617311,0.39088141732277015,0.2002398696108258,1.121204912326304,1,-2.246252662544281,550,5,30
0.25153893699878793,0.34997768902021487,MN8014,MN8014,4.4470611621974285,7.3491365397311625,SSPG,SSPG,0.07586626738004092,0.39088697933604494,0.20023723978038493,1.1213429912373405,7,-2.2463698867073525,550,5,30
0.2515891317525142,0.34997605906485485,MN8014,MN8014,4.448468156616812,7.34892450067215,SSPG,SSPG,0.07586340665380578,0.39090445492666687,0.20023501402280924,1.121447845076295,7,-2.2464783298134137,550,5,30
0.25170292702128116,0.3499775995542427,MN8014,MN8014,4.447850464709795,7.348907987960597,SSPG,SSPG,0.07579309640863754,0.3909613893285979,0.20022630795858531,1.122109204926688,6,-2.246683747785328,550,5,30
0.25164156905131396,0.34997525596661333,MN8014,MN8014,4.446181102409051,7.349036253154286,SSPG,SSPG,0.07582012686897348,0.39093988827354376,0.2002361161475343,1.1217594226896352,7,-2.246307751631999,550,5,30
0.25165395614418656,0.34997641693650483,MN8014,MN8014,4.446946502700106,7.348885063352901,SSPG,SSPG,0.07583737656488121,0.3909425380962674,0.20023017117262626,1.1218490288770142,2,-2.2463939229362975,550,5,30
0.2516605056382254,0.3499787041047548,MN8014,MN8014,4.4463462802165035,7.3489011102189945,SSPG,SSPG,0.07576675657812956,0.3909355388284235,0.2002188590024966,1.1219905586181649,6,-2.2466674978560004,550,5,30
0.25172129549552863,0.3499791637019183,MN8014,MN8014,4.4467117384905235,7.3486373519926484,SSPG,SSPG,0.07576320951286016,0.39097862716308107,0.20022235307444336,1.1223178737978472,1,-2.246585307015847,550,5,30
0.25177005688396464,0.34998318903100234,MN8014,MN8014,4.447660595831458,7.348768821324852,SSPG,SSPG,0.075715660365818,0.39099918994500693,0.2002273709467783,1.1224723550030946,3,-2.246816699846244,550,5,30
0.2518422846360359,0.3499828453595339,MN8014,MN8014,4.448581630579773,7.348603554698064,SSPG,SSPG,0.07568615048669582,0.39101651397131537,0.20021039839633364,1.1227615601400158,7,-2.2470815867869405,550,5,30
0.25195614677283784,0.3499838837888465,MN8014,MN8014,4.448408916103037,7.348696335087084,SSPG,SSPG,0.07564525875827946,0.39109944865168383,0.20022816471185584,1.123311997135806,2,-2.2469044293610985,550,5,30
0.25186323447464504,0.3499875375120436,MN8014,MN8014,4.4485627947939905,7.348612309929521,SSPG,SSPG,0.07569823493862332,0.3910399434789064,0.20021378614373758,1.122978262361738,3,-2.2469572137211156,550,5,30
0.2520130317548316,0.3499891540261242,MN8014,MN8014,4.445129531867482,7.348256097413631,SSPG,SSPG,0.07560875714838268,0.39112044611182756,0.2002132653651052,1.1236783045113312,4,-2.2471531750226355,550,5,30
0.2520907166425624,0.34999111137520655,MN8014,MN8014,4.445321372497702,7.348166800965943,SSPG,SSPG,0.07553246549478253,0.3911440304858251,0.20020406651549938,1.1239886142991944,1,-2.2475210404486994,550,5,30
0.2521334657089173,0.34999094571968264,MN8014,MN8014,4.443611101960361,7.348679369297237,SSPG,SSPG,0.07555156239681557,0.3911672352082173,0.20020618565100548,1.1241355128955623,2,-2.247257913167573,550,5,30
0.25218982728701006,0.3499908738156462,MN8014,MN8014,4.448540725040878,7.348135816711105,SSPG,SSPG,0.07551386899778621,0.3911874036319803,0.20020054787225128,1.1244075473393838,4,-2.2478215355258637,550,5,30
0.25234363899837453,0.34999447356363556,MN8014,MN8014,4.4487580929334385,7.348288848665163,SSPG,SSPG,0.07541689689344216,0.39125140879550696,0.20019860818340343,1.124969626547978,3,-2.2481828160783177,550,5,30
0.2524795127069867,0.34999603508089006,MN8014,MN8014,4.445571021092704,7.348482941540398,SSPG,SSPG,0.07531724416002404,0.3913101959218956,0.20019011842834017,1.1255185828654781,2,-2.248232794335687,550,5,30
0.25238974247281964,0.3499954403911968,MN8014,MN8014,4.445675153682254,7.348014274228147,SSPG,SSPG,0.07535858669247875,0.39129141100643816,0.20018906351349947,1.1255335968633813,0,-2.248182769765993,550,5,30
0.25240153094259854,0.34999468840927295,MN8014,MN8014,4.445065248612484,7.347742830586102,SSPG,SSPG,0.07539201656886098,0.3912676964810656,0.2001874327590431,1.125076904054624,3,-2.24816602116055,550,5,30
0.2527371501507987,0.3499991677165039,MN8014,MN8014,4.44953863948804,7.348099099773332,SSPG,SSPG,0.07521770047560414,0.39143371089489537,0.20017489398615124,1.1268418660848392,2,-2.2490939812076363,550,5,30
0.25254593429584943,0.34999819226231166,MN8014,MN8014,4.446777977449594,7.348142628579017,SSPG,SSPG,0.07522778507377588,0.3913195951996187,0.20016468203409302,1.1259497423770721,0,-2.248927531538225,550,5,30
0.2524219909505431,0.34999683337869436,MN8014,MN8014,4.4474513586397,7.348199011095268,SSPG,SSPG,0.07533919562311096,0.3912485471491428,0.20015201751411804,1.1254562700969593,0,-2.248705141295405,550,5,30
0.25263726454631047,0.34999952345784485,MN8014,MN8014,4.447557961139498,7.348292099856211,SSPG,SSPG,0.07518537854423857,0.3913542055188317,0.20015260997591575,1.126380205498219,7,-2.249113734951486,550,5,30
0.2527895922469131,0.3499995383523234,MN8014,MN8014,4.444028881849206,7.347220319756269,SSPG,SSPG,0.0751717343481881,0.39147028803715744,0.20017348630219364,1.127055728130769,3,-2.248886147635986,550,5,30
0.2528802258617419,0.34999981598913593,MN8014,MN8014,4.446075884369475,7.347425166478976,SSPG,SSPG,0.07508906670649301,0.3914946992385448,0.20015750130917545,1.1274031792929118,2,-2.24908481007585,550,5,30
0.25290986368743207,0.3499999324596063,MN8014,MN8014,4.448122402605087,7.347176672849704,SSPG,SSPG,0.07511853882555342,0.3915247608181168,0.2001687236201308,1.1276102425619174,4,-2.24932481346241,550,5,30
0.25309393981903316,0.349999694087246,MN8014,MN8014,4.445644765185873,7.347663690178505,SSPG,SSPG,0.07504166370495072,0.39160050301045435,0.20016220256308176,1.1283603474813049,2,-2.249941492911347,550,5,30
0.25308299588355687,0.34999960262003615,MN8014,MN8014,4.446077877483053,7.347539063214009,SSPG,SSPG,0.07506955952235565,0.39160557654119577,0.20016800337552212,1.1282841277503994,6,-2.2496131667829875,550,5,30
0.25347691515036963,0.349998358950794,MN8014,MN8014,4.44762787573126,7.34685771272055,SSPG,SSPG,0.07478709848083766,0.3918098179844877,0.20016497245489126,1.1300072621895998,6,-2.2503103277224454,550,5,30
0.2531225370872066,0.3499998567557837,MN8014,MN8014,4.448768606165682,7.347136730422783,SSPG,SSPG,0.07496558955033591,0.3916110992978821,0.20016003156082351,1.1284281191637464,5,-2.250108825993543,550,5,30
0.25329108950563606,0.34999954942898653,MN8014,MN8014,4.446514040263576,7.347057266073703,SSPG,SSPG,0.07494241487351735,0.3917294203440549,0.20017770818079278,1.1291970689202775,1,-2.2497739480176175,550,5,30
0.2533034633414878,0.34999889219706787,MN8014,MN8014,4.447706348068027,7.347193396539797,SSPG,SSPG,0.07492713143046034,0.3917253263229441,0.20016916656972603,1.1293553983014397,2,-2.250227071479925,550,5,30
0.253337172684669,0.34999831866588627,MN8014,MN8014,4.448500829821365,7.347276385275583,SSPG,SSPG,0.07488300639112785,0.39175601506148405,0.20017303096505715,1.129661644931848,2,-2.25025313821385,550,5,30
0.25362074264953854,0.34999765899412993,MN8014,MN8014,4.442873680118906,7.346774453529692,SSPG,SSPG,0.07476456899321186,0.39191542023844117,0.2001728030468108,1.131011728133255,5,-2.2507047146670125,550,5,30
0.25353805848401156,0.34999611751671267,MN8014,MN8014,4.44457578776128,7.34670958543949,SSPG,SSPG,0.07479777161276427,0.3918494823122376,0.20017299476104702,1.1303032424888695,5,-2.250634999801859,550,5,30
0.2536087253519947,0.3499948464698647,MN8014,MN8014,4.440455836585583,7.347175187654557,SSPG,SSPG,0.07476500059671258,0.39188684310027005,0.20017254603807896,1.1307178326292555,2,-2.250877602466087,550,5,30
0.25340406430923235,0.34999904873169024,MN8014,MN8014,4.438385486289975,7.347616955225563,SSPG,SSPG,0.07478756924828875,0.39179428644740105,0.20017231151380976,1.1299061049522736,7,-2.24972570548014,550,5,30
0.2537128708311544,0.34999216928497007,MN8014,MN8014,4.436596073506201,7.347330802766685,SSPG,SSPG,0.07466041686379703,0.39193909330595156,0.2001688128537558,1.131195400037643,5,-2.250984949100328,550,5,30
0.2539476601640988,0.3499917748201834,MN8014,MN8014,4.43403312984964,7.346584897678623,SSPG,SSPG,0.07452152360845977,0.39205547967080534,0.20016223874184666,1.1321789853720245,1,-2.2515965864560012,550,5,30
0.2538417865004501,0.3499983315729064,MN8014,MN8014,4.436543015980108,7.346311587429975,SSPG,SSPG,0.07458619580316832,0.3920070191721427,0.2001670693616258,1.1317235132652432,3,-2.2513739613996737,550,5,30
0.2538722226850498,0.3499968936294718,MN8014,MN8014,4.4395576610089105,7.346280958478239,SSPG,SSPG,0.07456695876295341,0.39200521381330117,0.20015410337325468,1.1317628162301556,1,-2.251423384051236,550,5,30
0.25391565008406297,0.3499889956120925,MN8014,MN8014,4.434289079394666,7.346883691217442,SSPG,SSPG,0.07454971111372548,0.3920343454450305,0.2001655907373052,1.131926435852832,4,-2.251459312581755,550,5,30
0.2537998500052192,0.3499959854672837,MN8014,MN8014,4.435367030096316,7.347038416051488,SSPG,SSPG,0.07460860091141187,0.3919879654478199,0.20015818844086472,1.131658938501467,6,-2.2507767075062333,550,5,30
0.25391390966486715,0.34999325083619537,MN8014,MN8014,4.439288392573834,7.3461860744527705,SSPG,SSPG,0.07455482065008827,0.3920459641363451,0.20015108474789617,1.1322277911632477,4,-2.2513951473150957,550,5,30
0.25403013717540024,0.3499910047822751,MN8014,MN8014,4.438028268328477,7.346322630081863,SSPG,SSPG,0.07449769784812761,0.3921218394845407,0.20016814161049953,1.1326485788304246,5,-2.2513003030888594,550,5,30
0.2538460402542374,0.34999416105992115,MN8014,MN8014,4.436924968373094,7.346084174381832,SSPG,SSPG,0.07461861828124612,0.3920479494562574,0.200163455395341,1.132087812778508,1,-2.250478439364297,550,5,30
0.2543161976180954,0.3499885567303648,MN8014,MN8014,4.438801514454269,7.34579788995817,SSPG,SSPG,0.07436962469622571,0.39230042977810403,0.20017323515714944,1.1341864559237798,4,-2.2519209847845723,550,5,30
0.2540048046427847,0.3499912268254893,MN8014,MN8014,4.440528466454995,7.346496591838415,SSPG,SSPG,0.07448219150954812,0.3921125314051872,0.20015817458187032,1.1328145560554432,4,-2.251393654286039,550,5,30
0.25385798387495945,0.3499932138867059,MN8014,MN8014,4.439836078566634,7.346891604367126,SSPG,SSPG,0.07453868926143986,0.39201355963028717,0.20015322217617076,1.1320463090095112,0,-2.251431758959539,550,5,30
0.2541091425342257,0.34999138286563275,MN8014,MN8014,4.441071396163622,7.346252972752806,SSPG,SSPG,0.07442353925062754,0.3921520951790413,0.2001494933602374,1.1332007215959168,5,-2.2518351204622498,550,5,30
0.2540995308894203,0.34999067159269326,MN8014,MN8014,4.441942430167687,7.346831199179002,SSPG,SSPG,0.07446318704998876,0.3921446899247464,0.2001604447764178,1.1329062788209088,5,-2.2513514014890124,550,5,30
0.2539616915410402,0.34999327957778875,MN8014,MN8014,4.442286719370192,7.346472519391431,SSPG,SSPG,0.07445320092351158,0.39207441716914976,0.20015167120458155,1.1325866413375132,4,-2.251648779083798,550,5,30
0.2540439592434804,0.3499933673621486,MN8014,MN8014,4.446478422106334,7.346359468557701,SSPG,SSPG,0.07445027738338798,0.392129970989278,0.20016792176249174,1.1327825894287065,4,-2.2514446089222044,550,5,30
0.25398272650267617,0.3499936796840198,MN8014,MN8014,4.440775952687576,7.346623405983019,SSPG,SSPG,0.07443143557090365,0.39206680557770734,0.20015074628422042,1.1323499664380803,3,-2.25140806023467,550,5,30
0.2541979797585546,0.34998999551851967,MN8014,MN8014,4.4402747614215015,7.345993036855784,SSPG,SSPG,0.07430377519977521,0.39218802888898757,0.20014865224793058,1.1334439461206194,0,-2.252142463242796,550,5,30
0.25403633494008426,0.34999109439422105,MN8014,MN8014,4.443298231637941,7.3464819130523455,SSPG,SSPG,0.07442953733789062,0.39209650178443567,0.20015467327913153,1.132606553731228,6,-2.2518098367378485,550,5,30
0.2543369168549584,0.3499881618093078,MN8014,MN8014,4.439304733064981,7.3458533536782245,SSPG,SSPG,0.07426425333403056,0.39226930471949173,0.20015134866283105,1.1340591248026706,7,-2.2522609039370582,550,5,30
0.2541020243923041,0.34999157538119263,MN8014,MN8014,4.444534638680607,7.345780491798398,SSPG,SSPG,0.07437714241410774,0.3921409820849816,0.20015519383487188,1.132932489080436,2,-2.2518701294312446,550,5,30
0.254081246638076,0.3499936008421479,MN8014,MN8014,4.4446594005516875,7.346000029834716,SSPG,SSPG,0.07436583155783807,0.39212808162304147,0.20014682860981814,1.1330054776598977,3,-2.2519349821449044,550,5,30
0.25422279693361055,0.34998661633055095,MN8014,MN8014,4.440336147584082,7.345802212800478,SSPG,SSPG,0.07427216733857803,0.3921958932468262,0.2001511671916866,1.1334056431237007,7,-2.252209136151558,550,5,30
0.25417599716061645,0.34998642724154194,MN8014,MN8014,4.4398510476316195,7.345794577863433,SSPG,SSPG,0.07428481818734126,0.39218008101771673,0.20015409908929127,1.1332775351860636,0,-2.252054416008777,550,5,30
0.25423817462707754,0.34998518710158255,MN8014,MN8014,4.443371802417652,7.34600427602609,SSPG,SSPG,0.07427463899246618,0.3922178921311031,0.200155771341104,1.1336204215526657,5,-2.25216979306062,550,5,30
0.2542670658212382,0.3499817092962374,MN8014,MN8014,4.436946365072959,7.346142156939456,SSPG,SSPG,0.07423688589794188,0.3922226280999549,0.20014778626645693,1.1337330040244495,1,-2.2522983777926573,550,5,30
0.2543198508523257,0.349983243570786,MN8014,MN8014,4.439944163280431,7.346062760948998,SSPG,SSPG,0.0741961205229151,0.3922736996502545,0.20015800784694854,1.1340789143532843,4,-2.252080547684759,550,5,30
0.2543873842484248,0.3499823992323936,MN8014,MN8014,4.437598805400635,7.346100637958653,SSPG,SSPG,0.07418040788773297,0.3922996542123204,0.2001560381642644,1.1342723860380457,5,-2.2522800967891694,550,5,30
0.2543532902908014,0.3499801746023421,MN8014,MN8014,4.43420543766874,7.345865685439261,SSPG,SSPG,0.07417154842047825,0.3922826079581491,0.2001506703714451,1.1342138398600006,1,-2.252336719956485,550,5,30
0.2544208090839192,0.34997600080917807,MN8014,MN8014,4.435336121648324,7.345707479983499,SSPG,SSPG,0.07414499977723189,0.39233468732560267,0.2001570136226911,1.134606700268241,0,-2.2523826825186006,550,5,30
0.25442429880369316,0.34997493875275687,MN8014,MN8014,4.435276460427728,7.345906740859828,SSPG,SSPG,0.07417320845456064,0.39234835850432476,0.20016206484739318,1.1347226292065824,0,-2.2522983481047856,550,5,30
0.2542624358460702,0.34997920466953136,MN8014,MN8014,4.433538154658264,7.34630388338062,SSPG,SSPG,0.07422031953512467,0.3922221044220847,0.20014179635115245,1.133841555663861,7,-2.2522723885727824,550,5,30
0.2543027024599852,0.34997645728449883,MN8014,MN8014,4.433584498469801,7.3464767176513295,SSPG,SSPG,0.07420393165743694,0.3922552171098882,0.20015163568558342,1.1340217661238894,2,-2.252177427406144,550,5,30
0.25419284975798584,0.34998057985625125,MN8014,MN8014,4.433135892527846,7.346354246259361,SSPG,SSPG,0.07423238310172922,0.3921783375477138,0.20014256547059514,1.133430028867127,5,-2.252117871472217,550,5,30
0.254302462666634,0.3499784486589453,MN8014,MN8014,4.433131604862563,7.346111752425305,SSPG,SSPG,0.07418605076310296,0.3922441639583917,0.20014082954302528,1.1340272828451785,2,-2.2523836155718104,550,5,30
0.2543308399020517,0.34998320815432415,MN8014,MN8014,4.435302577942403,7.346144892660932,SSPG,SSPG,0.07419969597758833,0.3922532860460506,0.20014501887310837,1.133984363129207,1,-2.252320124475002,550,5,30
0.2543681203164,0.3499776283162976,MN8014,MN8014,4.431369775735651,7.346161290635653,SSPG,SSPG,0.07414349463172583,0.3922638946415969,0.20013920016883877,1.13413797570156,4,-2.2525912320043933,550,5,30
0.254368375477287,0.34998352975452235,MN8014,MN8014,4.431088747463299,7.345895713569719,SSPG,SSPG,0.07416377189857934,0.392271353418964,0.20013912281215748,1.1341798059871309,7,-2.252403136418142,550,5,30
0.254359140306505,0.3499814430441504,MN8014,MN8014,4.432359470272345,7.345959838591357,SSPG,SSPG,0.07416474191686166,0.39227121671352533,0.20014569323274514,1.1340977523035378,2,-2.252309646361729,550,5,30
0.25437700601408786,0.349981115631628,MN8014,MN8014,4.431803710222318,7.346057759359324,SSPG,SSPG,0.07414257635930618,0.3922767376227627,0.20014025514811556,1.134251722116879,0,-2.252493332571154,550,5,30
0.25443286950449273,0.3499773839254446,MN8014,MN8014,4.431534131046121,7.345828972898314,SSPG,SSPG,0.07412564898490587,0.3923202691485169,0.20014818823074357,1.134508694264866,7,-2.2524588880497802,550,5,30
0.2544422500668582,0.3499778206507136,MN8014,MN8014,4.431931170225381,7.345849415897229,SSPG,SSPG,0.074092320095774,0.39231685348277945,0.2001456903558045,1.1345004090295818,4,-2.2525927839024167,550,5,30
0.2545128414662775,0.3499757395901613,MN8014,MN8014,4.43083587405701,7.345897523243956,SSPG,SSPG,0.07407836813871882,0.3923569924430995,0.20014597524988179,1.1348284305380685,2,-2.2526710927097593,550,5,30
0.2545597776212003,0.3499793113898498,MN8014,MN8014,4.432809262817319,7.345479100640379,SSPG,SSPG,0.07405221792433264,0.3923969676362438,0.2001501928763824,1.135143043979673,1,-2.252697903026837,550,5,30
0.2545286541522329,0.3499750253411911,MN8014,MN8014,4.431778133666719,7.345663336945149,SSPG,SSPG,0.07406950775738871,0.39237306951902273,0.20014814842577053,1.1349442870292688,2,-2.252683328861945,550,5,30
0.2545847148417968,0.34997635105598524,MN8014,MN8014,4.4329199970472155,7.345729401175098,SSPG,SSPG,0.07402662456900584,0.3924070534105293,0.20015062154439248,1.1352396239852798,4,-2.2527943852503185,550,5,30
0.2545330808495163,0.3499769809112277,MN8014,MN8014,4.4322445286704975,7.3458034714190745,SSPG,SSPG,0.07403772177710624,0.39236828454714595,0.20014584332310606,1.1349461403231929,6,-2.2527826933780766,550,5,30
0.25457882056417547,0.34997745637606226,MN8014,MN8014,4.431875907456103,7.345741349274428,SSPG,SSPG,0.0740219718840764,0.39240110042243687,0.20014685089032716,1.13521776134057,0,-2.2527317897418815,550,5,30
0.254632903713905,0.3499740815753749,MN8014,MN8014,4.431799017352488,7.345659180953574,SSPG,SSPG,0.07400811103495987,0.3924396251407126,0.20015083050137358,1.1355181242093257,3,-2.2528152056696573,550,5,30
0.2545892058987141,0.3499758551369641,MN8014,MN8014,4.432454931945701,7.34560791303482,SSPG,SSPG,0.07403974745148587,0.3924141670421943,0.2001488887615867,1.1353207109255727,7,-2.2527513419309955,550,5,30
0.2545448021502037,0.34997763300701307,MN8014,MN8014,4.432968888746589,7.345659547363556,SSPG,SSPG,0.07404753220713371,0.39238611346148405,0.2001472889042776,1.1350978676566785,1,-2.2526762850006232,550,5,30
0.2546346218628591,0.34997523542081355,MN8014,MN8014,4.432484895513914,7.345496390569491,SSPG,SSPG,0.0740115545166226,0.39244062818489384,0.20014844655608358,1.135544666845918,0,-2.252827321560801,550,5,30
0.25462823775207755,0.34997400784010313,MN8014,MN8014,4.430743155001933,7.345441704693712,SSPG,SSPG,0.07399834782039776,0.3924392221848426,0.2001475989053847,1.135543349899545,4,-2.2527909052802446,550,5,30
0.2546020564993742,0.34997494668054085,MN8014,MN8014,4.431287509048718,7.345528498536238,SSPG,SSPG,0.07401136733001808,0.39241691934774425,0.2001466867509545,1.1353342396799486,6,-2.2527653919428516,550,5,30
0.25465220997305577,0.34997442436664417,MN8014,MN8014,4.430752625545405,7.345494580612443,SSPG,SSPG,0.07398672475291852,0.39244703758912086,0.2001465537695278,1.1355958724115731,1,-2.252837212456681,550,5,30
0.25461396109455325,0.3499736948220101,MN8014,MN8014,4.430234070974223,7.345640727345861,SSPG,SSPG,0.07400070620852445,0.3924267160621693,0.20014830262821895,1.135408618767924,7,-2.252715366859814,550,5,30
0.25464278498292126,0.3499728932460855,MN8014,MN8014,4.430878229820216,7.345594463302792,SSPG,SSPG,0.07399081030034924,0.3924376537695416,0.2001458180803281,1.1355221099055774,4,-2.252866988832924,550,5,30
0.2546709935151189,0.34997363949743526,MN8014,MN8014,4.43035256291876,7.345475993678917,SSPG,SSPG,0.07397796268562559,0.39245575059644766,0.20014715767617625,1.1356499791245316,6,-2.2528993224992107,550,5,30
0.25462026237566476,0.34997235040374386,MN8014,MN8014,4.430298971065573,7.345709351290301,SSPG,SSPG,0.0739981323212341,0.39242059853825845,0.20014331429730964,1.1354141922164498,1,-2.252890730317903,550,5,30
0.2546603758576706,0.3499737772945373,MN8014,MN8014,4.430280215138957,7.345617641280213,SSPG,SSPG,0.07396829817447512,0.3924380467186562,0.20014256232512795,1.13554425027642,0,-2.252996655800864,550,5,30
0.25468016579967057,0.349972385133999,MN8014,MN8014,4.430567526943918,7.345612535702353,SSPG,SSPG,0.073956194362261,0.39244978242045775,0.20014329191131647,1.1356296416500236,6,-2.2530279769470702,550,5,30
0.25467738799046447,0.3499716187280653,MN8014,MN8014,4.429889004603323,7.345759960483156,SSPG,SSPG,0.07395406284499878,0.39244505826535625,0.20014282745750564,1.1355956612801155,1,-2.253027634427326,550,5,30
0.25466524488674547,0.3499726491823051,MN8014,MN8014,4.430840834529947,7.345772704715236,SSPG,SSPG,0.07396205103424669,0.39244187313420464,0.20014594916650166,1.1355414927330054,4,-2.2529599747043427,550,5,30
0.2546881196464954,0.34997154697612703,MN8014,MN8014,4.430178410557454,7.3458033121814585,SSPG,SSPG,0.07393846259009892,0.39245066706408216,0.20014320157126783,1.1356338328367852,0,-2.2530161759824434,550,5,30
0.25467169022679736,0.34997053543708606,MN8014,MN8014,4.430427741782786,7.34586413751777,SSPG,SSPG,0.07394689650109929,0.39243958412274127,0.200142535385524,1.135560175345896,5,-2.253048281481103,550,5,30
0.25466621138385415,0.34997314308742716,MN8014,MN8014,4.431314907463672,7.3458373471145295,SSPG,SSPG,0.07395736175455132,0.3924370650118893,0.20014273059176022,1.1355371984445126,1,-2.253013195448874,550,5,30
0.2546797658544869,0.34997422479970197,MN8014,MN8014,4.4323400168036,7.34573293696181,SSPG,SSPG,0.0739491881406958,0.39244741506192143,0.20014261709761277,1.1356339772224198,2,-2.2530407573707336,550,5,30
0.25468139670850914,0.3499734892208703,MN8014,MN8014,4.432883237211718,7.34581424944174,SSPG,SSPG,0.07394238580082269,0.3924447185885601,0.20014175053797537,1.1356222966190765,4,-2.2530897379163264,550,5,30
0.25463201345774056,0.34997604759473777,MN8014,MN8014,4.432739920514774,7.345827318815239,SSPG,SSPG,0.0739569743017689,0.3924132985804509,0.20013692476590694,1.135424708106597,6,-2.253042303864156,550,5,30
0.2546508212619576,0.3499769718354369,MN8014,MN8014,4.432239185333334,7.345577244904406,SSPG,SSPG,0.07395556724366739,0.3924303155193986,0.2001381459154241,1.135546992380791,4,-2.2530196276873777,550,5,30
0.2547047840707134,0.34997632720033006,MN8014,MN8014,4.430803909050724,7.345720414822237,SSPG,SSPG,0.07391446546617848,0.3924563776049348,0.20013562552956224,1.1357842621816494,4,-2.2530847084697943,550,5,30
0.2546683294569537,0.34997894352251946,MN8014,MN8014,4.432200752102286,7.3455644522407475,SSPG,SSPG,0.07393824084513634,0.39243385094397065,0.2001357289917031,1.1355844612369435,4,-2.25308312597363,550,5,30
0.25464470210776285,0.34997567810986446,MN8014,MN8014,4.430722762408624,7.34580914837547,SSPG,SSPG,0.07392443322504379,0.3924140871409939,0.20013497817703332,1.1354308769864696,5,-2.2531073707823204,550,5,30
0.25468992845104005,0.3499776907379361,MN8014,MN8014,4.431108603292978,7.345536695235614,SSPG,SSPG,0.07391329933130486,0.39244720150685325,0.20013619639546645,1.1356943109443893,4,-2.2531304525167233,550,5,30
0.25468917151280224,0.34997582252486664,MN8014,MN8014,4.42977902742687,7.345524938518457,SSPG,SSPG,0.07390068051029496,0.3924466076069183,0.20013413147539583,1.1357086199651878,0,-2.253117704654766,550,5,30
0.25470656794729396,0.3499784342989861,MN8014,MN8014,4.431031631731091,7.345185399893158,SSPG,SSPG,0.0738976403254532,0.39246134574672215,0.20013344548800371,1.1358252424520474,4,-2.253113398117627,550,5,30
0.25466884335553774,0.3499779110376497,MN8014,MN8014,4.430265113626058,7.34542561814298,SSPG,SSPG,0.07389602310373028,0.3924293739503806,0.20013135361765622,1.135565588116941,4,-2.2530966094876757,550,5,30
0.2546765693894702,0.34997870518579055,MN8014,MN8014,4.4311799763801245,7.345272783177843,SSPG,SSPG,0.07391611997968729,0.3924345897964761,0.20012742728825472,1.1356473525294644,2,-2.2531102647222063,550,5,30
0.25470771624316124,0.34997677053057874,MN8014,MN8014,4.430234285898835,7.345375951065023,SSPG,SSPG,0.07387007883288618,0.39246116561871375,0.2001315519293713,1.1358740126416818,2,-2.25312423521191,550,5,30
0.2546572257104881,0.3499779936036117,MN8014,MN8014,4.429917734987486,7.345754798702725,SSPG,SSPG,0.07392618812671532,0.39242351983917756,0.20012903322395043,1.1356049364211853,2,-2.25310596856146,550,5,30
0.2547079121317358,0.34997538519969607,MN8014,MN8014,4.428371623247408,7.345741404655001,SSPG,SSPG,0.07389435813070719,0.3924622530650251,0.20013319221557768,1.1358927930366103,7,-2.253067751748869,550,5,30
0.2547024544008168,0.3499763288389745,MN8014,MN8014,4.430123007146451,7.345795663109541,SSPG,SSPG,0.07390467417151303,0.3924569118097604,0.2001327776922899,1.135864371869057,5,-2.2531158791016885,550,5,30
0.2547961131725268,0.349973850044556,MN8014,MN8014,4.429016378298031,7.345623392013946,SSPG,SSPG,0.07384516759749359,0.3925086902905087,0.20013270599936378,1.1362607236556035,5,-2.2532785250808995,550,5,30
0.25478139440886705,0.34997319078151123,MN8014,MN8014,4.42958031886155,7.345861314583214,SSPG,SSPG,0.07385299204043677,0.3924957787742002,0.20013030519366862,1.1361994966164146,1,-2.253297369046983,550,5,30
0.2548275620636952,0.3499725540893002,MN8014,MN8014,4.4278466368060085,7.3458273760519415,SSPG,SSPG,0.07381647278117037,0.3925214074790857,0.20012659070736918,1.1364577629442185,0,-2.2533699150322946,550,5,30
0.2548324158690475,0.3499723917363193,MN8014,MN8014,4.429139900206339,7.3457825947550255,SSPG,SSPG,0.07382893919119121,0.39252384367302673,0.2001292345593995,1.1364254207480977,0,-2.253366935628625,550,5,30
0.2548596117525635,0.34997416161790124,MN8014,MN8014,4.42953442730226,7.3459203625136915,SSPG,SSPG,0.07378811129945378,0.3925372170508065,0.20012779319256022,1.1365905823434703,3,-2.2534660819169243,550,5,30
0.25490588888510296,0.34997126165398246,MN8014,MN8014,4.4275060684366565,7.346145161798314,SSPG,SSPG,0.07375139875748027,0.39255547738227115,0.20012527257186247,1.136759236456243,4,-2.2535754593419064,550,5,30
0.25494406403961417,0.34996900407496356,MN8014,MN8014,4.42520712617708,7.34587709881837,SSPG,SSPG,0.0737481493945058,0.39259408426885295,0.20012952928639668,1.1370427435220058,5,-2.2534796576988487,550,5,30
0.25487004289602766,0.3499745708335086,MN8014,MN8014,4.427029855954206,7.346033895386933,SSPG,SSPG,0.07377198612361689,0.39253437328777524,0.20012196357365003,1.136624183404869,7,-2.2535315671649627,550,5,30
0.2549748192507703,0.3499714391511084,MN8014,MN8014,4.423592578799765,7.346044064374332,SSPG,SSPG,0.07370532540979786,0.3925978708949589,0.20011957774050582,1.1371843225323621,2,-2.2536082568228615,550,5,30
0.2550321210666542,0.3499675912386111,MN8014,MN8014,4.422412925780904,7.34615002818516,SSPG,SSPG,0.07366928808011068,0.39262701848534454,0.2001233307375512,1.1373509817849965,2,-2.2536893480086615,550,5,30
0.25498972693486166,0.34996860672518704,MN8014,MN8014,4.423187691254586,7.345881415343407,SSPG,SSPG,0.07368540956589077,0.39260056514705244,0.2001199166120984,1.137161009918643,6,-2.2537355214675454,550,5,30
0.25506182457445664,0.34996442189997384,MN8014,MN8014,4.4202346971089295,7.346269592023985,SSPG,SSPG,0.0736316231459341,0.3926439855190412,0.20011739692726915,1.1375976555254765,0,-2.2537731745731957,550,5,30
0.25502397781788533,0.34996375768202215,MN8014,MN8014,4.421293864276025,7.346039913426449,SSPG,SSPG,0.07361707075001764,0.3926219479981844,0.20011908825823876,1.137367427459083,3,-2.2537475960924773,550,5,30
0.25502935596393367,0.3499704091794629,MN8014,MN8014,4.42310238544018,7.346446439828489,SSPG,SSPG,0.0736369637293256,0.39261847585466436,0.2001121218582818,1.137471334881817,1,-2.2537570822113864,550,5,30
0.25501034671896855,0.3499692493662725,MN8014,MN8014,4.4234992817014005,7.346409679509998,SSPG,SSPG,0.07365501458293403,0.3926090394673641,0.20011529993150523,1.1373709268638588,4,-2.253818342301537,550,5,30
0.25512062323419515,0.3499651155923292,MN8014,MN8014,4.422038338098229,7.34625907665346,SSPG,SSPG,0.07359665822277353,0.392684866102981,0.2001192558400186,1.1379558285034568,6,-2.2538351817222697,550,5,30
0.25509991005674953,0.34997005334747655,MN8014,MN8014,4.422247774444118,7.346271995578134,SSPG,SSPG,0.07360397205992396,0.39265929768092056,0.2001129972239183,1.1377841026250297,3,-2.253893224497512,550,5,30
0.255095401886809,0.34996254892855894,MN8014,MN8014,4.41888314178412,7.34647959161695,SSPG,SSPG,0.07358230780837592,0.3926518546014328,0.20011018524823293,1.1377376914596034,5,-2.2538915868487894,550,5,30
0.2551934075939796,0.34996314206573764,MN8014,MN8014,4.418629402715121,7.346123663994794,SSPG,SSPG,0.07352679027168861,0.3927145492029561,0.20011262349290374,1.1382170256759987,4,-2.2540143154298864,550,5,30
0.25515831481141016,0.34996525253402017,MN8014,MN8014,4.415560731642948,7.3463029413006495,SSPG,SSPG,0.07353336062938302,0.39268883815300715,0.20010435074843655,1.1381241309198051,7,-2.2539854442771627,550,5,30
0.2552505114611285,0.3499618340239275,MN8014,MN8014,4.414143984088533,7.346512625643525,SSPG,SSPG,0.07347810010464212,0.3927317983057562,0.20010386249558706,1.1384598486758564,0,-2.254199032907037,550,5,30
0.2552446178835807,0.3499548128186029,MN8014,MN8014,4.413043518501622,7.346394711826083,SSPG,SSPG,0.07348006222552275,0.3927345861690461,0.20010585579443238,1.1384373652178077,2,-2.2541280023809254,550,5,30
0.2552294804356486,0.3499595181095614,MN8014,MN8014,4.414450592359072,7.346085573628114,SSPG,SSPG,0.07347244476041231,0.39272421215273184,0.20010116664740976,1.1383921645983688,2,-2.2541378192964725,550,5,30
0.25533016036432343,0.3499514150787364,MN8014,MN8014,4.409604652842788,7.346591849546566,SSPG,SSPG,0.0734417661730597,0.39278653685131015,0.20010620084249797,1.138853743518014,7,-2.254136205008921,550,5,30
0.2552554876962218,0.3499616021946796,MN8014,MN8014,4.412950834454174,7.346591063672431,SSPG,SSPG,0.07344236714449123,0.3927382955497345,0.20009856991111044,1.1385954965350304,2,-2.254087214743638,550,5,30
0.25531813880730625,0.349962521111901,MN8014,MN8014,4.411950792951139,7.346669874431173,SSPG,SSPG,0.0733862276287478,0.3927816486816756,0.20010115334721448,1.1389699369415651,6,-2.25414821830768,550,5,30
0.2553230852136442,0.3499614199841464,MN8014,MN8014,4.407418895324652,7.346410706671891,SSPG,SSPG,0.07338035784001529,0.392768996477667,0.20009131955159676,1.1388994111459247,3,-2.254300376234676,550,5,30
0.2554177889556738,0.34995543859222256,MN8014,MN8014,4.406593141885725,7.34715389923006,SSPG,SSPG,0.07330324552213127,0.39281702871812524,0.20008692481298762,1.1394110969807962,4,-2.2544917664044632,550,5,30
0.25542908872519304,0.34995912423762204,MN8014,MN8014,4.399842607994854,7.347686517989402,SSPG,SSPG,0.073249355913126,0.3928059546409815,0.2000732609557067,1.1394876924910746,4,-2.2544886084017257,550,5,30
0.25542325831774826,0.34995161586683005,MN8014,MN8014,4.3986641841398475,7.347529470032343,SSPG,SSPG,0.07327259726533777,0.3928007738097983,0.200074836209181,1.1394054008247916,2,-2.2546535948503355,550,5,30
0.25546289454003407,0.3499598002895904,MN8014,MN8014,4.400992664587717,7.347697867825605,SSPG,SSPG,0.07324576810334188,0.3928245258819133,0.20007114192177833,1.1396988033590905,0,-2.2546678889759093,550,5,30
0.2555181900646388,0.3499511118843941,MN8014,MN8014,4.399144263061172,7.347307969550338,SSPG,SSPG,0.07315365148964623,0.3928631384132037,0.20007087668220783,1.139988208581121,4,-2.2547558304000734,550,5,30
0.2555252925875751,0.3499383278770013,MN8014,MN8014,4.392796287910281,7.347699386738166,SSPG,SSPG,0.0731075232376259,0.39287683650189187,0.20006971909469748,1.1401926792979298,2,-2.25474253700917,550,5,30
0.2555134269440983,0.349955128352884,MN8014,MN8014,4.386810006520414,7.348168832512446,SSPG,SSPG,0.07303806742223794,0.3928447075200242,0.20005007970563493,1.1402557440792562,1,-2.2550054498717227,550,5,30
0.2551846142468146,0.3499640498386969,MN8014,MN8014,4.395432457318202,7.3481803823717,SSPG,SSPG,0.07331295170051721,0.3926667170510784,0.20006271723740898,1.138550286001116,7,-2.253899103596625,550,5,30
0.25529846675649953,0.3499537244203239,MN8014,MN8014,4.402257912974558,7.347254803375924,SSPG,SSPG,0.07331850888610376,0.39274613326853686,0.20008565846843876,1.1388144251866725,6,-2.2541590204869415,550,5,30
0.2554566541125677,0.34995218684578244,MN8014,MN8014,4.389766602739004,7.3478981671607215,SSPG,SSPG,0.07308886470472784,0.39280124674167716,0.20005828177019,1.1396519283242976,3,-2.2548863650423048,550,5,30
0.25553024736557817,0.349952762107598,MN8014,MN8014,4.387350652498749,7.34825260407384,SSPG,SSPG,0.07295360446538368,0.3928519221490558,0.2000504475294024,1.1403123506629882,3,-2.255037281968196,550,5,30
0.25558217235766245,0.3499555875825618,MN8014,MN8014,4.3868695525439065,7.348366374590852,SSPG,SSPG,0.07293418728584909,0.3928713556956839,0.20004552829035363,1.1405213820891387,1,-2.2552153932113796,550,5,30
0.25572425976163804,0.34994376642173,MN8014,MN8014,4.3830809891718285,7.349215808869235,SSPG,SSPG,0.07282010610907196,0.3929617982866829,0.20004899799363238,1.1413252181893734,6,-2.2553209677375285,550,5,30
0.2556744533675842,0.34993550642781274,MN8014,MN8014,4.378872019526451,7.349040608039975,SSPG,SSPG,0.0728831919094887,0.39294100647401836,0.20004837521157004,1.1411442895755344,1,-2.2552046397571033,550,5,30
0.25564167591060766,0.34993244914347554,MN8014,MN8014,4.377531169331214,7.34896856893087,SSPG,SSPG,0.0727972482840949,0.39289913421284023,0.20004022604424704,1.1408353156583453,0,-2.2554265301764005,550,5,30
0.2556000464400278,0.349945821268575,MN8014,MN8014,4.372447998955529,7.349465781411393,SSPG,SSPG,0.07270821809350807,0.39288124609101804,0.20002982215516832,1.141016704368706,4,-2.2553614894359093,550,5,30
0.25565869867571733,0.34993168497718685,MN8014,MN8014,4.380832457685228,7.3491294581466615,SSPG,SSPG,0.07280681993441294,0.39291617794999323,0.20004601894165414,1.140933015298847,5,-2.2553593350080376,550,5,30
0.25567109601678456,0.34994268492911473,MN8014,MN8014,4.370312416865441,7.349408034662172,SSPG,SSPG,0.07270225530758119,0.39292763059696095,0.20003360613655202,1.14134814569306,2,-2.255451879960887,550,5,30
0.2557231669921896,0.34996367233713827,MN8014,MN8014,4.374437627427408,7.349890596486729,SSPG,SSPG,0.07276818750205861,0.39295493174459656,0.2000294734239551,1.141739005955646,6,-2.255534168358624,550,5,30
0.2557281439795064,0.34995010835709933,MN8014,MN8014,4.365709122152006,7.349366604374966,SSPG,SSPG,0.07272088953428935,0.39296537607601606,0.20003130955927526,1.1416811753198806,2,-2.255350317150697,550,5,30
0.25565389466577076,0.34994712337300554,MN8014,MN8014,4.3755603498748625,7.349311385668508,SSPG,SSPG,0.0729030719029726,0.3929277332324689,0.2000450486424726,1.1410819156201737,5,-2.254917659845958,550,5,30
0.25565440910209786,0.34994209833630346,MN8014,MN8014,4.371967414011658,7.349989824583967,SSPG,SSPG,0.07278940577176303,0.3928986878726524,0.20003242348288475,1.1410969926896501,7,-2.2555413809232228,550,5,30
0.2556787671818224,0.3499634632157732,MN8014,MN8014,4.376365074225296,7.349811518680314,SSPG,SSPG,0.0727934701922872,0.39293087174098784,0.20002993074506026,1.1415094506325443,6,-2.2553777584776853,550,5,30
0.25570659164278553,0.3499505620505503,MN8014,MN8014,4.375451492815024,7.349649662594026,SSPG,SSPG,0.0727579127810156,0.3929468635417236,0.20003459877853216,1.1414966345299842,6,-2.2553769354820563,550,5,30
0.2558577733613165,0.34993487280178537,MN8014,MN8014,4.3687646428492615,7.349332734620331,SSPG,SSPG,0.0726716904344068,0.39302428726548266,0.20003704076339324,1.1419325156730804,4,-2.2556532353401266,550,5,30
0.25574414423384295,0.34995138085501576,MN8014,MN8014,4.371894606701453,7.3492815395370705,SSPG,SSPG,0.0727461498789183,0.3929687403346088,0.20003172232441122,1.1416908550836729,1,-2.2555253340750347,550,5,30
0.25587269160411596,0.3499495626906955,MN8014,MN8014,4.372522062816263,7.349404631338382,SSPG,SSPG,0.07271412612760192,0.39305043422140384,0.20003737511936737,1.1422666003997062,1,-2.2555290863743096,550,5,30
0.25584913239779367,0.3499479625347466,MN8014,MN8014,4.369666358665658,7.349205843908911,SSPG,SSPG,0.07270091135384914,0.3930369764017151,0.20003482879408202,1.1421647229296807,7,-2.255486165601761,550,5,30
0.25596530451891036,0.34993624753068464,MN8014,MN8014,4.367512754846557,7.348554283465271,SSPG,SSPG,0.0726436628236264,0.3931117188740298,0.20004078201588446,1.1425406864023042,0,-2.2554911903547055,550,5,30
0.2558922368981382,0.34994821350939265,MN8014,MN8014,4.369083738640879,7.3491172461590715,SSPG,SSPG,0.07268165550007605,0.39306853945242626,0.2000382494870443,1.1423558691463818,5,-2.2553922341062638,550,5,30
0.25606669938844084,0.34992628132036124,MN8014,MN8014,4.367122208878077,7.348998914828309,SSPG,SSPG,0.0725613980442987,0.39317045136766526,0.20004607713866346,1.1429758648039314,3,-2.255666088886347,550,5,30
0.25604440831124886,0.3499207870475641,MN8014,MN8014,4.362308186992254,7.349419437442446,SSPG,SSPG,0.07254005986546784,0.39314953529064844,0.20003862833896208,1.1429319221355971,3,-2.2557274709076847,550,5,30
0.25613655203540125,0.34992485923573374,MN8014,MN8014,4.3615865685321245,7.349460837461258,SSPG,SSPG,0.07254579569541855,0.39321270601745145,0.20004802710151123,1.1433187781219787,7,-2.2556312839257,550,5,30
0.2561558638113608,0.34991610973373183,MN8014,MN8014,4.3614145391684245,7.349347979717817,SSPG,SSPG,0.07248629595319145,0.39321631854333844,0.20004566643033778,1.1433443438228452,4,-2.255855644373879,550,5,30
0.25607072128256736,0.34992136603967355,MN8014,MN8014,4.360901309221865,7.3498375475439826,SSPG,SSPG,0.07252406295213526,0.3931591929580926,0.2000417639885006,1.142965914173891,4,-2.2556720144563673,550,5,30
0.2560365106944295,0.34992215635136126,MN8014,MN8014,4.361220825907692,7.349821246744483,SSPG,SSPG,0.07247429209657391,0.3931230845884172,0.20003770758376,1.1427362950417335,0,-2.25598265688234,550,5,30
0.25602365215018336,0.34992905094398136,MN8014,MN8014,4.364269785453551,7.349933547825855,SSPG,SSPG,0.07250133664956557,0.39310979238561333,0.20003698622557792,1.1426395498113489,4,-2.255968108999655,550,5,30
0.2558713703282621,0.3499261878631057,MN8014,MN8014,4.363930679954488,7.349428615146887,SSPG,SSPG,0.07256796956426503,0.3930322360620308,0.20003458460232376,1.1420244242758684,1,-2.2556496822177827,550,5,30
0.255999100243025,0.34992258488482886,MN8014,MN8014,4.356971336613484,7.349651316210297,SSPG,SSPG,0.07249811839224518,0.3931017265949499,0.2000328334644129,1.1425955565436778,6,-2.2558681390860595,550,5,30
0.2559802868912985,0.3499274743162416,MN8014,MN8014,4.357160910206382,7.3497538209042155,SSPG,SSPG,0.07240678595734451,0.3930766694245999,0.2000265458343955,1.1424787029393149,3,-2.2559833149509316,550,5,30
0.2560615729968172,0.3499203085238488,MN8014,MN8014,4.358240529765115,7.349546842208418,SSPG,SSPG,0.07239799594432077,0.3931348564076534,0.2000344239291692,1.1428285951130062,4,-2.2560428489959232,550,5,30
0.25567583031379326,0.34995838714841476,MN8014,MN8014,4.37259199843552,7.349448679199627,SSPG,SSPG,0.07263911094509609,0.39288505394625955,0.20002720584201383,1.140936596086025,7,-2.2557378397174563,550,5,30
0.255860038177231,0.34993896583080597,MN8014,MN8014,4.367300939579929,7.3498270397053265,SSPG,SSPG,0.07259376519154435,0.39300300855214143,0.20003602469509793,1.1417456298556772,4,-2.2557262601599657,550,5,30
0.25597860884971907,0.3499225308875162,MN8014,MN8014,4.360097808515928,7.3497657553324,SSPG,SSPG,0.07245606722380162,0.3930770223197768,0.20003387786680032,1.1423611071665158,7,-2.2559693457288095,550,5,30
0.255885969944281,0.3499367189152047,MN8014,MN8014,4.363786247282878,7.349726590229071,SSPG,SSPG,0.07250756401099845,0.39302059602711603,0.20003397283447244,1.141921421423318,5,-2.2557654223373245,550,5,30
0.2557868885188592,0.34994820771310614,MN8014,MN8014,4.372367591673069,7.349111808343374,SSPG,SSPG,0.07267105324532115,0.3929602412125337,0.20003858393890378,1.1413173938344676,1,-2.255737202440688,550,5,30
0.2559165468737282,0.3499334587004277,MN8014,MN8014,4.366109402813811,7.349235553920647,SSPG,SSPG,0.07253295066034636,0.3930542296785786,0.2000379627435342,1.1421553084504548,0,-2.2558350171087866,550,5,30
0.25594973155874357,0.3499528273689383,MN8014,MN8014,4.368219861623994,7.3497837468017755,SSPG,SSPG,0.07246600452623025,0.39306296293178955,0.20003033599659922,1.142465800709179,1,-2.256063908498348,550,5,30
0.2560020347502205,0.3499387186312315,MN8014,MN8014,4.365641460183809,7.349676513591133,SSPG,SSPG,0.0724713976549368,0.3931049805729728,0.2000344007448628,1.142688293760438,1,-2.2559174686167474,550,5,30
0.2561169608809508,0.3499408821081684,MN8014,MN8014,4.363210059570249,7.349935352639806,SSPG,SSPG,0.07237517569634826,0.39316707430883585,0.2000385298037868,1.1431215289517498,4,-2.2559890475676063,550,5,30
0.25623687001258466,0.3499336692996803,MN8014,MN8014,4.358792804191483,7.349925517245422,SSPG,SSPG,0.07225867749373177,0.39322936833974625,0.200035288949811,1.1436650900945042,1,-2.2564109355392983,550,5,30
0.25627409217311686,0.3499438685468922,MN8014,MN8014,4.361166646259989,7.349620927663594,SSPG,SSPG,0.07232070395561287,0.3932671168101055,0.20003902301763868,1.1439479560673025,6,-2.256273769289045,550,5,30
0.2562453054091196,0.34994478790713074,MN8014,MN8014,4.357432474032083,7.3497935598820305,SSPG,SSPG,0.0722467417448884,0.3932409929833343,0.20003310635465654,1.1438370805174256,2,-2.256357558150018,550,5,30
0.25638550391500453,0.3499627820243984,MN8014,MN8014,4.361119330363903,7.349526161565947,SSPG,SSPG,0.07221233849698755,0.3933358281083967,0.20003342938077234,1.1446822124870715,4,-2.256524114236564,550,5,30
0.2564011422576351,0.34992482735889485,MN8014,MN8014,4.353902463227661,7.349277418429471,SSPG,SSPG,0.07220953826035395,0.3933582750962591,0.20004043951145548,1.1446170279875676,0,-2.256318895324533,550,5,30
0.25632659839546107,0.34994582281946657,MN8014,MN8014,4.36025413736458,7.3490827559293175,SSPG,SSPG,0.07219747598636411,0.39329744704755465,0.2000358924310143,1.1442081907787598,6,-2.25645588803372,550,5,30
0.2563607437719411,0.34995663926427034,MN8014,MN8014,4.362985946547356,7.3491090560089045,SSPG,SSPG,0.07223185408638555,0.39332690219743877,0.20003862527950764,1.1444776959088103,6,-2.256423709776696,550,5,30
0.25634807044170005,0.34997379818050595,MN8014,MN8014,4.360046692131289,7.3492809727411466,SSPG,SSPG,0.07217018656875482,0.39331246089392585,0.20002361872521987,1.144658011446305,0,-2.2565420835321675,550,5,30
0.2565766646322468,0.3499640652340303,MN8014,MN8014,4.360230838429272,7.349104391381693,SSPG,SSPG,0.07208102369389692,0.3934621547485237,0.2000343843853255,1.1456506515747962,0,-2.256630290734968,550,5,30
0.25641869710134046,0.3499524857797645,MN8014,MN8014,4.351340478519541,7.349454199965795,SSPG,SSPG,0.07205348742110788,0.3933596869485261,0.20002498861105694,1.144978960256827,6,-2.256527746178417,550,5,30
0.2565812057375229,0.3499513013542713,MN8014,MN8014,4.362627908665551,7.349470807657701,SSPG,SSPG,0.07212598873674539,0.3934678925513793,0.200042317765993,1.1455992205539003,1,-2.256603529315605,550,5,30
0.2565648071393699,0.3499513394465536,MN8014,MN8014,4.353901847657142,7.349469314009596,SSPG,SSPG,0.0720498144299515,0.39345452083728233,0.2000307479385497,1.1456718212251347,4,-2.2566883070800365,550,5,30
0.25683986779292867,0.3499571309229615,MN8014,MN8014,4.354809920212334,7.349308381536203,SSPG,SSPG,0.07194772916621095,0.3936392236957414,0.20004536784767163,1.1469774969706115,6,-2.25677216642379,550,5,30
0.2567177976333415,0.3499635210981434,MN8014,MN8014,4.358923413639969,7.3490056807144555,SSPG,SSPG,0.07197553547044087,0.3935573890430536,0.200041390154904,1.146339756028857,0,-2.2567157877264226,550,5,30
0.25675767060861066,0.34995319588506046,MN8014,MN8014,4.3546297713570645,7.349012325213874,SSPG,SSPG,0.07193354077969312,0.39358706902706625,0.200042607072475,1.1465803760724755,3,-2.2568284538721475,550,5,30
0.25687773417946763,0.3499655923680469,MN8014,MN8014,4.355560233031472,7.349086055107766,SSPG,SSPG,0.07190765359702209,0.3936664503962836,0.20004921078750576,1.1471450068104962,0,-2.2567312922466947,550,5,30
0.2568419994027401,0.34997379185921257,MN8014,MN8014,4.354588315066978,7.34897677559659,SSPG,SSPG,0.07185936679304186,0.39364041534026395,0.2000404040965576,1.1471248674624053,3,-2.2569422775604284,550,5,30
0.25682213780494445,0.3499631381103095,MN8014,MN8014,4.354169286568938,7.349587432620215,SSPG,SSPG,0.07187755696592851,0.3936216842631276,0.20004079583483186,1.1469620192092718,0,-2.256859655658909,550,5,30
0.25681864619279643,0.34996647969317884,MN8014,MN8014,4.359350707922556,7.349217141265168,SSPG,SSPG,0.07187961316581129,0.39362392160998616,0.20004920000097642,1.1468470942050915,6,-2.256840339224908,550,5,30
0.25682108750655225,0.3499682293589728,MN8014,MN8014,4.354421902775241,7.34979613973255,SSPG,SSPG,0.07183477392148066,0.39360779498130394,0.20003677891324964,1.1469348892866962,5,-2.257075290418472,550,5,30
0.25674041627403293,0.3499703323619343,MN8014,MN8014,4.355776974301379,7.349582406846011,SSPG,SSPG,0.07190800755232506,0.39355587589637764,0.20003526735414312,1.1464904196475363,7,-2.256964805583733,550,5,30
0.2566509392808321,0.34997566585018625,MN8014,MN8014,4.356601677404253,7.34934414082543,SSPG,SSPG,0.07191970484248736,0.39350292987446206,0.20003215976311634,1.1460972213657068,5,-2.256803685913532,550,5,30
0.25688012465156385,0.3499696857941091,MN8014,MN8014,4.353583710833001,7.349058018620229,SSPG,SSPG,0.07179505892060506,0.39365995617326865,0.20003831759539284,1.147300527891793,7,-2.2570404840903393,550,5,30
0.256728707797939,0.34996438066690533,MN8014,MN8014,4.350276657592663,7.349334762654804,SSPG,SSPG,0.07189754458280116,0.3935539275041543,0.20003545311516066,1.1464293715724145,4,-2.2568681481889747,550,5,30
0.25673523327553993,0.3499696321184006,MN8014,MN8014,4.351968844925155,7.349335460261386,SSPG,SSPG,0.07186141561092564,0.3935595964529698,0.20003130536141286,1.14656651231136,7,-2.2568759883551195,550,5,30
0.25671017183444145,0.34995861418372015,MN8014,MN8014,4.351011302686222,7.34973554705917,SSPG,SSPG,0.07190060468284129,0.3935327505008219,0.20003280034815782,1.1463236678754716,4,-2.2570363401935793,550,5,30
0.2567575319070283,0.3499660979280115,MN8014,MN8014,4.35056735045551,7.349433061227087,SSPG,SSPG,0.07188719713740432,0.39356865519687123,0.2000321360530597,1.1466138827582375,4,-2.25698012405665,550,5,30
0.2567744663681175,0.349965659497915,MN8014,MN8014,4.351298944147556,7.349292909795011,SSPG,SSPG,0.07189334596040725,0.3935763148448087,0.20003516928236134,1.1465879163250219,7,-2.2569871093508507,550,5,30
0.2566735257321495,0.3499747844020078,MN8014,MN8014,4.354380045357985,7.349237437781376,SSPG,SSPG,0.07191748039053339,0.3935106872010482,0.20003025217388715,1.1461613311145324,7,-2.256964791514747,550,5,30
0.25665815403715236,0.3499747150286518,MN8014,MN8014,4.352799499605852,7.349227596056623,SSPG,SSPG,0.07190461015455671,0.3934966342906349,0.200028147163467,1.1460582797048144,1,-2.256977849733113,550,5,30
0.25664801313422897,0.3499704630832516,MN8014,MN8014,4.354782756156612,7.349290221832279,SSPG,SSPG,0.07191352272721908,0.3934913249039442,0.200030755851762,1.145973357786081,6,-2.2569419571285714,550,5,30
0.25673909956676033,0.3499678950554872,MN8014,MN8014,4.3540137514615544,7.349511079714798,SSPG,SSPG,0.07190700610810456,0.39355439678551574,0.2000347214795884,1.1464727398657018,0,-2.256999894191317,550,5,30
0.25677124696252973,0.34997743562462974,MN8014,MN8014,4.352990957540323,7.349284250917233,SSPG,SSPG,0.07186622226663555,0.393573338052716,0.20003280032252085,1.1466464956922091,7,-2.25702436509701,550,5,30
0.2567478172656879,0.3499739828490779,MN8014,MN8014,4.355137887076802,7.349371778206457,SSPG,SSPG,0.07187756115826034,0.39355610345090836,0.20003432509119012,1.1464930833136635,7,-2.2570817468906377,550,5,30
0.2567481583995565,0.3499750536396785,MN8014,MN8014,4.355541651354072,7.349171336417196,SSPG,SSPG,0.07187847112667284,0.3935585523443661,0.20003430749232784,1.1464943441237176,6,-2.2570556521445724,550,5,30
0.25677997137452335,0.3499750343650948,MN8014,MN8014,4.3539539288637705,7.349279168840107,SSPG,SSPG,0.07187848807924488,0.39358228086779873,0.20003443450926275,1.146714099853845,7,-2.2570619872937137,550,5,30
0.25681013520442625,0.3499754604668637,MN8014,MN8014,4.354358003361825,7.349241058902954,SSPG,SSPG,0.07185138588378343,0.393604000517872,0.200036083495222,1.1468682879738137,5,-2.2570382046967303,550,5,30
0.2568001338066808,0.349975285455249,MN8014,MN8014,4.352633193781316,7.34932975427878,SSPG,SSPG,0.07182964865076659,0.3935896125837326,0.20003432335005406,1.146775036809867,0,-2.2571524973108,550,5,30
0.256758808051781,0.34997351474798843,MN8014,MN8014,4.35190035279339,7.349375725528184,SSPG,SSPG,0.071832703670762,0.39356067051082744,0.20003139853776267,1.1465748116622754,4,-2.2571444931204567,550,5,30
0.25683368509065063,0.34997339828043295,MN8014,MN8014,4.35037862895104,7.3494432009156885,SSPG,SSPG,0.07178783271708557,0.3936074609406332,0.20003242890585202,1.1469469666391303,7,-2.257216042134372,550,5,30
0.2568538351157604,0.34997389214732005,MN8014,MN8014,4.350335046550232,7.349368907551767,SSPG,SSPG,0.07178454879649987,0.3936213263124052,0.20003302435169185,1.147046658275245,5,-2.2572304955084945,550,5,30
0.2568484004370005,0.34997492651605955,MN8014,MN8014,4.350996170633076,7.349260177214409,SSPG,SSPG,0.07177836782772734,0.393618694761636,0.20003292904308495,1.1470222735447475,2,-2.2572299471259623,550,5,30
0.2568081920007307,0.34997358359067215,MN8014,MN8014,4.350775954493704,7.349304081089234,SSPG,SSPG,0.0718065763689091,0.39359234962645806,0.20003213074418896,1.1468090049328756,7,-2.2571725798156628,550,5,30
0.2568783017537794,0.34997411573002213,MN8014,MN8014,4.350208402090029,7.349334303123053,SSPG,SSPG,0.07176457950012437,0.3936388922693116,0.20003404909437136,1.1471795678224792,0,-2.2572352511149347,550,5,30
0.25689052330120693,0.3499751861477156,MN8014,MN8014,4.350263133661933,7.349468797014434,SSPG,SSPG,0.07175381811461783,0.39364553623274445,0.2000339162103656,1.1472532243335865,5,-2.2572553809325377,550,5,30
0.2568905452007282,0.3499746480977838,MN8014,MN8014,4.350744282362407,7.349439477657784,SSPG,SSPG,0.07174913834468248,0.3936479350821903,0.20003397894628064,1.1472828591744104,2,-2.2572621051904793,550,5,30
0.25688810911044074,0.3499726784648849,MN8014,MN8014,4.350072175158409,7.349522028403964,SSPG,SSPG,0.07175342106837412,0.39364436559986177,0.20003381221348224,1.1472487828543532,2,-2.2572591348407034,550,5,30
0.2568916697501634,0.3499743245099187,MN8014,MN8014,4.350844155788036,7.349594702792052,SSPG,SSPG,0.07176137270744633,0.3936465798004079,0.20003401313065264,1.1472760780231677,3,-2.2572552259964347,550,5,30
0.25688690018790483,0.3499738167473691,MN8014,MN8014,4.351619391241823,7.349505364248902,SSPG,SSPG,0.07180287477989872,0.393645745901013,0.20003568995209509,1.1472281255191232,6,-2.2572098263743783,550,5,30
0.25690837045968723,0.34997544819642634,MN8014,MN8014,4.351266051922208,7.349589134459263,SSPG,SSPG,0.07179008634543475,0.3936595989084304,0.20003611572486027,1.1473529993353622,6,-2.2572372284496183,550,5,30
0.2568753303025688,0.34997827957483757,MN8014,MN8014,4.353071311042156,7.349416762757359,SSPG,SSPG,0.07180011915495672,0.39363968282040557,0.20003504612104525,1.1471968888657522,4,-2.2571819251708867,550,5,30
0.2568973002249725,0.3499769279538161,MN8014,MN8014,4.352656753316594,7.349376405081406,SSPG,SSPG,0.07180460479905565,0.3936566285330165,0.20003724938673667,1.1473006816800937,3,-2.2571827621305225,550,5,30
0.2569337424931779,0.34997850555003174,MN8014,MN8014,4.35182670452334,7.349491997490176,SSPG,SSPG,0.07176290188946491,0.39368061067021093,0.20003608734194955,1.147539161378845,2,-2.2572259708913034,550,5,30
0.2569210952840853,0.34998083739693475,MN8014,MN8014,4.351474293637514,7.349471919993266,SSPG,SSPG,0.07175885906507035,0.3936741196523953,0.2000347350681651,1.1475243489416282,2,-2.257218173281272,550,5,30
0.2569402261295502,0.34997924606337427,MN8014,MN8014,4.351030841054,7.34964475746676,SSPG,SSPG,0.07175320546889336,0.3936859972836371,0.2000344856338651,1.1476445904356538,1,-2.257258502969803,550,5,30
0.2569452772948346,0.3499796202483881,MN8014,MN8014,4.351465990171776,7.349570896036564,SSPG,SSPG,0.07175653505602943,0.39369034596620833,0.20003590873974209,1.1476489253217843,4,-2.257235809983893,550,5,30
0.2569417634969646,0.34997930624323276,MN8014,MN8014,4.353230567290741,7.349577774639451,SSPG,SSPG,0.0717720043984236,0.393687825108535,0.20003836177233061,1.1475926693230676,7,-2.257235382405378,550,5,30
0.25694838664057784,0.3499791629730076,MN8014,MN8014,4.350717502173654,7.349585620544845,SSPG,SSPG,0.07172910212447613,0.3936898599452842,0.20003554532625964,1.147652184278023,4,-2.2572865146741385,550,5,30
0.25694313233480065,0.34998109839889163,MN8014,MN8014,4.350620207498071,7.349538547237657,SSPG,SSPG,0.07172557295202765,0.39368572358561643,0.2000353749201712,1.1476115861910738,3,-2.2572584258644337,550,5,30
0.2570303356471326,0.34998185032884577,MN8014,MN8014,4.350996623869352,7.349701497260183,SSPG,SSPG,0.07168213725608608,0.3937457523086859,0.20003738367064466,1.1481190596141833,1,-2.2573636785995497,550,5,30
0.25699929824589485,0.34997910853644165,MN8014,MN8014,4.350119471019476,7.349740764701927,SSPG,SSPG,0.07169285957753492,0.3937213958145951,0.20003583544821182,1.1479226160836538,3,-2.25736027708769,550,5,30
0.25697954988371907,0.34998058441141444,MN8014,MN8014,4.350957136002804,7.3496845769108905,SSPG,SSPG,0.07170816010318504,0.3937098886829794,0.20003636985985385,1.147817072905954,3,-2.2573024811257643,550,5,30
0.25698908494415096,0.3499822297761729,MN8014,MN8014,4.351648667646595,7.349678489189972,SSPG,SSPG,0.07170055546261093,0.3937148829781075,0.2000363762433238,1.1478603179377211,5,-2.2573321624275238,550,5,30
0.2569937790164598,0.34998034243695275,MN8014,MN8014,4.350351488911837,7.349777612248234,SSPG,SSPG,0.07167610410220097,0.3937150918704826,0.20003629778886972,1.1478577749259733,6,-2.2573381137554183,550,5,30
0.25698301376308524,0.3499793909350998,MN8014,MN8014,4.351704092066314,7.349671410053672,SSPG,SSPG,0.07169932282920209,0.39371070096483324,0.2000375444395483,1.1477954190037023,3,-2.2573112053486426,550,5,30
0.2569833216245777,0.349981184709361,MN8014,MN8014,4.3516396912401785,7.349598559983657,SSPG,SSPG,0.07168356466118524,0.39370819102872295,0.20003601228923043,1.1477966448538006,4,-2.2573846595721925,550,5,30
0.25699868601091347,0.3499805051234606,MN8014,MN8014,4.350436946571074,7.34964482278572,SSPG,SSPG,0.07167006082376594,0.39371921390902753,0.2000364109564173,1.1478888680599373,6,-2.257389048912188,550,5,30
0.2569926979432901,0.34998076940095924,MN8014,MN8014,4.350433585798493,7.349705215896724,SSPG,SSPG,0.07168077629396946,0.3937161118148186,0.20003649420973293,1.1478718390128329,6,-2.25736626514575,550,5,30
0.2570275133040315,0.3499828477209368,MN8014,MN8014,4.350813330219587,7.349702124544637,SSPG,SSPG,0.07164011051969825,0.3937418977644999,0.20003727764499163,1.1480942889084158,3,-2.2573832917051213,550,5,30
0.25701940353823827,0.34998129591723515,MN8014,MN8014,4.350575922134379,7.349552699692918,SSPG,SSPG,0.07164166739323422,0.39373413022461196,0.2000366012407344,1.148010488017138,3,-2.2574213806760266,550,5,30
0.25702621075819154,0.3499831994044087,MN8014,MN8014,4.350731293372208,7.349643479576404,SSPG,SSPG,0.07161449526781916,0.3937382241944172,0.2000362092935082,1.1480753758707691,7,-2.25744457995612,550,5,30
0.2570506626253999,0.34998269551267064,MN8014,MN8014,4.3516273141026245,7.3497891023907505,SSPG,SSPG,0.0716234511062064,0.39375592790302555,0.2000370943541014,1.1482328320655784,7,-2.2574679566577274,550,5,30
0.2570149056534774,0.3499848328761518,MN8014,MN8014,4.352094477515547,7.349695740938879,SSPG,SSPG,0.07162247941681256,0.3937327997864965,0.20003538855046354,1.1480721135548722,3,-2.257449144323301,550,5,30
0.2570669413109721,0.3499844544418934,MN8014,MN8014,4.351088871677615,7.349895742043616,SSPG,SSPG,0.07159352999243133,0.39376344032679694,0.20003655110672694,1.1483177523261658,2,-2.2575233803153143,550,5,30
0.25704958070465933,0.34998400813242586,MN8014,MN8014,4.351232473103139,7.349980732429218,SSPG,SSPG,0.07158615445450438,0.393750815879319,0.20003574575952923,1.1482361446069271,4,-2.2575188331578477,550,5,30
0.25705315758788744,0.3499825015805982,MN8014,MN8014,4.350773840811306,7.349881588280215,SSPG,SSPG,0.07160250282947256,0.393754812794808,0.2000371213578699,1.148224947933279,2,-2.2574774027036923,550,5,30
0.2570507572320696,0.34998520601348143,MN8014,MN8014,4.350568769641098,7.349890096777809,SSPG,SSPG,0.07158966910539435,0.3937548508700536,0.2000352765837384,1.1482770200741306,7,-2.257489449164259,550,5,30
0.2570677188525529,0.34998369056039697,MN8014,MN8014,4.35061274201188,7.349846281053212,SSPG,SSPG,0.07158910343977144,0.3937662418559315,0.20003704243076545,1.1483233330885332,7,-2.257466742547667,550,5,30
0.2570893415257269,0.3499820512751869,MN8014,MN8014,4.350339144204438,7.34997735985724,SSPG,SSPG,0.07158624556573974,0.39377972803810546,0.20003791481572128,1.1484296156995857,4,-2.257491265548893,550,5,30
0.25708465816615844,0.3499846556705373,MN8014,MN8014,4.350820468088069,7.349839644369434,SSPG,SSPG,0.07158154072632229,0.3937767034677483,0.2000368792320624,1.1484200717619601,2,-2.2575273989042284,550,5,30
0.25713629378951497,0.3499855718622793,MN8014,MN8014,4.3510467355464035,7.349926333466687,SSPG,SSPG,0.07156320117660553,0.3938120365877737,0.20003879106421962,1.1486995943958074,6,-2.25756116956687,550,5,30
0.2570925021579876,0.34998465277506535,MN8014,MN8014,4.351379058709655,7.349846661451339,SSPG,SSPG,0.07157437378382962,0.39378421323991114,0.20003812301372614,1.1484679478838045,2,-2.2574885990991973,550,5,30
0.25710867303377705,0.349985530667716,MN8014,MN8014,4.351447406427177,7.349905159916425,SSPG,SSPG,0.07157598793225559,0.3937904443065581,0.2000378637604953,1.1485185398480624,7,-2.25755569767845,550,5,30
0.25710608121659795,0.34998656378102716,MN8014,MN8014,4.351311831520393,7.349904176815752,SSPG,SSPG,0.07156058438494073,0.39379018452145076,0.20003711843518493,1.1485463072417859,7,-2.2575701940671884,550,5,30
0.2570945112379831,0.349987110951171,MN8014,MN8014,4.351709714481608,7.349851676822874,SSPG,SSPG,0.07156396088517926,0.3937833873915575,0.2000372826090187,1.1484833684473328,3,-2.257539392663011,550,5,30
0.25713560398200797,0.34998849934694504,MN8014,MN8014,4.351400791159823,7.349919594084998,SSPG,SSPG,0.07154148184591827,0.39380955951187907,0.2000373491648322,1.1487065251720359,1,-2.2575865720824364,550,5,30
0.25713980206136944,0.3499875222100235,MN8014,MN8014,4.350799536296339,7.349951192277976,SSPG,SSPG,0.07153610461792807,0.3938125788250818,0.2000369298159399,1.1487432904754207,4,-2.257602767673765,550,5,30
0.25711746851529504,0.3499863741859953,MN8014,MN8014,4.350431037858158,7.349878913698733,SSPG,SSPG,0.07155739214204884,0.3937960852130404,0.20003687315114502,1.148579214907182,0,-2.2575680273903824,550,5,30
0.2571417884879864,0.3499854075081198,MN8014,MN8014,4.350071025392789,7.349949763090087,SSPG,SSPG,0.07153637241562819,0.39381129217672417,0.200037100301419,1.1487083309021688,6,-2.2576105743571926,550,5,30
0.2571602407643691,0.349988443308471,MN8014,MN8014,4.3505223270751685,7.349966138720363,SSPG,SSPG,0.07152223266244045,0.393823997878874,0.20003724847028106,1.1488268511113038,3,-2.2576286437214854,550,5,30
0.25715116660802617,0.3499871828861168,MN8014,MN8014,4.3508964816991735,7.349976907652201,SSPG,SSPG,0.0715215571887305,0.39381781324747867,0.20003751056453373,1.1487735430350243,6,-2.2576331934741205,550,5,30
0.25717681625903427,0.349987463872685,MN8014,MN8014,4.350246325743778,7.349940794033129,SSPG,SSPG,0.07151000644345505,0.3938357802498885,0.20003800437194752,1.148909196127498,3,-2.2576373538843875,550,5,30
0.2571446296157202,0.3499870148965261,MN8014,MN8014,4.350574351121522,7.349988028929111,SSPG,SSPG,0.07152337401296965,0.3938127717297462,0.20003701153599215,1.1487389230589131,3,-2.257637350643316,550,5,30
0.257183197861218,0.34998747537846675,MN8014,MN8014,4.350966642676437,7.349998795255781,SSPG,SSPG,0.07150385196520466,0.39384125040779333,0.20003903903842807,1.1489548986476454,2,-2.2576366979265803,550,5,30
0.25716516584408333,0.34998908272271445,MN8014,MN8014,4.351471728346609,7.349995723843293,SSPG,SSPG,0.07151202897033254,0.39382987626619104,0.20003844928097006,1.1488759141226375,1,-2.2576080401132668,550,5,30
0.2571529187573386,0.34998820432844663,MN8014,MN8014,4.351079994594511,7.349995436148232,SSPG,SSPG,0.07151779456483529,0.39382178587110794,0.20003780909296182,1.1488197762636099,5,-2.2576117246427714,550,5,30
0.2571491781919744,0.34998880105119623,MN8014,MN8014,4.3513679240856,7.349977466506598,SSPG,SSPG,0.0715303223426536,0.3938190700364504,0.20003795424839857,1.148788155902234,0,-2.2575945472620855,550,5,30
0.2571544497998001,0.3499884128781663,MN8014,MN8014,4.351188065096178,7.349935125450911,SSPG,SSPG,0.07152738239612681,0.3938199932734648,0.2000378889102281,1.1487811741084117,4,-2.257629364707576,550,5,30
0.25713865448817225,0.3499887145286721,MN8014,MN8014,4.351290218413005,7.349926900015273,SSPG,SSPG,0.07152414837681785,0.3938098898068661,0.20003714690944333,1.1487158650884046,3,-2.257625565149395,550,5,30
0.257170061712609,0.34998870088893796,MN8014,MN8014,4.350716198691268,7.349925179285701,SSPG,SSPG,0.07150577510960757,0.3938296403017034,0.2000375803071696,1.1488658077915215,7,-2.2576599908157835,550,5,30
0.2571901519979096,0.34999009364575334,MN8014,MN8014,4.350944047883131,7.3499509274353185,SSPG,SSPG,0.07149250315526703,0.3938451926577903,0.20003808357588063,1.1490066623183988,4,-2.257671247208215,550,5,30
0.25719128318449225,0.3499901170261376,MN8014,MN8014,4.350679557088334,7.349967737032502,SSPG,SSPG,0.07148098190358462,0.3938439182761383,0.20003778656321033,1.1489989488933432,6,-2.2576967996476434,550,5,30
0.25720207077395296,0.3499897042762392,MN8014,MN8014,4.350891310242614,7.349951535527179,SSPG,SSPG,0.07147408834378763,0.3938507654478786,0.20003859050863912,1.1490387133671165,7,-2.257707688520229,550,5,30
0.257182525421558,0.3499892831957587,MN8014,MN8014,4.351182841929672,7.349901234484356,SSPG,SSPG,0.07148121491849765,0.39383802653122996,0.20003792241764126,1.1489362484049477,7,-2.2576875519598314,550,5,30
0.25717305856691647,0.34998848657015885,MN8014,MN8014,4.350651777656568,7.349902182700966,SSPG,SSPG,0.07147954147517793,0.39383073199154556,0.2000375269292832,1.14887408541993,6,-2.2576775134471028,550,5,30
0.2571934499870214,0.34998830506835077,MN8014,MN8014,4.350559994130259,7.349906084888562,SSPG,SSPG,0.07147248217426566,0.3938456257822323,0.20003849905384194,1.148984054011994,7,-2.257673720079623,550,5,30
0.2572124619671309,0.3499891056489667,MN8014,MN8014,4.3505741200630945,7.349925950119043,SSPG,SSPG,0.0714675574960844,0.3938589356583805,0.20003869726633403,1.1491006825866754,7,-2.25769747138143,550,5,30
0.25722881797310176,0.3499906359868852,MN8014,MN8014,4.3502950120586314,7.349994791318704,SSPG,SSPG,0.07144100926039064,0.39386856823727157,0.20003809085134322,1.1492063874824967,6,-2.257741334494872,550,5,30
0.25722914337907693,0.3499906123889663,MN8014,MN8014,4.350665512454229,7.349963339689289,SSPG,SSPG,0.07144272686385666,0.3938683905771566,0.20003865408137025,1.1491907955485114,2,-2.257745003594632,550,5,30
0.25722650334186214,0.3499913991037094,MN8014,MN8014,4.350235592243269,7.349995685263069,SSPG,SSPG,0.07142592792920979,0.3938666333734233,0.20003716570082283,1.149210648126111,6,-2.2577556451655525,550,5,30
0.25724188363173767,0.34999141926379584,MN8014,MN8014,4.350712226166453,7.349889730269615,SSPG,SSPG,0.0714213131794868,0.39387804202056453,0.200038467014813,1.1492763759023266,1,-2.2577663359259486,550,5,30
0.25724166849938296,0.3499918594605572,MN8014,MN8014,4.3503073607967995,7.3499507048182,SSPG,SSPG,0.07140518830933816,0.39387525306163707,0.20003723802171247,1.1492752477669144,7,-2.2577954294975626,550,5,30
0.2572539634061643,0.34999154219812695,MN8014,MN8014,4.3504038681682555,7.3499371626642676,SSPG,SSPG,0.07140127736443802,0.39388476935769634,0.20003813960358363,1.1493388518232135,1,-2.257781808933391,550,5,30
0.25726032283299954,0.3499933144170151,MN8014,MN8014,4.350673886629762,7.349857460452277,SSPG,SSPG,0.07139703002098395,0.3938907630339726,0.20003806342431105,1.1493961026637605,7,-2.257795113353538,550,5,30
0.2572816569261279,0.34999272693196254,MN8014,MN8014,4.351210411739288,7.349945708770017,SSPG,SSPG,0.07139177359611666,0.39390589387086467,0.20003981736357898,1.1495061245229796,0,-2.2577925862997272,550,5,30
0.2573098167333529,0.3499922654598281,MN8014,MN8014,4.350133256658041,7.349963843988212,SSPG,SSPG,0.07135625646474483,0.3939228203533738,0.2000394316625587,1.149649727129166,3,-2.257841936242629,550,5,30
0.2573046383545023,0.3499922449602434,MN8014,MN8014,4.350485877211052,7.349979518656819,SSPG,SSPG,0.07134942568402215,0.3939207087405159,0.20003888350071716,1.1496511277243164,5,-2.257834489482656,550,5,30
0.25730631913782653,0.3499911294952336,MN8014,MN8014,4.350341294894929,7.349948204976966,SSPG,SSPG,0.07135537282577818,0.39392200141508527,0.2000397897727589,1.1496347386869528,0,-2.257813143280675,550,5,30
0.25732665433031016,0.3499942173889891,MN8014,MN8014,4.350846183808782,7.349971898105482,SSPG,SSPG,0.07133711033269977,0.39393977359670607,0.20004029067600138,1.1498034363344587,6,-2.2577888507757624,550,5,30
0.25738119291945355,0.34999460809031807,MN8014,MN8014,4.350188730873903,7.349955779025252,SSPG,SSPG,0.07127837861458913,0.3939734076780985,0.20003978313849424,1.1500952864264167,0,-2.257920477209879,550,5,30
0.2573844216957339,0.3499959152999166,MN8014,MN8014,4.350579638949504,7.349940377779013,SSPG,SSPG,0.07125229494378503,0.39397455853277424,0.20003900383807188,1.1501281951890876,5,-2.2579731634618057,550,5,30
0.25743132576176275,0.3499960584842935,MN8014,MN8014,4.350241639826865,7.349913492607591,SSPG,SSPG,0.07119483298114915,0.39400737930834623,0.20004017585621922,1.1503882199114672,3,-2.2580296059995373,550,5,30
0.25740627137217564,0.3499962807604024,MN8014,MN8014,4.3504306546146445,7.349923821814569,SSPG,SSPG,0.07123352231628911,0.39399212982310583,0.20004002799249632,1.1502671331338994,2,-2.257973071051076,550,5,30
0.2573916482237243,0.34999577509075075,MN8014,MN8014,4.351177122501493,7.349881646385646,SSPG,SSPG,0.07125186499564959,0.39398430654854943,0.2000408699330294,1.1501815582410595,0,-2.257905668074452,550,5,30
0.2574613574400594,0.34999636640516835,MN8014,MN8014,4.35063262576719,7.349970566456072,SSPG,SSPG,0.07118813810100282,0.39403280167577576,0.20004165067570828,1.1505974682232156,7,-2.258003919804315,550,5,30
0.25741916505761253,0.34999709532994117,MN8014,MN8014,4.3504598185435714,7.349823474457882,SSPG,SSPG,0.07117750663648006,0.3940029363515757,0.200039339299517,1.150373671832713,2,-2.257991728721233,550,5,30
0.2573879709845913,0.3499971425358043,MN8014,MN8014,4.351013188216792,7.349824852912848,SSPG,SSPG,0.07122113408822843,0.3939807858300516,0.20003842304283584,1.1501994725759954,7,-2.2579708895388375,550,5,30
0.2573956009126911,0.34999743546426526,MN8014,MN8014,4.350614065160483,7.349948631827655,SSPG,SSPG,0.07120698867282103,0.39398743189139196,0.20003791063490098,1.1502809998267471,2,-2.257944104361375,550,5,30
0.25740812683907477,0.349996700838914,MN8014,MN8014,4.350761579481645,7.349798657030651,SSPG,SSPG,0.07117815634157068,0.3939944809044845,0.2000386462027053,1.1503084795865184,0,-2.257995343031082,550,5,30
0.2574300506501224,0.3499961453406892,MN8014,MN8014,4.350054731889754,7.349840084559664,SSPG,SSPG,0.07118776139744434,0.3940083911047317,0.2000389062627324,1.1504119636096068,3,-2.258016923545803,550,5,30
0.25737412555089306,0.3499959187377479,MN8014,MN8014,4.3503584725864295,7.349869803208085,SSPG,SSPG,0.07126367653920375,0.3939724885713132,0.20003863832055646,1.150109011696561,6,-2.25786800300566,550,5,30
0.2574047662530251,0.34999636736552703,MN8014,MN8014,4.350457235534226,7.3499136451060245,SSPG,SSPG,0.07125071896645216,0.393991875849032,0.2000397839837432,1.1502626315888502,7,-2.257948380155547,550,5,30
0.2574259627048602,0.34999783121215466,MN8014,MN8014,4.351197575354836,7.349894075393832,SSPG,SSPG,0.07119665981643208,0.3940087893710046,0.20003986676873975,1.1504255542493405,5,-2.2579797458387247,550,5,30
0.25745009042131917,0.3499977527944197,MN8014,MN8014,4.350442384803632,7.349836896138658,SSPG,SSPG,0.0711429304550571,0.39402470789855615,0.20003932629864274,1.1505676521087302,0,-2.2580449382956225,550,5,30
0.25742654724180813,0.3499984189724702,MN8014,MN8014,4.351107724383757,7.349844886222569,SSPG,SSPG,0.0711191574980078,0.3940048930302759,0.20003831589639254,1.1504203897014715,5,-2.2580682877515663,550,5,30
0.2574475349326568,0.34999748713654316,MN8014,MN8014,4.350341997077257,7.349796270255151,SSPG,SSPG,0.0710910598442856,0.3940159191740876,0.2000370862915295,1.1505088280400138,7,-2.2581273456882496,550,5,30
0.25740537191437973,0.3499981937075583,MN8014,MN8014,4.350278684125097,7.349878069046879,SSPG,SSPG,0.07112502331260502,0.39398470305820404,0.20003457069774822,1.150298989361331,0,-2.2581296376761806,550,5,30
0.25742522314323846,0.3499991245080663,MN8014,MN8014,4.350913334861254,7.349571321231174,SSPG,SSPG,0.07104232572849312,0.39400246374680453,0.20003544637439286,1.1504300668356295,1,-2.258164057672584,550,5,30
0.2574832468811214,0.3499998282031456,MN8014,MN8014,4.352123466521338,7.349728710790494,SSPG,SSPG,0.07097300673083246,0.3940448622064375,0.20003706430096765,1.150803782337643,1,-2.258229070409497,550,5,30
0.25753639736049405,0.34999967686945493,MN8014,MN8014,4.352183754690157,7.349856235974962,SSPG,SSPG,0.07101353768386005,0.3940846101339442,0.20004176060741077,1.1510674074308294,3,-2.258190929638241,550,5,30
0.2575443094096226,0.3499993612058686,MN8014,MN8014,4.350473811362536,7.349687905124609,SSPG,SSPG,0.07095834117149548,0.3940875893721639,0.2000393169939735,1.1511037407827143,2,-2.258243288457802,550,5,30
0.2575169543756719,0.34999990896040417,MN8014,MN8014,4.352555710145879,7.349609246316994,SSPG,SSPG,0.07093076838409065,0.39407475322406876,0.20003846121411942,1.151046466688392,4,-2.2582294021365144,550,5,30
0.2575188553291699,0.34999986762412383,MN8014,MN8014,4.353099722784082,7.349719205094749,SSPG,SSPG,0.07096235123692125,0.39407514046247977,0.20004016584911408,1.1510300371922977,6,-2.258222347831893,550,5,30
0.2575144804207965,0.34999998500376167,MN8014,MN8014,4.352564905963734,7.349696189702641,SSPG,SSPG,0.07091923770163856,0.3940710185625388,0.20003738947243951,1.1510421754612215,1,-2.258258854406346,550,5,30
0.2575781683593108,0.34999999800794945,MN8014,MN8014,4.35320350179137,7.349749901712785,SSPG,SSPG,0.07087753246533758,0.3941153162743658,0.2000409739717821,1.1513716137767993,2,-2.258332954597188,550,5,30
0.25756394637345037,0.34999996446072446,MN8014,MN8014,4.354029071064445,7.349653266976039,SSPG,SSPG,0.07083552301076759,0.3941074164288792,0.20004094477339476,1.1513106353749878,5,-2.2583117033994853,550,5,30
0.2576091021118393,0.3499999093815674,MN8014,MN8014,4.354122606166618,7.34958790998032,SSPG,SSPG,0.07075185995796252,0.39413758727668635,0.20004147648396461,1.1515578165114375,6,-2.2584061619372395,550,5,30
0.2576308031153823,0.3499998721027864,MN8014,MN8014,4.353149539610636,7.349764078713776,SSPG,SSPG,0.07077000566874644,0.39415060959259124,0.20004101820249132,1.1516850548474085,3,-2.2584457944604104,550,5,30
0.2576735199535989,0.349999868129317,MN8014,MN8014,4.352566590875658,7.349818447074545,SSPG,SSPG,0.07072995036599292,0.39417887809734675,0.20004163556202145,1.1519159029353943,5,-2.2585016804134916,550,5,30
0.2577124952476522,0.34999884268593323,MN8014,MN8014,4.35476963671887,7.349752368258197,SSPG,SSPG,0.07061131784387988,0.3942063082316764,0.2000427591082559,1.1521562697512198,0,-2.258632567638701,550,5,30
0.25777240984563693,0.3499997553491359,MN8014,MN8014,4.3537869366859825,7.349827016052615,SSPG,SSPG,0.07061196813190795,0.3942460413866993,0.20004657188110958,1.1524117117203012,5,-2.258618589109844,550,5,30
0.2577680781236656,0.34999784500604325,MN8014,MN8014,4.353923366989492,7.3497917763795115,SSPG,SSPG,0.07055919419484481,0.39424532120409245,0.20004539057350046,1.1524435612529516,3,-2.258658046583811,550,5,30
0.2577939892893674,0.3499993043504238,MN8014,MN8014,4.353505560283602,7.349855067691898,SSPG,SSPG,0.07059782006945373,0.3942635508139938,0.20004749952961023,1.152559072327807,7,-2.2586309993846747,550,5,30
0.2577789455626114,0.34999868951714996,MN8014,MN8014,4.35506800084646,7.3498486096723665,SSPG,SSPG,0.07059881247886662,0.39425967542977375,0.20005007713290693,1.1525140470570978,1,-2.25855794979433,550,5,30
0.257800697054846,0.34999904839305745,MN8014,MN8014,4.353144111827971,7.349933968465048,SSPG,SSPG,0.07059089118572333,0.39427010519691524,0.2000471127037836,1.1526454782762956,1,-2.2586556829281914,550,5,30
0.2577732412588618,0.3499994856156222,MN8014,MN8014,4.353138186687071,7.349978498828165,SSPG,SSPG,0.07066783041674532,0.3942480373159954,0.20004700527054686,1.1524301750778605,7,-2.2585709212945506,550,5,30
0.25779867309167037,0.34999904855690456,MN8014,MN8014,4.353807864998251,7.349849392190606,SSPG,SSPG,0.07064947895691967,0.39427084882039487,0.20004967417334815,1.1525859983185636,0,-2.258570878451531,550,5,30
0.25779558910271594,0.34999914513708114,MN8014,MN8014,4.353480276355867,7.349806886710644,SSPG,SSPG,0.070606159620898,0.39426716157507297,0.2000467717776618,1.1526005921454612,3,-2.258621376119745,550,5,30
0.2577907679729342,0.3499989161641502,MN8014,MN8014,4.353909373382278,7.349866268803281,SSPG,SSPG,0.07063343451755363,0.39426522474783243,0.20004828004550365,1.1525656787474259,7,-2.258574103339056,550,5,30
0.2578253530543279,0.34999977844937386,MN8014,MN8014,4.352904607930985,7.349962163548042,SSPG,SSPG,0.07064777922931008,0.394287669245665,0.20005226102526177,1.152677956287302,7,-2.258521462781271,550,5,30
0.25784825301254155,0.3499984106780219,MN8014,MN8014,4.354622612606716,7.349833199650562,SSPG,SSPG,0.0705871077490121,0.3943110554425225,0.20005312651678486,1.1528951439581143,7,-2.258576096021395,550,5,30
0.25785758992707564,0.34999893567575546,MN8014,MN8014,4.353678872353677,7.349972195559051,SSPG,SSPG,0.07058744070469786,0.39431120013581,0.20005189683190575,1.1529114839489685,1,-2.2586378479567557,550,5,30
0.2578447141980221,0.34999888861235684,MN8014,MN8014,4.3536095030589665,7.349876082958341,SSPG,SSPG,0.07054716107676061,0.3943021552805241,0.2000502138555982,1.1528630968780114,3,-2.258667650654571,550,5,30
0.2578689215039888,0.3499990133079425,MN8014,MN8014,4.353419717550737,7.349885218329707,SSPG,SSPG,0.0705168642759682,0.39431842541685,0.2000515863362584,1.1529784875957052,5,-2.2586894991414486,550,5,30
0.2578618633199152,0.34999895395744196,MN8014,MN8014,4.3537384034399,7.349881695215446,SSPG,SSPG,0.07050858136546267,0.3943128664659036,0.2000505850160776,1.1529508722699786,6,-2.2587066672126337,550,5,30
0.2578368008402114,0.3499988350351277,MN8014,MN8014,4.354277316870826,7.349788153226088,SSPG,SSPG,0.0704758331346805,0.39429227062987104,0.20004820860360767,1.1528076612551525,0,-2.2587572422828703,550,5,30
0.2578860353350148,0.34999842922860325,MN8014,MN8014,4.354062195280344,7.349770984044209,SSPG,SSPG,0.07043531529015819,0.39432982007453937,0.20005136274453875,1.153085686639232,7,-2.25879635280981,550,5,30
0.25789110151581207,0.3499989040865431,MN8014,MN8014,4.353375103769857,7.3497211593716,SSPG,SSPG,0.07040995256480247,0.39432595075019183,0.20004997163519647,1.1530471038324754,3,-2.2588766541499705,550,5,30
0.25789694609482294,0.3499980852310467,MN8014,MN8014,4.353863564763624,7.349832580685402,SSPG,SSPG,0.07045224021928612,0.39433586167067514,0.20005181832306623,1.15311982793079,5,-2.2587937641101163,550,5,30
0.2579014749655772,0.3499977335533301,MN8014,MN8014,4.353861216387199,7.349792508703003,SSPG,SSPG,0.07035451044860416,0.3943336908604679,0.20004956989537853,1.1531440384676528,3,-2.258931506828471,550,5,30
0.25787029582808185,0.3499968158876741,MN8014,MN8014,4.354717145335233,7.349757996399673,SSPG,SSPG,0.07034682636601237,0.3943142214014638,0.20004777677585714,1.1530213488874255,1,-2.258904159903686,550,5,30
0.2578686684653759,0.34999734981816494,MN8014,MN8014,4.3541373084193316,7.349759818335441,SSPG,SSPG,0.07033083875732431,0.3943092841841925,0.20004681563659166,1.1529829187229135,0,-2.2589248597981335,550,5,30
0.25792101238622445,0.34999700304959924,MN8014,MN8014,4.353981618982442,7.3498243452533005,SSPG,SSPG,0.07029159302629326,0.39434540432006776,0.20004835819944322,1.1532682314504834,4,-2.2590073932630776,550,5,30
0.2578674328295027,0.34999806195480915,MN8014,MN8014,4.353511898786456,7.349881468996099,SSPG,SSPG,0.07037508217319895,0.3943084129619296,0.200046186641062,1.1529845706790498,3,-2.2588734004582918,550,5,30
0.2578939421336338,0.3499980058575374,MN8014,MN8014,4.354187542058668,7.349770811542689,SSPG,SSPG,0.07029603458578093,0.39432598399005586,0.20004824418643644,1.1530994814470321,5,-2.2589474604515125,550,5,30
0.25793570781763686,0.3499977356034012,MN8014,MN8014,4.355177476520634,7.349842221525541,SSPG,SSPG,0.07023939118566892,0.3943526029438675,0.2000493138135147,1.1533166174233314,6,-2.259053610431687,550,5,30
0.25792254999751874,0.34999851049071173,MN8014,MN8014,4.3535574300688795,7.349755509125982,SSPG,SSPG,0.07024091505583224,0.39434082471703397,0.20004801549687298,1.1532192743294822,0,-2.259059009498566,550,5,30
0.25789983897845864,0.34999735279376865,MN8014,MN8014,4.354598819119115,7.349756441787009,SSPG,SSPG,0.07026223918711208,0.39432384642594304,0.2000480338546552,1.1530736752102566,1,-2.259046442142221,550,5,30
0.257898520883543,0.34999664108806683,MN8014,MN8014,4.35447219107975,7.349804617127379,SSPG,SSPG,0.07020402263669681,0.39432152849951485,0.2000461053775092,1.1531012169643535,2,-2.2591005700173596,550,5,30
0.2579534177912064,0.34999533286645745,MN8014,MN8014,4.355606172967458,7.349704929252413,SSPG,SSPG,0.07005969165547397,0.3943574225189805,0.20004660145182435,1.153406994561717,1,-2.259305375002832,550,5,30
0.25795722456763753,0.3499940807360242,MN8014,MN8014,4.356361970022433,7.3497095581231235,SSPG,SSPG,0.07002110051987209,0.39436222903472545,0.20004748167170988,1.15345048002643,7,-2.2593145324553134,550,5,30
0.25801631225363897,0.34999279434524266,MN8014,MN8014,4.356033083117978,7.349891839687265,SSPG,SSPG,0.06994623119616064,0.39440346586651687,0.20004949443025277,1.1537897327828253,4,-2.259389909001662,550,5,30
0.2580361420302331,0.3499934016250551,MN8014,MN8014,4.356355644090621,7.349740373835422,SSPG,SSPG,0.06991229908719032,0.3944210935004748,0.20005245675511332,1.1538859477067724,3,-2.2593647248072344,550,5,30
0.25800868647195224,0.34999324554761185,MN8014,MN8014,4.3570320735101316,7.349763878531785,SSPG,SSPG,0.06997382738227295,0.39439982088135717,0.20004984121798042,1.1537376142225098,3,-2.2593581992556473,550,5,30
0.2579884907711425,0.34999282798609654,MN8014,MN8014,4.357829717690023,7.349762263066379,SSPG,SSPG,0.07000541689338546,0.3943889209405478,0.20005220745180102,1.1536163700969575,2,-2.2592745408361132,550,5,30
0.25805491817367976,0.34999423288706116,MN8014,MN8014,4.356757039035953,7.349681468144164,SSPG,SSPG,0.06987834477289043,0.39442985983427464,0.20005210271659288,1.1539640085443685,1,-2.25949992624051,550,5,30
0.2580296857471675,0.3499928773844325,MN8014,MN8014,4.3552607302910324,7.34964991471469,SSPG,SSPG,0.06984972139082601,0.3944098384210761,0.20004552093432046,1.1538884733563206,6,-2.2595369745275473,550,5,30
0.25800843954641983,0.34999125656042673,MN8014,MN8014,4.356428707286724,7.34972090811487,SSPG,SSPG,0.06983236315304621,0.39439413007337143,0.20004403960601697,1.1537973085233286,4,-2.2595570755608474,550,5,30
0.2580416562312113,0.349991178119889,MN8014,MN8014,4.355520788664607,7.349695004282783,SSPG,SSPG,0.06977590810287466,0.3944174476009893,0.20004523753708794,1.1539736415647184,2,-2.259597213621859,550,5,30
0.25801494213896403,0.3499889001845654,MN8014,MN8014,4.355997842389425,7.3497654097972624,SSPG,SSPG,0.06972981206773396,0.39439353970821606,0.20004109754322033,1.1538501154848868,5,-2.259694120697077,550,5,30
0.2580243626804803,0.34998864570611926,MN8014,MN8014,4.3567999627345895,7.3496869686963775,SSPG,SSPG,0.06963024619728211,0.3943986112810664,0.20004155419797987,1.1538881106377965,4,-2.25973826045378,550,5,30
0.25807587733935544,0.349985938248091,MN8014,MN8014,4.357827297371688,7.349838356821691,SSPG,SSPG,0.069536788055849,0.3944336190506017,0.20004312214555323,1.1541882980331701,7,-2.259868908608162,550,5,30
0.2580549572973376,0.34998575732248155,MN8014,MN8014,4.357080968966182,7.349648212033953,SSPG,SSPG,0.06947293963652719,0.39441433553626115,0.2000390835000243,1.1540789834320266,5,-2.2599906594490093,550,5,30
0.25810274013160517,0.3499831443914351,MN8014,MN8014,4.3574584545344806,7.349810926596333,SSPG,SSPG,0.06944906807186121,0.39445141657426547,0.2000423827697989,1.1543622538328102,4,-2.2600059260795273,550,5,30
0.2580782740943699,0.34998640610157783,MN8014,MN8014,4.356143859606898,7.349880963385516,SSPG,SSPG,0.06950707795351552,0.39443204868159965,0.20003939588670452,1.154237304391871,7,-2.2599452344468585,550,5,30
0.2581539099526207,0.3499852975700953,MN8014,MN8014,4.356179393004139,7.349814250264963,SSPG,SSPG,0.06935481855392239,0.39448088745133214,0.20004074835228866,1.1546126820137204,5,-2.2600945743043113,550,5,30
0.25811039524675355,0.3499850129402408,MN8014,MN8014,4.356549337051941,7.349767910769514,SSPG,SSPG,0.06935375890380845,0.3944493949193217,0.20003887273532636,1.1543758063251008,3,-2.2600593125460886,550,5,30
0.25825970542322396,0.3499799329049407,MN8014,MN8014,4.357088775596492,7.349647334336603,SSPG,SSPG,0.06901876666185253,0.3945472109840363,0.20004147459390328,1.1551803760282024,3,-2.2605260440548385,550,5,30
0.25819784926502165,0.34997915554442227,MN8014,MN8014,4.357667773537308,7.349719797312654,SSPG,SSPG,0.06902905061372436,0.39450175526645687,0.2000380788001206,1.1548676733200516,4,-2.260500710885818,550,5,30
0.2582545039018783,0.34998231422363824,MN8014,MN8014,4.355970490191719,7.349545554203761,SSPG,SSPG,0.0688582440283339,0.39452918251008273,0.20003731643629852,1.1550614129169001,0,-2.2606534112268317,550,5,30
0.258303982109498,0.34998210228874027,MN8014,MN8014,4.35608051175097,7.349556117662992,SSPG,SSPG,0.06874607065760946,0.3945622658702165,0.20003751985644572,1.155352934084199,5,-2.2607844362942764,550,5,30
0.25830813671151737,0.34997975174243756,MN8014,MN8014,4.355936764365998,7.349501016386753,SSPG,SSPG,0.06855082514507753,0.3945562127655635,0.20003203964626942,1.1554164033718548,4,-2.2610826506955295,550,5,30
0.25826468437032746,0.3499781008908961,MN8014,MN8014,4.354950575494608,7.349460328214214,SSPG,SSPG,0.06855181739578187,0.3945225700045262,0.20002879330828893,1.1551862547896783,1,-2.2611365022159813,550,5,30
0.2583044604177613,0.34998029154663857,MN8014,MN8014,4.356505154923258,7.349484464047475,SSPG,SSPG,0.06844334616649639,0.39455160083960344,0.20003341956386267,1.155373751830854,6,-2.261102563972214,550,5,30
0.25844710930797743,0.3499773184487023,MN8014,MN8014,4.354613544329523,7.349527588961482,SSPG,SSPG,0.06819655366622243,0.39464738338415656,0.20003364194325282,1.156183923466377,1,-2.261459823885442,550,5,30
0.2583891097930481,0.3499816656884638,MN8014,MN8014,4.352455498353049,7.3496701864421885,SSPG,SSPG,0.06820712490406022,0.39460104670468016,0.20002909660858043,1.155879524252835,4,-2.2613715005789015,550,5,30
0.258426431430852,0.34997717342588014,MN8014,MN8014,4.354862026905907,7.349781787592436,SSPG,SSPG,0.06821220086342665,0.3946243338933101,0.2000303266310689,1.1560482367102547,3,-2.2614934433846283,550,5,30
0.2583928811709497,0.3499808572174433,MN8014,MN8014,4.353747384664199,7.3495920937279,SSPG,SSPG,0.06794872942183303,0.3945905417058503,0.20002413234842262,1.1558682947758778,1,-2.2615901019126667,550,5,30
0.25854161808761106,0.3499665193598683,MN8014,MN8014,4.355455885421497,7.349341185334053,SSPG,SSPG,0.06735950098386174,0.3946818063028463,0.20002336508801596,1.1567035713318465,2,-2.262478773625025,550,5,30
0.2584777124720481,0.34995573081477754,MN8014,MN8014,4.357561336813119,7.34941900927503,SSPG,SSPG,0.06737051751024273,0.3946382173280004,0.20002323884598033,1.1563726620670698,6,-2.262501857528701,550,5,30
0.25857604079442875,0.3499654031055687,MN8014,MN8014,4.356332520988787,7.349511355456767,SSPG,SSPG,0.06747304054635242,0.394712911380136,0.20002828766154993,1.1568893138346557,2,-2.262376322624444,550,5,30
0.25854316631236984,0.34995854871609927,MN8014,MN8014,4.35941374337075,7.3492243863972595,SSPG,SSPG,0.06684675814616406,0.39467081894432543,0.20002181237396877,1.1566945421012642,5,-2.2628192648415926,550,5,30
0.2584743242841707,0.34995729290149025,MN8014,MN8014,4.359346141555767,7.349154877211756,SSPG,SSPG,0.06722192635203086,0.39463643638029566,0.20002273187865993,1.156364277607521,4,-2.262520929837512,550,5,30
0.2585902164415345,0.34996186202871415,MN8014,MN8014,4.358793153885639,7.348969168865606,SSPG,SSPG,0.06694356309743318,0.39471129936590077,0.20002372289623205,1.1569839735709007,1,-2.2628744677474817,550,5,30
0.25860311464686164,0.34995778143768386,MN8014,MN8014,4.358617431246662,7.3489857530845555,SSPG,SSPG,0.06664675184463402,0.3947166483808854,0.20002110782442242,1.1571458098711904,2,-2.2631669099545757,550,5,30
0.2586250354643247,0.3499578468157845,MN8014,MN8014,4.354833735824312,7.349052499497788,SSPG,SSPG,0.06636825239128613,0.3947121044541707,0.20001422348396558,1.157246044231392,7,-2.263609546547425,550,5,30
0.258666035671236,0.34996720396389824,MN8014,MN8014,4.352775016507905,7.349129376115468,SSPG,SSPG,0.0659283787769542,0.3947220416751715,0.20000939598641831,1.1575021992603465,5,-2.2640880799583254,550,5,30
0.25877620511865723,0.34995668266986835,MN8014,MN8014,4.355110472347406,7.348886481133118,SSPG,SSPG,0.065358440110128,0.3947963503405104,0.20001088835257114,1.1581114215088202,2,-2.26440936467192,550,5,30
0.2588695561452762,0.34995598244125775,MN8014,MN8014,4.3570424824047205,7.348875671037257,SSPG,SSPG,0.0654357129245556,0.3948670963990699,0.20001490233149904,1.1586095966867265,0,-2.2644846856078154,550,5,30
0.2588418567338222,0.3499593543442797,MN8014,MN8014,4.354124728842533,7.348962175599142,SSPG,SSPG,0.06508617930770974,0.3948305225347258,0.20000764768143275,1.1585515969144224,5,-2.2650176077928172,550,5,30
0.2588869215331135,0.34996288033462875,MN8014,MN8014,4.351228653995245,7.349494905905721,SSPG,SSPG,0.0649300388940961,0.39485657348264513,0.2000066056464205,1.1588811253997067,7,-2.2652030418751767,550,5,30
0.25887516113987,0.34996516128564553,MN8014,MN8014,4.352751416609075,7.349085672827595,SSPG,SSPG,0.06515932156406667,0.39485054215362014,0.2000084050867501,1.1586957813408714,4,-2.2650396977138456,550,5,30
0.2589026634010064,0.34995818410716484,MN8014,MN8014,4.356548950015593,7.3492591498913376,SSPG,SSPG,0.0649370603366895,0.3948735056873763,0.20000937211014583,1.158925049766414,2,-2.2651064611379415,550,5,30
0.258981774543518,0.3499547570604973,MN8014,MN8014,4.358484745815615,7.348987460775728,SSPG,SSPG,0.06506091340452211,0.39494489579573344,0.20001466114893515,1.1593542022646215,0,-2.264962780506698,550,5,30
0.2590317305267399,0.3499788610979254,MN8014,MN8014,4.354576934879785,7.348608246339952,SSPG,SSPG,0.0633678193851703,0.3949035857020583,0.20000251426729224,1.1594947843198251,0,-2.2667756078355783,550,5,30
0.2590212187667268,0.34998131086704776,MN8014,MN8014,4.3505520572210195,7.348649817636005,SSPG,SSPG,0.0638341781010888,0.39490253488018706,0.20000245278699205,1.1593619047043338,7,-2.2663578464452563,550,5,30
0.2589651504584686,0.3499642888762586,MN8014,MN8014,4.356864582774005,7.3485229863933546,SSPG,SSPG,0.06364500332517246,0.3948625851111731,0.20000198240629727,1.1591295088477085,3,-2.2667393645426888,550,5,30
0.2589781629862138,0.3499606890168886,MN8014,MN8014,4.3633874895423945,7.348538229479675,SSPG,SSPG,0.06347280572602539,0.3948487386851136,0.20000312059336312,1.1589410828112388,6,-2.2669299037840513,550,5,30
0.2589733093750328,0.34995467588646356,MN8014,MN8014,4.3626761389244875,7.3477662127104555,SSPG,SSPG,0.06331233377666945,0.3948572512337594,0.20000277302952169,1.158973430980108,1,-2.266961066084745,550,5,30
0.25893086447452196,0.3499564708131803,MN8014,MN8014,4.363797825210561,7.348274155020579,SSPG,SSPG,0.06291943033722563,0.394803906132858,0.20000142046020714,1.1586551052950562,4,-2.2671232381624087,550,5,30
0.2590910305175051,0.3499598681311471,MN8014,MN8014,4.357998734376608,7.3486070007535815,SSPG,SSPG,0.06316704107000767,0.39493870653380403,0.2000017876486289,1.1597943142326899,1,-2.26722999504252,550,5,30
0.25894008127494417,0.3499557973030518,MN8014,MN8014,4.360221155549549,7.348792116023608,SSPG,SSPG,0.06348123831663775,0.3948327785468871,0.20000189902508148,1.1588733091361414,4,-2.2667041481797536,550,5,30
0.2589685381662705,0.3499570258984719,MN8014,MN8014,4.364701085263739,7.348161799971615,SSPG,SSPG,0.06293911645328254,0.3948471529246302,0.20000158204040053,1.1590819371074144,0,-2.267272556640256,550,5,30
0.2589975315805317,0.34997426094160716,MN8014,MN8014,4.36078008568695,7.348325749970161,SSPG,SSPG,0.06328044506601199,0.39486814429048805,0.20000273876611413,1.1590801473438965,3,-2.2665991550519493,550,5,30
0.25907843164200756,0.3499619640896078,MN8014,MN8014,4.35859368281846,7.34864741992407,SSPG,SSPG,0.0629478435673007,0.3949165572516151,0.20000094003762514,1.159690988442093,0,-2.2675346505623306,550,5,30
0.2590971126308117,0.34996967952207814,MN8014,MN8014,4.353711956197723,7.348810304546312,SSPG,SSPG,0.06309116855871483,0.39494141868147153,0.20000079210719934,1.1599490311378973,4,-2.2674498584825074,550,5,30
0.2590073135108577,0.34996407623255854,MN8014,MN8014,4.35918236674707,7.347799660549352,SSPG,SSPG,0.06272314057239176,0.39484907172289063,0.20000059881774696,1.1590937105451533,1,-2.2678198660593196,550,5,30
0.2591616569281325,0.34996254514045816,MN8014,MN8014,4.361695287571246,7.34807209061433,SSPG,SSPG,0.06268101027105533,0.39497190143551736,0.2000022570247404,1.160046692482744,0,-2.2677016888322505,550,5,30
0.25909927745731964,0.349979297522796,MN8014,MN8014,4.35732115422679,7.347926744693116,SSPG,SSPG,0.06320279614594629,0.3949497900211879,0.20000273097397794,1.1597579078037352,0,-2.2668639530761077,550,5,30
0.2589496876226051,0.34997793193654986,MN8014,MN8014,4.363953331735081,7.347510608994284,SSPG,SSPG,0.06283033858553926,0.3948358439241981,0.20000188233544833,1.1588952591877257,1,-2.266861787916385,550,5,30
0.25907421617713744,0.3499710169519945,MN8014,MN8014,4.364471650516167,7.347762127166709,SSPG,SSPG,0.06258928390736623,0.39492593748846966,0.2000018979864488,1.1597026002624338,2,-2.267256400422319,550,5,30
0.25902275711881384,0.3499714480443602,MN8014,MN8014,4.363489322798891,7.347250863381937,SSPG,SSPG,0.062585814057777,0.3948824079373054,0.2000013537663168,1.159320881931745,0,-2.2674223133525686,550,5,30
0.25921519824569295,0.3499792849455654,MN8014,MN8014,4.360814014524898,7.3478690417913075,SSPG,SSPG,0.06238225176081656,0.39501258124311617,0.20000199394689536,1.1603960520070502,5,-2.2675627544275887,550,5,30
0.2591122190230636,0.3499740784508909,MN8014,MN8014,4.3616003183444665,7.347613107889041,SSPG,SSPG,0.0624919657642882,0.39494213771313363,0.20000200719080072,1.1598036031189864,4,-2.2674484607006296,550,5,30
0.2590664673254381,0.3499808261208201,MN8014,MN8014,4.363001200951455,7.347412189438917,SSPG,SSPG,0.06217619374920916,0.3948995368252455,0.20000053009063906,1.1596003726647108,0,-2.26785574568952,550,5,30
0.2591040880302457,0.34997947764497017,MN8014,MN8014,4.361115045979259,7.3475293189454645,SSPG,SSPG,0.06224019318025324,0.3949263932722873,0.2000004947333784,1.1598553004689616,2,-2.2680850338322003,550,5,30
0.259180340831454,0.34998075851015,MN8014,MN8014,4.359697667053437,7.347301052369106,SSPG,SSPG,0.06214318407479645,0.39498373926557806,0.20000066920927717,1.1602882609290175,7,-2.2681643978360917,550,5,30
0.25899460564766397,0.349989913275088,MN8014,MN8014,4.359720998727746,7.34678513140938,SSPG,SSPG,0.062106385261605127,0.3948533163165682,0.20000004855049475,1.1593668725308994,5,-2.2683148713796086,550,5,30
0.25904971218585476,0.3499789431184937,MN8014,MN8014,4.362739753736417,7.346881117249346,SSPG,SSPG,0.0618694549607754,0.394878258248498,0.20000000006958857,1.1595571013028803,2,-2.2686423503051714,550,5,30
0.2590339695281767,0.34999069748178907,MN8014,MN8014,4.364837869445803,7.346740043079422,SSPG,SSPG,0.06167222895668392,0.3948677057515422,0.20000004374496735,1.159543201453535,4,-2.26867280233553,550,5,30
0.25907058274902384,0.34999062856272306,MN8014,MN8014,4.363481399183925,7.346826185260284,SSPG,SSPG,0.0617773194050021,0.39489728946681857,0.20000000630913298,1.1597546923601376,4,-2.2686005988886286,550,5,30
0.2590736184536887,0.3499973198800819,MN8014,MN8014,4.359874399665232,7.346923680674441,SSPG,SSPG,0.061589325826375385,0.39488438702901607,0.20000027754285438,1.1597114195092666,3,-2.268898198135995,550,5,30
0.25913167908960955,0.34999709397065726,MN8014,MN8014,4.361522455493534,7.346943766394599,SSPG,SSPG,0.062022864147060146,0.39493688188738874,0.2000000595761219,1.1599423993841977,7,-2.268309436941312,550,5,30
0.25889832350738634,0.3499985866796097,MN8014,MN8014,4.356325244410113,7.347242856489704,SSPG,SSPG,0.06262825050020751,0.39476865614622786,0.20000009950735945,1.1585560628514324,2,-2.2678237852853567,550,5,30
0.25863550411464514,0.34999950361040016,MN8014,MN8014,4.356004597882533,7.346618425539788,SSPG,SSPG,0.0628540871965212,0.3945842873420906,0.20000122055861705,1.1570683577638374,5,-2.2678102756193095,550,5,30
0.25885974068714634,0.34999936713283414,MN8014,MN8014,4.359970630646349,7.346711880608874,SSPG,SSPG,0.062289888207678064,0.39475210800734944,0.2000001875788752,1.1585249059460714,2,-2.268011298860678,550,5,30
0.2589291422722812,0.349990364768292,MN8014,MN8014,4.36466753940068,7.3470860571336125,SSPG,SSPG,0.06221586836052434,0.394782813434955,0.20000004983540973,1.1587543346640343,4,-2.268340634651885,550,5,30
0.2589614313311994,0.34999758906453543,MN8014,MN8014,4.364359701242298,7.346222985999649,SSPG,SSPG,0.06139705559794702,0.3947856477078462,0.20000030000124386,1.158813657835314,4,-2.2688915733248205,550,5,30
0.2588659742134892,0.34999781076045167,MN8014,MN8014,4.365239501416599,7.3457900278861885,SSPG,SSPG,0.06163043451267551,0.3947285614729138,0.2000006843049929,1.1583648982677643,6,-2.2688981952617535,550,5,30
0.2588520134585038,0.349992053557128,MN8014,MN8014,4.366194525635942,7.346465401530332,SSPG,SSPG,0.061839907937276895,0.3947257950506049,0.20000053854354147,1.15839849132096,6,-2.2687422007429827,550,5,30
0.2589731861105513,0.34999445435328,MN8014,MN8014,4.366617288498326,7.346208280296618,SSPG,SSPG,0.06158819009479638,0.394806198840973,0.200000001228972,1.1589150618676292,5,-2.2685792468883808,550,5,30
0.2589955644043864,0.34998943685192196,MN8014,MN8014,4.365055618502362,7.346204994890824,SSPG,SSPG,0.06138470124722119,0.3948223502050241,0.20000016875440507,1.1591784702307164,4,-2.2691091889150687,550,5,30
0.25884063467343976,0.3499931194798186,MN8014,MN8014,4.368695739668896,7.345911513306369,SSPG,SSPG,0.061538961599114955,0.3947144666830237,0.2000001342785382,1.1582229231608459,6,-2.268558965665962,550,5,30
0.25879884428207933,0.34999063554745485,MN8014,MN8014,4.370455139503108,7.345722821906868,SSPG,SSPG,0.06144568170057697,0.39467020840036154,0.20000059000433923,1.1578911967914238,0,-2.268989475437179,550,5,30
0.2589441773490944,0.3499957630983755,MN8014,MN8014,4.368928826601649,7.345875392829074,SSPG,SSPG,0.060963122762568774,0.3947649784213349,0.2000006900811951,1.1587856713904592,0,-2.2695454571558535,550,5,30
0.25898065289317784,0.34999488918013155,MN8014,MN8014,4.366125830146464,7.345761329969331,SSPG,SSPG,0.06105015445671838,0.3948018916851668,0.20000048514002564,1.1590467370174489,7,-2.269399273350123,550,5,30
0.25882724725461054,0.349997668423593,MN8014,MN8014,4.364824879547952,7.345889895009696,SSPG,SSPG,0.06125346564716103,0.39469458278791136,0.20000144466663403,1.1582459524739015,4,-2.2693026789459427,550,5,30
0.25887405799093693,0.34999268164587205,MN8014,MN8014,4.369234410530583,7.345241057975368,SSPG,SSPG,0.06087011304292169,0.39472505208572894,0.20000105968879286,1.1584940697304886,7,-2.2696671734022065,550,5,30
0.2588864453717079,0.3499880702514227,MN8014,MN8014,4.36770745030244,7.345802057148749,SSPG,SSPG,0.06102919085890079,0.39474097454992574,0.20000084436849994,1.1586669051548424,3,-2.269545531501999,550,5,30
0.2588444988535104,0.34999069875270056,MN8014,MN8014,4.370048643840139,7.345428927878254,SSPG,SSPG,0.06106399010731614,0.3947035244189938,0.20000091807954662,1.158282043006884,0,-2.2694861624903275,550,5,30
0.2589339966278571,0.3499952832286883,MN8014,MN8014,4.370655435445557,7.345165324123341,SSPG,SSPG,0.06079145617902534,0.3947635076910703,0.20000064169117457,1.1587398132415894,3,-2.269593003340759,550,5,30
0.25880996746295587,0.349996877259609,MN8014,MN8014,4.370228736364321,7.344985529886257,SSPG,SSPG,0.06079492459841107,0.39467159299505084,0.2000014515985477,1.1580423863064517,1,-2.269676937482286,550,5,30
0.25875738787756153,0.3499987095276952,MN8014,MN8014,4.37037145318216,7.344635436500765,SSPG,SSPG,0.06063651823224431,0.39463200297681233,0.20000225039119965,1.1577461792281438,4,-2.2698323660352546,550,5,30
0.25867547486914866,0.349996970900189,MN8014,MN8014,4.3701101671353655,7.344619561505693,SSPG,SSPG,0.0605727017436894,0.3945740792455323,0.20000351516109519,1.1573548597254133,7,-2.270017211020665,550,5,30
0.25877731538865273,0.3499951221828434,MN8014,MN8014,4.372497903573306,7.343994512571801,SSPG,SSPG,0.060272570188191855,0.39463418299725156,0.20000244200222575,1.1577427736444128,4,-2.2702454921331405,550,5,30
0.25863653671111725,0.349997984449352,MN8014,MN8014,4.369873409865759,7.344196868297811,SSPG,SSPG,0.060697763420161456,0.3945540163073588,0.20000300131391077,1.1570923782760554,3,-2.2696770305265375,550,5,30
0.2586171791466884,0.34999999432899254,MN8014,MN8014,4.368083349553491,7.344072234896111,SSPG,SSPG,0.06044977835447856,0.39453054056616815,0.200004242245051,1.156977379205295,1,-2.270081251340203,550,5,30
0.2586321702035144,0.3499986016631065,MN8014,MN8014,4.369099209159476,7.343816435207018,SSPG,SSPG,0.06028012598775622,0.39454461464069795,0.20000443957246578,1.157088701450295,1,-2.2701048891489055,550,5,30
0.2585248698692945,0.349999882598901,MN8014,MN8014,4.36973448936478,7.34371670619649,SSPG,SSPG,0.060428515109501396,0.39445510246810683,0.20000464977035626,1.156290421231657,2,-2.270006519477821,550,5,30
0.25865177368763337,0.3499985154973997,MN8014,MN8014,4.367966887771413,7.344822218057688,SSPG,SSPG,0.060562289084293945,0.3945576188522323,0.20000414552977014,1.1572448452956627,7,-2.2699336610969905,550,5,30
0.25862347753320347,0.34999996166463737,MN8014,MN8014,4.366661844759952,7.344154391662009,SSPG,SSPG,0.06027309275157433,0.39452409909399094,0.20000513952552235,1.156917074903303,2,-2.2701694378990442,550,5,30
0.2586122424408526,0.349999408602557,MN8014,MN8014,4.369527841770015,7.344047357579207,SSPG,SSPG,0.060006591570952866,0.3945081423128535,0.20000461387781426,1.1568111019698724,2,-2.270276080847511,550,5,30
0.2585793981885913,0.349997895053437,MN8014,MN8014,4.372517197500737,7.344031247889727,SSPG,SSPG,0.05999517968889345,0.3944879079044753,0.2000059608651542,1.1567349201554338,1,-2.270578041540208,550,5,30
0.2585475219538364,0.34999994285569236,MN8014,MN8014,4.368670540910372,7.344630718564986,SSPG,SSPG,0.060226485187449184,0.3944693893039426,0.20000667531511038,1.1566154964131519,6,-2.270342791578205,550,5,30
0.2585788885046651,0.34999961596810647,MN8014,MN8014,4.36803915024797,7.344857932903249,SSPG,SSPG,0.06030174013492821,0.39448930824780704,0.20000622879313953,1.1567712056757937,0,-2.2703319978770136,550,5,30
0.2585646507805722,0.3499980554687998,MN8014,MN8014,4.368562081117374,7.344450367122458,SSPG,SSPG,0.0601781926952662,0.39446983548620534,0.2000067196238022,1.1565628559868046,3,-2.270503219694689,550,5,30
0.258629157206267,0.34999864556630433,MN8014,MN8014,4.368281253610082,7.34478168377898,SSPG,SSPG,0.0602723137772428,0.3945100428617538,0.20000459591974748,1.1567972268948075,3,-2.2701468687489648,550,5,30
0.2586331172871269,0.3499976386839056,MN8014,MN8014,4.365521212831669,7.3450285005781275,SSPG,SSPG,0.06018724467818711,0.39451686379960016,0.20000665500311487,1.1569909907251845,2,-2.2705330210861074,550,5,30
0.25864355142260964,0.34999984315502203,MN8014,MN8014,4.367423807479294,7.3446862473870755,SSPG,SSPG,0.059932994926639636,0.3945248499426367,0.2000070298622025,1.1570977904496353,3,-2.270739554333211,550,5,30
0.2585873479345869,0.34999981312220213,MN8014,MN8014,4.366547281144034,7.344742762679629,SSPG,SSPG,0.060278096935974454,0.3944891380706922,0.20000623656963987,1.1566931181810514,1,-2.270225529757033,550,5,30
0.25859742587280343,0.34999833283070964,MN8014,MN8014,4.366855635550808,7.3448130015246145,SSPG,SSPG,0.05998985276663781,0.39448085640363206,0.20000731391529342,1.1567095803236076,1,-2.270740785416743,550,5,30
0.2586520934128474,0.34999930586263883,MN8014,MN8014,4.363791824731488,7.3450091532923105,SSPG,SSPG,0.06023993002471694,0.39454414885024397,0.20000621125474477,1.1572322352955355,6,-2.270369847239593,550,5,30
0.25856554420838096,0.34999940579842365,MN8014,MN8014,4.3654461114003205,7.344679732412937,SSPG,SSPG,0.060249274342670994,0.3944795697449845,0.20000740110333307,1.1566768856173058,7,-2.2703807244881364,550,5,30
0.25857596838791896,0.34999994121689654,MN8014,MN8014,4.366707916860277,7.3445487763958095,SSPG,SSPG,0.06025787547990043,0.39449154405344034,0.2000063338305856,1.1567545972625637,7,-2.270256873602829,550,5,30
0.25868401364725424,0.349999999877982,MN8014,MN8014,4.36519934488949,7.344817089460271,SSPG,SSPG,0.06026689996662449,0.3945607856047332,0.20000549016731078,1.1572946076842734,7,-2.2703628865143006,550,5,30
0.2586498911494386,0.3499999741073119,MN8014,MN8014,4.365273865276876,7.344957121477728,SSPG,SSPG,0.0602216936978883,0.3945281752331662,0.2000066294408722,1.1570537450686404,5,-2.270498619495722,550,5,30
0.2586204850816249,0.34999997636109925,MN8014,MN8014,4.370569689342911,7.344403919331162,SSPG,SSPG,0.059979269199893506,0.3945105477655019,0.20000591551062286,1.1569198882487695,6,-2.2705437033277622,550,5,30
0.25869895914904867,0.34999947046759927,MN8014,MN8014,4.3692491052888025,7.344300065995489,SSPG,SSPG,0.05981507884942341,0.39456392815847807,0.20000556291303015,1.157343649124158,4,-2.270672160106253,550,5,30
0.2586102167997773,0.3499995398997282,MN8014,MN8014,4.371276093403311,7.344153045305797,SSPG,SSPG,0.059944795914109096,0.39450594748991974,0.20000610766899785,1.1568790793230077,0,-2.270595409095744,550,5,30
0.2586658996094382,0.34999979222947336,MN8014,MN8014,4.368717345482498,7.344304660226234,SSPG,SSPG,0.05983349760686126,0.39453938104565517,0.2000066905641104,1.1571673793083117,0,-2.2707729197519235,550,5,30
0.25862456516060656,0.3499999429390512,MN8014,MN8014,4.369963225570453,7.34433393289166,SSPG,SSPG,0.059944940226248127,0.3945054549451464,0.2000066032276159,1.1568573263172262,4,-2.270686470872187,550,5,30
0.258657575827266,0.34999994042679095,MN8014,MN8014,4.368150343283851,7.3445069678296555,SSPG,SSPG,0.059930386174907015,0.39452714250661464,0.2000067848248619,1.1570537979593016,6,-2.270771805204742,550,5,30
0.2586386605147842,0.34999986731020605,MN8014,MN8014,4.369528977360388,7.344284805690842,SSPG,SSPG,0.05986955706133947,0.3945190179857282,0.200006145876223,1.1569708612496452,1,-2.27061780838023,550,5,30
0.25863656921953637,0.3499995240793991,MN8014,MN8014,4.368538776594749,7.344339755370324,SSPG,SSPG,0.05992207723800187,0.3945164729877549,0.2000066574225605,1.156958662896233,3,-2.2706990029718828,550,5,30
0.2586477862270574,0.3499999862006226,MN8014,MN8014,4.368183456221444,7.3444186152294595,SSPG,SSPG,0.05985606819366402,0.3945201000085696,0.20000696706105783,1.1570039403205494,4,-2.270794602008234,550,5,30
0.25867271936462477,0.34999975006627915,MN8014,MN8014,4.368380787662694,7.3443800855841195,SSPG,SSPG,0.05983160696717166,0.39454041947750007,0.20000619518755045,1.1571526210679868,0,-2.2707040151640463,550,5,30
0.25861806452044817,0.349999996853184,MN8014,MN8014,4.369180096788513,7.344270783234021,SSPG,SSPG,0.05988271922390397,0.39450359033276294,0.2000069470298038,1.1568712302143571,3,-2.27074454779277,550,5,30
0.2586578138821754,0.34999995340040985,MN8014,MN8014,4.368109829353033,7.344509585934125,SSPG,SSPG,0.05990391159016301,0.3945267059215201,0.20000681342100002,1.157052189682426,1,-2.270775105328127,550,5,30
0.2586335365136695,0.34999999655576103,MN8014,MN8014,4.367621956303909,7.344454586329657,SSPG,SSPG,0.05988461658854269,0.39451135921848945,0.2000072232970108,1.1569426580991125,4,-2.2707825771305377,550,5,30
0.25865414667707787,0.34999999208693344,MN8014,MN8014,4.368255691162271,7.344409157900385,SSPG,SSPG,0.05985340636151315,0.39452557985531156,0.20000661106968126,1.157039777544496,1,-2.2707409974425463,550,5,30
0.25868329263814244,0.34999999515133906,MN8014,MN8014,4.36683584819803,7.344600637930261,SSPG,SSPG,0.059902046105771545,0.39454669667886744,0.20000651000806377,1.1572241234363876,6,-2.270758968777434,550,5,30
0.2586639522661729,0.3499999019115685,MN8014,MN8014,4.367176173663598,7.344444473533628,SSPG,SSPG,0.05988563082334006,0.3945348615066395,0.20000685817111977,1.157131038484124,7,-2.270790761116846,550,5,30
0.25869505439984636,0.3499999574099986,MN8014,MN8014,4.367066369470381,7.344540136097942,SSPG,SSPG,0.05983952328709726,0.3945486957727494,0.20000641279043352,1.1572267822104028,7,-2.27085290547795,550,5,30
0.25870957273815326,0.34999999998998366,MN8014,MN8014,4.367439876534033,7.344560612204528,SSPG,SSPG,0.05982757366376426,0.39455971146172514,0.20000595377602645,1.1573109602263663,6,-2.2708063371125906,550,5,30
0.2586693992401687,0.34999994275580043,MN8014,MN8014,4.368086301137854,7.344425103802041,SSPG,SSPG,0.05986024935561111,0.3945330763563669,0.20000641586786952,1.157094118289741,2,-2.2708027826317014,550,5,30
0.2586609469281709,0.3499999492509997,MN8014,MN8014,4.368860822362632,7.344313303868992,SSPG,SSPG,0.05984018999295901,0.3945273135156137,0.20000648169650373,1.1570465032680293,3,-2.2708331423828554,550,5,30
0.2586667237817764,0.3499996861789503,MN8014,MN8014,4.368054168713991,7.344455733869108,SSPG,SSPG,0.0598311106002615,0.39453078020926496,0.2000067389954283,1.1570969250918095,7,-2.270872326360763,550,5,30
0.2586557300408844,0.34999982102136007,MN8014,MN8014,4.3686674950882285,7.344373721311754,SSPG,SSPG,0.05985379150623615,0.3945245290513941,0.20000669919186878,1.1570342946020968,1,-2.270829098985404,550,5,30
0.2586672491948688,0.34999971600849844,MN8014,MN8014,4.368552684545971,7.344436785794487,SSPG,SSPG,0.05982746157269438,0.394529489176919,0.20000657825200843,1.1570738932508204,6,-2.270858606845554,550,5,30
0.2586392615336504,0.34999974204863843,MN8014,MN8014,4.368635140454083,7.344477285231109,SSPG,SSPG,0.059844618541734625,0.3945110553184478,0.20000709190157878,1.1569465634642584,7,-2.270867691672411,550,5,30
0.2586682253496598,0.34999968530183084,MN8014,MN8014,4.368510472923656,7.34443309102726,SSPG,SSPG,0.0598169055893083,0.3945317814112428,0.20000641392506735,1.1570964052399444,6,-2.270831228298455,550,5,30
0.2586680716962952,0.3499998190074374,MN8014,MN8014,4.368360227146932,7.344470722270927,SSPG,SSPG,0.059810767790711414,0.3945307860711126,0.2000065588771497,1.1570947687905222,5,-2.270853420603771,550,5,30
0.2586285569055985,0.34999991300032307,MN8014,MN8014,4.367876385765692,7.344519173946383,SSPG,SSPG,0.059907138681976814,0.3945042773088624,0.20000701302032106,1.1568791289426628,7,-2.2707870096750895,550,5,30
0.2586709802707805,0.34999978921437247,MN8014,MN8014,4.367940930372798,7.344544305737001,SSPG,SSPG,0.05986146332858169,0.39453234798242,0.20000643247902544,1.157099168796825,4,-2.270820048425996,550,5,30
0.2586405892234283,0.34999964109890347,MN8014,MN8014,4.368097244154036,7.34442349870198,SSPG,SSPG,0.0598575402853503,0.394512648990639,0.20000689030920385,1.156949144316198,6,-2.27084811640621,550,5,30
0.2586426302974274,0.3499996000621241,MN8014,MN8014,4.368167454539372,7.3444191077108085,SSPG,SSPG,0.059860987106707814,0.3945145822174273,0.20000676346499857,1.1569559048107951,6,-2.2708065533713064,550,5,30
0.2586420173959316,0.34999978351967703,MN8014,MN8014,4.368115174146331,7.344460747342044,SSPG,SSPG,0.05985380350582764,0.39451434422245235,0.2000067486599343,1.1569638355616214,1,-2.2708074567858887,550,5,30
0.2586501801043699,0.34999961054927925,MN8014,MN8014,4.3681606575008685,7.344365714926367,SSPG,SSPG,0.05986178930240038,0.39452133814675044,0.20000652922288595,1.1569991341658015,5,-2.270769366182021,550,5,30
0.2586649941589888,0.34999944974822,MN8014,MN8014,4.3679635670719215,7.344385553504665,SSPG,SSPG,0.05985632400143902,0.39453351525320873,0.2000064423914548,1.1571055986402148,1,-2.2707805765673434,550,5,30
0.2586545211350928,0.34999941943187307,MN8014,MN8014,4.367521812293743,7.344435086164662,SSPG,SSPG,0.05983677309402338,0.39452274653996205,0.20000678644310427,1.157029941877008,0,-2.270847573731066,550,5,30
0.2586465579148477,0.3499993471121305,MN8014,MN8014,4.368470283879831,7.3443657779290525,SSPG,SSPG,0.059833266945698085,0.39451449896917157,0.20000676362074166,1.1569497910792088,6,-2.270870019770184,550,5,30
0.2586552952963203,0.34999921718165217,MN8014,MN8014,4.368082228567139,7.344364102137478,SSPG,SSPG,0.05983809656316612,0.39452418102400977,0.2000066182691963,1.1570351267289256,1,-2.2708433468824385,550,5,30
0.25865945310197824,0.34999914955229555,MN8014,MN8014,4.368486407326776,7.344306381908004,SSPG,SSPG,0.05982184395807583,0.39452738994801684,0.20000653899175636,1.1570579608448281,6,-2.2708555921913174,550,5,30
0.25863379446682444,0.3499994293716387,MN8014,MN8014,4.368573870289379,7.344359252772607,SSPG,SSPG,0.05985976000994981,0.3945094319450211,0.20000687295695188,1.1569208394364918,3,-2.2708334547859508,550,5,30
0.25863493286929073,0.3499994555873476,MN8014,MN8014,4.368895121580171,7.3443882536606,SSPG,SSPG,0.05984564667740308,0.39450936787679525,0.2000068207484961,1.1569261870890348,3,-2.2708477552481448,550,5,30
0.2586370929987541,0.34999953720140037,MN8014,MN8014,4.368432322744271,7.344425309442197,SSPG,SSPG,0.059863366885239216,0.3945099967307252,0.20000692286954755,1.156926829223114,0,-2.270846510232701,550,5,30
0.2586332499997348,0.34999956108082586,MN8014,MN8014,4.368408625723845,7.344418628237387,SSPG,SSPG,0.059875167190283705,0.3945096857603034,0.20000689277067113,1.1569288060508738,5,-2.27081609540617,550,5,30
0.2586483054054882,0.3499996594874809,MN8014,MN8014,4.368326355911329,7.3444269157958395,SSPG,SSPG,0.05983247708421857,0.39451751371967775,0.20000677644456136,1.1569881867685674,4,-2.270851950066577,550,5,30
0.25863180050527323,0.34999959245545875,MN8014,MN8014,4.368513383074481,7.3444121942526,SSPG,SSPG,0.05984938910198243,0.394507432496327,0.20000694709999686,1.1569144416893762,5,-2.2708430609720587,550,5,30
0.258633916776584,0.3499995689441046,MN8014,MN8014,4.368708546342774,7.344424814506834,SSPG,SSPG,0.05985616284361129,0.3945077257121837,0.20000683607384384,1.1569111207642466,3,-2.2708416081153953,550,5,30
0.2586585066516187,0.34999953947504775,MN8014,MN8014,4.368629839446232,7.344442680058054,SSPG,SSPG,0.05982311188685881,0.3945246806440622,0.2000066356536715,1.1570517681267427,6,-2.2708765858356035,550,5,30
0.2586598254981046,0.34999952284944197,MN8014,MN8014,4.368564467872537,7.344414763964131,SSPG,SSPG,0.05981898082830955,0.39452590170255947,0.20000665162737163,1.1570587246382544,5,-2.270876994952811,550,5,30
0.25866517688022267,0.34999966466688354,MN8014,MN8014,4.368519394880275,7.344443901640734,SSPG,SSPG,0.059804127978301425,0.3945288547423598,0.20000659920000435,1.1570880466588997,5,-2.270895782131511,550,5,30
0.258668114654157,0.3499995768112619,MN8014,MN8014,4.3685971263658185,7.344421453082974,SSPG,SSPG,0.05980291952989454,0.3945310006188726,0.20000648092804893,1.157098346948219,2,-2.2708808597954224,550,5,30
0.25865964883142617,0.34999946369077584,MN8014,MN8014,4.36844099964665,7.34441339111148,SSPG,SSPG,0.0598102727882243,0.3945241784020799,0.20000658884923914,1.1570398952114198,4,-2.2708831294079275,550,5,30
0.2586549175136832,0.3499994826760699,MN8014,MN8014,4.368210265836582,7.344445249978438,SSPG,SSPG,0.05983193548440543,0.39452174998492934,0.20000666577478132,1.1570254426460074,0,-2.270872852423576,550,5,30
0.25865326273884226,0.34999954574461806,MN8014,MN8014,4.367947353416004,7.344474014025121,SSPG,SSPG,0.05982628512753249,0.3945202877818138,0.20000680886986236,1.1570189560276791,4,-2.2708817716874172,550,5,30
0.2586416144504251,0.34999940003972574,MN8014,MN8014,4.368886437164861,7.3444039910702195,SSPG,SSPG,0.05982221200711091,0.3945138756894098,0.20000680709829186,1.1569709526596341,5,-2.2708752908168464,550,5,30
0.25865606555679416,0.34999961978110483,MN8014,MN8014,4.3683186463789,7.3444422267496465,SSPG,SSPG,0.0598233071492303,0.39452421626626033,0.20000674317740855,1.1570552407759909,4,-2.2708784546741754,550,5,30
Time taken (seconds)
2026-06-16 19:19:57
