thigh_length,calf_length,motor_left_name,motor_right_name,gear_left_ratio,gear_right_ratio,gearbox_left,gearbox_right,torso_distance,ik_height,ori_l,ori_theta,best_index,best_cost,ac1,ac2,ac3
0.297,0.302,U12,MN8014,11.496122071425043,10.1242066369032,CPG,CPG,0.1,0.3205817634434413,0.2027474218816567,-0.2739116627963154,2,8.069028299098765,515.5,5.0,29.6
0.297,0.302,U12,MN8014,13.065703494061852,12.57329633162058,CPG,CPG,0.1,0.3623474701523241,0.20882153866900446,-0.3769757185701863,3,8.262866050562334,367.9,4.2,23.2
0.297,0.302,U10,MN8014,13.496241086670933,11.615551175565695,CPG,CPG,0.1,0.31997855189972896,0.20353719411491145,-0.14594289998043508,3,1.8073647821285048,511.8,5.1,29.5
0.297,0.302,U12,MN8014,14.63732340589052,11.527019237682085,CPG,CPG,0.1,0.3577635958637408,0.20212722982757161,0.08485234837637878,5,8.207925581138774,573.8,4.6,32.3
0.297,0.302,U12,MN8014,14.805362072557044,9.217410451276209,CPG,CPG,0.1,0.3869136992069291,0.2018925477924856,0.23806421428893354,2,2.826829077430733,419.8,5.1,28.6
0.297,0.302,U10,MN8014,15.959825049114922,10.086649443739882,CPG,CPG,0.1,0.38509171580347723,0.20278314828037697,0.42324966802322006,0,1.4297759299133999,512.1,6.0,31.2
0.297,0.302,U10,VT8020,13.86344439921141,10.075614105837111,CPG,CPG,0.1,0.40481226180422564,0.22967778569469977,0.6725129990162753,6,1.1039382733318295,606.0,6.5,33.5
0.297,0.302,U10,VT8020,11.270424595136681,9.383096476082954,CPG,CPG,0.1,0.396519599074549,0.2026705158881269,0.6588020935727523,6,0.7017430849019872,530.0,6.6,40.3
0.297,0.302,U10,VT8020,14.66845621417601,7.797271135020091,CPG,CPG,0.1,0.44882929080572886,0.21309031777052162,1.2130787328203234,3,0.43986168986126817,577.6,7.5,37.8
0.297,0.302,U10,MN8014,11.459266754347837,8.370403986702893,CPG,CPG,0.1,0.40229360060030517,0.22633492653204557,0.9723478107289618,0,0.38382879557125094,578.5,6.8,36.5
0.297,0.302,U8,VT8020,14.145244242048541,9.769871857857726,CPG,CPG,0.1,0.41711273941701565,0.29332265501334964,1.110888134733913,2,2.410041585034527,630.1,5.1,29.1
0.297,0.302,U10,MN8014,11.229123224795394,10.040582694555932,CPG,CPG,0.1,0.420226891208878,0.22447535437594,1.0337370860911679,2,0.01822714589241059,612.2,4.3,32.5
0.297,0.302,U10,MN8014,11.529814195753676,14.424606540022914,CPG,CPG,0.1,0.4386391741364354,0.2585318064890372,0.9912435998799038,4,0.4550825683389581,584.8,5.1,28.4
0.297,0.302,U10,MN8014,10.7305309967611,11.299600489453884,CPG,CPG,0.1,0.4229114537574362,0.2978564324235702,0.8388532340817876,5,1.1122241848618781,543.6,3.4,31.6
0.297,0.302,U10,MN8014,13.250621588424229,13.731919608291502,CPG,CPG,0.1,0.4025841593676775,0.21839860772194516,0.96821944071023,1,0.6802968468918458,636.9,4.2,27.2
0.297,0.302,U10,MN8014,8.60250837440424,14.139957810700121,CPG,CPG,0.1,0.43718494275942565,0.2787925585135175,1.3218787275176047,5,0.2844535217082367,647.3,2.7,22.9
0.297,0.302,U10,VT8020,9.987987325329378,16.74691130102371,CPG,CPG,0.1,0.447573094697611,0.28430477997122067,1.1473251209258066,6,0.9380241901887372,707.2,3.2,26.1
0.297,0.302,U10,MN8014,11.039149268195573,17.165888113568606,CPG,WPG,0.1,0.4447306125881405,0.26960269982868595,0.9142352385828918,1,0.8449733937085764,479.3,2.8,37.4
0.297,0.302,U10,MN8014,9.295559751752624,13.112150453095623,CPG,CPG,0.1,0.4694154726684795,0.2950281322491772,0.7959686439147231,6,0.3897657697551091,633.0,3.8,33.6
0.297,0.302,U10,MN8014,10.578239039341476,13.73259510111552,CPG,CPG,0.1,0.4265245494334612,0.25449734343809616,0.9173753851678348,6,0.31463152446853826,638.3,4.0,31.5
0.297,0.302,U8,MN8014,7.367965887020372,11.968484701976905,CPG,CPG,0.1,0.45810066549517836,0.3323143273857576,0.7369391807962331,7,0.048152240540292546,565.3,3.0,38.4
0.297,0.302,U8,MN8014,8.787476817598392,15.09276901635341,CPG,CPG,0.1,0.4735668891621916,0.33953069929199287,0.8159027278064146,0,-0.15580203254673997,694.4,3.9,38.1
0.297,0.302,U8,MN8014,4.379722582034672,13.001583358560636,CPG,CPG,0.1,0.475648496628709,0.26941470633017917,1.014739701201599,2,-0.33136506091579854,695.1,2.8,40.9
0.297,0.302,U8,MN8014,4.693695978809309,13.276287448099705,CPG,CPG,0.1,0.47297316666636136,0.20160277178702476,0.7909705347842073,4,0.19775001115010937,586.4,3.9,36.4
0.297,0.302,U8,VT8020,5.3994046211062825,10.912252286557749,CPG,CPG,0.1,0.454502556913974,0.20650115944696404,0.6884509724781722,7,0.11429307265770916,554.3,6.6,49.8
0.297,0.302,U8,VT8020,4.417971740745505,11.854713787614209,CPG,CPG,0.1,0.4356889647365003,0.2117616218851869,0.736361953776032,3,-0.18056893265180918,587.5,4.3,38.5
0.297,0.302,U10,VT8020,5.332384915134548,10.281328166132422,CPG,CPG,0.1,0.43541622975315153,0.244130154410755,0.7193603647362332,6,0.27352475243642793,548.3,3.8,41.8
0.297,0.302,U10,MAD_M6C12,4.313995202973822,15.780664821278753,CPG,CPG,0.1,0.4402815768581943,0.25487476641275253,0.9568745618719081,0,-0.44126518416279836,671.1,5.5,40.2
0.297,0.302,U10,MAD_M6C12,4.028557403483132,16.22701997937119,CPG,CPG,0.1,0.42915611367899564,0.23289926893729393,1.1149766633832332,4,-0.48521051911839663,565.4,6.4,36.1
0.297,0.302,U10,MAD_M6C12,5.93857775463777,16.557622437933848,SSPG,CPG,0.1,0.43593052480264827,0.29102823576955,1.162181532673515,1,-0.2815080816652591,618.7,6.2,28.7
0.297,0.302,U10,MAD_M6C12,5.728905507665289,13.908983237064495,SSPG,CPG,0.1,0.3743635448055815,0.20159739558502163,0.6980710948711764,7,0.37606967698038396,461.7,8.3,42.3
0.297,0.302,U10,MAD_M6C12,4.000258236205528,12.594181580263731,CPG,CPG,0.1,0.3784317470022447,0.20050716577109648,0.8968742680580268,6,-0.33589404937105893,556.2,7.5,35.4
0.297,0.302,U8,MAD_M6C12,4.04780192284631,17.92132855650476,CPG,WPG,0.1,0.4525167669264914,0.279404219809147,0.8147510657756323,5,-0.6756786895757338,646.4,7.0,22.9
0.297,0.302,U10,MAD_M6C12,4.479831912611789,17.113811412709662,CPG,WPG,0.1,0.41331711923615294,0.21466963391881133,1.2368957975007384,1,-0.46301839064642714,619.8,8.4,26.6
0.297,0.302,U8,MAD_M6C12,8.867883198931942,14.107428563447833,CPG,CPG,0.1,0.4202436556053269,0.2117134734622856,1.0047262549511737,7,-0.8598490686971809,500.7,9.2,32.5
0.297,0.302,U8,MAD_M6C12,7.873998282242409,13.072745979332812,CPG,CPG,0.1,0.42709581625274035,0.2524269362809822,0.6879044200487048,0,-0.8005273242430802,536.8,9.6,32.5
0.297,0.302,U8,MAD_M6C12,13.700965294451837,15.189589308229934,CPG,CPG,0.1,0.42509229114443486,0.21377961154987865,1.1411002660560032,1,-0.6670180284163081,549.0,9.7,28.8
0.297,0.302,U8,MAD_M6C12,6.557718747491345,15.345220122698569,CPG,CPG,0.1,0.43349488246672163,0.20013298117495953,1.5635506685621006,1,-0.8961611258263025,632.8,9.9,31.6
0.297,0.302,U8,MAD_M6C12,6.1595822663493,16.01676436755054,CPG,CPG,0.1,0.4451414377753391,0.2001937881645308,1.4953548617009549,1,-0.1771257935864483,744.4,9.1,33.3
0.297,0.302,U8,MAD_M6C12,6.433021853969207,15.162755827224789,CPG,CPG,0.1,0.4570971611838648,0.21531514387933065,1.5655274201287357,4,-0.7211748818216552,714.7,9.9,36.1
0.297,0.302,U8,MAD_M6C12,8.322276832305764,15.734896174014734,CPG,CPG,0.1,0.448734463504736,0.20716437791197323,1.5599173540041718,4,-0.7922107657527624,595.8,9.2,30.8
0.297,0.302,U8,MAD_M6C12,5.2154296721761835,18.210520585384405,SSPG,WPG,0.1,0.43133519414076305,0.22334716250297573,1.3261524466557502,4,-1.0814594666724489,651.4,9.9,29.0
0.297,0.302,U8,MAD_M6C12,4.000304329645667,16.10637120963257,CPG,WPG,0.1,0.4091978201980138,0.20152618985791063,1.1108053010819212,2,-1.2432034529500413,616.3,8.2,37.9
0.297,0.302,U8,MAD_M6C12,5.3011741007358,17.54164801073353,CPG,CPG,0.1,0.4289330132336982,0.24183326190374463,1.423949022703563,4,-1.1907144658873552,613.5,8.4,25.4
0.297,0.302,U8,MAD_M6C12,6.482655005506524,17.45785910781664,CPG,CPG,0.1,0.4335147498874856,0.235471469723781,1.1437825729124906,2,-1.0663747988893064,656.3,10.0,33.9
0.297,0.302,U8,MAD_M6C12,4.9150209133182425,18.526951507766604,CPG,WPG,0.1,0.3977221925624498,0.22225220561157463,1.0948206628236266,2,-1.2355332790663152,652.6,7.9,29.2
0.297,0.302,U8,MAD_M6C12,4.483199398490498,18.27283701691132,CPG,WPG,0.1,0.3991432142804505,0.20175542209607472,1.367501389722586,2,-1.172308298911858,726.7,7.8,29.9
0.297,0.302,U8,MAD_M6C12,4.758866042182694,19.6215546678563,CPG,WPG,0.1,0.41527099827089586,0.2052242217347995,1.511507836439265,7,-1.3456519182767401,741.1,7.1,21.1
0.297,0.302,U8,MAD_M6C12,4.961934315081146,19.3477056818127,CPG,WPG,0.1,0.4042962655083623,0.23288668462398088,1.5511796588929228,6,-1.3659650592507493,763.6,7.1,27.1
0.297,0.302,U8,MAD_M6C12,4.2123173637794595,19.03503128932628,CPG,WPG,0.1,0.4225251649257796,0.2109827296658416,1.403407025562895,3,-1.359182538600546,767.2,7.7,24.7
0.297,0.302,U8,MAD_M6C12,4.512575239110959,21.962378637068916,CPG,WPG,0.1,0.4322221285805373,0.21822584407583107,1.5469486084281914,6,-1.3598149077936554,844.0,9.4,17.1
0.297,0.302,U8,MAD_M6C12,4.397102464874802,20.568463173143336,CPG,WPG,0.1,0.42954852084465706,0.20051806869175876,1.5701356487744014,5,-1.3657630204853124,764.0,9.0,21.8
0.297,0.302,U8,MAD_M6C12,4.031170553434374,20.80753547051992,CPG,WPG,0.1,0.4189926520502857,0.22201163843967517,1.464002112083917,1,-1.3240355929902918,781.9,9.1,20.3
0.297,0.302,U8,MAD_M6C12,4.496726094421062,21.356153266383114,CPG,WPG,0.1,0.4222204033304051,0.21442704073037402,1.1328482271922367,1,-1.50111255409821,806.8,8.1,15.6
0.297,0.302,U8,MAD_M6C12,4.633756878486566,21.307599989719403,CPG,WPG,0.1,0.41162290976263927,0.2000142421070323,1.3145771947895657,7,-1.47078894609003,824.0,7.9,12.1
0.297,0.302,U8,MAD_M6C12,4.454580090311489,21.50622587079013,CPG,WPG,0.1,0.4243843380371617,0.20278437382983588,1.569255122751965,2,-1.4041741250855821,835.5,9.2,14.8
0.297,0.302,U8,MAD_M6C12,4.179865061977972,21.689606420761592,CPG,WPG,0.1,0.42293823636186545,0.2000820145568805,1.566872056800181,3,-1.4122064630257292,850.2,7.8,12.4
0.297,0.302,U8,MAD_M6C12,4.1257253712101765,22.523639390922984,CPG,WPG,0.1,0.41932579067240394,0.20770811246968793,1.5209818808071192,5,-1.4840611337321477,886.4,8.0,11.3
0.297,0.302,U8,MAD_M6C12,4.012725877380247,23.061615414591774,CPG,WPG,0.1,0.4102111911470955,0.20170830584932395,1.2330838761211145,3,-1.3148887032159529,865.3,9.1,14.0
0.297,0.302,U8,MAD_M6C12,4.049109161776522,22.475391682862547,CPG,WPG,0.1,0.419703777433047,0.224265713852082,1.3110606521929573,2,-1.5234093336839187,885.2,7.6,17.1
0.297,0.302,U8,MAD_M6C12,4.014322162257904,21.003374342055828,CPG,WPG,0.1,0.42130380487288055,0.20715667002452776,1.1668382422837644,6,-1.4869723285980871,845.4,7.8,12.3
0.297,0.302,U8,MAD_M6C12,4.00265933271418,21.260620324128826,CPG,WPG,0.1,0.4318776615986368,0.2022793087360786,0.643385320545184,7,-1.46787474276959,846.3,8.2,13.1
0.297,0.302,U8,MAD_M6C12,4.497232057795291,21.363417633672952,CPG,WPG,0.1,0.4415150175967334,0.20128872997999606,1.1856958755147078,2,-1.3355367540926117,810.5,7.5,10.0
0.297,0.302,U8,MAD_M6C12,4.022560813220713,21.61577684214179,CPG,WPG,0.1,0.43709334318221615,0.20301056904228826,1.0118438929045648,6,-1.3751337562086725,883.4,6.4,14.9
0.297,0.302,U8,MAD_M6C12,4.017328507173805,23.733111631251813,CPG,WPG,0.1,0.4368749438656026,0.2145903889050603,0.8859246160835803,7,-1.3367816045089107,929.5,5.8,13.7
0.297,0.302,U8,MAD_M6C12,4.002360835183568,22.689448847536944,CPG,WPG,0.1,0.44528575712000373,0.2140204405817004,0.5667457365777282,5,-1.1828607793976644,814.9,7.9,13.8
0.297,0.302,U8,MAD_M6C12,4.457596000529,22.69484774657306,CPG,WPG,0.1,0.4321080118226801,0.20006041626497567,0.8654370587332005,5,-1.4887744222473849,894.1,7.6,14.7
0.297,0.302,U8,MAD_M6C12,4.006801608735749,24.176945630560276,CPG,WPG,0.1,0.42127002587731327,0.20320443648520176,0.5077782629175771,3,-1.2921399324985465,909.8,7.1,14.5
0.297,0.302,U8,MAD_M6C12,4.027706567844815,23.98438103404843,CPG,WPG,0.1,0.44333107668226557,0.20065095634537505,0.41964278591741566,5,-1.378432884071266,907.8,6.6,18.1
0.297,0.302,U8,MAD_M6C12,5.190801570037386,24.21928725136532,SSPG,WPG,0.1,0.41631042327082185,0.2001277631874436,0.6085727808050048,5,-1.27999885890741,866.2,7.2,18.1
0.297,0.302,U8,MAD_M6C12,4.002256945361034,23.95043328516357,CPG,WPG,0.1,0.4153857667708192,0.20279021002854924,0.4862065738653323,7,-1.3451061896364749,871.5,8.2,20.2
0.297,0.302,U8,MAD_M6C12,4.449909621624813,23.78057333718378,CPG,WPG,0.1,0.4161322834757575,0.20362172694945888,0.6418002507937817,0,-1.41182225080877,903.7,8.2,20.7
0.297,0.302,U8,MAD_M6C12,4.017846392827683,23.98251005161937,CPG,WPG,0.1,0.4271076773950067,0.2002420761182268,0.9209075430375213,7,-1.5002516745236854,863.3,7.8,20.8
0.297,0.302,U8,MAD_M6C12,4.029914155894256,24.15965085967397,CPG,WPG,0.1,0.4218423084440116,0.20378304451859458,0.8043163581792188,7,-1.4385395725455368,867.9,7.1,22.8
0.297,0.302,U8,MAD_M6C12,4.184763060906001,23.3906250311399,CPG,WPG,0.1,0.4258578570189713,0.20267589731731395,0.8256513615360968,4,-1.4751248368535332,910.0,6.5,25.6
0.297,0.302,U8,MAD_M6C12,4.2157746453286125,22.750139067072624,CPG,WPG,0.1,0.44171626485752935,0.2001051433987385,0.4538455847371945,6,-1.4715706661836414,890.9,7.0,19.7
0.297,0.302,U8,MAD_M6C12,4.0060987080923445,22.446067361286374,CPG,WPG,0.1,0.4234328660943742,0.20671871623190335,0.9022541753227267,3,-1.5038870262891013,871.0,7.2,23.7
0.297,0.302,U8,MAD_M6C12,4.026346413946805,22.717311165902633,CPG,WPG,0.1,0.4266591160177742,0.20458244317420374,0.7413947722351102,2,-1.4795468720057219,841.8,7.9,19.0
0.297,0.302,U8,MAD_M6C12,4.017525640194734,22.479246918479404,CPG,WPG,0.1,0.42705218249352084,0.20192402648233065,0.8574819874013855,3,-1.4905115583369142,816.7,7.9,21.7
0.297,0.302,U8,MAD_M6C12,4.1035896522053665,21.617184550398918,CPG,WPG,0.1,0.4249602514559036,0.20150808245196186,0.7286016658774468,7,-1.4657882739751624,854.8,6.5,21.1
0.297,0.302,U8,MAD_M6C12,4.029436757674539,22.68212612914403,CPG,WPG,0.1,0.4226140400777172,0.20202810443792094,0.6276202156819641,3,-1.447115400059845,833.5,7.2,19.9
0.297,0.302,U8,MAD_M6C12,4.501315813108045,23.71647827063675,CPG,WPG,0.1,0.4257203908633073,0.20014925636882314,0.7378240192216952,2,-1.4564436164426624,869.7,7.4,18.2
0.297,0.302,U8,MAD_M6C12,4.039047285764858,23.434829253567322,CPG,WPG,0.1,0.42643370201666364,0.2002547199510428,0.8165229596930383,2,-1.43311514789149,863.6,7.6,20.0
0.297,0.302,U8,MAD_M6C12,4.1068792586380045,22.832934755314504,CPG,WPG,0.1,0.42593167196360304,0.2001513257759031,0.7818238664368833,3,-1.4741307200932887,868.3,7.8,17.4
0.297,0.302,U8,MAD_M6C12,4.200564667785731,23.00302661943277,CPG,WPG,0.1,0.43314234312860267,0.20879116119165522,0.7423139629038071,2,-1.4551840790912056,858.6,7.8,19.1
0.297,0.302,U8,MAD_M6C12,4.001763508877992,22.66744887302442,CPG,WPG,0.1,0.42288117250603463,0.2048387883627745,0.6789091937738814,0,-1.4727891659189698,848.6,7.4,16.8
0.297,0.302,U8,MAD_M6C12,4.225501998748688,22.79029760924181,CPG,WPG,0.1,0.4284118870908191,0.21016504526298382,0.6074920932246162,6,-1.4892550686370498,870.7,7.7,20.4
0.297,0.302,U8,MAD_M6C12,4.064613445741353,23.011460043352336,CPG,WPG,0.1,0.4298850881506594,0.20378898450649266,0.6854843646951316,3,-1.4593692538346499,879.1,7.1,18.4
0.297,0.302,U8,MAD_M6C12,4.163468444479056,23.832156740588132,CPG,WPG,0.1,0.426841371933962,0.20182117472772876,0.5776242974105394,7,-1.481662359070862,885.9,7.4,18.3
0.297,0.302,U8,MAD_M6C12,4.454995165971256,22.94029932996771,CPG,WPG,0.1,0.42062050765540593,0.20270914570849988,0.5990931054511068,4,-1.424358029017366,879.7,7.2,19.0
0.297,0.302,U8,MAD_M6C12,4.025161601666498,22.398867367606147,CPG,WPG,0.1,0.430295807086468,0.20000051094893379,0.6334917780430396,5,-1.5465572745542264,905.4,7.5,18.6
0.297,0.302,U8,MAD_M6C12,4.130515390310995,22.766276444145365,CPG,WPG,0.1,0.43263971627447007,0.20153113213563906,0.4786811253051795,2,-1.5338698852579,896.7,7.3,19.1
0.297,0.302,U8,MAD_M6C12,4.0113868921096305,22.51448094930491,CPG,WPG,0.1,0.43104102170756253,0.20166923008565216,0.6336387447861558,7,-1.4870839084268184,895.8,7.5,17.6
0.297,0.302,U8,MAD_M6C12,4.032257862882354,22.651576051786872,CPG,WPG,0.1,0.42985425087689777,0.2000189418593685,0.7135680011979182,4,-1.5451655711870078,885.3,7.4,17.1
0.297,0.302,U8,MAD_M6C12,4.001437645894658,22.397074452935534,CPG,WPG,0.1,0.4278401980147523,0.20097014411639538,0.5296104197382427,4,-1.5378236707742055,869.0,6.8,20.1
0.297,0.302,U8,MAD_M6C12,4.018554227573553,22.733831276894193,CPG,WPG,0.1,0.43089784299734857,0.20088807824756272,0.7219457303829988,4,-1.5159336790582358,877.6,6.8,18.2
0.297,0.302,U8,MAD_M6C12,4.00514558631647,22.513192494249644,CPG,WPG,0.1,0.434911480785713,0.20012306778948485,0.8093090395706457,5,-1.5227275352146457,862.3,7.1,19.3
0.297,0.302,U8,MAD_M6C12,4.171372422330711,22.53992749997647,CPG,WPG,0.1,0.4246307783730078,0.2003775306374169,0.7697027072016414,1,-1.5364558965422006,884.9,6.8,18.3
0.297,0.302,U8,MAD_M6C12,4.0190853985195405,22.491090448027144,CPG,WPG,0.1,0.4245947819798701,0.20049619641768437,0.9634067521088059,6,-1.5468834251564818,882.8,6.7,16.3
0.297,0.302,U8,MAD_M6C12,4.003268446243529,22.821398135463998,CPG,WPG,0.1,0.424540717795413,0.20411907562362017,0.8588109018799712,7,-1.5758363779103561,908.7,6.6,15.4
0.297,0.302,U8,MAD_M6C12,4.016001272065976,22.769615274625902,CPG,WPG,0.1,0.4244734789469679,0.20875288396619981,0.8208441753858335,6,-1.5878991075425617,921.8,6.2,15.8
0.297,0.302,U8,MAD_M6C12,4.155560272298566,22.579820292467147,CPG,WPG,0.1,0.42085807745228554,0.20726294423047217,0.9234782298221837,0,-1.4378697406725074,908.3,6.0,17.9
0.297,0.302,U8,MAD_M6C12,4.356516389558754,22.828797218483594,CPG,WPG,0.1,0.4234300540991447,0.20250276112056897,0.8666275082570931,6,-1.5793691072343385,916.4,5.7,15.6
0.297,0.302,U8,MAD_M6C12,4.418629024488706,22.443667326338144,CPG,WPG,0.1,0.42571795907387033,0.20718518128965344,1.0743044182749175,3,-1.516446101376319,917.0,5.7,15.2
0.297,0.302,U8,MAD_M6C12,4.220731816677692,22.441484194997624,CPG,WPG,0.1,0.4302030775766159,0.20712396917172138,1.0129098534634884,5,-1.550379430712841,936.4,5.7,14.7
0.297,0.302,U8,MAD_M6C12,4.037854663368623,23.0363229203662,CPG,WPG,0.1,0.42348515297834133,0.21437877781494283,1.3765702274435108,1,-1.5237673282181436,972.2,5.4,13.4
0.297,0.302,U8,MAD_M6C12,4.171313205520138,21.381200526887397,CPG,WPG,0.1,0.4264113961261142,0.20507628636345693,0.9829947749960208,5,-1.545070039148234,956.9,4.9,15.6
0.297,0.302,U8,MAD_M6C12,4.100203151061037,21.42156402615203,CPG,WPG,0.1,0.4352302514160854,0.20091153845316517,1.360990867303256,1,-1.4935627150962638,952.0,5.7,14.3
0.297,0.302,U8,MAD_M6C12,4.020176234476962,21.378396784313438,CPG,WPG,0.1,0.43300682731135776,0.2068554124201404,1.1362216537485432,5,-1.5429416240358051,956.3,5.7,13.2
0.297,0.302,U8,MAD_M6C12,4.002904808772712,21.3536545915875,CPG,WPG,0.1,0.435401307214483,0.20801350916601122,1.4347629046917065,1,-1.496136066118419,929.2,5.1,12.1
0.297,0.302,U8,MAD_M6C12,4.089142985283274,22.002676227379943,CPG,WPG,0.1,0.43008595744417993,0.20989266968336154,1.3164655924040836,2,-1.4178113301771997,923.2,5.2,11.0
0.297,0.302,U8,MAD_M6C12,4.126392449656322,22.353589898022566,CPG,WPG,0.1,0.43383672466990764,0.21060904629086272,1.465303418001708,3,-1.4937162282683794,924.6,5.2,10.4
0.297,0.302,U8,MAD_M6C12,4.086363715503665,22.032976594164484,CPG,WPG,0.1,0.43375629527082754,0.21885806512817754,1.5223708913244267,7,-1.3748513913751985,931.4,5.8,11.0
0.297,0.302,U8,MAD_M6C12,4.11340001870157,22.959241756464127,CPG,WPG,0.1,0.43393627611841107,0.21058291560393275,1.444019665841862,0,-1.4355638448857384,890.4,5.7,11.6
0.297,0.302,U8,MAD_M6C12,4.045257006847366,22.671830030602464,CPG,WPG,0.1,0.43602258388306214,0.21380069209274657,1.5588794061830566,7,-1.403699366009084,908.4,6.6,10.3
0.297,0.302,U8,MAD_M6C12,4.001998115727271,22.381674926640695,CPG,WPG,0.1,0.44013213136974444,0.21133219211889268,1.512399489569911,6,-1.4445429315891385,911.2,5.6,10.0
0.297,0.302,U8,MAD_M6C12,4.015489262864155,22.534633277115148,CPG,WPG,0.1,0.4414809093260363,0.2039682589604272,1.5063412987800282,2,-1.44544798156973,877.1,6.6,11.2
0.297,0.302,U8,MAD_M6C12,4.026616235090054,22.529506366299252,CPG,WPG,0.1,0.43114893183219405,0.20199323989808501,1.2064864784395053,0,-1.5104284816541895,823.2,6.3,15.0
0.297,0.302,U8,MAD_M6C12,4.0858529066900635,22.439132543900453,CPG,WPG,0.1,0.4232615218826845,0.20271441845946447,1.3752245182024962,1,-1.5120234320635806,827.3,6.9,15.4
0.297,0.302,U8,MAD_M6C12,4.004356775734133,22.71127770806655,CPG,WPG,0.1,0.42917604191172354,0.20004504699764877,1.5689909849565336,1,-1.5085275479569535,877.3,6.3,13.8
0.297,0.302,U8,MAD_M6C12,4.536313289175778,23.029777627806318,CPG,WPG,0.1,0.4282440328689926,0.2016181072020975,1.525743663200784,5,-1.5013160510708676,855.5,6.1,14.2
0.297,0.302,U8,MAD_M6C12,4.109736889507909,22.544986659636542,CPG,WPG,0.1,0.4272412519978578,0.20561753265143323,1.493113024044236,4,-1.5167959285844042,886.8,6.2,15.4
0.297,0.302,U8,MAD_M6C12,4.037620374903071,22.539137900792284,CPG,WPG,0.1,0.4250588364108404,0.20845011223925597,1.465366668058457,5,-1.5414684292212382,875.1,6.4,16.3
0.297,0.302,U8,MAD_M6C12,4.000148873804011,22.725347043575503,CPG,WPG,0.1,0.4293269381871193,0.204475761628507,1.570713433936311,7,-1.5229153192602531,904.9,6.3,14.0
0.297,0.302,U8,MAD_M6C12,4.044186964515076,22.533889596032733,CPG,WPG,0.1,0.42565524643525365,0.20454676056119464,1.5368097126118538,4,-1.5379705306718865,888.3,5.9,16.0
0.297,0.302,U8,MAD_M6C12,4.2207062804773665,22.7721534283434,CPG,WPG,0.1,0.4256633978695783,0.20486114618328888,1.5691227150678886,3,-1.5633743344940232,864.1,6.1,15.6
0.297,0.302,U8,MAD_M6C12,4.099688083898032,22.837005294327938,CPG,WPG,0.1,0.4213154447179531,0.2041100723001803,1.5453387175320912,2,-1.5672960639675306,853.5,6.3,17.8
0.297,0.302,U8,MAD_M6C12,4.02490050624767,22.400609330746924,CPG,WPG,0.1,0.4239105511011232,0.20163106328540173,1.5697981806130339,4,-1.5184515955886493,853.0,6.0,17.4
0.297,0.302,U8,MAD_M6C12,4.005677414530894,22.800776147170094,CPG,WPG,0.1,0.42039637354751325,0.2001347771622103,1.567855127081896,5,-1.5825242355428575,858.9,6.0,16.9
0.297,0.302,U8,MAD_M6C12,4.000422495924395,22.777989422899275,CPG,WPG,0.1,0.4190749998170228,0.20500779246745063,1.5272182474671214,5,-1.5708174515695408,850.2,6.3,17.7
0.297,0.302,U8,MAD_M6C12,4.000241683138661,22.75027410530725,CPG,WPG,0.1,0.42003702836284645,0.20209035523554067,1.5681632428451078,5,-1.5714671266809788,841.2,6.5,16.9
0.297,0.302,U8,MAD_M6C12,4.03595970903418,22.84708070523646,CPG,WPG,0.1,0.4206534073500076,0.20128023353318342,1.4906898330694647,1,-1.5834679701517391,846.5,6.9,18.0
0.297,0.302,U8,MAD_M6C12,4.003182186004201,22.530849326241032,CPG,WPG,0.1,0.42226942591380967,0.20068716727361194,1.4265758233009325,2,-1.5353111586111083,837.1,6.9,17.7
0.297,0.302,U8,MAD_M6C12,4.0279619823331565,22.751779667028426,CPG,WPG,0.1,0.42209280674492367,0.2007195925992193,1.394821794048954,2,-1.5721920654658206,845.4,6.9,17.7
0.297,0.302,U8,MAD_M6C12,4.00158769382752,22.825670362863704,CPG,WPG,0.1,0.4233849325320795,0.20003276394848124,1.39198148565744,3,-1.5781755236596346,824.9,7.1,19.5
0.297,0.302,U8,MAD_M6C12,4.0119465594451995,22.840400993371883,CPG,WPG,0.1,0.42843139720780854,0.20037311726310117,1.446398254696696,6,-1.6044479161710825,850.1,7.3,16.4
0.297,0.302,U8,MAD_M6C12,4.004717019283901,22.503877631622238,CPG,WPG,0.1,0.42547250879151916,0.2000437710874955,1.414896726349077,0,-1.5356777932592394,831.1,7.1,17.0
0.297,0.302,U8,MAD_M6C12,4.047316718568997,22.844874217902287,CPG,WPG,0.1,0.429132243586111,0.2000156842369517,1.312520424279978,0,-1.6112979874914366,828.7,7.3,16.1
0.297,0.302,U8,MAD_M6C12,4.007490121833854,22.68003032184728,CPG,WPG,0.1,0.4277695859622549,0.20080404283481848,1.4101871801158987,6,-1.5424085492180861,818.0,7.6,17.4
0.297,0.302,U8,MAD_M6C12,4.027997603965148,22.8226618677905,CPG,WPG,0.1,0.4290556105033996,0.20069115138847207,1.5379742553813753,7,-1.5974604298497255,860.4,6.9,14.5
0.297,0.302,U8,MAD_M6C12,4.007878246933529,22.753119686666373,CPG,WPG,0.1,0.4307007578746735,0.20093548067881167,1.5331814323648536,3,-1.5904138373277767,852.6,7.1,14.7
0.297,0.302,U8,MAD_M6C12,4.00224848053349,22.76841297942598,CPG,WPG,0.1,0.4300723626073686,0.20009505937496963,1.42462745246518,2,-1.5923686668007004,846.8,7.3,15.8
0.297,0.302,U8,MAD_M6C12,4.00468118786449,22.417063363096027,CPG,WPG,0.1,0.429183291402053,0.2023410949601114,1.5112966591813022,2,-1.5533036653595325,850.1,7.1,15.5
0.297,0.302,U8,MAD_M6C12,4.0649576667630365,22.424736332931396,CPG,WPG,0.1,0.43199445811961834,0.20023686717308442,1.5356356790945398,0,-1.51768354431632,857.7,6.8,14.9
0.297,0.302,U8,MAD_M6C12,4.015155752985676,22.370187892422496,CPG,WPG,0.1,0.4304265164161135,0.20084769080231657,1.5370331932431407,6,-1.5339209637735376,873.5,6.2,14.3
0.297,0.302,U8,MAD_M6C12,4.016180843324855,22.41092182626586,CPG,WPG,0.1,0.4291721612594547,0.20158685314727362,1.5504978253160604,2,-1.5488833138456428,861.7,6.7,13.8
0.297,0.302,U8,MAD_M6C12,4.013750277718029,22.784702149305573,CPG,WPG,0.1,0.43029802263677075,0.20010515352365188,1.4215448686874046,1,-1.5908865357411823,857.3,7.1,15.5
0.297,0.302,U8,MAD_M6C12,4.006978597181049,22.827827046579312,CPG,WPG,0.1,0.4295267092355637,0.2006584235831988,1.5515576117804546,4,-1.5937476747381112,850.1,7.0,13.5
0.297,0.302,U8,MAD_M6C12,4.0061644697299155,22.83836980102745,CPG,WPG,0.1,0.43036047746749095,0.2002611932028501,1.5396170846615989,7,-1.6002276452859459,849.4,7.0,13.8
0.297,0.302,U8,MAD_M6C12,4.007330460523345,22.813270162974803,CPG,WPG,0.1,0.432532610179661,0.2000315013065646,1.4321418707642684,6,-1.5586997234391085,844.7,7.0,14.6
0.297,0.302,U8,MAD_M6C12,4.003150870391314,22.791157944208226,CPG,WPG,0.1,0.43401370875195733,0.20027454784109117,1.5075918802885728,4,-1.535209707682684,858.6,6.9,14.7
0.297,0.302,U8,MAD_M6C12,4.0028429870829205,22.807947243793443,CPG,WPG,0.1,0.4361430029434117,0.20154563474179102,1.3848466489332814,6,-1.5144078434839443,846.0,7.0,15.2
0.297,0.302,U8,MAD_M6C12,4.006591105205275,22.794148685517104,CPG,WPG,0.1,0.43436206188208093,0.20015895643712314,1.423089077535879,0,-1.5438797378927518,856.6,6.9,14.9
0.297,0.302,U8,MAD_M6C12,4.128474721487617,22.81017378375556,CPG,WPG,0.1,0.43266439199502993,0.20015125028611927,1.4923143779788806,2,-1.5586365029326323,850.7,7.0,14.6
0.297,0.302,U8,MAD_M6C12,4.068071820333563,22.788364228308847,CPG,WPG,0.1,0.43354693179794923,0.20017283206973852,1.4695528479472615,5,-1.5430987834962338,853.2,6.9,14.7
0.297,0.302,U8,MAD_M6C12,4.0760847592157035,22.818090318753292,CPG,WPG,0.1,0.4333844930747127,0.20003612623300324,1.5057997255675128,1,-1.5265332463355463,856.9,6.8,14.9
0.297,0.302,U8,MAD_M6C12,4.008359876502612,22.7713926811447,CPG,WPG,0.1,0.4346166624811256,0.20050308751030793,1.4105575472268925,6,-1.5485781178498765,849.1,6.6,14.7
0.297,0.302,U8,MAD_M6C12,4.00463043994907,22.799739903804905,CPG,WPG,0.1,0.4341589122355701,0.20063921395683007,1.2627504665281775,4,-1.54999179731597,840.2,7.1,15.8
0.297,0.302,U8,MAD_M6C12,4.000000170433007,22.777418117590464,CPG,WPG,0.1,0.4327774675057514,0.20130197432836044,1.1919233617644869,3,-1.5882788601508064,826.7,7.1,17.0
0.297,0.302,U8,MAD_M6C12,4.005856876479145,22.790455618233853,CPG,WPG,0.1,0.4325748713737002,0.20137391278673902,1.2214271116041986,4,-1.5783059270391941,846.2,6.8,15.8
0.297,0.302,U8,MAD_M6C12,4.003415748352299,22.79252820643393,CPG,WPG,0.1,0.4339652918532856,0.20064356820357757,1.2728997442096741,4,-1.550516442081502,842.0,6.7,16.6
0.297,0.302,U8,MAD_M6C12,4.004538661224405,22.840862617127637,CPG,WPG,0.1,0.4326447053201508,0.20269980191946174,1.3199165151155796,0,-1.5628293373870523,839.5,6.3,15.3
0.297,0.302,U8,MAD_M6C12,4.0001919201645855,22.788154809423197,CPG,WPG,0.1,0.4314748931745812,0.205425186610165,1.2614733462980827,2,-1.6029223184717285,837.2,6.7,16.3
0.297,0.302,U8,MAD_M6C12,4.001845087492359,22.78782170478339,CPG,WPG,0.1,0.42861855988409026,0.20255896418327665,1.1847017899844343,0,-1.5576565743738975,828.0,7.0,17.2
0.297,0.302,U8,MAD_M6C12,4.004244844433497,22.802954264327077,CPG,WPG,0.1,0.425981464063205,0.2029142630447268,1.1818222548046302,7,-1.592748014069338,813.9,7.1,18.0
0.297,0.302,U8,MAD_M6C12,4.0034594033555635,22.742739199076208,CPG,WPG,0.1,0.42544959773179003,0.2015476676859884,1.3323200162573938,2,-1.543917163246178,840.1,6.2,16.4
0.297,0.302,U8,MAD_M6C12,4.00962704205759,22.800666193303705,CPG,WPG,0.1,0.42325483335651154,0.2034911817265843,1.3658725025579392,0,-1.5952810296245037,819.4,6.5,16.3
0.297,0.302,U8,MAD_M6C12,4.032132116396061,22.78063589909417,CPG,WPG,0.1,0.4260537553062981,0.20317582852335267,1.3237410927174338,1,-1.5694340226178536,819.3,6.5,17.7
0.297,0.302,U8,MAD_M6C12,4.212055524745064,22.76056236447378,CPG,WPG,0.1,0.42631581781541716,0.20639667810303577,1.4473740017740329,0,-1.5909153208936555,802.0,6.3,17.1
0.297,0.302,U8,MAD_M6C12,4.0146179300983285,22.771786556735155,CPG,WPG,0.1,0.42518798166026783,0.2052211546836992,1.3952484352362098,1,-1.5864840082635734,811.1,6.8,17.2
0.297,0.302,U8,MAD_M6C12,4.014984007597579,22.79087891609413,CPG,WPG,0.1,0.42279887998876914,0.20470049253874942,1.5483376547100156,1,-1.6006912599250303,805.4,6.1,15.2
0.297,0.302,U8,MAD_M6C12,4.060351705656747,22.824072252906227,CPG,WPG,0.1,0.42214857519085963,0.21175094049563536,1.4487734481803045,3,-1.5549867817795775,805.2,6.3,17.1
0.297,0.302,U8,MAD_M6C12,4.002593394859346,22.54349865023919,CPG,WPG,0.1,0.42435360301865543,0.2149629031285731,1.5274913264476853,0,-1.4892066365674985,809.6,6.3,16.5
0.297,0.302,U8,MAD_M6C12,4.000086615887905,22.786767087512327,CPG,WPG,0.1,0.4240470157104138,0.2156031822830288,1.3529467684384051,4,-1.5069507532803321,802.4,6.6,17.2
0.297,0.302,U8,MAD_M6C12,4.068412266994451,22.767944637026943,CPG,WPG,0.1,0.4231026815512281,0.21846320405913502,1.3783085276809621,3,-1.5193403302309125,812.4,6.1,17.1
0.297,0.302,U8,MAD_M6C12,4.146566792960124,22.797982470645938,CPG,WPG,0.1,0.41979723244825506,0.21070924908384786,1.5228815806094445,4,-1.5458399931889293,809.2,5.9,16.7
0.297,0.302,U8,MAD_M6C12,4.249165461385529,22.991204078828986,CPG,WPG,0.1,0.42280406858838726,0.2054531059501795,1.5412590033143618,4,-1.5469399665590249,830.9,6.1,16.5
0.297,0.302,U8,MAD_M6C12,4.122544328348696,22.82918796511482,CPG,WPG,0.1,0.43225714837312584,0.20547282023504843,1.534450374191258,0,-1.5747054266752318,826.9,6.3,14.9
0.297,0.302,U8,MAD_M6C12,4.209116228522803,22.800296456396143,CPG,WPG,0.1,0.42684341982566665,0.2061293800219027,1.3306135276015114,6,-1.5502138511975456,833.1,6.0,16.9
0.297,0.302,U8,MAD_M6C12,4.0254841312221465,22.841965889521024,CPG,WPG,0.1,0.42825801447804823,0.21025302503753174,1.328089997587833,2,-1.55676298033619,821.2,6.2,18.0
0.297,0.302,U8,MAD_M6C12,4.001193316644082,22.797797350125567,CPG,WPG,0.1,0.4254826785132878,0.20507642238284632,1.2260365315348958,2,-1.552189608943717,840.6,6.0,18.1
0.297,0.302,U8,MAD_M6C12,4.001897914980582,22.830197025939135,CPG,WPG,0.1,0.42261316279342376,0.205394059179479,1.247999324263299,7,-1.606920197395734,818.9,6.2,17.8
0.297,0.302,U8,MAD_M6C12,4.000777518833291,22.832075334305383,CPG,WPG,0.1,0.4259917460389131,0.20570076527049677,1.19689642348916,7,-1.5754886245589805,831.7,6.1,17.5
0.297,0.302,U8,MAD_M6C12,4.084562006157583,22.797279315395343,CPG,WPG,0.1,0.42600441185797777,0.20509159272875946,1.3519844165036203,0,-1.545096920985193,867.5,5.4,14.6
0.297,0.302,U8,MAD_M6C12,4.012160985715672,22.849023096387565,CPG,WPG,0.1,0.425847618255376,0.2007329466780768,1.2590770871659203,3,-1.5286412882368214,862.4,5.8,16.9
0.297,0.302,U8,MAD_M6C12,4.064435299405656,22.813418282636356,CPG,WPG,0.1,0.4224032208488814,0.20067634922779884,1.179220136506724,3,-1.5805612880457058,852.2,6.3,17.9
0.297,0.302,U8,MAD_M6C12,4.038836021471897,22.784203748869885,CPG,WPG,0.1,0.4273850109860923,0.20203172129262412,1.3083081191045345,2,-1.5209614872875274,869.2,6.2,15.1
0.297,0.302,U8,MAD_M6C12,4.0021022879395876,22.79851653210893,CPG,WPG,0.1,0.4247857126950171,0.201124516375314,1.1723986597686142,7,-1.5585315855746114,852.3,6.7,16.3
0.297,0.302,U8,MAD_M6C12,4.000092656495283,22.778083754372457,CPG,WPG,0.1,0.4252507000574204,0.20261238754398092,1.059536576526463,5,-1.5701338590196343,862.6,6.6,16.5
0.297,0.302,U8,MAD_M6C12,4.006627267467516,22.497700743809524,CPG,WPG,0.1,0.42367189689149987,0.20207780686345783,1.0667127171213289,6,-1.5549428213896181,840.1,6.9,17.8
0.297,0.302,U8,MAD_M6C12,4.0235456331416755,22.441191176294062,CPG,WPG,0.1,0.42017799619235796,0.2002677047513117,1.2879851061104732,6,-1.5292868288684343,841.5,6.9,16.4
0.297,0.302,U8,MAD_M6C12,4.055017644627556,22.76887350423983,CPG,WPG,0.1,0.4257691087195761,0.2000558249033757,0.8984654390175386,3,-1.535615188604929,878.1,7.2,18.9
0.297,0.302,U8,MAD_M6C12,4.0741577818236765,22.794056454088484,CPG,WPG,0.1,0.4227517906115232,0.20016064515708548,1.2863712661231603,4,-1.5680970623098425,874.1,7.2,16.9
0.297,0.302,U8,MAD_M6C12,4.000288492818811,22.496845720313672,CPG,WPG,0.1,0.42309103191206787,0.20001320717868015,1.244283204370349,7,-1.544731475978903,869.0,6.8,17.4
0.297,0.302,U8,MAD_M6C12,4.009508445303497,22.420869429873186,CPG,WPG,0.1,0.4202900970515753,0.20004089377373413,1.5568061131989968,3,-1.5169900068556998,843.5,7.2,16.0
0.297,0.302,U8,MAD_M6C12,4.023672840907224,22.78492500624441,CPG,WPG,0.1,0.4218183147382395,0.20046502699900257,1.505169800892984,4,-1.5713168639210728,847.8,7.4,18.0
0.297,0.302,U8,MAD_M6C12,4.04180934903592,22.84255080946057,CPG,WPG,0.1,0.42532838151441976,0.20040663822584956,1.5662705448010779,1,-1.536155463146466,855.2,6.9,13.5
0.297,0.302,U8,MAD_M6C12,4.01661596659606,22.708650362669548,CPG,WPG,0.1,0.42688354460095856,0.20030128914535658,1.5496851797913846,1,-1.5375895726895745,882.0,6.8,12.2
0.297,0.302,U8,MAD_M6C12,4.038247352889346,22.79895429782,CPG,WPG,0.1,0.42363246794048476,0.2022284962101594,1.496382775695237,1,-1.5813432936926919,885.3,7.4,11.6
0.297,0.302,U8,MAD_M6C12,4.058070555056452,23.047699285457615,CPG,WPG,0.1,0.4256435238311783,0.20207862766998397,1.5665916295504858,0,-1.5180670894110904,864.0,6.9,11.4
0.297,0.302,U8,MAD_M6C12,4.008722814193433,22.708980005360637,CPG,WPG,0.1,0.4263561891092034,0.2004266782895973,1.5408326908278287,6,-1.5439804638817112,887.7,6.9,10.4
0.297,0.302,U8,MAD_M6C12,4.024275467701869,22.467823619610492,CPG,WPG,0.1,0.423536335497003,0.20004900046119534,1.5668371233206986,6,-1.5534830658179395,885.6,7.2,11.3
0.297,0.302,U8,MAD_M6C12,4.009882309892898,22.810446140784673,CPG,WPG,0.1,0.4235863089718469,0.20004261622192246,1.5004822828125257,4,-1.5839762599480824,875.4,7.2,10.6
0.297,0.302,U8,MAD_M6C12,4.008716805591694,22.75774685242545,CPG,WPG,0.1,0.42130282477623493,0.20319232134826945,1.524552108809285,3,-1.5891655082501561,865.4,7.5,12.7
0.297,0.302,U8,MAD_M6C12,4.0844786392924295,22.771509350735013,CPG,WPG,0.1,0.4223765483404609,0.20003250704940953,1.5163084739088784,3,-1.5625649128127357,860.6,7.6,12.3
0.297,0.302,U8,MAD_M6C12,4.1304267474261,22.82216685393769,CPG,WPG,0.1,0.4219480269096476,0.20230817116939268,1.5445164587664975,5,-1.585408631067752,853.0,7.0,12.8
0.297,0.302,U8,MAD_M6C12,4.306965545858378,22.756664034469487,CPG,WPG,0.1,0.421787641720737,0.2017282360266323,1.5686235044201156,6,-1.5080387231089798,860.8,7.0,12.4
0.297,0.302,U8,MAD_M6C12,4.109671854971953,22.797389521183415,CPG,WPG,0.1,0.4163993146829557,0.2006174026388246,1.5688371848899645,5,-1.5393342346864625,856.1,7.1,12.8
0.297,0.302,U8,MAD_M6C12,4.203645673077514,22.72386554992225,CPG,WPG,0.1,0.41927030547201116,0.20253809052204894,1.5601598146988582,7,-1.5187856178788337,854.8,7.2,11.9
0.297,0.302,U8,MAD_M6C12,4.076869447524684,22.816933690600333,CPG,WPG,0.1,0.42342141164623803,0.20478803808912766,1.5119068649509964,7,-1.567770606381421,853.7,7.0,10.2
0.297,0.302,U8,MAD_M6C12,4.352144888824315,23.04409112060254,CPG,WPG,0.1,0.42630640515946144,0.20150533395925319,1.4339722278483884,1,-1.545522958542616,885.0,6.4,10.0
0.297,0.302,U8,MAD_M6C12,4.113935024804545,23.012762079385936,CPG,WPG,0.1,0.42207651203906604,0.2011131316134745,1.514234904713712,1,-1.4995569587047477,868.6,7.0,10.2
0.297,0.302,U8,MAD_M6C12,4.544923217388819,22.7199729115293,CPG,WPG,0.1,0.4238419934014337,0.2007172710136961,1.5434386074263164,7,-1.513480977048637,873.9,6.4,10.0
0.297,0.302,U8,MAD_M6C12,4.415662198348964,22.78193033301458,CPG,WPG,0.1,0.4234347824263657,0.2001846324166837,1.3356566175706397,5,-1.5658228212262433,868.2,6.6,10.0
0.297,0.302,U8,MAD_M6C12,4.434515299485594,22.830497840641044,CPG,WPG,0.1,0.4213649492272229,0.20046300768706357,1.2723375672150565,0,-1.5806492873124487,869.7,6.5,10.0
0.297,0.302,U8,MAD_M6C12,4.416853983390385,22.703729572797503,CPG,WPG,0.1,0.4220792193897732,0.20069060359531324,1.5487974290757696,0,-1.524321098453818,879.4,6.6,10.1
0.297,0.302,U8,MAD_M6C12,4.641307246988329,22.821239876866084,CPG,WPG,0.1,0.4246144891438759,0.20062957860304162,1.4805583451909912,2,-1.5866951436363426,891.9,6.4,10.0
0.297,0.302,U8,MAD_M6C12,4.195068607054688,22.831865136261886,CPG,WPG,0.1,0.42111098029134236,0.20004079066492395,1.5194823998951286,7,-1.5840537537961055,878.8,7.1,10.6
0.297,0.302,U8,MAD_M6C12,4.225108124745076,22.82397098893664,CPG,WPG,0.1,0.4201825856606336,0.20000585554365555,1.5141406617924114,1,-1.6035584736771256,890.7,6.6,10.0
0.297,0.302,U8,MAD_M6C12,4.4213771098294945,22.77041213789019,CPG,WPG,0.1,0.4228218886579001,0.20012754881297024,1.530345674774864,2,-1.5895412643593403,902.3,6.6,10.1
0.297,0.302,U8,MAD_M6C12,4.2471621612476,22.842863490888178,CPG,WPG,0.1,0.42180899631289903,0.20211238598213924,1.537828339452774,3,-1.6072671830124872,886.8,6.3,10.0
0.297,0.302,U8,MAD_M6C12,4.3056082624897,22.76271112916618,CPG,WPG,0.1,0.41871582106561245,0.20239565058456258,1.570681376171485,0,-1.5143860836769392,879.0,6.7,10.3
0.297,0.302,U8,MAD_M6C12,4.365597044235626,22.796275114894073,CPG,WPG,0.1,0.4237803127074221,0.2027375805850991,1.5650781140921817,6,-1.5814068921867683,886.6,6.4,10.1
0.297,0.302,U8,MAD_M6C12,4.238596031629612,22.81516675449628,CPG,WPG,0.1,0.42088649175335296,0.20099172107725222,1.5680255447318259,3,-1.6180638072681361,873.5,6.8,10.4
0.297,0.302,U8,MAD_M6C12,4.21694284012105,22.77578198830295,CPG,WPG,0.1,0.4224737896803996,0.20037684805393685,1.5685900121761853,0,-1.5828055318982592,890.2,6.6,10.7
0.297,0.302,U8,MAD_M6C12,4.215762831525734,22.79772579575178,CPG,WPG,0.1,0.42058376151711185,0.20117039116184054,1.5701944634585208,2,-1.6054702197221538,873.0,6.8,11.0
0.297,0.302,U8,MAD_M6C12,4.216479871335124,22.751048206101057,CPG,WPG,0.1,0.4230242849325821,0.2003842698101663,1.4929807857987778,2,-1.599530229259285,889.4,6.9,10.0
0.297,0.302,U8,MAD_M6C12,4.208556323424462,22.761442790326036,CPG,WPG,0.1,0.42168757395945017,0.20034457342111203,1.5480427727292891,0,-1.6037978932482613,891.5,6.9,10.2
0.297,0.302,U8,MAD_M6C12,4.1509198739298805,22.782208182904423,CPG,WPG,0.1,0.42142416050440423,0.20056458425665444,1.5699460498856976,0,-1.5920154475386372,884.9,6.8,10.5
0.297,0.302,U8,MAD_M6C12,4.2456093681100695,22.78797167919643,CPG,WPG,0.1,0.4215619232591577,0.20061499431732163,1.551417007087526,1,-1.6005039622250727,882.4,6.9,10.3
0.297,0.302,U8,MAD_M6C12,4.153924291635043,22.774844452085347,CPG,WPG,0.1,0.42066392543548886,0.200309841306043,1.5660387889013925,0,-1.5998891507461757,882.9,7.1,10.5
0.297,0.302,U8,MAD_M6C12,4.241684869495024,22.807869875965302,CPG,WPG,0.1,0.42015750738244734,0.20076484092280886,1.5659829177796736,6,-1.6009587166030812,881.6,6.9,10.8
0.297,0.302,U8,MAD_M6C12,4.166508579288475,22.799121966255175,CPG,WPG,0.1,0.4190064825016073,0.20001465217490652,1.5687556775505938,5,-1.5977817932637475,883.8,7.2,11.1
0.297,0.302,U8,MAD_M6C12,4.158685258918078,22.754837545603728,CPG,WPG,0.1,0.4201302686582429,0.2000098008871088,1.5703902873094613,7,-1.6024389573728808,892.6,7.3,10.9
0.297,0.302,U8,MAD_M6C12,4.249512786185014,22.750138372441125,CPG,WPG,0.1,0.4203033240239041,0.2000788215547193,1.570795873585074,0,-1.6158769103297725,884.5,6.9,11.5
0.297,0.302,U8,MAD_M6C12,4.159947194540705,22.75244558321295,CPG,WPG,0.1,0.42006240407549494,0.20001503333348422,1.5695522014478112,7,-1.6055401393223132,890.5,7.0,11.1
0.297,0.302,U8,MAD_M6C12,4.2009658622129695,22.818165601108724,CPG,WPG,0.1,0.41955652357947243,0.20010821577204033,1.569881842128563,3,-1.5962361763295903,888.2,7.1,11.5
0.297,0.302,U8,MAD_M6C12,4.180645542729071,22.84687635234205,CPG,WPG,0.1,0.4201317304619212,0.20049315062953205,1.5596617633683043,6,-1.5980312558053829,892.2,7.3,10.8
0.297,0.302,U8,MAD_M6C12,4.242376716388923,22.767618891818152,CPG,WPG,0.1,0.4204643579310984,0.2004573814071283,1.561621681660382,2,-1.6057453893806333,896.1,7.1,11.2
0.297,0.302,U8,MAD_M6C12,4.384114092282125,22.793317220288376,CPG,WPG,0.1,0.42099250794503135,0.20006743552621528,1.5575367450577464,4,-1.6106330369750275,892.2,6.9,11.6
0.297,0.302,U8,MAD_M6C12,4.350747431797205,22.77833022023239,CPG,WPG,0.1,0.4212462382917292,0.2002099846995554,1.5624516289779224,6,-1.6029645536381487,892.5,7.1,11.6
0.297,0.302,U8,MAD_M6C12,4.2386611523355135,22.83770771940325,CPG,WPG,0.1,0.4196731685988878,0.20107948665381178,1.5634066424401696,1,-1.609882371289883,897.4,7.0,11.1
0.297,0.302,U8,MAD_M6C12,4.394877899028138,22.801228091865518,CPG,WPG,0.1,0.42210612355349564,0.20014936615443354,1.5678375917757146,2,-1.6009433648343148,893.6,6.9,10.8
0.297,0.302,U8,MAD_M6C12,4.2498258426177875,22.76571244336461,CPG,WPG,0.1,0.4215843012031728,0.20033639588673405,1.5691275216574372,2,-1.604656915949775,896.8,7.2,10.9
0.297,0.302,U8,MAD_M6C12,4.241413016534714,22.809967367942544,CPG,WPG,0.1,0.42319991933467743,0.2001043615261463,1.5707229179372448,4,-1.5949632440191372,894.5,7.1,10.8
0.297,0.302,U8,MAD_M6C12,4.198391951781368,22.812568997663785,CPG,WPG,0.1,0.41984007066895385,0.20018716910155532,1.5697011944388333,6,-1.58857789282869,887.8,7.3,11.4
0.297,0.302,U8,MAD_M6C12,4.207098116524711,22.79948341065228,CPG,WPG,0.1,0.4200894681547295,0.20078278557337054,1.5696186965293104,5,-1.6043227576129446,895.9,7.3,11.3
0.297,0.302,U8,MAD_M6C12,4.24155836970802,22.786137876011516,CPG,WPG,0.1,0.42074070247407935,0.20001201500259222,1.5696648235515132,0,-1.6117111598971245,888.4,7.3,11.4
0.297,0.302,U8,MAD_M6C12,4.210647970941436,22.793200341628598,CPG,WPG,0.1,0.4195374363406835,0.20068094117602758,1.5663479491516368,4,-1.6021771407259902,892.1,7.5,11.7
0.297,0.302,U8,MAD_M6C12,4.2057696710707155,22.771062018571783,CPG,WPG,0.1,0.4196009238602986,0.20000080495773498,1.5619005508013717,0,-1.6127144831895617,885.9,7.3,11.5
0.297,0.302,U8,MAD_M6C12,4.182058055087182,22.7640460060738,CPG,WPG,0.1,0.4184744418165256,0.20000068515529312,1.5625262603306997,1,-1.5995594001869549,879.1,7.4,11.6
0.297,0.302,U8,MAD_M6C12,4.136301915534418,22.79063077201091,CPG,WPG,0.1,0.42010361151345366,0.20022618939533063,1.5569518689387651,4,-1.5900038962621164,891.6,7.4,11.0
0.297,0.302,U8,MAD_M6C12,4.169477979153237,22.812714080342126,CPG,WPG,0.1,0.41945683013568125,0.20010084956335936,1.5657506741032372,4,-1.5971190164971372,888.8,7.2,11.3
0.297,0.302,U8,MAD_M6C12,4.157726907105143,22.81283998784554,CPG,WPG,0.1,0.4190227121721218,0.20017378939664468,1.5245011672040856,6,-1.596428616302891,884.3,7.5,11.0
0.297,0.302,U8,MAD_M6C12,4.1237451819579105,22.79945043320223,CPG,WPG,0.1,0.4193940468115618,0.20040237593466273,1.548392540793183,2,-1.5971563859542481,889.8,7.5,11.0
0.297,0.302,U8,MAD_M6C12,4.179093614372981,22.805267890434504,CPG,WPG,0.1,0.4177248777783173,0.20011529168257253,1.5443611021359454,6,-1.6127960206459804,883.3,7.5,11.4
0.297,0.302,U8,MAD_M6C12,4.208102834991555,22.829828336158883,CPG,WPG,0.1,0.41782163134215267,0.20063726750820277,1.5600139185098256,2,-1.6056493568006918,887.5,7.5,11.6
0.297,0.302,U8,MAD_M6C12,4.181881647571148,22.791916531327725,CPG,WPG,0.1,0.41921653161215944,0.20014282099849182,1.5663462017331238,6,-1.6085843305010084,886.3,7.4,11.1
0.297,0.302,U8,MAD_M6C12,4.235898688054455,22.79756713036001,CPG,WPG,0.1,0.41818020591024796,0.2010397940939488,1.5468058289468178,6,-1.6141873964346232,888.5,7.5,11.1
0.297,0.302,U8,MAD_M6C12,4.177847946832821,22.799430324851063,CPG,WPG,0.1,0.4191287845613734,0.20041755671542855,1.5561890509172724,4,-1.6113542275381096,889.0,7.4,11.1
0.297,0.302,U8,MAD_M6C12,4.152824716483091,22.805042001065363,CPG,WPG,0.1,0.4182467364533985,0.20043877290703974,1.5473080636225531,6,-1.6084304693168647,885.9,7.4,11.3
0.297,0.302,U8,MAD_M6C12,4.1739314672563745,22.80390391788133,CPG,WPG,0.1,0.41851808549208275,0.20046029791618913,1.5626144888533684,4,-1.6107464241585596,887.0,7.4,11.4
0.297,0.302,U8,MAD_M6C12,4.166074428094945,22.829080261614223,CPG,WPG,0.1,0.41864413721853927,0.2002909801431372,1.5587064682098712,6,-1.5991723279716723,887.8,7.5,11.1
0.297,0.302,U8,MAD_M6C12,4.239233696544803,22.81685789437779,CPG,WPG,0.1,0.4191535437199312,0.2001911205555375,1.55635921637321,5,-1.614897772883804,886.4,7.4,11.2
0.297,0.302,U8,MAD_M6C12,4.207184076442388,22.82457567039372,CPG,WPG,0.1,0.41830246920920316,0.20039612397431245,1.554223843775651,1,-1.6151162398682768,886.5,7.4,11.4
0.297,0.302,U8,MAD_M6C12,4.217095798679636,22.824051146679547,CPG,WPG,0.1,0.4188036161084163,0.2003682341164082,1.5628366985179838,0,-1.614453833112437,888.9,7.4,11.2
0.297,0.302,U8,MAD_M6C12,4.211208022268357,22.801679185199767,CPG,WPG,0.1,0.4185845719785875,0.2002999482320963,1.5620127667315926,3,-1.611465387642097,886.1,7.4,11.4
0.297,0.302,U8,MAD_M6C12,4.241486803963791,22.79195558685874,CPG,WPG,0.1,0.4186601962532173,0.20054638532995658,1.5542844084919967,3,-1.6193380779752395,888.2,7.4,11.1
0.297,0.302,U8,MAD_M6C12,4.249395001356532,22.808852675331288,CPG,WPG,0.1,0.4183245998978869,0.2003640753931182,1.5531830223123744,4,-1.6204593486318846,886.7,7.3,11.1
0.297,0.302,U8,MAD_M6C12,4.23260667496796,22.831083576089345,CPG,WPG,0.1,0.41773736749192186,0.20062650548183533,1.541266462373986,0,-1.6190298587721639,886.1,7.4,11.1
0.297,0.302,U8,MAD_M6C12,4.226941696096731,22.81904409927872,CPG,WPG,0.1,0.41798518720815137,0.20046517311781162,1.5495573360496668,3,-1.618019968668941,886.8,7.4,11.2
0.297,0.302,U8,MAD_M6C12,4.226972143327914,22.830265014364063,CPG,WPG,0.1,0.41787204261322597,0.2004653646431715,1.5530383780416752,4,-1.6175064620907822,885.5,7.4,11.3
0.297,0.302,U8,MAD_M6C12,4.238153653164184,22.8344841227692,CPG,WPG,0.1,0.41760406872640987,0.20051925784214786,1.5580471957011768,6,-1.619384029565401,884.7,7.4,11.4
0.297,0.302,U8,MAD_M6C12,4.247013003653917,22.82091240526478,CPG,WPG,0.1,0.4177143819951194,0.2006258893496803,1.5504823335480147,2,-1.6154966778899755,885.6,7.4,11.2
0.297,0.302,U8,MAD_M6C12,4.223742593883438,22.823919980875843,CPG,WPG,0.1,0.41744194482091573,0.20075672003611345,1.5595725565180327,0,-1.6137605963727975,884.1,7.4,11.6
0.297,0.302,U8,MAD_M6C12,4.223813256379962,22.82668445511783,CPG,WPG,0.1,0.41799972001211766,0.2005624638362399,1.558289302347732,1,-1.6159510819844396,885.5,7.4,11.3
0.297,0.302,U8,MAD_M6C12,4.241795912288218,22.830617956854447,CPG,WPG,0.1,0.417583993269767,0.20074955756688856,1.558167150821797,7,-1.6196494926023242,885.4,7.4,11.4
0.297,0.302,U8,MAD_M6C12,4.2255448491929135,22.829134089912916,CPG,WPG,0.1,0.4175231732231309,0.20031301100383184,1.5589677792988916,0,-1.6070289192010687,882.2,7.3,11.5
0.297,0.302,U8,MAD_M6C12,4.217763538049453,22.808550166651088,CPG,WPG,0.1,0.417613169355114,0.20034457569023334,1.550021579563119,0,-1.6175757661801047,883.3,7.4,11.2
0.297,0.302,U8,MAD_M6C12,4.184523767791616,22.809037980031036,CPG,WPG,0.1,0.4176855355539568,0.2004119162540064,1.569295330639469,0,-1.6092779613603927,882.4,7.4,11.6
0.297,0.302,U8,MAD_M6C12,4.201817519341516,22.817478256768542,CPG,WPG,0.1,0.41783221380041946,0.20059982353839315,1.5665635516908623,3,-1.6147401663671825,887.0,7.4,11.5
0.297,0.302,U8,MAD_M6C12,4.181574233594579,22.798026192889445,CPG,WPG,0.1,0.4178792978064065,0.20039878856822,1.5692412245240783,0,-1.608358687441454,883.6,7.4,11.7
0.297,0.302,U8,MAD_M6C12,4.191667668253602,22.79432780626699,CPG,WPG,0.1,0.4177798207533275,0.20012357429285244,1.5634275842036014,1,-1.607709604846244,880.4,7.4,12.2
0.297,0.302,U8,MAD_M6C12,4.200155390344896,22.819334736586793,CPG,WPG,0.1,0.4179318856914672,0.20034774838655905,1.5705108480595817,4,-1.6109388131640898,881.7,7.5,11.7
0.297,0.302,U8,MAD_M6C12,4.203905436003072,22.825217758707158,CPG,WPG,0.1,0.4177115850213873,0.20048746657639321,1.5697509325442556,0,-1.614777345213243,883.0,7.5,12.2
0.297,0.302,U8,MAD_M6C12,4.223481489277171,22.814919446958427,CPG,WPG,0.1,0.4189058676454145,0.20028585851610584,1.5707575841257269,0,-1.6102964668946775,886.4,7.5,11.4
0.297,0.302,U8,MAD_M6C12,4.211120252793908,22.798015407327775,CPG,WPG,0.1,0.4178732683900465,0.20049429490197382,1.5706120496726275,7,-1.6160557864262106,886.8,7.4,11.7
0.297,0.302,U8,MAD_M6C12,4.216303521751974,22.800775468669926,CPG,WPG,0.1,0.41839445880912485,0.20059304668173603,1.561578414635973,4,-1.616395013012946,889.4,7.5,11.9
0.297,0.302,U8,MAD_M6C12,4.203510404788784,22.792656444062583,CPG,WPG,0.1,0.4180508678689021,0.20075875899576878,1.5622324059114812,0,-1.6161051136072224,890.1,7.5,12.1
0.297,0.302,U8,MAD_M6C12,4.198377600320897,22.803635137579747,CPG,WPG,0.1,0.41936048364257283,0.2004559404706833,1.5422453522148634,7,-1.6126458569697082,890.9,7.4,12.2
0.297,0.302,U8,MAD_M6C12,4.226881420329475,22.80740966876431,CPG,WPG,0.1,0.41809212550049246,0.20208450254628907,1.5282109872717191,0,-1.6189853751567131,896.0,7.5,12.9
0.297,0.302,U8,MAD_M6C12,4.22729101555024,22.828964601161307,CPG,WPG,0.1,0.4185860950207309,0.20163669632150585,1.5625029374478179,5,-1.6146898428292236,892.3,7.4,12.1
0.297,0.302,U8,MAD_M6C12,4.192190603684244,22.810434684084548,CPG,WPG,0.1,0.41815664814090275,0.20185751899621807,1.5372517215749921,2,-1.6109105067130418,895.9,7.5,13.0
0.297,0.302,U8,MAD_M6C12,4.201057444439237,22.775124517465223,CPG,WPG,0.1,0.41898159320103145,0.20116395059050765,1.4919792994520273,5,-1.6136603422342155,896.1,7.2,13.1
0.297,0.302,U8,MAD_M6C12,4.21792086357848,22.800447913092896,CPG,WPG,0.1,0.41925004539793465,0.2007885813165925,1.4856803470629565,3,-1.60616744202237,896.7,7.2,13.0
0.297,0.302,U8,MAD_M6C12,4.190318672736132,22.757110381273396,CPG,WPG,0.1,0.42075274686463027,0.20046239397231425,1.3373457075600585,2,-1.606459251709655,894.7,7.3,14.0
0.297,0.302,U8,MAD_M6C12,4.1558454426997935,22.773150045030697,CPG,WPG,0.1,0.41847855743715606,0.20018240849280372,1.4340559058730364,4,-1.6116799445432122,885.6,7.1,14.1
0.297,0.302,U8,MAD_M6C12,4.182758600186244,22.79276318940202,CPG,WPG,0.1,0.4187217861425666,0.20077230848321256,1.444008806117833,2,-1.6019945158171236,891.1,7.5,14.0
0.297,0.302,U8,MAD_M6C12,4.1578273744235545,22.79849026905959,CPG,WPG,0.1,0.4182073455045763,0.20109821147549606,1.4781249324440071,1,-1.6098488019292994,891.2,7.3,13.7
0.297,0.302,U8,MAD_M6C12,4.201934139549604,22.821891490851495,CPG,WPG,0.1,0.4192556318771251,0.2000171515224346,1.4939329981425713,5,-1.6064286394709342,886.3,7.3,13.1
0.297,0.302,U8,MAD_M6C12,4.19057508169858,22.799548245119897,CPG,WPG,0.1,0.41827523634288316,0.20141452191039164,1.4852671858970368,3,-1.6120679503897026,891.9,7.3,13.5
0.297,0.302,U8,MAD_M6C12,4.211380285613038,22.809513594588175,CPG,WPG,0.1,0.41847153219736305,0.20295182519171293,1.4866050529651362,0,-1.61241995435139,899.3,7.5,13.7
0.297,0.302,U8,MAD_M6C12,4.201974060074651,22.78042967347745,CPG,WPG,0.1,0.4189462876819857,0.20117881265459522,1.5460702776764057,5,-1.6121238742254373,893.3,7.3,12.6
0.297,0.302,U8,MAD_M6C12,4.168995339698094,22.765013690471818,CPG,WPG,0.1,0.4183640403529796,0.20089135479318349,1.5380162171528107,4,-1.6117329704264343,888.7,7.4,12.9
0.297,0.302,U8,MAD_M6C12,4.214286496261586,22.762913950529384,CPG,WPG,0.1,0.4188813637972183,0.20293761020268297,1.524111726315783,3,-1.6148958371624822,900.8,7.4,12.6
0.297,0.302,U8,MAD_M6C12,4.242451733738214,22.785189343750513,CPG,WPG,0.1,0.41900220196250604,0.2033854662363105,1.5544912834875109,2,-1.607670167004727,900.0,7.3,12.2
0.297,0.302,U8,MAD_M6C12,4.212286607513976,22.785787027285977,CPG,WPG,0.1,0.4186753041369956,0.20184064023486417,1.556453078142161,0,-1.6142604682025627,894.7,7.4,12.6
0.297,0.302,U8,MAD_M6C12,4.208890521018281,22.794630886489934,CPG,WPG,0.1,0.41869275008563056,0.20257981072535247,1.4740939775252668,4,-1.6116974576612009,897.3,7.2,13.4
0.297,0.302,U8,MAD_M6C12,4.216919496410466,22.805626384923233,CPG,WPG,0.1,0.4186503379894499,0.20169939761893763,1.5394558230111857,0,-1.6033551620645525,895.6,7.4,12.5
0.297,0.302,U8,MAD_M6C12,4.219445856424453,22.81115630553603,CPG,WPG,0.1,0.4186009447530622,0.20182591590074592,1.5378603314620314,1,-1.6012679650635562,896.0,7.4,12.5
0.297,0.302,U8,MAD_M6C12,4.237789033506126,22.811242400310253,CPG,WPG,0.1,0.41793921662686256,0.20305556715906942,1.562218075060128,2,-1.6165773917712922,900.3,7.3,12.0
0.297,0.302,U8,MAD_M6C12,4.2164470938842165,22.77344544179474,CPG,WPG,0.1,0.41932791082503934,0.20237179335730815,1.523258593303105,3,-1.6161267817748364,904.1,7.3,12.3
0.297,0.302,U8,MAD_M6C12,4.232309687959171,22.783794452031707,CPG,WPG,0.1,0.4189892934696099,0.20405239926964225,1.508262745045288,7,-1.6153122519020595,911.9,7.4,12.6
0.297,0.302,U8,MAD_M6C12,4.213673538886729,22.818434216048853,CPG,WPG,0.1,0.4190231961279557,0.20282176501027077,1.5098660428744073,3,-1.610117181435026,904.6,7.3,12.6
0.297,0.302,U8,MAD_M6C12,4.2052405894112805,22.82215859550151,CPG,WPG,0.1,0.4172008920736834,0.20222804756280274,1.544831547654252,5,-1.6097465386352852,894.7,7.2,13.1
0.297,0.302,U8,MAD_M6C12,4.188361589524868,22.840832440265366,CPG,WPG,0.1,0.4178588447807621,0.20169167570548568,1.5499526473750125,3,-1.6115426085080635,897.0,7.3,12.9
0.297,0.302,U8,MAD_M6C12,4.216579643891099,22.83734351873526,CPG,WPG,0.1,0.4173614384679296,0.2014707835679345,1.5612145203911436,4,-1.6153977968738165,894.4,7.2,12.8
0.297,0.302,U8,MAD_M6C12,4.215429006982854,22.81537500513139,CPG,WPG,0.1,0.41829396491051096,0.20160363260524414,1.5440873545858311,6,-1.614424930127738,896.7,7.0,12.4
0.297,0.302,U8,MAD_M6C12,4.1978356486174,22.829516665006302,CPG,WPG,0.1,0.41856738117946335,0.2006881376653052,1.512306209819207,2,-1.6080165418630195,895.7,7.0,12.8
0.297,0.302,U8,MAD_M6C12,4.226613620111163,22.80333570737536,CPG,WPG,0.1,0.4189458922172492,0.20145550310013918,1.5512857396123216,2,-1.6118924718182441,899.3,7.0,12.2
0.297,0.302,U8,MAD_M6C12,4.206947426915291,22.813321287757667,CPG,WPG,0.1,0.41909303238400303,0.20139796156303244,1.5223188822628644,4,-1.613845387926382,899.2,6.9,12.7
0.297,0.302,U8,MAD_M6C12,4.232561585577971,22.768001146056736,CPG,WPG,0.1,0.41991466719983395,0.20154237711587483,1.4966278505883248,5,-1.6095474372671728,902.2,7.1,12.5
0.297,0.302,U8,MAD_M6C12,4.242992132947146,22.765840713332413,CPG,WPG,0.1,0.42034006975343485,0.20094902718083935,1.4726784196250544,7,-1.6114513009148421,906.3,6.9,12.4
0.297,0.302,U8,MAD_M6C12,4.217018654090026,22.776645155330613,CPG,WPG,0.1,0.42001728085299456,0.2010733989710771,1.5492044123474473,1,-1.6113369258494536,905.6,6.9,11.6
0.297,0.302,U8,MAD_M6C12,4.225892247158749,22.771874867205305,CPG,WPG,0.1,0.4198755185163953,0.2016813847032447,1.5147861159194411,5,-1.6137273878229177,910.2,7.0,12.2
0.297,0.302,U8,MAD_M6C12,4.22524823607028,22.768358645349036,CPG,WPG,0.1,0.42000694008469264,0.2024445777431801,1.5243959029759258,7,-1.6102278724088865,913.0,7.1,11.8
0.297,0.302,U8,MAD_M6C12,4.230370098162937,22.773643083910212,CPG,WPG,0.1,0.4211571286412044,0.20151366953340796,1.4945185936806848,5,-1.6068173567315789,914.1,7.0,11.8
0.297,0.302,U8,MAD_M6C12,4.225730939980442,22.788804651921478,CPG,WPG,0.1,0.4203680158263963,0.20193142184031632,1.533319845853224,4,-1.6110710984349677,912.1,7.2,11.6
0.297,0.302,U8,MAD_M6C12,4.230887199623811,22.77514229423556,CPG,WPG,0.1,0.4198957441545828,0.20226064921394424,1.5385457120979482,6,-1.6081785881428168,912.7,7.2,11.6
0.297,0.302,U8,MAD_M6C12,4.232457751390543,22.782422511507498,CPG,WPG,0.1,0.4202718312992053,0.20171862746384384,1.5505904636859893,3,-1.6136836426814103,906.7,7.0,11.5
0.297,0.302,U8,MAD_M6C12,4.247667727886459,22.78648027894323,CPG,WPG,0.1,0.4199323620781327,0.20180371878854583,1.5677264313151436,5,-1.616355885057283,907.2,7.1,11.1
0.297,0.302,U8,MAD_M6C12,4.224845833065821,22.78087779334624,CPG,WPG,0.1,0.4197812307235575,0.20152623757836255,1.5699135116073157,6,-1.6142646155653768,908.1,7.1,10.8
0.297,0.302,U8,MAD_M6C12,4.226534974018551,22.79248232308965,CPG,WPG,0.1,0.41962900076618975,0.20235749193636773,1.5701063646593614,3,-1.6142798687749522,906.3,7.2,11.1
0.297,0.302,U8,MAD_M6C12,4.215183684377553,22.791452428311807,CPG,WPG,0.1,0.4191593392076472,0.20212631067389958,1.5707804679481132,2,-1.61575346577607,907.3,7.2,10.8
0.297,0.302,U8,MAD_M6C12,4.22959485054573,22.80747097598378,CPG,WPG,0.1,0.41883233082864996,0.2032576766757381,1.566755525965481,7,-1.6128056328636688,906.8,7.2,10.8
0.297,0.302,U8,MAD_M6C12,4.212307395581382,22.813897321553018,CPG,WPG,0.1,0.4183105345142868,0.20363967244853484,1.5581673920882273,5,-1.6163877374287718,906.2,7.3,10.8
0.297,0.302,U8,MAD_M6C12,4.200716718508503,22.811186479464002,CPG,WPG,0.1,0.4185538528466885,0.20443970874077624,1.566345222920578,1,-1.615045426981741,908.0,7.3,10.8
0.297,0.302,U8,MAD_M6C12,4.200932688862039,22.810174225231517,CPG,WPG,0.1,0.4178897722672757,0.20450009763809562,1.5514264297408076,5,-1.6162820110644311,909.2,7.3,10.7
0.297,0.302,U8,MAD_M6C12,4.189071194030387,22.803154951033854,CPG,WPG,0.1,0.4175171743682834,0.20486207811403653,1.5547841537077738,0,-1.6158078894795018,907.1,7.4,10.8
0.297,0.302,U8,MAD_M6C12,4.212142123366708,22.806878183799046,CPG,WPG,0.1,0.4184349175478888,0.20399815913442845,1.5396433207332718,6,-1.6146182200182704,907.5,7.5,10.5
0.297,0.302,U8,MAD_M6C12,4.209455363742482,22.813425738975518,CPG,WPG,0.1,0.4184178736633298,0.20481620344612617,1.5699062726872715,3,-1.6140439843660896,911.0,7.4,11.3
0.297,0.302,U8,MAD_M6C12,4.229300640754705,22.816189970116433,CPG,WPG,0.1,0.41818333100378524,0.20690358006768453,1.542055084857838,1,-1.6098040624658374,914.7,7.5,10.5
0.297,0.302,U8,MAD_M6C12,4.243761510111662,22.84290070979237,CPG,WPG,0.1,0.41817257820790044,0.20578090110192743,1.5551681598225855,4,-1.6148889639291273,912.1,7.5,10.7
0.297,0.302,U8,MAD_M6C12,4.242873778003604,22.822699221045664,CPG,WPG,0.1,0.41869664310751403,0.20382999510976396,1.5678135887994027,6,-1.6030337161227077,909.2,7.4,10.7
0.297,0.302,U8,MAD_M6C12,4.247504628778536,22.80659028366257,CPG,WPG,0.1,0.41914441027174004,0.20267818262391332,1.569157206871716,1,-1.6146218162521375,909.2,7.3,10.9
0.297,0.302,U8,MAD_M6C12,4.217752214947779,22.817743290323556,CPG,WPG,0.1,0.41815970878737013,0.20262245426582454,1.5634236066230787,6,-1.6173309023947269,905.9,7.3,10.7
0.297,0.302,U8,MAD_M6C12,4.215637034231925,22.823704827216403,CPG,WPG,0.1,0.41762558411689976,0.20237825226466385,1.5471464610329617,1,-1.6115701285877808,900.8,7.4,10.5
0.297,0.302,U8,MAD_M6C12,4.216299030900736,22.819583629747033,CPG,WPG,0.1,0.41883877869816744,0.20254947930922362,1.5560601562948677,1,-1.6155360492471686,902.1,7.4,10.5
0.297,0.302,U8,MAD_M6C12,4.2120002731637,22.830290578893756,CPG,WPG,0.1,0.4188161915357302,0.20131994813766368,1.5702207050291936,7,-1.6143585989913163,899.9,7.3,10.8
0.297,0.302,U8,MAD_M6C12,4.2067239166417565,22.814454963566362,CPG,WPG,0.1,0.4177527598501013,0.20368120561187364,1.517724903818547,6,-1.6162220682547321,905.4,7.6,10.3
0.297,0.302,U8,MAD_M6C12,4.238428962436795,22.781672149754893,CPG,WPG,0.1,0.41951080626632314,0.20329885483339352,1.5561092061987698,7,-1.616468578370183,909.9,7.5,10.3
0.297,0.302,U8,MAD_M6C12,4.225557258372076,22.802281173608733,CPG,WPG,0.1,0.4182022565234681,0.20416624234895814,1.5445569711641123,7,-1.6176766397353504,906.7,7.4,10.6
0.297,0.302,U8,MAD_M6C12,4.2227204784053605,22.79290406603297,CPG,WPG,0.1,0.4184711929915566,0.20341367822340833,1.562108281385418,7,-1.612773289569505,908.2,7.5,10.6
0.297,0.302,U8,MAD_M6C12,4.231259898221491,22.80423213137078,CPG,WPG,0.1,0.4187486942439197,0.20381686847524838,1.51461142935108,2,-1.6167176654281175,906.2,7.7,10.1
0.297,0.302,U8,MAD_M6C12,4.207724830749776,22.791112419775832,CPG,WPG,0.1,0.4180661370655756,0.20430028412301585,1.5288253752409169,1,-1.6135473428351865,907.5,7.7,10.3
0.297,0.302,U8,MAD_M6C12,4.215832650174778,22.785990496546642,CPG,WPG,0.1,0.41857815504953233,0.20342563893669682,1.4784896103485616,6,-1.6181839279130514,906.4,7.6,10.0
0.297,0.302,U8,MAD_M6C12,4.207839039758856,22.79224729194029,CPG,WPG,0.1,0.418134343108738,0.20240153917987774,1.5065456626973828,2,-1.6102170176098323,904.0,7.6,10.2
0.297,0.302,U8,MAD_M6C12,4.1914588538855195,22.768625062805487,CPG,WPG,0.1,0.4185442774801395,0.20169214712332711,1.4738235594243858,6,-1.6146361460077365,902.9,7.6,10.0
0.297,0.302,U8,MAD_M6C12,4.1752591430704395,22.781151404799253,CPG,WPG,0.1,0.41806374067378876,0.20213208399661786,1.4878364930042633,0,-1.6130502539413119,900.6,7.6,10.1
0.297,0.302,U8,MAD_M6C12,4.205831483040928,22.788317056988937,CPG,WPG,0.1,0.4187113586688195,0.2025860707351952,1.5185147568042585,6,-1.6157364123502767,904.8,7.6,10.1
0.297,0.302,U8,MAD_M6C12,4.197457072489874,22.780555223214886,CPG,WPG,0.1,0.4189683742854644,0.20134175793475026,1.5359867864541639,0,-1.614031902674368,903.3,7.5,10.1
0.297,0.302,U8,MAD_M6C12,4.196880119764769,22.78196095621968,CPG,WPG,0.1,0.4184922268223408,0.20189156240945533,1.5422051479148506,7,-1.607302276729687,900.2,7.7,10.3
0.297,0.302,U8,MAD_M6C12,4.20424507241885,22.757149006114613,CPG,WPG,0.1,0.41926503293282835,0.20108087169115724,1.5616092758245594,3,-1.6081157015313927,901.5,7.5,10.3
0.297,0.302,U8,MAD_M6C12,4.185052990519346,22.778895369753574,CPG,WPG,0.1,0.4179974346039354,0.20119447500671805,1.5580829721842164,7,-1.6101120991334152,896.5,7.6,10.5
0.297,0.302,U8,MAD_M6C12,4.188369153823252,22.80439102257837,CPG,WPG,0.1,0.41820494757637816,0.2013661170276804,1.5157079115372394,6,-1.6140946947104915,896.0,7.6,10.2
0.297,0.302,U8,MAD_M6C12,4.191150402090895,22.800427116470395,CPG,WPG,0.1,0.41751968917500787,0.20211172203771863,1.5385772095583374,1,-1.6156450023576205,897.0,7.6,10.5
0.297,0.302,U8,MAD_M6C12,4.188349786221548,22.78638902052923,CPG,WPG,0.1,0.4179166187620408,0.2024088040974803,1.5435288376803782,2,-1.6079002275079368,900.6,7.6,10.4
0.297,0.302,U8,MAD_M6C12,4.203629115208571,22.798083321025032,CPG,WPG,0.1,0.41797500071851657,0.2019917044917448,1.5573964367586606,3,-1.6166298160310912,899.7,7.6,10.7
0.297,0.302,U8,MAD_M6C12,4.219770771096698,22.78871577962211,CPG,WPG,0.1,0.41856390848347563,0.20200349720123612,1.550605493125675,6,-1.6127462290216918,903.2,7.6,10.4
0.297,0.302,U8,MAD_M6C12,4.225076167873091,22.800620403005283,CPG,WPG,0.1,0.4182535720407345,0.20212213325023248,1.561995214486147,7,-1.6166506932509908,902.8,7.6,10.7
0.297,0.302,U8,MAD_M6C12,4.212299280658341,22.801276848727984,CPG,WPG,0.1,0.41844389590486164,0.20115626987834462,1.5628230740399869,5,-1.6166863907046665,897.0,7.7,10.7
0.297,0.302,U8,MAD_M6C12,4.215877781316618,22.789573201734665,CPG,WPG,0.1,0.419166754190461,0.20136475186867814,1.5685086012909837,0,-1.6158547033777104,899.9,7.5,10.6
0.297,0.302,U8,MAD_M6C12,4.222626155804845,22.771502080134525,CPG,WPG,0.1,0.4188504111258177,0.2020815745485513,1.5568044499281846,7,-1.606978070994943,901.8,7.7,10.5
0.297,0.302,U8,MAD_M6C12,4.222891455905593,22.771756528517365,CPG,WPG,0.1,0.4192650632595073,0.201598625121457,1.565958756655991,3,-1.615374185196421,901.6,7.6,10.6
0.297,0.302,U8,MAD_M6C12,4.211453639534546,22.76869287342933,CPG,WPG,0.1,0.4188488805726958,0.20134533158858015,1.5559020259323777,5,-1.6154126084979694,899.1,7.6,10.4
0.297,0.302,U8,MAD_M6C12,4.234497918072549,22.772501550357408,CPG,WPG,0.1,0.4191293674819647,0.20093889385016742,1.5250405917058103,4,-1.613235775462785,898.5,7.6,10.2
0.297,0.302,U8,MAD_M6C12,4.210605420002386,22.777800551138057,CPG,WPG,0.1,0.41878691939892576,0.201060958361573,1.5368961314124263,3,-1.6143694589099802,895.9,7.7,10.3
0.297,0.302,U8,MAD_M6C12,4.214587476805053,22.763528855354753,CPG,WPG,0.1,0.41885907999756417,0.20090580100014438,1.5265351997354961,0,-1.6153405747972869,895.1,7.7,10.2
0.297,0.302,U8,MAD_M6C12,4.2202535276562445,22.782808005522433,CPG,WPG,0.1,0.4187796506773758,0.20155658126009324,1.5109575379781295,1,-1.6062704202846998,898.1,7.7,10.2
0.297,0.302,U8,MAD_M6C12,4.221354661072332,22.770635603127815,CPG,WPG,0.1,0.41884132657918816,0.20096508417021394,1.5194561033833676,0,-1.6085518041760185,897.2,7.7,10.2
0.297,0.302,U8,MAD_M6C12,4.227238952250105,22.78148420201482,CPG,WPG,0.1,0.4190414987317126,0.20086158156286674,1.5145494540555133,0,-1.6174388813461675,895.9,7.7,10.2
0.297,0.302,U8,MAD_M6C12,4.217088925641204,22.779450574231166,CPG,WPG,0.1,0.4186110996970504,0.20059998677612775,1.4911729521407722,7,-1.617762247430301,891.7,7.8,10.2
0.297,0.302,U8,MAD_M6C12,4.207958178459877,22.765664822795966,CPG,WPG,0.1,0.41889902781569066,0.2003205251006363,1.5100921506097724,1,-1.6169470389863907,890.3,7.7,10.2
0.297,0.302,U8,MAD_M6C12,4.2182534927368565,22.769945445155017,CPG,WPG,0.1,0.4186731737404459,0.20066840182487775,1.5172171749516536,4,-1.6177281864545563,892.8,7.7,10.3
0.297,0.302,U8,MAD_M6C12,4.21182909955946,22.765090015221272,CPG,WPG,0.1,0.41893824423820425,0.20047800782073255,1.5385533343857447,3,-1.6131374677622592,891.7,7.7,10.4
0.297,0.302,U8,MAD_M6C12,4.213484673236484,22.779336551680007,CPG,WPG,0.1,0.4186940284457074,0.2001470678771904,1.5105113229517295,5,-1.6177613925811816,887.1,7.7,10.2
0.297,0.302,U8,MAD_M6C12,4.205458699070855,22.765448222031,CPG,WPG,0.1,0.4185776879860561,0.20028581509091428,1.5289610035697314,4,-1.6059234548963737,888.4,7.7,10.4
0.297,0.302,U8,MAD_M6C12,4.206557708334839,22.75499428342058,CPG,WPG,0.1,0.4190481088709121,0.2002791851243137,1.5144582355157867,2,-1.6165474561449518,890.6,7.7,10.2
0.297,0.302,U8,MAD_M6C12,4.205886080296644,22.775139077625067,CPG,WPG,0.1,0.41893079346971096,0.20009848277908404,1.522655238705798,1,-1.6126700865874568,886.9,7.7,10.3
0.297,0.302,U8,MAD_M6C12,4.212928659715219,22.776639497796456,CPG,WPG,0.1,0.4186891464022209,0.20025868344971592,1.5262705320916887,6,-1.617425664055272,889.2,7.7,10.4
0.297,0.302,U8,MAD_M6C12,4.200615130141105,22.784023952130426,CPG,WPG,0.1,0.41884037299827953,0.20017665674443552,1.5216012230860225,1,-1.6157154157568634,886.8,7.7,10.3
0.297,0.302,U8,MAD_M6C12,4.207642086820205,22.774791778858226,CPG,WPG,0.1,0.4188557430620372,0.20073211875934882,1.5373906299005418,0,-1.6147916746115492,891.8,7.8,10.4
0.297,0.302,U8,MAD_M6C12,4.202615801288248,22.772594414726708,CPG,WPG,0.1,0.4190173717331503,0.2003442121556529,1.543822701510687,4,-1.6123456619834577,890.5,7.7,10.4
0.297,0.302,U8,MAD_M6C12,4.198013513517015,22.77218028249223,CPG,WPG,0.1,0.4191773816442985,0.2002735738855538,1.530153956014424,6,-1.6088791933304858,888.6,7.7,10.3
0.297,0.302,U8,MAD_M6C12,4.201227302472349,22.777335825453957,CPG,WPG,0.1,0.41892106521270583,0.2001841770071192,1.546751557520604,2,-1.6150358165449035,886.7,7.7,10.5
0.297,0.302,U8,MAD_M6C12,4.194234606077887,22.76865900052422,CPG,WPG,0.1,0.41918311532878116,0.20007054261019863,1.557121778490767,5,-1.6126457346293286,885.7,7.7,10.5
0.297,0.302,U8,MAD_M6C12,4.183347460376559,22.764295517564946,CPG,WPG,0.1,0.41874650626567156,0.20027283586735184,1.5463395398386224,2,-1.6135139135065746,887.2,7.8,10.5
0.297,0.302,U8,MAD_M6C12,4.181253914512934,22.772125677968276,CPG,WPG,0.1,0.41870834955487507,0.2002017711971708,1.5608728417262645,6,-1.612832309538339,886.1,7.7,10.7
0.297,0.302,U8,MAD_M6C12,4.180430153895335,22.76034487079198,CPG,WPG,0.1,0.4188696503304361,0.2000102236886934,1.5527931232697894,4,-1.6121482114288845,882.7,7.7,10.6
0.297,0.302,U8,MAD_M6C12,4.172602061280526,22.757224916788104,CPG,WPG,0.1,0.4186651078813733,0.20002517319021476,1.5491845751350453,5,-1.6008937723709913,881.0,7.7,10.6
0.297,0.302,U8,MAD_M6C12,4.175252386522173,22.771334212639374,CPG,WPG,0.1,0.4187876255350965,0.2000655244781547,1.541976378580217,1,-1.6137561215550633,882.6,7.8,10.5
0.297,0.302,U8,MAD_M6C12,4.185561069650414,22.765624267765087,CPG,WPG,0.1,0.41890211346906625,0.20004064913849126,1.5500446389883793,0,-1.605209676187231,882.1,7.7,10.6
0.297,0.302,U8,MAD_M6C12,4.163979083131769,22.777720691988787,CPG,WPG,0.1,0.4184315065616388,0.20004744491346907,1.545809014053959,7,-1.6065043656589282,879.0,7.8,10.7
0.297,0.302,U8,MAD_M6C12,4.156793214525661,22.787094019347848,CPG,WPG,0.1,0.4184070386379111,0.2000630126566774,1.5560893104883382,3,-1.6076455765661528,879.6,7.7,10.8
0.297,0.302,U8,MAD_M6C12,4.161281720679792,22.788663341412388,CPG,WPG,0.1,0.4184591998674644,0.20000238156709785,1.5278595131785409,0,-1.6114926128807099,877.3,7.8,10.6
0.297,0.302,U8,MAD_M6C12,4.178270036645223,22.806580527945012,CPG,WPG,0.1,0.4185879893263768,0.20000720490807516,1.5496119726310766,7,-1.603978348066038,879.3,7.7,10.8
0.297,0.302,U8,MAD_M6C12,4.194906743963946,22.82483377329392,CPG,WPG,0.1,0.41813919885061074,0.2000428431409953,1.522198251405512,1,-1.6078974410329145,881.8,7.7,10.6
0.297,0.302,U8,MAD_M6C12,4.174102037985542,22.820936906492786,CPG,WPG,0.1,0.41789967016863616,0.20001102131960796,1.5440235573861552,3,-1.6018420961563962,879.7,7.7,11.0
0.297,0.302,U8,MAD_M6C12,4.167281750565219,22.828300992342495,CPG,WPG,0.1,0.41772780545270494,0.2005449433061255,1.5631304490772302,1,-1.6096292717735121,885.2,7.7,11.3
0.297,0.302,U8,MAD_M6C12,4.155006405702527,22.808049955754583,CPG,WPG,0.1,0.41759022506603916,0.2002303507188642,1.5668871436720813,7,-1.6058842062017522,879.7,7.8,11.4
0.297,0.302,U8,MAD_M6C12,4.162011798559931,22.819049085526352,CPG,WPG,0.1,0.4175315378805672,0.20001196560805723,1.566012623076626,2,-1.5988880856513088,875.9,7.7,11.5
0.297,0.302,U8,MAD_M6C12,4.163325027984299,22.81135649385134,CPG,WPG,0.1,0.41797742020278544,0.20001776992431763,1.569939127388817,5,-1.609794783760055,878.1,7.8,11.6
0.297,0.302,U8,MAD_M6C12,4.165235263842093,22.79708726338331,CPG,WPG,0.1,0.41747897515961097,0.20007470016988646,1.5698624979554823,3,-1.6089013753971368,878.2,7.7,11.9
0.297,0.302,U8,MAD_M6C12,4.161633311064948,22.800806343550203,CPG,WPG,0.1,0.41769042642512894,0.20010581413095965,1.5707449383648395,3,-1.6010744662434462,878.3,7.7,12.0
0.297,0.302,U8,MAD_M6C12,4.1554317883308824,22.79668826555309,CPG,WPG,0.1,0.41823829487938946,0.20003578742504888,1.5705768326311178,7,-1.610921477801389,878.3,7.8,11.7
0.297,0.302,U8,MAD_M6C12,4.16017490951731,22.800947913882297,CPG,WPG,0.1,0.4181091531666334,0.2000007295488524,1.5669268137750363,1,-1.6112017514799089,875.9,7.6,12.3
0.297,0.302,U8,MAD_M6C12,4.159905110598053,22.76787658052213,CPG,WPG,0.1,0.41849137700243416,0.20030900617848568,1.5627448659185377,0,-1.6110117907810615,884.1,7.7,12.1
0.297,0.302,U8,MAD_M6C12,4.160387299345668,22.760623075923004,CPG,WPG,0.1,0.4185982144403769,0.2000343326268261,1.5612205026698063,5,-1.6096992070611122,882.2,7.7,11.9
0.297,0.302,U8,MAD_M6C12,4.1752523203843515,22.778359623402558,CPG,WPG,0.1,0.4187897518080339,0.2001459887314006,1.5704339657471453,1,-1.6104892928998975,885.0,7.6,11.5
0.297,0.302,U8,MAD_M6C12,4.17412644687909,22.782268530645446,CPG,WPG,0.1,0.418840221182262,0.20000162681892758,1.5673213241539057,4,-1.6073811437298584,883.4,7.6,11.0
0.297,0.302,U8,MAD_M6C12,4.205570984762957,22.779325197247285,CPG,WPG,0.1,0.4190042821888376,0.20006372146716533,1.5631407144934748,5,-1.6079533019708165,887.1,7.7,10.9
0.297,0.302,U8,MAD_M6C12,4.191899432613386,22.770663040520976,CPG,WPG,0.1,0.4192503556262655,0.20000149746195048,1.5690493991008654,1,-1.6104551091782486,883.7,7.6,11.5
0.297,0.302,U8,MAD_M6C12,4.190970518788266,22.77514954075745,CPG,WPG,0.1,0.41989537375224284,0.2000470629696492,1.570795295502375,6,-1.6080921427358383,881.4,7.7,11.2
0.297,0.302,U8,MAD_M6C12,4.181052170647142,22.79016684753606,CPG,WPG,0.1,0.4185674282597125,0.20000563214669537,1.5551127941906633,2,-1.610495199759269,881.9,7.7,10.9
0.297,0.302,U8,MAD_M6C12,4.178522672137754,22.77280805035553,CPG,WPG,0.1,0.4187653640619604,0.20001882300869225,1.5695848756717408,5,-1.6119330351522159,883.9,7.7,11.2
0.297,0.302,U8,MAD_M6C12,4.170767651092263,22.802480722125885,CPG,WPG,0.1,0.4179291651577812,0.20025790310976302,1.567520780495848,6,-1.6110935792499674,882.5,7.8,11.5
0.297,0.302,U8,MAD_M6C12,4.168465638399423,22.822481126171244,CPG,WPG,0.1,0.4178505727480231,0.200011441389394,1.554740731876021,0,-1.6066232042791775,876.7,7.9,11.3
0.297,0.302,U8,MAD_M6C12,4.157157290029821,22.816596987027598,CPG,WPG,0.1,0.4174661895106326,0.2000749565915658,1.5671199998273897,6,-1.6055826464315697,876.3,7.9,11.8
0.297,0.302,U8,MAD_M6C12,4.1666693851008425,22.789307848097657,CPG,WPG,0.1,0.4181275945986863,0.2000770281399374,1.5667454291574572,1,-1.6116735133472897,879.0,7.9,11.4
0.297,0.302,U8,MAD_M6C12,4.17082726923424,22.78994859102905,CPG,WPG,0.1,0.4180435858174586,0.2003636471442038,1.561907079752027,0,-1.6121488615565749,882.3,7.9,11.4
0.297,0.302,U8,MAD_M6C12,4.174205265884477,22.834729181997936,CPG,WPG,0.1,0.4174956275725916,0.20021258004412185,1.5544502304583858,7,-1.611658844030826,879.0,7.8,11.5
0.297,0.302,U8,MAD_M6C12,4.1699643363549335,22.82608927255145,CPG,WPG,0.1,0.41765143750341976,0.20060873923677552,1.5571307040047575,6,-1.6120016406663318,882.9,7.8,11.4
0.297,0.302,U8,MAD_M6C12,4.179350311529858,22.824009378043435,CPG,WPG,0.1,0.41758453097002013,0.20053025601544694,1.5596066948346134,2,-1.6097608983237262,883.6,7.8,11.4
0.297,0.302,U8,MAD_M6C12,4.162395653178023,22.824095512236273,CPG,WPG,0.1,0.4174228880639346,0.20077478117906444,1.5427980684584188,7,-1.600668493816782,882.3,7.9,11.1
0.297,0.302,U8,MAD_M6C12,4.183196845006947,22.826728732007663,CPG,WPG,0.1,0.4176318165144187,0.20071180946650444,1.5413903352687255,1,-1.6042504023535518,884.1,8.0,11.1
0.297,0.302,U8,MAD_M6C12,4.1862732413514125,22.808081365725933,CPG,WPG,0.1,0.4178806375486938,0.20064775800710755,1.5499729962782007,1,-1.600825400965963,885.2,8.0,11.0
0.297,0.302,U8,MAD_M6C12,4.182774649712853,22.832708543878145,CPG,WPG,0.1,0.4175974964543425,0.20013326755996336,1.5190308732866886,0,-1.6095659334768406,879.1,7.9,10.9
0.297,0.302,U8,MAD_M6C12,4.188262358662616,22.82138414965768,CPG,WPG,0.1,0.4173725837489083,0.2006356334363908,1.5219594440201818,1,-1.6141114012243527,882.9,7.9,11.0
0.297,0.302,U8,MAD_M6C12,4.181007371184804,22.81625313761285,CPG,WPG,0.1,0.417559238190899,0.20028028092808878,1.5295840094158675,1,-1.61335343131576,881.8,7.9,10.9
0.297,0.302,U8,MAD_M6C12,4.177621485646938,22.7932773373137,CPG,WPG,0.1,0.4179101898753501,0.2000470196993291,1.53693586812232,1,-1.6121415754909982,878.3,7.9,10.9
0.297,0.302,U8,MAD_M6C12,4.1765768513648975,22.809007077393655,CPG,WPG,0.1,0.41796250508775457,0.20017844934856763,1.5230030195527258,3,-1.6085212938524567,880.5,7.9,10.7
0.297,0.302,U8,MAD_M6C12,4.183577510194096,22.835038166815213,CPG,WPG,0.1,0.41762561694964145,0.20036705494998983,1.503232912548603,5,-1.612931390372296,882.0,7.9,10.7
0.297,0.302,U8,MAD_M6C12,4.181606673413829,22.824412001726927,CPG,WPG,0.1,0.4175684889990524,0.20049402132646468,1.5135398961191622,7,-1.615668707709471,881.9,7.9,10.8
0.297,0.302,U8,MAD_M6C12,4.178403751381258,22.83217309586384,CPG,WPG,0.1,0.4176364707860582,0.20007911957442387,1.518959766361602,3,-1.6122371690741062,878.1,7.8,10.9
0.297,0.302,U8,MAD_M6C12,4.176514520326155,22.830162189808558,CPG,WPG,0.1,0.4176728419887376,0.20014395542627747,1.5236164898943607,3,-1.6113691276927558,878.6,7.9,10.9
0.297,0.302,U8,MAD_M6C12,4.179408739496733,22.829798506428226,CPG,WPG,0.1,0.41762298020756317,0.20014061152841583,1.5146802892758187,2,-1.61390504095856,878.4,7.8,10.9
0.297,0.302,U8,MAD_M6C12,4.1782944947470515,22.832307779281553,CPG,WPG,0.1,0.41761090028952746,0.20021974717661303,1.516442424492345,3,-1.6144274944728227,878.7,7.9,10.9
0.297,0.302,U8,MAD_M6C12,4.176978908236646,22.818239725350864,CPG,WPG,0.1,0.4177349769906098,0.20014690049511336,1.5236118605694702,4,-1.6137652830451152,878.1,7.9,10.9
0.297,0.302,U8,MAD_M6C12,4.181776760667004,22.820824987249008,CPG,WPG,0.1,0.41752567177990696,0.20046803466922974,1.5229460113065874,4,-1.613738139291618,880.7,7.9,11.0
0.297,0.302,U8,MAD_M6C12,4.1772475621007965,22.812906021963713,CPG,WPG,0.1,0.4177249301642675,0.20034530555085786,1.5355659383070845,1,-1.6104929582073382,880.4,7.9,11.0
0.297,0.302,U8,MAD_M6C12,4.180716145624459,22.819753785385494,CPG,WPG,0.1,0.4176232348198635,0.20026738659848214,1.5234814185063268,2,-1.6122682748867785,878.9,7.9,11.0
0.297,0.302,U8,MAD_M6C12,4.184257386564274,22.809375330198712,CPG,WPG,0.1,0.4175978735043905,0.20067174570999038,1.5256443079726933,3,-1.6127847690431896,883.3,7.9,11.0
0.297,0.302,U8,MAD_M6C12,4.188008436967222,22.81429549052908,CPG,WPG,0.1,0.417636013651095,0.200603797519898,1.5283822035689796,2,-1.6067058824435385,883.4,7.9,11.0
0.297,0.302,U8,MAD_M6C12,4.189141795734479,22.81221874219627,CPG,WPG,0.1,0.4176181823094556,0.20085437078778637,1.5349019793944976,7,-1.607649294118012,885.4,7.8,11.1
0.297,0.302,U8,MAD_M6C12,4.18841589683952,22.819313901534137,CPG,WPG,0.1,0.4173772034264717,0.2006520900231669,1.527704616291952,4,-1.6144867905058735,882.0,7.8,11.1
0.297,0.302,U8,MAD_M6C12,4.190842135071198,22.807411560746488,CPG,WPG,0.1,0.41751135354865687,0.2009148025330979,1.5402164338011746,0,-1.613016392519917,885.1,7.8,11.2
0.297,0.302,U8,MAD_M6C12,4.196322662662901,22.805542333256522,CPG,WPG,0.1,0.4174181119001733,0.20087770983196485,1.5269164571928133,4,-1.614158428950292,885.3,7.8,11.1
0.297,0.302,U8,MAD_M6C12,4.195078605476129,22.80941153257129,CPG,WPG,0.1,0.41733444878999754,0.20114466919081386,1.5369120728540975,4,-1.616509764388395,885.0,7.9,11.3
0.297,0.302,U8,MAD_M6C12,4.190748479424718,22.807917210299543,CPG,WPG,0.1,0.41752503197473123,0.20070656906189255,1.5337101545597172,0,-1.612302104894452,883.8,7.8,11.2
0.297,0.302,U8,MAD_M6C12,4.193201309138018,22.811126539850026,CPG,WPG,0.1,0.4174272129195266,0.20087242549664847,1.5190732161618739,6,-1.613218321957543,883.1,7.9,11.1
0.297,0.302,U8,MAD_M6C12,4.193594958211551,22.808002592207043,CPG,WPG,0.1,0.417428419947465,0.20069101350715893,1.5186708517230358,0,-1.6143351574044758,883.3,7.8,11.1
0.297,0.302,U8,MAD_M6C12,4.196087956576775,22.810717025296512,CPG,WPG,0.1,0.4173403375416669,0.20101732963988586,1.5217100919529027,1,-1.6150597938272337,884.9,7.9,11.1
0.297,0.302,U8,MAD_M6C12,4.195979814888965,22.80229176630213,CPG,WPG,0.1,0.41752895757310415,0.2009422121474209,1.531720709204694,6,-1.6114291885475662,884.6,7.9,11.2
0.297,0.302,U8,MAD_M6C12,4.194339547615289,22.815352554832877,CPG,WPG,0.1,0.4173295191329204,0.20106653115976902,1.5178005794057814,0,-1.6144851340109838,884.7,7.9,11.1
0.297,0.302,U8,MAD_M6C12,4.19187458543614,22.80609138286694,CPG,WPG,0.1,0.4175259563634858,0.20128016719928646,1.5319249003867568,6,-1.6123886776687257,886.4,7.9,11.1
0.297,0.302,U8,MAD_M6C12,4.185244726114387,22.803489676859396,CPG,WPG,0.1,0.41763261249055733,0.20089707939941756,1.5352080887737802,7,-1.6134442116159473,883.5,7.9,11.1
0.297,0.302,U8,MAD_M6C12,4.1909986193854545,22.8024389006022,CPG,WPG,0.1,0.4175349212556958,0.2012372628130452,1.5320275969217687,0,-1.6142256707218507,885.5,7.9,11.2
0.297,0.302,U8,MAD_M6C12,4.189506234893454,22.807614042500614,CPG,WPG,0.1,0.4174999525457604,0.20101610183797014,1.5311084242268236,6,-1.614209848906773,883.8,7.9,11.2
0.297,0.302,U8,MAD_M6C12,4.188508545929845,22.80044184285324,CPG,WPG,0.1,0.41758715011552505,0.20101675909802894,1.5284139095134708,0,-1.6145982732867044,884.7,7.9,11.0
0.297,0.302,U8,MAD_M6C12,4.189050524474405,22.80126398399618,CPG,WPG,0.1,0.4175661124223785,0.20110179097098002,1.526352071996977,2,-1.614727175624763,885.3,7.9,11.1
0.297,0.302,U8,MAD_M6C12,4.188409664706383,22.79782669857781,CPG,WPG,0.1,0.417605270609594,0.20094232405729442,1.525651417297306,0,-1.6151188285640998,884.0,7.9,11.1
0.297,0.302,U8,MAD_M6C12,4.186962971925296,22.797831923293636,CPG,WPG,0.1,0.41763125350009767,0.20083542892838438,1.5285545131630291,7,-1.6149826584783398,883.5,7.9,11.1
0.297,0.302,U8,MAD_M6C12,4.187556790826202,22.8026104182582,CPG,WPG,0.1,0.41756293111969167,0.20091195372226486,1.5207294295020062,2,-1.6151757995175657,883.6,7.9,11.0
0.297,0.302,U8,MAD_M6C12,4.187368284951176,22.794592710599012,CPG,WPG,0.1,0.41769443563586794,0.2007945673075534,1.5228174979535338,7,-1.613675564705698,883.1,7.9,11.0
0.297,0.302,U8,MAD_M6C12,4.190624744465552,22.801661017859217,CPG,WPG,0.1,0.41750144240934794,0.20109759765327065,1.528442249109685,0,-1.6161409791306873,884.6,7.9,11.1
0.297,0.302,U8,MAD_M6C12,4.191177426909649,22.79939799144168,CPG,WPG,0.1,0.4175344172638299,0.20103863698675956,1.524927152982015,0,-1.615506695010838,884.2,7.9,11.1
0.297,0.302,U8,MAD_M6C12,4.191018330217285,22.7970364017546,CPG,WPG,0.1,0.41758576813605885,0.20087654988821527,1.5225409101249627,3,-1.6146279708971232,883.6,7.9,11.1
0.297,0.302,U8,MAD_M6C12,4.188898948916231,22.794814675992317,CPG,WPG,0.1,0.41760885943041237,0.20087887360899973,1.5289672454499041,5,-1.6160306931601305,883.7,7.9,11.1
0.297,0.302,U8,MAD_M6C12,4.188336868813587,22.793409414546108,CPG,WPG,0.1,0.41766403259239065,0.20084002639589274,1.5317497626980137,7,-1.614817893202238,883.3,7.9,11.1
0.297,0.302,U8,MAD_M6C12,4.187726073797129,22.79351109788073,CPG,WPG,0.1,0.4176404030367326,0.20073248044540523,1.5221668011281615,6,-1.6160933802971993,882.7,7.9,11.0
0.297,0.302,U8,MAD_M6C12,4.188400813776293,22.796538530665067,CPG,WPG,0.1,0.4175966718892763,0.200842775624701,1.5269231764760596,5,-1.6160479465732092,883.4,7.9,11.1
0.297,0.302,U8,MAD_M6C12,4.1889149744643115,22.80183716455642,CPG,WPG,0.1,0.4175506147733411,0.20093752823262293,1.5250418198189792,0,-1.6151695437375064,883.4,7.9,11.1
0.297,0.302,U8,MAD_M6C12,4.188275682429477,22.803355698901687,CPG,WPG,0.1,0.41753365905400275,0.20096170768495358,1.5292719474867362,2,-1.6155566421860375,883.4,7.9,11.2
0.297,0.302,U8,MAD_M6C12,4.190889079828651,22.80231327244802,CPG,WPG,0.1,0.41751488220856303,0.20103401421878508,1.5227817430363433,3,-1.6151477263860432,883.8,7.9,11.1
0.297,0.302,U8,MAD_M6C12,4.1894791599256935,22.80169951819534,CPG,WPG,0.1,0.41753007708431866,0.2008984665454668,1.5214699519274992,3,-1.6156975963114046,882.9,7.9,11.1
0.297,0.302,U8,MAD_M6C12,4.190860634349139,22.801416296195782,CPG,WPG,0.1,0.4175047273213861,0.20106490894649867,1.5236758292230586,7,-1.6159740112017662,883.8,8.0,11.1
0.297,0.302,U8,MAD_M6C12,4.188979791493617,22.79846968725583,CPG,WPG,0.1,0.41757633112342046,0.20106446275003576,1.5287079603152018,1,-1.6156256050512177,883.6,8.0,11.1
0.297,0.302,U8,MAD_M6C12,4.190718201891693,22.805214564772694,CPG,WPG,0.1,0.41746745006436126,0.2011132864451855,1.5239204947324776,5,-1.6158309703676963,883.7,8.0,11.1
0.297,0.302,U8,MAD_M6C12,4.1904640792489625,22.801997630313938,CPG,WPG,0.1,0.41749808725670806,0.20111546491081472,1.5285588750756247,0,-1.6162224725836154,883.7,7.9,11.2
0.297,0.302,U8,MAD_M6C12,4.189600502136959,22.801923029880175,CPG,WPG,0.1,0.4175204444462434,0.20122297676435302,1.5301436154290036,6,-1.615904365526438,884.3,7.9,11.2
0.297,0.302,U8,MAD_M6C12,4.190967872846355,22.803661444045446,CPG,WPG,0.1,0.4174965493270876,0.20124152935162493,1.5269334206255087,7,-1.6152194885541498,884.3,8.0,11.2
0.297,0.302,U8,MAD_M6C12,4.189830236187282,22.801438490675526,CPG,WPG,0.1,0.4175399375522189,0.2010882761022983,1.5291963117039775,1,-1.6152046663601443,883.6,7.9,11.2
0.297,0.302,U8,MAD_M6C12,4.191861195810803,22.803088210599814,CPG,WPG,0.1,0.41746323538942315,0.20108715960586224,1.5246495089866938,6,-1.6162468556488019,883.7,7.9,11.1
0.297,0.302,U8,MAD_M6C12,4.1921952087974255,22.803827449125343,CPG,WPG,0.1,0.4174445586806618,0.2010606293448821,1.5225869990128191,0,-1.6164478806773275,883.5,7.9,11.1
0.297,0.302,U8,MAD_M6C12,4.1909043157116255,22.806053381552896,CPG,WPG,0.1,0.4174477692011744,0.20109715193690686,1.5234897442515996,5,-1.6161189766757538,883.6,7.9,11.1
0.297,0.302,U8,MAD_M6C12,4.191270142573849,22.803838820630205,CPG,WPG,0.1,0.417465811822503,0.20117056661334012,1.524786670866201,6,-1.6161734533815189,883.7,7.9,11.1
0.297,0.302,U8,MAD_M6C12,4.191036634061855,22.80190330724106,CPG,WPG,0.1,0.41749270466042,0.20111322430508666,1.524682317464796,7,-1.6161228455383814,883.9,7.9,11.1
0.297,0.302,U8,MAD_M6C12,4.190844657812783,22.802139125768143,CPG,WPG,0.1,0.41749089748428714,0.2010502447211814,1.5211594613474113,5,-1.61620773547671,883.6,7.9,11.1
0.297,0.302,U8,MAD_M6C12,4.192306905981633,22.802370544698103,CPG,WPG,0.1,0.4174578487713976,0.20104861618073588,1.5212737322494605,6,-1.6165074679509885,883.6,7.9,11.1
0.297,0.302,U8,MAD_M6C12,4.191580823765323,22.79830699098209,CPG,WPG,0.1,0.4175213050429319,0.20099865713099865,1.523759382077106,7,-1.616269473284584,883.6,7.9,11.1
0.297,0.302,U8,MAD_M6C12,4.190471017106905,22.79875833163324,CPG,WPG,0.1,0.4175391182124324,0.20105703478755493,1.525876404139094,0,-1.6160478840467114,883.8,7.9,11.1
0.297,0.302,U8,MAD_M6C12,4.190969863343294,22.796745594286826,CPG,WPG,0.1,0.4175492953954336,0.20103374051101944,1.52506901142893,0,-1.6162407397438638,883.8,7.9,11.1
0.297,0.302,U8,MAD_M6C12,4.190959861126637,22.797161724288785,CPG,WPG,0.1,0.4175462906263466,0.20110290399093908,1.5254141194307596,4,-1.6161787476158462,884.3,7.9,11.1
0.297,0.302,U8,MAD_M6C12,4.191186882614102,22.799683287839684,CPG,WPG,0.1,0.41750818105201815,0.20102095256255714,1.5229820516307373,3,-1.616415563248692,883.7,7.9,11.1
0.297,0.302,U8,MAD_M6C12,4.190732075639194,22.799297994171493,CPG,WPG,0.1,0.41751963247869284,0.2010716259551425,1.5237205000235092,2,-1.6164169734246716,883.7,7.9,11.1
0.297,0.302,U8,MAD_M6C12,4.191417190612836,22.79978683374852,CPG,WPG,0.1,0.41750437885782055,0.20105209787449488,1.5213840770908216,6,-1.616376755002861,883.7,7.9,11.1
0.297,0.302,U8,MAD_M6C12,4.191824941658453,22.799622865375934,CPG,WPG,0.1,0.4174966636358912,0.20111731731798838,1.5228102558692984,3,-1.6165038236958775,883.9,7.9,11.1
0.297,0.302,U8,MAD_M6C12,4.192126195903425,22.801003172154765,CPG,WPG,0.1,0.41747701135282583,0.2011634408278545,1.523398916525649,1,-1.6164750415141622,884.1,7.9,11.1
0.297,0.302,U8,MAD_M6C12,4.1915861439977515,22.80063037007654,CPG,WPG,0.1,0.4174939969253866,0.20108869288574766,1.5222455404535888,5,-1.6163038946287216,883.8,7.9,11.1
0.297,0.302,U8,MAD_M6C12,4.192083974847155,22.80082534697174,CPG,WPG,0.1,0.4174827550359506,0.2011204565026998,1.5227996366445695,5,-1.6163531920498553,883.9,7.9,11.1
0.297,0.302,U8,MAD_M6C12,4.192485654302396,22.8006230876596,CPG,WPG,0.1,0.4174752141458183,0.2010955689053281,1.5231237819402916,0,-1.616494345494928,883.9,7.9,11.1
0.297,0.302,U8,MAD_M6C12,4.192599903231629,22.800237456944703,CPG,WPG,0.1,0.41747929103632464,0.20112540312048685,1.5229403823755154,4,-1.6164351692074916,884.0,7.9,11.1
0.297,0.302,U8,MAD_M6C12,4.192637776052311,22.801185903399695,CPG,WPG,0.1,0.4174668357906437,0.2010882154624276,1.523333954388522,5,-1.6164788808203685,883.8,7.9,11.1
0.297,0.302,U8,MAD_M6C12,4.192548786545697,22.801123491183724,CPG,WPG,0.1,0.4174679181577623,0.20111045161786253,1.5227170419273923,3,-1.616519363437046,884.0,7.9,11.1
0.297,0.302,U8,MAD_M6C12,4.192044107363228,22.800218647464348,CPG,WPG,0.1,0.4174915722237118,0.2010756100606813,1.5224253079218308,1,-1.6163011425284957,883.7,7.9,11.1
0.297,0.302,U8,MAD_M6C12,4.1925901422717695,22.801136153584714,CPG,WPG,0.1,0.41746611512172177,0.20108149755783578,1.522244417735842,0,-1.6165595936534753,883.8,7.9,11.1
0.297,0.302,U8,MAD_M6C12,4.192629581004487,22.80116726853713,CPG,WPG,0.1,0.41746699088667544,0.20110193389511985,1.5215142398927388,2,-1.6164862193054805,883.8,7.9,11.1
0.297,0.302,U8,MAD_M6C12,4.19266115792368,22.80032791867104,CPG,WPG,0.1,0.4174724316870476,0.20109167697638713,1.5205845011428112,7,-1.6166289302050476,883.9,7.9,11.1
0.297,0.302,U8,MAD_M6C12,4.192187684644804,22.799826188585957,CPG,WPG,0.1,0.41748690581170195,0.20110288616862262,1.522816841407041,7,-1.6165743922495839,884.0,7.9,11.1
0.297,0.302,U8,MAD_M6C12,4.19231380032385,22.800763755291275,CPG,WPG,0.1,0.4174750461882454,0.20108606570394788,1.5215113543116447,0,-1.6165444650192367,883.8,7.9,11.1
0.297,0.302,U8,MAD_M6C12,4.192298264406304,22.800637650230946,CPG,WPG,0.1,0.4174806507104933,0.20110261248746808,1.5208172226892427,7,-1.6163882213137608,883.9,7.9,11.1
0.297,0.302,U8,MAD_M6C12,4.192590067356735,22.800788967113924,CPG,WPG,0.1,0.41747132757746663,0.20110401630601316,1.5202628098727122,1,-1.6165090651976861,883.9,7.9,11.1
0.297,0.302,U8,MAD_M6C12,4.192387393939423,22.801701161232216,CPG,WPG,0.1,0.4174634027977983,0.20109464606226146,1.5200664373859958,7,-1.616538627036233,883.8,7.9,11.1
0.297,0.302,U8,MAD_M6C12,4.192438744231676,22.801481390878095,CPG,WPG,0.1,0.41746483647915134,0.20109894271415063,1.5194287872940366,7,-1.6165488446313212,883.8,7.9,11.1
0.297,0.302,U8,MAD_M6C12,4.192335362841294,22.801690493785234,CPG,WPG,0.1,0.41746418673784674,0.2011017682864974,1.5220627230998574,6,-1.6165446429533574,883.8,7.9,11.1
0.297,0.302,U8,MAD_M6C12,4.192617857085994,22.801951578361766,CPG,WPG,0.1,0.41745630511842524,0.20110037749460805,1.5198341815633394,2,-1.616564412804129,883.7,7.9,11.1
0.297,0.302,U8,MAD_M6C12,4.19286671196337,22.801612025355716,CPG,WPG,0.1,0.41745561573518186,0.2011208199788434,1.5201775202085126,2,-1.6165902040287286,883.9,7.9,11.1
0.297,0.302,U8,MAD_M6C12,4.192801116345914,22.801156198975956,CPG,WPG,0.1,0.41746278058640474,0.20109823331476695,1.5204657819593126,7,-1.616551864811953,883.7,7.9,11.1
0.297,0.302,U8,MAD_M6C12,4.192899203646151,22.801164845487524,CPG,WPG,0.1,0.41745941227458466,0.2011261008140456,1.5193605882960308,3,-1.6166208259190444,883.8,7.9,11.1
0.297,0.302,U8,MAD_M6C12,4.1929693248914965,22.80206822112654,CPG,WPG,0.1,0.4174479769975453,0.20111506620869177,1.5201481321796613,0,-1.6166241701069453,883.8,7.9,11.1
0.297,0.302,U8,MAD_M6C12,4.192802889310106,22.801497559385787,CPG,WPG,0.1,0.4174579752981613,0.20108482307301936,1.519550772701053,7,-1.616587757523849,883.7,7.9,11.1
0.297,0.302,U8,MAD_M6C12,4.192629676200631,22.800886999964337,CPG,WPG,0.1,0.4174683663908172,0.20108606758281394,1.519978783425874,0,-1.6165579114594273,883.7,7.9,11.1
0.297,0.302,U8,MAD_M6C12,4.192893832262958,22.80138202209897,CPG,WPG,0.1,0.4174591737449186,0.2011077750907625,1.519162337420842,2,-1.616535684963539,883.8,7.9,11.1
0.297,0.302,U8,MAD_M6C12,4.193103581757427,22.801215897074883,CPG,WPG,0.1,0.4174567958521146,0.2011124889709661,1.5192227357169306,2,-1.6165746715608371,883.8,7.9,11.1
0.297,0.302,U8,MAD_M6C12,4.192615270729203,22.801840842774478,CPG,WPG,0.1,0.4174585081875251,0.20109444697005074,1.5195780176072557,3,-1.6165284188960811,883.8,7.9,11.1
0.297,0.302,U8,MAD_M6C12,4.193017277120565,22.801216275580206,CPG,WPG,0.1,0.4174584198046428,0.20110911884559426,1.5193805356310812,7,-1.6165636373625496,883.9,7.9,11.1
0.297,0.302,U8,MAD_M6C12,4.193028136363125,22.801124400661138,CPG,WPG,0.1,0.41745986237655147,0.20111814065929476,1.5192214401694857,6,-1.6165409946949847,883.9,7.9,11.1
0.297,0.302,U8,MAD_M6C12,4.192665156911877,22.800996418481898,CPG,WPG,0.1,0.41746488127921194,0.2010965389031537,1.5196266164980803,5,-1.6166250072295725,883.8,7.9,11.1
0.297,0.302,U8,MAD_M6C12,4.192917732154173,22.801463548777402,CPG,WPG,0.1,0.4174551966480515,0.20109462067284092,1.5190332572984504,6,-1.616642100756481,883.8,7.9,11.1
0.297,0.302,U8,MAD_M6C12,4.192675661501404,22.80096798137514,CPG,WPG,0.1,0.41746597840801414,0.2010940520015436,1.5199342415200303,2,-1.6165876966554933,883.8,7.9,11.1
0.297,0.302,U8,MAD_M6C12,4.192721316274193,22.800682476089218,CPG,WPG,0.1,0.4174670888131823,0.20108261035803313,1.51960327889108,1,-1.6166439493644535,883.7,7.9,11.1
0.297,0.302,U8,MAD_M6C12,4.192824733382106,22.800851080169217,CPG,WPG,0.1,0.417463013702548,0.20109232569568664,1.518904774661781,5,-1.6166655411066948,883.8,7.9,11.1
0.297,0.302,U8,MAD_M6C12,4.192729884436191,22.80096676622332,CPG,WPG,0.1,0.4174639799544496,0.20108784600912608,1.5191634510765208,4,-1.6166339474195013,883.8,7.9,11.1
0.297,0.302,U8,MAD_M6C12,4.192652143481626,22.800908194597003,CPG,WPG,0.1,0.4174663691327962,0.2010913294132879,1.5191770231074426,2,-1.6166137630332074,883.8,7.9,11.1
0.297,0.302,U8,MAD_M6C12,4.192577292313989,22.800229783791337,CPG,WPG,0.1,0.4174754205220279,0.20108374642185425,1.5195327368986202,2,-1.6166065562378762,883.8,7.9,11.1
0.297,0.302,U8,MAD_M6C12,4.192678908403757,22.80036038648026,CPG,WPG,0.1,0.4174724887350324,0.20108342024027107,1.5192585785900135,5,-1.6166009759802957,883.8,7.9,11.1
0.297,0.302,U8,MAD_M6C12,4.192646723231477,22.800454407949225,CPG,WPG,0.1,0.4174708523415468,0.20108146720792974,1.5190451682269535,5,-1.616643629532387,883.8,7.9,11.1
0.297,0.302,U8,MAD_M6C12,4.192579594743276,22.800395404516244,CPG,WPG,0.1,0.41747325603987795,0.20107938681129736,1.519738186726145,5,-1.6166164540169525,883.8,7.9,11.1
0.297,0.302,U8,MAD_M6C12,4.192617870130236,22.80063557432936,CPG,WPG,0.1,0.41746937854998106,0.20108032919742955,1.5191002058556062,3,-1.6166384368008728,883.8,7.9,11.1
0.297,0.302,U8,MAD_M6C12,4.192566043149991,22.800711141002935,CPG,WPG,0.1,0.4174702053640001,0.2010856778773835,1.518974389597675,5,-1.6166037219668787,883.8,7.9,11.1
0.297,0.302,U8,MAD_M6C12,4.192487430120499,22.800633015470694,CPG,WPG,0.1,0.4174718709766142,0.20108210585138864,1.5195016432825783,2,-1.6166216545790242,883.8,7.9,11.1
0.297,0.302,U8,MAD_M6C12,4.192466941768026,22.8005311916268,CPG,WPG,0.1,0.41747339868334665,0.20109852333161474,1.5195368004470509,5,-1.6166196041906424,883.9,7.9,11.1
0.297,0.302,U8,MAD_M6C12,4.192653812692538,22.800500652340457,CPG,WPG,0.1,0.417469951750395,0.2011045974300315,1.519296434021601,7,-1.6166541572225555,883.9,7.9,11.1
0.297,0.302,U8,MAD_M6C12,4.192547334521721,22.80016337033648,CPG,WPG,0.1,0.41747557844245897,0.2010893918310021,1.5194601641017798,3,-1.6166488711664524,883.9,7.9,11.1
0.297,0.302,U8,MAD_M6C12,4.192615426559444,22.800493801585777,CPG,WPG,0.1,0.4174696276022748,0.20109076420171898,1.5195961491968948,5,-1.5907208720490278,883.9,7.9,11.1
0.297,0.302,U8,MAD_M6C12,4.192663806030864,22.800178208200037,CPG,WPG,0.1,0.41747699875360383,0.20110090457435578,1.5197148504010647,7,-1.6165132707887437,884.0,7.9,11.1
0.297,0.302,U8,MAD_M6C12,4.192523984780246,22.80034493548372,CPG,WPG,0.1,0.4174748814368735,0.2010896835398643,1.5199903315087444,6,-1.6166092002936967,883.9,7.9,11.1
0.297,0.302,U8,MAD_M6C12,4.1925854209255675,22.8005357804792,CPG,WPG,0.1,0.4174715454370345,0.2010964466259512,1.519710313232404,1,-1.6166175045000948,883.9,7.9,11.1
0.297,0.302,U8,MAD_M6C12,4.192537537356055,22.800222915793814,CPG,WPG,0.1,0.41747551264083876,0.20108791122846104,1.5198882880060798,5,-1.6166307208734754,883.9,7.9,11.1
0.297,0.302,U8,MAD_M6C12,4.19269611459882,22.800518585554865,CPG,WPG,0.1,0.41746918688951296,0.2010975039844862,1.5192044550032375,0,-1.6166501580659975,883.9,7.9,11.1
0.297,0.302,U8,MAD_M6C12,4.1925333202512585,22.80037779121805,CPG,WPG,0.1,0.41747366643580525,0.20109321347422202,1.5200851915234228,0,-1.6166368692605193,883.9,7.9,11.1
0.297,0.302,U8,MAD_M6C12,4.192391859183841,22.79998628557747,CPG,WPG,0.1,0.4174807196186865,0.20108757532271151,1.5199060333707055,0,-1.6166210920117798,883.9,7.9,11.1
0.297,0.302,U8,MAD_M6C12,4.192563382998219,22.800565338122016,CPG,WPG,0.1,0.4174716440868851,0.20110440007623498,1.519612893712036,3,-1.616613958067754,883.9,7.9,11.1
0.297,0.302,U8,MAD_M6C12,4.192481472610258,22.80053219595066,CPG,WPG,0.1,0.4174729287501087,0.20110216246599422,1.5195157078042785,7,-1.6166287924802294,883.9,7.9,11.1
0.297,0.302,U8,MAD_M6C12,4.192462706515417,22.80026608985579,CPG,WPG,0.1,0.41747687416469226,0.20110400798845654,1.519833447937068,1,-1.616603670290127,883.9,7.9,11.1
0.297,0.302,U8,MAD_M6C12,4.1925043153482475,22.800333016674053,CPG,WPG,0.1,0.4174748586665172,0.20110344617942358,1.5198144400065363,4,-1.6166277165735323,883.9,7.9,11.1
0.297,0.302,U8,MAD_M6C12,4.192527203651333,22.800344797438957,CPG,WPG,0.1,0.41747439368143363,0.20110827450939828,1.5197005501136722,1,-1.6166266488125665,884.0,7.9,11.1
0.297,0.302,U8,MAD_M6C12,4.192498929058101,22.80023639191464,CPG,WPG,0.1,0.4174756656762,0.20111533652752037,1.5196944600487785,1,-1.6166425738887131,884.0,7.9,11.1
0.297,0.302,U8,MAD_M6C12,4.192481530723105,22.800236423468576,CPG,WPG,0.1,0.41747615826946655,0.201111372848074,1.5196270804567709,0,-1.6166338008712078,883.9,7.9,11.1
0.297,0.302,U8,MAD_M6C12,4.192226475632278,22.800070885331827,CPG,WPG,0.1,0.41748274102859995,0.2010926204240643,1.5198399515207237,6,-1.6166054480177472,883.9,7.9,11.1
0.297,0.302,U8,MAD_M6C12,4.192546615758075,22.80038798666396,CPG,WPG,0.1,0.4174740937805367,0.20110395523987493,1.519704002378289,7,-1.616607013288398,883.9,7.9,11.1
0.297,0.302,U8,MAD_M6C12,4.19243073260394,22.80023397625384,CPG,WPG,0.1,0.4174771384415872,0.20110732306704462,1.5196921631149598,6,-1.6166275396074585,883.9,7.9,11.1
0.297,0.302,U8,MAD_M6C12,4.192543842776201,22.800444154215885,CPG,WPG,0.1,0.4174726738181468,0.20111413161276748,1.5196341609660866,1,-1.6166398451125836,884.0,7.9,11.1
0.297,0.302,U8,MAD_M6C12,4.192532136082001,22.80028055105474,CPG,WPG,0.1,0.4174749851576506,0.20111203921981163,1.519494638686571,1,-1.616629049932813,883.9,7.9,11.1
0.297,0.302,U8,MAD_M6C12,4.19256930125209,22.800431669191802,CPG,WPG,0.1,0.41747298066493255,0.20111257199345656,1.5194773775759782,0,-1.616617444400875,884.0,7.9,11.1
0.297,0.302,U8,MAD_M6C12,4.192600848418901,22.800311244241122,CPG,WPG,0.1,0.4174732788209736,0.20111460505626744,1.5194220390690973,1,-1.6166402916342495,884.0,7.9,11.1
0.297,0.302,U8,MAD_M6C12,4.192634737737164,22.800401641906564,CPG,WPG,0.1,0.4174715812632669,0.20111664333610943,1.5195725630819243,2,-1.616645912403392,884.0,7.9,11.1
0.297,0.302,U8,MAD_M6C12,4.192650486007354,22.8005316455314,CPG,WPG,0.1,0.41747010784877864,0.20111308322794474,1.5192808433467024,6,-1.6166360413938747,883.9,7.9,11.1
0.297,0.302,U8,MAD_M6C12,4.192617395789116,22.80057389150478,CPG,WPG,0.1,0.4174702181736891,0.20111651376136314,1.519480995438868,6,-1.6166331820259447,884.0,7.9,11.1
0.297,0.302,U8,MAD_M6C12,4.192619226240254,22.80050662309209,CPG,WPG,0.1,0.41747082688824466,0.2011167827001004,1.5195031463111497,4,-1.6166381913250092,884.0,7.9,11.1
0.297,0.302,U8,MAD_M6C12,4.192604257916326,22.8004273112882,CPG,WPG,0.1,0.41747187178787604,0.20111736811473352,1.5193267677327813,3,-1.6166417440239123,884.0,7.9,11.1
0.297,0.302,U8,MAD_M6C12,4.192752958684047,22.800641800014986,CPG,WPG,0.1,0.4174667797619739,0.20112379691319132,1.5193542598358367,7,-1.616654899985642,884.0,7.9,11.1
0.297,0.302,U8,MAD_M6C12,4.192715700947715,22.80049806263877,CPG,WPG,0.1,0.41746902228441174,0.20112302141492586,1.5193641256018604,3,-1.616653775545343,884.0,7.9,11.1
0.297,0.302,U8,MAD_M6C12,4.19268251999231,22.80050529454329,CPG,WPG,0.1,0.41746980556393337,0.2011188481060526,1.5193002342400406,7,-1.6166400179475957,884.0,7.9,11.1
0.297,0.302,U8,MAD_M6C12,4.192642283438555,22.800492832259355,CPG,WPG,0.1,0.417470520051464,0.20111539248475852,1.5194097812452076,6,-1.6166422667954752,884.0,7.9,11.1
0.297,0.302,U8,MAD_M6C12,4.192621365081535,22.800338898426798,CPG,WPG,0.1,0.4174722540111623,0.20110756130943658,1.5194873531896507,6,-1.6166557914432946,883.9,7.9,11.1
0.297,0.302,U8,MAD_M6C12,4.192613810521838,22.80028523394454,CPG,WPG,0.1,0.41747301254148506,0.2011015663604942,1.5194213801663792,4,-1.6166545463070534,883.9,7.9,11.1
0.297,0.302,U8,MAD_M6C12,4.192616821050382,22.800448240816635,CPG,WPG,0.1,0.417471346317202,0.20110341286847483,1.5193001929946934,1,-1.6166453757321637,883.9,7.9,11.1
0.297,0.302,U8,MAD_M6C12,4.192685936980255,22.800621157179645,CPG,WPG,0.1,0.4174682111318072,0.2011035564506671,1.519147554200281,0,-1.6166490051593154,883.9,7.9,11.1
0.297,0.302,U8,MAD_M6C12,4.192658672180597,22.8005687491156,CPG,WPG,0.1,0.41746915274089,0.20110428406278658,1.519141040144051,2,-1.6166521768784836,883.9,7.9,11.1
0.297,0.302,U8,MAD_M6C12,4.192652839551786,22.800561724594502,CPG,WPG,0.1,0.41746933722830215,0.2011089538355537,1.5192571135157458,5,-1.6166516403465288,883.9,7.9,11.1
0.297,0.302,U8,MAD_M6C12,4.192717341932749,22.800694831784718,CPG,WPG,0.1,0.41746677097368334,0.20111175943016968,1.5191575205083012,0,-1.6166534812637021,883.9,7.9,11.1
0.297,0.302,U8,MAD_M6C12,4.192650919862171,22.800536794941976,CPG,WPG,0.1,0.4174696343124362,0.2011004724043904,1.5193156971168764,1,-1.6166522710520326,883.9,7.9,11.1
0.297,0.302,U8,MAD_M6C12,4.192672572649782,22.800472776145263,CPG,WPG,0.1,0.41747002661431615,0.20110884556369668,1.5193555447884743,5,-1.616652087129875,883.9,7.9,11.1
0.297,0.302,U8,MAD_M6C12,4.192661942031628,22.800416716662582,CPG,WPG,0.1,0.4174708750204543,0.20109911625389976,1.5193692642797423,0,-1.6166502636614943,883.9,7.9,11.1
0.297,0.302,U8,MAD_M6C12,4.192624910949007,22.800419342274054,CPG,WPG,0.1,0.41747135561676296,0.20109902791754308,1.5193585633170903,7,-1.6166530096637555,883.9,7.9,11.1
0.297,0.302,U8,MAD_M6C12,4.192643894381032,22.800370122011756,CPG,WPG,0.1,0.4174715571572603,0.20109886958897608,1.519318783728608,7,-1.616655393071376,883.9,7.9,11.1
0.297,0.302,U8,MAD_M6C12,4.1926589057753905,22.80043034572702,CPG,WPG,0.1,0.417470570689479,0.20110147456376876,1.5194999901954147,5,-1.6166581011958776,883.9,7.9,11.1
0.297,0.302,U8,MAD_M6C12,4.1926966925455,22.800485505775075,CPG,WPG,0.1,0.4174692812272023,0.20110755509311626,1.5192416838371403,5,-1.616660970354367,884.0,7.9,11.1
0.297,0.302,U8,MAD_M6C12,4.192687532601092,22.800482106032014,CPG,WPG,0.1,0.4174696861844668,0.2011023311190265,1.5191530394756838,5,-1.6166521050601563,883.9,7.9,11.1
0.297,0.302,U8,MAD_M6C12,4.192685221221301,22.80046972827083,CPG,WPG,0.1,0.4174697666438151,0.20110792410279899,1.5192605628034026,5,-1.6166559279405615,884.0,7.9,11.1
0.297,0.302,U8,MAD_M6C12,4.1927083487089,22.800509694471515,CPG,WPG,0.1,0.4174688971247039,0.2011076750979466,1.5192205669201346,7,-1.6166580766198688,884.0,7.9,11.1
0.297,0.302,U8,MAD_M6C12,4.19268987800711,22.800529770040264,CPG,WPG,0.1,0.41746894291602976,0.20110731378449245,1.5192550701958307,5,-1.6166586896144963,883.9,7.9,11.1
0.297,0.302,U8,MAD_M6C12,4.1927419036138245,22.8005759719247,CPG,WPG,0.1,0.41746751728196463,0.20110961409640177,1.519182932969315,1,-1.6166621550859954,884.0,7.9,11.1
0.297,0.302,U8,MAD_M6C12,4.192779557716121,22.800621315185353,CPG,WPG,0.1,0.41746629649213923,0.20111216665263562,1.519113013727715,4,-1.6166668044019623,884.0,7.9,11.1
0.297,0.302,U8,MAD_M6C12,4.192748180595121,22.80056019477685,CPG,WPG,0.1,0.41746756168330457,0.20111264497790932,1.5192265736334076,3,-1.616663602682399,884.0,7.9,11.1
0.297,0.302,U8,MAD_M6C12,4.192710856663217,22.800514877027915,CPG,WPG,0.1,0.4174687834962856,0.20110390683006474,1.5193884870538232,4,-1.616658695448482,883.9,7.9,11.1
0.297,0.302,U8,MAD_M6C12,4.192678847255335,22.800439131481575,CPG,WPG,0.1,0.4174701951876418,0.20110472691901168,1.519442698921194,3,-1.6166566601445655,883.9,7.9,11.1
0.297,0.302,U8,MAD_M6C12,4.192735178990239,22.800524478003425,CPG,WPG,0.1,0.41746828194963104,0.20111118454344584,1.5192618597414715,3,-1.6166591716901841,884.0,7.9,11.1
0.297,0.302,U8,MAD_M6C12,4.192760041725724,22.800614729540012,CPG,WPG,0.1,0.41746700930157316,0.2011084591856918,1.519270426067632,1,-1.616653581639257,883.9,7.9,11.1
0.297,0.302,U8,MAD_M6C12,4.19275879752757,22.800614386497003,CPG,WPG,0.1,0.41746679767075034,0.2011085415607757,1.5191898898681853,6,-1.616662921989274,883.9,7.9,11.1
0.297,0.302,U8,MAD_M6C12,4.192687140828216,22.80047448816405,CPG,WPG,0.1,0.4174697511280963,0.2011002548173227,1.51932722953649,6,-1.616653203590598,883.9,7.9,11.1
0.297,0.302,U8,MAD_M6C12,4.192723653537227,22.800533896147105,CPG,WPG,0.1,0.4174682399271251,0.2011025089314609,1.5192639029876163,2,-1.6166637624644213,883.9,7.9,11.1
0.297,0.302,U8,MAD_M6C12,4.19272778371947,22.800613778222914,CPG,WPG,0.1,0.417467435805989,0.20110525372780166,1.519268878216582,1,-1.6166571225388378,883.9,7.9,11.1
0.297,0.302,U8,MAD_M6C12,4.1927692204781275,22.800648962630923,CPG,WPG,0.1,0.4174664357456092,0.20110673038358343,1.5192362981416223,0,-1.6166552281098916,883.9,7.9,11.1
0.297,0.302,U8,MAD_M6C12,4.192666946579083,22.8004650451227,CPG,WPG,0.1,0.4174701652044095,0.2011034956442701,1.519491217923242,7,-1.6166535651044356,883.9,7.9,11.1
0.297,0.302,U8,MAD_M6C12,4.192735231816713,22.800554576880355,CPG,WPG,0.1,0.41746787638879257,0.20110665401196373,1.5194258714335138,0,-1.616661682065864,884.0,7.9,11.1
0.297,0.302,U8,MAD_M6C12,4.192770973167327,22.800646383036327,CPG,WPG,0.1,0.41746621184498817,0.20110586021840532,1.519345672075993,5,-1.6166642009173042,883.9,7.9,11.1
0.297,0.302,U8,MAD_M6C12,4.192795869723619,22.800641379368635,CPG,WPG,0.1,0.41746577878760316,0.20110937727886208,1.5194237602596257,2,-1.6166681852580211,884.0,7.9,11.1
0.297,0.302,U8,MAD_M6C12,4.192805863638322,22.800742295169226,CPG,WPG,0.1,0.417464700285967,0.2011136405796066,1.5192452398511418,0,-1.6166593156066007,884.0,7.9,11.1
0.297,0.302,U8,MAD_M6C12,4.192820986150617,22.800681672381188,CPG,WPG,0.1,0.41746514586036104,0.20111274822767344,1.519197308718458,6,-1.6166595448943415,884.0,7.9,11.1
0.297,0.302,U8,MAD_M6C12,4.192826514567735,22.80070501905722,CPG,WPG,0.1,0.41746471813213937,0.20111121748800362,1.5191583940504327,4,-1.6166625759678883,884.0,7.9,11.1
0.297,0.302,U8,MAD_M6C12,4.192840319867066,22.800742006132385,CPG,WPG,0.1,0.4174639927177877,0.2011109099808853,1.5192822448784802,1,-1.6166661378976457,884.0,7.9,11.1
0.297,0.302,U8,MAD_M6C12,4.19290548288589,22.800872865020832,CPG,WPG,0.1,0.41746154161087085,0.2011139357969373,1.5191368690254916,6,-1.6166639985214726,884.0,7.9,11.1
0.297,0.302,U8,MAD_M6C12,4.192853028352301,22.800780666673116,CPG,WPG,0.1,0.4174632225951073,0.20111377059218216,1.519118992688071,5,-1.616671402528974,884.0,7.9,11.1
0.297,0.302,U8,MAD_M6C12,4.192863049069794,22.8008179278851,CPG,WPG,0.1,0.41746271265072427,0.20111112616665394,1.5191313641465936,2,-1.6166686296651065,884.0,7.9,11.1
0.297,0.302,U8,MAD_M6C12,4.19287777243193,22.800800728215684,CPG,WPG,0.1,0.4174626487240728,0.20111027005156917,1.5191318405905934,1,-1.6166697714652667,883.9,7.9,11.1
0.297,0.302,U8,MAD_M6C12,4.1929154707022285,22.8008614334489,CPG,WPG,0.1,0.41746130712560503,0.2011171680602628,1.5189920067583658,3,-1.6166722620722105,884.0,7.9,11.1
0.297,0.302,U8,MAD_M6C12,4.192895566204922,22.800827143596056,CPG,WPG,0.1,0.41746195962745375,0.20111531393199203,1.5191292259473808,7,-1.6166741762946835,884.0,7.9,11.1
0.297,0.302,U8,MAD_M6C12,4.192875633778427,22.800798053826508,CPG,WPG,0.1,0.4174626446548594,0.20111334353331747,1.5192366649189695,4,-1.6166724695966952,884.0,7.9,11.1
0.297,0.302,U8,MAD_M6C12,4.192861593943353,22.800769837148827,CPG,WPG,0.1,0.41746308801224496,0.2011140970368,1.5192143006494803,2,-1.61667630876903,884.0,7.9,11.1
0.297,0.302,U8,MAD_M6C12,4.192853270283015,22.800778916797988,CPG,WPG,0.1,0.4174632346581518,0.20110965833978084,1.5192970791605833,7,-1.616671561950529,884.0,7.9,11.1
0.297,0.302,U8,MAD_M6C12,4.1928591482938735,22.80078219636421,CPG,WPG,0.1,0.4174631053766914,0.20110921454200048,1.5191929025267177,2,-1.6166715649139451,883.9,7.9,11.1
0.297,0.302,U8,MAD_M6C12,4.192815012192129,22.800689386183926,CPG,WPG,0.1,0.41746484582945387,0.2011097220541379,1.519334871842981,3,-1.6166717062830909,884.0,7.9,11.1
0.297,0.302,U8,MAD_M6C12,4.192843400520749,22.80074436670982,CPG,WPG,0.1,0.41746376843060123,0.2011110803804371,1.5192642019228186,3,-1.6166720709815365,884.0,7.9,11.1
0.297,0.302,U8,MAD_M6C12,4.192819685869376,22.80070122668039,CPG,WPG,0.1,0.4174646244787475,0.20110882343282205,1.5193126629657243,6,-1.6166722563060425,884.0,7.9,11.1
0.297,0.302,U8,MAD_M6C12,4.192806039628561,22.80068788988927,CPG,WPG,0.1,0.4174650310545599,0.20110810276069058,1.5193086724531604,1,-1.6166705999725703,884.0,7.9,11.1
0.297,0.302,U8,MAD_M6C12,4.192856070013044,22.800794298486597,CPG,WPG,0.1,0.41746305478390516,0.20110935330576096,1.5192446392609638,1,-1.6166700312705231,884.0,7.9,11.1
0.297,0.302,U8,MAD_M6C12,4.192857848110131,22.80080591570459,CPG,WPG,0.1,0.41746283111963284,0.20111122272093224,1.5192451813969856,0,-1.6166725743051042,884.0,7.9,11.1
0.297,0.302,U8,MAD_M6C12,4.192846317790802,22.800756137463562,CPG,WPG,0.1,0.41746362801680514,0.2011091143216909,1.519280250364516,0,-1.6166705277155344,884.0,7.9,11.1
0.297,0.302,U8,MAD_M6C12,4.1928784374788775,22.800851155500727,CPG,WPG,0.1,0.41746193746908833,0.20111168913119598,1.5192384889909385,5,-1.6166748789252612,884.0,7.9,11.1
0.297,0.302,U8,MAD_M6C12,4.192890180337294,22.800831349253347,CPG,WPG,0.1,0.4174620159065843,0.20111068170775634,1.5192175156185197,3,-1.616673392259111,884.0,7.9,11.1
0.297,0.302,U8,MAD_M6C12,4.192895947220865,22.80083895224848,CPG,WPG,0.1,0.41746181218019773,0.2011117045601331,1.519110833565883,7,-1.616674472772429,884.0,7.9,11.1
0.297,0.302,U8,MAD_M6C12,4.192884869349864,22.80082212484277,CPG,WPG,0.1,0.4174621372223685,0.20111214748828432,1.5191194336363107,0,-1.6166760347387221,884.0,7.9,11.1
0.297,0.302,U8,MAD_M6C12,4.192887198066039,22.80082744572747,CPG,WPG,0.1,0.4174620109529661,0.20111088617098224,1.5191395121863338,0,-1.6166772046171278,884.0,7.9,11.1
0.297,0.302,U8,MAD_M6C12,4.192926437057239,22.800925742325933,CPG,WPG,0.1,0.4174602621523946,0.201113742073899,1.5191477869856778,3,-1.6166779636670974,884.0,7.9,11.1
0.297,0.302,U8,MAD_M6C12,4.192938021325175,22.80092657094388,CPG,WPG,0.1,0.41746006974968075,0.2011126378263916,1.5190599942022454,3,-1.6166780317515617,884.0,7.9,11.1
0.297,0.302,U8,MAD_M6C12,4.192966590476028,22.8009682346501,CPG,WPG,0.1,0.417459062465757,0.2011160271511699,1.519018376390286,7,-1.616681501915437,884.0,7.9,11.1
0.297,0.302,U8,MAD_M6C12,4.192959181775019,22.800987489552224,CPG,WPG,0.1,0.41745901655332107,0.20111396750800378,1.5189860022740134,4,-1.6166792490551654,884.0,7.9,11.1
0.297,0.302,U8,MAD_M6C12,4.192931350199702,22.800962112675066,CPG,WPG,0.1,0.4174597364961358,0.20111210590751322,1.519041120676898,3,-1.6166793931910242,884.0,7.9,11.1
0.297,0.302,U8,MAD_M6C12,4.192986475462673,22.801046592427262,CPG,WPG,0.1,0.417457844878002,0.20111516599933443,1.5189548534094217,5,-1.6166821791317592,884.0,7.9,11.1
0.297,0.302,U8,MAD_M6C12,4.193028316419643,22.801112049374925,CPG,WPG,0.1,0.41745634533161047,0.20111855429717562,1.5189408164317992,6,-1.6166862253200307,884.0,7.9,11.1
0.297,0.302,U8,MAD_M6C12,4.193085274279462,22.80119715962304,CPG,WPG,0.1,0.41745443866726223,0.20111976828261915,1.5187450652434293,5,-1.616688183601683,884.0,7.9,11.1
0.297,0.302,U8,MAD_M6C12,4.193054143789287,22.801150399977864,CPG,WPG,0.1,0.41745551098424644,0.20111848949257713,1.518836496411097,1,-1.6166860216419199,884.0,7.9,11.1
0.297,0.302,U8,MAD_M6C12,4.193111047187236,22.8012546120949,CPG,WPG,0.1,0.4174533177991992,0.20112133256245676,1.5187662078736706,4,-1.616690783514942,884.0,7.9,11.1
0.297,0.302,U8,MAD_M6C12,4.193111231568083,22.801259713248147,CPG,WPG,0.1,0.4174533054039048,0.2011187668144531,1.5188224813329265,6,-1.6166888605374172,884.0,7.9,11.1
0.297,0.302,U8,MAD_M6C12,4.193080509253855,22.80119485763259,CPG,WPG,0.1,0.41745445000351267,0.20112154770685148,1.5188155741819758,5,-1.6166917348140508,884.0,7.9,11.1
0.297,0.302,U8,MAD_M6C12,4.193157502523029,22.801354596289137,CPG,WPG,0.1,0.41745138447350716,0.2011237868169098,1.51868258435332,6,-1.61669362248524,884.0,7.9,11.1
0.297,0.302,U8,MAD_M6C12,4.1931569211287725,22.801349311855716,CPG,WPG,0.1,0.4174515252322715,0.20111966929316574,1.5185809657550169,3,-1.6166907741076812,884.0,7.9,11.1
0.297,0.302,U8,MAD_M6C12,4.193252956431278,22.801525519935417,CPG,WPG,0.1,0.4174477723392156,0.2011217130399294,1.5184826506155709,1,-1.6167007028895952,884.0,7.9,11.1
0.297,0.302,U8,MAD_M6C12,4.193260689126363,22.801537956781804,CPG,WPG,0.1,0.4174474622341233,0.20112655480387137,1.51833620258718,2,-1.6167026070166166,884.0,7.9,11.1
0.297,0.302,U8,MAD_M6C12,4.19337013777419,22.801764892019765,CPG,WPG,0.1,0.4174430563469103,0.20113320649475572,1.5182946206251535,1,-1.6167072573348502,884.0,7.9,11.1
0.297,0.302,U8,MAD_M6C12,4.193431451009333,22.801888895480687,CPG,WPG,0.1,0.41744074725299013,0.2011413732530767,1.518082386436979,7,-1.6167049490444647,884.0,7.9,11.1
0.297,0.302,U8,MAD_M6C12,4.1933971915447055,22.801838516072287,CPG,WPG,0.1,0.41744181658488466,0.20113443706577555,1.5181601383972807,6,-1.6167064876540653,884.0,7.9,11.1
0.297,0.302,U8,MAD_M6C12,4.193475849839406,22.801979390895422,CPG,WPG,0.1,0.41743883641612184,0.20113795885331445,1.5179283139438464,2,-1.6167124470914374,884.0,7.9,11.1
0.297,0.302,U8,MAD_M6C12,4.193457541554273,22.8020005454833,CPG,WPG,0.1,0.417438861725448,0.20113926398633183,1.5178163632221033,2,-1.6167132849994434,884.0,7.9,11.1
0.297,0.302,U8,MAD_M6C12,4.193715370310226,22.802542078464647,CPG,WPG,0.1,0.4174281744189845,0.20114927369193358,1.5174124855958424,6,-1.6167333294586985,884.0,7.9,11.1
0.297,0.302,U8,MAD_M6C12,4.193705900107259,22.80247624198614,CPG,WPG,0.1,0.41742905471855096,0.20114827886974684,1.5173696301915474,5,-1.6167339384850639,884.0,7.9,11.1
0.297,0.302,U8,MAD_M6C12,4.193748714919748,22.80257585900815,CPG,WPG,0.1,0.4174272623703414,0.20115533716335776,1.5173179522809477,1,-1.6167335941804044,884.1,7.9,11.1
0.297,0.302,U8,MAD_M6C12,4.193901890629529,22.802844163358845,CPG,WPG,0.1,0.4174215369103083,0.201160644945337,1.5171974525132925,5,-1.6167447973623936,884.1,7.9,11.1
0.297,0.302,U8,MAD_M6C12,4.1940400148797305,22.80324165425147,CPG,WPG,0.1,0.4174145776325362,0.20116651100395308,1.5167253088324988,6,-1.6167560988322496,884.0,7.9,11.1
0.297,0.302,U8,MAD_M6C12,4.194173379149529,22.803413276621534,CPG,WPG,0.1,0.4174104862559301,0.20117081816004834,1.516548755178151,2,-1.6167582968330159,884.0,7.9,11.1
0.297,0.302,U8,MAD_M6C12,4.194491281935205,22.80420938562572,CPG,WPG,0.1,0.41739593991024065,0.20118738329496214,1.516034795337998,2,-1.6167833841847017,884.1,7.9,11.1
0.297,0.302,U8,MAD_M6C12,4.193837833642636,22.80273377597102,CPG,WPG,0.1,0.4174238075988345,0.2011540401228782,1.5174377018884067,7,-1.616744206995742,884.0,7.9,11.1
0.297,0.302,U8,MAD_M6C12,4.194745524722157,22.804492599127745,CPG,WPG,0.1,0.4173882632727395,0.20120253954400968,1.516367032843938,1,-1.6167984685989083,884.2,7.9,11.1
0.297,0.302,U8,MAD_M6C12,4.194737980690217,22.80447269763994,CPG,WPG,0.1,0.4173887068640584,0.2011981396897845,1.5163220009602147,1,-1.6167945170776932,884.2,7.9,11.1
0.297,0.302,U8,MAD_M6C12,4.194817245348374,22.804528945148164,CPG,WPG,0.1,0.4173868550818258,0.20119900575368607,1.5165829662673072,2,-1.6167934143073737,884.2,7.9,11.1
0.297,0.302,U8,MAD_M6C12,4.194466547767683,22.80397712220584,CPG,WPG,0.1,0.4173987907631814,0.20118516921493512,1.5170290019561734,2,-1.6167862745984483,884.1,7.9,11.1
0.297,0.302,U8,MAD_M6C12,4.19472021580724,22.80444943799096,CPG,WPG,0.1,0.4173891902628373,0.2012034611811647,1.5164104719493494,1,-1.61679685319932,884.2,7.9,11.1
0.297,0.302,U8,MAD_M6C12,4.194707836749361,22.804374470057354,CPG,WPG,0.1,0.4173903935193426,0.20121305096805256,1.5166285531074428,7,-1.6167905718457227,884.2,7.9,11.1
0.297,0.302,U8,MAD_M6C12,4.1947447004652805,22.804491753719887,CPG,WPG,0.1,0.4173883515159394,0.2012202106841257,1.5166639255208505,1,-1.6167991537440134,884.2,7.9,11.1
0.297,0.302,U8,MAD_M6C12,4.194755022632911,22.804443809855705,CPG,WPG,0.1,0.4173888915279393,0.20121210895746253,1.517115666428856,1,-1.6167896165589557,884.2,7.9,11.1
0.297,0.302,U8,MAD_M6C12,4.194805240664048,22.804549391097414,CPG,WPG,0.1,0.4173867819334887,0.20122652244029404,1.5168664825515266,5,-1.6167945615526325,884.3,7.9,11.1
0.297,0.302,U8,MAD_M6C12,4.194272301466444,22.80353227452121,CPG,WPG,0.1,0.41740726059534694,0.20117501827056478,1.5174005488830007,5,-1.6167712520197135,884.1,7.9,11.1
0.297,0.302,U8,MAD_M6C12,4.194709566145137,22.804386421942585,CPG,WPG,0.1,0.4173903227059821,0.20121224109046937,1.5169138754885974,3,-1.6167869188992494,884.2,7.9,11.1
0.297,0.302,U8,MAD_M6C12,4.194561581204293,22.80410625408585,CPG,WPG,0.1,0.41739607468065865,0.20120116122454293,1.516994172502144,6,-1.6167768291918492,884.2,7.9,11.1
0.297,0.302,U8,MAD_M6C12,4.194702837476361,22.804397193562153,CPG,WPG,0.1,0.41738995297705705,0.201208598686566,1.516722442772446,4,-1.6168009278194493,884.2,7.9,11.1
0.297,0.302,U8,MAD_M6C12,4.194498868491683,22.803972673285706,CPG,WPG,0.1,0.4173981361066388,0.20121071108397348,1.5171997663330026,6,-1.6167941881968293,884.2,7.9,11.1
0.297,0.302,U8,MAD_M6C12,4.194862429338354,22.80464241784285,CPG,WPG,0.1,0.41738421064705106,0.20123505072140274,1.5168913330244895,7,-1.6168191686794469,884.3,7.9,11.1
0.297,0.302,U8,MAD_M6C12,4.194929307842555,22.80481325587147,CPG,WPG,0.1,0.4173814078040337,0.20123637233721905,1.5168720142516685,6,-1.6168118544667038,884.3,7.9,11.1
0.297,0.302,U8,MAD_M6C12,4.195226129831524,22.805413692494422,CPG,WPG,0.1,0.4173696380220375,0.20126157853684762,1.5165668026471737,4,-1.6168404920058705,884.4,7.9,11.1
0.297,0.302,U8,MAD_M6C12,4.195105149854262,22.805195770259342,CPG,WPG,0.1,0.41737419491286154,0.20123970170548788,1.5166890252043395,1,-1.6168278563951617,884.3,7.9,11.1
0.297,0.302,U8,MAD_M6C12,4.195350941117522,22.805687385406443,CPG,WPG,0.1,0.41736415567266255,0.20125640066716322,1.5166088843787406,0,-1.6168554730716345,884.4,7.9,11.1
0.297,0.302,U8,MAD_M6C12,4.1949960581235395,22.805056522251267,CPG,WPG,0.1,0.41737732452204057,0.20124609270014604,1.5171561933408393,2,-1.616825888204767,884.3,7.9,11.1
0.297,0.302,U8,MAD_M6C12,4.19481846876271,22.80467097294672,CPG,WPG,0.1,0.4173846836549181,0.20123356876194518,1.517399328926174,2,-1.6168148355900058,884.3,7.9,11.1
0.297,0.302,U8,MAD_M6C12,4.195011147493263,22.804932480048745,CPG,WPG,0.1,0.4173786152559507,0.20125742105724115,1.5173043915206734,4,-1.616818105482885,884.4,7.9,11.1
0.297,0.302,U8,MAD_M6C12,4.19511343707018,22.80516255219965,CPG,WPG,0.1,0.41737417376888303,0.2012679713233598,1.517090127528673,6,-1.6168271305615747,884.5,7.9,11.1
0.297,0.302,U8,MAD_M6C12,4.194980929415806,22.80489122181472,CPG,WPG,0.1,0.417379285953922,0.20126316604126782,1.5170993788454172,2,-1.6168288633198689,884.4,7.9,11.1
0.297,0.302,U8,MAD_M6C12,4.195114535560217,22.805230125392374,CPG,WPG,0.1,0.41737324388732955,0.20125559388341555,1.5168843330303408,2,-1.6168328983129552,884.4,7.9,11.1
0.297,0.302,U8,MAD_M6C12,4.195020289722067,22.805061741447016,CPG,WPG,0.1,0.41737700194318045,0.20125598488849059,1.5172307829354517,5,-1.6168181933108166,884.4,7.9,11.1
0.297,0.302,U8,MAD_M6C12,4.195290052256224,22.805612262105704,CPG,WPG,0.1,0.4173659510384898,0.20127223627350055,1.516888693512688,7,-1.6168410385082872,884.5,7.9,11.1
0.297,0.302,U8,MAD_M6C12,4.195426988112793,22.80599779554147,CPG,WPG,0.1,0.4173594179740693,0.20129315882830112,1.5164049172536895,5,-1.6168541173890176,884.6,7.9,11.1
0.297,0.302,U8,MAD_M6C12,4.19538700253225,22.805849733218416,CPG,WPG,0.1,0.41736185298857176,0.20130126393121942,1.5167190219730098,4,-1.6168363956133245,884.7,7.9,11.1
0.297,0.302,U8,MAD_M6C12,4.195563516949379,22.806230210337468,CPG,WPG,0.1,0.4173544311827435,0.20129253018293056,1.5164282547710246,7,-1.6168658838992318,884.6,7.9,11.1
0.297,0.302,U8,MAD_M6C12,4.195606175228155,22.806318518355127,CPG,WPG,0.1,0.417352823676335,0.20129468403071551,1.5161031895846895,6,-1.6168765641322462,884.6,7.9,11.1
0.297,0.302,U8,MAD_M6C12,4.195535640284136,22.806101629457153,CPG,WPG,0.1,0.4173561823537383,0.20129600630060707,1.5162407021624182,0,-1.6168555504666742,884.7,7.9,11.1
0.297,0.302,U8,MAD_M6C12,4.195956286402078,22.806965394008596,CPG,WPG,0.1,0.4173396909822531,0.2013109154808372,1.5159205730882865,5,-1.6169014690358452,884.7,7.9,11.1
0.297,0.302,U8,MAD_M6C12,4.195800526754714,22.806687530252518,CPG,WPG,0.1,0.4173456235869617,0.20131065281645666,1.5161055581548717,4,-1.616872939975897,884.7,7.9,11.1
0.297,0.302,U8,MAD_M6C12,4.195800904036518,22.80654553043678,CPG,WPG,0.1,0.4173465759800916,0.20132541347294314,1.5160159345973931,7,-1.616888243929191,884.8,7.9,11.1
0.297,0.302,U8,MAD_M6C12,4.195962428509073,22.806904890551145,CPG,WPG,0.1,0.41733980645852964,0.201325039267287,1.5159436519820484,2,-1.6169031940755687,884.8,7.9,11.1
0.297,0.302,U8,MAD_M6C12,4.196138135973919,22.807303150304175,CPG,WPG,0.1,0.41733244547368425,0.20133386812465193,1.5156844577796105,2,-1.6169035922357065,884.9,7.9,11.1
0.297,0.302,U8,MAD_M6C12,4.195959091306027,22.80691855576175,CPG,WPG,0.1,0.41733954089181424,0.20131931071896128,1.5164465894035066,3,-1.6168893594993428,884.8,7.9,11.1
0.297,0.302,U8,MAD_M6C12,4.195780711234649,22.806538047325137,CPG,WPG,0.1,0.41734677500227935,0.2013314533977363,1.516042116282322,1,-1.6168798931976909,884.9,7.9,11.1
0.297,0.302,U8,MAD_M6C12,4.195961477608332,22.80691319561754,CPG,WPG,0.1,0.4173395853918119,0.20135616912910298,1.5163691154122056,0,-1.616883775998474,885.0,7.9,11.1
0.297,0.302,U8,MAD_M6C12,4.196086481189736,22.807183928133927,CPG,WPG,0.1,0.4173343064190468,0.20136085362338507,1.5160997437890154,0,-1.6169053069393833,885.0,7.9,11.1
0.297,0.302,U8,MAD_M6C12,4.196231252605152,22.80730660814031,CPG,WPG,0.1,0.41733034736030994,0.2013944109085611,1.516376731219089,1,-1.616905398474863,885.2,7.9,11.1
0.297,0.302,U8,MAD_M6C12,4.1958664879517515,22.806758578934794,CPG,WPG,0.1,0.4173432275339316,0.20137412255570128,1.5157946674669294,6,-1.6168949165739726,885.0,7.9,11.1
0.297,0.302,U8,MAD_M6C12,4.195663666471249,22.806303836284616,CPG,WPG,0.1,0.4173514592585748,0.20135510641899954,1.5167880182193678,6,-1.6168722987903337,885.0,7.9,11.1
0.297,0.302,U8,MAD_M6C12,4.196394248498209,22.80778351970623,CPG,WPG,0.1,0.41732233246147704,0.2013939753962505,1.5163427105443423,0,-1.616934940654346,885.1,7.9,11.1
0.297,0.302,U8,MAD_M6C12,4.19635570172342,22.807797947724524,CPG,WPG,0.1,0.4173231417651392,0.20139639196543524,1.5161306567250263,7,-1.616930848931318,885.1,7.9,11.1
0.297,0.302,U8,MAD_M6C12,4.196163673501674,22.807240543870883,CPG,WPG,0.1,0.41733263350635097,0.2013781051573618,1.5166572988987852,4,-1.6169044661250407,885.0,7.9,11.1
0.297,0.302,U8,MAD_M6C12,4.196274940119689,22.807485208498605,CPG,WPG,0.1,0.4173277607935482,0.20138945868676983,1.5164257158338845,4,-1.6169147301970401,885.1,7.9,11.1
0.297,0.302,U8,MAD_M6C12,4.196457992853612,22.807831841558865,CPG,WPG,0.1,0.4173210030574789,0.20141354259842964,1.5166370753360794,4,-1.6169139780349262,885.2,7.9,11.1
0.297,0.302,U8,MAD_M6C12,4.1964784629847,22.80792138041425,CPG,WPG,0.1,0.4173196780718489,0.2013871361511037,1.5162437934691746,2,-1.6169232325647833,885.1,7.9,11.1
0.297,0.302,U8,MAD_M6C12,4.196459801821362,22.807915696208344,CPG,WPG,0.1,0.41731985627431223,0.20139241561393492,1.5161536772806938,1,-1.6169392131672975,885.1,7.9,11.1
0.297,0.302,U8,MAD_M6C12,4.196246506468471,22.807456121575747,CPG,WPG,0.1,0.41732863382090846,0.20137803444748928,1.5167384824006662,3,-1.6169164618052925,885.0,7.9,11.1
0.297,0.302,U8,MAD_M6C12,4.196457961641006,22.807902285123898,CPG,WPG,0.1,0.41732004893310554,0.20139354760860437,1.5164443258403177,3,-1.6169314927701208,885.1,7.9,11.1
0.297,0.302,U8,MAD_M6C12,4.196439319519375,22.80782099062307,CPG,WPG,0.1,0.41732123506898133,0.20139114652818904,1.5164205515611857,3,-1.6169290167464254,885.1,7.9,11.1
0.297,0.302,U8,MAD_M6C12,4.196352378243524,22.807697472627027,CPG,WPG,0.1,0.4173239312837431,0.20138626195423176,1.5166739663005613,6,-1.6169164398024822,885.1,7.9,11.1
0.297,0.302,U8,MAD_M6C12,4.1964487741461145,22.807941651900872,CPG,WPG,0.1,0.417319667639277,0.2013897533338624,1.51651290200219,5,-1.6169288849014283,885.1,7.9,11.1
0.297,0.302,U8,MAD_M6C12,4.196501526841807,22.808033362907192,CPG,WPG,0.1,0.41731759590093853,0.2013895753949751,1.5165114339303156,6,-1.6169387499134267,885.1,7.9,11.1
0.297,0.302,U8,MAD_M6C12,4.196698153357393,22.808441344904466,CPG,WPG,0.1,0.4173098716975818,0.2014032647511565,1.5165801518515996,0,-1.616933101482248,885.2,7.9,11.1
0.297,0.302,U8,MAD_M6C12,4.19655456123477,22.808123454929614,CPG,WPG,0.1,0.41731584674136935,0.2014093905877681,1.5166631654491787,2,-1.6169271693951632,885.2,7.9,11.1
0.297,0.302,U8,MAD_M6C12,4.19674145159681,22.808472990147955,CPG,WPG,0.1,0.41730833452271965,0.20141981527757485,1.516409591607506,0,-1.6169497348017376,885.3,7.9,11.1
0.297,0.302,U8,MAD_M6C12,4.196793528528203,22.80865829189564,CPG,WPG,0.1,0.4173055893904891,0.20142932826617252,1.5164146612881813,3,-1.616957171895372,885.3,7.9,11.1
0.297,0.302,U8,MAD_M6C12,4.196819452046727,22.808692721242867,CPG,WPG,0.1,0.4173050178638773,0.2014346714219527,1.5163454502270821,0,-1.6169597024624807,885.3,7.9,11.1
0.297,0.302,U8,MAD_M6C12,4.196823687651153,22.808747690898052,CPG,WPG,0.1,0.4173041046714933,0.2014282174397044,1.5163323471219128,3,-1.6169596927142642,885.3,7.9,11.1
0.297,0.302,U8,MAD_M6C12,4.196919277779315,22.80888692432768,CPG,WPG,0.1,0.41730086643116293,0.20144012499604536,1.5162120207954408,6,-1.616957994894097,885.4,7.9,11.1
0.297,0.302,U8,MAD_M6C12,4.197001965187461,22.80909638304068,CPG,WPG,0.1,0.4172971576706698,0.201462965460185,1.516120159077659,3,-1.6169644450390397,885.5,7.9,11.1
0.297,0.302,U8,MAD_M6C12,4.196897590753879,22.80885777964266,CPG,WPG,0.1,0.41730150154607715,0.2014437766436891,1.5160273902587789,5,-1.6169681690167383,885.4,7.9,11.1
0.297,0.302,U8,MAD_M6C12,4.196932668296065,22.80885163865593,CPG,WPG,0.1,0.4173009298115614,0.20143755133756294,1.5158570962853855,5,-1.6169693438030084,885.4,7.9,11.1
0.297,0.302,U8,MAD_M6C12,4.196932043709991,22.80881405519622,CPG,WPG,0.1,0.41730158410682083,0.20144084393228295,1.515770430332123,0,-1.6169669894150083,885.4,7.9,11.1
0.297,0.302,U8,MAD_M6C12,4.196824009979567,22.808638362212008,CPG,WPG,0.1,0.4173053544190787,0.2014542857560789,1.5160842089684023,7,-1.6169381750200582,885.5,7.9,11.1
0.297,0.302,U8,MAD_M6C12,4.197043971060194,22.80907649555552,CPG,WPG,0.1,0.4172964719625097,0.2014792635315528,1.5159217819461124,0,-1.61697083528931,885.6,7.9,11.1
0.297,0.302,U8,MAD_M6C12,4.1970771440359345,22.80914290009205,CPG,WPG,0.1,0.417295390912252,0.20146583234821058,1.5162392044186674,4,-1.616968213999213,885.5,7.9,11.1
0.297,0.302,U8,MAD_M6C12,4.197092889392231,22.809214317828292,CPG,WPG,0.1,0.41729413486434264,0.20146464824470253,1.51624724177683,0,-1.616975836573678,885.5,7.9,11.1
0.297,0.302,U8,MAD_M6C12,4.197287187619489,22.809527036543265,CPG,WPG,0.1,0.4172872297214321,0.2014985708015602,1.5159110218689946,4,-1.6169871738037376,885.7,7.9,11.1
0.297,0.302,U8,MAD_M6C12,4.197242924055999,22.809469766095244,CPG,WPG,0.1,0.41728869295090854,0.20148119751816018,1.5157685328821597,0,-1.6169972698697652,885.6,7.9,11.1
0.297,0.302,U8,MAD_M6C12,4.197248516684972,22.80952766103195,CPG,WPG,0.1,0.41728803219732236,0.2014812305925811,1.5160585668730695,5,-1.616982646352259,885.6,7.9,11.1
0.297,0.302,U8,MAD_M6C12,4.1973058880711065,22.809616305601658,CPG,WPG,0.1,0.41728593601259323,0.2015016414592168,1.5160347942631995,7,-1.6169884555552265,885.7,7.9,11.1
0.297,0.302,U8,MAD_M6C12,4.197281183572605,22.809581092533175,CPG,WPG,0.1,0.41728681118173505,0.2015027272624116,1.515777991731166,2,-1.616995679340592,885.7,7.9,11.1
0.297,0.302,U8,MAD_M6C12,4.197208733630113,22.809435803042952,CPG,WPG,0.1,0.41728979938756977,0.20149949298788505,1.5160772640272375,5,-1.6169694771334928,885.7,7.9,11.1
0.297,0.302,U8,MAD_M6C12,4.197469594133855,22.80997608722757,CPG,WPG,0.1,0.41727928683501403,0.20150413665392397,1.5159118236292537,3,-1.617010710525543,885.7,7.9,11.1
0.297,0.302,U8,MAD_M6C12,4.197634293968794,22.810323250493784,CPG,WPG,0.1,0.41727260671174166,0.20152404754299214,1.5157890722584324,0,-1.6170276929392546,885.8,7.9,11.1
0.297,0.302,U8,MAD_M6C12,4.197518312696697,22.8100968285988,CPG,WPG,0.1,0.4172771176636427,0.20152604614117406,1.5159451755543647,7,-1.6170098240862139,885.8,7.9,11.1
0.297,0.302,U8,MAD_M6C12,4.197632736024372,22.81034987123809,CPG,WPG,0.1,0.4172725186878008,0.20152956825566368,1.5159824049914592,3,-1.61702322301727,885.8,7.9,11.1
0.297,0.302,U8,MAD_M6C12,4.197766422548902,22.81058615145442,CPG,WPG,0.1,0.4172675681874163,0.20154915238605212,1.5161839263748846,6,-1.617018120698141,885.9,7.9,11.1
0.297,0.302,U8,MAD_M6C12,4.197765942254454,22.810577534439798,CPG,WPG,0.1,0.41726755747847416,0.20154855124519988,1.516248754357496,5,-1.6170175392773274,885.9,7.9,11.1
0.297,0.302,U8,MAD_M6C12,4.197983641632147,22.81099075822634,CPG,WPG,0.1,0.4172590385851557,0.20158944157692527,1.5160858923477134,7,-1.6170427913900554,886.1,7.9,11.1
0.297,0.302,U8,MAD_M6C12,4.197997319286397,22.811013805571694,CPG,WPG,0.1,0.4172585549647728,0.20158656842051317,1.5161851791679388,7,-1.6170318165544408,886.1,7.9,11.1
0.297,0.302,U8,MAD_M6C12,4.19805809450517,22.81109567120347,CPG,WPG,0.1,0.41725654989691785,0.20162170822318923,1.5160754222152328,0,-1.6170200523991554,886.3,7.9,11.1
0.297,0.302,U8,MAD_M6C12,4.198127892335452,22.811285499138023,CPG,WPG,0.1,0.41725319547676953,0.2016255816344501,1.5162571282469917,6,-1.6170275394315041,886.3,7.9,11.1
0.297,0.302,U8,MAD_M6C12,4.197872697625643,22.810777653612256,CPG,WPG,0.1,0.4172634379968825,0.20158171171321895,1.5155374660150134,2,-1.6170365497555554,886.1,7.9,11.1
0.297,0.302,U8,MAD_M6C12,4.197938238563746,22.810930724688145,CPG,WPG,0.1,0.4172607634656253,0.20158615744431957,1.5157744161476625,3,-1.6170362287909175,886.1,7.9,11.1
0.297,0.302,U8,MAD_M6C12,4.197880875466856,22.810873480923146,CPG,WPG,0.1,0.41726262019051746,0.20156623569764082,1.5156313687152232,1,-1.6170387703957072,886.0,7.9,11.1
0.297,0.302,U8,MAD_M6C12,4.198325289137045,22.811715157270555,CPG,WPG,0.1,0.41724539236066605,0.20165852036351256,1.5152295467115553,4,-1.6170572757660384,886.5,7.9,11.1
0.297,0.302,U8,MAD_M6C12,4.197938079453432,22.810942988055913,CPG,WPG,0.1,0.41726043304967164,0.2016215622135253,1.5156390792028769,1,-1.6170220300836728,886.3,7.9,11.1
0.297,0.302,U8,MAD_M6C12,4.198179098915461,22.811535540159614,CPG,WPG,0.1,0.41725004131223975,0.20166385353937485,1.5154840385154489,2,-1.6170351262896432,886.5,7.9,11.1
0.297,0.302,U8,MAD_M6C12,4.1982501705886515,22.811612548994123,CPG,WPG,0.1,0.4172478151264344,0.20167056712069018,1.5154382256376024,1,-1.6170665194341165,886.5,7.9,11.1
0.297,0.302,U8,MAD_M6C12,4.198279168503061,22.811577982771762,CPG,WPG,0.1,0.4172481970438608,0.20167376240816612,1.5158963502580005,7,-1.6170300736427752,886.5,7.9,11.1
0.297,0.302,U8,MAD_M6C12,4.198784991394393,22.81266061407711,CPG,WPG,0.1,0.41722731432647076,0.20172877332143568,1.5155512915034248,7,-1.6170780781130798,886.8,7.9,11.1
0.297,0.302,U8,MAD_M6C12,4.19853075466163,22.812145680546905,CPG,WPG,0.1,0.41723726932133376,0.20168873058142509,1.5158002859309248,5,-1.6170578980972223,886.6,7.9,11.1
0.297,0.302,U8,MAD_M6C12,4.198423191278475,22.811864761919995,CPG,WPG,0.1,0.41724209027444414,0.2016573461255232,1.5162602375742633,1,-1.6170155140162095,886.5,7.9,11.1
0.297,0.302,U8,MAD_M6C12,4.1989055244553075,22.812898055579986,CPG,WPG,0.1,0.4172222380798756,0.2017103711999154,1.5160755985377485,7,-1.6170917047992361,886.7,7.9,11.1
0.297,0.302,U8,MAD_M6C12,4.198474233477505,22.812102405641447,CPG,WPG,0.1,0.41723886056489984,0.2016305248518463,1.5158088241929035,3,-1.6170793701422959,886.3,7.9,11.1
0.297,0.302,U8,MAD_M6C12,4.1990784652449795,22.813337951131388,CPG,WPG,0.1,0.41721459969436103,0.20168355587053538,1.5156475635758566,3,-1.6171227727097115,886.6,7.9,11.1
0.297,0.302,U8,MAD_M6C12,4.199380777142705,22.813915758161464,CPG,WPG,0.1,0.41720315729148955,0.20172000116728442,1.5157607688859134,1,-1.6171179673172453,886.8,7.9,11.1
0.297,0.302,U8,MAD_M6C12,4.199245755127412,22.813587352460072,CPG,WPG,0.1,0.41720892747090466,0.2017260949250811,1.5161976982077947,4,-1.6170987115149433,886.8,7.9,11.1
0.297,0.302,U8,MAD_M6C12,4.199163363182034,22.813395637965513,CPG,WPG,0.1,0.4172125014031751,0.20173882024690368,1.5161902912575096,2,-1.617060877705299,886.9,7.9,11.1
0.297,0.302,U8,MAD_M6C12,4.199182288836521,22.813480822255503,CPG,WPG,0.1,0.41721083851148727,0.2017201897284579,1.5163769213711844,4,-1.6170824876325387,886.8,7.9,11.1
0.297,0.302,U8,MAD_M6C12,4.199432657402873,22.813975023751887,CPG,WPG,0.1,0.41720119741032025,0.20178662749560042,1.5162075792750995,1,-1.61710240282817,887.1,7.9,11.1
0.297,0.302,U8,MAD_M6C12,4.199338361008462,22.81385915708963,CPG,WPG,0.1,0.41720407203761367,0.20172257802284965,1.5164369030925968,7,-1.6171003005601357,886.8,7.9,11.1
0.297,0.302,U8,MAD_M6C12,4.200313790464223,22.815887161724795,CPG,WPG,0.1,0.41716451587941517,0.20184860263511056,1.5155589371600113,0,-1.617077559532305,887.3,7.9,11.2
0.297,0.302,U8,MAD_M6C12,4.199279673217414,22.813719547098767,CPG,WPG,0.1,0.4172061947551269,0.20180155534257152,1.5158209801174145,5,-1.6171041136632223,887.2,7.9,11.1
0.297,0.302,U8,MAD_M6C12,4.200392640523999,22.815895514147222,CPG,WPG,0.1,0.41716276626526727,0.20195464560346413,1.5152557912266698,3,-1.61709415598032,887.9,7.9,11.2
0.297,0.302,U8,MAD_M6C12,4.200157333567277,22.815319770377872,CPG,WPG,0.1,0.4171725831956417,0.2019815374941252,1.5156999589125113,5,-1.617110772430765,887.9,7.9,11.2
0.297,0.302,U8,MAD_M6C12,4.200753559287424,22.816406487264953,CPG,WPG,0.1,0.41714987054341834,0.20201131609205752,1.5150916653548365,5,-1.6171506869927725,887.9,7.9,11.2
0.297,0.302,U8,MAD_M6C12,4.201787789209131,22.818594566905087,CPG,WPG,0.1,0.4171080718285546,0.20213180065963,1.5149055912643634,7,-1.6171781452240168,888.3,7.9,11.2
0.297,0.302,U8,MAD_M6C12,4.201584070347783,22.81805835542022,CPG,WPG,0.1,0.41711643706203927,0.20217008427846622,1.5151581851605282,4,-1.617214959926283,888.5,7.9,11.2
0.297,0.302,U8,MAD_M6C12,4.201909581574471,22.818906888920562,CPG,WPG,0.1,0.41710165496620044,0.20214642048247322,1.51371207638481,2,-1.6172159090593219,888.4,7.9,11.2
0.297,0.302,U8,MAD_M6C12,4.202525897031557,22.820173229914968,CPG,WPG,0.1,0.41707644934235366,0.20226373550438062,1.5127934434417187,0,-1.6172962201462884,888.6,7.9,11.2
0.297,0.302,U8,MAD_M6C12,4.202392925938936,22.8198942373565,CPG,WPG,0.1,0.4170814163241984,0.20224350345438027,1.513680039192939,4,-1.6173122699352795,888.4,7.9,11.2
0.297,0.302,U8,MAD_M6C12,4.20336424950569,22.821586306607866,CPG,WPG,0.1,0.4170453533748205,0.20237996608741396,1.5121950309160814,1,-1.6173345900876974,889.0,7.9,11.3
0.297,0.302,U8,MAD_M6C12,4.203407017628414,22.8216452097642,CPG,WPG,0.1,0.4170437172780027,0.20235868511501223,1.5114806194657109,2,-1.6173989281440502,889.0,7.8,11.2
0.297,0.302,U8,MAD_M6C12,4.206232638401408,22.827378611746724,CPG,WPG,0.1,0.4169330273858069,0.20280985035975682,1.509389456584616,4,-1.6174277974323346,890.2,7.8,11.3
0.297,0.302,U8,MAD_M6C12,4.207190725831211,22.829084261878993,CPG,WPG,0.1,0.4168975103762457,0.2030052429784269,1.5104162940125763,5,-1.6175514388857462,890.9,7.8,11.3
0.297,0.302,U8,MAD_M6C12,4.208017447122759,22.83069505335464,CPG,WPG,0.1,0.4168656723581359,0.20313138532180378,1.509602905944508,6,-1.6176551221354547,891.5,7.8,11.3
0.297,0.302,U8,MAD_M6C12,4.2077489753943595,22.830039224994913,CPG,WPG,0.1,0.41687746030230416,0.2031578736193359,1.5106313416045003,7,-1.6176211238396991,891.5,7.8,11.3
0.297,0.302,U8,MAD_M6C12,4.20808956538574,22.83065706493706,CPG,WPG,0.1,0.4168662113493511,0.20310860638993727,1.5093331705380164,7,-1.6175553090329835,891.5,7.8,11.3
0.297,0.302,U8,MAD_M6C12,4.208549413225397,22.83146861613409,CPG,WPG,0.1,0.41684826839302175,0.20323863926963393,1.512010168957322,3,-1.6175258387796134,892.0,7.8,11.3
0.297,0.302,U8,MAD_M6C12,4.210287217674574,22.834640191068573,CPG,WPG,0.1,0.4167832156730975,0.20360307796921528,1.513219688284448,6,-1.6175233221460275,893.1,7.8,11.4
0.297,0.302,U8,MAD_M6C12,4.209645127393211,22.833848577669446,CPG,WPG,0.1,0.41680235437799557,0.20361771874784862,1.5114833634944755,1,-1.6175220796429493,893.1,7.8,11.4
0.297,0.302,U8,MAD_M6C12,4.209488132447768,22.833358161513598,CPG,WPG,0.1,0.4168086643150813,0.20375857601891917,1.510473611174723,1,-1.6175910658129098,893.6,7.8,11.4
0.297,0.302,U8,MAD_M6C12,4.209327582096982,22.83253800759453,CPG,WPG,0.1,0.41681926152046433,0.20385548473451634,1.5110402754452594,4,-1.6176414273333481,894.0,7.8,11.4
0.297,0.302,U8,MAD_M6C12,4.209240188943647,22.83297773715399,CPG,WPG,0.1,0.416816260707492,0.20372269694074388,1.5131622420229212,1,-1.6176160810425504,893.3,7.8,11.4
0.297,0.302,U8,MAD_M6C12,4.209399619035116,22.832968060214448,CPG,WPG,0.1,0.41681207068547355,0.2040815945961376,1.5109910090572325,5,-1.6176870840727346,895.0,7.7,11.4
0.297,0.302,U8,MAD_M6C12,4.208540088320766,22.831007162320578,CPG,WPG,0.1,0.41684665815016836,0.20402125922521955,1.5126064341505234,7,-1.6177368965695056,894.7,7.8,11.4
0.297,0.302,U8,MAD_M6C12,4.209450556452346,22.83348032998018,CPG,WPG,0.1,0.4168050572080527,0.2039185588552404,1.514008739333304,4,-1.6177017748071645,894.3,7.7,11.4
0.297,0.302,U8,MAD_M6C12,4.209566627174912,22.83415594042536,CPG,WPG,0.1,0.41679581167874424,0.2037887400525819,1.51619997144488,1,-1.6176906571559098,893.7,7.8,11.4
0.297,0.302,U8,MAD_M6C12,4.209259982988234,22.83349284227917,CPG,WPG,0.1,0.4168087128829174,0.20397202686830188,1.5181005625765782,3,-1.6176699059127522,894.5,7.8,11.4
0.297,0.302,U8,MAD_M6C12,4.208921385903833,22.83237899929781,CPG,WPG,0.1,0.4168266633182186,0.20390455733712867,1.5169715984330643,2,-1.6176724930834006,894.4,7.8,11.4
0.297,0.302,U8,MAD_M6C12,4.209387537264542,22.833413712539894,CPG,WPG,0.1,0.41680728801665234,0.20389589860625165,1.5163681771397255,2,-1.6176827455117824,894.2,7.8,11.4
0.297,0.302,U8,MAD_M6C12,4.210185876929884,22.835032352429575,CPG,WPG,0.1,0.41677711294755604,0.2042527337922372,1.5124554768142024,3,-1.6176504576516386,895.5,7.7,11.4
0.297,0.302,U8,MAD_M6C12,4.209557622173791,22.833948119231614,CPG,WPG,0.1,0.41679935511263877,0.2040630614047311,1.5151445643333243,7,-1.6176499150152974,894.9,7.8,11.4
0.297,0.302,U8,MAD_M6C12,4.2098950409627545,22.8337953112508,CPG,WPG,0.1,0.41679200322716325,0.2046235233552442,1.514199900903618,3,-1.6177998772356297,896.6,7.7,11.4
0.297,0.302,U8,MAD_M6C12,4.208997561236073,22.832553246075143,CPG,WPG,0.1,0.41682327463255453,0.20407681675497458,1.5134128420854123,6,-1.617680637995491,895.0,7.8,11.4
0.297,0.302,U8,MAD_M6C12,4.209224669652876,22.83287065785096,CPG,WPG,0.1,0.4168151768525382,0.20430232826740108,1.5128198343998278,5,-1.6177167220257758,895.7,7.8,11.4
0.297,0.302,U8,MAD_M6C12,4.209810945728281,22.83398099096718,CPG,WPG,0.1,0.4167935395635632,0.20435994203396585,1.5145483144704501,3,-1.6177077280637278,895.8,7.7,11.4
0.297,0.302,U8,MAD_M6C12,4.20955581940399,22.8330509761425,CPG,WPG,0.1,0.4168074822970492,0.20442672555837937,1.5145193139005895,7,-1.6177341181033569,896.0,7.7,11.4
0.297,0.302,U8,MAD_M6C12,4.209202149969943,22.83244272786134,CPG,WPG,0.1,0.4168194561723776,0.20445755353274161,1.5152350243107935,6,-1.6177543934220608,896.1,7.7,11.4
0.297,0.302,U8,MAD_M6C12,4.209476959675044,22.833110923459188,CPG,WPG,0.1,0.41680623841955655,0.20426489154035773,1.514656183179802,0,-1.617805115769693,895.5,7.7,11.4
0.297,0.302,U8,MAD_M6C12,4.210356526229341,22.834773969907605,CPG,WPG,0.1,0.41677243053493335,0.20458728277783314,1.5154779171963715,0,-1.6178457524702612,896.0,7.7,11.5
0.297,0.302,U8,MAD_M6C12,4.209810863543644,22.833771826622872,CPG,WPG,0.1,0.41679350742592414,0.20453100891521248,1.513698102681626,0,-1.6178396290921757,896.0,7.7,11.4
0.297,0.302,U8,MAD_M6C12,4.209496971424719,22.833080105539878,CPG,WPG,0.1,0.41680597891408216,0.20445547155944527,1.515617457347016,3,-1.617816836937708,895.5,7.8,11.5
0.297,0.302,U8,MAD_M6C12,4.210173499544845,22.834256765975223,CPG,WPG,0.1,0.41678109967616683,0.20465894603100926,1.5148409341294178,0,-1.6178499798091597,896.3,7.7,11.5
0.297,0.302,U8,MAD_M6C12,4.20944322036431,22.832903036346675,CPG,WPG,0.1,0.4168095316393094,0.2043409717654238,1.515107813364624,4,-1.6177896023882212,895.5,7.7,11.4
0.297,0.302,U8,MAD_M6C12,4.209370468069887,22.832772829679485,CPG,WPG,0.1,0.4168117334698783,0.20436970593406253,1.5157606008281759,7,-1.617806382624071,895.5,7.8,11.4
0.297,0.302,U8,MAD_M6C12,4.210282021607828,22.83460479688217,CPG,WPG,0.1,0.41677582548858205,0.2044513152600566,1.51538736358187,5,-1.6178342198220772,895.9,7.7,11.5
0.297,0.302,U8,MAD_M6C12,4.210298945974232,22.83453333764431,CPG,WPG,0.1,0.41677629477924455,0.20432544059749136,1.515020422035347,7,-1.6178373832150186,895.3,7.7,11.5
0.297,0.302,U8,MAD_M6C12,4.210421573023701,22.834692163720934,CPG,WPG,0.1,0.4167721545549972,0.2043172631448871,1.5163204819733633,5,-1.6178532876432499,895.2,7.7,11.5
0.297,0.302,U8,MAD_M6C12,4.209632541888975,22.833059884448232,CPG,WPG,0.1,0.41680380713344195,0.20421219392283965,1.5160237926458646,6,-1.6178276717712148,894.9,7.8,11.5
0.297,0.302,U8,MAD_M6C12,4.210459712139199,22.834440279033398,CPG,WPG,0.1,0.4167742201314022,0.20446037431975134,1.5157046943971983,6,-1.6178615555197844,895.7,7.7,11.5
0.297,0.302,U8,MAD_M6C12,4.2103470034485815,22.83458179191036,CPG,WPG,0.1,0.4167741716160318,0.20448209565514355,1.5150668190396734,0,-1.6178695949501858,895.7,7.7,11.5
0.297,0.302,U8,MAD_M6C12,4.209966582340345,22.833818748178263,CPG,WPG,0.1,0.4167896047080187,0.2042783206426555,1.5152701688415289,4,-1.6178396806418913,895.1,7.7,11.5
0.297,0.302,U8,MAD_M6C12,4.210123390470068,22.833893214349708,CPG,WPG,0.1,0.4167859271975477,0.20444552957010043,1.5147980188022863,5,-1.6178541555754897,895.8,7.7,11.5
0.297,0.302,U8,MAD_M6C12,4.210412806104107,22.834569102807663,CPG,WPG,0.1,0.4167728724070462,0.20452088670933982,1.5154642354842625,6,-1.6178858160392924,896.0,7.7,11.5
0.297,0.302,U8,MAD_M6C12,4.210341751485283,22.834383109254603,CPG,WPG,0.1,0.41677759692934063,0.20444046939614982,1.5142166531853891,1,-1.617827098835141,895.6,7.7,11.5
0.297,0.302,U8,MAD_M6C12,4.210311121631511,22.8342074531166,CPG,WPG,0.1,0.41677887460283025,0.20464267766982486,1.5144924216780615,2,-1.6178747364070496,896.2,7.7,11.5
0.297,0.302,U8,MAD_M6C12,4.210236582385211,22.83421237607958,CPG,WPG,0.1,0.4167800160979822,0.20461618202774942,1.5134801532444961,3,-1.6178736502636113,896.1,7.7,11.5
0.297,0.302,U8,MAD_M6C12,4.21011551952691,22.833905687793536,CPG,WPG,0.1,0.4167854935571871,0.2047495038761258,1.5144183983953403,3,-1.6178705359353902,896.6,7.7,11.5
0.297,0.302,U8,MAD_M6C12,4.210292290481571,22.834250270517146,CPG,WPG,0.1,0.4167784859636139,0.20477292782141066,1.5153586504549064,0,-1.617882468050082,896.5,7.7,11.5
0.297,0.302,U8,MAD_M6C12,4.209953231143437,22.83370667384353,CPG,WPG,0.1,0.4167911620790976,0.20464462845005502,1.5130644873621093,1,-1.617836935689878,896.2,7.7,11.5
0.297,0.302,U8,MAD_M6C12,4.21035272582572,22.834413245713957,CPG,WPG,0.1,0.4167762745710371,0.204595810063475,1.513446549900232,6,-1.6178589282286566,895.9,7.7,11.5
0.297,0.302,U8,MAD_M6C12,4.210245268760039,22.834155032998442,CPG,WPG,0.1,0.4167806410550666,0.20455025188186055,1.5133884325430618,1,-1.6178694167365677,895.7,7.7,11.5
0.297,0.302,U8,MAD_M6C12,4.209712894284116,22.833285777011348,CPG,WPG,0.1,0.4168004011715555,0.20433973591118246,1.5134065831754704,2,-1.617810634529837,895.3,7.7,11.5
0.297,0.302,U8,MAD_M6C12,4.2101979095252675,22.83415262835787,CPG,WPG,0.1,0.41678165092700037,0.20444813616487373,1.5144590049912336,3,-1.617859982212316,895.3,7.7,11.5
0.297,0.302,U8,MAD_M6C12,4.210184098777431,22.83420294515165,CPG,WPG,0.1,0.41678119466873786,0.20453644174233832,1.514675441912424,1,-1.6178638956903164,895.7,7.7,11.5
0.297,0.302,U8,MAD_M6C12,4.2103089789696275,22.83437889615501,CPG,WPG,0.1,0.4167771964158113,0.2045137060041721,1.5136543154038313,3,-1.617865114751634,895.6,7.7,11.5
0.297,0.302,U8,MAD_M6C12,4.210165438046188,22.833945408480957,CPG,WPG,0.1,0.41678435632225735,0.20454355080101624,1.514068980893557,2,-1.6178666107003394,895.7,7.7,11.5
0.297,0.302,U8,MAD_M6C12,4.210227952365421,22.834130979032043,CPG,WPG,0.1,0.4167813153379363,0.2046836770524008,1.5141385644559295,7,-1.617864360556851,896.3,7.7,11.5
0.297,0.302,U8,MAD_M6C12,4.210201151941166,22.834071845560334,CPG,WPG,0.1,0.4167820942422088,0.2046240981099167,1.5133636294802502,4,-1.617876846821547,896.1,7.7,11.5
0.297,0.302,U8,MAD_M6C12,4.210570260408551,22.83469377535676,CPG,WPG,0.1,0.4167687414267416,0.20467430751113536,1.5142617358574193,7,-1.6178947701012447,896.0,7.7,11.5
0.297,0.302,U8,MAD_M6C12,4.210464317795884,22.834599142703986,CPG,WPG,0.1,0.41677209059769005,0.20457141761388214,1.513276188240487,0,-1.6178712300506444,895.8,7.7,11.5
0.297,0.302,U8,MAD_M6C12,4.210492270342152,22.834586316713807,CPG,WPG,0.1,0.416771351550001,0.20471882086594367,1.5135562644796083,3,-1.6178888162448146,896.2,7.7,11.5
0.297,0.302,U8,MAD_M6C12,4.2103340897488,22.834384788311002,CPG,WPG,0.1,0.4167769553113056,0.20447708046507826,1.5139934427331063,1,-1.617856418394112,895.6,7.7,11.5
0.297,0.302,U8,MAD_M6C12,4.210499707948364,22.83459202309277,CPG,WPG,0.1,0.4167716483773596,0.20454085858193716,1.513964437560381,7,-1.6178699611759146,895.7,7.7,11.5
0.297,0.302,U8,MAD_M6C12,4.210455491018381,22.834574955034014,CPG,WPG,0.1,0.4167723305056168,0.2045975533700639,1.5135313011763505,2,-1.6178781207606772,895.9,7.7,11.5
0.297,0.302,U8,MAD_M6C12,4.210286422969682,22.834300562503277,CPG,WPG,0.1,0.41677829639328345,0.2044425423410926,1.5131759752696228,5,-1.6178709423964364,895.3,7.7,11.5
0.297,0.302,U8,MAD_M6C12,4.210103609270725,22.833862103904814,CPG,WPG,0.1,0.4167862209937213,0.2045184667897478,1.5138779612958024,3,-1.6178688241634518,895.6,7.7,11.5
0.297,0.302,U8,MAD_M6C12,4.2102016939522375,22.83404346571417,CPG,WPG,0.1,0.41678235879776876,0.20460014291297784,1.5136352160391495,4,-1.6178788459340758,895.9,7.7,11.5
0.297,0.302,U8,MAD_M6C12,4.210533185330634,22.834625403935274,CPG,WPG,0.1,0.41677024102176724,0.2045724749568411,1.514507665420616,1,-1.6178895686492787,895.7,7.7,11.5
0.297,0.302,U8,MAD_M6C12,4.210577631206641,22.834678124020098,CPG,WPG,0.1,0.416768979184452,0.20462213429752846,1.5149071760917,4,-1.6178879464078264,895.9,7.7,11.5
0.297,0.302,U8,MAD_M6C12,4.210516440162445,22.834568120612072,CPG,WPG,0.1,0.41677120165485687,0.20456518048765887,1.514344103900629,6,-1.6178879851107233,895.6,7.7,11.5
0.297,0.302,U8,MAD_M6C12,4.210528018698013,22.83463920482787,CPG,WPG,0.1,0.4167702361271912,0.20447380051742856,1.5144297314255297,4,-1.6178867370394183,895.5,7.7,11.5
0.297,0.302,U8,MAD_M6C12,4.210456151017924,22.834515577703204,CPG,WPG,0.1,0.41677254133220476,0.20460156113829236,1.5141747804996735,6,-1.6178961253139015,895.9,7.7,11.5
0.297,0.302,U8,MAD_M6C12,4.210568122945373,22.83470205572961,CPG,WPG,0.1,0.4167687050120217,0.20451191160334697,1.5140826177493096,6,-1.6178937907098856,895.5,7.7,11.5
0.297,0.302,U8,MAD_M6C12,4.210424476457229,22.834527106366433,CPG,WPG,0.1,0.4167732060475058,0.2044842076270659,1.5137180027698647,7,-1.6178843240078393,895.5,7.7,11.5
0.297,0.302,U8,MAD_M6C12,4.210485519298896,22.834706595966537,CPG,WPG,0.1,0.416770001457426,0.20451398694365414,1.5135934059615797,1,-1.617891813761359,895.6,7.7,11.5
0.297,0.302,U8,MAD_M6C12,4.210516511692263,22.83477356972683,CPG,WPG,0.1,0.41676901237837416,0.2044670753001154,1.5139861051942964,6,-1.6178813761465651,895.4,7.7,11.5
0.297,0.302,U8,MAD_M6C12,4.210443596060992,22.83468416709639,CPG,WPG,0.1,0.41677130025809994,0.20443518911636036,1.5142798707300398,5,-1.6178768093723512,895.2,7.7,11.5
0.297,0.302,U8,MAD_M6C12,4.210479123814942,22.83469256546428,CPG,WPG,0.1,0.4167704718532971,0.20457057015041152,1.5134784999387918,7,-1.6178836217838093,895.8,7.7,11.5
0.297,0.302,U8,MAD_M6C12,4.210542915472815,22.834678453769385,CPG,WPG,0.1,0.4167698890716276,0.20448686216580717,1.5135635598553874,7,-1.61787351400592,895.5,7.7,11.5
0.297,0.302,U8,MAD_M6C12,4.210538969176534,22.8347464287682,CPG,WPG,0.1,0.4167691712347394,0.20445546101577017,1.5136534870049876,4,-1.6178735180397368,895.3,7.7,11.5
0.297,0.302,U8,MAD_M6C12,4.21035014470067,22.83438126109734,CPG,WPG,0.1,0.41677649012909557,0.20452857636838587,1.5137958177840423,2,-1.6178664203781974,895.6,7.7,11.5
0.297,0.302,U8,MAD_M6C12,4.210504851874342,22.834662494901647,CPG,WPG,0.1,0.4167704533148133,0.20453174933420362,1.514004653819816,3,-1.6178820209941254,895.7,7.7,11.5
0.297,0.302,U8,MAD_M6C12,4.210386899805588,22.834417167685736,CPG,WPG,0.1,0.4167749300697129,0.2045332458583148,1.5141774168864046,6,-1.617889058071544,895.6,7.7,11.5
0.297,0.302,U8,MAD_M6C12,4.210438565079055,22.834565496304116,CPG,WPG,0.1,0.41677244791983253,0.2044883817319275,1.5147140927243208,4,-1.617888233513657,895.5,7.7,11.5
0.297,0.302,U8,MAD_M6C12,4.2105290448902615,22.834678455895855,CPG,WPG,0.1,0.41676956814877586,0.20443764796383485,1.5140488091419813,6,-1.6178946409165835,895.4,7.7,11.5
0.297,0.302,U8,MAD_M6C12,4.210405261421435,22.834456585209132,CPG,WPG,0.1,0.4167743751003032,0.20443000043950116,1.5138182561759446,2,-1.6178818380369098,895.3,7.7,11.5
0.297,0.302,U8,MAD_M6C12,4.210408694077456,22.83438113783725,CPG,WPG,0.1,0.416775005604348,0.20443714859986087,1.5143149836670826,2,-1.6178887940234539,895.4,7.7,11.5
0.297,0.302,U8,MAD_M6C12,4.210561926141722,22.83473200308775,CPG,WPG,0.1,0.4167687066027183,0.20443437218369323,1.5137874147523664,7,-1.6178840779343897,895.3,7.7,11.5
0.297,0.302,U8,MAD_M6C12,4.210506730632393,22.834689094941485,CPG,WPG,0.1,0.41677021878573683,0.2044533699304184,1.513810454030522,0,-1.6178780954544383,895.5,7.7,11.5
0.297,0.302,U8,MAD_M6C12,4.210516947175806,22.834651070341344,CPG,WPG,0.1,0.41677046830789777,0.2044733743707718,1.5138537190410846,6,-1.6178791191204915,895.5,7.7,11.5
0.297,0.302,U8,MAD_M6C12,4.2104029794486975,22.83440777531144,CPG,WPG,0.1,0.4167747538904921,0.2043751426379545,1.513666806716369,5,-1.6178902773617931,895.3,7.7,11.5
0.297,0.302,U8,MAD_M6C12,4.210449810295864,22.834480491469435,CPG,WPG,0.1,0.41677317176478834,0.20447908594861688,1.5136964512157038,3,-1.617890967585673,895.6,7.7,11.5
0.297,0.302,U8,MAD_M6C12,4.210421406019037,22.83445134146001,CPG,WPG,0.1,0.4167738595616665,0.2044747778751058,1.513745358158498,0,-1.617894544703475,895.6,7.7,11.5
0.297,0.302,U8,MAD_M6C12,4.2104830126977,22.834546883857957,CPG,WPG,0.1,0.4167718801097581,0.20447478082017986,1.5136924365829425,3,-1.6178914841273624,895.6,7.7,11.5
0.297,0.302,U8,MAD_M6C12,4.210507859828541,22.83459354427648,CPG,WPG,0.1,0.4167709310452722,0.20445745655512412,1.5134562824125672,0,-1.6178924472768017,895.6,7.7,11.5
0.297,0.302,U8,MAD_M6C12,4.210544158661015,22.834673136004437,CPG,WPG,0.1,0.4167693509252568,0.2044671795563967,1.5135073010058369,5,-1.6178962380975843,895.6,7.7,11.5
0.297,0.302,U8,MAD_M6C12,4.210487698061014,22.83459126758179,CPG,WPG,0.1,0.41677115712098645,0.2044818835947686,1.513176923609532,0,-1.617897029569333,895.6,7.7,11.5
0.297,0.302,U8,MAD_M6C12,4.2105154262316,22.834627006832434,CPG,WPG,0.1,0.4167703045290779,0.20448661687492642,1.51356957736746,6,-1.6178972995061383,895.6,7.7,11.5
0.297,0.302,U8,MAD_M6C12,4.2105465920416085,22.83468546519899,CPG,WPG,0.1,0.4167691114704945,0.20444865833520753,1.513029065458757,0,-1.6178985819835212,895.5,7.7,11.5
0.297,0.302,U8,MAD_M6C12,4.210525843607682,22.83464718249269,CPG,WPG,0.1,0.4167698880999986,0.20443146502014933,1.513170617483682,5,-1.6178981340313499,895.4,7.7,11.5
0.297,0.302,U8,MAD_M6C12,4.210527181148851,22.834675031012615,CPG,WPG,0.1,0.41676955600975235,0.2044869778748875,1.5131987761856913,2,-1.6178978053894948,895.6,7.7,11.5
0.297,0.302,U8,MAD_M6C12,4.210500648201208,22.834598716781638,CPG,WPG,0.1,0.4167708745706308,0.204484137838603,1.5131919674804744,3,-1.6178967783656475,895.6,7.7,11.5
0.297,0.302,U8,MAD_M6C12,4.210531654749971,22.83464455195559,CPG,WPG,0.1,0.41676978063009734,0.20448078931953442,1.5130484261420487,2,-1.6178999502042988,895.5,7.7,11.5
0.297,0.302,U8,MAD_M6C12,4.210553847736698,22.834687558376427,CPG,WPG,0.1,0.41676887332262474,0.20449592521798401,1.5130946949323931,5,-1.6179025070152786,895.6,7.7,11.5
0.297,0.302,U8,MAD_M6C12,4.210551822704856,22.83470070274422,CPG,WPG,0.1,0.4167687769947723,0.2044926730535571,1.5131165758740672,7,-1.6179016197760703,895.6,7.7,11.5
0.297,0.302,U8,MAD_M6C12,4.210556838764187,22.834699275021855,CPG,WPG,0.1,0.41676867545634383,0.20452555453193028,1.5129228563818393,6,-1.6179031522869405,895.7,7.7,11.5
0.297,0.302,U8,MAD_M6C12,4.210548136908305,22.83467739941198,CPG,WPG,0.1,0.41676912711884545,0.20451090281398088,1.513317206355142,4,-1.6179006441240542,895.6,7.7,11.5
0.297,0.302,U8,MAD_M6C12,4.210498911481035,22.834604402397204,CPG,WPG,0.1,0.41677077654722994,0.20446799448698108,1.5131568552128534,1,-1.6178991344858815,895.5,7.7,11.5
0.297,0.302,U8,MAD_M6C12,4.210564251482087,22.834689255006275,CPG,WPG,0.1,0.41676876816535885,0.20448171356134406,1.5130391767843316,3,-1.6178994568933405,895.6,7.7,11.5
0.297,0.302,U8,MAD_M6C12,4.2105519691837205,22.834668563911528,CPG,WPG,0.1,0.4167691699542387,0.20452741363204724,1.512933678053967,7,-1.6179005772554156,895.7,7.7,11.5
0.297,0.302,U8,MAD_M6C12,4.210517242680584,22.834603499146116,CPG,WPG,0.1,0.4167704505357182,0.20448046468875775,1.5129533412711358,2,-1.6179010282381316,895.5,7.7,11.5
0.297,0.302,U8,MAD_M6C12,4.210518070263497,22.83460666946811,CPG,WPG,0.1,0.4167704628246664,0.20448917547631934,1.5130536125871297,0,-1.6178986107526345,895.6,7.7,11.5
0.297,0.302,U8,MAD_M6C12,4.210523253606782,22.834623066209033,CPG,WPG,0.1,0.416770175900901,0.20449460106089534,1.5129803490010336,3,-1.6178992921836635,895.6,7.7,11.5
0.297,0.302,U8,MAD_M6C12,4.210572278874065,22.834693229179177,CPG,WPG,0.1,0.4167685826416325,0.20450435393109703,1.513039713217366,4,-1.6178999973698573,895.6,7.7,11.5
0.297,0.302,U8,MAD_M6C12,4.210566281046336,22.83469449032398,CPG,WPG,0.1,0.41676865463181656,0.20450126773502536,1.5131263648120616,1,-1.6179003030966204,895.6,7.7,11.5
0.297,0.302,U8,MAD_M6C12,4.210549703079009,22.8346553559649,CPG,WPG,0.1,0.41676934154223394,0.20450526607680722,1.5129413758023111,0,-1.6179011862641737,895.6,7.7,11.5
0.297,0.302,U8,MAD_M6C12,4.2105631320388,22.834685440398086,CPG,WPG,0.1,0.41676877144737834,0.2045042486116434,1.512932455934648,5,-1.6179017334689583,895.6,7.7,11.5
0.297,0.302,U8,MAD_M6C12,4.210532804378618,22.834638532814655,CPG,WPG,0.1,0.41676979591223995,0.2045127783954523,1.5129841093062404,3,-1.6179013497652708,895.6,7.7,11.5
0.297,0.302,U8,MAD_M6C12,4.210542360525477,22.834651118982904,CPG,WPG,0.1,0.41676947908782797,0.2045149356976358,1.512965229667146,1,-1.6179022230307112,895.6,7.7,11.5
0.297,0.302,U8,MAD_M6C12,4.210536868120308,22.83464144879427,CPG,WPG,0.1,0.41676967861498443,0.20450953497796612,1.513086658850043,1,-1.617902133362973,895.6,7.7,11.5
0.297,0.302,U8,MAD_M6C12,4.210549144198504,22.83466879236869,CPG,WPG,0.1,0.41676916654837726,0.20452361238866845,1.5130629454812574,7,-1.6179023485363384,895.7,7.7,11.5
0.297,0.302,U8,MAD_M6C12,4.210535512060175,22.834642527454612,CPG,WPG,0.1,0.41676967588921543,0.2045326334616402,1.5129500912675948,6,-1.6179025906018385,895.7,7.7,11.5
0.297,0.302,U8,MAD_M6C12,4.2105418071077105,22.834653576842577,CPG,WPG,0.1,0.4167694527489283,0.2045455090275524,1.5128625071920068,3,-1.6179024912493638,895.7,7.7,11.5
0.297,0.302,U8,MAD_M6C12,4.210538940888339,22.834632245647946,CPG,WPG,0.1,0.4167697297930855,0.20455520144240058,1.512831465480267,0,-1.6179029887933911,895.8,7.7,11.5
0.297,0.302,U8,MAD_M6C12,4.210559407416476,22.834676652008618,CPG,WPG,0.1,0.41676887577476435,0.20454810570679366,1.5129322988325637,0,-1.6179038904614806,895.7,7.7,11.5
0.297,0.302,U8,MAD_M6C12,4.210561788868888,22.834672592340354,CPG,WPG,0.1,0.4167689099476609,0.20453189754624584,1.5128237615073274,7,-1.617902909231784,895.7,7.7,11.5
0.297,0.302,U8,MAD_M6C12,4.210559805687119,22.83467463868138,CPG,WPG,0.1,0.41676890433806923,0.20454409587100422,1.5129387031837083,0,-1.6179034307061286,895.7,7.7,11.5
0.297,0.302,U8,MAD_M6C12,4.2105547234471965,22.83466352774274,CPG,WPG,0.1,0.4167691133817285,0.2045448525432222,1.5129483526589058,7,-1.617903363211692,895.7,7.7,11.5
0.297,0.302,U8,MAD_M6C12,4.210550072404009,22.83465663649399,CPG,WPG,0.1,0.4167692585177989,0.20454340621899217,1.5129247384541684,3,-1.6179036378428435,895.7,7.7,11.5
0.297,0.302,U8,MAD_M6C12,4.21055414536378,22.834663438398096,CPG,WPG,0.1,0.41676910030407815,0.20455128547118734,1.5129592555481084,6,-1.6179042722701578,895.7,7.7,11.5
0.297,0.302,U8,MAD_M6C12,4.21055682813018,22.834671364957444,CPG,WPG,0.1,0.4167689714155185,0.2045376505307081,1.5130086454609444,3,-1.6179041077012233,895.7,7.7,11.5
0.297,0.302,U8,MAD_M6C12,4.210559280817507,22.834677379810866,CPG,WPG,0.1,0.4167688550870744,0.20455630004274752,1.5129541580926205,1,-1.6179044522127484,895.8,7.7,11.5
0.297,0.302,U8,MAD_M6C12,4.210547547356182,22.834662966177497,CPG,WPG,0.1,0.4167692321267793,0.20453996357100362,1.5130217558985208,2,-1.61790338155682,895.7,7.7,11.5
0.297,0.302,U8,MAD_M6C12,4.210565138154154,22.834689535851886,CPG,WPG,0.1,0.4167686275135222,0.20454813442032296,1.5130262947773394,0,-1.6179042986046728,895.7,7.7,11.5
0.297,0.302,U8,MAD_M6C12,4.21055909090532,22.83467716176247,CPG,WPG,0.1,0.41676886480057374,0.2045586028049515,1.5130256828140265,7,-1.6179042864610373,895.8,7.7,11.5
0.297,0.302,U8,MAD_M6C12,4.210556286855553,22.834674623536372,CPG,WPG,0.1,0.4167689398640511,0.20455665595884173,1.512984162382673,7,-1.6179042126855734,895.8,7.7,11.5
0.297,0.302,U8,MAD_M6C12,4.21055780122021,22.834672978530268,CPG,WPG,0.1,0.41676893917629765,0.20456185019716655,1.5130015189777968,0,-1.6179040464496204,895.8,7.7,11.5
0.297,0.302,U8,MAD_M6C12,4.210565432423,22.834688455643153,CPG,WPG,0.1,0.41676862909683676,0.2045610743485384,1.5130125258711247,1,-1.6179045410334663,895.8,7.7,11.5
0.297,0.302,U8,MAD_M6C12,4.210564253661409,22.834687817418583,CPG,WPG,0.1,0.416768656149916,0.20455902435012033,1.5129932551962275,0,-1.6179044936822802,895.8,7.7,11.5
0.297,0.302,U8,MAD_M6C12,4.210562748165729,22.83468419662621,CPG,WPG,0.1,0.4167687173995275,0.20455152914781255,1.5130231621048926,6,-1.6179046483037993,895.7,7.7,11.5
0.297,0.302,U8,MAD_M6C12,4.210564687648517,22.834688606832763,CPG,WPG,0.1,0.41676864110911965,0.2045500073922571,1.5130082619553553,1,-1.6179044609541755,895.7,7.7,11.5
0.297,0.302,U8,MAD_M6C12,4.210566594633441,22.83469025360939,CPG,WPG,0.1,0.41676858781464116,0.20455145605378672,1.512998964730016,3,-1.6179046348657735,895.7,7.7,11.5
0.297,0.302,U8,MAD_M6C12,4.210562890423982,22.834684899273814,CPG,WPG,0.1,0.4167687090610101,0.20455531256792517,1.5129875389313554,2,-1.617904571568813,895.7,7.7,11.5
0.297,0.302,U8,MAD_M6C12,4.2105675370407125,22.834692469816122,CPG,WPG,0.1,0.416768543963048,0.20456001578268085,1.5129673501056677,2,-1.617904776757582,895.8,7.7,11.5
0.297,0.302,U8,MAD_M6C12,4.210564731793971,22.834687903686774,CPG,WPG,0.1,0.41676864396348,0.2045558798775477,1.5130003908111824,2,-1.6179046380768582,895.8,7.7,11.5
0.297,0.302,U8,MAD_M6C12,4.210567338217253,22.83468997475345,CPG,WPG,0.1,0.4167685718039294,0.204561824375532,1.5130081596872809,1,-1.6179049298535055,895.8,7.7,11.5
0.297,0.302,U8,MAD_M6C12,4.210567574480964,22.834690499305047,CPG,WPG,0.1,0.41676856509417076,0.20455949738527157,1.512984446256147,4,-1.617904811440404,895.8,7.7,11.5
0.297,0.302,U8,MAD_M6C12,4.210566597868275,22.83468805092907,CPG,WPG,0.1,0.41676860679557326,0.20456113053300387,1.5130108763398464,4,-1.6179048793351178,895.8,7.7,11.5
0.297,0.302,U8,MAD_M6C12,4.210568016371826,22.834692280748147,CPG,WPG,0.1,0.4167685312874642,0.20455739884717544,1.5129909497784912,7,-1.617905063417881,895.8,7.7,11.5
0.297,0.302,U8,MAD_M6C12,4.210565911309587,22.834684842967352,CPG,WPG,0.1,0.4167686559308686,0.20455622961787848,1.5130067407654675,6,-1.6179048186870713,895.8,7.7,11.5
0.297,0.302,U8,MAD_M6C12,4.210569068799977,22.834689883508954,CPG,WPG,0.1,0.41676854016786663,0.20455365507656556,1.5130056715849012,5,-1.617905144966068,895.8,7.7,11.5
0.297,0.302,U8,MAD_M6C12,4.210565953984731,22.834685188226672,CPG,WPG,0.1,0.4167686472729317,0.20455137263676318,1.513000218593692,7,-1.6179049765575488,895.7,7.7,11.5
0.297,0.302,U8,MAD_M6C12,4.210567073285942,22.834685817771422,CPG,WPG,0.1,0.4167686187420308,0.20455158641244264,1.513001648946359,3,-1.6179051223845953,895.7,7.7,11.5
0.297,0.302,U8,MAD_M6C12,4.2105678548597965,22.834686888254335,CPG,WPG,0.1,0.41676859285478246,0.20455234252361085,1.5130070321728262,4,-1.6179051743386417,895.8,7.7,11.5
0.297,0.302,U8,MAD_M6C12,4.210567819002224,22.834686419681777,CPG,WPG,0.1,0.41676859770450886,0.20455174985409658,1.5130198032929925,0,-1.6179052170277348,895.7,7.7,11.5
0.297,0.302,U8,MAD_M6C12,4.210567340083281,22.834685946801955,CPG,WPG,0.1,0.41676861097044227,0.2045493571392894,1.513024650637532,0,-1.6179052046672044,895.7,7.7,11.5
0.297,0.302,U8,MAD_M6C12,4.210568087624889,22.834689742740036,CPG,WPG,0.1,0.4167685606830328,0.20454470137629135,1.5130201012773314,5,-1.6179050084801183,895.7,7.7,11.5
0.297,0.302,U8,MAD_M6C12,4.210568568557016,22.83469180336031,CPG,WPG,0.1,0.41676852955440646,0.20454703013821143,1.51303080449713,1,-1.6179050058545563,895.7,7.7,11.5
0.297,0.302,U8,MAD_M6C12,4.210569687324283,22.834689749120404,CPG,WPG,0.1,0.41676853519519375,0.20454461565579973,1.513002363557161,1,-1.6179050192830964,895.7,7.7,11.5
0.297,0.302,U8,MAD_M6C12,4.210568463397003,22.834687090806703,CPG,WPG,0.1,0.4167685877799883,0.20454305095039763,1.5130065757712106,5,-1.617904907279497,895.7,7.7,11.5
0.297,0.302,U8,MAD_M6C12,4.21056925187777,22.834689209046726,CPG,WPG,0.1,0.41676853895291954,0.2045471604153349,1.5130320383403868,3,-1.6179053831299512,895.7,7.7,11.5
0.297,0.302,U8,MAD_M6C12,4.210569381632939,22.83468990380322,CPG,WPG,0.1,0.4167685311654594,0.2045493743286775,1.5130210097400716,4,-1.6179052960424158,895.7,7.7,11.5
0.297,0.302,U8,MAD_M6C12,4.21056775435706,22.834688117319395,CPG,WPG,0.1,0.41676858228532454,0.2045442046465283,1.5130020173567105,4,-1.6179050978880145,895.7,7.7,11.5
0.297,0.302,U8,MAD_M6C12,4.210565836829717,22.83468419659755,CPG,WPG,0.1,0.4167686591130948,0.20454317517219314,1.5130120387980837,0,-1.6179050305074707,895.7,7.7,11.5
0.297,0.302,U8,MAD_M6C12,4.210568661504666,22.834689069752727,CPG,WPG,0.1,0.4167685516184671,0.20454970144872225,1.5130171264856922,1,-1.6179053129513985,895.7,7.7,11.5
0.297,0.302,U8,MAD_M6C12,4.2105673113967805,22.834686442430783,CPG,WPG,0.1,0.4167686070075183,0.20454629664371377,1.513020887708795,1,-1.617905154808705,895.7,7.7,11.5
0.297,0.302,U8,MAD_M6C12,4.21057028862879,22.83469086189,CPG,WPG,0.1,0.41676850914543634,0.20454835642678507,1.5129964580180482,2,-1.6179051696552076,895.7,7.7,11.5
0.297,0.302,U8,MAD_M6C12,4.210568346433564,22.834689188530618,CPG,WPG,0.1,0.41676855871089646,0.20455180962204395,1.513002409099074,1,-1.6179051755900922,895.7,7.7,11.5
0.297,0.302,U8,MAD_M6C12,4.210569949874863,22.834690537955595,CPG,WPG,0.1,0.41676851340046317,0.20455143390747405,1.5130003868586832,2,-1.6179053572276896,895.8,7.7,11.5
0.297,0.302,U8,MAD_M6C12,4.210569243434131,22.834690950503045,CPG,WPG,0.1,0.41676852172588347,0.20454946338046723,1.5129890625995492,3,-1.617905280534469,895.7,7.7,11.5
0.297,0.302,U8,MAD_M6C12,4.210568842927752,22.834688944487876,CPG,WPG,0.1,0.4167685519187978,0.20455415537875593,1.5129752122258338,5,-1.6179052457366083,895.8,7.7,11.5
0.297,0.302,U8,MAD_M6C12,4.210568432326884,22.834687924295842,CPG,WPG,0.1,0.4167685677438804,0.20455542170159582,1.5129887478799398,0,-1.6179053370964045,895.8,7.7,11.5
0.297,0.302,U8,MAD_M6C12,4.210568602077336,22.83468778803351,CPG,WPG,0.1,0.4167685655922795,0.20455928489525066,1.5129729056589798,0,-1.6179053781476718,895.8,7.7,11.5
0.297,0.302,U8,MAD_M6C12,4.210566570293225,22.83468503237268,CPG,WPG,0.1,0.4167686335500692,0.20455367339169314,1.5129835401996146,1,-1.617905204947025,895.8,7.7,11.5
0.297,0.302,U8,MAD_M6C12,4.210567348071611,22.834686386042872,CPG,WPG,0.1,0.416768606284627,0.2045570125435434,1.5129913590965458,2,-1.617905185913715,895.8,7.7,11.5
0.297,0.302,U8,MAD_M6C12,4.210568822316533,22.83468865819367,CPG,WPG,0.1,0.4167685522868395,0.20455803660787375,1.5129700122805323,2,-1.617905372761589,895.8,7.7,11.5
0.297,0.302,U8,MAD_M6C12,4.2105698993604275,22.834691021358477,CPG,WPG,0.1,0.4167685110845576,0.20455584290845188,1.512967638747119,1,-1.617905261744104,895.8,7.7,11.5
0.297,0.302,U8,MAD_M6C12,4.210570006564722,22.8346907109574,CPG,WPG,0.1,0.4167685106158042,0.204552272797255,1.512960937522179,2,-1.617905353669558,895.8,7.7,11.5
0.297,0.302,U8,MAD_M6C12,4.210569413614509,22.834689997775307,CPG,WPG,0.1,0.4167685277824404,0.2045565951255857,1.5129707843934548,2,-1.6179053667081469,895.8,7.7,11.5
0.297,0.302,U8,MAD_M6C12,4.210569458025467,22.83468987836415,CPG,WPG,0.1,0.4167685300306239,0.20455374756863576,1.5129694699776635,5,-1.6179053049087315,895.8,7.7,11.5
0.297,0.302,U8,MAD_M6C12,4.210569578402682,22.8346895389274,CPG,WPG,0.1,0.41676853175256795,0.20455328063695435,1.512975836414498,4,-1.6179053158897077,895.8,7.7,11.5
0.297,0.302,U8,MAD_M6C12,4.210569188234957,22.83468948153486,CPG,WPG,0.1,0.41676853825858573,0.20455343439848084,1.5129719136171116,3,-1.6179053270157038,895.8,7.7,11.5
0.297,0.302,U8,MAD_M6C12,4.210568650015853,22.83468796228632,CPG,WPG,0.1,0.41676856307727467,0.2045557021236399,1.5129617928464767,6,-1.6179053688468983,895.8,7.7,11.5
0.297,0.302,U8,MAD_M6C12,4.21056900208314,22.834688776858986,CPG,WPG,0.1,0.4167685483607773,0.20455278196891094,1.5129672518856538,7,-1.6179053625610589,895.7,7.7,11.5
0.297,0.302,U8,MAD_M6C12,4.210568538877564,22.834687754018592,CPG,WPG,0.1,0.416768568722312,0.20455120840443375,1.5129796259939434,2,-1.6179053096692808,895.7,7.7,11.5
0.297,0.302,U8,MAD_M6C12,4.210568121103914,22.83468829004593,CPG,WPG,0.1,0.41676857015345287,0.20455126823349595,1.512973875463242,5,-1.6179052698856005,895.7,7.7,11.5
0.297,0.302,U8,MAD_M6C12,4.210568684209822,22.83468889071979,CPG,WPG,0.1,0.4167685525169318,0.20455399125518556,1.5129873904159474,4,-1.6179053442548206,895.7,7.7,11.5
0.297,0.302,U8,MAD_M6C12,4.210567886316054,22.834687075671997,CPG,WPG,0.1,0.41676858677746303,0.2045536644484065,1.512966335349995,6,-1.6179053089334747,895.7,7.7,11.5
0.297,0.302,U8,MAD_M6C12,4.210567015888025,22.83468512219865,CPG,WPG,0.1,0.41676862537974624,0.20455575691419808,1.5129605355695093,1,-1.6179052103353335,895.8,7.7,11.5
0.297,0.302,U8,MAD_M6C12,4.210568630434022,22.83468799844453,CPG,WPG,0.1,0.41676856610947616,0.20455651672947703,1.512956179083094,1,-1.6179052457716399,895.8,7.7,11.5
0.297,0.302,U8,MAD_M6C12,4.210570132512198,22.834690678665,CPG,WPG,0.1,0.4167685106696616,0.20455643100697496,1.5129610235243884,4,-1.6179052884839997,895.8,7.7,11.5
0.297,0.302,U8,MAD_M6C12,4.210569318026981,22.834690201256137,CPG,WPG,0.1,0.4167685296490026,0.2045561229596112,1.5129502967796022,5,-1.617905260909513,895.8,7.7,11.5
0.297,0.302,U8,MAD_M6C12,4.210569963340208,22.834690679356484,CPG,WPG,0.1,0.4167685112028373,0.20455386812586193,1.5129546476069407,0,-1.617905371497626,895.8,7.7,11.5
0.297,0.302,U8,MAD_M6C12,4.210568308345876,22.83468768510597,CPG,WPG,0.1,0.4167685753689334,0.20455698682440868,1.5129678676350498,0,-1.6179052221109842,895.8,7.7,11.5
0.297,0.302,U8,MAD_M6C12,4.21056977306336,22.834690357440298,CPG,WPG,0.1,0.4167685191993501,0.2045556636704994,1.5129671530776152,3,-1.6179053199990285,895.8,7.7,11.5
0.297,0.302,U8,MAD_M6C12,4.210569571627899,22.83469057894269,CPG,WPG,0.1,0.41676851930714354,0.20455614249789822,1.5129826590768656,6,-1.6179053402618955,895.8,7.7,11.5
0.297,0.302,U8,MAD_M6C12,4.210569515998093,22.834690233301615,CPG,WPG,0.1,0.41676852278790233,0.20455764844279248,1.5129660774029223,2,-1.6179053935175567,895.8,7.7,11.5
0.297,0.302,U8,MAD_M6C12,4.210567033277303,22.834685663227972,CPG,WPG,0.1,0.41676861930858083,0.20455911965322132,1.5129683294537006,4,-1.6179051943255232,895.8,7.7,11.5
0.297,0.302,U8,MAD_M6C12,4.210568610458241,22.83468813955804,CPG,WPG,0.1,0.41676856326592215,0.2045582940249828,1.5129784222373721,2,-1.617905306097903,895.8,7.7,11.5
0.297,0.302,U8,MAD_M6C12,4.21056972858171,22.83469041974025,CPG,WPG,0.1,0.4167685182888723,0.20455893246878618,1.5129637127386957,0,-1.6179053550816924,895.8,7.7,11.5
0.297,0.302,U8,MAD_M6C12,4.210569685935115,22.834689889383792,CPG,WPG,0.1,0.4167685250708734,0.2045580322716208,1.5129763309666973,3,-1.6179053539844865,895.8,7.7,11.5
0.297,0.302,U8,MAD_M6C12,4.21056875553741,22.83468832752175,CPG,WPG,0.1,0.41676855796462925,0.20455893558969507,1.512969475700499,1,-1.6179053400190693,895.8,7.7,11.5
0.297,0.302,U8,MAD_M6C12,4.2105697573474234,22.83469002050794,CPG,WPG,0.1,0.41676852183573176,0.20455817366869683,1.5129752861712302,7,-1.6179053778508248,895.8,7.7,11.5
0.297,0.302,U8,MAD_M6C12,4.210569559069414,22.834689992435155,CPG,WPG,0.1,0.41676852525634217,0.20455898840626724,1.5129852467976188,5,-1.6179053785304855,895.8,7.7,11.5
0.297,0.302,U8,MAD_M6C12,4.210570036788375,22.834690446420552,CPG,WPG,0.1,0.41676851103365375,0.20455802323706632,1.512983973570368,4,-1.6179054376372637,895.8,7.7,11.5
0.297,0.302,U8,MAD_M6C12,4.21056915342907,22.834688900671406,CPG,WPG,0.1,0.4167685435860375,0.2045568842602939,1.512992032797312,0,-1.6179054008283167,895.8,7.7,11.5
0.297,0.302,U8,MAD_M6C12,4.210569092182187,22.834688751712953,CPG,WPG,0.1,0.4167685458998328,0.2045586355790956,1.5129926003884866,3,-1.617905414841351,895.8,7.7,11.5
Time taken (seconds)
2026-06-01 13:48:09
