thigh_length,calf_length,motor_left_name,motor_right_name,gear_left_ratio,gear_right_ratio,gearbox_left,gearbox_right,torso_distance,ik_height,ori_l,ori_theta,best_index,best_cost,ac1,ac2,ac3
0.297,0.302,U12,MN8014,12.71319093404021,12.392692035217452,CPG,CPG,0.125,0.340824409365001,0.228442590236189,0.03164815185212633,4,8.178893808035886,597.0,4.7,29.6
0.297,0.302,U10,MN8014,11.015963098861238,15.612823948545852,CPG,CPG,0.125,0.3134388220294718,0.2049969892152004,-0.2495222186574737,6,1.556287323747794,655.7,3.6,27.4
0.297,0.302,U12,MN8014,9.993955784712274,10.35618942466175,CPG,CPG,0.125,0.33593451225305637,0.20745032904103164,-0.2331190084569552,0,2.2951727191669047,573.1,3.9,28.0
0.297,0.302,U12,MN8014,11.817566557882351,8.69401124745502,CPG,CPG,0.125,0.32318142846604136,0.2127677697981102,-0.13669467580893246,5,8.71692444042215,735.3,4.0,23.2
0.297,0.302,U12,U12,10.523197170320206,10.139394199950651,CPG,CPG,0.125,0.35513927333146567,0.25848936045969007,0.267028634317624,4,2.7402953187235664,750.5,4.2,24.1
0.297,0.302,U12,MN8014,14.821256288043642,6.015217393886262,CPG,SSPG,0.125,0.3533675910820319,0.24134983367836074,-0.43211399464095135,3,1.7334619206895763,725.5,4.0,25.3
0.297,0.302,U10,MN8014,15.483452402819928,5.742000409560973,CPG,SSPG,0.125,0.30996565380986174,0.2252400850783331,-0.7773652207293431,6,3.1179830122488488,664.0,3.8,23.8
0.297,0.302,U12,MN8014,10.96493090631939,10.790523530264768,CPG,CPG,0.125,0.3719105729913421,0.2656413824542965,-0.6130935950851637,3,2.012488410723373,630.6,4.8,18.5
0.297,0.302,U12,MN8014,9.824508052171348,6.6175504458542225,CPG,CPG,0.125,0.32827500513425745,0.22754943741117659,-0.444422867774509,5,1.6340877440565242,522.2,4.5,29.2
0.297,0.302,U12,MN8014,9.788931491088608,4.990113213320569,CPG,SSPG,0.125,0.35054766267954623,0.20692880418904075,-0.6843572428844902,1,1.6750395789995363,577.5,4.1,26.4
0.297,0.302,U12,MN8014,10.162348754253138,6.568244284420196,CPG,CPG,0.125,0.3839638526700818,0.2068396479331006,-0.5742509830636549,0,0.45250157498521304,525.1,4.5,28.4
0.297,0.302,U12,MN8014,11.247014421701405,6.48262674100908,CPG,CPG,0.125,0.3690224410891804,0.20038716355672823,-0.9249978100611947,4,0.4717222527467815,612.1,4.3,23.4
0.297,0.302,U12,MN8014,9.540334680661132,6.971181126371915,CPG,SSPG,0.125,0.3867052456925504,0.21322170285428033,-1.141404655832952,7,0.3826826504741625,547.2,4.9,22.7
0.297,0.302,MN8014,MN8014,11.561176914786671,8.605821220425149,CPG,CPG,0.125,0.38273025886760503,0.20834769031225142,-1.3398221044617318,3,-0.49899859400926694,642.1,5.1,23.1
0.297,0.302,U12,MN8014,7.948634762572001,8.919717285355349,CPG,CPG,0.125,0.3835443585704746,0.2005812088538495,-1.3305006342484345,3,1.1202687230136927,765.5,5.1,20.8
0.297,0.302,U12,MN8014,9.031550734360167,11.324237334923758,CPG,CPG,0.125,0.3899114294444434,0.20763344551301482,-1.1876289544201157,1,1.1129300502271615,719.6,6.0,22.0
0.297,0.302,U12,MN8014,11.089430332464918,10.585319142697669,CPG,CPG,0.125,0.3874849202838181,0.20520324035105098,-1.4000132241442615,5,0.8526463610142656,672.3,4.7,24.0
0.297,0.302,U12,MN8014,10.528819582067282,9.311056821463364,CPG,CPG,0.125,0.40991086984348807,0.2015470412111218,-1.519676673721209,6,0.2882467387437977,620.2,5.0,25.2
0.297,0.302,U12,MN8014,10.036536411084775,6.569975264024185,CPG,CPG,0.125,0.4154955146208542,0.2008236036239698,-1.2092829221305479,7,-0.09125890202395404,522.0,5.1,22.3
0.297,0.302,U12,MN8014,10.448873908154166,9.10362160764122,CPG,CPG,0.125,0.41230404850043995,0.23078041937300453,-1.4038747041847348,6,0.36667334407209573,658.1,4.6,22.4
0.297,0.302,U12,MN8014,9.743710232509496,7.023861426082277,CPG,SSPG,0.125,0.4277059761819022,0.20237437558662436,-1.4701275647788232,1,0.11633699024791788,595.2,5.5,22.4
0.297,0.302,U12,MN8014,11.121888139471483,5.511383181849277,CPG,SSPG,0.125,0.4227897511146653,0.20188670425326025,-1.5702663558694594,7,-0.16642203709271186,593.6,5.7,25.4
0.297,0.302,U10,MN8014,8.787462953437773,4.46379040505968,CPG,SSPG,0.125,0.43872487914014513,0.21767650594949137,-1.553461848283642,6,-0.9059399886156498,571.3,5.4,26.0
0.297,0.302,U10,MN8014,9.636518806063084,4.058379441764877,CPG,SSPG,0.125,0.42991811812679914,0.21448485989301255,-1.462463711063347,0,-0.8604368249257046,531.0,5.3,28.1
0.297,0.302,U10,MN8014,10.027074329625872,4.378079318825159,CPG,SSPG,0.125,0.4454897100673899,0.2216627275505298,-1.2883383555365522,5,-1.0320160462681605,499.3,4.7,30.1
0.297,0.302,U10,MN8014,10.699696805084761,4.111405033794884,CPG,SSPG,0.125,0.4641078094382929,0.21253897958412737,-1.5070464007202309,5,-0.9638111755715997,497.1,4.1,28.2
0.297,0.302,U10,MN8014,8.435812673270362,4.103585853478326,CPG,SSPG,0.125,0.40222834476434915,0.2021053768197456,-1.135913734406977,4,-0.7226175396500087,531.7,4.5,29.3
0.297,0.302,U10,MN8014,9.69833267285982,4.527696948161054,CPG,SSPG,0.125,0.43577746835886677,0.20542463430415436,-1.3822438916285222,7,-0.5872044544527801,497.6,5.5,34.3
0.297,0.302,U10,MN8014,10.956343987396448,4.030586380971321,CPG,SSPG,0.125,0.43898625766923866,0.2002834653976513,-1.556057889982065,2,-0.9490392306104409,517.5,5.9,30.5
0.297,0.302,U10,MN8014,10.560003838735943,4.445446987260556,CPG,SSPG,0.125,0.4488359761937614,0.20622421404273372,-1.518650428723315,0,-1.0196311474827136,548.4,5.6,30.7
0.297,0.302,U10,MN8014,8.193415863630499,5.071591427944452,CPG,SSPG,0.125,0.4574084632867103,0.21641546566602252,-1.5345237127440128,1,-0.7776610581012449,518.9,6.1,30.9
0.297,0.302,U10,MN8014,8.309199291066179,4.216977590967665,CPG,SSPG,0.125,0.43508179002664493,0.20307199496509482,-1.4545766007775083,6,-0.8610202817548176,528.9,5.5,28.0
0.297,0.302,U10,MN8014,9.059325010681663,6.076275037445935,CPG,SSPG,0.125,0.4737704109300954,0.23861645683111005,-1.551149757751806,5,-0.7810786428372394,517.0,5.5,29.4
0.297,0.302,U10,MN8014,8.43617034571953,5.592296644181175,CPG,SSPG,0.125,0.4702681037233145,0.22033938425338395,-1.545235301313598,1,-0.7673300966216035,527.6,6.1,28.9
0.297,0.302,U10,MN8014,7.787307148886384,7.3605976099014345,CPG,CPG,0.125,0.47081704833821436,0.2055693121582267,-1.5560719985579776,6,-0.6379955973360198,515.1,5.8,30.2
0.297,0.302,U12,MN8014,7.025985266718239,4.830005237808321,SSPG,SSPG,0.125,0.45746470397716044,0.20000136398559334,-1.5182799350888585,0,-0.5377672789426313,582.3,6.0,27.7
0.297,0.302,U10,MN8014,8.191114624115489,5.9615781513025645,CPG,SSPG,0.125,0.46610818063044573,0.21448841854607853,-1.5696990142510046,3,-0.8244590811251271,506.0,6.4,29.6
0.297,0.302,U10,MN8014,8.895714661692793,5.91516522114117,CPG,SSPG,0.125,0.4569430832487638,0.22433718793517335,-1.5615904039902024,1,-0.8673857000971088,570.2,6.0,30.7
0.297,0.302,U10,MN8014,9.923224471262028,4.318751801965963,CPG,CPG,0.125,0.45266667525939763,0.22926676769325918,-1.5440223340936392,0,-0.7735337078081388,521.1,5.9,29.7
0.297,0.302,U10,MN8014,8.444173866158378,5.4502695368954,CPG,SSPG,0.125,0.4849837011880209,0.2521200784577136,-1.560121542968413,0,-0.7973305801791968,567.8,6.1,28.3
0.297,0.302,U8,MN8014,10.25428643947742,4.474475892053451,CPG,SSPG,0.125,0.47275880350142563,0.2369377092274193,-1.5694567170551463,1,-0.9390174313828301,554.5,6.1,29.1
0.297,0.302,U10,MN8014,10.544460348332446,4.44640711524819,CPG,SSPG,0.125,0.4511266394468473,0.24887070844099798,-1.5395990811450184,3,-0.9909071336463287,598.0,6.4,28.7
0.297,0.302,U10,MN8014,12.647294399139538,4.44460181982515,CPG,SSPG,0.125,0.44502787011634615,0.24561010686762744,-1.51800410238227,5,-1.0844250748808903,593.6,5.7,27.5
0.297,0.302,U8,MN8014,13.391492131906135,5.546199631494109,CPG,SSPG,0.125,0.45310077601027277,0.21685191738406412,-1.570795640501276,5,-1.2259139536257555,599.0,5.3,30.9
0.297,0.302,U8,MN8014,14.3968289865003,5.6942879192634415,CPG,SSPG,0.125,0.44683586335906544,0.2193441370290351,-1.570754382391549,2,-1.2644742534774478,592.5,5.0,28.0
0.297,0.302,U8,MN8014,13.728840393303535,4.762001411058492,CPG,SSPG,0.125,0.45042811194274157,0.2347379402413054,-1.556423368499544,3,-1.3332725991610328,582.9,5.0,27.3
0.297,0.302,U8,MN8014,13.587415631905458,4.233480793376792,CPG,SSPG,0.125,0.4353975088369271,0.21723397010358475,-1.5650745788809424,2,-1.305488799192542,567.0,5.8,26.6
0.297,0.302,U8,MN8014,13.883635344069107,5.317241080485912,CPG,CPG,0.125,0.4412738524312779,0.2001398179869483,-1.5679744726071094,4,-1.196724639454895,530.2,4.8,29.4
0.297,0.302,U8,MN8014,15.25931364380615,4.020068268264642,CPG,SSPG,0.125,0.4474732005980152,0.20185873635279802,-1.5298620560193439,0,-1.3804256473491172,507.9,5.3,29.0
0.297,0.302,U8,MN8014,14.378954475047497,4.752623440220246,CPG,SSPG,0.125,0.46655582241817123,0.2381271337103454,-1.570793879215372,1,-1.2670611240319491,511.1,4.8,23.7
0.297,0.302,U8,MN8014,15.26280115171362,4.273871788282623,CPG,CPG,0.125,0.45861910317991345,0.21822676829085608,-1.4479910854914142,4,-1.2843372890134503,556.3,5.5,29.5
0.297,0.302,U8,MN8014,15.38650381147346,4.434284896395557,CPG,SSPG,0.125,0.4731553241568055,0.20154910669488563,-1.4194563892117913,5,-1.0896570712274283,494.6,5.5,27.0
0.297,0.302,U8,MN8014,15.347852101709593,4.026760924484653,CPG,SSPG,0.125,0.4481553165358507,0.22403823536025003,-1.5045353103889678,5,-1.386070412067455,548.9,4.7,25.1
0.297,0.302,U8,MN8014,14.191290104465843,4.228994515336578,CPG,SSPG,0.125,0.4556163720605948,0.26417831748421683,-1.3815035951194088,7,-1.298806137169711,576.3,5.6,25.2
0.297,0.302,U8,MN8014,15.180583370397294,4.07368220558171,WPG,SSPG,0.125,0.4632596978532909,0.271669283953996,-1.281431134551406,4,-1.2554364874415196,553.9,5.7,28.5
0.297,0.302,U8,MN8014,13.514454783004918,4.027748445596106,CPG,SSPG,0.125,0.45679826198455314,0.2513020311350727,-1.5341772195552537,2,-1.2130759271918068,565.8,5.3,26.9
0.297,0.302,U8,MN8014,13.983317705338937,4.504023844747351,CPG,SSPG,0.125,0.4589253787045211,0.2552752300158604,-1.5335238213194242,3,-1.2642475264660389,587.9,5.4,27.0
0.297,0.302,U8,MN8014,15.00543161038415,4.793849832722938,CPG,SSPG,0.125,0.4698148669396165,0.24213034370361117,-1.5707403500203703,6,-1.3002234133849822,573.3,5.4,27.3
0.297,0.302,U8,MN8014,15.780667594264635,4.000584179109253,CPG,SSPG,0.125,0.4526569249341801,0.2580867164297601,-1.549106453255253,7,-1.2990842547862105,559.4,5.5,26.9
0.297,0.302,U8,MN8014,14.11958635148649,4.07000023140054,CPG,SSPG,0.125,0.46112834579918904,0.2298257791275851,-1.5469225073954935,6,-1.1896800738560254,575.0,5.4,29.5
0.297,0.302,U8,MN8014,13.108152587144781,4.014101016336987,CPG,SSPG,0.125,0.44458265555451887,0.24142401503035224,-1.3460645052510531,7,-1.2535365017065354,568.9,5.2,29.6
0.297,0.302,U8,MN8014,13.525850596202405,4.043654063875318,CPG,SSPG,0.125,0.4580674016617252,0.22832158811121858,-1.565185667577807,2,-1.2147585595571204,549.8,5.2,29.6
0.297,0.302,U8,MN8014,14.486796472251738,4.104030399394841,CPG,SSPG,0.125,0.4551308531736111,0.22681957428125105,-1.5707048712213634,4,-1.2643004031578107,552.1,5.5,29.7
0.297,0.302,U8,MN8014,14.3456445059976,4.002654990720242,CPG,SSPG,0.125,0.4537834237826999,0.21225536679898718,-1.5223923674676867,5,-1.366812836071639,555.1,5.0,30.3
0.297,0.302,U8,MN8014,14.94778292698992,4.316507048688935,CPG,CPG,0.125,0.45592240126688616,0.20672319986912654,-1.5695293919750384,5,-1.3114065153286631,563.1,4.9,30.4
0.297,0.302,U8,MN8014,14.53490704943933,4.204385293955325,CPG,SSPG,0.125,0.44631030174655517,0.22252368236244446,-1.4640398191664115,1,-1.4032518043897557,558.8,4.9,28.7
0.297,0.302,U8,MN8014,15.270001747550703,4.166513664879512,CPG,SSPG,0.125,0.44518316480728376,0.21888925090825312,-1.4525101210872555,4,-1.4288279095522372,579.8,5.1,30.2
0.297,0.302,U8,MN8014,15.501974295538183,4.01478202156866,CPG,SSPG,0.125,0.442888398973103,0.2093742277192827,-1.5547289284914982,6,-1.4254610950058213,574.4,4.7,28.5
0.297,0.302,U8,MN8014,16.533251105531576,4.066267321704844,CPG,SSPG,0.125,0.4437519745664221,0.20296287123992632,-1.54611813643174,1,-1.431932964089551,565.3,4.8,28.7
0.297,0.302,U8,MN8014,17.285137283827858,4.368637052666225,WPG,SSPG,0.125,0.4453371242501858,0.20173147504367014,-1.5697607928523567,4,-1.60475446861237,554.1,4.2,28.5
0.297,0.302,U8,MN8014,17.987908301390554,4.4993204120141295,WPG,SSPG,0.125,0.4435333807742076,0.20254234533845783,-1.5526603566821824,5,-1.6549447714156837,553.6,4.2,29.2
0.297,0.302,U10,MN8014,16.92528057111998,4.170799978774136,WPG,SSPG,0.125,0.4493415150845329,0.20000095480835517,-1.5283151263610988,5,-1.2356501311961097,595.1,4.3,31.8
0.297,0.302,U8,MN8014,17.604941824204502,4.018000220969013,WPG,SSPG,0.125,0.43582482811353973,0.20101216523296983,-1.5481797707988858,0,-1.5285264456099963,616.0,4.1,30.4
0.297,0.302,U8,MN8014,17.02989580446092,4.025690018072388,WPG,SSPG,0.125,0.431903607268923,0.20144037425789058,-1.5252548458834814,5,-1.5584186467339798,589.0,4.4,29.3
0.297,0.302,U8,MN8014,18.187695125777942,4.012033334374773,WPG,SSPG,0.125,0.43239468391088376,0.20089643933417936,-1.5680928975590125,0,-1.6948588055137526,598.7,4.1,30.6
0.297,0.302,U8,MN8014,17.749157807658968,4.591552434902293,WPG,SSPG,0.125,0.42376167311776913,0.20653486570646284,-1.5129792348544135,7,-1.6021795321854748,594.3,4.4,30.6
0.297,0.302,U8,MN8014,18.57584680961628,4.382170980374338,WPG,SSPG,0.125,0.4197836032776508,0.20044933383250021,-1.4602243242123991,3,-1.7076911109757749,609.1,4.1,29.4
0.297,0.302,U8,MN8014,19.00170983881818,5.521411421078109,WPG,SSPG,0.125,0.41510471090723805,0.202330494287621,-1.5490571024108084,3,-1.6804145678681959,614.4,4.1,28.9
0.297,0.302,U8,MN8014,18.693859887078638,4.828014680831833,WPG,SSPG,0.125,0.42069469988795594,0.2070015410868991,-1.4994990142898614,1,-1.6975938773417685,595.0,3.9,28.6
0.297,0.302,U8,MN8014,18.04351938697185,4.023265345847951,WPG,SSPG,0.125,0.42743964004205426,0.20497495205102786,-1.5514271482922128,7,-1.6505245353068876,594.1,3.7,31.3
0.297,0.302,U8,MN8014,19.955533087653226,5.3546209089993155,WPG,SSPG,0.125,0.42602277354605494,0.20633511515287453,-1.570746785027265,6,-1.6789565343881083,630.9,3.6,29.9
0.297,0.302,U8,MN8014,20.574713690063746,4.394404563699955,WPG,SSPG,0.125,0.4280082793019395,0.21584519598123292,-1.5162644413687978,2,-1.794775433828498,632.3,3.8,30.6
0.297,0.302,U8,MN8014,20.390295374820187,4.7822121515365765,WPG,SSPG,0.125,0.41340666785319324,0.20734033086174938,-1.5569050873854091,0,-1.8753487746132578,640.8,3.6,27.2
0.297,0.302,U8,MN8014,19.261033363129215,4.038915919821124,WPG,SSPG,0.125,0.4197994313109572,0.20385511089532327,-1.5672851554104912,2,-1.7664663469316153,627.7,3.6,28.8
0.297,0.302,U8,MN8014,20.3262695437839,4.428877095662351,WPG,SSPG,0.125,0.4225537650144689,0.20037322231507024,-1.5695066809287481,2,-1.8662595101560857,615.8,3.8,28.7
0.297,0.302,U8,MN8014,20.3699463837936,4.173135481641677,WPG,SSPG,0.125,0.4165799731759032,0.2030163045435951,-1.542213373169833,6,-1.8502978978855324,625.0,3.4,28.7
0.297,0.302,U8,MN8014,20.675364853753102,4.215415090716589,WPG,SSPG,0.125,0.4128047544377432,0.2054442998131615,-1.5638785828145358,5,-1.8124437000651632,622.9,3.4,27.6
0.297,0.302,U8,MN8014,19.389549395296413,4.042326763804445,WPG,SSPG,0.125,0.4209706383039959,0.2010858127684344,-1.5664018782551183,1,-1.8055650552078077,625.5,3.4,30.4
0.297,0.302,U8,MN8014,19.389871098019125,4.000504755871486,WPG,SSPG,0.125,0.41849819270997973,0.21500352845093174,-1.519969255304435,4,-1.809308766235505,648.6,3.5,28.8
0.297,0.302,U8,MN8014,20.44416875619408,4.022213534205038,WPG,SSPG,0.125,0.4189815660769943,0.20937288520495867,-1.5562280984684695,2,-1.8015243935163596,631.6,3.2,29.0
0.297,0.302,U8,MN8014,20.246817136983726,4.003192342939159,WPG,SSPG,0.125,0.41006944086040076,0.21514943434454914,-1.4369828390035884,1,-1.8206631585595598,681.2,3.1,29.9
0.297,0.302,U8,MN8014,19.783956720440205,4.0160554978331335,WPG,SSPG,0.125,0.41645371198947656,0.21084917988281612,-1.5561364523187964,2,-1.7977005976668572,642.6,3.7,28.6
0.297,0.302,U8,MN8014,20.1815751881808,4.227808608641564,WPG,SSPG,0.125,0.4122301674795158,0.206835155796507,-1.4739412510115542,0,-1.8067455796842644,662.3,3.4,29.6
0.297,0.302,U8,MN8014,20.388203220815782,4.178257824937462,WPG,SSPG,0.125,0.4052147203040598,0.21066175703402235,-1.4626437581041638,7,-1.7843891615270948,656.9,3.4,28.3
0.297,0.302,U8,MN8014,21.093860172492025,4.011584897371417,WPG,SSPG,0.125,0.40692231297458903,0.20402629220354787,-1.498097907363195,4,-1.8461634254436952,657.9,3.0,28.2
0.297,0.302,U8,MN8014,20.59667267443992,4.213073621524234,WPG,SSPG,0.125,0.40695650181170573,0.2030005934850256,-1.5424700971051508,6,-1.8102786244815139,667.0,3.3,28.0
0.297,0.302,U8,MN8014,21.3622764261358,4.076944755718153,WPG,SSPG,0.125,0.40528218825967843,0.2110539885222541,-1.5703426587321991,1,-1.8465260956842116,684.1,3.1,26.8
0.297,0.302,U8,MN8014,21.076958167964403,4.603180251510565,WPG,SSPG,0.125,0.4040321664219619,0.2045894448975446,-1.5672744632633024,3,-1.8244946736639882,662.8,3.3,27.5
0.297,0.302,U8,MN8014,21.402301236091663,4.097869993786103,WPG,SSPG,0.125,0.39884839291487617,0.20235693597516535,-1.5653168636476387,5,-1.783431401347336,659.7,3.1,26.7
0.297,0.302,U8,MN8014,21.040957926220166,4.499742316003466,WPG,SSPG,0.125,0.40705516007380016,0.2022134763625706,-1.5690892988035678,5,-1.8689750663245732,637.0,3.5,27.1
0.297,0.302,U8,MN8014,21.377479118605134,4.191064277832364,WPG,SSPG,0.125,0.4154764036045896,0.2034814063398556,-1.5652801259835474,7,-1.9805224797182035,622.0,3.5,27.0
0.297,0.302,U8,MN8014,21.279442340359736,4.046694004138046,WPG,SSPG,0.125,0.4129117759983043,0.20002677494766932,-1.5251020467306307,4,-1.923036272317157,614.7,3.5,26.2
0.297,0.302,U8,MN8014,21.686173070470346,4.3721007879905605,WPG,SSPG,0.125,0.4116587332489019,0.20307751806923283,-1.5474162596129641,3,-1.9419042301763998,615.1,3.4,25.7
0.297,0.302,U8,MN8014,21.00314479101043,4.028745638188218,WPG,SSPG,0.125,0.41728852156947993,0.20011096570734688,-1.5703677446902096,5,-1.8857998648933876,618.2,3.0,27.3
0.297,0.302,U8,MN8014,20.17860350793098,4.000924713289423,WPG,SSPG,0.125,0.42141926995708046,0.20071487991821627,-1.5663670494243789,7,-1.853274014959723,586.2,3.1,27.2
0.297,0.302,U8,MN8014,20.44369780292362,4.525844687582663,WPG,SSPG,0.125,0.4041866325646448,0.20000644608418344,-1.5657102261689066,5,-1.7999062081322794,636.1,3.3,26.7
0.297,0.302,U8,MN8014,21.961750537244242,4.635175180714059,WPG,SSPG,0.125,0.4124248638424629,0.20019383761183848,-1.5688464151755979,5,-1.7984174094002814,630.8,3.5,26.6
0.297,0.302,U8,MN8014,21.415417538159126,4.142521266107641,WPG,SSPG,0.125,0.4206777434467165,0.2004856454201131,-1.5695659791751164,5,-1.9071379418113246,600.0,3.5,27.8
0.297,0.302,U8,MN8014,21.038337569404476,4.170265234990877,WPG,SSPG,0.125,0.41897892125495945,0.20107769246319773,-1.5657787367355254,6,-1.904471758571546,604.6,3.4,27.3
0.297,0.302,U8,MN8014,21.29159549811146,4.204351484083086,WPG,SSPG,0.125,0.41644289611472013,0.2000763975328777,-1.5703602632836573,5,-1.9262706623796362,619.5,3.5,27.0
0.297,0.302,U8,MN8014,21.459341457297842,4.259472944298583,WPG,CPG,0.125,0.41696647533465847,0.20003170409871598,-1.5701283841497689,3,-1.7786120192830754,615.9,3.3,27.6
0.297,0.302,U8,MN8014,22.166833436602136,4.4395247625576735,WPG,SSPG,0.125,0.4120089559446336,0.2000072237118107,-1.5687715802101356,1,-1.896311585981632,633.0,3.3,26.4
0.297,0.302,U8,MN8014,21.702949258571493,4.381313092328133,WPG,SSPG,0.125,0.41783302167675723,0.20002686703652064,-1.5706115641089702,1,-1.929582090087143,616.5,3.5,26.2
0.297,0.302,U8,MN8014,21.36578273103829,4.600518931254002,WPG,SSPG,0.125,0.4143057077110366,0.20130028571107683,-1.568552468227926,7,-1.9266850198631182,623.1,3.5,26.1
0.297,0.302,U8,MN8014,21.38146287303456,4.77856450880524,WPG,SSPG,0.125,0.4157187955346191,0.20014987030527634,-1.5671621063843366,1,-1.9830224193623582,619.5,3.4,27.3
0.297,0.302,U8,MN8014,21.4247205283747,4.4112379461904085,WPG,SSPG,0.125,0.41441353647326595,0.2001865028057324,-1.5490377909538322,6,-1.9786033861705814,630.7,3.3,27.0
0.297,0.302,U8,MN8014,21.359483338816414,4.378756027442662,WPG,SSPG,0.125,0.41855803142911086,0.2000017835922923,-1.5676870440674586,1,-1.9946225020220787,606.7,3.5,27.1
0.297,0.302,U8,MN8014,21.442886241545384,4.321990208053127,WPG,CPG,0.125,0.41954695096569117,0.2001076578967175,-1.5605870095616605,4,-1.9686901232984884,605.3,3.4,27.2
0.297,0.302,U8,MN8014,21.765574803964498,4.3749054216856536,WPG,SSPG,0.125,0.4179730525155417,0.20032925816813915,-1.566749773172335,3,-1.8689856248284862,598.8,3.4,27.0
0.297,0.302,U8,MN8014,21.80969841292978,4.542445301202227,WPG,SSPG,0.125,0.4204383025699183,0.20225360284484784,-1.5510504255015285,3,-1.9312279684809042,586.1,3.4,26.1
0.297,0.302,U8,MN8014,21.77660698068644,4.413031855822245,WPG,SSPG,0.125,0.4225772925412049,0.20227186739436404,-1.5081414356726721,0,-1.8990741373779194,570.3,3.5,25.6
0.297,0.302,U8,MN8014,21.229350132636075,4.214820636511529,WPG,SSPG,0.125,0.4260179548349255,0.20089129921626644,-1.5300065995400665,6,-1.9404374684152579,586.5,3.6,26.9
0.297,0.302,U8,MN8014,21.423093088522386,4.383719842379665,WPG,SSPG,0.125,0.4283578733129514,0.20018174772933772,-1.527382686134458,0,-1.9817102938674473,570.7,3.7,26.0
0.297,0.302,U8,MN8014,21.416034178621743,4.377016505897125,WPG,SSPG,0.125,0.42560958629747603,0.20058656916665446,-1.484901243380259,6,-1.9817973734530803,585.1,3.8,26.3
0.297,0.302,U8,MN8014,21.08025348797337,4.2393883188721775,WPG,SSPG,0.125,0.4278311496714048,0.2036823479638821,-1.5395340855008721,6,-1.8919190325589792,585.3,3.6,27.1
0.297,0.302,U8,MN8014,21.32699512318358,4.272842496769355,WPG,CPG,0.125,0.426880171360306,0.20248569392020405,-1.5088955848242795,1,-1.9160901045832581,587.5,3.6,27.2
0.297,0.302,U8,MN8014,21.23153533851245,4.214881147112927,WPG,SSPG,0.125,0.4271084006411761,0.20108745312008247,-1.4964610584933733,2,-1.9101684505957603,587.4,3.7,26.3
0.297,0.302,U8,MN8014,21.44928109587207,4.322605495092609,WPG,CPG,0.125,0.4225547345481356,0.2008395878794345,-1.536292031537526,5,-1.9415093148663942,601.7,3.4,27.1
0.297,0.302,U8,MN8014,21.303217208112173,4.379410542524371,WPG,SSPG,0.125,0.42435463416023433,0.20252445615152914,-1.4955218406817647,2,-1.9779017405211778,581.0,3.5,26.7
0.297,0.302,U8,MN8014,21.413146818712796,4.201350270675695,WPG,SSPG,0.125,0.42776444534894387,0.20119692239153697,-1.5185559215558004,7,-1.9449260943032627,592.8,3.5,26.8
0.297,0.302,U8,MN8014,21.692291430461864,4.439292513825535,WPG,SSPG,0.125,0.42336103368926137,0.20314689565648109,-1.5397037878315618,5,-1.9088632629059852,590.9,3.4,26.5
0.297,0.302,U8,MN8014,21.43991178260217,4.397235996899652,WPG,SSPG,0.125,0.4280228808098154,0.20644757155087656,-1.495247721533178,0,-1.9885433934177499,572.3,3.6,26.5
0.297,0.302,U8,MN8014,21.43120787031993,4.42481951268971,WPG,SSPG,0.125,0.424823228112865,0.20465088586621788,-1.4897197624335021,6,-2.027294757843636,581.1,3.6,27.1
0.297,0.302,U8,MN8014,21.38673589280505,4.517570606316779,WPG,SSPG,0.125,0.42229958243729826,0.204081805680503,-1.4951674208944485,6,-1.9787733721882805,584.1,3.6,26.6
0.297,0.302,U8,MN8014,21.666012909488835,4.4361541881202555,WPG,SSPG,0.125,0.4232725690884752,0.20559964912697667,-1.5195985200500788,3,-1.9227578510370318,576.9,3.6,27.0
0.297,0.302,U8,MN8014,21.764487616258087,4.818049082667283,WPG,SSPG,0.125,0.42029298100984436,0.2027728382951777,-1.5072063340363402,6,-1.8926045426646976,586.1,3.6,26.0
0.297,0.302,U8,MN8014,21.72626877662165,4.528245708547286,WPG,SSPG,0.125,0.42431437050215864,0.20405797497802147,-1.5056345965719717,1,-1.8880009032812186,570.8,3.7,26.1
0.297,0.302,U8,MN8014,21.59443287425807,4.77463814595531,WPG,SSPG,0.125,0.42094968475624095,0.20323443022487508,-1.5452693446555337,7,-1.8263186469489128,587.3,3.6,26.3
0.297,0.302,U8,MN8014,21.81327612752133,4.79562277631493,WPG,SSPG,0.125,0.421882728031214,0.2030159247968226,-1.545426490741578,2,-1.9480450309695367,585.3,3.6,26.0
0.297,0.302,U8,MN8014,21.820477788740163,4.845932383852035,WPG,SSPG,0.125,0.421230768540131,0.2041303217214362,-1.5499280294906632,3,-1.9414880339548048,586.8,3.6,26.0
0.297,0.302,U8,MN8014,21.558934838620942,4.587099794230582,WPG,SSPG,0.125,0.42429690849215,0.20374611837608117,-1.5278702458810518,1,-1.8395338699083528,581.7,3.7,26.3
0.297,0.302,U8,MN8014,21.40111546782215,4.635935295706611,WPG,SSPG,0.125,0.4216566655306607,0.20386503694640026,-1.538785656826902,6,-1.9685096334227374,580.7,3.6,26.3
0.297,0.302,U8,MN8014,21.38979899533549,4.5138506715191475,WPG,SSPG,0.125,0.425611394289912,0.2081386650411056,-1.537515067300295,5,-1.9693578767516762,567.8,3.7,26.9
0.297,0.302,U8,MN8014,21.381252127054932,4.809449946515521,WPG,SSPG,0.125,0.42304118995404677,0.20649828606382536,-1.5289094664177858,6,-1.9915520099494994,569.3,3.7,26.7
0.297,0.302,U8,MN8014,21.360333537745813,4.799217266087546,WPG,SSPG,0.125,0.4229174468683684,0.20341283691450138,-1.4983566266212829,5,-1.9858986842063118,566.1,3.7,26.1
0.297,0.302,U8,MN8014,21.351293885339114,4.787162461099172,WPG,SSPG,0.125,0.4237966259803152,0.20426660608669694,-1.5130939111006283,1,-1.9444003605522777,565.9,3.8,26.3
0.297,0.302,U8,MN8014,21.24802585299067,5.117814722573288,WPG,SSPG,0.125,0.4218640970276862,0.20396820413660166,-1.524361764427375,3,-1.8959038071059915,567.5,3.8,26.2
0.297,0.302,U8,MN8014,21.38532449227404,4.8142181292426995,WPG,SSPG,0.125,0.4214238940888688,0.20345398330150594,-1.5052400503323544,0,-1.9498990965090979,577.1,3.7,26.6
0.297,0.302,U8,MN8014,21.380345434133393,4.78668057370623,WPG,SSPG,0.125,0.42413480463855924,0.20453593659567124,-1.5171133509464099,0,-1.9981901905387502,568.8,3.8,26.6
0.297,0.302,U8,MN8014,21.66736288251324,4.7693143860493405,WPG,SSPG,0.125,0.42247957424560784,0.20588857825153456,-1.50435358002991,7,-1.8835448080500434,567.0,3.7,26.3
0.297,0.302,U8,MN8014,21.7707247357612,4.967901624687293,WPG,SSPG,0.125,0.4195420160607943,0.20227264597802558,-1.526469369224831,0,-1.8513947331165799,589.1,3.7,26.9
0.297,0.302,U8,MN8014,21.844226635459506,4.7854454353780085,WPG,SSPG,0.125,0.4207458317756404,0.20393064266624367,-1.5153850468880063,1,-1.953008163632541,584.8,3.7,26.6
0.297,0.302,U8,MN8014,21.720562719953346,4.9600217984057124,WPG,SSPG,0.125,0.41760490328681504,0.20319128301293776,-1.5316790918587935,1,-1.820405520996351,596.2,3.7,26.8
0.297,0.302,U8,MN8014,21.705272581722067,5.147079997307402,WPG,SSPG,0.125,0.41686465043880183,0.20295485439355343,-1.5215190499704834,0,-1.8762933379096172,594.6,3.6,26.3
0.297,0.302,U8,MN8014,21.5236678783148,4.788382749646477,WPG,SSPG,0.125,0.4190245586064119,0.20286122407450818,-1.5284071454677768,2,-1.8605038827965927,592.4,3.5,26.7
0.297,0.302,U8,MN8014,21.395063968320578,4.797974425133253,WPG,SSPG,0.125,0.4179065462255257,0.2025190988560829,-1.534117060952068,0,-2.0054631366316666,590.8,3.6,26.7
0.297,0.302,U8,MN8014,21.381581589412978,4.9555516507224375,WPG,SSPG,0.125,0.418875270998715,0.20398301514563297,-1.5316361098989244,3,-1.9255578359122776,591.7,3.6,26.8
0.297,0.302,U8,MN8014,21.310138785374832,4.780813879195703,WPG,SSPG,0.125,0.41911595243022937,0.20208689773438648,-1.5341005843198712,0,-1.9838229785172903,595.4,3.5,27.7
0.297,0.302,U8,MN8014,21.368301750922832,4.820217222412228,WPG,SSPG,0.125,0.4186572113552077,0.20242754296871412,-1.5462714435099754,5,-1.9895343178368634,590.5,3.5,27.2
0.297,0.302,U8,MN8014,21.410535223446963,4.826827159658852,WPG,SSPG,0.125,0.41975688154523005,0.20357671723161466,-1.5390202780720952,0,-2.0130555880839704,595.4,3.5,27.1
0.297,0.302,U8,MN8014,21.241417281927042,4.806574911750751,WPG,SSPG,0.125,0.42105289476329527,0.2029844889267821,-1.536815644225334,5,-1.9695803130051708,590.1,3.5,27.4
0.297,0.302,U8,MN8014,21.238544876593778,4.535690362612549,WPG,SSPG,0.125,0.42214424490763647,0.20249906018174452,-1.546415756990502,4,-1.9542153673928748,589.3,3.5,27.6
0.297,0.302,U8,MN8014,21.24811192848906,4.771032309079266,WPG,SSPG,0.125,0.42077347450552055,0.20257169511798628,-1.550361871450848,5,-1.9596415018369004,589.2,3.5,27.2
0.297,0.302,U8,MN8014,21.18791240811244,4.487466635727157,WPG,SSPG,0.125,0.4222333324737754,0.20496794162872764,-1.5198483823533928,6,-1.9493271125757374,584.3,3.5,27.5
0.297,0.302,U8,MN8014,21.349324519790468,4.431277514771356,WPG,SSPG,0.125,0.42079881494762306,0.20460119851795475,-1.530832071095503,7,-1.9720986142070238,595.7,3.5,27.4
0.297,0.302,U8,MN8014,21.317188550584895,4.444721886246091,WPG,SSPG,0.125,0.42180391511422266,0.2036295995902833,-1.538912284097366,7,-1.9722301019450335,588.2,3.4,27.6
0.297,0.302,U8,MN8014,21.417666103654536,4.464229096453197,WPG,SSPG,0.125,0.42236493258929164,0.2059946305868579,-1.5405535173038654,7,-1.9741159261052044,585.7,3.4,27.8
0.297,0.302,U8,MN8014,21.36412635553688,4.511384759570829,WPG,SSPG,0.125,0.4208000832522113,0.20617601696296803,-1.5374654413729774,7,-1.979680114089497,589.7,3.4,27.9
0.297,0.302,U8,MN8014,21.44588977618195,4.576514357366103,WPG,SSPG,0.125,0.4218415416166033,0.20554331862548408,-1.5395304851185363,1,-1.9954621689703096,593.1,3.5,27.4
0.297,0.302,U8,MN8014,21.528608689495993,4.477077523559429,WPG,SSPG,0.125,0.42310699832531534,0.20892645972973145,-1.5256045763775852,2,-1.808229886091457,583.7,3.5,27.4
0.297,0.302,U8,MN8014,21.598998354528803,4.508214701893035,WPG,SSPG,0.125,0.42337339569532684,0.20721365832048427,-1.5377868114240885,5,-1.8914264042479516,589.3,3.6,27.5
0.297,0.302,U8,MN8014,21.6614349304955,4.437656397341447,WPG,SSPG,0.125,0.4241895828244145,0.2071965241523362,-1.5271655101895403,3,-1.9344299797886517,591.6,3.5,28.1
0.297,0.302,U8,MN8014,21.721483855231092,4.476964582076074,WPG,SSPG,0.125,0.42523721221276545,0.20750355378112223,-1.5282318776660415,4,-1.9502841996156555,589.8,3.5,27.7
0.297,0.302,U8,MN8014,21.781782801633646,4.41989496057651,WPG,SSPG,0.125,0.4251921007778959,0.2072146380342927,-1.5306345957000667,3,-1.9533177800854578,586.5,3.5,27.5
0.297,0.302,U8,MN8014,21.666072828793663,4.536143369212624,WPG,SSPG,0.125,0.4245543069671878,0.20702367931695562,-1.5452667113119003,7,-1.9419915580980547,593.6,3.6,27.7
0.297,0.302,U8,MN8014,21.659198427245254,4.48005773771333,WPG,SSPG,0.125,0.4230985333885916,0.20712923570094494,-1.5402110976415153,1,-1.9524655069213424,596.7,3.5,27.8
0.297,0.302,U8,MN8014,21.745495318826944,4.457847941098578,WPG,SSPG,0.125,0.4240949547590275,0.20606727736302755,-1.5446661093897545,3,-1.945483560610338,591.0,3.5,27.6
0.297,0.302,U8,MN8014,21.79060196149854,4.430364396760423,WPG,SSPG,0.125,0.42319361408585054,0.20549736567431773,-1.5417584540007703,6,-1.9256578161402036,596.8,3.5,28.2
0.297,0.302,U8,MN8014,21.739212194635197,4.49961461906639,WPG,SSPG,0.125,0.42394496775371837,0.20400306143738406,-1.535169839040259,3,-1.9403693803374988,590.7,3.4,28.1
0.297,0.302,U8,MN8014,21.73664682857458,4.410296725040975,WPG,SSPG,0.125,0.4241403582106447,0.20479162428565184,-1.532783897830968,2,-1.9513961732552758,594.1,3.4,28.5
0.297,0.302,U8,MN8014,21.665892721205005,4.3831177689807905,WPG,SSPG,0.125,0.42307263002651985,0.20346361741874436,-1.5295909953514595,7,-1.974331484914421,608.1,3.4,28.9
0.297,0.302,U8,MN8014,21.802369988889474,4.443735681488813,WPG,SSPG,0.125,0.4235969098557349,0.20505767942873274,-1.5185733441410647,7,-1.9476966633356216,593.9,3.5,28.3
0.297,0.302,U8,MN8014,21.80579282861003,4.468069838421902,WPG,SSPG,0.125,0.4247041008995027,0.20391862147648282,-1.5243085886352652,3,-1.9218102903996463,592.9,3.4,28.4
0.297,0.302,U8,MN8014,21.67181218512568,4.407626409324827,WPG,SSPG,0.125,0.4254453417341245,0.20440852163553513,-1.5254174616612346,1,-1.9494642661631492,595.5,3.4,28.5
0.297,0.302,U8,MN8014,21.743580013547874,4.540264123999959,WPG,SSPG,0.125,0.4244810963180865,0.20388676163473404,-1.5301148085326934,2,-1.944340959199275,592.8,3.5,28.0
0.297,0.302,U8,MN8014,21.711197787195037,4.449952215362362,WPG,SSPG,0.125,0.42647550847400173,0.20684029340979362,-1.5221062654573612,7,-1.9444620598865736,586.4,3.5,27.8
0.297,0.302,U8,MN8014,21.69182411166114,4.472611600837602,WPG,SSPG,0.125,0.42559273929263847,0.20364032410465743,-1.5116675968444224,3,-1.961931779904294,588.3,3.5,27.9
0.297,0.302,U8,MN8014,21.735667368816053,4.454986062654034,WPG,SSPG,0.125,0.42519473246375766,0.20328680655430142,-1.529864356297075,2,-1.9478008399387292,586.7,3.5,28.1
0.297,0.302,U8,MN8014,21.70312024805947,4.441427513803909,WPG,SSPG,0.125,0.4249241184703384,0.20229809971416868,-1.5150664562848666,3,-1.952265521956102,589.4,3.5,28.4
0.297,0.302,U8,MN8014,21.672736111181088,4.4470378464806934,WPG,SSPG,0.125,0.4239802189518634,0.20217032126188855,-1.5216983118934988,6,-1.9648053841013482,586.2,3.5,28.2
0.297,0.302,U8,MN8014,21.707503304707508,4.4243666346674875,WPG,SSPG,0.125,0.42598341573993426,0.20248964939700959,-1.5127821389460856,6,-1.954233962218769,587.6,3.5,28.7
0.297,0.302,U8,MN8014,21.74771394423155,4.516958377237334,WPG,SSPG,0.125,0.4240681040229223,0.20163912842686996,-1.538794525814362,7,-1.9521002262049034,591.6,3.5,28.4
0.297,0.302,U8,MN8014,21.69505782425197,4.492525326254263,WPG,SSPG,0.125,0.42416496038470886,0.20113740316345396,-1.543088251989634,6,-1.9511762461938282,596.7,3.5,28.6
0.297,0.302,U8,MN8014,21.71545859388357,4.8259479167693495,WPG,SSPG,0.125,0.42182948125492037,0.20096230373728272,-1.5495597338446299,2,-1.9731880580732284,600.6,3.5,28.2
0.297,0.302,U8,MN8014,21.72478173889914,4.4534803955495095,WPG,SSPG,0.125,0.4258621352264401,0.20198348146432,-1.5365038059531417,3,-1.9251620058013117,587.3,3.5,28.2
0.297,0.302,U8,MN8014,21.785507478460033,4.478610174856986,WPG,SSPG,0.125,0.4243660673521924,0.20388689755981054,-1.5075774930003534,7,-1.9441550767870837,582.9,3.5,27.8
0.297,0.302,U8,MN8014,21.74528031234972,4.386395326689977,WPG,SSPG,0.125,0.42631659384782583,0.20546423797092003,-1.4989716143493503,0,-1.963232485489236,577.5,3.6,27.6
0.297,0.302,U8,MN8014,21.836948833965824,4.350703308828203,WPG,SSPG,0.125,0.427873031168713,0.2048978859083028,-1.4826914929053616,3,-1.9382109609859839,573.6,3.5,27.8
0.297,0.302,U8,MN8014,21.68390896477854,4.465842719604599,WPG,SSPG,0.125,0.42580555800241293,0.20264638712611346,-1.5126211732943193,5,-1.9440802101601236,577.8,3.5,27.9
0.297,0.302,U8,MN8014,21.701580220468927,4.424216104570936,WPG,SSPG,0.125,0.4250224344667295,0.20291491554768865,-1.5033069761037372,0,-1.9834478192559715,585.8,3.5,27.8
0.297,0.302,U8,MN8014,21.665537370196805,4.494856604812449,WPG,SSPG,0.125,0.425038579687519,0.20138098490442924,-1.5301708925711517,7,-1.9535682347719465,588.9,3.5,28.1
0.297,0.302,U8,MN8014,21.696340159808628,4.493335509432109,WPG,SSPG,0.125,0.4246678727121974,0.20436728994121953,-1.5151593762496387,7,-1.9524117417104883,585.0,3.5,27.9
0.297,0.302,U8,MN8014,21.67462124135976,4.439059198169166,WPG,SSPG,0.125,0.4248466181130267,0.20341943976601834,-1.517105282230255,4,-1.9668668863983942,584.9,3.5,27.9
0.297,0.302,U8,MN8014,21.657125121909743,4.43793974042344,WPG,SSPG,0.125,0.4250283688993491,0.20160185587868812,-1.521838143910152,3,-1.965566597301569,586.2,3.5,27.9
0.297,0.302,U8,MN8014,21.769522686639394,4.39135924705171,WPG,SSPG,0.125,0.42615024183904565,0.2027356158216174,-1.4969956142369174,5,-1.9639994355826076,583.5,3.5,27.8
0.297,0.302,U8,MN8014,21.74237525158205,4.381212282746809,WPG,SSPG,0.125,0.42574380255430033,0.20412400904299954,-1.5119970170643893,6,-1.9770798668563607,583.6,3.5,27.6
0.297,0.302,U8,MN8014,21.705575665035198,4.378951185949304,WPG,SSPG,0.125,0.4251254901258624,0.20238751503524705,-1.5038117577134094,7,-1.9693262174334674,584.8,3.5,27.6
0.297,0.302,U8,MN8014,21.702031802299995,4.35103669718496,WPG,SSPG,0.125,0.4261361766896411,0.2024662726418778,-1.4968623053390524,7,-1.9789624793613605,582.2,3.5,27.8
0.297,0.302,U8,MN8014,21.742950735090385,4.376765368090737,WPG,SSPG,0.125,0.4258509909563465,0.2027646521937575,-1.4982783521691094,6,-1.9841663636764775,583.7,3.5,27.5
0.297,0.302,U8,MN8014,21.734572662924396,4.367822085642262,WPG,SSPG,0.125,0.4253917387319935,0.20164576165382456,-1.496987301896766,2,-1.9846666465164464,585.6,3.5,27.8
0.297,0.302,U8,MN8014,21.70021538629955,4.432291237342845,WPG,SSPG,0.125,0.42532756688462947,0.20257854292212765,-1.4981426457331715,0,-1.9892686819733818,582.8,3.5,27.4
0.297,0.302,U8,MN8014,21.661990048404995,4.401691584297925,WPG,SSPG,0.125,0.425147834382591,0.20214328389652456,-1.496335869855288,3,-1.9886524882456662,583.9,3.5,27.6
0.297,0.302,U8,MN8014,21.690143984664353,4.428911487785194,WPG,SSPG,0.125,0.4247953123691284,0.2018112594023473,-1.5003118285251342,2,-1.9783197216126656,587.6,3.4,27.9
0.297,0.302,U8,MN8014,21.65929487998743,4.4059138606774555,WPG,SSPG,0.125,0.4251936301807132,0.20160679582341345,-1.5011169806838645,3,-1.9829829771828447,588.7,3.4,28.1
0.297,0.302,U8,MN8014,21.667471198049455,4.420376687116519,WPG,SSPG,0.125,0.4244062743095449,0.20053664457180267,-1.5109119307091015,1,-1.9845919629242594,590.7,3.4,28.1
0.297,0.302,U8,MN8014,21.663969013613567,4.438045418891992,WPG,SSPG,0.125,0.42407404082803235,0.20116663002538518,-1.5108044005785188,2,-1.9911204428004812,593.5,3.5,28.0
0.297,0.302,U8,MN8014,21.68531010231039,4.387548100945618,WPG,SSPG,0.125,0.4236619552969111,0.20163030445652153,-1.5026976670836742,4,-1.9771647431079025,593.1,3.5,28.0
0.297,0.302,U8,MN8014,21.70830418097914,4.382271555477457,WPG,SSPG,0.125,0.4244864815367309,0.2015873911376043,-1.501825803531139,4,-1.9879196194684194,593.2,3.5,28.1
0.297,0.302,U8,MN8014,21.730451820692984,4.429874411167418,WPG,SSPG,0.125,0.42368274745078105,0.20130464296138512,-1.508630968014433,3,-1.9884286406354583,596.5,3.5,28.0
0.297,0.302,U8,MN8014,21.753114907637066,4.384171731449497,WPG,SSPG,0.125,0.42412290102411576,0.2008820564593661,-1.50573442928368,6,-1.9651966106736047,594.9,3.4,28.0
0.297,0.302,U8,MN8014,21.718048306904635,4.431434619866543,WPG,SSPG,0.125,0.42397289598147786,0.20144725317332743,-1.4969892596480328,0,-1.9868692223406477,590.9,3.5,27.5
0.297,0.302,U8,MN8014,21.719862184043368,4.406864279625112,WPG,SSPG,0.125,0.4248084242786275,0.20232288144665464,-1.5130224087926416,0,-1.9857797387423144,592.6,3.5,27.8
0.297,0.302,U8,MN8014,21.697455875218065,4.40718972955982,WPG,SSPG,0.125,0.4243846642824348,0.2012152868899087,-1.5058757823955178,6,-1.986262925578293,595.1,3.5,27.7
0.297,0.302,U8,MN8014,21.717723602997555,4.384249294779282,WPG,SSPG,0.125,0.42464806686512413,0.20064149655311014,-1.5066636541564966,3,-1.9914474356903167,594.8,3.4,27.8
0.297,0.302,U8,MN8014,21.72362219722391,4.404221238717445,WPG,SSPG,0.125,0.42408743778550423,0.20164170310513724,-1.5024546438892816,6,-1.9749498910892775,596.1,3.4,27.8
0.297,0.302,U8,MN8014,21.733821445311996,4.430322959561367,WPG,SSPG,0.125,0.4239830486299728,0.201055168009643,-1.5084836618149715,7,-1.9861076349678122,596.3,3.4,28.0
0.297,0.302,U8,MN8014,21.744305296353343,4.438021674252109,WPG,SSPG,0.125,0.4240842771994931,0.20044343160701708,-1.5123843814141138,3,-1.9809445255375735,596.9,3.4,28.0
0.297,0.302,U8,MN8014,21.693744601642,4.399072084048928,WPG,SSPG,0.125,0.42455453464579396,0.20079964256933847,-1.5101981701411604,0,-1.9788449383618527,594.2,3.4,27.9
0.297,0.302,U8,MN8014,21.712010536762193,4.4397215266231465,WPG,SSPG,0.125,0.42386168575275385,0.20069114640243466,-1.5137596112054152,0,-1.9859123834286407,595.9,3.4,28.0
0.297,0.302,U8,MN8014,21.74565950929236,4.430862381126952,WPG,SSPG,0.125,0.4235943045674484,0.20062274634613703,-1.503887624731415,7,-1.9967981560775048,597.7,3.4,28.0
0.297,0.302,U8,MN8014,21.732816657034377,4.390491220866439,WPG,SSPG,0.125,0.4241964061014073,0.20063476893293952,-1.4985326615377224,4,-1.9939408410162702,595.3,3.4,27.9
0.297,0.302,U8,MN8014,21.745182960279855,4.416207737283008,WPG,SSPG,0.125,0.423684611783362,0.20064571571944234,-1.50198861837036,7,-1.9956557532117785,595.6,3.4,28.0
0.297,0.302,U8,MN8014,21.740008805878464,4.388674609609735,WPG,SSPG,0.125,0.42442943702777325,0.20133547806432922,-1.4981940073599225,1,-1.9887603876453515,593.0,3.4,28.0
0.297,0.302,U8,MN8014,21.73160681462508,4.384695069866288,WPG,SSPG,0.125,0.4240175815737015,0.20066531548741293,-1.493916788423664,5,-1.992425516831208,594.8,3.4,28.0
0.297,0.302,U8,MN8014,21.711185780140777,4.394382173570534,WPG,SSPG,0.125,0.424206116305457,0.20067766065612705,-1.4993753529567595,5,-1.9886392667667305,593.0,3.4,28.0
0.297,0.302,U8,MN8014,21.72605557972701,4.399029683402974,WPG,SSPG,0.125,0.42431070336555304,0.20084110370314387,-1.4943359183286586,3,-1.9881253593526207,594.4,3.4,28.1
0.297,0.302,U8,MN8014,21.739576967125114,4.376526214246871,WPG,SSPG,0.125,0.42490354346481146,0.2006511975076668,-1.4814051096550327,5,-1.9890210745929,592.2,3.4,28.0
0.297,0.302,U8,MN8014,21.718823362340622,4.36872031128975,WPG,SSPG,0.125,0.42435724365832406,0.20054079032875988,-1.4844433355443083,5,-1.99383469339155,594.5,3.4,28.0
0.297,0.302,U8,MN8014,21.72433864496284,4.375390720711398,WPG,SSPG,0.125,0.424848937835877,0.20038558254526317,-1.479307662966146,4,-1.986673993795641,595.8,3.4,28.1
0.297,0.302,U8,MN8014,21.71511281627655,4.3623578368906095,WPG,SSPG,0.125,0.4247235397926365,0.20065988459269407,-1.472917376281095,3,-1.9774460756353776,594.8,3.4,28.1
0.297,0.302,U8,MN8014,21.717087480703185,4.371723641477592,WPG,SSPG,0.125,0.4247953876455164,0.2003382926601836,-1.481209215294068,2,-1.9777205916574268,594.9,3.4,28.3
0.297,0.302,U8,MN8014,21.727150006717288,4.3840461591994915,WPG,SSPG,0.125,0.4247936292120703,0.20054769554467305,-1.4735662366190572,4,-1.9857310713879137,593.1,3.4,28.3
0.297,0.302,U8,MN8014,21.743261890087773,4.37954604738853,WPG,SSPG,0.125,0.424259967150142,0.2009756641957553,-1.4643651235313422,5,-1.9911539208903832,592.8,3.4,28.0
0.297,0.302,U8,MN8014,21.726315807340324,4.365419129737522,WPG,SSPG,0.125,0.42421288776839056,0.20138309188463754,-1.4661042350206053,3,-1.9915645955552375,592.5,3.4,28.2
0.297,0.302,U8,MN8014,21.713923549178844,4.352300962503272,WPG,SSPG,0.125,0.4250818212471351,0.20115493941200893,-1.4763603029131152,2,-1.98150976370842,592.1,3.4,28.2
0.297,0.302,U8,MN8014,21.712280486641134,4.3583444891472665,WPG,SSPG,0.125,0.4245599381807699,0.20067012096003484,-1.480329981432117,6,-1.9914244020075245,595.6,3.4,28.3
0.297,0.302,U8,MN8014,21.725938111598907,4.370182029290984,WPG,SSPG,0.125,0.4245218464262285,0.20090090988559808,-1.4676298321622276,4,-1.9940367532357524,592.3,3.4,28.1
0.297,0.302,U8,MN8014,21.720233944247575,4.390080472969979,WPG,SSPG,0.125,0.424629645229256,0.20075895034676117,-1.4691446658792155,6,-1.9928655974049612,592.1,3.4,28.1
0.297,0.302,U8,MN8014,21.734933316840706,4.377857461961542,WPG,SSPG,0.125,0.42482600364603407,0.20140767089857345,-1.4755307634440713,3,-1.9892535299531993,592.5,3.4,28.2
0.297,0.302,U8,MN8014,21.731501324664375,4.351267891070626,WPG,SSPG,0.125,0.4247817068054457,0.20125266672791853,-1.4576719548489887,1,-1.9915587553284997,591.4,3.4,28.2
0.297,0.302,U8,MN8014,21.72353261785862,4.385497189803836,WPG,SSPG,0.125,0.42463358670156115,0.20116410685432032,-1.4631270684809845,4,-1.9894606547667006,593.7,3.4,28.0
0.297,0.302,U8,MN8014,21.74593259427823,4.3875463396098375,WPG,SSPG,0.125,0.4241744085765169,0.2010569902688628,-1.4701503954165438,6,-1.987578195870082,595.8,3.4,28.1
0.297,0.302,U8,MN8014,21.720075265743834,4.375759181035479,WPG,SSPG,0.125,0.42423999585631356,0.20064714662612435,-1.4672914794375578,0,-1.9801645148708626,594.3,3.4,28.3
0.297,0.302,U8,MN8014,21.74711878889071,4.375536947640374,WPG,SSPG,0.125,0.4245182130176809,0.20057248092216642,-1.4666503788531744,1,-1.988731160303745,593.8,3.4,28.2
0.297,0.302,U8,MN8014,21.729274929866012,4.398784915947736,WPG,SSPG,0.125,0.42416768179605047,0.2007301984195474,-1.467532256593536,1,-1.996682470226693,592.8,3.4,28.1
0.297,0.302,U8,MN8014,21.718622309819768,4.373904831131968,WPG,SSPG,0.125,0.4245794995432403,0.20063420673761526,-1.4706038399608037,5,-1.988002522178995,595.2,3.4,28.2
0.297,0.302,U8,MN8014,21.725382634018434,4.3839486125163925,WPG,SSPG,0.125,0.4244839388263075,0.20054498329216983,-1.472980009445027,4,-1.9839295322204578,594.3,3.3,28.2
0.297,0.302,U8,MN8014,21.7325270096848,4.399152134292806,WPG,SSPG,0.125,0.424593565192242,0.20062084786237194,-1.474302513205893,1,-1.9908891429658269,594.3,3.4,28.1
0.297,0.302,U8,MN8014,21.741026863215154,4.392434125543219,WPG,SSPG,0.125,0.4242388278097274,0.20047234692972776,-1.4837959615620568,2,-1.9923595463019677,595.4,3.4,28.1
0.297,0.302,U8,MN8014,21.734806055995044,4.402129887296348,WPG,SSPG,0.125,0.4242417997406081,0.20050145542233982,-1.4853889791610768,6,-1.9928855290099303,595.9,3.4,28.1
0.297,0.302,U8,MN8014,21.745187634254634,4.39047453308139,WPG,SSPG,0.125,0.42422217744322605,0.20071554428170424,-1.4877030110782679,2,-1.9924451547562647,596.8,3.4,28.1
0.297,0.302,U8,MN8014,21.745719945938713,4.40524996600687,WPG,SSPG,0.125,0.42442761700130155,0.2006443172695317,-1.4953130659044578,4,-1.9918747897179134,596.4,3.4,28.0
0.297,0.302,U8,MN8014,21.733557810757926,4.4026439655854315,WPG,SSPG,0.125,0.4242676498484559,0.20099987404185923,-1.4858092572359456,1,-1.9928295355339056,594.8,3.4,27.9
0.297,0.302,U8,MN8014,21.727559109656422,4.3979060562657555,WPG,SSPG,0.125,0.4244818292319062,0.2005261809658718,-1.4846296619410262,0,-1.9866474749394847,595.8,3.4,28.0
0.297,0.302,U8,MN8014,21.72278897536153,4.4156918618708545,WPG,SSPG,0.125,0.42428865430479007,0.20063552729974912,-1.4959476231649214,3,-1.984345505781219,596.7,3.4,27.9
0.297,0.302,U8,MN8014,21.720408968471858,4.414099861845292,WPG,SSPG,0.125,0.42434196070551106,0.20073374674816624,-1.4962879590084721,5,-1.9874942595484058,596.7,3.4,27.9
0.297,0.302,U8,MN8014,21.731957073725706,4.4206518555796395,WPG,SSPG,0.125,0.424177774760016,0.20072329476661027,-1.4978841300671142,1,-1.9947059087206078,596.9,3.4,27.9
0.297,0.302,U8,MN8014,21.730134709262785,4.4182724330292125,WPG,SSPG,0.125,0.4242376188439084,0.20053318343638105,-1.4960592205210963,2,-1.994272358109363,597.1,3.4,28.0
0.297,0.302,U8,MN8014,21.741065532951527,4.423118540926717,WPG,SSPG,0.125,0.42414017086679257,0.20093294176156618,-1.4999837304518895,0,-1.9913826917720723,596.8,3.4,27.8
0.297,0.302,U8,MN8014,21.742029546852592,4.413200444994844,WPG,SSPG,0.125,0.4241882217298459,0.2007462583520542,-1.5010635119784084,1,-1.984354411945807,598.0,3.4,27.9
0.297,0.302,U8,MN8014,21.731076015802074,4.417910018407346,WPG,SSPG,0.125,0.4241318590134118,0.2006027060560274,-1.4994256083275295,0,-1.9948255621977502,598.3,3.4,28.0
0.297,0.302,U8,MN8014,21.729683595035073,4.411478145223204,WPG,SSPG,0.125,0.4241169335212474,0.20075703611784032,-1.49935544641277,6,-1.9872968011134908,597.7,3.4,28.0
0.297,0.302,U8,MN8014,21.726695308069683,4.408592406894798,WPG,SSPG,0.125,0.4242382804257423,0.20085269324315738,-1.5025145085275835,7,-1.986844706453832,598.3,3.4,28.0
0.297,0.302,U8,MN8014,21.736570310135725,4.4095074269229935,WPG,SSPG,0.125,0.4241613068972414,0.20064375883946883,-1.5029361845569476,3,-1.9922114670712254,599.1,3.4,28.0
0.297,0.302,U8,MN8014,21.740321939326993,4.402469895315794,WPG,SSPG,0.125,0.4242032259470862,0.20076467064439604,-1.499545433986268,2,-1.9943095716702768,598.6,3.4,27.9
0.297,0.302,U8,MN8014,21.73373512510252,4.4036271402128255,WPG,SSPG,0.125,0.42431334945257404,0.2007066873149084,-1.5004265455311827,2,-1.9910945097008241,598.6,3.4,27.9
0.297,0.302,U8,MN8014,21.735798547690354,4.415029301177563,WPG,SSPG,0.125,0.42423721253678187,0.2007966589635273,-1.5039334616401765,4,-1.9877857866691144,598.5,3.4,27.9
0.297,0.302,U8,MN8014,21.73153812667768,4.418163577583468,WPG,SSPG,0.125,0.4241709295703359,0.20073276361215298,-1.5060126820941473,3,-1.991238711472926,598.9,3.4,27.9
0.297,0.302,U8,MN8014,21.724897496753197,4.40790663736662,WPG,SSPG,0.125,0.42430967283875487,0.20055810497441212,-1.5028469723669653,7,-1.9907532646586805,598.7,3.4,28.0
0.297,0.302,U8,MN8014,21.734255914155362,4.4038236789748995,WPG,SSPG,0.125,0.42425381756740077,0.20066719201439145,-1.4985589826871295,1,-1.990977917278931,598.3,3.4,27.9
0.297,0.302,U8,MN8014,21.72537179383627,4.408702140597742,WPG,SSPG,0.125,0.4242325248368837,0.20052598549420497,-1.5009890412485403,2,-1.9919280008928624,598.4,3.4,28.0
0.297,0.302,U8,MN8014,21.727984877176013,4.402556644055956,WPG,SSPG,0.125,0.42430613951622015,0.20049944068237913,-1.5064685173323493,6,-1.9916142196749362,599.5,3.4,27.9
0.297,0.302,U8,MN8014,21.734593529024675,4.402560165360743,WPG,SSPG,0.125,0.42443411251466867,0.20068799513771418,-1.4955224312616386,6,-1.987460586256196,597.3,3.4,27.9
0.297,0.302,U8,MN8014,21.744258046242905,4.40595746794396,WPG,SSPG,0.125,0.424397752888114,0.20053695689561188,-1.4945957431159425,7,-1.9929016192030566,597.8,3.4,27.9
0.297,0.302,U8,MN8014,21.738436471260606,4.411300452021381,WPG,SSPG,0.125,0.4243476376589846,0.20039369995977172,-1.4978518204702524,3,-1.993348736685185,598.4,3.4,27.9
0.297,0.302,U8,MN8014,21.746473799482462,4.404160540363822,WPG,SSPG,0.125,0.42417173293815336,0.20055007956388532,-1.4936137235318812,6,-1.9871156454771626,598.4,3.4,28.0
0.297,0.302,U8,MN8014,21.737843930929774,4.397909109309823,WPG,SSPG,0.125,0.4243573532483235,0.2006405915011824,-1.4926697921766807,6,-1.991865105428234,597.7,3.4,28.0
0.297,0.302,U8,MN8014,21.735172603010813,4.388963530604354,WPG,SSPG,0.125,0.4244231253036736,0.20052296162099817,-1.4909144557180654,3,-1.9924095419816705,598.3,3.4,28.0
0.297,0.302,U8,MN8014,21.744942311521058,4.403913201307543,WPG,SSPG,0.125,0.42421654594792546,0.2004636150689596,-1.4976599530404608,4,-1.9894169824906172,598.8,3.4,28.0
0.297,0.302,U8,MN8014,21.746353643512975,4.406325001015296,WPG,SSPG,0.125,0.4242173327020862,0.20045407234700383,-1.4958377714013544,0,-1.9915362569373727,598.5,3.4,27.9
0.297,0.302,U8,MN8014,21.7437867185099,4.401976155426173,WPG,SSPG,0.125,0.42435621673682333,0.20040768207952622,-1.4987836662658391,3,-1.989829392077553,598.7,3.4,27.9
0.297,0.302,U8,MN8014,21.74795802509,4.398149592289819,WPG,SSPG,0.125,0.4242615035734857,0.2004112952126158,-1.4960663360834352,1,-1.989178872881622,598.4,3.4,27.9
0.297,0.302,U8,MN8014,21.7482742063267,4.397963065131503,WPG,SSPG,0.125,0.4242342274431047,0.2004882864768225,-1.4947516906611358,1,-1.99299995899211,597.9,3.4,28.0
0.297,0.302,U8,MN8014,21.747004440526045,4.3991073689044695,WPG,SSPG,0.125,0.4241966747815757,0.20033971509997842,-1.493947383424173,6,-1.988112122559416,597.8,3.4,28.0
0.297,0.302,U8,MN8014,21.74540976503426,4.3967787266539755,WPG,SSPG,0.125,0.4243314659753882,0.20028106430339454,-1.4984255028431042,1,-1.9846011790291822,598.4,3.4,28.0
0.297,0.302,U8,MN8014,21.748236286445653,4.3968146075892225,WPG,SSPG,0.125,0.4244533753851427,0.20033898302676884,-1.49499573399208,6,-1.9900026802626911,597.3,3.4,27.9
0.297,0.302,U8,MN8014,21.74350555119412,4.400652246021129,WPG,SSPG,0.125,0.4243167145976461,0.20024807604224767,-1.493740634637525,2,-1.9876165371921939,597.5,3.4,27.9
0.297,0.302,U8,MN8014,21.734055694841746,4.398934439680085,WPG,SSPG,0.125,0.4243976597587115,0.20029531883204454,-1.498652980460241,4,-1.9913930625817446,598.1,3.4,28.0
0.297,0.302,U8,MN8014,21.73425506072285,4.399204222757188,WPG,SSPG,0.125,0.42435553157826833,0.20040754223266138,-1.4995430238963372,0,-1.991486708373296,597.5,3.4,27.9
0.297,0.302,U8,MN8014,21.73818042759211,4.400334033516252,WPG,SSPG,0.125,0.4242792506719491,0.2004118121247714,-1.4996023259116031,1,-1.9934715492151671,597.3,3.4,28.0
0.297,0.302,U8,MN8014,21.72699626825574,4.394148127028228,WPG,SSPG,0.125,0.42437535797117015,0.20034407185159153,-1.4965764008694298,0,-1.9913989926835178,596.8,3.4,27.9
0.297,0.302,U8,MN8014,21.743620894248266,4.391978707949165,WPG,SSPG,0.125,0.4243861729580455,0.20043132710061742,-1.4965261772958993,1,-1.992944497012905,598.0,3.4,27.9
0.297,0.302,U8,MN8014,21.73366519000677,4.396298098306906,WPG,SSPG,0.125,0.42425680341244315,0.2003612580435469,-1.499369618669608,5,-1.9947409916470153,597.5,3.4,27.9
0.297,0.302,U8,MN8014,21.73708537230793,4.396769516587405,WPG,SSPG,0.125,0.4242615648609812,0.20037128184176264,-1.499072844443805,7,-1.9895481116631224,597.4,3.4,28.0
0.297,0.302,U8,MN8014,21.741279434700715,4.384975738726601,WPG,SSPG,0.125,0.42440814387431425,0.2003311174342779,-1.4944219667396246,4,-1.991396061505407,597.1,3.4,28.0
0.297,0.302,U8,MN8014,21.744433664778594,4.397144692696552,WPG,SSPG,0.125,0.42440301849913326,0.20032566589581388,-1.4945849976421675,7,-1.9926580334331945,597.0,3.4,28.0
0.297,0.302,U8,MN8014,21.731821082514543,4.400945607850506,WPG,SSPG,0.125,0.42439265923546265,0.20040712857027454,-1.498105993058684,4,-1.9904425660343303,596.9,3.4,28.0
0.297,0.302,U8,MN8014,21.72580532179725,4.395919291063039,WPG,SSPG,0.125,0.42449647062857504,0.2003942640403041,-1.4945922675021663,4,-1.9852787283109752,596.2,3.4,28.0
0.297,0.302,U8,MN8014,21.73131706898862,4.401463595278604,WPG,SSPG,0.125,0.42440130751534266,0.20041963573983484,-1.4984699596210882,4,-1.9919743507589622,596.9,3.4,28.0
0.297,0.302,U8,MN8014,21.729276475386083,4.406940623123381,WPG,SSPG,0.125,0.42447551637864467,0.2003775471552062,-1.4973072676952828,5,-1.9893069105733847,596.5,3.4,28.0
0.297,0.302,U8,MN8014,21.730563549336733,4.410591795046685,WPG,SSPG,0.125,0.42432172590161604,0.20026460088702755,-1.5011768806446117,2,-1.991684854593295,597.4,3.4,28.0
0.297,0.302,U8,MN8014,21.730526268648045,4.409255871193655,WPG,SSPG,0.125,0.424393184578697,0.20026874598423777,-1.4985890371542525,1,-1.9902359421160565,596.7,3.4,28.0
0.297,0.302,U8,MN8014,21.739838046833707,4.405935563524522,WPG,SSPG,0.125,0.42444924898011793,0.20042002593259675,-1.4967724470486334,4,-1.9917350201486297,596.5,3.4,27.9
0.297,0.302,U8,MN8014,21.73656992819449,4.411388440516194,WPG,SSPG,0.125,0.42438392374891853,0.20036857334360306,-1.4966643445236236,6,-1.990625361374752,596.7,3.4,27.9
0.297,0.302,U8,MN8014,21.729527843813322,4.408942026723589,WPG,SSPG,0.125,0.42451579959047503,0.20030038269677392,-1.495466439738848,0,-1.9920316971238865,595.9,3.4,27.9
0.297,0.302,U8,MN8014,21.73405503738708,4.4091160161211,WPG,SSPG,0.125,0.42439020779636816,0.2003053942657394,-1.4969788072134034,6,-1.9916651730455328,596.3,3.4,28.0
0.297,0.302,U8,MN8014,21.73731624271474,4.4122472679668645,WPG,SSPG,0.125,0.42434087973349266,0.20037069333682483,-1.4973895141035052,3,-1.992433141397635,596.6,3.4,28.0
0.297,0.302,U8,MN8014,21.736862008315818,4.413749712103797,WPG,SSPG,0.125,0.4242863354515127,0.20039665973451973,-1.4946730380114126,7,-1.9920141189574245,596.3,3.4,28.0
0.297,0.302,U8,MN8014,21.732671912034235,4.407645026956496,WPG,SSPG,0.125,0.424360162215289,0.20049816274512586,-1.4944006681345015,4,-1.9925513329867623,596.3,3.4,28.0
0.297,0.302,U8,MN8014,21.7321503290454,4.410647124782354,WPG,SSPG,0.125,0.42440614577370184,0.20036344803223965,-1.4957045075728503,1,-1.9909311884812109,596.2,3.4,28.0
0.297,0.302,U8,MN8014,21.732007345090217,4.415097540208553,WPG,SSPG,0.125,0.42445165382623257,0.20039448600874196,-1.4949145778150175,7,-1.9919377495893915,595.9,3.4,28.0
0.297,0.302,U8,MN8014,21.736463099224192,4.413165806363541,WPG,SSPG,0.125,0.4243744924061289,0.20044939558437297,-1.4952158805035916,1,-1.9896282711439799,596.4,3.4,28.0
0.297,0.302,U8,MN8014,21.736420516835466,4.411101270668201,WPG,SSPG,0.125,0.4244149229097228,0.20047621657235012,-1.492882044287688,6,-1.9916415888147476,596.0,3.4,27.9
0.297,0.302,U8,MN8014,21.738484303439076,4.4128327724208365,WPG,SSPG,0.125,0.42430620116566903,0.20043766355632414,-1.4956496028956907,4,-1.9904740192661095,596.6,3.4,28.0
0.297,0.302,U8,MN8014,21.74382764657301,4.409972824452161,WPG,SSPG,0.125,0.42435840305512673,0.20045865073551697,-1.4944107688038262,6,-1.9936760654115613,596.2,3.4,27.9
0.297,0.302,U8,MN8014,21.745454060629914,4.41518714255499,WPG,SSPG,0.125,0.4243066082431627,0.2004767960865662,-1.4964249012940376,0,-1.9924596793568092,596.6,3.4,28.0
0.297,0.302,U8,MN8014,21.745701809556678,4.415040309181323,WPG,SSPG,0.125,0.4243216447173666,0.20050642429803564,-1.4963345472191714,0,-1.990729653145241,596.7,3.4,28.0
0.297,0.302,U8,MN8014,21.74463971633371,4.414368729340376,WPG,SSPG,0.125,0.4243795250821931,0.2003991133773246,-1.4972099126263376,3,-1.983098572270693,596.9,3.4,28.0
0.297,0.302,U8,MN8014,21.74888461038335,4.4132166350251065,WPG,SSPG,0.125,0.42442192529704703,0.2004908419903011,-1.4956986306188977,2,-1.9926120239942477,596.3,3.4,27.9
0.297,0.302,U8,MN8014,21.74377378142873,4.416864127316405,WPG,SSPG,0.125,0.4244216328549686,0.20038824051323834,-1.4975610834157325,6,-1.9917525837262318,596.6,3.4,27.9
0.297,0.302,U8,MN8014,21.74342086428742,4.413113655342385,WPG,SSPG,0.125,0.42438482912777437,0.20041034053442344,-1.4959550352545876,2,-1.9890615851887485,596.6,3.4,27.9
0.297,0.302,U8,MN8014,21.748209370993514,4.415350645580643,WPG,SSPG,0.125,0.4243430463469943,0.20049386499596128,-1.4983861657052913,1,-1.9904549965097988,597.0,3.4,28.0
0.297,0.302,U8,MN8014,21.744399590927625,4.413406006660557,WPG,SSPG,0.125,0.4243188336485014,0.2004070534738826,-1.4998870776209812,4,-1.9929613982140495,597.4,3.4,27.9
0.297,0.302,U8,MN8014,21.742410723461806,4.41120135204589,WPG,SSPG,0.125,0.4242699482477094,0.20045248961605622,-1.500346057143226,2,-1.9935264418059155,597.5,3.4,28.0
0.297,0.302,U8,MN8014,21.740671170984267,4.414234547761563,WPG,SSPG,0.125,0.42421265546365594,0.2004136125213238,-1.4988014226357589,3,-1.9949400209880377,597.5,3.4,27.9
0.297,0.302,U8,MN8014,21.74686526011877,4.415922698233899,WPG,SSPG,0.125,0.42422095495563883,0.20041116335187836,-1.4953340590460225,2,-1.9915558312358552,596.8,3.4,27.9
0.297,0.302,U8,MN8014,21.747826600674326,4.41983859262572,WPG,SSPG,0.125,0.42420631384229224,0.20040457265187256,-1.4965061892926481,0,-1.9943248528602506,596.9,3.4,27.9
0.297,0.302,U8,MN8014,21.739883544578095,4.415495822605917,WPG,SSPG,0.125,0.4242974983388345,0.2003534351180124,-1.497627437546691,2,-1.9907300264300716,596.8,3.4,28.0
0.297,0.302,U8,MN8014,21.741433974409937,4.413774357557657,WPG,SSPG,0.125,0.4241910970417475,0.20036437216704098,-1.496553204192092,1,-1.9927790420132485,596.8,3.4,28.0
0.297,0.302,U8,MN8014,21.744987044482965,4.412262224196629,WPG,SSPG,0.125,0.4242357573155402,0.20037846992751385,-1.4984694903721105,2,-1.9914411755539607,597.1,3.4,28.0
0.297,0.302,U8,MN8014,21.745337316573355,4.4120602162478475,WPG,SSPG,0.125,0.4243664499248839,0.2003778046662264,-1.4978349989829165,5,-1.9934906746957086,596.4,3.4,28.0
0.297,0.302,U8,MN8014,21.742050167979276,4.417741964683735,WPG,SSPG,0.125,0.4242480190944953,0.20031583028126915,-1.49923047158605,7,-1.991915433492153,597.1,3.4,28.0
0.297,0.302,U8,MN8014,21.747218743035685,4.4164348138600245,WPG,SSPG,0.125,0.42425354702372514,0.20033265299485584,-1.5011815855049975,6,-1.9941885769611876,597.3,3.4,28.0
0.297,0.302,U8,MN8014,21.743680909813946,4.410807327024035,WPG,SSPG,0.125,0.42429597654750373,0.20031857867687194,-1.500436403532035,5,-1.9880196225902882,597.4,3.4,28.0
0.297,0.302,U8,MN8014,21.74090455542925,4.416238309338187,WPG,SSPG,0.125,0.4242534594767915,0.20032789629363487,-1.5015465308517153,4,-1.9941936729009768,597.5,3.4,28.0
0.297,0.302,U8,MN8014,21.7477999826757,4.412678878426906,WPG,SSPG,0.125,0.424250355631582,0.20032191434441188,-1.5017821582607118,7,-1.9942178982046865,597.4,3.4,28.0
0.297,0.302,U8,MN8014,21.749866628352734,4.416072379916986,WPG,SSPG,0.125,0.4242381221435649,0.20030778488955198,-1.5004596535092876,5,-1.9921574382091798,597.2,3.4,28.0
0.297,0.302,U8,MN8014,21.74864230553355,4.4164479742331455,WPG,SSPG,0.125,0.4242056014916144,0.20035483325357317,-1.4994296717158804,2,-1.992663269079772,597.2,3.4,28.0
0.297,0.302,U8,MN8014,21.748260827976143,4.41679762869176,WPG,SSPG,0.125,0.42424584463749576,0.20028760340542245,-1.5010342250911364,0,-1.9935311182638191,597.2,3.4,28.0
0.297,0.302,U8,MN8014,21.745611873145766,4.4169092830083585,WPG,SSPG,0.125,0.4242851999624677,0.20024110923956737,-1.501105220900897,3,-1.9939394896831057,597.0,3.4,28.0
0.297,0.302,U8,MN8014,21.740484446182748,4.415475277525578,WPG,SSPG,0.125,0.4242251907178217,0.20028276577544524,-1.5002629666598333,7,-1.994459276352405,597.2,3.4,28.0
0.297,0.302,U8,MN8014,21.743462473058983,4.416713931511446,WPG,SSPG,0.125,0.42417515408420425,0.20026543233813127,-1.4997412610750647,2,-1.9936206103012815,597.2,3.4,28.0
0.297,0.302,U8,MN8014,21.748111719718857,4.4180732669105005,WPG,SSPG,0.125,0.4241999302732909,0.20023978778459486,-1.501447103261076,1,-1.9940237571970556,597.3,3.4,28.0
0.297,0.302,U8,MN8014,21.74697693521024,4.42060085398258,WPG,SSPG,0.125,0.42413309504368063,0.2002747039421772,-1.5006577766076867,0,-1.9951183790245661,597.4,3.4,28.0
0.297,0.302,U8,MN8014,21.739012973759973,4.4196340604086926,WPG,SSPG,0.125,0.42420345919978986,0.20021232190252897,-1.5010611528685875,2,-1.9945087448281225,597.3,3.4,28.0
0.297,0.302,U8,MN8014,21.74022456667151,4.423670135654195,WPG,SSPG,0.125,0.4241904943712233,0.2001906303740063,-1.503774304496199,7,-1.994020097612438,597.6,3.4,28.1
0.297,0.302,U8,MN8014,21.73933449684445,4.421897236694971,WPG,SSPG,0.125,0.4241522528877116,0.20021918841095984,-1.5038607174137626,1,-1.9929519052514344,597.9,3.4,28.1
0.297,0.302,U8,MN8014,21.73903192563346,4.4207993040283675,WPG,SSPG,0.125,0.4241070607388868,0.200249813308512,-1.5045376495105702,4,-1.9943154660946316,598.2,3.4,28.1
0.297,0.302,U8,MN8014,21.745410584496977,4.420438068127933,WPG,SSPG,0.125,0.4241293015305325,0.20029965188455656,-1.5049292131881482,4,-1.993927345291798,598.5,3.4,28.0
0.297,0.302,U8,MN8014,21.746986343899145,4.425351773161937,WPG,SSPG,0.125,0.4241601868335375,0.20027267663526532,-1.5041609134449063,0,-1.9927454067458097,598.2,3.4,28.0
0.297,0.302,U8,MN8014,21.74839280288978,4.429885513350012,WPG,SSPG,0.125,0.4240890924915605,0.2002636755304361,-1.5048906918555263,5,-1.9918197657698702,598.6,3.4,28.0
0.297,0.302,U8,MN8014,21.748671970855916,4.432984800201239,WPG,SSPG,0.125,0.42398788742591137,0.20026481239472826,-1.5072127701422333,3,-1.994547225874852,599.0,3.4,28.1
0.297,0.302,U8,MN8014,21.742915673700786,4.4255998012412165,WPG,SSPG,0.125,0.4240999986357317,0.2002104377326696,-1.5059619966128197,2,-1.9918301044772395,598.5,3.4,28.1
0.297,0.302,U8,MN8014,21.745828039180722,4.4346361532774266,WPG,SSPG,0.125,0.42406135616393986,0.20018918329478577,-1.5089475544530568,2,-1.9895664128564352,599.3,3.4,28.1
0.297,0.302,U8,MN8014,21.742226616946965,4.432747386534939,WPG,SSPG,0.125,0.4240899771135493,0.20019600835616164,-1.5060685047593698,1,-1.9907464091738856,598.6,3.4,28.1
0.297,0.302,U8,MN8014,21.741425763094107,4.436190400545829,WPG,SSPG,0.125,0.42412407261346186,0.20018996504607486,-1.50591768473595,2,-1.9933548286540912,598.3,3.4,28.1
0.297,0.302,U8,MN8014,21.743940113940948,4.433803454457629,WPG,SSPG,0.125,0.4241501477147189,0.20021063444511675,-1.507012433486321,6,-1.9924598536390743,598.5,3.4,28.1
0.297,0.302,U8,MN8014,21.744667175981853,4.434327113374111,WPG,SSPG,0.125,0.4241072885193091,0.20021547377567042,-1.5053893624861905,4,-1.9939693642504235,598.2,3.4,28.1
0.297,0.302,U8,MN8014,21.739783129121097,4.4332746720817955,WPG,SSPG,0.125,0.4242036174005369,0.20025924529219236,-1.502707353597686,3,-1.9940755907959815,597.5,3.4,28.1
0.297,0.302,U8,MN8014,21.74388252072815,4.4384238576477815,WPG,SSPG,0.125,0.4240538605468409,0.2002468392931898,-1.507648668546145,1,-1.9933553938592468,599.0,3.4,28.1
0.297,0.302,U8,MN8014,21.73807345182439,4.432900983913332,WPG,SSPG,0.125,0.42417042398733745,0.20022896401695459,-1.50570618311264,4,-1.992770973310968,598.3,3.4,28.1
0.297,0.302,U8,MN8014,21.742411067663323,4.439951300531338,WPG,SSPG,0.125,0.42404404114025407,0.20019374100220336,-1.5091537437103548,1,-1.9927501795767046,599.3,3.4,28.1
0.297,0.302,U8,MN8014,21.744390353041805,4.440477875888682,WPG,SSPG,0.125,0.42399285155577854,0.2002100834911793,-1.5086876979000596,3,-1.9939238709294909,599.3,3.4,28.1
0.297,0.302,U8,MN8014,21.74499281329103,4.444113621039045,WPG,SSPG,0.125,0.42393571810367336,0.20021454151611195,-1.5104693200900454,5,-1.9936491383841854,599.9,3.4,28.1
0.297,0.302,U8,MN8014,21.742610715365156,4.440410396869082,WPG,SSPG,0.125,0.42403069793546283,0.2001911106477474,-1.5090036112675131,0,-1.992779030994825,599.3,3.4,28.1
0.297,0.302,U8,MN8014,21.74287403851598,4.446568843619801,WPG,SSPG,0.125,0.4239074965028259,0.20020964472007685,-1.5107407282481131,0,-1.9951523981174635,600.0,3.4,28.1
0.297,0.302,U8,MN8014,21.746554988510226,4.440206278877617,WPG,SSPG,0.125,0.4239206913424918,0.20023475964032128,-1.50956092886232,1,-1.993117078971535,599.8,3.4,28.1
0.297,0.302,U8,MN8014,21.74459710674488,4.44462683901521,WPG,SSPG,0.125,0.4238983201091642,0.20019199780355154,-1.5113097446732802,2,-1.9947324272416385,600.1,3.4,28.1
0.297,0.302,U8,MN8014,21.741114494514264,4.444604679049083,WPG,SSPG,0.125,0.42391336722531414,0.20017152105327674,-1.5119485102256296,5,-1.994957956075062,600.2,3.4,28.1
0.297,0.302,U8,MN8014,21.744723689774922,4.447340214852947,WPG,SSPG,0.125,0.42391431525099693,0.2001906856615621,-1.5134937101263852,1,-1.995041986832634,600.5,3.4,28.1
0.297,0.302,U8,MN8014,21.740575430012754,4.442192585868972,WPG,SSPG,0.125,0.4239159013533979,0.200184391179157,-1.5101658176474733,7,-1.9940176694752516,599.9,3.4,28.1
0.297,0.302,U8,MN8014,21.738136207123095,4.448896846765262,WPG,SSPG,0.125,0.4238813452716161,0.20019260468387481,-1.5107893384690176,5,-1.9944857469401285,600.2,3.4,28.1
0.297,0.302,U8,MN8014,21.741172769985173,4.4479333547889,WPG,SSPG,0.125,0.4239080195835749,0.20020599593749577,-1.5114902946281592,4,-1.994992355052572,600.2,3.4,28.1
0.297,0.302,U8,MN8014,21.738926901939152,4.448634918202528,WPG,SSPG,0.125,0.4238672696203656,0.20017736935843608,-1.5101265105009276,0,-1.9952856401955703,600.0,3.4,28.1
0.297,0.302,U8,MN8014,21.740256761959262,4.447363956560648,WPG,SSPG,0.125,0.4238645044966931,0.20017217223261904,-1.5096110723444907,3,-1.994524848871258,599.9,3.4,28.1
0.297,0.302,U8,MN8014,21.742947643325323,4.447411145062726,WPG,SSPG,0.125,0.4238398291369502,0.20019832693700657,-1.510460010178254,3,-1.9958167343934097,600.1,3.4,28.1
0.297,0.302,U8,MN8014,21.744334788002785,4.443828086464966,WPG,SSPG,0.125,0.4238489831841441,0.2002147088659806,-1.5093022266925176,5,-1.994564910649773,599.9,3.4,28.1
0.297,0.302,U8,MN8014,21.74125156676068,4.44592922851365,WPG,SSPG,0.125,0.4238676353191792,0.20019606837064122,-1.510031106458377,3,-1.9948469965494287,600.0,3.4,28.1
0.297,0.302,U8,MN8014,21.743637897624417,4.4460300933835555,WPG,SSPG,0.125,0.42385405874055826,0.2002143707058102,-1.5100596410655724,0,-1.9956235899322152,600.0,3.4,28.1
0.297,0.302,U8,MN8014,21.742197695128144,4.446753647923305,WPG,SSPG,0.125,0.42384083986521703,0.20018246333333672,-1.5101410255845675,6,-1.9958746708632003,600.0,3.4,28.1
0.297,0.302,U8,MN8014,21.744901965413398,4.446619680140487,WPG,SSPG,0.125,0.4238311744970805,0.20020711244378442,-1.5100433100815898,2,-1.996111331134344,600.0,3.4,28.1
0.297,0.302,U8,MN8014,21.743242526226435,4.449376859438234,WPG,SSPG,0.125,0.42377959963543577,0.20019985240143326,-1.510022795148241,5,-1.9959341304749056,600.2,3.4,28.1
0.297,0.302,U8,MN8014,21.742173404213172,4.447626264991452,WPG,SSPG,0.125,0.42378711502139393,0.20021489555750357,-1.5081480175836228,5,-1.9963294347193123,599.8,3.4,28.1
0.297,0.302,U8,MN8014,21.74226850726822,4.447684004321891,WPG,SSPG,0.125,0.4237994824687278,0.2002044314595599,-1.508081796711169,4,-1.9965850367862377,599.7,3.4,28.1
0.297,0.302,U8,MN8014,21.7434303275924,4.446748208944644,WPG,SSPG,0.125,0.4238090578624639,0.20020936822410826,-1.509039044979954,0,-1.9959880567863717,599.9,3.4,28.1
0.297,0.302,U8,MN8014,21.744656351573234,4.447479055066041,WPG,SSPG,0.125,0.42374745427010096,0.2002276410012368,-1.5077157084691442,2,-1.996636666451261,599.8,3.4,28.1
0.297,0.302,U8,MN8014,21.744633100403405,4.447854526325796,WPG,SSPG,0.125,0.423748925687529,0.20023776148242275,-1.5067462272624932,1,-1.996768809780388,599.6,3.4,28.1
0.297,0.302,U8,MN8014,21.74465649835954,4.446004941824119,WPG,SSPG,0.125,0.4237320759107946,0.2002496865427009,-1.506093892885245,7,-1.9958209525267279,599.6,3.4,28.1
0.297,0.302,U8,MN8014,21.742628357850425,4.446179168190026,WPG,SSPG,0.125,0.42378152620281706,0.2002384950410602,-1.5065164472686745,0,-1.996493716026352,599.5,3.4,28.1
0.297,0.302,U8,MN8014,21.74685871913104,4.443761308334325,WPG,SSPG,0.125,0.4236749497614286,0.2002587358126083,-1.506263344839839,5,-1.9959376244266576,599.8,3.4,28.1
0.297,0.302,U8,MN8014,21.746677531453567,4.447165364053295,WPG,SSPG,0.125,0.4236834781402332,0.20024617341073844,-1.5065317089708634,5,-1.9959795042267618,599.8,3.4,28.1
0.297,0.302,U8,MN8014,21.74892539761297,4.4435957989126,WPG,SSPG,0.125,0.423648524491675,0.200258106853032,-1.5056196378597393,5,-1.997650967918167,599.6,3.4,28.1
0.297,0.302,U8,MN8014,21.748086513361574,4.445088477411694,WPG,SSPG,0.125,0.42367376679206237,0.20030085632109748,-1.5049784827077468,4,-1.997610292215926,599.5,3.4,28.1
0.297,0.302,U8,MN8014,21.746172032595982,4.4425304595033195,WPG,SSPG,0.125,0.4237335980014081,0.20029899958223307,-1.5051661437179527,5,-1.9971744702505632,599.4,3.4,28.1
0.297,0.302,U8,MN8014,21.744714772721114,4.4419851350283,WPG,SSPG,0.125,0.4236932425212115,0.20027747060086704,-1.5038764979050545,5,-1.9977257415555716,599.2,3.4,28.1
0.297,0.302,U8,MN8014,21.748870402901705,4.442283804803248,WPG,SSPG,0.125,0.423656436844952,0.20029338191861779,-1.5036350346875542,1,-1.9964198951587573,599.3,3.4,28.1
0.297,0.302,U8,MN8014,21.746020142696594,4.440424558287357,WPG,SSPG,0.125,0.42374651493607274,0.20029696665899818,-1.5044789379170607,3,-1.9972301590216404,599.2,3.4,28.1
0.297,0.302,U8,MN8014,21.748249653219773,4.444137721407567,WPG,SSPG,0.125,0.42365045616610286,0.20031714402121784,-1.5044684660376562,1,-1.9976861647753736,599.5,3.4,28.1
0.297,0.302,U8,MN8014,21.749022892564295,4.443365209313703,WPG,SSPG,0.125,0.4236498638901002,0.20033484372132543,-1.5039475051055495,5,-1.9979333224795237,599.4,3.4,28.1
0.297,0.302,U8,MN8014,21.748779121033394,4.4436273369637505,WPG,SSPG,0.125,0.42365375544338457,0.20033821352199951,-1.5036466884614998,6,-1.9968380730332171,599.4,3.4,28.1
0.297,0.302,U8,MN8014,21.749966840125463,4.4429710189498595,WPG,SSPG,0.125,0.4236224796968788,0.20037212135601207,-1.5028661223345094,6,-1.9984064369773655,599.3,3.4,28.1
0.297,0.302,U8,MN8014,21.747944145643835,4.443339263360242,WPG,SSPG,0.125,0.42365039692768947,0.2003327236513191,-1.5037756252125907,4,-1.9975773900027765,599.4,3.4,28.1
0.297,0.302,U8,MN8014,21.74783021746902,4.443656168254749,WPG,SSPG,0.125,0.4236575843161321,0.20030128470603012,-1.504819846406206,1,-1.9980620221522347,599.5,3.4,28.1
0.297,0.302,U8,MN8014,21.74757773888675,4.442195238639721,WPG,SSPG,0.125,0.4236519244745312,0.20033623782621449,-1.503481628628293,7,-1.998360924187475,599.3,3.4,28.1
0.297,0.302,U8,MN8014,21.74815965191658,4.441546486711221,WPG,SSPG,0.125,0.42366664428311906,0.2003183174883394,-1.503301840670857,3,-1.9975790629575911,599.2,3.4,28.1
0.297,0.302,U8,MN8014,21.74756505333932,4.442225533236637,WPG,SSPG,0.125,0.4236709591577625,0.2003204014827779,-1.503034482368733,5,-1.9983358389964767,599.1,3.4,28.1
0.297,0.302,U8,MN8014,21.748576999200658,4.441576177077744,WPG,SSPG,0.125,0.4236577892963994,0.20032773925943417,-1.5022447369739083,6,-1.9978319518537582,599.0,3.4,28.1
0.297,0.302,U8,MN8014,21.747947874854113,4.441225237534984,WPG,SSPG,0.125,0.423665792592631,0.20032129971958126,-1.5019424753190935,3,-1.9979147238545671,598.9,3.4,28.1
0.297,0.302,U8,MN8014,21.748734808769647,4.4400185000781915,WPG,SSPG,0.125,0.4236478165084069,0.2003351525726907,-1.5017457696607825,5,-1.9985115662833088,598.9,3.4,28.1
0.297,0.302,U8,MN8014,21.74993356004783,4.441111032094803,WPG,SSPG,0.125,0.4236392756888354,0.20036433693432668,-1.5022717739938174,0,-1.998337463062743,599.1,3.4,28.1
0.297,0.302,U8,MN8014,21.747547188902292,4.440798809788841,WPG,SSPG,0.125,0.42365440993605047,0.20035934868609356,-1.5013536831047738,7,-1.998143022835757,598.9,3.4,28.1
0.297,0.302,U8,MN8014,21.748714993550763,4.440026746913267,WPG,SSPG,0.125,0.4236518044544657,0.20036104691719864,-1.5006076463408582,1,-1.9985862992893164,598.7,3.4,28.1
0.297,0.302,U8,MN8014,21.748704377153693,4.439799882891604,WPG,SSPG,0.125,0.42368165692950244,0.20036415406281377,-1.502254771878517,1,-1.9979850974695808,599.0,3.4,28.1
0.297,0.302,U8,MN8014,21.747666179161502,4.439237766141466,WPG,SSPG,0.125,0.42365858276544477,0.20036675536850854,-1.5009399941122137,1,-1.9983453722483642,598.8,3.4,28.1
0.297,0.302,U8,MN8014,21.74862921858807,4.439485776067739,WPG,SSPG,0.125,0.42364512698286283,0.20036345757172533,-1.500796501030415,7,-1.9981046700989307,598.8,3.4,28.1
0.297,0.302,U8,MN8014,21.74770332104583,4.43891063626423,WPG,SSPG,0.125,0.42364719698908015,0.2003666706290407,-1.5013200492853993,7,-1.9986773291406639,598.9,3.4,28.1
0.297,0.302,U8,MN8014,21.748088520301305,4.438678784901827,WPG,SSPG,0.125,0.42368049838546423,0.20036185097527598,-1.501810378563571,7,-1.9982367565368335,598.9,3.4,28.1
0.297,0.302,U8,MN8014,21.749217166429556,4.44024214264711,WPG,SSPG,0.125,0.4236553423556732,0.20035982267625127,-1.502065788072768,5,-1.998424493440881,599.0,3.4,28.1
0.297,0.302,U8,MN8014,21.74952571822,4.438623474063771,WPG,SSPG,0.125,0.4236691458199383,0.20038359757322952,-1.501993662652751,3,-1.974644397847861,598.9,3.4,28.1
0.297,0.302,U8,MN8014,21.748949274280633,4.439352960792068,WPG,SSPG,0.125,0.42367606640734223,0.20035811352349225,-1.5025180711229682,0,-1.9753051625251228,598.9,3.4,28.1
0.297,0.302,U8,MN8014,21.74928332664592,4.440252708545855,WPG,SSPG,0.125,0.42365416837433634,0.2003767411435254,-1.502453207417235,1,-1.9752869692912256,599.0,3.4,28.1
0.297,0.302,U8,MN8014,21.74926774693913,4.439251738774088,WPG,SSPG,0.125,0.4236551469356282,0.2003799975150218,-1.501976527012714,0,-1.975317320394396,598.9,3.4,28.1
0.297,0.302,U8,MN8014,21.748317598255536,4.439055852365224,WPG,SSPG,0.125,0.423668187438507,0.20036440003671083,-1.5017081482775514,5,-1.99858600644224,598.9,3.4,28.1
0.297,0.302,U8,MN8014,21.747199048651634,4.43837829562061,WPG,SSPG,0.125,0.42367927034291997,0.20036846328273453,-1.5019307306332759,4,-1.97572541740392,598.8,3.4,28.1
0.297,0.302,U8,MN8014,21.748038433286492,4.440241247392252,WPG,SSPG,0.125,0.42366595744521784,0.20037879646245169,-1.5021901497411838,5,-1.9758725217310094,598.9,3.4,28.1
0.297,0.302,U8,MN8014,21.747099181958347,4.442040525670035,WPG,SSPG,0.125,0.4236851247339732,0.20034841381854906,-1.5034696927148605,6,-1.9768340760008716,599.0,3.4,28.1
0.297,0.302,U8,MN8014,21.746735634308372,4.441704048040087,WPG,SSPG,0.125,0.4236795666166283,0.20033181348540308,-1.5032632633933682,6,-1.9775171311014539,598.9,3.4,28.1
0.297,0.302,U8,MN8014,21.74668353043027,4.4415464835086205,WPG,SSPG,0.125,0.4237008527844127,0.20034209019974944,-1.5034928210862368,5,-1.9775918425870707,598.9,3.4,28.1
0.297,0.302,U8,MN8014,21.747389960635246,4.4424955487639535,WPG,SSPG,0.125,0.42369840162840827,0.20032196095505445,-1.5041107537608143,3,-1.978887571035422,598.9,3.4,28.1
0.297,0.302,U8,MN8014,21.748065589103685,4.442979389490332,WPG,SSPG,0.125,0.42367083244677767,0.20031632220079845,-1.5052721396006554,5,-1.9792204205560413,599.2,3.4,28.1
0.297,0.302,U8,MN8014,21.74660039747139,4.4425842801938495,WPG,SSPG,0.125,0.42372630460429406,0.20031941775131612,-1.5050919587634022,3,-1.9794022755665477,599.0,3.4,28.1
0.297,0.302,U8,MN8014,21.745258112356545,4.444367424351281,WPG,SSPG,0.125,0.4237029147879882,0.2002992267229534,-1.505437710043882,7,-1.9816564511203563,599.0,3.4,28.1
0.297,0.302,U8,MN8014,21.74465257374857,4.445549426957952,WPG,SSPG,0.125,0.42371565479988105,0.20029363630854158,-1.5061779435461362,2,-1.9836278531992573,599.0,3.4,28.1
0.297,0.302,U8,MN8014,21.7474367367517,4.44634725173757,WPG,SSPG,0.125,0.42365037338661277,0.20030280685647653,-1.5074577246249325,7,-1.9847166597130474,599.4,3.4,28.1
0.297,0.302,U8,MN8014,21.7439265976573,4.449485163337702,WPG,SSPG,0.125,0.42370841556405003,0.2002463264904032,-1.5110088406816617,2,-1.988333842552894,599.7,3.4,28.1
0.297,0.302,U8,MN8014,21.743699293622825,4.449321053087744,WPG,SSPG,0.125,0.42372825933715075,0.20025407627267905,-1.5106978409109926,5,-1.9881390620491484,599.6,3.4,28.1
0.297,0.302,U8,MN8014,21.74354461426185,4.44991143763273,WPG,SSPG,0.125,0.4237749617723501,0.2001925528426821,-1.5145443722680931,2,-1.9903824028165094,600.0,3.4,28.1
0.297,0.302,U8,MN8014,21.745459273302444,4.449580176950065,WPG,SSPG,0.125,0.4237493015920091,0.20023280655947942,-1.5140286291716556,1,-1.9909231514471415,600.0,3.4,28.1
0.297,0.302,U8,MN8014,21.74411268861667,4.446919686389416,WPG,SSPG,0.125,0.4238018110180449,0.2002641335069997,-1.5142524217623181,1,-1.9938729766398602,599.8,3.4,28.1
0.297,0.302,U8,MN8014,21.749473157418173,4.445181485808183,WPG,SSPG,0.125,0.42376949530853236,0.2003354968998007,-1.513303656734032,5,-1.9949041642708476,599.7,3.4,28.1
0.297,0.302,U8,MN8014,21.746544598922203,4.443360901039042,WPG,SSPG,0.125,0.4237997602961422,0.2002901498094611,-1.5141859473492012,6,-1.9955997765173237,599.7,3.4,28.1
0.297,0.302,U8,MN8014,21.741630991222287,4.439522866936063,WPG,SSPG,0.125,0.4237944450763906,0.20021887101561867,-1.512117519369088,2,-1.995520154724062,599.2,3.4,28.1
0.297,0.302,U8,MN8014,21.747673461458643,4.4394487425248865,WPG,SSPG,0.125,0.4238262486906272,0.20031800130729122,-1.508143807773212,4,-1.9959504983874385,598.6,3.4,28.0
0.297,0.302,U8,MN8014,21.741111075524266,4.439346657585168,WPG,SSPG,0.125,0.42389612299966384,0.20030852044315445,-1.5082214067303619,0,-1.995896347428383,598.5,3.4,28.0
0.297,0.302,U8,MN8014,21.740021233736112,4.437629497306151,WPG,SSPG,0.125,0.42399570117556107,0.20023688795587183,-1.508475048216001,0,-1.9921184955882048,598.0,3.4,28.1
0.297,0.302,U8,MN8014,21.740463476393423,4.426688125154293,WPG,SSPG,0.125,0.4240349331662182,0.20034056199925274,-1.5028766915884288,2,-1.9937179851959197,597.1,3.4,28.0
0.297,0.302,U8,MN8014,21.742592597507837,4.435212220330262,WPG,SSPG,0.125,0.4240269033810799,0.20016803198806846,-1.5092062731629137,4,-1.9940968527631924,598.0,3.4,28.0
0.297,0.302,U8,MN8014,21.74375302605011,4.433317020401859,WPG,SSPG,0.125,0.4240582582027508,0.20016708904590289,-1.5102256330760355,1,-1.9921971009716124,598.2,3.4,28.0
0.297,0.302,U8,MN8014,21.739765388892526,4.426890305465997,WPG,SSPG,0.125,0.4241398785245002,0.2001964701335081,-1.5047635500304062,0,-1.992258545786834,596.9,3.4,28.0
0.297,0.302,U8,MN8014,21.74428508210156,4.423851852796448,WPG,SSPG,0.125,0.4240562103399161,0.2003062496996436,-1.5055855748281473,2,-1.9928329020671818,597.5,3.4,28.0
0.297,0.302,U8,MN8014,21.74751609186017,4.433261763543662,WPG,SSPG,0.125,0.42406078672197767,0.20024377525433604,-1.5104431284912108,5,-1.9946938958282079,598.2,3.4,28.0
0.297,0.302,U8,MN8014,21.748767636115613,4.4363827823886215,WPG,SSPG,0.125,0.4239195880253792,0.20035237352894547,-1.506838483770471,7,-1.9936761268456742,598.2,3.4,28.0
0.297,0.302,U8,MN8014,21.741360729215224,4.43758822211864,WPG,SSPG,0.125,0.4239385642317341,0.20026516474981482,-1.5103358776365865,4,-1.9945021416443307,598.5,3.4,28.1
0.297,0.302,U8,MN8014,21.742488749772622,4.436087266818298,WPG,SSPG,0.125,0.4241507339860673,0.20031125183937276,-1.5077953819938856,6,-1.9946710668032495,597.6,3.4,28.0
0.297,0.302,U8,MN8014,21.74835969872694,4.434026116241973,WPG,SSPG,0.125,0.42406932766082417,0.20035473175516416,-1.5097102084096572,5,-1.9924880850938784,598.4,3.4,28.0
0.297,0.302,U8,MN8014,21.746548055992303,4.4371485038023755,WPG,SSPG,0.125,0.42406319152480715,0.20036452516308165,-1.5107368874007978,4,-1.9942584418800582,598.6,3.4,28.0
0.297,0.302,U8,MN8014,21.747621625139907,4.431500546085734,WPG,SSPG,0.125,0.42404796474869155,0.20045048811702632,-1.5061084254003623,5,-1.9932721295782354,597.9,3.4,28.0
0.297,0.302,U8,MN8014,21.74680810948012,4.427835775324378,WPG,SSPG,0.125,0.42403689475985235,0.2005509510590492,-1.5042116747247938,7,-1.9948398295466507,597.7,3.4,28.0
0.297,0.302,U8,MN8014,21.749628001692276,4.429983845439447,WPG,SSPG,0.125,0.4240019627050903,0.20054109010907753,-1.5058606122134064,4,-1.9946717245586818,598.1,3.4,28.0
0.297,0.302,U8,MN8014,21.748990173622825,4.4370293008363575,WPG,SSPG,0.125,0.424019931220626,0.2004031974449941,-1.5094065510629173,4,-1.9926140395437706,598.6,3.4,28.0
0.297,0.302,U8,MN8014,21.746076367252172,4.427813325727393,WPG,SSPG,0.125,0.42413409113898637,0.20038695580604765,-1.5075427311773086,2,-1.9948781984306923,597.7,3.4,28.0
0.297,0.302,U8,MN8014,21.744720271163327,4.431294158683934,WPG,SSPG,0.125,0.424125592306633,0.20037203093146813,-1.507850736070331,7,-1.9946598391296213,597.8,3.4,28.0
0.297,0.302,U8,MN8014,21.744282016713235,4.42912339993237,WPG,SSPG,0.125,0.4241244194841147,0.2004353070052112,-1.5061505986666224,2,-1.9946987285684568,597.6,3.4,28.0
0.297,0.302,U8,MN8014,21.74444942866255,4.426315336756194,WPG,SSPG,0.125,0.42409723106875497,0.20040710338704754,-1.5061431066648843,6,-1.9949832869838193,597.6,3.4,28.0
0.297,0.302,U8,MN8014,21.745810972285227,4.429932597432334,WPG,SSPG,0.125,0.4240493124425406,0.20048262382500054,-1.507955344287453,4,-1.9951637949714804,598.3,3.4,28.0
0.297,0.302,U8,MN8014,21.744008223855662,4.4324274765233325,WPG,SSPG,0.125,0.4240537707260207,0.2004325574431153,-1.506019685232787,6,-1.9948498037256748,597.8,3.4,28.0
0.297,0.302,U8,MN8014,21.747389854911532,4.430353518123811,WPG,SSPG,0.125,0.4240240449034047,0.20054421234276706,-1.5067802029223203,5,-1.9943243076044048,598.3,3.4,28.0
0.297,0.302,U8,MN8014,21.74614980512532,4.429758189311416,WPG,SSPG,0.125,0.4240464946004372,0.20049984588013742,-1.5078357695328184,0,-1.9954851279414587,598.3,3.4,28.0
0.297,0.302,U8,MN8014,21.746978136677022,4.434447286868059,WPG,SSPG,0.125,0.4240152000528164,0.2004656693022034,-1.5083261760844275,3,-1.9939593334091743,598.5,3.4,28.0
0.297,0.302,U8,MN8014,21.744955915890827,4.432624045685733,WPG,SSPG,0.125,0.4240294827708657,0.20041209448986094,-1.5092234120711292,0,-1.9949034350546686,598.5,3.4,28.0
0.297,0.302,U8,MN8014,21.744311949431573,4.435093015913864,WPG,SSPG,0.125,0.4239709831045855,0.200419571710647,-1.5083195881283626,1,-1.9954817135527954,598.5,3.4,28.0
0.297,0.302,U8,MN8014,21.74370814607273,4.4329077596841895,WPG,SSPG,0.125,0.42397635545011636,0.2004242263756866,-1.507215731922568,5,-1.9949385356942493,598.3,3.4,28.0
0.297,0.302,U8,MN8014,21.745300975840554,4.431694490571819,WPG,SSPG,0.125,0.4239101754204912,0.20052058489416102,-1.5041051693542027,1,-1.9958787655488877,598.0,3.4,28.0
0.297,0.302,U8,MN8014,21.74401050464138,4.432853236149579,WPG,SSPG,0.125,0.4239227239732845,0.20046470783812692,-1.5069967152424733,2,-1.9954003859875247,598.5,3.4,28.0
0.297,0.302,U8,MN8014,21.743330292736616,4.434425960125217,WPG,SSPG,0.125,0.4238882485198438,0.20044579540839097,-1.506746353627789,6,-1.9959046422793474,598.5,3.4,28.0
0.297,0.302,U8,MN8014,21.74538949214495,4.433221427740755,WPG,SSPG,0.125,0.4238720810694553,0.20057838277402015,-1.5054192504114725,7,-1.996785108896736,598.5,3.4,28.0
0.297,0.302,U8,MN8014,21.747291883646625,4.439411061105728,WPG,SSPG,0.125,0.42385252732147294,0.20050179989739406,-1.509833052171846,1,-1.9966148491243008,599.3,3.4,28.0
0.297,0.302,U8,MN8014,21.74878295607198,4.438436184452483,WPG,SSPG,0.125,0.42375669012430106,0.20054091473504346,-1.5078365245390748,6,-1.9975856135078818,599.2,3.4,28.0
0.297,0.302,U8,MN8014,21.74466047666222,4.436852648350984,WPG,SSPG,0.125,0.42373511654556223,0.200502621528209,-1.506185466964864,3,-1.9977315645087597,598.9,3.4,28.0
0.297,0.302,U8,MN8014,21.743772862959318,4.443229180973143,WPG,SSPG,0.125,0.4237492398900645,0.20038444907590258,-1.5084824543437918,3,-1.9956209391125874,599.2,3.4,28.0
0.297,0.302,U8,MN8014,21.74275794645173,4.435544827070247,WPG,SSPG,0.125,0.423854679052737,0.2004703862789322,-1.506599293533581,7,-1.9951401185680702,598.7,3.4,28.0
0.297,0.302,U8,MN8014,21.741055467204472,4.439025958046084,WPG,SSPG,0.125,0.42380504960452536,0.20037566155089662,-1.5085936201881438,4,-1.9968241042036574,599.0,3.4,28.0
0.297,0.302,U8,MN8014,21.746827175576655,4.44165303693452,WPG,SSPG,0.125,0.4237091657659182,0.20042385858512946,-1.5097084688623734,0,-1.9962011718686483,599.6,3.4,28.0
0.297,0.302,U8,MN8014,21.747324648281236,4.436175199028061,WPG,SSPG,0.125,0.4236860025096907,0.20052470833170355,-1.5071434438089237,3,-1.9972482859081993,599.3,3.4,28.0
0.297,0.302,U8,MN8014,21.74428676561941,4.435303423876713,WPG,SSPG,0.125,0.42374267837755863,0.20049324911482846,-1.5077656696425494,5,-1.997743021878886,599.2,3.4,28.0
0.297,0.302,U8,MN8014,21.74779671821918,4.441568262717153,WPG,SSPG,0.125,0.4237258921405381,0.20047849219553895,-1.508314316661534,7,-1.9971400456326531,599.3,3.4,28.0
0.297,0.302,U8,MN8014,21.743269729929,4.446746179789143,WPG,SSPG,0.125,0.42372263153411055,0.20029215990446506,-1.51136461755576,5,-1.9973134695232506,599.6,3.4,28.0
0.297,0.302,U8,MN8014,21.747581417447094,4.443977218057289,WPG,SSPG,0.125,0.4237033954365571,0.2004002418278634,-1.5109474532801686,1,-1.9947902388321879,599.9,3.4,28.0
0.297,0.302,U8,MN8014,21.74353507053252,4.4416109486880995,WPG,SSPG,0.125,0.42374117857563764,0.20033472219760012,-1.510582749584987,2,-1.996736488265725,599.5,3.4,28.0
0.297,0.302,U8,MN8014,21.744436578768905,4.441273218730377,WPG,SSPG,0.125,0.423755049255762,0.20032327676629272,-1.5113396956272118,5,-1.996237582129682,599.6,3.4,28.0
0.297,0.302,U8,MN8014,21.746054291512966,4.446948868705509,WPG,SSPG,0.125,0.4237326136805755,0.20031602499147363,-1.5121678099837628,2,-1.9963155196980846,599.8,3.4,28.0
0.297,0.302,U8,MN8014,21.74212406638814,4.440260840262749,WPG,SSPG,0.125,0.42383167673369276,0.2003536639882899,-1.5090796648941858,2,-1.9957789827985266,599.0,3.4,28.0
0.297,0.302,U8,MN8014,21.742534807557515,4.440219964833974,WPG,SSPG,0.125,0.423824274596581,0.20036263076203695,-1.509179774088147,3,-1.9967911585707458,599.0,3.4,28.0
0.297,0.302,U8,MN8014,21.741911625034124,4.444783417069058,WPG,SSPG,0.125,0.4238110241746129,0.20025260420192606,-1.511977575451818,5,-1.996703192143265,599.4,3.4,28.0
0.297,0.302,U8,MN8014,21.7443140753542,4.440823304510226,WPG,SSPG,0.125,0.4237509489823923,0.20037310106228,-1.509481161643988,6,-1.9968054089481377,599.3,3.4,28.0
0.297,0.302,U8,MN8014,21.742590186568712,4.44215477677974,WPG,SSPG,0.125,0.4237799533052435,0.20032732336546757,-1.509954894727674,7,-1.9972794420754916,599.2,3.4,28.0
0.297,0.302,U8,MN8014,21.74226083887476,4.441594401981402,WPG,SSPG,0.125,0.4237849324481448,0.2003046186028365,-1.510079924978754,7,-1.9966284215867045,599.2,3.4,28.0
0.297,0.302,U8,MN8014,21.741976066137838,4.441738782413311,WPG,SSPG,0.125,0.4237783285905016,0.20033850537277453,-1.5093037342012467,7,-1.9973632356005453,599.1,3.4,28.0
0.297,0.302,U8,MN8014,21.741967856279757,4.44060211166007,WPG,SSPG,0.125,0.4237669251231548,0.20034666969603698,-1.508151275437361,7,-1.9975311695599753,598.9,3.4,28.0
0.297,0.302,U8,MN8014,21.7425381517542,4.441498165358899,WPG,SSPG,0.125,0.42374885090612935,0.20034027968059714,-1.5088172995558882,5,-1.9971429799439697,599.1,3.4,28.0
0.297,0.302,U8,MN8014,21.743315995967468,4.441227217900097,WPG,SSPG,0.125,0.4237367414832775,0.20032618193943058,-1.5094914494164147,3,-1.997741969000142,599.2,3.4,28.0
0.297,0.302,U8,MN8014,21.743746964648135,4.442774932422789,WPG,SSPG,0.125,0.4237447119979477,0.20033821837671592,-1.5089787692205525,1,-1.9974475076692233,599.1,3.4,28.0
0.297,0.302,U8,MN8014,21.74381017262557,4.443334677482473,WPG,SSPG,0.125,0.4237411140282051,0.20032888887462746,-1.5092724424527484,1,-1.9966245094936976,599.2,3.4,28.0
0.297,0.302,U8,MN8014,21.744551855235127,4.440269105190467,WPG,SSPG,0.125,0.4237148384873639,0.2003441605139224,-1.5081742643583682,7,-1.997863876124745,599.0,3.4,28.0
0.297,0.302,U8,MN8014,21.74433568315721,4.4393172959382,WPG,SSPG,0.125,0.4237184572124442,0.20037953454682966,-1.5073180320127098,0,-1.9977804659977032,598.9,3.4,28.0
0.297,0.302,U8,MN8014,21.74285383700977,4.437272510072829,WPG,SSPG,0.125,0.4237545701149102,0.20036942975013158,-1.5068556307768237,5,-1.9975211142518674,598.7,3.4,28.0
0.297,0.302,U8,MN8014,21.743492612386603,4.438770513379044,WPG,SSPG,0.125,0.42377225354472886,0.20035580058150881,-1.5069022435541906,1,-1.9975729528699802,598.6,3.4,28.0
0.297,0.302,U8,MN8014,21.744258624300816,4.438924226882833,WPG,SSPG,0.125,0.42371955432046693,0.20032810604073742,-1.5070483293462897,6,-1.9979875290453144,598.7,3.4,28.0
0.297,0.302,U8,MN8014,21.745600421473835,4.435883673998491,WPG,SSPG,0.125,0.42373666066303284,0.20045482817054913,-1.5041422436004346,1,-1.9979818477467433,598.3,3.4,28.0
0.297,0.302,U8,MN8014,21.746087367756033,4.440730415845508,WPG,SSPG,0.125,0.42370383687656243,0.20041467008973315,-1.506407942915697,0,-1.9978245486082074,598.8,3.4,28.0
0.297,0.302,U8,MN8014,21.747188927326597,4.4369182688542095,WPG,SSPG,0.125,0.42369132610848464,0.2004511100147885,-1.505632023988418,6,-1.9985226342208815,598.7,3.4,28.0
0.297,0.302,U8,MN8014,21.748741573503946,4.440411213856247,WPG,SSPG,0.125,0.42363484732129186,0.20044420794293427,-1.5064029728303832,6,-1.9986415126698116,599.0,3.4,28.0
0.297,0.302,U8,MN8014,21.747492442688724,4.433048979064054,WPG,SSPG,0.125,0.42366672453729753,0.2005952491286351,-1.5025919749458108,1,-1.9981312350903444,598.5,3.4,28.0
0.297,0.302,U8,MN8014,21.746716400562548,4.434471265274414,WPG,SSPG,0.125,0.4237103173548462,0.2005204673200208,-1.503460003666044,6,-1.9976518671146177,598.4,3.4,28.0
0.297,0.302,U8,MN8014,21.74773717793174,4.443027777830356,WPG,SSPG,0.125,0.42364489116211645,0.20042538097438248,-1.5089815721472812,6,-1.9986174057411965,599.5,3.4,28.0
0.297,0.302,U8,MN8014,21.746704574925182,4.434797278768444,WPG,SSPG,0.125,0.4236769152846763,0.20052314542385985,-1.5044843611958783,2,-1.9983450953960293,598.7,3.4,28.0
0.297,0.302,U8,MN8014,21.74992639444844,4.437224414166306,WPG,SSPG,0.125,0.42362355916669314,0.20054282236618712,-1.50548225625397,5,-1.997946243509924,599.1,3.4,28.0
0.297,0.302,U8,MN8014,21.74765964357432,4.434376172300337,WPG,SSPG,0.125,0.42367273295679436,0.20055889790898868,-1.5035193161826728,3,-1.9979050547017678,598.6,3.4,28.0
0.297,0.302,U8,MN8014,21.74707913837163,4.438444257287397,WPG,SSPG,0.125,0.4236677280432918,0.2005436977137666,-1.506379640248242,4,-1.998072424514712,599.2,3.4,28.0
0.297,0.302,U8,MN8014,21.748201108871083,4.4322902237364055,WPG,SSPG,0.125,0.4236923094934831,0.20060494605448598,-1.5033550005563534,4,-1.9979203922489859,598.6,3.4,28.0
0.297,0.302,U8,MN8014,21.74634276462948,4.435441539810387,WPG,SSPG,0.125,0.4237108186095163,0.20050960932981401,-1.5055922889507574,2,-1.9983288637341374,598.8,3.4,28.0
0.297,0.302,U8,MN8014,21.744265211909198,4.433725586604236,WPG,SSPG,0.125,0.4237566324308275,0.20042855632508252,-1.505450933536043,6,-1.9976221987796645,598.5,3.4,28.0
0.297,0.302,U8,MN8014,21.745819584135727,4.431955315192307,WPG,SSPG,0.125,0.42371851605613464,0.20054274936145255,-1.5038912162093263,2,-1.9983204462912347,598.5,3.4,28.0
0.297,0.302,U8,MN8014,21.746503040062585,4.429250470767008,WPG,SSPG,0.125,0.42371930340052644,0.20054928269585634,-1.5029143150071511,7,-1.9981156068135206,598.3,3.4,28.0
0.297,0.302,U8,MN8014,21.748364234127116,4.427503632570558,WPG,SSPG,0.125,0.4236926656191562,0.2006178743668545,-1.5015805663396715,7,-1.9986545264613316,598.2,3.4,28.0
0.297,0.302,U8,MN8014,21.749370547208148,4.422100479267019,WPG,SSPG,0.125,0.4237367550889297,0.20064594551084128,-1.5007165233050945,3,-1.9988600428251981,597.9,3.4,28.0
0.297,0.302,U8,MN8014,21.747210214310513,4.426573103437692,WPG,SSPG,0.125,0.42372916853204423,0.2004952502689094,-1.5042576115775073,3,-1.9982536420217674,598.4,3.4,28.0
0.297,0.302,U8,MN8014,21.746710674009805,4.421461531574235,WPG,SSPG,0.125,0.42374251038092703,0.20059273550216028,-1.5010953344536837,6,-1.9986450825591024,597.9,3.4,28.0
0.297,0.302,U8,MN8014,21.74825232557436,4.42741832086053,WPG,SSPG,0.125,0.42371804035707517,0.20051470701109592,-1.5039558933716577,5,-1.9982275099908478,598.4,3.4,28.0
0.297,0.302,U8,MN8014,21.746390391725704,4.420361328308896,WPG,SSPG,0.125,0.4237504676249054,0.20054597058026347,-1.5002415301594056,2,-1.998302193512849,597.6,3.4,28.0
0.297,0.302,U8,MN8014,21.74428006832643,4.424728082562372,WPG,SSPG,0.125,0.4237422733837882,0.2004740893071681,-1.5026021051996434,5,-1.9983840220324591,598.0,3.4,28.0
0.297,0.302,U8,MN8014,21.746524624743078,4.415680027807857,WPG,SSPG,0.125,0.4237685586569178,0.20060781337413075,-1.4975843582970936,2,-1.9985453058465534,597.1,3.4,28.0
0.297,0.302,U8,MN8014,21.743116500332402,4.420841836101626,WPG,SSPG,0.125,0.4237743734326054,0.20052723171607134,-1.5004935992039323,4,-1.9982493305415172,597.6,3.4,28.0
0.297,0.302,U8,MN8014,21.743205340451723,4.418962375381366,WPG,SSPG,0.125,0.4237629049077733,0.20059425342745454,-1.497804085746308,0,-1.9986044423225824,597.2,3.4,28.0
0.297,0.302,U8,MN8014,21.74345945489046,4.424410133602615,WPG,SSPG,0.125,0.4237289447409703,0.20052101215767404,-1.5006844711924625,7,-1.9977790833758533,597.8,3.4,28.0
0.297,0.302,U8,MN8014,21.74467562074145,4.430018403734391,WPG,SSPG,0.125,0.4237524921572726,0.2004881218022403,-1.5030894292951018,2,-1.9983358772975475,598.1,3.4,28.0
0.297,0.302,U8,MN8014,21.74414822081557,4.429931055842124,WPG,SSPG,0.125,0.4237471134596131,0.2004701668615178,-1.5036373115937354,5,-1.9983918756725334,598.2,3.4,28.0
0.297,0.302,U8,MN8014,21.74357862833105,4.428913803082835,WPG,SSPG,0.125,0.4237662187180973,0.2004404456772006,-1.50369141718323,7,-1.9981513875448602,598.1,3.4,28.0
0.297,0.302,U8,MN8014,21.74509308561333,4.431850611698517,WPG,SSPG,0.125,0.42372031382384995,0.20052048400425393,-1.504153575525178,5,-1.998503903745057,598.5,3.4,28.0
0.297,0.302,U8,MN8014,21.7440266172452,4.42569128955214,WPG,SSPG,0.125,0.42373424769495505,0.20046877836884774,-1.5038439842521765,7,-1.9981775344210977,598.3,3.4,28.0
0.297,0.302,U8,MN8014,21.746844658796086,4.432053025197475,WPG,SSPG,0.125,0.42370874617737797,0.2005104227363242,-1.5060124289880383,1,-1.998146756124747,598.9,3.4,28.0
0.297,0.302,U8,MN8014,21.74764770962091,4.42963860338172,WPG,SSPG,0.125,0.4236542446446755,0.20052049896100652,-1.5052698058756093,6,-1.9986764816253633,598.9,3.4,28.0
0.297,0.302,U8,MN8014,21.745820665889553,4.429767877617589,WPG,SSPG,0.125,0.4237106062177344,0.20057490931382232,-1.5043118855112285,7,-1.99827592928313,598.7,3.4,28.0
0.297,0.302,U8,MN8014,21.744921191618655,4.426825630885535,WPG,SSPG,0.125,0.4236956151644104,0.2005795252034793,-1.5034501932155309,6,-1.9981903750356427,598.6,3.4,28.0
0.297,0.302,U8,MN8014,21.7442204756839,4.425020625605329,WPG,SSPG,0.125,0.42372518389229774,0.20055980450831787,-1.5040935541961464,4,-1.998276948067872,598.6,3.4,28.0
0.297,0.302,U8,MN8014,21.746874666861984,4.425516443023776,WPG,SSPG,0.125,0.42372130708396283,0.20061729729476904,-1.5044124165220825,2,-1.9977419089699087,598.8,3.4,28.0
0.297,0.302,U8,MN8014,21.747512279811307,4.426942964341989,WPG,SSPG,0.125,0.4237110190532638,0.200625569712784,-1.5034588449357331,3,-1.9983396925863506,598.6,3.4,28.0
0.297,0.302,U8,MN8014,21.746219765976534,4.421191913214426,WPG,SSPG,0.125,0.42375031126704715,0.2007517833521479,-1.501078505356671,2,-1.9982132905240473,598.3,3.4,28.0
0.297,0.302,U8,MN8014,21.749352331279145,4.42552554910794,WPG,SSPG,0.125,0.4236624165408849,0.2007585270486911,-1.503411356157409,1,-1.9990899188958728,599.0,3.4,28.0
0.297,0.302,U8,MN8014,21.747797598150164,4.425507384583802,WPG,SSPG,0.125,0.4236851370979999,0.20075990392138413,-1.5039995325434292,5,-1.9988712229245102,599.1,3.4,28.0
0.297,0.302,U8,MN8014,21.749192476355095,4.420480460530127,WPG,SSPG,0.125,0.42368665542575423,0.20085463440091392,-1.4998763896930831,7,-1.9990059081173595,598.4,3.4,28.0
0.297,0.302,U8,MN8014,21.747512118697756,4.4251192870435085,WPG,SSPG,0.125,0.4237100693824949,0.20080766406729839,-1.5027808559020004,5,-1.9984772515576772,598.9,3.4,28.0
0.297,0.302,U8,MN8014,21.746977755629175,4.4253974488594645,WPG,SSPG,0.125,0.4236885626377182,0.20076653580346815,-1.501993412085432,7,-1.99867419122603,598.7,3.4,28.0
0.297,0.302,U8,MN8014,21.74910169996188,4.4246338577221715,WPG,SSPG,0.125,0.4236615721658646,0.20082235681187624,-1.5026500375269063,1,-1.999122624198657,599.0,3.4,28.0
0.297,0.302,U8,MN8014,21.747594579329657,4.423457736961411,WPG,SSPG,0.125,0.42367255145320326,0.20084638542743208,-1.501033573460032,4,-1.9992034472133895,598.7,3.4,28.0
0.297,0.302,U8,MN8014,21.74973954860134,4.422309996572873,WPG,SSPG,0.125,0.42362265328138177,0.20083553810485763,-1.5016148764593327,3,-1.9995724410183833,598.9,3.4,28.0
0.297,0.302,U8,MN8014,21.749123110717107,4.420992309962236,WPG,SSPG,0.125,0.4236651898102989,0.20086937332418284,-1.500323511926492,7,-1.9991318706492862,598.6,3.4,28.0
0.297,0.302,U8,MN8014,21.74992715143698,4.424450088448974,WPG,SSPG,0.125,0.4236227772941719,0.20081950017658198,-1.5004525622793872,6,-1.9996436579208492,598.6,3.4,28.0
0.297,0.302,U8,MN8014,21.749416688857337,4.429274300452183,WPG,SSPG,0.125,0.4236355888640182,0.2006662442924372,-1.5022601122399386,2,-1.9992815088638718,598.6,3.4,28.0
0.297,0.302,U8,MN8014,21.749378512944872,4.420765130274949,WPG,SSPG,0.125,0.4236744492131923,0.20088115190486286,-1.4988431007398302,5,-1.9986611873950633,598.3,3.4,28.0
0.297,0.302,U8,MN8014,21.746220468651718,4.421202191781469,WPG,SSPG,0.125,0.4237857555494211,0.20080069806642187,-1.499657695095928,1,-1.9981093896132318,598.0,3.4,28.0
0.297,0.302,U8,MN8014,21.746023981935327,4.4213129588515026,WPG,SSPG,0.125,0.4237737907549816,0.2007062853587786,-1.500150933192515,6,-1.9984043172847272,597.9,3.4,28.0
0.297,0.302,U8,MN8014,21.74714344163023,4.431627072527526,WPG,SSPG,0.125,0.4237022212210406,0.2006684484915621,-1.5042258173486667,5,-1.9985043035360235,598.9,3.4,28.0
0.297,0.302,U8,MN8014,21.74740767501071,4.429379564920957,WPG,SSPG,0.125,0.42368874477186114,0.20064418351411092,-1.502151734351486,7,-1.9990291974767604,598.4,3.4,28.0
0.297,0.302,U8,MN8014,21.747772680963205,4.430216386881495,WPG,SSPG,0.125,0.4237018512613545,0.20072041223524656,-1.5032837054299755,4,-1.9987225640215396,598.8,3.4,28.0
0.297,0.302,U8,MN8014,21.744849783721463,4.423875363128604,WPG,SSPG,0.125,0.4237783475430364,0.2006582162150436,-1.5006091279394376,6,-1.9982298621493104,597.9,3.4,28.0
0.297,0.302,U8,MN8014,21.74649601166479,4.426955207105185,WPG,SSPG,0.125,0.423749172388455,0.2006655939190508,-1.5017221225103314,4,-1.9986111146298313,598.2,3.4,28.0
0.297,0.302,U8,MN8014,21.746545032592717,4.4270858681982945,WPG,SSPG,0.125,0.42372310453779594,0.20065921192293779,-1.5009526846750425,0,-1.9986933225256553,598.1,3.4,28.0
0.297,0.302,U8,MN8014,21.747888828489966,4.428033950327382,WPG,SSPG,0.125,0.42369359231122705,0.2006953300729453,-1.502593062521457,1,-1.9989556607132712,598.6,3.4,28.0
0.297,0.302,U8,MN8014,21.746887411732413,4.426019589293414,WPG,SSPG,0.125,0.4237069792776737,0.20067281950086874,-1.5004348283074096,2,-1.9981713840624398,598.1,3.4,28.0
0.297,0.302,U8,MN8014,21.746726531164935,4.43306663529105,WPG,SSPG,0.125,0.42370220166232686,0.2005753971529159,-1.5034338275201673,4,-1.9986214106120848,598.5,3.4,28.0
0.297,0.302,U8,MN8014,21.74761861318282,4.430082744179671,WPG,SSPG,0.125,0.42368574980423246,0.20065164292331444,-1.5024302218406764,2,-1.9987664183479676,598.5,3.4,28.0
0.297,0.302,U8,MN8014,21.747222698712662,4.428795824948307,WPG,SSPG,0.125,0.42369265691764335,0.20062002633038972,-1.5015484801645973,4,-1.9990356086807957,598.2,3.4,28.0
0.297,0.302,U8,MN8014,21.745736580158464,4.423328123879991,WPG,SSPG,0.125,0.4237284973857832,0.20060608787811549,-1.4997233620982653,3,-1.9987194924425058,597.7,3.4,28.0
0.297,0.302,U8,MN8014,21.745265077476947,4.424250287212656,WPG,SSPG,0.125,0.4237370604367764,0.20061942212452516,-1.499159229283523,7,-1.9985860893923615,597.6,3.4,28.0
0.297,0.302,U8,MN8014,21.74579931697086,4.423145296169241,WPG,SSPG,0.125,0.4237508023460095,0.20061030512637473,-1.498074335719251,5,-1.9983349359349418,597.3,3.4,28.0
0.297,0.302,U8,MN8014,21.745804564045006,4.423693190670805,WPG,SSPG,0.125,0.42376063491820753,0.20058894137437944,-1.4984884816734554,6,-1.9983920367737067,597.3,3.4,28.0
0.297,0.302,U8,MN8014,21.74589569577384,4.42292857308709,WPG,SSPG,0.125,0.4237414502202561,0.20064014073122377,-1.497208315278607,2,-1.9986049672797144,597.2,3.4,28.0
0.297,0.302,U8,MN8014,21.746709042894647,4.422855943182064,WPG,SSPG,0.125,0.4237044141709254,0.2007541765948625,-1.4973613740255671,2,-1.9989957316391251,597.6,3.4,28.0
0.297,0.302,U8,MN8014,21.748538080769144,4.425022965880776,WPG,SSPG,0.125,0.4236702043550971,0.20067872056769678,-1.498753202161964,2,-1.9988471276430584,597.8,3.4,28.0
0.297,0.302,U8,MN8014,21.74884368344332,4.423206459867896,WPG,SSPG,0.125,0.4236725888779,0.2007443434202945,-1.4977225171512942,2,-1.999266926371705,597.7,3.4,28.0
0.297,0.302,U8,MN8014,21.748473504756404,4.425393939359299,WPG,SSPG,0.125,0.42366286859785185,0.200701101489012,-1.4989937509259763,3,-1.9994128378854334,597.9,3.4,28.0
0.297,0.302,U8,MN8014,21.746012848810054,4.422117374391472,WPG,SSPG,0.125,0.4237390538459986,0.2006523557160733,-1.4972144451522233,3,-1.9992296960615619,597.2,3.4,28.0
0.297,0.302,U8,MN8014,21.747551831223067,4.423923529549682,WPG,SSPG,0.125,0.4237125261875499,0.20069422400548537,-1.498793730901036,0,-1.9992667696291857,597.7,3.4,28.0
0.297,0.302,U8,MN8014,21.74775766108037,4.421743508632907,WPG,SSPG,0.125,0.42371000257085945,0.20076602960507245,-1.4979461227194433,1,-1.999242836287868,597.7,3.4,28.0
0.297,0.302,U8,MN8014,21.748390487617446,4.427879682810437,WPG,SSPG,0.125,0.4236861361294624,0.20070326978373126,-1.5001557921133213,6,-1.9990734733582247,598.1,3.4,28.0
0.297,0.302,U8,MN8014,21.74813894522478,4.422639244474897,WPG,SSPG,0.125,0.42369854712456084,0.20074780740545842,-1.4985072411968143,5,-1.9993595401584674,597.8,3.4,28.0
0.297,0.302,U8,MN8014,21.747819012874643,4.425374285404339,WPG,SSPG,0.125,0.42368945837664657,0.20071260068833743,-1.4987692780919557,1,-1.9994779077774023,597.8,3.4,28.0
0.297,0.302,U8,MN8014,21.747801755595578,4.425280900023562,WPG,SSPG,0.125,0.42368996569109013,0.20072744715934462,-1.499041139459133,4,-1.999381058530476,597.9,3.4,28.0
