thigh_length,calf_length,motor_left_name,motor_right_name,gear_left_ratio,gear_right_ratio,gearbox_left,gearbox_right,torso_distance,ik_height,ori_l,ori_theta,best_index,best_cost,ac1,ac2,ac3
0.297,0.302,U12,MN8014,11.496122071425043,10.1242066369032,CPG,CPG,0.1,0.3205817634434413,0.2027474218816567,-0.2739116627963154,2,8.06316195481886,515.5,5.0,29.6
0.297,0.302,U12,MN8014,13.065703494061852,12.57329633162058,CPG,CPG,0.1,0.3623474701523241,0.20882153866900446,-0.3769757185701863,3,8.258241824449243,367.9,4.2,23.2
0.297,0.302,U10,MN8014,13.496241086670933,11.615551175565695,CPG,CPG,0.1,0.31997855189972896,0.20353719411491145,-0.14594289998043508,3,1.8031246643385233,511.8,5.1,29.5
0.297,0.302,U12,MN8014,14.63732340589052,11.527019237682085,CPG,CPG,0.1,0.3577635958637408,0.20212722982757161,0.08485234837637878,5,8.20405516479501,573.8,4.6,32.3
0.297,0.302,U12,MN8014,14.805362072557044,9.217410451276209,CPG,CPG,0.1,0.3869136992069291,0.2018925477924856,0.23806421428893354,2,2.8234312451673276,419.8,5.1,28.6
0.297,0.302,U10,MN8014,15.959825049114922,10.086649443739882,CPG,CPG,0.1,0.38509171580347723,0.20278314828037697,0.42324966802322006,0,1.425816175817764,512.1,6.0,31.2
0.297,0.302,U10,VT8020,13.86344439921141,10.075614105837111,CPG,CPG,0.1,0.40481226180422564,0.22967778569469977,0.6725129990162753,6,1.0995664201087934,606.0,6.5,33.5
0.297,0.302,U10,VT8020,11.270424595136681,9.383096476082954,CPG,CPG,0.1,0.396519599074549,0.2026705158881269,0.6588020935727523,6,0.6978727591014584,530.0,6.6,40.3
0.297,0.302,U10,VT8020,14.66845621417601,7.797271135020091,CPG,CPG,0.1,0.44882929080572886,0.21309031777052162,1.2130787328203234,3,0.43697597306652636,577.6,7.5,37.8
0.297,0.302,U10,MN8014,11.459266754347837,8.370403986702893,CPG,CPG,0.1,0.40229360060030517,0.22633492653204557,0.9723478107289618,0,0.3797401665067941,578.5,6.8,36.5
0.297,0.302,U8,VT8020,14.145244242048541,9.769871857857726,CPG,CPG,0.1,0.41711273941701565,0.29332265501334964,1.110888134733913,2,2.405848024257123,630.1,5.1,29.1
0.297,0.302,U10,MN8014,11.229123224795394,10.040582694555932,CPG,CPG,0.1,0.420226891208878,0.22447535437594,1.0337370860911679,2,0.013280872374101804,612.2,4.3,32.5
0.297,0.302,U10,MN8014,11.529814195753676,14.424606540022914,CPG,CPG,0.1,0.4386391741364354,0.2585318064890372,0.9912435998799038,4,0.4511774120600327,584.8,5.1,28.4
0.297,0.302,U10,MN8014,10.7305309967611,11.299600489453884,CPG,CPG,0.1,0.4229114537574362,0.2978564324235702,0.8388532340817876,5,1.1097348646770842,543.6,3.4,31.6
0.297,0.302,U10,MN8014,13.250621588424229,13.731919608291502,CPG,CPG,0.1,0.4025841593676775,0.21839860772194516,0.96821944071023,1,0.6754016246010988,636.9,4.2,27.2
0.297,0.302,U10,MN8014,8.60250837440424,14.139957810700121,CPG,CPG,0.1,0.43718494275942565,0.2787925585135175,1.3218787275176047,5,0.2804183960880895,647.3,2.7,22.9
0.297,0.302,U10,VT8020,9.987987325329378,16.74691130102371,CPG,CPG,0.1,0.447573094697611,0.28430477997122067,1.1473251209258066,6,0.9338893057631941,707.2,3.2,26.1
0.297,0.302,U10,MN8014,11.039149268195573,17.165888113568606,CPG,WPG,0.1,0.4447306125881405,0.26960269982868595,0.9142352385828918,1,0.8420062802191053,479.3,2.8,37.4
0.297,0.302,U10,MN8014,9.295559751752624,13.112150453095623,CPG,CPG,0.1,0.4694154726684795,0.2950281322491772,0.7959686439147231,6,0.38647737849259034,633.0,3.8,33.6
0.297,0.302,U10,MN8014,10.578239039341476,13.73259510111552,CPG,CPG,0.1,0.4265245494334612,0.25449734343809616,0.9173753851678348,6,0.3103125876198778,638.3,4.0,31.5
0.297,0.302,U8,MN8014,7.367965887020372,11.968484701976905,CPG,CPG,0.1,0.45810066549517836,0.3323143273857576,0.7369391807962331,7,0.04554025108213633,565.3,3.0,38.4
0.297,0.302,U8,MN8014,8.787476817598392,15.09276901635341,CPG,CPG,0.1,0.4735668891621916,0.33953069929199287,0.8159027278064146,0,-0.1590116241683459,694.4,3.9,38.1
0.297,0.302,U8,MN8014,4.379722582034672,13.001583358560636,CPG,CPG,0.1,0.475648496628709,0.26941470633017917,1.014739701201599,2,-0.33600852669590964,695.1,2.8,40.9
0.297,0.302,U8,MN8014,4.693695978809309,13.276287448099705,CPG,CPG,0.1,0.47297316666636136,0.20160277178702476,0.7909705347842073,4,0.19349547323763794,586.4,3.9,36.4
0.297,0.302,U8,VT8020,5.3994046211062825,10.912252286557749,CPG,CPG,0.1,0.454502556913974,0.20650115944696404,0.6884509724781722,7,0.11000330164579708,554.3,6.6,49.8
0.297,0.302,U8,VT8020,4.417971740745505,11.854713787614209,CPG,CPG,0.1,0.4356889647365003,0.2117616218851869,0.736361953776032,3,-0.1852953600167222,587.5,4.3,38.5
0.297,0.302,U10,VT8020,5.332384915134548,10.281328166132422,CPG,CPG,0.1,0.43541622975315153,0.244130154410755,0.7193603647362332,6,0.26950863752044185,548.3,3.8,41.8
0.297,0.302,U10,MAD_M6C12,4.313995202973822,15.780664821278753,CPG,CPG,0.1,0.4402815768581943,0.25487476641275253,0.9568745618719081,0,-0.4449806659564395,671.1,5.5,40.2
0.297,0.302,U10,MAD_M6C12,4.028557403483132,16.22701997937119,CPG,CPG,0.1,0.42915611367899564,0.23289926893729393,1.1149766633832332,4,-0.48897930302083026,565.4,6.4,36.1
0.297,0.302,U10,MAD_M6C12,5.93857775463777,16.557622437933848,SSPG,CPG,0.1,0.43593052480264827,0.29102823576955,1.162181532673515,1,-0.28515814415371654,618.7,6.2,28.7
0.297,0.302,U10,MAD_M6C12,5.728905507665289,13.908983237064495,SSPG,CPG,0.1,0.3743635448055815,0.20159739558502163,0.6980710948711764,7,0.3733328334171615,461.7,8.3,42.3
0.297,0.302,U10,MAD_M6C12,4.000258236205528,12.594181580263731,CPG,CPG,0.1,0.3784317470022447,0.20050716577109648,0.8968742680580268,6,-0.3388229840168524,556.2,7.5,35.4
0.297,0.302,U8,MAD_M6C12,4.04780192284631,17.92132855650476,CPG,WPG,0.1,0.4525167669264914,0.279404219809147,0.8147510657756323,5,-0.6787618256621846,646.4,7.0,22.9
0.297,0.302,U10,MAD_M6C12,4.479831912611789,17.113811412709662,CPG,WPG,0.1,0.41331711923615294,0.21466963391881133,1.2368957975007384,1,-0.46711586546530626,619.8,8.4,26.6
0.297,0.302,U8,MAD_M6C12,8.867883198931942,14.107428563447833,CPG,CPG,0.1,0.4202436556053269,0.2117134734622856,1.0047262549511737,7,-0.8631507096719133,500.7,9.2,32.5
0.297,0.302,U8,MAD_M6C12,7.873998282242409,13.072745979332812,CPG,CPG,0.1,0.42709581625274035,0.2524269362809822,0.6879044200487048,0,-0.803572615148826,536.8,9.6,32.5
0.297,0.302,U8,MAD_M6C12,13.700965294451837,15.189589308229934,CPG,CPG,0.1,0.42509229114443486,0.21377961154987865,1.1411002660560032,1,-0.6706993801577523,549.0,9.7,28.8
0.297,0.302,U8,MAD_M6C12,6.557718747491345,15.345220122698569,CPG,CPG,0.1,0.43349488246672163,0.20013298117495953,1.5635506685621006,1,-0.899873903070362,632.8,9.9,31.6
0.297,0.302,U8,MAD_M6C12,6.1595822663493,16.01676436755054,CPG,CPG,0.1,0.4451414377753391,0.2001937881645308,1.4953548617009549,1,-0.18090989436984106,744.4,9.1,33.3
0.297,0.302,U8,MAD_M6C12,6.433021853969207,15.162755827224789,CPG,CPG,0.1,0.4570971611838648,0.21531514387933065,1.5655274201287357,4,-0.7246652297618725,714.7,9.9,36.1
0.297,0.302,U8,MAD_M6C12,8.322276832305764,15.734896174014734,CPG,CPG,0.1,0.448734463504736,0.20716437791197323,1.5599173540041718,4,-0.7959232818037103,595.8,9.2,30.8
0.297,0.302,U8,MAD_M6C12,5.2154296721761835,18.210520585384405,SSPG,WPG,0.1,0.43133519414076305,0.22334716250297573,1.3261524466557502,4,-1.0858325064103607,651.4,9.9,29.0
0.297,0.302,U8,MAD_M6C12,4.000304329645667,16.10637120963257,CPG,WPG,0.1,0.4091978201980138,0.20152618985791063,1.1108053010819212,2,-1.2469067710552908,616.3,8.2,37.9
0.297,0.302,U8,MAD_M6C12,5.3011741007358,17.54164801073353,CPG,CPG,0.1,0.4289330132336982,0.24183326190374463,1.423949022703563,4,-1.1950163950561485,613.5,8.4,25.4
0.297,0.302,U8,MAD_M6C12,6.482655005506524,17.45785910781664,CPG,CPG,0.1,0.4335147498874856,0.235471469723781,1.1437825729124906,2,-1.0706878550347607,656.3,10.0,33.9
0.297,0.302,U8,MAD_M6C12,4.9150209133182425,18.526951507766604,CPG,WPG,0.1,0.3977221925624498,0.22225220561157463,1.0948206628236266,2,-1.2400417933549317,652.6,7.9,29.2
0.297,0.302,U8,MAD_M6C12,4.483199398490498,18.27283701691132,CPG,WPG,0.1,0.3991432142804505,0.20175542209607472,1.367501389722586,2,-1.176822956609211,726.7,7.8,29.9
0.297,0.302,U8,MAD_M6C12,4.758866042182694,19.6215546678563,CPG,WPG,0.1,0.41527099827089586,0.2052242217347995,1.511507836439265,7,-1.3502077793774632,741.1,7.1,21.1
0.297,0.302,U8,MAD_M6C12,4.961934315081146,19.3477056818127,CPG,WPG,0.1,0.4042962655083623,0.23288668462398088,1.5511796588929228,6,-1.3705928590931151,763.6,7.1,27.1
0.297,0.302,U8,MAD_M6C12,4.2123173637794595,19.03503128932628,CPG,WPG,0.1,0.4225251649257796,0.2109827296658416,1.403407025562895,3,-1.3638904707116364,767.2,7.7,24.7
0.297,0.302,U8,MAD_M6C12,4.512575239110959,21.962378637068916,CPG,WPG,0.1,0.4322221285805373,0.21822584407583107,1.5469486084281914,6,-1.36479751225,844.0,9.4,17.1
0.297,0.302,U8,MAD_M6C12,4.397102464874802,20.568463173143336,CPG,WPG,0.1,0.42954852084465706,0.20051806869175876,1.5701356487744014,5,-1.370821470148833,764.0,9.0,21.8
0.297,0.302,U8,MAD_M6C12,4.031170553434374,20.80753547051992,CPG,WPG,0.1,0.4189926520502857,0.22201163843967517,1.464002112083917,1,-1.329020275199202,781.9,9.1,20.3
0.297,0.302,U8,MAD_M6C12,4.496726094421062,21.356153266383114,CPG,WPG,0.1,0.4222204033304051,0.21442704073037402,1.1328482271922367,1,-1.5061741974772183,806.8,8.1,15.6
0.297,0.302,U8,MAD_M6C12,4.633756878486566,21.307599989719403,CPG,WPG,0.1,0.41162290976263927,0.2000142421070323,1.3145771947895657,7,-1.4759873130152172,824.0,7.9,12.1
0.297,0.302,U8,MAD_M6C12,4.454580090311489,21.50622587079013,CPG,WPG,0.1,0.4243843380371617,0.20278437382983588,1.569255122751965,2,-1.4094542059506718,835.5,9.2,14.8
0.297,0.302,U8,MAD_M6C12,4.179865061977972,21.689606420761592,CPG,WPG,0.1,0.42293823636186545,0.2000820145568805,1.566872056800181,3,-1.4177139169511612,850.2,7.8,12.4
0.297,0.302,U8,MAD_M6C12,4.1257253712101765,22.523639390922984,CPG,WPG,0.1,0.41932579067240394,0.20770811246968793,1.5209818808071192,5,-1.4897015773231619,886.4,8.0,11.3
0.297,0.302,U8,MAD_M6C12,4.012725877380247,23.061615414591774,CPG,WPG,0.1,0.4102111911470955,0.20170830584932395,1.2330838761211145,3,-1.3206463866437854,865.3,9.1,14.0
0.297,0.302,U8,MAD_M6C12,4.049109161776522,22.475391682862547,CPG,WPG,0.1,0.419703777433047,0.224265713852082,1.3110606521929573,2,-1.5289725968517018,885.2,7.6,17.1
0.297,0.302,U8,MAD_M6C12,4.014322162257904,21.003374342055828,CPG,WPG,0.1,0.42130380487288055,0.20715667002452776,1.1668382422837644,6,-1.4920804796774885,845.4,7.8,12.3
0.297,0.302,U8,MAD_M6C12,4.00265933271418,21.260620324128826,CPG,WPG,0.1,0.4318776615986368,0.2022793087360786,0.643385320545184,7,-1.4729566695673597,846.3,8.2,13.1
0.297,0.302,U8,MAD_M6C12,4.497232057795291,21.363417633672952,CPG,WPG,0.1,0.4415150175967334,0.20128872997999606,1.1856958755147078,2,-1.3404858129231183,810.5,7.5,10.0
0.297,0.302,U8,MAD_M6C12,4.022560813220713,21.61577684214179,CPG,WPG,0.1,0.43709334318221615,0.20301056904228826,1.0118438929045648,6,-1.3801903873301065,883.4,6.4,14.9
0.297,0.302,U8,MAD_M6C12,4.017328507173805,23.733111631251813,CPG,WPG,0.1,0.4368749438656026,0.2145903889050603,0.8859246160835803,7,-1.3422640823507876,929.5,5.8,13.7
0.297,0.302,U8,MAD_M6C12,4.002360835183568,22.689448847536944,CPG,WPG,0.1,0.44528575712000373,0.2140204405817004,0.5667457365777282,5,-1.1873485957335888,814.9,7.9,13.8
0.297,0.302,U8,MAD_M6C12,4.457596000529,22.69484774657306,CPG,WPG,0.1,0.4321080118226801,0.20006041626497567,0.8654370587332005,5,-1.4943021457665555,894.1,7.6,14.7
0.297,0.302,U8,MAD_M6C12,4.000923176530171,24.197174575241487,CPG,WPG,0.1,0.4216807205945982,0.20285487783656422,0.5261067074545389,3,-1.3919413521684376,908.6,7.1,14.5
0.297,0.302,U8,MAD_M6C12,4.829434975214578,22.44547796284365,CPG,WPG,0.1,0.4185461049202643,0.2007685877908533,0.10739208943757039,2,-1.3746034165347734,906.1,7.4,23.8
0.297,0.302,U8,MAD_M6C12,4.762319310660769,20.989361170911877,CPG,WPG,0.1,0.42311001667332865,0.20215827772875392,0.04706294321966675,3,-1.3707822570679458,865.0,8.9,27.8
0.297,0.302,U8,MAD_M6C12,5.2265361676245305,22.967955118089197,SSPG,WPG,0.1,0.4295442587913374,0.21417022818236886,0.33579428632785113,7,-1.2050867064679363,905.8,8.8,20.0
0.297,0.302,U8,MAD_M6C12,4.017758395080749,22.001181104020024,CPG,WPG,0.1,0.4363943054706957,0.24166897826205144,0.3961993164344715,2,-1.2139568486956698,952.6,8.7,11.5
0.297,0.302,U8,MAD_M6C12,4.0362886261620625,19.80034808200304,CPG,WPG,0.1,0.41749749327823493,0.20433052518764702,0.13397017250760035,7,-1.375346040931893,941.0,9.1,22.1
0.297,0.302,U8,MAD_M6C12,4.080415962345261,19.95379855297245,CPG,WPG,0.1,0.42243732593993943,0.20621796318113078,0.2091127542186646,4,-1.406415391157811,974.9,9.5,23.8
0.297,0.302,U8,MAD_M6C12,4.089272845229577,20.95738725404751,CPG,WPG,0.1,0.4142160685058795,0.20074969494153935,-0.20306083907408579,6,-1.4529461668909143,926.6,8.8,26.5
0.297,0.302,U8,MAD_M6C12,4.062624209222345,20.376579346153157,CPG,WPG,0.1,0.4267053904615453,0.2071617663536461,0.06635945673548305,2,-1.3897775146461768,987.9,6.8,24.3
0.297,0.302,U8,MAD_M6C12,4.038213862313572,20.408839109939024,CPG,WPG,0.1,0.42878424079384536,0.20000473341353014,-0.08730166516699578,6,-1.37351319863774,967.1,8.6,25.6
0.297,0.302,U8,MAD_M6C12,4.165899140667611,22.475694821717823,CPG,WPG,0.1,0.4367343362061838,0.2093078239379146,0.2831384455256911,0,-1.466697604637977,936.6,7.9,19.1
0.297,0.302,U8,MAD_M6C12,4.38773553987708,20.953020895956925,CPG,WPG,0.1,0.43479973905748154,0.2116153281295525,0.2749832035524271,7,-1.415312161139866,990.3,7.7,24.8
0.297,0.302,U8,MAD_M6C12,4.0049502559660874,21.719594349174642,CPG,WPG,0.1,0.4129492684786074,0.20000423934913888,0.13796393646022875,0,-1.3874997474138624,999.6,6.9,28.3
0.297,0.302,U8,MAD_M6C12,4.077922810486871,22.842815128348562,CPG,WPG,0.1,0.43189711683541454,0.2060005229614206,0.3392534987944855,7,-1.5755609618414077,985.6,8.1,17.9
0.297,0.302,U8,MAD_M6C12,4.451416225291936,23.65526496892463,CPG,WPG,0.1,0.4212675776384767,0.20015621909329764,0.5915883583058092,2,-1.5428710854310275,995.8,7.5,18.3
0.297,0.302,U8,MAD_M6C12,4.4767308303821824,22.849619029171095,CPG,WPG,0.1,0.426049419534796,0.20044272056131354,0.3445475769316937,7,-1.559146461485506,997.7,8.3,24.6
0.297,0.302,U8,MAD_M6C12,4.049962450241243,22.580890630436844,CPG,WPG,0.1,0.4279076890783368,0.2010599141866803,0.47745520588464263,7,-1.4823528059571789,989.6,7.9,18.7
0.297,0.302,U8,MAD_M6C12,4.361812779937384,23.96702588752191,CPG,WPG,0.1,0.42940178089501424,0.2060564595402115,0.5996754180867905,7,-1.5590231782700386,996.1,7.8,15.2
0.297,0.302,U8,MAD_M6C12,5.006683031534982,22.793191598015298,CPG,WPG,0.1,0.4220405165328992,0.20236029537559921,0.23595801925870874,0,-1.5306591744690046,962.0,7.4,19.2
0.297,0.302,U8,MAD_M6C12,4.487967824431494,24.693007992159593,CPG,WPG,0.1,0.4216341080054193,0.20673587334432522,0.36998830615021205,7,-1.5247684084756479,984.4,6.8,17.4
0.297,0.302,U8,MAD_M6C12,4.1847889098743085,23.020101157693087,CPG,WPG,0.1,0.42777043717988905,0.20609432537893727,0.4212052688459864,4,-1.5050963471001886,987.1,7.0,16.9
0.297,0.302,U8,MAD_M6C12,4.2166144720748795,24.18903159869474,CPG,WPG,0.1,0.42076750178774597,0.20018076388224554,0.4284723503342567,0,-1.4849857392202033,984.9,7.1,16.8
0.297,0.302,U8,MAD_M6C12,4.0295460185740755,22.9925088052368,CPG,WPG,0.1,0.42758683495970007,0.20147593659169005,0.5502144558529496,1,-1.496446279421109,991.6,6.2,19.6
0.297,0.302,U8,MAD_M6C12,4.012583973996629,23.807963687906444,CPG,WPG,0.1,0.417110810681104,0.20011908180653623,0.3262216195720393,2,-1.5226140429757589,985.9,6.8,19.2
0.297,0.302,U8,MAD_M6C12,4.000207728509917,24.009043866763918,CPG,WPG,0.1,0.41997124517656936,0.20238634176674156,0.4101313122025556,7,-1.5039120517122075,988.7,6.7,18.0
0.297,0.302,U8,MAD_M6C12,4.011920769203596,22.961089895866316,CPG,WPG,0.1,0.42659593904608945,0.20020839458974338,0.29706342406986996,4,-1.5190023937387576,991.2,6.9,20.3
0.297,0.302,U8,MAD_M6C12,4.032519316344568,22.823379041760145,CPG,WPG,0.1,0.4200720092772825,0.20021527017297555,0.3296963779826987,6,-1.5899554191882164,952.2,7.3,19.1
0.297,0.302,U8,MAD_M6C12,4.032256705484097,22.469466286119374,CPG,WPG,0.1,0.42293707691149396,0.20000099581374026,0.2738619042198376,2,-1.5532572285662969,967.5,7.6,19.4
0.297,0.302,U8,MAD_M6C12,4.085638113610009,22.778246377290888,CPG,WPG,0.1,0.42308484091428933,0.2012414379451149,0.11281574139216466,5,-1.5608422039576624,961.0,7.8,19.2
0.297,0.302,U8,MAD_M6C12,4.00752026109526,22.522693218907833,CPG,WPG,0.1,0.4252552306724273,0.20179704993848968,0.22255981548054105,5,-1.5399569973817364,975.1,7.8,22.9
0.297,0.302,U8,MAD_M6C12,4.0004856341451305,22.793251845906987,CPG,WPG,0.1,0.4273513071687639,0.20168263287015056,0.032567996714689906,6,-1.553977423512885,954.9,7.9,22.7
0.297,0.302,U8,MAD_M6C12,4.1030922768057,22.994955281043833,CPG,WPG,0.1,0.424723149045512,0.20003941484023016,0.35558910371526053,6,-1.5241513979935792,967.9,7.3,18.9
0.297,0.302,U8,MAD_M6C12,4.17215500783993,23.82229984966265,CPG,WPG,0.1,0.421327243617398,0.20050953448030587,0.2537267040443374,1,-1.5216018889599034,988.2,7.2,18.7
0.297,0.302,U8,MAD_M6C12,4.029445138973522,23.60648188258203,CPG,WPG,0.1,0.4246876060289475,0.20046695268180126,0.460302675914241,2,-1.5501181742294232,981.0,7.2,17.1
0.297,0.302,U8,MAD_M6C12,4.055069176046327,23.839187764522883,CPG,WPG,0.1,0.4193883260945326,0.2002965871522176,0.25856309426488067,1,-1.5028451982632252,976.4,7.0,20.3
0.297,0.302,U8,MAD_M6C12,4.192883222022025,24.032217973794584,CPG,WPG,0.1,0.42247355738692516,0.20201204521457394,0.3762003266356724,2,-1.5304282429881688,990.6,6.9,18.6
0.297,0.302,U8,MAD_M6C12,4.001412854397004,23.59441242156545,CPG,WPG,0.1,0.4247986571392384,0.2001715289013043,0.4220397982162414,2,-1.565809366123803,988.1,7.2,20.5
0.297,0.302,U8,MAD_M6C12,4.128149112226472,23.625531854386246,CPG,WPG,0.1,0.42409230040316914,0.20001093377511647,0.38017338877401063,3,-1.5585275087050725,983.6,7.2,19.2
0.297,0.302,U8,MAD_M6C12,4.245377308805752,23.558158362585946,CPG,WPG,0.1,0.4217354462687216,0.20003466550689503,0.21027930014366847,0,-1.5455239032151855,988.4,7.3,20.3
0.297,0.302,U8,MAD_M6C12,4.136994720223753,23.710040037807975,CPG,WPG,0.1,0.4217075898219149,0.20071287020189077,0.38468319610188706,6,-1.5087695031942747,992.1,7.5,19.5
0.297,0.302,U8,MAD_M6C12,4.23009662193272,23.63973568414562,CPG,WPG,0.1,0.42268241189571526,0.20006056085056367,0.3359972564074556,7,-1.5844033790006034,995.2,7.7,20.3
0.297,0.302,U8,MAD_M6C12,4.048306877845126,23.589864580598302,CPG,WPG,0.1,0.42297645715658405,0.20001532436352903,0.30484937936581247,2,-1.5701949373707755,989.7,7.4,19.2
0.297,0.302,U8,MAD_M6C12,4.15778102491432,23.603242045973683,CPG,WPG,0.1,0.42495760287000184,0.20002944244809578,0.3784942410000647,3,-1.566371444938607,988.9,7.6,19.2
0.297,0.302,U8,MAD_M6C12,4.229366928505076,23.31926301670127,CPG,WPG,0.1,0.42093267788977995,0.2002696969342831,0.3045726045945094,0,-1.5448491870961476,985.2,7.3,20.1
0.297,0.302,U8,MAD_M6C12,4.240074129818444,23.302427379871453,CPG,WPG,0.1,0.42141731632011714,0.20011086885868548,0.22427981948373743,1,-1.545890064243201,989.7,7.0,20.6
0.297,0.302,U8,MAD_M6C12,4.182946749636066,23.648982524243383,CPG,WPG,0.1,0.4241332804817613,0.20009477600022565,0.28266253799124375,6,-1.5887645231859473,993.1,6.9,20.3
0.297,0.302,U8,MAD_M6C12,4.242663697446044,23.625172420586523,CPG,WPG,0.1,0.4217193026787873,0.2000166934620589,0.27300808056600867,3,-1.538745646286607,987.3,6.8,19.5
0.297,0.302,U8,MAD_M6C12,4.1912057912894065,23.847791609314584,CPG,WPG,0.1,0.4229784593443092,0.20000648275250185,0.3544857234992598,6,-1.5490268785726418,986.4,7.0,19.2
0.297,0.302,U8,MAD_M6C12,4.148890819781569,23.956196860723235,CPG,WPG,0.1,0.4227077387058181,0.20036114726315185,0.3212277560924466,4,-1.5373276099102622,983.1,7.3,18.5
0.297,0.302,U8,MAD_M6C12,4.174725597158068,23.846999377497475,CPG,WPG,0.1,0.4239309501682129,0.20029335728129374,0.42250471034223636,1,-1.5313676143845552,987.8,7.0,18.2
0.297,0.302,U8,MAD_M6C12,4.162604938996046,23.82410860504812,CPG,WPG,0.1,0.4237041859875552,0.2002540332758209,0.49072844182069986,2,-1.5451476972232943,985.4,7.0,17.5
0.297,0.302,U8,MAD_M6C12,4.160835245851059,23.770596473946313,CPG,WPG,0.1,0.422313526700932,0.20007480685612164,0.45623448435759784,0,-1.5451004688996957,983.2,6.8,17.5
0.297,0.302,U8,MAD_M6C12,4.228140358152207,23.7981271617625,CPG,WPG,0.1,0.42453189288338783,0.20033488633916402,0.4396264953668996,1,-1.5303650587784539,986.0,7.0,18.6
0.297,0.302,U8,MAD_M6C12,4.230013545419104,23.98508806372749,CPG,WPG,0.1,0.4247485120904941,0.2000290921241754,0.5374327164980484,4,-1.5756023016073897,987.3,7.1,17.2
0.297,0.302,U8,MAD_M6C12,4.185250369370591,23.837608181437798,CPG,WPG,0.1,0.4245322403857795,0.20102576314849563,0.4384245580123518,3,-1.5547356482127626,978.4,7.2,17.7
0.297,0.302,U8,MAD_M6C12,4.1990184753180895,23.618136486554242,CPG,WPG,0.1,0.4255172085408357,0.20151334221500639,0.3746691872228187,6,-1.5747116502936045,982.0,7.1,18.6
0.297,0.302,U8,MAD_M6C12,4.177626881571231,23.80272118915958,CPG,WPG,0.1,0.42445391756627887,0.20073094128440416,0.4905575488708358,5,-1.5478009067688063,981.6,7.3,17.6
0.297,0.302,U8,MAD_M6C12,4.139073424133506,23.5666209563031,CPG,WPG,0.1,0.426919969870431,0.20127793003048794,0.45947788515498544,2,-1.5458721886243492,983.0,7.2,17.8
0.297,0.302,U8,MAD_M6C12,4.240170525758173,23.637604618490574,CPG,WPG,0.1,0.42777236084845716,0.2054006188661529,0.47816652517975067,6,-1.5703768574252006,977.2,7.4,16.9
0.297,0.302,U8,MAD_M6C12,4.231146006422389,23.815573985680214,CPG,WPG,0.1,0.42611738025442963,0.20290757791294656,0.4366159031817136,6,-1.5621686267144472,977.6,7.2,17.3
0.297,0.302,U8,MAD_M6C12,4.221338436895002,23.608695348595838,CPG,WPG,0.1,0.4241608014084001,0.2003032998540074,0.4125057565547092,2,-1.5682071085424667,982.3,7.0,18.1
0.297,0.302,U8,MAD_M6C12,4.217822317700779,23.643960642832997,CPG,WPG,0.1,0.4245054549352755,0.2009119313954167,0.410485004826757,1,-1.5808605176837744,981.5,7.0,18.1
0.297,0.302,U8,MAD_M6C12,4.2303077353246605,23.6180041807532,CPG,WPG,0.1,0.42422570927384223,0.20138526091903616,0.4102853169801559,3,-1.5719801900756387,981.6,7.2,18.5
0.297,0.302,U8,MAD_M6C12,4.183919909247811,23.609403608441294,CPG,WPG,0.1,0.4234626651278189,0.20036256060129717,0.41020363680368566,2,-1.5656900616093559,986.0,7.0,18.3
0.297,0.302,U8,MAD_M6C12,4.157044865909968,23.628074845678725,CPG,WPG,0.1,0.423812381849062,0.20042368347121506,0.3934506449170305,0,-1.5834554815601916,986.9,7.1,19.2
0.297,0.302,U8,MAD_M6C12,4.125456940407683,23.624954380009836,CPG,WPG,0.1,0.42454037562311187,0.20070432953943626,0.38753176945264367,2,-1.5601631391572095,987.4,7.0,19.2
0.297,0.302,U8,MAD_M6C12,4.166418171389671,23.576464974457284,CPG,WPG,0.1,0.4241864270145433,0.20099277534212287,0.3870042983648232,4,-1.5653292881771694,983.9,7.0,19.2
0.297,0.302,U8,MAD_M6C12,4.20425167615294,23.639037727953994,CPG,WPG,0.1,0.42417101304515065,0.20089827943006525,0.362298303831464,1,-1.5947831256983793,982.9,7.0,19.0
0.297,0.302,U8,MAD_M6C12,4.188518816481592,23.617457053351327,CPG,WPG,0.1,0.4242361770225292,0.20035663186486669,0.34085868701176114,1,-1.5833941818619053,984.1,7.1,18.9
0.297,0.302,U8,MAD_M6C12,4.188630812127999,23.640164456159752,CPG,WPG,0.1,0.42469285765965514,0.20168397291127368,0.4128047686545433,7,-1.572831558640706,987.7,7.1,18.7
0.297,0.302,U8,MAD_M6C12,4.1940342958605346,23.642507956742612,CPG,WPG,0.1,0.42522919736337583,0.202818984995716,0.43026920869473173,3,-1.5814111346266273,986.1,7.2,18.6
0.297,0.302,U8,MAD_M6C12,4.226407261977563,23.635533011432813,CPG,WPG,0.1,0.4256080232175826,0.2030929508611457,0.42984989769797943,7,-1.5804081720205492,983.9,7.1,18.7
0.297,0.302,U8,MAD_M6C12,4.221158456984211,23.60874812350255,CPG,WPG,0.1,0.4246634199157398,0.20159110769346678,0.4711650377502572,1,-1.5626965376360982,984.9,6.8,18.5
0.297,0.302,U8,MAD_M6C12,4.241095351478219,23.563930359257363,CPG,WPG,0.1,0.42457109647900415,0.20297967272112463,0.4551100375881876,1,-1.5799748954869894,983.6,6.9,18.8
0.297,0.302,U8,MAD_M6C12,4.1754922214029895,23.575492431141093,CPG,WPG,0.1,0.42405395101421745,0.20095047872340202,0.4669298504215553,6,-1.5864646367802955,983.8,7.0,18.6
0.297,0.302,U8,MAD_M6C12,4.171744367377295,23.551723675617517,CPG,WPG,0.1,0.4251578230377193,0.20114969421859552,0.4593387585267408,7,-1.57394953736239,982.0,7.0,18.2
0.297,0.302,U8,MAD_M6C12,4.163401824566128,23.640807199685824,CPG,WPG,0.1,0.4246829541933158,0.20095178307152953,0.43059797704454006,1,-1.584639418077236,977.6,7.1,18.2
0.297,0.302,U8,MAD_M6C12,4.191823511838693,23.62611511086583,CPG,WPG,0.1,0.42389392791977043,0.20081642079308018,0.4619595127017644,3,-1.5847435208223004,980.8,6.9,18.2
0.297,0.302,U8,MAD_M6C12,4.189925197849328,23.627193287686094,CPG,WPG,0.1,0.4246208337156847,0.20065139435419166,0.4212862025952391,5,-1.5817963525681034,983.1,7.1,18.3
0.297,0.302,U8,MAD_M6C12,4.235599564364655,23.585876563342435,CPG,WPG,0.1,0.42543576664396787,0.20179349396416613,0.4484901926504685,6,-1.5662857813232804,978.8,7.1,18.3
0.297,0.302,U8,MAD_M6C12,4.179891619301923,23.559208176687417,CPG,WPG,0.1,0.42561130916288503,0.20152959453434888,0.42173929357595186,5,-1.576980232148646,981.4,7.2,18.5
0.297,0.302,U8,MAD_M6C12,4.196340829780112,23.61800158964664,CPG,WPG,0.1,0.42515454964474875,0.20117087344833864,0.3982073007543476,7,-1.5921974513710602,978.3,7.1,18.4
0.297,0.302,U8,MAD_M6C12,4.2310421203411215,23.57845770663705,CPG,WPG,0.1,0.42532810365178864,0.20081621781666387,0.39630088584118695,7,-1.5750959277478014,977.5,7.1,18.1
0.297,0.302,U8,MAD_M6C12,4.241391708248206,23.604289261525306,CPG,WPG,0.1,0.42623338828351554,0.20073920959733044,0.3751347580297224,2,-1.5772446997317715,978.0,7.1,18.1
0.297,0.302,U8,MAD_M6C12,4.2339453098861295,23.592547570419892,CPG,WPG,0.1,0.42477356693194696,0.20029731732441608,0.386060415729198,1,-1.5830788931578876,979.6,7.1,18.3
0.297,0.302,U8,MAD_M6C12,4.233130964858681,23.70515517358332,CPG,WPG,0.1,0.4236027021357739,0.2005932719221868,0.38911951969003966,6,-1.5431074539139509,976.2,7.0,18.4
0.297,0.302,U8,MAD_M6C12,4.154226121693,23.58981261252312,CPG,WPG,0.1,0.4251649954347837,0.20018681108737463,0.38092220434141444,2,-1.5753216348989714,982.3,7.1,18.7
0.297,0.302,U8,MAD_M6C12,4.173152197451451,23.58179217684361,CPG,WPG,0.1,0.42540495074099716,0.20073427000495275,0.38301451015791943,1,-1.5869583690190154,977.0,7.1,18.4
0.297,0.302,U8,MAD_M6C12,4.189798175930313,23.56491568856679,CPG,WPG,0.1,0.42532254159479876,0.20087032612903366,0.4161931606290199,6,-1.5805049339825619,980.6,7.1,18.4
0.297,0.302,U8,MAD_M6C12,4.176959992153569,23.565391995559217,CPG,WPG,0.1,0.4246075754592017,0.2004922662069097,0.39558145833069425,7,-1.578500277855495,979.2,7.0,18.6
0.297,0.302,U8,MAD_M6C12,4.1776135386240805,23.612473602121806,CPG,WPG,0.1,0.42494662115516046,0.20007984906778178,0.3733350886134237,1,-1.5895914389750807,977.9,7.0,18.3
0.297,0.302,U8,MAD_M6C12,4.203476450199295,23.575543198907692,CPG,WPG,0.1,0.4248308564176541,0.20073022070592406,0.3964446734092002,1,-1.5883277066478385,977.6,7.1,18.3
0.297,0.302,U8,MAD_M6C12,4.178211484876721,23.622178193508354,CPG,WPG,0.1,0.42487097690852565,0.20083853082984268,0.3980454081098519,2,-1.5910415220889504,976.9,7.1,18.4
0.297,0.302,U8,MAD_M6C12,4.206414097016973,23.61188928287035,CPG,WPG,0.1,0.42471220317308966,0.20058236342706343,0.4299211672582297,1,-1.5854037110285315,977.0,7.0,18.3
0.297,0.302,U8,MAD_M6C12,4.230826983248402,23.561811600443285,CPG,WPG,0.1,0.424511637790181,0.20063765530919445,0.40302469718263856,6,-1.5879761814291466,976.2,7.1,18.5
0.297,0.302,U8,MAD_M6C12,4.219153791847669,23.579747155608043,CPG,WPG,0.1,0.4242233208598438,0.20049081166889604,0.3917252579792363,0,-1.59706638801185,977.8,7.1,18.9
0.297,0.302,U8,MAD_M6C12,4.227973869189244,23.636421983197057,CPG,WPG,0.1,0.42413634755911667,0.20057801217692442,0.4251695340103805,0,-1.5913609907929587,978.3,7.1,18.3
0.297,0.302,U8,MAD_M6C12,4.209816331136967,23.60896987663336,CPG,WPG,0.1,0.4243279863203394,0.2007574521650996,0.39463334853229415,2,-1.589762909877761,978.7,7.2,18.8
0.297,0.302,U8,MAD_M6C12,4.223841139886848,23.622499620097962,CPG,WPG,0.1,0.424695713124585,0.20155404723620599,0.40022146354017374,0,-1.60063653334808,978.4,7.3,18.6
0.297,0.302,U8,MAD_M6C12,4.238169123488694,23.62524118926253,CPG,WPG,0.1,0.42494110654158124,0.20229072122956598,0.4460598007477774,7,-1.5877624431919966,979.1,7.3,18.3
0.297,0.302,U8,MAD_M6C12,4.2364099578240335,23.635036806185337,CPG,WPG,0.1,0.4240449090031769,0.20112261082142607,0.4390566035341119,0,-1.5989557151636955,976.9,7.3,18.3
0.297,0.302,U8,MAD_M6C12,4.209345744588653,23.604834024080482,CPG,WPG,0.1,0.42356511644630934,0.20091555377621484,0.4237974735461918,1,-1.5905004710750994,978.5,7.2,18.7
0.297,0.302,U8,MAD_M6C12,4.230240906504016,23.636853072704124,CPG,WPG,0.1,0.42364502328534615,0.20052846090567522,0.41768384379329326,3,-1.5988919062063012,976.4,7.1,18.4
0.297,0.302,U8,MAD_M6C12,4.20094678690675,23.602091162814844,CPG,WPG,0.1,0.42459995910272585,0.20042704466080805,0.39472716778051553,5,-1.5699026876128332,981.8,7.2,18.5
0.297,0.302,U8,MAD_M6C12,4.229728148276504,23.60326981318584,CPG,WPG,0.1,0.4249027031919671,0.20089971736620435,0.43083730277378196,7,-1.5853329579312518,980.3,7.2,18.2
0.297,0.302,U8,MAD_M6C12,4.215728043701078,23.57980548874637,CPG,WPG,0.1,0.4242487573514635,0.20064067217892317,0.4027860719837222,6,-1.5947269131878503,978.6,7.1,18.6
0.297,0.302,U8,MAD_M6C12,4.232996493494909,23.585732145950786,CPG,WPG,0.1,0.42481283538149106,0.20103005176270217,0.4178253296094694,2,-1.5848732019480138,977.9,7.1,18.2
0.297,0.302,U8,MAD_M6C12,4.230443457461939,23.598623118234972,CPG,WPG,0.1,0.42448562421689484,0.2010040176147234,0.43113543433207013,5,-1.5860415683650047,979.1,7.1,18.2
0.297,0.302,U8,MAD_M6C12,4.232419798480516,23.604812096453617,CPG,WPG,0.1,0.4236774502826274,0.2008080616245507,0.4171175096641191,1,-1.597131167672261,979.9,7.1,18.4
0.297,0.302,U8,MAD_M6C12,4.246773203210316,23.63264219738238,CPG,WPG,0.1,0.42305206820268676,0.2008851491325938,0.4388028489888769,0,-1.600047111834904,979.5,7.0,18.4
0.297,0.302,U8,MAD_M6C12,4.248549326129171,23.56899851359949,CPG,WPG,0.1,0.4240788577101805,0.20064483599149194,0.4218643036820895,0,-1.584545476774709,977.2,7.0,18.2
0.297,0.302,U8,MAD_M6C12,4.236146551512658,23.58111454761938,CPG,WPG,0.1,0.4245909965278248,0.2013524274580115,0.42443999107944763,6,-1.5908392625613548,979.1,7.1,18.3
0.297,0.302,U8,MAD_M6C12,4.243412997387325,23.58296832265295,CPG,WPG,0.1,0.4241717782840614,0.20149559908299636,0.4493150680567055,6,-1.5938009028769038,980.5,7.1,18.1
0.297,0.302,U8,MAD_M6C12,4.240784573047522,23.599433707630435,CPG,WPG,0.1,0.42514439988424324,0.20165341063845485,0.4214196214429029,7,-1.5900107699415038,979.5,7.1,18.0
0.297,0.302,U8,MAD_M6C12,4.242370947804522,23.59345512526804,CPG,WPG,0.1,0.42472246117345497,0.20099205435392412,0.40743758535593333,6,-1.5848547922765555,978.8,7.1,18.1
0.297,0.302,U8,MAD_M6C12,4.24663206849563,23.592928313585666,CPG,WPG,0.1,0.42511340975008416,0.2017573292595176,0.4172992374768969,6,-1.59817543855835,978.3,7.1,18.1
0.297,0.302,U8,MAD_M6C12,4.245683048193026,23.64162131004055,CPG,WPG,0.1,0.4248588666721067,0.2012877999666944,0.4136525911828717,7,-1.5935375494210149,978.2,7.1,18.0
0.297,0.302,U8,MAD_M6C12,4.239518118190461,23.63588681251183,CPG,WPG,0.1,0.42427211178350177,0.20092207221030497,0.4225911400225191,7,-1.588053413928339,978.1,7.0,18.1
0.297,0.302,U8,MAD_M6C12,4.236403786069434,23.625947222675535,CPG,WPG,0.1,0.42403883106799767,0.20104997908280664,0.43458128754726344,6,-1.5962149840111284,978.6,7.0,18.2
0.297,0.302,U8,MAD_M6C12,4.23929656030084,23.61197184630438,CPG,WPG,0.1,0.42418537704864967,0.2011018534137607,0.43360915930259436,0,-1.5967819744648661,978.0,7.0,18.1
0.297,0.302,U8,MAD_M6C12,4.245880774550091,23.610242234274853,CPG,WPG,0.1,0.4239885470167742,0.20089740010892754,0.4434333097854437,7,-1.5973025517839243,977.5,7.0,18.0
0.297,0.302,U8,MAD_M6C12,4.242188454949138,23.628076989741196,CPG,WPG,0.1,0.4238175277841778,0.2008676453580704,0.4529271248441029,2,-1.5974313379752747,977.7,7.0,17.9
0.297,0.302,U8,MAD_M6C12,4.238228682901742,23.602820440442184,CPG,WPG,0.1,0.42349512717689713,0.2007600743643601,0.4399806733651559,1,-1.5973963057125804,978.4,7.0,18.2
0.297,0.302,U8,MAD_M6C12,4.235573015710742,23.626446520905514,CPG,WPG,0.1,0.42380264403010304,0.20060303118694486,0.45319684001992044,2,-1.5919257815678858,980.1,7.0,17.9
0.297,0.302,U8,MAD_M6C12,4.241528680900721,23.613379082858145,CPG,WPG,0.1,0.423428952023416,0.20037232991070436,0.41266761058252155,0,-1.6031916906526398,978.8,7.0,18.2
0.297,0.302,U8,MAD_M6C12,4.235614903859019,23.603695340140007,CPG,WPG,0.1,0.4234907613880735,0.2003573086662813,0.43011792945940863,1,-1.5986884893846938,978.3,7.0,18.2
0.297,0.302,U8,MAD_M6C12,4.234840633214809,23.60527284808806,CPG,WPG,0.1,0.42290776606387065,0.20014445487099572,0.4250032992393442,5,-1.5994880051123097,978.4,7.0,18.3
0.297,0.302,U8,MAD_M6C12,4.246471989890475,23.626848702645958,CPG,WPG,0.1,0.4231728009194001,0.20010824946074407,0.4225104177960681,5,-1.599161535539217,978.8,7.1,18.2
0.297,0.302,U8,MAD_M6C12,4.233229964146748,23.614764552011238,CPG,WPG,0.1,0.4234095179586755,0.20001897189958662,0.42084807915659606,6,-1.5958757922024684,978.9,7.0,18.4
0.297,0.302,U8,MAD_M6C12,4.245416164070997,23.632951109163916,CPG,WPG,0.1,0.42267630043145693,0.20003997906986928,0.4257528578286758,5,-1.5906857322752401,978.2,7.0,18.5
0.297,0.302,U8,MAD_M6C12,4.239033616758757,23.631501353358928,CPG,WPG,0.1,0.4234569539487774,0.20003686713874688,0.42652357375969596,3,-1.5817051862118667,979.6,7.1,18.2
0.297,0.302,U8,MAD_M6C12,4.230546820403476,23.630965076283427,CPG,WPG,0.1,0.4231560487978109,0.20000185597764839,0.43198087841142696,6,-1.588597713747177,975.4,7.0,18.1
0.297,0.302,U8,MAD_M6C12,4.2264912709441145,23.63042202123418,CPG,WPG,0.1,0.4236921620680272,0.2000354860443095,0.4319328677804921,2,-1.5894273242602388,976.6,7.0,17.9
0.297,0.302,U8,MAD_M6C12,4.248819606918794,23.617165221511648,CPG,WPG,0.1,0.4238713519025815,0.20025204043769237,0.4504710665794325,5,-1.60012840173472,975.1,7.0,17.6
0.297,0.302,U8,MAD_M6C12,4.234657226021204,23.598231140069274,CPG,WPG,0.1,0.4242283553452492,0.20035465329643604,0.44202051111769913,4,-1.593884044802298,976.5,7.0,17.9
0.297,0.302,U8,MAD_M6C12,4.235535106681219,23.61926974117557,CPG,WPG,0.1,0.42282213604523194,0.20002192685764425,0.4598038785701477,0,-1.5996687610949554,974.2,7.0,17.8
0.297,0.302,U8,MAD_M6C12,4.233144429523481,23.641411550761518,CPG,WPG,0.1,0.4226560277988277,0.20000910038466685,0.4357336422890361,4,-1.6003832977747106,977.1,7.0,18.1
0.297,0.302,U8,MAD_M6C12,4.240779150376498,23.637646337300005,CPG,WPG,0.1,0.42317187197821376,0.20000779022839552,0.4571353656475865,1,-1.5968606985996026,975.1,7.0,17.8
0.297,0.302,U8,MAD_M6C12,4.23681064178267,23.636610570948204,CPG,WPG,0.1,0.4219995289498636,0.20000253281899863,0.46879752848050726,1,-1.5938547555830063,976.3,7.0,18.0
0.297,0.302,U8,MAD_M6C12,4.2332918313093595,23.624330198739795,CPG,WPG,0.1,0.4221242068867632,0.2000432104489227,0.4579995467413642,0,-1.5980041065322048,975.9,6.9,18.2
0.297,0.302,U8,MAD_M6C12,4.231617292338357,23.62078030151497,CPG,WPG,0.1,0.42283922963971654,0.20000442620667927,0.44037217518852945,6,-1.600732265534937,976.7,7.0,17.9
0.297,0.302,U8,MAD_M6C12,4.231615260303251,23.635953589724846,CPG,WPG,0.1,0.4224446978739144,0.2000083985822957,0.47762440238381654,3,-1.5993195895515182,976.1,7.0,18.0
0.297,0.302,U8,MAD_M6C12,4.240533469611061,23.6164227961214,CPG,WPG,0.1,0.4225096695523923,0.2000662688333999,0.47030296292298956,2,-1.5984978519369193,977.3,7.0,18.1
0.297,0.302,U8,MAD_M6C12,4.233339709598133,23.607500920495102,CPG,WPG,0.1,0.4220926376104981,0.20003883527717387,0.48230929783899423,5,-1.6001761514665827,975.5,7.0,18.2
0.297,0.302,U8,MAD_M6C12,4.242015529141565,23.588795738223247,CPG,WPG,0.1,0.422699805401873,0.20026001653504913,0.500522250460258,1,-1.6017567663103272,976.0,7.0,18.0
0.297,0.302,U8,MAD_M6C12,4.233770376768788,23.608059373106414,CPG,WPG,0.1,0.4220243262385449,0.2001286179845674,0.49583379823090734,7,-1.60263644247107,976.8,6.9,18.2
0.297,0.302,U8,MAD_M6C12,4.23471168339807,23.609439144394,CPG,WPG,0.1,0.42213661932939783,0.200274766220264,0.5160661517046821,3,-1.5959809856175244,976.6,7.0,18.0
0.297,0.302,U8,MAD_M6C12,4.223895146317644,23.604866493554724,CPG,WPG,0.1,0.4222084736268309,0.20022532512715313,0.4981166175418541,0,-1.6018843671692995,978.1,7.0,18.1
0.297,0.302,U8,MAD_M6C12,4.232302003011296,23.6175631487014,CPG,WPG,0.1,0.42196302193254637,0.20013592755554524,0.49079869197326875,3,-1.6016670463634028,975.6,6.9,18.2
0.297,0.302,U8,MAD_M6C12,4.249558985232986,23.636953690250515,CPG,WPG,0.1,0.4215018291140604,0.20010479292991584,0.5057909963252625,7,-1.6025458682658176,976.1,7.0,18.3
0.297,0.302,U8,MAD_M6C12,4.245775392665451,23.648155364085525,CPG,WPG,0.1,0.42138719366990746,0.20003565844333535,0.5289158838039358,1,-1.6047160909217286,978.1,7.0,18.1
0.297,0.302,U8,MAD_M6C12,4.235371506663164,23.65475794978549,CPG,WPG,0.1,0.42136396656774966,0.20003203055231822,0.518840543165711,4,-1.546564298308926,976.8,7.0,18.1
0.297,0.302,U8,MAD_M6C12,4.24174881271567,23.635759537621162,CPG,WPG,0.1,0.4221525090254758,0.20018892782899123,0.5401341437069425,5,-1.5772297117694265,976.6,6.9,17.6
0.297,0.302,U8,MAD_M6C12,4.244330399369986,23.63708520947993,CPG,WPG,0.1,0.4215227022840653,0.20022223579184453,0.5761644285789926,2,-1.604861529105099,977.3,6.9,17.6
0.297,0.302,U8,MAD_M6C12,4.223607161896802,23.633500516029198,CPG,WPG,0.1,0.42155686988409063,0.20006028765161743,0.5482197097781798,2,-1.5913367519874697,977.5,6.9,17.8
0.297,0.302,U8,MAD_M6C12,4.225625331959956,23.633076681962933,CPG,WPG,0.1,0.42135127173867976,0.2000041831506777,0.5543841689017492,3,-1.5998879308859077,978.9,6.9,17.7
0.297,0.302,U8,MAD_M6C12,4.220586643245794,23.62672417078231,CPG,WPG,0.1,0.4214728177506114,0.20014483664976285,0.557061631836349,3,-1.6006452358770353,980.1,6.9,17.7
0.297,0.302,U8,MAD_M6C12,4.239437407481445,23.613050724538095,CPG,WPG,0.1,0.42185583062871934,0.20037455079206207,0.5692035841516976,0,-1.6044424142226248,977.6,6.9,17.7
0.297,0.302,U8,MAD_M6C12,4.231622029287632,23.627147834875096,CPG,WPG,0.1,0.42190281270357094,0.20027373631286186,0.5803056236759034,2,-1.6000934202149288,978.8,7.0,17.6
0.297,0.302,U8,MAD_M6C12,4.227274540283886,23.62410527246511,CPG,WPG,0.1,0.4219718574428035,0.200391824523858,0.6057222593406064,0,-1.6011697576393118,978.5,6.9,17.4
0.297,0.302,U8,MAD_M6C12,4.223860792657583,23.618054275677473,CPG,WPG,0.1,0.4217368913330135,0.20062844931846222,0.6067215624809066,3,-1.590533694985421,979.3,6.9,17.5
0.297,0.302,U8,MAD_M6C12,4.226765754078462,23.602296205921462,CPG,WPG,0.1,0.42235953704229634,0.20069044004797754,0.5927680236867197,6,-1.5941296198675108,980.7,7.0,17.5
0.297,0.302,U8,MAD_M6C12,4.23795978464041,23.613716868517308,CPG,WPG,0.1,0.42190160239634833,0.20082555588882509,0.5853489987884668,1,-1.6028849328159893,978.1,7.0,17.7
0.297,0.302,U8,MAD_M6C12,4.22528041961321,23.63325956075954,CPG,WPG,0.1,0.42262390495037405,0.20125158363484968,0.6169491929665734,0,-1.5936635603071299,978.9,7.0,17.4
0.297,0.302,U8,MAD_M6C12,4.222297773306199,23.627717525016294,CPG,WPG,0.1,0.4220903346247407,0.20047519887347612,0.6001240007467379,0,-1.596915653872884,979.5,7.0,17.6
0.297,0.302,U8,MAD_M6C12,4.230383951964913,23.627906494114274,CPG,WPG,0.1,0.4222062615025133,0.2010881453666362,0.6280173954912209,3,-1.586057941895854,979.1,6.9,17.5
0.297,0.302,U8,MAD_M6C12,4.235637849235969,23.634221592454104,CPG,WPG,0.1,0.4217952387426144,0.20122295541552013,0.6454940722504912,0,-1.5990104807137158,980.4,6.9,17.4
0.297,0.302,U8,MAD_M6C12,4.2365943585725105,23.625002979778717,CPG,WPG,0.1,0.42190278044774804,0.20115931409492507,0.6439114613839578,5,-1.5979726551571911,980.6,6.9,17.4
0.297,0.302,U8,MAD_M6C12,4.224312523049742,23.622132644287024,CPG,WPG,0.1,0.4220359617058299,0.20121451967631304,0.625255258484211,2,-1.6010406632723644,981.7,6.9,17.4
0.297,0.302,U8,MAD_M6C12,4.231707657566143,23.607767682153277,CPG,WPG,0.1,0.4221087669680533,0.20198201571210975,0.6421655190985112,1,-1.6001013407482265,981.6,6.9,17.5
0.297,0.302,U8,MAD_M6C12,4.225136420985359,23.63663093683614,CPG,WPG,0.1,0.4219190690295264,0.20116522686779167,0.6104410829560467,3,-1.5986897179808626,981.7,7.0,17.6
0.297,0.302,U8,MAD_M6C12,4.237369568638701,23.619401866984482,CPG,WPG,0.1,0.4218813939349239,0.20184671446001226,0.6368269415170822,2,-1.6013359028908045,980.3,6.9,17.7
0.297,0.302,U8,MAD_M6C12,4.2311460449675184,23.63105939270645,CPG,WPG,0.1,0.421915938842949,0.20143842884272004,0.6165759399233037,3,-1.59778807692396,980.6,6.9,17.7
0.297,0.302,U8,MAD_M6C12,4.2415993485441845,23.618323722475708,CPG,WPG,0.1,0.42190110697941297,0.20100062331025823,0.5912648068951074,4,-1.598214880666685,979.4,6.9,17.7
0.297,0.302,U8,MAD_M6C12,4.242041967771337,23.637644049597938,CPG,WPG,0.1,0.4215672443926622,0.2007379486636766,0.6155684983019305,6,-1.60394522575735,980.0,6.9,17.6
0.297,0.302,U8,MAD_M6C12,4.239193278775655,23.62734827782753,CPG,WPG,0.1,0.4217098843649539,0.20082659189122107,0.60525074477806,3,-1.604256931894895,977.9,6.9,17.6
0.297,0.302,U8,MAD_M6C12,4.244322906011459,23.630003121058003,CPG,WPG,0.1,0.4215927027197629,0.20080518677399412,0.5986277757268477,6,-1.6051502956286274,978.6,6.9,17.8
0.297,0.302,U8,MAD_M6C12,4.249929899192227,23.63055581680432,CPG,WPG,0.1,0.4217741177422911,0.20113641912796595,0.6182281884208192,5,-1.5926468168822545,978.0,6.9,17.6
0.297,0.302,U8,MAD_M6C12,4.242269573893809,23.62480644890166,CPG,WPG,0.1,0.42167398884293994,0.20083845125873825,0.5969950664878207,1,-1.605264489656788,979.0,6.9,17.7
0.297,0.302,U8,MAD_M6C12,4.243240555613598,23.630100781648526,CPG,WPG,0.1,0.42161494295407265,0.2009167520283649,0.6003583198278615,4,-1.6047456227675845,977.8,6.9,17.8
0.297,0.302,U8,MAD_M6C12,4.24240618346699,23.63455355060716,CPG,WPG,0.1,0.42159188960890814,0.20060248434241026,0.6014955180349779,0,-1.604113481828021,979.5,6.9,17.6
0.297,0.302,U8,MAD_M6C12,4.236034274945882,23.62379752093013,CPG,WPG,0.1,0.42181591087258585,0.2009835057047849,0.60467003720975,3,-1.603072373868578,979.7,6.9,17.6
0.297,0.302,U8,MAD_M6C12,4.238519665111576,23.62760150001183,CPG,WPG,0.1,0.42180924841584155,0.2011833829826268,0.623452562549832,3,-1.5998500551679342,980.5,6.9,17.5
0.297,0.302,U8,MAD_M6C12,4.2418243200495445,23.621371900120316,CPG,WPG,0.1,0.42173292889200015,0.20124147010928334,0.6197260875768618,1,-1.6045033101387975,980.0,6.9,17.6
0.297,0.302,U8,MAD_M6C12,4.2424962345432204,23.619969743275895,CPG,WPG,0.1,0.42177734304218234,0.20120265860526965,0.6203780227304994,5,-1.6026758232179468,979.0,6.9,17.6
0.297,0.302,U8,MAD_M6C12,4.2465561310331195,23.622194679100183,CPG,WPG,0.1,0.42173259740173075,0.20106942424656601,0.6207486274653644,5,-1.6010473656412643,979.7,6.9,17.5
0.297,0.302,U8,MAD_M6C12,4.240646416277889,23.624216799548986,CPG,WPG,0.1,0.42171424582904904,0.2011905548703096,0.6320567742398859,4,-1.6047035803324743,980.2,6.9,17.5
0.297,0.302,U8,MAD_M6C12,4.240200049963872,23.62135378569224,CPG,WPG,0.1,0.42176144991426434,0.2010490999668845,0.6325966661412976,5,-1.6042084034508104,980.0,6.9,17.5
0.297,0.302,U8,MAD_M6C12,4.237681571431497,23.621561904039773,CPG,WPG,0.1,0.42178884746931744,0.20102061921165035,0.617069992435793,0,-1.604428872383318,979.7,6.9,17.6
0.297,0.302,U8,MAD_M6C12,4.238376340481958,23.62376773896987,CPG,WPG,0.1,0.4217705552559438,0.2009907534436425,0.6194431492235877,4,-1.603727059644184,979.7,6.9,17.5
0.297,0.302,U8,MAD_M6C12,4.241643772968576,23.631641634476072,CPG,WPG,0.1,0.421622774724443,0.20080989919218226,0.6138191086146549,7,-1.604621856160815,980.1,6.9,17.6
0.297,0.302,U8,MAD_M6C12,4.240018820021939,23.624715303174614,CPG,WPG,0.1,0.42173221604775735,0.20113377110257022,0.6257529382212903,5,-1.6040034514955206,979.9,6.9,17.5
0.297,0.302,U8,MAD_M6C12,4.240134242434042,23.628411999703207,CPG,WPG,0.1,0.42169301358195976,0.201035664705124,0.6213772753952194,1,-1.603908911020124,980.6,6.9,17.6
0.297,0.302,U8,MAD_M6C12,4.239387345233979,23.62973737267164,CPG,WPG,0.1,0.4216810881802,0.20090216277273526,0.614782589288426,4,-1.6042825195261674,980.4,6.9,17.6
0.297,0.302,U8,MAD_M6C12,4.240073147337127,23.62810901386857,CPG,WPG,0.1,0.42168703272735686,0.20096452229842307,0.625228840291943,5,-1.6043856712984965,980.3,6.9,17.5
0.297,0.302,U8,MAD_M6C12,4.239375843444342,23.632063491847454,CPG,WPG,0.1,0.4216815855526334,0.20092846369460998,0.6209287179109557,4,-1.6030845606456534,980.8,6.9,17.5
0.297,0.302,U8,MAD_M6C12,4.24083301919409,23.631419628675687,CPG,WPG,0.1,0.42163374758201483,0.2009730757813073,0.6237219576364552,0,-1.6047378810416681,980.5,6.9,17.5
0.297,0.302,U8,MAD_M6C12,4.2386759502316735,23.631976802814282,CPG,WPG,0.1,0.42167398337370177,0.2007991160611063,0.6196097082114722,0,-1.6039403752031234,980.8,6.9,17.5
0.297,0.302,U8,MAD_M6C12,4.240080678444292,23.630671651971028,CPG,WPG,0.1,0.42165322708174635,0.2008479755575634,0.6180180847020278,4,-1.604680505910503,980.4,6.9,17.5
0.297,0.302,U8,MAD_M6C12,4.240719607162128,23.633426827864803,CPG,WPG,0.1,0.4216271463881919,0.20082759015903165,0.6192166240135433,4,-1.6041040496721646,980.4,6.9,17.5
0.297,0.302,U8,MAD_M6C12,4.242575629634073,23.63386193847236,CPG,WPG,0.1,0.4216047884068314,0.2008485368670046,0.6176709208473161,2,-1.6037447887827643,980.3,6.9,17.5
0.297,0.302,U8,MAD_M6C12,4.24415983874929,23.64019208495888,CPG,WPG,0.1,0.4214999438224043,0.20084169410417188,0.6200463214307708,4,-1.6044702964315967,980.4,6.9,17.5
0.297,0.302,U8,MAD_M6C12,4.241337520334269,23.635974542640795,CPG,WPG,0.1,0.4215976214799468,0.20098829102430793,0.6258521286216672,0,-1.6038094488239363,980.6,6.9,17.5
0.297,0.302,U8,MAD_M6C12,4.244328652762745,23.638587273932224,CPG,WPG,0.1,0.4215211672593657,0.2009088973557554,0.6164450117931386,5,-1.6041724752355062,980.6,6.9,17.5
0.297,0.302,U8,MAD_M6C12,4.245836134503233,23.642009667939522,CPG,WPG,0.1,0.4214345185224174,0.200875469951807,0.6135418954171756,3,-1.6055606988256095,980.3,6.9,17.6
0.297,0.302,U8,MAD_M6C12,4.244125534248184,23.64249400135673,CPG,WPG,0.1,0.4214722044626138,0.20096566406244026,0.6237260251599719,3,-1.6046353572526915,980.9,6.9,17.5
0.297,0.302,U8,MAD_M6C12,4.240588673738547,23.63989703189311,CPG,WPG,0.1,0.42155693593422555,0.20089139069726472,0.6188836733372636,3,-1.60422579733582,980.6,6.9,17.6
0.297,0.302,U8,MAD_M6C12,4.244363289651632,23.638151037644526,CPG,WPG,0.1,0.421507708832668,0.20094467046302514,0.6265763862273297,6,-1.605008346419666,981.1,6.9,17.5
0.297,0.302,U8,MAD_M6C12,4.244824656521528,23.639102255400203,CPG,WPG,0.1,0.42150374862201057,0.2008626981922614,0.6189607813993048,4,-1.6044152831800904,980.7,6.9,17.5
0.297,0.302,U8,MAD_M6C12,4.243598781607882,23.636658292668102,CPG,WPG,0.1,0.4215271324113079,0.20081408715483465,0.6215277145588427,6,-1.6053403083232656,980.9,6.9,17.5
0.297,0.302,U8,MAD_M6C12,4.242641402378608,23.636410112789545,CPG,WPG,0.1,0.42155480500745734,0.2008879265539727,0.6213578320455118,0,-1.604774181660126,980.8,6.9,17.6
0.297,0.302,U8,MAD_M6C12,4.243725806964044,23.639224554539528,CPG,WPG,0.1,0.4215002352938172,0.2009261761681331,0.6238744406490286,4,-1.6052275468361206,980.7,6.9,17.6
0.297,0.302,U8,MAD_M6C12,4.2430962281119475,23.63738006048284,CPG,WPG,0.1,0.4215290725207297,0.20094353053066605,0.6308507605799631,1,-1.6052059309062887,980.8,6.9,17.5
0.297,0.302,U8,MAD_M6C12,4.246677189269631,23.639775017647285,CPG,WPG,0.1,0.4214602118140496,0.20095182992793142,0.6239752442633972,6,-1.6049388169511847,980.7,6.9,17.5
0.297,0.302,U8,MAD_M6C12,4.248513739084649,23.640264759992462,CPG,WPG,0.1,0.42141531797438275,0.20092569031626784,0.6160214014765675,6,-1.6056291556997326,980.4,6.9,17.6
0.297,0.302,U8,MAD_M6C12,4.247039155690611,23.63977872269719,CPG,WPG,0.1,0.4214309716628665,0.20088764788777003,0.6205887703205968,5,-1.606085949670435,980.5,6.9,17.6
0.297,0.302,U8,MAD_M6C12,4.249184131259832,23.635635473555286,CPG,WPG,0.1,0.42144472219363915,0.20094224381719816,0.6218027463666691,7,-1.606157660335528,980.4,6.9,17.6
0.297,0.302,U8,MAD_M6C12,4.247090995912876,23.637183860171,CPG,WPG,0.1,0.42147898678569384,0.2009595818861048,0.6226476795822422,5,-1.6051000523859464,980.6,6.9,17.6
0.297,0.302,U8,MAD_M6C12,4.245923732822487,23.633921655647022,CPG,WPG,0.1,0.421551619417308,0.20097074722603528,0.6185985034775685,5,-1.604072744248759,980.4,6.9,17.6
0.297,0.302,U8,MAD_M6C12,4.245298028873722,23.63441987229699,CPG,WPG,0.1,0.4215436702982033,0.2010264611448686,0.6159865320187476,3,-1.6045992667859519,980.9,6.9,17.6
0.297,0.302,U8,MAD_M6C12,4.24495515225591,23.633863175410674,CPG,WPG,0.1,0.4215319511456469,0.20097486483141008,0.6273624433383351,1,-1.6056574688727991,981.0,6.9,17.5
0.297,0.302,U8,MAD_M6C12,4.2431280925051515,23.63558342104722,CPG,WPG,0.1,0.42154381788296513,0.20106197863963318,0.6211155899775802,1,-1.6054001535137274,980.8,6.9,17.6
0.297,0.302,U8,MAD_M6C12,4.242906119155045,23.636883188432172,CPG,WPG,0.1,0.42154198596225323,0.2010561470835063,0.6171062358129946,4,-1.604969852890763,981.2,6.9,17.6
0.297,0.302,U8,MAD_M6C12,4.243085465119266,23.637798067394016,CPG,WPG,0.1,0.4215334546146701,0.20096201397524457,0.6143846679331886,6,-1.6047932782210257,980.8,6.9,17.6
0.297,0.302,U8,MAD_M6C12,4.245873708311885,23.63591317445301,CPG,WPG,0.1,0.4215343731963864,0.20107613427690724,0.6232418272104105,0,-1.6039097395439423,980.9,6.9,17.5
0.297,0.302,U8,MAD_M6C12,4.2451533616905515,23.636035913629218,CPG,WPG,0.1,0.4215052738643872,0.2010212417356313,0.6279400842400826,6,-1.6056883551603303,980.7,6.9,17.5
0.297,0.302,U8,MAD_M6C12,4.24823990478819,23.637888192758865,CPG,WPG,0.1,0.4214399149819237,0.20090927077397144,0.624348457959321,5,-1.6058495143097637,979.9,6.9,17.5
0.297,0.302,U8,MAD_M6C12,4.248205193702755,23.63768643203805,CPG,WPG,0.1,0.4214324456612792,0.20097745497379232,0.6248621287566363,2,-1.6063273344336828,980.3,6.9,17.5
0.297,0.302,U8,MAD_M6C12,4.249668806093846,23.636504873281304,CPG,WPG,0.1,0.42144341025681736,0.20091511780759921,0.6244111868533677,6,-1.6054660842461796,979.5,6.9,17.4
0.297,0.302,U8,MAD_M6C12,4.2490611137241086,23.636238897617783,CPG,WPG,0.1,0.42144277628168436,0.2009873388664942,0.6319042880056238,0,-1.6060225519258964,979.8,6.9,17.4
0.297,0.302,U8,MAD_M6C12,4.246278320362418,23.63679388503675,CPG,WPG,0.1,0.4214849135884377,0.2008130831993869,0.6289334564515592,0,-1.6055414481744172,979.9,6.9,17.4
0.297,0.302,U8,MAD_M6C12,4.2422761550789785,23.631267094623453,CPG,WPG,0.1,0.42162760008422806,0.20116456970602645,0.6408592064004122,4,-1.6041757528736351,980.4,6.9,17.3
0.297,0.302,U8,MAD_M6C12,4.249995938953762,23.634224338006884,CPG,WPG,0.1,0.42148420128363817,0.20121823073070946,0.6473208368026913,7,-1.6044843115458303,979.9,6.9,17.3
0.297,0.302,U8,MAD_M6C12,4.2415822580255504,23.628445566991044,CPG,WPG,0.1,0.42167920205245635,0.2010982192679599,0.6502403757486661,5,-1.6036121505114735,980.2,6.9,17.2
0.297,0.302,U8,MAD_M6C12,4.243768484613667,23.643574403104147,CPG,WPG,0.1,0.4214631257413808,0.20095008809734405,0.6295140240922357,5,-1.6047461003833767,981.0,6.9,17.4
0.297,0.302,U8,MAD_M6C12,4.249377087760258,23.641848314772837,CPG,WPG,0.1,0.42138705642841634,0.20086055273829256,0.6289117799111934,6,-1.6056046414560505,979.1,7.0,17.3
0.297,0.302,U8,MAD_M6C12,4.24794359783695,23.634010827588202,CPG,WPG,0.1,0.4214951606038781,0.200759396240721,0.6186588736094616,5,-1.6053968567406134,979.2,6.9,17.4
0.297,0.302,U8,MAD_M6C12,4.246733692049396,23.634384359753238,CPG,WPG,0.1,0.42152981899172715,0.2009319652368785,0.6219445920527753,6,-1.6043473257872662,979.2,6.9,17.4
0.297,0.302,U8,MAD_M6C12,4.248549444040107,23.640068230222802,CPG,WPG,0.1,0.42142470400689,0.20088178085004293,0.6083136846794908,5,-1.6052623303992686,979.7,6.9,17.5
0.297,0.302,U8,MAD_M6C12,4.246489246024873,23.636140852407145,CPG,WPG,0.1,0.4214957805265409,0.20077271284244824,0.6031206476945004,3,-1.6052231850451673,979.4,6.9,17.5
0.297,0.302,U8,MAD_M6C12,4.247933400231738,23.63370853010249,CPG,WPG,0.1,0.4215105403453221,0.20088525364705662,0.6215708617559366,4,-1.6048294266554066,978.8,6.9,17.4
0.297,0.302,U8,MAD_M6C12,4.243930042834344,23.636801344398595,CPG,WPG,0.1,0.42154044468242324,0.20102572549458458,0.6263745833768501,5,-1.6044242972036606,979.3,7.0,17.4
0.297,0.302,U8,MAD_M6C12,4.240377858649548,23.64346439438126,CPG,WPG,0.1,0.42151356382098887,0.2008723369426661,0.6235358729961651,3,-1.604601936580094,979.6,7.0,17.4
0.297,0.302,U8,MAD_M6C12,4.248468654641138,23.641964067927603,CPG,WPG,0.1,0.42138220471961835,0.20079318968990004,0.6105420000751005,4,-1.6063601146112951,978.2,7.0,17.4
0.297,0.302,U8,MAD_M6C12,4.248553838386046,23.64412465096316,CPG,WPG,0.1,0.4213595929412933,0.200843230356527,0.6237858625557595,6,-1.6062766079321449,978.8,6.9,17.4
0.297,0.302,U8,MAD_M6C12,4.2488717550672686,23.648964914385292,CPG,WPG,0.1,0.4213084440973133,0.20095660928189374,0.6296376181583221,3,-1.606030462287416,979.0,6.9,17.3
0.297,0.302,U8,MAD_M6C12,4.2467913749255874,23.637139607660874,CPG,WPG,0.1,0.421487644442493,0.20084369429944718,0.6266347890049144,5,-1.6049061524957295,978.1,6.9,17.3
0.297,0.302,U8,MAD_M6C12,4.24980317621858,23.644210130088485,CPG,WPG,0.1,0.42137434226804715,0.2009959526830085,0.6498141932748407,6,-1.6047319828429636,979.0,6.9,17.1
0.297,0.302,U8,MAD_M6C12,4.2459400105477085,23.63788868155348,CPG,WPG,0.1,0.4215096297318286,0.2009130845574461,0.6418737810731137,3,-1.6040344923184051,978.8,6.9,17.2
0.297,0.302,U8,MAD_M6C12,4.242707144449449,23.641581452388095,CPG,WPG,0.1,0.4215148380000118,0.20094059183176646,0.637120716666105,3,-1.6039964985296216,978.6,6.9,17.2
0.297,0.302,U8,MAD_M6C12,4.247833279730268,23.64141057540773,CPG,WPG,0.1,0.4214014972396012,0.2007116526290031,0.610471101579726,5,-1.6061388365292029,977.9,6.9,17.4
0.297,0.302,U8,MAD_M6C12,4.249991475210484,23.648257761554145,CPG,WPG,0.1,0.4212994799744281,0.20096381980313083,0.6517295484845587,0,-1.606091685130652,978.3,6.9,17.2
0.297,0.302,U8,MAD_M6C12,4.2485021042072795,23.64620298319913,CPG,WPG,0.1,0.4212930811225478,0.20100832240716915,0.6343598522496423,5,-1.5812892821200446,979.3,6.9,17.3
0.297,0.302,U8,MAD_M6C12,4.247256316049627,23.646278973194807,CPG,WPG,0.1,0.42136213713478454,0.20102436609410734,0.6399891663228354,7,-1.6058984713652116,979.4,6.9,17.3
0.297,0.302,U8,MAD_M6C12,4.247163160261157,23.638466738402744,CPG,WPG,0.1,0.4214473731707119,0.20078848909396688,0.6187132449941148,7,-1.6058969026352887,977.5,6.9,17.3
0.297,0.302,U8,MAD_M6C12,4.249689637155893,23.638223890214057,CPG,WPG,0.1,0.42135785158060796,0.200915685337693,0.6095803555546375,3,-1.5815315078033763,978.1,6.9,17.5
0.297,0.302,U8,MAD_M6C12,4.24737564093203,23.637856511775638,CPG,WPG,0.1,0.42145081358200487,0.20099993404443822,0.6430021884036501,5,-1.6059071885860874,978.3,6.9,17.2
0.297,0.302,U8,MAD_M6C12,4.249772328754869,23.638837343132973,CPG,WPG,0.1,0.4214305060695282,0.20082530989997982,0.604128434815085,3,-1.604825231622085,978.1,6.9,17.5
0.297,0.302,U8,MAD_M6C12,4.246319547588773,23.635012039342698,CPG,WPG,0.1,0.4215001204584689,0.200930606041633,0.6345169152698293,3,-1.6057004456318786,978.3,6.9,17.2
0.297,0.302,U8,MAD_M6C12,4.247987801141435,23.63985821364347,CPG,WPG,0.1,0.42141579314870636,0.20095975699190866,0.6272601895350647,1,-1.6061518421401733,979.3,6.9,17.4
0.297,0.302,U8,MAD_M6C12,4.248623913956506,23.63540800095449,CPG,WPG,0.1,0.4214474290437153,0.20094660258731056,0.6159376847429106,4,-1.6065060647412484,978.8,6.9,17.5
0.297,0.302,U8,MAD_M6C12,4.248394573785276,23.63372523105458,CPG,WPG,0.1,0.4215006202698405,0.20086228891663047,0.6083887856719246,5,-1.6049930187875532,978.3,6.9,17.5
0.297,0.302,U8,MAD_M6C12,4.248499252130617,23.641526319313307,CPG,WPG,0.1,0.4213890863219806,0.20077156563967413,0.5915365732798508,4,-1.6062375248834009,979.0,6.9,17.6
0.297,0.302,U8,MAD_M6C12,4.247394488154823,23.647107278330434,CPG,WPG,0.1,0.4213505864845348,0.20080896354464428,0.5995247033444917,6,-1.605934563460032,979.0,6.9,17.6
0.297,0.302,U8,MAD_M6C12,4.249659549908355,23.641019423251947,CPG,WPG,0.1,0.4213986729291685,0.2007031820397381,0.5821383178810922,5,-1.605294619973165,978.1,6.9,17.7
0.297,0.302,U8,MAD_M6C12,4.247914352728977,23.644454020091914,CPG,WPG,0.1,0.4213818172124446,0.20071343336438743,0.580643428208313,2,-1.6054714706272204,978.6,6.9,17.7
0.297,0.302,U8,MAD_M6C12,4.247997938496314,23.644846654348328,CPG,WPG,0.1,0.42136398949959813,0.20068331865201217,0.5668076992055515,6,-1.6060604496953115,979.6,7.0,17.8
0.297,0.302,U8,MAD_M6C12,4.243320381134943,23.63893969794409,CPG,WPG,0.1,0.4215104992829402,0.2006998416674802,0.5577694230895971,4,-1.605148033584598,979.1,7.0,17.8
0.297,0.302,U8,MAD_M6C12,4.2422144647954925,23.636627746646376,CPG,WPG,0.1,0.42156422859620046,0.20074409285109904,0.5643299509142614,6,-1.6044929306971714,978.5,7.0,17.8
0.297,0.302,U8,MAD_M6C12,4.245401033742451,23.631480603428745,CPG,WPG,0.1,0.42156423257227915,0.20078438784216784,0.5802937477787489,5,-1.6050524678516744,978.4,6.9,17.7
0.297,0.302,U8,MAD_M6C12,4.248664024022973,23.641179019964415,CPG,WPG,0.1,0.42140035072211396,0.20071823478799397,0.5751865357235624,4,-1.6057755049273368,978.3,6.9,17.7
0.297,0.302,U8,MAD_M6C12,4.246396531092454,23.63518424031606,CPG,WPG,0.1,0.4215078366460474,0.20065913298301194,0.5432177063346972,2,-1.605198433046457,978.1,6.9,18.0
0.297,0.302,U8,MAD_M6C12,4.2476396206747555,23.640364065632454,CPG,WPG,0.1,0.42142050867578384,0.20071238944812672,0.5671298855060698,4,-1.605896481617913,977.8,6.9,17.8
0.297,0.302,U8,MAD_M6C12,4.248519275341733,23.637342994224507,CPG,WPG,0.1,0.4214523598099121,0.2007431137443262,0.5653478204882281,2,-1.6053580285002855,977.6,6.9,17.9
0.297,0.302,U8,MAD_M6C12,4.248749099961957,23.632573792643853,CPG,WPG,0.1,0.4214798904210857,0.20066651175412675,0.5527262090463214,6,-1.6063296000981104,977.6,6.9,17.9
0.297,0.302,U8,MAD_M6C12,4.249179602223744,23.640051676471995,CPG,WPG,0.1,0.42140475208962636,0.2005924438701434,0.5390345160992585,6,-1.6058077458044817,977.7,7.0,18.0
0.297,0.302,U8,MAD_M6C12,4.247905163473683,23.641224584765517,CPG,WPG,0.1,0.42143431084112737,0.20052618755205673,0.5250826958485253,7,-1.6046361875800486,977.6,7.0,18.1
0.297,0.302,U8,MAD_M6C12,4.2468939218993835,23.642125710384764,CPG,WPG,0.1,0.4214197832797794,0.20060310776184637,0.5448468534712623,0,-1.6055167797187568,978.2,7.0,18.0
0.297,0.302,U8,MAD_M6C12,4.24838631361935,23.643425742555735,CPG,WPG,0.1,0.42138213959874316,0.20060127761826274,0.5577908956252511,2,-1.605674267879893,978.0,7.0,17.9
0.297,0.302,U8,MAD_M6C12,4.248958305654279,23.645418804352843,CPG,WPG,0.1,0.4213741318891524,0.20056225939619313,0.5436862939670473,7,-1.6046724529558531,978.2,7.0,18.0
0.297,0.302,U8,MAD_M6C12,4.248257938784305,23.643985761524615,CPG,WPG,0.1,0.42136912366808,0.2004851865260204,0.5174475894580461,5,-1.606087507040634,978.1,7.0,18.2
0.297,0.302,U8,MAD_M6C12,4.248155556636229,23.641753375454766,CPG,WPG,0.1,0.4214058231397396,0.200561553313168,0.5365183148167652,6,-1.6055528487855018,978.0,7.0,18.1
0.297,0.302,U8,MAD_M6C12,4.24875352412662,23.644504223157437,CPG,WPG,0.1,0.42137373149294666,0.2005614680870989,0.5253659687404197,4,-1.6052875301952358,977.9,7.0,18.2
0.297,0.302,U8,MAD_M6C12,4.249515555699842,23.64746631325717,CPG,WPG,0.1,0.42132556636743457,0.2005230507075054,0.5276994241516069,5,-1.605568125545778,977.9,7.0,18.1
0.297,0.302,U8,MAD_M6C12,4.249602215899361,23.644287789915637,CPG,WPG,0.1,0.42134215619357596,0.2004679521294089,0.5202424725914869,2,-1.606342215218442,977.2,7.0,18.2
0.297,0.302,U8,MAD_M6C12,4.247962902460117,23.64430951009774,CPG,WPG,0.1,0.4213699415099201,0.20049966421367096,0.515571363225265,3,-1.6060745367913292,977.4,7.0,18.2
0.297,0.302,U8,MAD_M6C12,4.248138917111968,23.640562969744767,CPG,WPG,0.1,0.42142015947051403,0.20044837736633092,0.5085495128316602,7,-1.6054903938728717,976.9,7.0,18.2
0.297,0.302,U8,MAD_M6C12,4.248730227986389,23.644268797283633,CPG,WPG,0.1,0.4213593490933851,0.2004755604070898,0.5219273320275022,1,-1.6061013813270097,977.3,7.0,18.1
0.297,0.302,U8,MAD_M6C12,4.247296463291453,23.645810147132774,CPG,WPG,0.1,0.42136866008387486,0.20037732358509375,0.5131377799146013,1,-1.6058025082867768,977.3,7.0,18.2
0.297,0.302,U8,MAD_M6C12,4.249136550620576,23.6431277927673,CPG,WPG,0.1,0.4213662433560815,0.20043601024362803,0.5077417579823598,4,-1.6060932696256085,977.0,7.0,18.3
0.297,0.302,U8,MAD_M6C12,4.249561493634914,23.648847178164438,CPG,WPG,0.1,0.42129633052994675,0.2004072991151453,0.5193505915730197,2,-1.6062180234186574,976.9,7.0,18.1
0.297,0.302,U8,MAD_M6C12,4.2495354236615945,23.649196534500902,CPG,WPG,0.1,0.42129446840319396,0.2003314247219258,0.5148801146636601,0,-1.606145406228082,976.4,7.0,18.1
0.297,0.302,U8,MAD_M6C12,4.247122920293735,23.648097099228718,CPG,WPG,0.1,0.42136706863043266,0.20031765388255235,0.49905108394538633,5,-1.6056563708682798,976.3,7.0,18.2
0.297,0.302,U8,MAD_M6C12,4.249177326964315,23.643340179867803,CPG,WPG,0.1,0.42139061685717377,0.20036574343061644,0.5192267995346422,7,-1.604807731461749,976.2,7.0,18.0
0.297,0.302,U8,MAD_M6C12,4.245130709940435,23.646569446530634,CPG,WPG,0.1,0.4214394339712014,0.20033383775924601,0.49943541477049314,7,-1.6039948010716305,976.4,7.0,18.2
0.297,0.302,U8,MAD_M6C12,4.2484490493008815,23.6452550211294,CPG,WPG,0.1,0.42139809926778615,0.20054615170255236,0.5497862799271509,1,-1.6039510832965753,977.6,7.0,17.8
0.297,0.302,U8,MAD_M6C12,4.247741167040656,23.642683981083866,CPG,WPG,0.1,0.421409547505715,0.20033606018153857,0.5001720493301689,3,-1.6059363034190568,976.4,7.0,18.1
0.297,0.302,U8,MAD_M6C12,4.248135301754818,23.6451621895122,CPG,WPG,0.1,0.4213598319860481,0.2003279470233878,0.506488886658377,1,-1.6061201699135577,976.2,7.0,18.1
0.297,0.302,U8,MAD_M6C12,4.248119412386741,23.64551227614765,CPG,WPG,0.1,0.4213653954025626,0.2003198454088211,0.5109052927305653,2,-1.6055779567769495,975.9,7.0,18.1
0.297,0.302,U8,MAD_M6C12,4.247141721255256,23.645278670593584,CPG,WPG,0.1,0.4213759302139649,0.20032739499001453,0.5050611506055938,0,-1.6058324817776555,976.2,7.0,18.2
0.297,0.302,U8,MAD_M6C12,4.248103280228477,23.641413213054662,CPG,WPG,0.1,0.42141562937952226,0.20048641563780864,0.5250705537993374,2,-1.605295798623942,976.1,7.0,18.0
0.297,0.302,U8,MAD_M6C12,4.2464549435905,23.638677276176534,CPG,WPG,0.1,0.42148746348853156,0.20034845543251023,0.49786242145872617,0,-1.6053748678610997,975.9,7.0,18.2
0.297,0.302,U8,MAD_M6C12,4.249131202047184,23.639728367869797,CPG,WPG,0.1,0.42141828364617145,0.20046751063047277,0.5144689088721983,4,-1.6053635806384712,976.6,6.9,18.2
0.297,0.302,U8,MAD_M6C12,4.248973194217625,23.640391413522885,CPG,WPG,0.1,0.42139240098839925,0.20047384883259692,0.5166862269292434,6,-1.6063517887688015,976.6,7.0,18.2
0.297,0.302,U8,MAD_M6C12,4.249553668333315,23.639112632642124,CPG,WPG,0.1,0.42139503310232007,0.20042036496140495,0.5065968059476424,3,-1.6065027146769495,976.7,6.9,18.2
0.297,0.302,U8,MAD_M6C12,4.2494601602520685,23.638838156046635,CPG,WPG,0.1,0.4214058983647087,0.2004624320333013,0.5150648722027231,6,-1.6061889004360523,976.6,7.0,18.1
0.297,0.302,U8,MAD_M6C12,4.248128171587071,23.640397659658205,CPG,WPG,0.1,0.42141589317100886,0.2003974611384101,0.5021052026399162,5,-1.6060374507356219,976.3,7.0,18.2
0.297,0.302,U8,MAD_M6C12,4.247546258913403,23.642165481857667,CPG,WPG,0.1,0.42141543963808387,0.20036465756744137,0.49621631261765575,3,-1.6062354580876317,976.1,7.0,18.3
0.297,0.302,U8,MAD_M6C12,4.248569129998249,23.639597791135785,CPG,WPG,0.1,0.4214141920587451,0.20037149485787725,0.5025416614416423,1,-1.6064042392100593,975.9,7.0,18.2
0.297,0.302,U8,MAD_M6C12,4.24659664053795,23.634434210018547,CPG,WPG,0.1,0.421507620832669,0.20036188254178547,0.4985325691933973,7,-1.6064048395096346,975.7,7.0,18.2
0.297,0.302,U8,MAD_M6C12,4.246344846675584,23.63997350370192,CPG,WPG,0.1,0.42145240444747484,0.2003753327281796,0.5023789086506869,4,-1.6056676220590393,976.1,7.0,18.2
0.297,0.302,U8,MAD_M6C12,4.2476879608725655,23.63861092112416,CPG,WPG,0.1,0.4214428143183235,0.20036242960515216,0.5026863016799759,2,-1.6058227190605745,975.9,6.9,18.2
0.297,0.302,U8,MAD_M6C12,4.248364667873619,23.6391401133731,CPG,WPG,0.1,0.42142230395619434,0.2003717859809874,0.5067369865904316,2,-1.6059659568325824,976.1,6.9,18.2
0.297,0.302,U8,MAD_M6C12,4.2485444117463285,23.637414592834,CPG,WPG,0.1,0.4214318213756017,0.2003832771177587,0.5015202678421677,0,-1.6063626497936525,976.2,6.9,18.2
0.297,0.302,U8,MAD_M6C12,4.248598616328223,23.639148722175683,CPG,WPG,0.1,0.42141253476367724,0.2003620756533256,0.5064402871418991,0,-1.6062725528878286,975.9,6.9,18.2
0.297,0.302,U8,MAD_M6C12,4.249988006195493,23.63844727991354,CPG,WPG,0.1,0.4213933198200517,0.2004119519763693,0.5139178799448176,7,-1.6066416730749982,975.8,6.9,18.1
0.297,0.302,U8,MAD_M6C12,4.249534237694906,23.63622381487483,CPG,WPG,0.1,0.42143258292621527,0.20044590470523163,0.5119659922942317,5,-1.6062072529781606,975.9,6.9,18.2
0.297,0.302,U8,MAD_M6C12,4.247856708288618,23.63274953722203,CPG,WPG,0.1,0.4214880486694289,0.2003972684401908,0.5097549647616257,0,-1.6064295713412058,976.0,6.9,18.2
0.297,0.302,U8,MAD_M6C12,4.249256697716928,23.636768808961037,CPG,WPG,0.1,0.42142205513842346,0.20041609856159545,0.5080281522222325,2,-1.6066069075877287,975.8,6.9,18.2
0.297,0.302,U8,MAD_M6C12,4.249069728624643,23.636196857352058,CPG,WPG,0.1,0.42143104341239906,0.20040081926753814,0.5042478502003944,1,-1.6066264614698493,975.9,6.9,18.2
0.297,0.302,U8,MAD_M6C12,4.2492456742039915,23.638357814855144,CPG,WPG,0.1,0.4214091620558505,0.2003974267051413,0.5037967478617702,5,-1.6064911224646572,976.0,6.9,18.2
0.297,0.302,U8,MAD_M6C12,4.249029699177549,23.635385710284215,CPG,WPG,0.1,0.4214468419876334,0.2003789717506307,0.4978178101396815,3,-1.6066244832076784,975.9,6.9,18.3
0.297,0.302,U8,MAD_M6C12,4.248459184214048,23.636684580397155,CPG,WPG,0.1,0.4214476241560374,0.2003619608673664,0.49835740114029026,1,-1.606430432408418,976.1,6.9,18.2
0.297,0.302,U8,MAD_M6C12,4.249772707748647,23.635602008250725,CPG,WPG,0.1,0.4214298382922528,0.2003727199208538,0.5017503839777206,0,-1.6066057164487706,976.0,6.9,18.2
0.297,0.302,U8,MAD_M6C12,4.248998109164437,23.634367582967787,CPG,WPG,0.1,0.42146185563341987,0.20044835606115197,0.5107193792125138,1,-1.6061112024710393,976.4,6.9,18.2
0.297,0.302,U8,MAD_M6C12,4.249068281145824,23.63482565831856,CPG,WPG,0.1,0.42145207667240836,0.20038160912048106,0.5040967777687486,4,-1.6062957469935384,976.5,6.9,18.2
0.297,0.302,U8,MAD_M6C12,4.249092092528053,23.63624596667811,CPG,WPG,0.1,0.4214361582942982,0.20033148201938708,0.4955645827098998,2,-1.6067409051715185,976.2,7.0,18.3
0.297,0.302,U8,MAD_M6C12,4.2493493136568254,23.63631441789031,CPG,WPG,0.1,0.42144043853205554,0.20036847844434388,0.505829993645226,6,-1.6059605606271976,976.1,7.0,18.1
0.297,0.302,U8,MAD_M6C12,4.249813699577895,23.637717084956723,CPG,WPG,0.1,0.421412422575719,0.20041202246464387,0.510362010169199,3,-1.6062219895686969,976.4,6.9,18.2
0.297,0.302,U8,MAD_M6C12,4.249662198901918,23.63943470995935,CPG,WPG,0.1,0.42139666176994817,0.2003623005216272,0.5052654540184265,4,-1.6061923870271446,976.3,7.0,18.2
0.297,0.302,U8,MAD_M6C12,4.249009206914791,23.639510300240026,CPG,WPG,0.1,0.42141714854126033,0.20038736318870587,0.5080752170782388,7,-1.6056065118772231,976.1,7.0,18.2
0.297,0.302,U8,MAD_M6C12,4.249472475659848,23.640369045113914,CPG,WPG,0.1,0.4213907578536877,0.20036169737328,0.5056371025467299,4,-1.6061192333494994,976.1,7.0,18.2
0.297,0.302,U8,MAD_M6C12,4.2499791531358655,23.64051472806652,CPG,WPG,0.1,0.42137947727544195,0.20038481373751996,0.5068009850483652,2,-1.6062519126415467,976.2,6.9,18.2
0.297,0.302,U8,MAD_M6C12,4.249558558758232,23.63976035371856,CPG,WPG,0.1,0.4213916740951801,0.20036042590082184,0.50485509755348,5,-1.6063777432683146,976.0,7.0,18.2
0.297,0.302,U8,MAD_M6C12,4.249548534374652,23.639411489407298,CPG,WPG,0.1,0.42140514067288404,0.20034929910060562,0.4996308501664717,0,-1.6064870499135342,976.1,7.0,18.2
0.297,0.302,U8,MAD_M6C12,4.249678758471092,23.640535415558464,CPG,WPG,0.1,0.421382826708115,0.20034532981678912,0.5032828389082451,2,-1.6064742158067702,976.0,7.0,18.2
0.297,0.302,U8,MAD_M6C12,4.249816349727465,23.641063393224343,CPG,WPG,0.1,0.4213749552488335,0.20032868958098674,0.5007348783163867,3,-1.6067219202564456,976.1,7.0,18.2
0.297,0.302,U8,MAD_M6C12,4.249486086584522,23.640184017506332,CPG,WPG,0.1,0.42138719431356647,0.20035974080388455,0.5033040934545236,6,-1.6066038909283016,976.0,7.0,18.2
0.297,0.302,U8,MAD_M6C12,4.2489857215999525,23.63916234495677,CPG,WPG,0.1,0.4214089367248279,0.20033301996082406,0.5020691333330238,5,-1.6065959609183178,975.8,7.0,18.2
0.297,0.302,U8,MAD_M6C12,4.24955784459943,23.63971259155963,CPG,WPG,0.1,0.4213857389839617,0.20037360367342072,0.5078072764756696,0,-1.6066345665999382,976.2,7.0,18.2
0.297,0.302,U8,MAD_M6C12,4.249825701802661,23.640504103685917,CPG,WPG,0.1,0.42137274368192107,0.2003869468858998,0.5103700440359868,0,-1.6066741857112508,976.4,7.0,18.2
0.297,0.302,U8,MAD_M6C12,4.249886541152633,23.641626784378353,CPG,WPG,0.1,0.42136557752071807,0.2003564078450559,0.5088491124806582,4,-1.6064036563760435,976.1,7.0,18.2
0.297,0.302,U8,MAD_M6C12,4.24996163698177,23.639897568701272,CPG,WPG,0.1,0.4213790585555163,0.20037203353236163,0.5081546753635062,6,-1.6065962265879872,976.2,7.0,18.2
0.297,0.302,U8,MAD_M6C12,4.249926718897547,23.63937811089412,CPG,WPG,0.1,0.4213831693802764,0.20039164323833228,0.512560927190556,6,-1.606688187148258,976.2,7.0,18.2
0.297,0.302,U8,MAD_M6C12,4.249993770346103,23.63835363739052,CPG,WPG,0.1,0.4213943896201066,0.20042549442438995,0.5155354928689873,1,-1.6066349511213112,976.3,6.9,18.2
0.297,0.302,U8,MAD_M6C12,4.249869453421624,23.641220982034472,CPG,WPG,0.1,0.4213653047789554,0.20040876838419905,0.5127886927581122,0,-1.606633508548999,976.3,7.0,18.2
0.297,0.302,U8,MAD_M6C12,4.249660320263682,23.640454224341266,CPG,WPG,0.1,0.42137810901155903,0.20041752308374908,0.5114559363722901,4,-1.606552567005286,976.2,6.9,18.2
0.297,0.302,U8,MAD_M6C12,4.249773678968505,23.637681581194197,CPG,WPG,0.1,0.4214056032853901,0.20044485288003436,0.5118853940720229,0,-1.6065880118934057,976.2,6.9,18.2
0.297,0.302,U8,MAD_M6C12,4.249435792727101,23.63914638240513,CPG,WPG,0.1,0.4213941947568517,0.2004065532334098,0.5101945444045684,3,-1.60660110105567,976.2,7.0,18.2
0.297,0.302,U8,MAD_M6C12,4.249436129587788,23.635367702405308,CPG,WPG,0.1,0.4214375724466248,0.20040914153905492,0.5086482281473681,0,-1.6064692180174909,976.1,6.9,18.2
0.297,0.302,U8,MAD_M6C12,4.249489634073858,23.637612061439913,CPG,WPG,0.1,0.421408406999856,0.20042044785982308,0.5136501102407149,3,-1.6066737578911265,976.2,7.0,18.2
0.297,0.302,U8,MAD_M6C12,4.248847165662327,23.63508169260142,CPG,WPG,0.1,0.42144575527765815,0.2004623574424653,0.5170307284570077,1,-1.6066070175974883,976.0,6.9,18.1
0.297,0.302,U8,MAD_M6C12,4.249139722629885,23.63477471489022,CPG,WPG,0.1,0.421444709713674,0.20044570559723612,0.5146791017203154,7,-1.6066238207393475,976.2,6.9,18.1
0.297,0.302,U8,MAD_M6C12,4.2489725171007375,23.63605513042277,CPG,WPG,0.1,0.4214349674321919,0.2004379066905319,0.5136887857481285,6,-1.6065420036554627,976.0,6.9,18.1
0.297,0.302,U8,MAD_M6C12,4.248928869476413,23.63580701822594,CPG,WPG,0.1,0.4214365699252976,0.20047240570728453,0.5197874497754809,2,-1.606620330201963,976.0,6.9,18.1
0.297,0.302,U8,MAD_M6C12,4.249228997171945,23.635754814735197,CPG,WPG,0.1,0.42143447527370137,0.2004940691887873,0.524003932081551,5,-1.606552509449946,976.1,6.9,18.1
0.297,0.302,U8,MAD_M6C12,4.249946339281412,23.637075453409103,CPG,WPG,0.1,0.4214071182512904,0.2005011538002892,0.5241876416987323,2,-1.606712901704899,976.0,6.9,18.1
0.297,0.302,U8,MAD_M6C12,4.249891221084986,23.637060582403286,CPG,WPG,0.1,0.42140718015474077,0.2004897479873729,0.5185854202322302,2,-1.6067530221941162,976.0,6.9,18.1
0.297,0.302,U8,MAD_M6C12,4.249776438544973,23.635411411174356,CPG,WPG,0.1,0.4214307836433799,0.20053563908669395,0.5227675844306168,6,-1.6065486916476797,976.0,6.9,18.1
0.297,0.302,U8,MAD_M6C12,4.249999220790337,23.638170007975035,CPG,WPG,0.1,0.4213967362644095,0.2005532624807666,0.5221954733465375,5,-1.6066137824442546,975.9,6.9,18.1
0.297,0.302,U8,MAD_M6C12,4.24957987811294,23.634928309001932,CPG,WPG,0.1,0.42143418142410616,0.20053052169051014,0.519705773478154,0,-1.6067599463986006,975.9,6.9,18.1
0.297,0.302,U8,MAD_M6C12,4.249253627276825,23.637129530624392,CPG,WPG,0.1,0.42142004247564546,0.20051342850687298,0.5197438650920083,6,-1.6065208873502748,976.0,6.9,18.1
0.297,0.302,U8,MAD_M6C12,4.249048570464735,23.6345424802637,CPG,WPG,0.1,0.421447488407107,0.20057652096528186,0.5275102310392561,6,-1.6066690871897524,976.1,6.9,18.1
0.297,0.302,U8,MAD_M6C12,4.249576924864257,23.635985920129304,CPG,WPG,0.1,0.4214236717018642,0.20054456182021269,0.5197370471710427,3,-1.6067216687985368,976.1,6.9,18.2
0.297,0.302,U8,MAD_M6C12,4.249412479945146,23.636347117192653,CPG,WPG,0.1,0.42142664164676474,0.20054540033651488,0.521528140465835,0,-1.6065038814723387,976.2,6.9,18.1
0.297,0.302,U8,MAD_M6C12,4.249274421404349,23.636944063838477,CPG,WPG,0.1,0.4214200385857229,0.20051808399228974,0.5174069284334819,4,-1.6066018239914754,976.2,6.9,18.2
0.297,0.302,U8,MAD_M6C12,4.248985280427421,23.634780668237564,CPG,WPG,0.1,0.4214461942533875,0.20060274128655184,0.5259879730466825,6,-1.606650113319736,976.4,6.9,18.1
0.297,0.302,U8,MAD_M6C12,4.249314691118062,23.635744667462827,CPG,WPG,0.1,0.4214317405480814,0.2005409804000531,0.520355730967982,0,-1.6066317114151865,976.5,6.9,18.2
0.297,0.302,U8,MAD_M6C12,4.249354568380007,23.636390947576945,CPG,WPG,0.1,0.42142402909623455,0.20056220646540782,0.5241063812786266,5,-1.6066423968224637,976.4,6.9,18.1
0.297,0.302,U8,MAD_M6C12,4.2498519562221935,23.63664700135945,CPG,WPG,0.1,0.4214117614668583,0.200535405220867,0.5209790727468988,4,-1.606771773009008,976.3,6.9,18.2
0.297,0.302,U8,MAD_M6C12,4.249692449388798,23.636687382943567,CPG,WPG,0.1,0.4214150901071234,0.20061611341076988,0.5284276513395572,0,-1.606696718730742,976.5,6.9,18.1
0.297,0.302,U8,MAD_M6C12,4.24964939044906,23.637265459943396,CPG,WPG,0.1,0.42140963220713357,0.200568718812854,0.5262616170574157,7,-1.6066889131405553,976.4,6.9,18.1
0.297,0.302,U8,MAD_M6C12,4.249627914117056,23.636591067947574,CPG,WPG,0.1,0.4214177567483204,0.20052564611124257,0.5228918749677796,3,-1.6066611641912871,976.6,6.9,18.1
0.297,0.302,U8,MAD_M6C12,4.249729453664492,23.636796318765647,CPG,WPG,0.1,0.4214130532032533,0.2005218911787175,0.5230105482713179,0,-1.6067138391526772,976.6,6.9,18.1
0.297,0.302,U8,MAD_M6C12,4.249880699100333,23.63685295002106,CPG,WPG,0.1,0.4214111715681258,0.20054848203612413,0.5258389665090557,3,-1.6066765963014458,976.7,6.9,18.1
0.297,0.302,U8,MAD_M6C12,4.249673105249794,23.63677142736315,CPG,WPG,0.1,0.42141541719271375,0.20052480966714165,0.5231943076567656,1,-1.606651060185337,976.7,6.9,18.2
0.297,0.302,U8,MAD_M6C12,4.249912528143565,23.63624461608871,CPG,WPG,0.1,0.42141445202948313,0.20053659503102889,0.526844155322626,4,-1.6068098781254694,976.8,6.9,18.1
0.297,0.302,U8,MAD_M6C12,4.24974619347317,23.635804822007547,CPG,WPG,0.1,0.4214230254001893,0.2005205461841802,0.5264324187593497,6,-1.6067351171733986,976.7,6.9,18.1
0.297,0.302,U8,MAD_M6C12,4.249802032443583,23.635890651140734,CPG,WPG,0.1,0.4214206287250953,0.20053803954379257,0.5246592875361973,2,-1.606768843043934,976.7,6.9,18.2
0.297,0.302,U8,MAD_M6C12,4.249896356688069,23.636960051394542,CPG,WPG,0.1,0.4214075767426027,0.2005395674998876,0.5264819509477263,3,-1.606782004946142,976.7,6.9,18.1
0.297,0.302,U8,MAD_M6C12,4.249928831905435,23.638004767302007,CPG,WPG,0.1,0.4213962791224197,0.2004828562184634,0.5213678811016611,1,-1.6067645823698111,976.7,6.9,18.2
0.297,0.302,U8,MAD_M6C12,4.249852102332524,23.636312869438676,CPG,WPG,0.1,0.42141629850097395,0.2005079869805984,0.5249391592980217,7,-1.6067268982949336,976.8,6.9,18.1
0.297,0.302,U8,MAD_M6C12,4.249653805210754,23.636149471947007,CPG,WPG,0.1,0.4214206040166381,0.20047423699089426,0.5204234120521196,0,-1.606734098882173,976.7,6.9,18.2
0.297,0.302,U8,MAD_M6C12,4.249834257999758,23.63723803312394,CPG,WPG,0.1,0.42140612686077494,0.20043755253554307,0.5192584041576014,6,-1.6067494017963018,976.8,6.9,18.1
0.297,0.302,U8,MAD_M6C12,4.249728739526275,23.635613518919016,CPG,WPG,0.1,0.4214252851716432,0.20050267179505032,0.523516328791795,4,-1.6067366759247292,976.6,6.9,18.1
0.297,0.302,U8,MAD_M6C12,4.249815706946619,23.635477835379902,CPG,WPG,0.1,0.42142798466267145,0.20049035385773717,0.5234162217140255,5,-1.6066219623422047,976.5,6.9,18.1
0.297,0.302,U8,MAD_M6C12,4.249734776412115,23.63613210781671,CPG,WPG,0.1,0.42142122295815276,0.20050874851294367,0.5258335523377116,7,-1.606661513898402,976.7,6.9,18.1
0.297,0.302,U8,MAD_M6C12,4.249630854797259,23.635806013623732,CPG,WPG,0.1,0.42142450808672577,0.20048584678559384,0.5214531117056072,2,-1.606738731506658,976.7,6.9,18.2
0.297,0.302,U8,MAD_M6C12,4.249710446318634,23.6351289745206,CPG,WPG,0.1,0.42143045653178424,0.20046839865235358,0.521709249883358,1,-1.6067500274523017,976.5,6.9,18.1
0.297,0.302,U8,MAD_M6C12,4.24976142067584,23.63551535261791,CPG,WPG,0.1,0.4214255155118046,0.20047327546736216,0.5224561620211734,7,-1.606754571796328,976.7,6.9,18.1
0.297,0.302,U8,MAD_M6C12,4.249809632907419,23.635970343036803,CPG,WPG,0.1,0.42141948506764965,0.200447316927373,0.5183520975988034,0,-1.6067775395368091,976.7,6.9,18.2
0.297,0.302,U8,MAD_M6C12,4.249867795754932,23.6354550235702,CPG,WPG,0.1,0.4214234193470083,0.20045515950224418,0.5173436184318385,4,-1.6068157410223556,976.6,6.9,18.2
0.297,0.302,U8,MAD_M6C12,4.249660684116567,23.636335120271717,CPG,WPG,0.1,0.4214190392110843,0.2004273634830253,0.5152228447429845,7,-1.6067093770297785,976.6,6.9,18.2
0.297,0.302,U8,MAD_M6C12,4.24964505078913,23.636265565653478,CPG,WPG,0.1,0.421419579314498,0.2004082319133429,0.5158591686264749,6,-1.6067292296970628,976.6,6.9,18.2
0.297,0.302,U8,MAD_M6C12,4.249983989784113,23.636413507692836,CPG,WPG,0.1,0.42141241282348907,0.20043074643586542,0.515811017921862,7,-1.6067744823060561,976.6,6.9,18.2
0.297,0.302,U8,MAD_M6C12,4.249759430209865,23.636224489820837,CPG,WPG,0.1,0.42141734780982043,0.20044488358226356,0.516544725434398,7,-1.6067818614851035,976.5,6.9,18.2
0.297,0.302,U8,MAD_M6C12,4.2496903482377535,23.635794420901995,CPG,WPG,0.1,0.42142303313544344,0.20042513796365766,0.5152064753577044,4,-1.6067759994127986,976.7,6.9,18.2
0.297,0.302,U8,MAD_M6C12,4.249838363963611,23.63610736180285,CPG,WPG,0.1,0.42141748905561616,0.20040625003617196,0.5133026860569943,4,-1.606783804323566,976.7,6.9,18.2
0.297,0.302,U8,MAD_M6C12,4.249940639321264,23.635935601865835,CPG,WPG,0.1,0.4214176795232144,0.20042973691608798,0.5141514027398997,0,-1.6067961193637093,976.6,6.9,18.2
0.297,0.302,U8,MAD_M6C12,4.249912517872116,23.63626677295155,CPG,WPG,0.1,0.42141466917201775,0.20043284578170337,0.5143090999664768,0,-1.606788377491192,976.6,6.9,18.2
0.297,0.302,U8,MAD_M6C12,4.249826081147475,23.63603100304167,CPG,WPG,0.1,0.42141896355934894,0.20043559939192493,0.516593922908489,1,-1.6067607984689136,976.6,6.9,18.2
0.297,0.302,U8,MAD_M6C12,4.2498985521810235,23.636005745597412,CPG,WPG,0.1,0.421418351817196,0.20041828751987217,0.515359455082915,6,-1.6067558517287654,976.6,6.9,18.2
0.297,0.302,U8,MAD_M6C12,4.249908163001815,23.63609170487596,CPG,WPG,0.1,0.4214172465101829,0.20041360940845565,0.5139338151751631,2,-1.606758259163433,976.7,6.9,18.2
0.297,0.302,U8,MAD_M6C12,4.249860524786028,23.635501956069078,CPG,WPG,0.1,0.4214236586087031,0.20038937851259017,0.512469562819938,3,-1.6067852940629965,976.6,6.9,18.2
0.297,0.302,U8,MAD_M6C12,4.249794906067948,23.635582120911867,CPG,WPG,0.1,0.42142344051420694,0.20040707259918264,0.5140325154651255,0,-1.606797171004981,976.7,6.9,18.2
0.297,0.302,U8,MAD_M6C12,4.249957775756853,23.63613011227547,CPG,WPG,0.1,0.42141530691038226,0.20039836081779622,0.513688799648826,0,-1.6067984634987766,976.7,6.9,18.2
0.297,0.302,U8,MAD_M6C12,4.249807564351843,23.635962670277763,CPG,WPG,0.1,0.4214192277771578,0.20039855371642584,0.512992281842438,5,-1.6067949246681046,976.7,6.9,18.2
0.297,0.302,U8,MAD_M6C12,4.249881426793635,23.635975973730634,CPG,WPG,0.1,0.42141792029583,0.2004067056057707,0.5154413054460214,6,-1.6068023847423252,976.7,6.9,18.2
0.297,0.302,U8,MAD_M6C12,4.249958383508727,23.63620746115742,CPG,WPG,0.1,0.4214145573219569,0.20038591926083144,0.5151849614969355,1,-1.606794230049772,976.7,6.9,18.2
0.297,0.302,U8,MAD_M6C12,4.2499890042046955,23.635690935054978,CPG,WPG,0.1,0.42141879405541377,0.2003965014613563,0.5147308956513732,1,-1.6068364967374027,976.7,6.9,18.2
0.297,0.302,U8,MAD_M6C12,4.249968214404836,23.636091879624264,CPG,WPG,0.1,0.42141539226697766,0.20040751604115148,0.5141010898947287,4,-1.6068071140671503,976.7,6.9,18.2
0.297,0.302,U8,MAD_M6C12,4.249948113631028,23.635691841902805,CPG,WPG,0.1,0.4214196663389044,0.20038891216005272,0.5113747563480691,2,-1.6068211525946356,976.7,6.9,18.2
0.297,0.302,U8,MAD_M6C12,4.249812618809944,23.6353706384708,CPG,WPG,0.1,0.4214251825377199,0.20038951373238553,0.5133404130188062,7,-1.6068107902681206,976.7,6.9,18.2
0.297,0.302,U8,MAD_M6C12,4.24976940459192,23.636018219313133,CPG,WPG,0.1,0.42141990258662504,0.2004012512883263,0.5137643930242746,0,-1.6067594168113466,976.8,6.9,18.2
0.297,0.302,U8,MAD_M6C12,4.249844074089007,23.636021457831603,CPG,WPG,0.1,0.4214185726331757,0.20041633996129068,0.5151651459426114,7,-1.6067725282726002,976.8,6.9,18.2
0.297,0.302,U8,MAD_M6C12,4.249897787358901,23.636045466618647,CPG,WPG,0.1,0.4214171147588128,0.20039884837486388,0.5135444044522757,5,-1.606794637861686,976.7,6.9,18.2
0.297,0.302,U8,MAD_M6C12,4.2499506380229395,23.636539808829273,CPG,WPG,0.1,0.42141073482283636,0.20041665860370592,0.5159288168971483,7,-1.606811139373642,976.8,6.9,18.2
0.297,0.302,U8,MAD_M6C12,4.249851959127461,23.636646562361932,CPG,WPG,0.1,0.4214115307286615,0.20042663939235542,0.5150576078410283,6,-1.6067828965851092,976.8,6.9,18.2
0.297,0.302,U8,MAD_M6C12,4.2499026428709605,23.636297357179657,CPG,WPG,0.1,0.4214141384627716,0.2004280534166184,0.5149714301842727,3,-1.6068042901272328,976.9,6.9,18.2
0.297,0.302,U8,MAD_M6C12,4.249843137306854,23.6357516071264,CPG,WPG,0.1,0.42142073762562204,0.20041028293844768,0.5137005179141076,4,-1.606807802354398,976.9,6.9,18.2
0.297,0.302,U8,MAD_M6C12,4.249968687446267,23.63582439591196,CPG,WPG,0.1,0.4214186216741539,0.20039776272058243,0.5139664996553361,0,-1.6067899826852408,976.7,6.9,18.2
0.297,0.302,U8,MAD_M6C12,4.249998918480641,23.63608404348672,CPG,WPG,0.1,0.42141475339670814,0.20041177832667145,0.5136340069105532,6,-1.60682150544174,976.8,6.9,18.2
0.297,0.302,U8,MAD_M6C12,4.249976557066285,23.636048446329408,CPG,WPG,0.1,0.42141537091222137,0.20040143607360186,0.5145567951949399,0,-1.606824796751484,976.8,6.9,18.2
0.297,0.302,U8,MAD_M6C12,4.249991283091623,23.636214247167697,CPG,WPG,0.1,0.4214132915446381,0.20040757097482945,0.5137940027856835,2,-1.6068294077223815,976.8,6.9,18.2
0.297,0.302,U8,MAD_M6C12,4.24991060386754,23.635717909573998,CPG,WPG,0.1,0.42142012049325484,0.20041643506625448,0.5138677294939553,4,-1.606810617827847,976.8,6.9,18.2
0.297,0.302,U8,MAD_M6C12,4.249969576265012,23.636149621147986,CPG,WPG,0.1,0.421414724130187,0.20040944475910752,0.5129377967131385,5,-1.6068084988050195,976.8,6.9,18.2
0.297,0.302,U8,MAD_M6C12,4.249955511292311,23.63627541798721,CPG,WPG,0.1,0.4214133335962364,0.20041582853694964,0.5145751863742509,3,-1.6068194088741965,976.9,6.9,18.2
0.297,0.302,U8,MAD_M6C12,4.249968799162366,23.636217960349086,CPG,WPG,0.1,0.42141364420281946,0.2004186826886455,0.5150315578645106,7,-1.6068253395346268,976.8,6.9,18.2
0.297,0.302,U8,MAD_M6C12,4.249892290664928,23.63570738124942,CPG,WPG,0.1,0.42142062645857065,0.2004303386553818,0.5154694558913482,2,-1.6068038472829276,976.8,6.9,18.2
0.297,0.302,U8,MAD_M6C12,4.249851333193046,23.635482967071674,CPG,WPG,0.1,0.42142323494611733,0.2004220152286737,0.5148450404470362,6,-1.6068208737989327,976.8,6.9,18.2
0.297,0.302,U8,MAD_M6C12,4.249896634577014,23.635607713682663,CPG,WPG,0.1,0.42142114555196863,0.2004388757606053,0.5164801462717339,5,-1.606827111197605,976.8,6.9,18.2
0.297,0.302,U8,MAD_M6C12,4.249829372476334,23.635617100768087,CPG,WPG,0.1,0.4214225359757052,0.20043032302238817,0.515772256404913,5,-1.6067999615678286,976.8,6.9,18.2
0.297,0.302,U8,MAD_M6C12,4.249949684706337,23.63625074999716,CPG,WPG,0.1,0.42141373837343343,0.20042011791537795,0.5149353131370127,4,-1.6068165562547705,976.8,6.9,18.2
0.297,0.302,U8,MAD_M6C12,4.2499288230062415,23.636293039364983,CPG,WPG,0.1,0.4214137090293451,0.20042165158109176,0.5166800251645118,5,-1.6068099125491955,976.9,6.9,18.2
0.297,0.302,U8,MAD_M6C12,4.249937777681585,23.636217234026898,CPG,WPG,0.1,0.4214147164726305,0.20042908688243163,0.5165382176742574,5,-1.606795019996559,976.8,6.9,18.2
0.297,0.302,U8,MAD_M6C12,4.249889883892613,23.636108494327814,CPG,WPG,0.1,0.42141641142684827,0.20042339727210184,0.5166663813179926,1,-1.6068009700559038,976.8,6.9,18.2
0.297,0.302,U8,MAD_M6C12,4.2498790147017464,23.635975221503703,CPG,WPG,0.1,0.42141798352189913,0.2004273486144545,0.5177792382969701,7,-1.6068013323924255,976.8,6.9,18.2
0.297,0.302,U8,MAD_M6C12,4.249960758934636,23.636138545591677,CPG,WPG,0.1,0.42141469593601544,0.2004202275410761,0.5164675688690084,5,-1.6068211316230858,976.8,6.9,18.2
0.297,0.302,U8,MAD_M6C12,4.249938320385604,23.636121843726247,CPG,WPG,0.1,0.4214151940488955,0.2004291539889433,0.5187784948638954,6,-1.6068205235759407,976.8,6.9,18.2
0.297,0.302,U8,MAD_M6C12,4.249893170584957,23.63580116052153,CPG,WPG,0.1,0.42141941320993015,0.20041991413581173,0.5176105834903133,0,-1.6068130099529636,976.8,6.9,18.2
0.297,0.302,U8,MAD_M6C12,4.249907456073864,23.63606113294597,CPG,WPG,0.1,0.42141639758986804,0.20041734260433053,0.518757519734764,6,-1.6068143472431906,976.9,6.9,18.2
0.297,0.302,U8,MAD_M6C12,4.249959633748505,23.63607032619448,CPG,WPG,0.1,0.42141538378106524,0.20040950751607323,0.5183492340224292,3,-1.6068239817583265,976.9,6.9,18.2
0.297,0.302,U8,MAD_M6C12,4.249906672444426,23.635781315702776,CPG,WPG,0.1,0.4214192815265668,0.20041545792840507,0.5187676110429709,5,-1.6068206099659381,976.9,6.9,18.2
0.297,0.302,U8,MAD_M6C12,4.249861930381016,23.635737320548646,CPG,WPG,0.1,0.4214205089310951,0.2004321152008967,0.5192480129640198,6,-1.6068137574731516,976.9,6.9,18.2
0.297,0.302,U8,MAD_M6C12,4.24993880266921,23.636038970612024,CPG,WPG,0.1,0.4214160950492515,0.20042719329572592,0.517309979447445,0,-1.6068197043063162,976.8,6.9,18.2
0.297,0.302,U8,MAD_M6C12,4.249911658384797,23.63553197728355,CPG,WPG,0.1,0.42142178115380546,0.2004170211165497,0.5171453346075516,3,-1.6068258433520306,976.8,6.9,18.2
0.297,0.302,U8,MAD_M6C12,4.249935939471142,23.635861863791426,CPG,WPG,0.1,0.4214178571399602,0.20041847815653324,0.5172771782608141,3,-1.6068281826076358,976.9,6.9,18.2
0.297,0.302,U8,MAD_M6C12,4.249910381890163,23.63579033109891,CPG,WPG,0.1,0.42141923061546027,0.20041649621298485,0.5169861141087568,3,-1.6068160504543663,976.9,6.9,18.2
0.297,0.302,U8,MAD_M6C12,4.249947642322933,23.636018473020677,CPG,WPG,0.1,0.4214161948372627,0.20041997118363147,0.5176643212893164,4,-1.606819700456903,976.9,6.9,18.2
0.297,0.302,U8,MAD_M6C12,4.2499165848439775,23.63557947911645,CPG,WPG,0.1,0.42142137697305193,0.2004209355525429,0.5166283361801418,4,-1.6068176581538935,976.9,6.9,18.2
0.297,0.302,U8,MAD_M6C12,4.249955327770471,23.635873510176896,CPG,WPG,0.1,0.4214173921938694,0.2004075906782173,0.5158979834330575,5,-1.6068317544352517,976.9,6.9,18.2
0.297,0.302,U8,MAD_M6C12,4.249950474240684,23.636088783569054,CPG,WPG,0.1,0.42141577938611163,0.2004152337126286,0.516168668156213,4,-1.6068018184564998,976.9,6.9,18.2
0.297,0.302,U8,MAD_M6C12,4.2499431998587545,23.636056263769856,CPG,WPG,0.1,0.4214158362855964,0.20043484240107332,0.517476583085708,2,-1.606820321736203,976.9,6.9,18.2
0.297,0.302,U8,MAD_M6C12,4.249986011030381,23.63602721791574,CPG,WPG,0.1,0.4214155202375142,0.20043231871375577,0.5184580826435616,5,-1.606822427488364,977.0,6.9,18.2
0.297,0.302,U8,MAD_M6C12,4.24999259515969,23.635991598471566,CPG,WPG,0.1,0.42141554559359407,0.20042717173897748,0.5179273240372999,7,-1.6068350692179383,977.0,6.9,18.2
0.297,0.302,U8,MAD_M6C12,4.249956120271412,23.63599994017082,CPG,WPG,0.1,0.4214161436394686,0.2004393810531331,0.520037753029849,4,-1.6068260668015313,976.9,6.9,18.2
0.297,0.302,U8,MAD_M6C12,4.249955131640622,23.635926799919638,CPG,WPG,0.1,0.4214170534226111,0.2004475189089152,0.5188072899382412,7,-1.6068208391167396,976.9,6.9,18.2
0.297,0.302,U8,MAD_M6C12,4.249988799153689,23.635948546574276,CPG,WPG,0.1,0.42141618822163734,0.20044899031941946,0.519339332893662,2,-1.6068290009279114,976.9,6.9,18.2
0.297,0.302,U8,MAD_M6C12,4.249936242981855,23.635743565822196,CPG,WPG,0.1,0.4214191896492966,0.20045296999111425,0.5188482800592231,2,-1.6068250685592638,976.8,6.9,18.2
0.297,0.302,U8,MAD_M6C12,4.249958354443419,23.63597629941608,CPG,WPG,0.1,0.42141629693663085,0.20042508534229955,0.5178005040719089,4,-1.6068293841251524,976.8,6.9,18.2
0.297,0.302,U8,MAD_M6C12,4.249954823857708,23.636023868017798,CPG,WPG,0.1,0.4214161204423372,0.20043185825924814,0.5175647660617622,3,-1.6068158521684826,976.9,6.9,18.2
0.297,0.302,U8,MAD_M6C12,4.249991796651053,23.635807413142302,CPG,WPG,0.1,0.4214178292121094,0.20044002778867676,0.518382685435165,0,-1.6068211669038384,976.8,6.9,18.2
0.297,0.302,U8,MAD_M6C12,4.24992466615954,23.6357984404658,CPG,WPG,0.1,0.42141877538176675,0.20044227403548623,0.5183161255227118,2,-1.6068242461568296,976.9,6.9,18.2
0.297,0.302,U8,MAD_M6C12,4.2499686242323165,23.635837273702926,CPG,WPG,0.1,0.4214175207654816,0.20043891069489173,0.5181556015603874,1,-1.6068355090393815,976.8,6.9,18.2
0.297,0.302,U8,MAD_M6C12,4.249983228689541,23.636007007330434,CPG,WPG,0.1,0.42141558633619536,0.20044639976822493,0.5185121912183144,6,-1.606831354888861,976.8,6.9,18.2
0.297,0.302,U8,MAD_M6C12,4.249969541274591,23.635953748270364,CPG,WPG,0.1,0.42141633317065785,0.20044614365618516,0.5174130988207053,1,-1.6068319140929042,976.8,6.9,18.2
0.297,0.302,U8,MAD_M6C12,4.249984519794056,23.635710236884595,CPG,WPG,0.1,0.421418553956054,0.20044177045447986,0.5181687335062946,3,-1.6068409330176063,976.8,6.9,18.2
0.297,0.302,U8,MAD_M6C12,4.2499976443043845,23.63616127573205,CPG,WPG,0.1,0.42141400583317207,0.20044701028901932,0.5196885280416734,1,-1.6068184474148435,976.8,6.9,18.2
0.297,0.302,U8,MAD_M6C12,4.249964339900643,23.636084264664735,CPG,WPG,0.1,0.4214150821923974,0.20042905912067085,0.5170520040098565,4,-1.6068281265639754,976.8,6.9,18.2
0.297,0.302,U8,MAD_M6C12,4.249978698190472,23.63603120767587,CPG,WPG,0.1,0.4214153896686422,0.2004270413220936,0.5176330514290743,7,-1.6068312817717079,976.9,6.9,18.2
0.297,0.302,U8,MAD_M6C12,4.249990236202528,23.635883073628424,CPG,WPG,0.1,0.4214167509165253,0.20042374926534406,0.5172375755358893,0,-1.6068347201512125,976.8,6.9,18.2
0.297,0.302,U8,MAD_M6C12,4.249969221718266,23.635752691011945,CPG,WPG,0.1,0.4214186680068225,0.20042739577635707,0.5181480415264454,7,-1.606823846616626,976.8,6.9,18.2
0.297,0.302,U8,MAD_M6C12,4.249990479326246,23.63586302397652,CPG,WPG,0.1,0.42141686511661214,0.20042024141928216,0.5163951964607647,2,-1.6068393443816085,976.8,6.9,18.2
0.297,0.302,U8,MAD_M6C12,4.249979941218066,23.635695973625516,CPG,WPG,0.1,0.42141883933353147,0.20041344593438717,0.5158253531729944,3,-1.6068376365609165,976.7,6.9,18.2
0.297,0.302,U8,MAD_M6C12,4.249959552259878,23.635978719707087,CPG,WPG,0.1,0.42141637744647975,0.2004187267500519,0.5169756931637979,7,-1.6068235798094062,976.7,6.9,18.2
0.297,0.302,U8,MAD_M6C12,4.2499999681671765,23.63574504880087,CPG,WPG,0.1,0.4214180808756441,0.2004129377002496,0.5155939438552202,3,-1.6068356680570073,976.7,6.9,18.2
0.297,0.302,U8,MAD_M6C12,4.249960741218396,23.63561174603575,CPG,WPG,0.1,0.42141999439031497,0.20041663951006125,0.5152485646525315,3,-1.6068381745283968,976.7,6.9,18.2
0.297,0.302,U8,MAD_M6C12,4.249931786094133,23.63562677478429,CPG,WPG,0.1,0.42142065283651686,0.200411054566828,0.515700843488478,7,-1.6068180796408118,976.7,6.9,18.2
0.297,0.302,U8,MAD_M6C12,4.249948419851409,23.635623781590752,CPG,WPG,0.1,0.4214200782641818,0.2004106247517498,0.516246757863839,5,-1.6068360374106767,976.8,6.9,18.2
0.297,0.302,U8,MAD_M6C12,4.249950341455939,23.63562275983219,CPG,WPG,0.1,0.4214200730498843,0.20039585393649118,0.5154678717242231,1,-1.6068355648459658,976.8,6.9,18.2
0.297,0.302,U8,MAD_M6C12,4.249975915883925,23.63584297647411,CPG,WPG,0.1,0.42141757086731946,0.20040756487202077,0.5166636147615873,2,-1.606825550689086,976.9,6.9,18.2
0.297,0.302,U8,MAD_M6C12,4.249959592069623,23.635722797301568,CPG,WPG,0.1,0.42141897919520777,0.20040924663287116,0.5162169689581435,0,-1.606830517611776,976.8,6.9,18.2
0.297,0.302,U8,MAD_M6C12,4.249986180007558,23.635670103058892,CPG,WPG,0.1,0.42141891913127943,0.20040069424108975,0.515228253098508,1,-1.6068429795853572,976.8,6.9,18.2
0.297,0.302,U8,MAD_M6C12,4.249995288426659,23.635886326125327,CPG,WPG,0.1,0.4214166283370114,0.20041110809078766,0.5158380335576522,7,-1.606835607645861,976.8,6.9,18.2
0.297,0.302,U8,MAD_M6C12,4.249980710888741,23.63580211636215,CPG,WPG,0.1,0.4214177271981927,0.20040834257412163,0.5167001070410064,1,-1.6068358158054288,976.8,6.9,18.2
0.297,0.302,U8,MAD_M6C12,4.249985989129316,23.63580085698384,CPG,WPG,0.1,0.42141785722035013,0.20041620068645932,0.5170642092254711,3,-1.6068269116028144,976.8,6.9,18.2
0.297,0.302,U8,MAD_M6C12,4.249972541149304,23.63578919688083,CPG,WPG,0.1,0.4214179425652746,0.2004084285047312,0.5176499806965218,2,-1.6068374584650655,976.9,6.9,18.2
0.297,0.302,U8,MAD_M6C12,4.249955712644093,23.63563194642751,CPG,WPG,0.1,0.42141988273740166,0.20042069663118436,0.517364301528668,6,-1.606836435585837,976.8,6.9,18.2
0.297,0.302,U8,MAD_M6C12,4.249965199645993,23.635621706879842,CPG,WPG,0.1,0.42142003295177916,0.20041176699728153,0.5171081600393812,2,-1.606828424725638,976.9,6.9,18.2
0.297,0.302,U8,MAD_M6C12,4.249952967069816,23.63562729257965,CPG,WPG,0.1,0.42142005063354687,0.20040327164387062,0.5167123151455102,3,-1.6068326322709883,976.9,6.9,18.2
0.297,0.302,U8,MAD_M6C12,4.249951050464623,23.63562472462945,CPG,WPG,0.1,0.4214201096743024,0.20040289923513976,0.5160266079954039,2,-1.6068323801932394,976.9,6.9,18.2
0.297,0.302,U8,MAD_M6C12,4.249968246907367,23.63564236727258,CPG,WPG,0.1,0.42141961932873523,0.2004025681994984,0.5165989202619774,1,-1.606835520571238,976.9,6.9,18.2
0.297,0.302,U8,MAD_M6C12,4.249982002375259,23.635800649322036,CPG,WPG,0.1,0.42141768454761747,0.2004043000009259,0.5168946727528438,1,-1.606837744099213,976.9,6.9,18.2
0.297,0.302,U8,MAD_M6C12,4.249981793206592,23.635766270270665,CPG,WPG,0.1,0.42141801531570505,0.20040332042067813,0.5166836673086181,5,-1.6068396995070113,976.9,6.9,18.2
0.297,0.302,U8,MAD_M6C12,4.249986035138476,23.63580457055524,CPG,WPG,0.1,0.42141765838177037,0.20040676617665723,0.5171464970509789,2,-1.606834392850482,976.9,6.9,18.2
0.297,0.302,U8,MAD_M6C12,4.2499885444378585,23.63571798841699,CPG,WPG,0.1,0.4214185256938783,0.20039752588536738,0.5162650478631514,0,-1.6068357417993173,976.9,6.9,18.2
0.297,0.302,U8,MAD_M6C12,4.249995958206342,23.635955426128245,CPG,WPG,0.1,0.4214159171393455,0.20039882101126175,0.5167040383240176,4,-1.606833707642604,976.9,6.9,18.2
0.297,0.302,U8,MAD_M6C12,4.249963843987513,23.635734606863238,CPG,WPG,0.1,0.4214187669993408,0.20039387698928332,0.5163648729073405,3,-1.6068318118163774,976.9,6.9,18.2
0.297,0.302,U8,MAD_M6C12,4.249986728816708,23.635756554464628,CPG,WPG,0.1,0.4214181283812905,0.2003871732513745,0.5166291421823992,3,-1.606836109693111,976.9,6.9,18.2
0.297,0.302,U8,MAD_M6C12,4.249960879817376,23.635614564676096,CPG,WPG,0.1,0.4214200333518447,0.200399315260539,0.5164508777566752,7,-1.6068348133993382,976.9,6.9,18.2
0.297,0.302,U8,MAD_M6C12,4.2499669319965,23.635708358016586,CPG,WPG,0.1,0.4214189225137208,0.20040327093724356,0.5167423405219278,5,-1.606835798175366,976.8,6.9,18.2
0.297,0.302,U8,MAD_M6C12,4.2499650213943765,23.635698794506823,CPG,WPG,0.1,0.4214191134593458,0.20040803275647212,0.5168964477790423,4,-1.6068328601131512,976.9,6.9,18.2
0.297,0.302,U8,MAD_M6C12,4.249983421247765,23.635691920304787,CPG,WPG,0.1,0.4214188793852693,0.20041022409936302,0.5173016663712686,7,-1.606835560105802,976.9,6.9,18.2
0.297,0.302,U8,MAD_M6C12,4.249979440072131,23.635656496280077,CPG,WPG,0.1,0.42141923318934926,0.20040582616639752,0.5163469627646822,2,-1.6068393865938013,976.9,6.9,18.2
0.297,0.302,U8,MAD_M6C12,4.249982914661807,23.635678180714816,CPG,WPG,0.1,0.42141902727067737,0.2004136517356584,0.5173696234114114,7,-1.606835872350624,976.9,6.9,18.2
0.297,0.302,U8,MAD_M6C12,4.249988458355236,23.635684536739006,CPG,WPG,0.1,0.4214187405553398,0.2004157570748326,0.5172923764226884,4,-1.6068426241755684,976.9,6.9,18.2
0.297,0.302,U8,MAD_M6C12,4.249996539873789,23.635727772412583,CPG,WPG,0.1,0.42141833087633707,0.20042495621465453,0.5174580249820462,4,-1.6068348319635177,976.9,6.9,18.2
0.297,0.302,U8,MAD_M6C12,4.249998656622343,23.6358038344481,CPG,WPG,0.1,0.4214174892569461,0.20041377195962456,0.5174656647992255,0,-1.6068346295020888,976.9,6.9,18.2
0.297,0.302,U8,MAD_M6C12,4.249996401168295,23.635944214993255,CPG,WPG,0.1,0.4214159312967684,0.20042137494616719,0.5183133921508061,0,-1.6068384441089503,977.0,6.9,18.2
0.297,0.302,U8,MAD_M6C12,4.249998270488295,23.635793467666144,CPG,WPG,0.1,0.42141750732304023,0.2004229772438486,0.5181220748891944,4,-1.6068392866559513,977.0,6.9,18.2
0.297,0.302,U8,MAD_M6C12,4.249983810573771,23.635758246648248,CPG,WPG,0.1,0.4214180955804216,0.2004231185818526,0.518530091316364,6,-1.6068386801909824,977.0,6.9,18.2
0.297,0.302,U8,MAD_M6C12,4.249985560872384,23.6357043457374,CPG,WPG,0.1,0.42141858457711373,0.20042502633443776,0.5180440780969806,0,-1.6068418058837768,977.0,6.9,18.2
0.297,0.302,U8,MAD_M6C12,4.249994902014626,23.635705758748287,CPG,WPG,0.1,0.42141845882824086,0.2004210375673689,0.5177048150200307,2,-1.6068410146768688,977.0,6.9,18.2
0.297,0.302,U8,MAD_M6C12,4.249985182474235,23.63580838134596,CPG,WPG,0.1,0.4214175545231603,0.2004176579621445,0.5174333297657858,2,-1.606837915357474,977.0,6.9,18.2
0.297,0.302,U8,MAD_M6C12,4.249996118579925,23.635916814977808,CPG,WPG,0.1,0.4214162521331424,0.20043197176097943,0.518262311569488,4,-1.6068373737756705,977.0,6.9,18.2
0.297,0.302,U8,MAD_M6C12,4.249987108635722,23.635719266955423,CPG,WPG,0.1,0.4214184226676351,0.2004189608530898,0.5173084790538347,6,-1.606840885950433,976.9,6.9,18.2
0.297,0.302,U8,MAD_M6C12,4.249998895290962,23.635790655448393,CPG,WPG,0.1,0.4214174952083056,0.20041546962226692,0.5170213988078465,2,-1.6068408841977817,976.9,6.9,18.2
0.297,0.302,U8,MAD_M6C12,4.249978736732139,23.635651627207256,CPG,WPG,0.1,0.42141931970934654,0.20041362452989456,0.5169063667958995,7,-1.6068382226604374,976.9,6.9,18.2
0.297,0.302,U8,MAD_M6C12,4.249992770214363,23.63574878090528,CPG,WPG,0.1,0.4214179882274635,0.20040928011650946,0.516705215134599,6,-1.606842787431967,976.9,6.9,18.2
0.297,0.302,U8,MAD_M6C12,4.2499934864432385,23.635811564002353,CPG,WPG,0.1,0.42141734529283753,0.20041476572703873,0.516824554972565,5,-1.6068408386352804,976.9,6.9,18.2
0.297,0.302,U8,MAD_M6C12,4.249976607698754,23.635676199927257,CPG,WPG,0.1,0.42141902386780683,0.20042270441481702,0.5175100728134048,4,-1.6068411005787802,976.9,6.9,18.2
0.297,0.302,U8,MAD_M6C12,4.249981371294205,23.635776525113098,CPG,WPG,0.1,0.4214179111123164,0.20042398220208635,0.5172993888595414,0,-1.6068396899081225,976.9,6.9,18.2
0.297,0.302,U8,MAD_M6C12,4.249990983447642,23.635755230783147,CPG,WPG,0.1,0.42141797849946727,0.20043111480137835,0.5175623418029707,2,-1.6068411239262517,976.9,6.9,18.2
0.297,0.302,U8,MAD_M6C12,4.249993869581709,23.635729157946386,CPG,WPG,0.1,0.4214181725608569,0.20043013177784227,0.517477945771589,6,-1.6068433294977762,976.9,6.9,18.2
0.297,0.302,U8,MAD_M6C12,4.249990691431412,23.635694800387192,CPG,WPG,0.1,0.4214185799673153,0.2004277483853845,0.517306186869432,1,-1.6068435646121326,976.9,6.9,18.2
0.297,0.302,U8,MAD_M6C12,4.249996401812808,23.63572661592478,CPG,WPG,0.1,0.42141820464286467,0.20042769220131348,0.51741260058553,5,-1.6068414729536027,976.9,6.9,18.2
0.297,0.302,U8,MAD_M6C12,4.249993520885357,23.635733939885416,CPG,WPG,0.1,0.4214181338183649,0.20042737846725567,0.5174331431410577,7,-1.6068429575048686,976.9,6.9,18.2
0.297,0.302,U8,MAD_M6C12,4.2499973485007,23.63570510754639,CPG,WPG,0.1,0.4214183441592185,0.200428942957606,0.517255191027695,7,-1.606845188157573,976.9,6.9,18.2
0.297,0.302,U8,MAD_M6C12,4.249984815325969,23.635677370897106,CPG,WPG,0.1,0.4214188529553178,0.20042396915663555,0.5171126303776079,7,-1.6068432964526522,976.9,6.9,18.2
0.297,0.302,U8,MAD_M6C12,4.249998337204359,23.63569353625971,CPG,WPG,0.1,0.42141847938186877,0.2004207154767261,0.5171000591299051,4,-1.6068440351366409,976.9,6.9,18.2
0.297,0.302,U8,MAD_M6C12,4.249991143488843,23.635700921875436,CPG,WPG,0.1,0.4214185049979755,0.20043112857115852,0.517751838980562,2,-1.6068437088173884,976.9,6.9,18.2
0.297,0.302,U8,MAD_M6C12,4.249998040458826,23.635711905997077,CPG,WPG,0.1,0.4214182777736172,0.20043044070384958,0.5177777322922656,7,-1.6068444286093833,976.9,6.9,18.2
0.297,0.302,U8,MAD_M6C12,4.2499950606119,23.635742063044418,CPG,WPG,0.1,0.4214180144651287,0.20043284065041475,0.5180001979577646,5,-1.6068434824592739,976.9,6.9,18.2
0.297,0.302,U8,MAD_M6C12,4.2499987688282115,23.63573542456957,CPG,WPG,0.1,0.42141802846350906,0.2004343648417705,0.5181997036239152,1,-1.606843802406928,976.9,6.9,18.2
0.297,0.302,U8,MAD_M6C12,4.249997044293998,23.635702257688997,CPG,WPG,0.1,0.42141837957077877,0.20043034793105993,0.517863270764348,5,-1.6068451573242992,976.9,6.9,18.2
0.297,0.302,U8,MAD_M6C12,4.249993442403491,23.635723472911952,CPG,WPG,0.1,0.42141827162684076,0.20043767129170864,0.5181387640925985,5,-1.6068418090719359,976.9,6.9,18.2
0.297,0.302,U8,MAD_M6C12,4.249992614953747,23.635696215934747,CPG,WPG,0.1,0.42141855257508537,0.20043454377925837,0.5182624451539737,5,-1.6068429016428212,976.9,6.9,18.2
0.297,0.302,U8,MAD_M6C12,4.249999081567736,23.635747646407054,CPG,WPG,0.1,0.4214179053096976,0.2004334219789555,0.5182205416063725,0,-1.6068432167006623,976.9,6.9,18.2
0.297,0.302,U8,MAD_M6C12,4.249998374150288,23.635733734554154,CPG,WPG,0.1,0.42141805407793337,0.2004328633718348,0.5179993241860781,5,-1.6068437040640404,976.9,6.9,18.2
0.297,0.302,U8,MAD_M6C12,4.249996750887673,23.635746633003496,CPG,WPG,0.1,0.42141793430293584,0.20042759420790882,0.5179195576788129,5,-1.6068438621189198,976.9,6.9,18.2
0.297,0.302,U8,MAD_M6C12,4.249998498745669,23.635772380479317,CPG,WPG,0.1,0.42141764816987853,0.20043230087009684,0.5181481338663354,7,-1.6068431879255431,976.9,6.9,18.2
0.297,0.302,U8,MAD_M6C12,4.249995760513,23.63572810726506,CPG,WPG,0.1,0.4214181423960968,0.200427692420316,0.5176105382554277,4,-1.6068440703831932,976.9,6.9,18.2
0.297,0.302,U8,MAD_M6C12,4.249999044145327,23.635753254874928,CPG,WPG,0.1,0.4214178422267808,0.20043264041752729,0.5181009716234213,2,-1.6068433748637485,976.9,6.9,18.2
0.297,0.302,U8,MAD_M6C12,4.249997067634864,23.635722102690302,CPG,WPG,0.1,0.4214181940061007,0.20043384451770616,0.5180632195309496,7,-1.6068438376747736,976.9,6.9,18.2
0.297,0.302,U8,MAD_M6C12,4.249993428527468,23.63572103578689,CPG,WPG,0.1,0.42141825745075273,0.20043080855775064,0.5177990690568612,3,-1.606843724966497,976.9,6.9,18.2
0.297,0.302,U8,MAD_M6C12,4.249995989973761,23.6357275629633,CPG,WPG,0.1,0.42141814024458724,0.20043186139986244,0.5179145620072978,0,-1.6068443005544157,976.9,6.9,18.2
0.297,0.302,U8,MAD_M6C12,4.249994976532475,23.63571143555845,CPG,WPG,0.1,0.42141833642226645,0.20042943472753594,0.5175951538508055,4,-1.6068438693232636,976.9,6.9,18.2
0.297,0.302,U8,MAD_M6C12,4.249993600090838,23.63568530829743,CPG,WPG,0.1,0.4214186513077095,0.2004292362124626,0.5172808177241643,5,-1.6068431383466777,976.9,6.9,18.2
0.297,0.302,U8,MAD_M6C12,4.249996405175957,23.63569715605275,CPG,WPG,0.1,0.42141846417303114,0.20043130375312582,0.5173399569103481,1,-1.6068441607273556,976.8,6.9,18.2
0.297,0.302,U8,MAD_M6C12,4.2499914894049935,23.635704372917672,CPG,WPG,0.1,0.4214185036939278,0.2004304073524096,0.517275144398917,6,-1.6068417959087267,976.9,6.9,18.2
0.297,0.302,U8,MAD_M6C12,4.249992985592137,23.635695116867726,CPG,WPG,0.1,0.4214185324246731,0.20043635357928108,0.5175028926318368,1,-1.6068441730101188,976.9,6.9,18.2
0.297,0.302,U8,MAD_M6C12,4.249995046402305,23.63570361827165,CPG,WPG,0.1,0.4214184072697325,0.20042439466400355,0.5167913239098914,4,-1.6068444445379413,976.9,6.9,18.2
0.297,0.302,U8,MAD_M6C12,4.249999751001014,23.63573577537496,CPG,WPG,0.1,0.4214179982594817,0.20042941920797022,0.51667231716318,3,-1.6068444190344042,976.9,6.9,18.2
0.297,0.302,U8,MAD_M6C12,4.249999532116324,23.63572807437841,CPG,WPG,0.1,0.42141808886096266,0.20042826758923474,0.5166549831821166,2,-1.6068441877445263,976.9,6.9,18.2
0.297,0.302,U8,MAD_M6C12,4.249990813444991,23.635684356364134,CPG,WPG,0.1,0.42141869245893543,0.20043039671250357,0.5172361742327771,6,-1.6068434717058047,976.9,6.9,18.2
0.297,0.302,U8,MAD_M6C12,4.249995856922362,23.635701720196625,CPG,WPG,0.1,0.4214184195586294,0.2004367012273126,0.5173224407617667,3,-1.6068443052867103,976.9,6.9,18.2
0.297,0.302,U8,MAD_M6C12,4.249992487210627,23.635702451459345,CPG,WPG,0.1,0.4214184593500038,0.20043032083534595,0.5173005125162669,6,-1.6068442240390635,976.9,6.9,18.2
0.297,0.302,U8,MAD_M6C12,4.249995522510925,23.63568669212749,CPG,WPG,0.1,0.4214185739863111,0.20042792264207163,0.5167266817257059,3,-1.6068448515483844,976.9,6.9,18.2
0.297,0.302,U8,MAD_M6C12,4.249996716378521,23.635703575774063,CPG,WPG,0.1,0.42141839136741965,0.2004317569075752,0.5172015306025135,6,-1.6068441420193338,976.9,6.9,18.2
0.297,0.302,U8,MAD_M6C12,4.249993702874646,23.635707281206876,CPG,WPG,0.1,0.4214184108749477,0.2004355488015985,0.5174082844409922,2,-1.6068432801678831,976.9,6.9,18.2
0.297,0.302,U8,MAD_M6C12,4.249998981729013,23.63573529719808,CPG,WPG,0.1,0.4214180222271014,0.20043779704084028,0.5176990893125821,3,-1.606844024637624,976.9,6.9,18.2
0.297,0.302,U8,MAD_M6C12,4.249999394760889,23.63571786967896,CPG,WPG,0.1,0.421418182772111,0.20044058987822022,0.5175110719050462,2,-1.6068450184235026,976.9,6.9,18.2
0.297,0.302,U8,MAD_M6C12,4.249998260221886,23.635693907921706,CPG,WPG,0.1,0.42141844988050275,0.2004359319382886,0.5168593487878952,7,-1.6068452901219281,976.9,6.9,18.2
0.297,0.302,U8,MAD_M6C12,4.249997299273022,23.635700374518272,CPG,WPG,0.1,0.42141841161884946,0.20043541898040465,0.516839781189673,3,-1.606844434599724,976.9,6.9,18.2
0.297,0.302,U8,MAD_M6C12,4.249995244248894,23.635685429276077,CPG,WPG,0.1,0.4214185911921173,0.20043594674922685,0.5169043220576497,6,-1.6068448587378814,976.9,6.9,18.2
0.297,0.302,U8,MAD_M6C12,4.249998878387977,23.635694615779247,CPG,WPG,0.1,0.42141844339750134,0.20043338041085693,0.5169108745109892,0,-1.606844839036178,976.9,6.9,18.2
0.297,0.302,U8,MAD_M6C12,4.249998353019809,23.635703504454302,CPG,WPG,0.1,0.42141835787258114,0.20043640966709786,0.5172859121755549,4,-1.6068447069181246,976.9,6.9,18.2
0.297,0.302,U8,MAD_M6C12,4.2499982041987465,23.635713092042884,CPG,WPG,0.1,0.42141825054183335,0.20043504690280783,0.5168864821425436,1,-1.606845007929353,976.9,6.9,18.2
0.297,0.302,U8,MAD_M6C12,4.24999853164166,23.63570327991789,CPG,WPG,0.1,0.42141836474019667,0.2004358343845229,0.5168483861776592,3,-1.606844381329509,976.9,6.9,18.2
0.297,0.302,U8,MAD_M6C12,4.249998799429097,23.63571959373473,CPG,WPG,0.1,0.4214181766542343,0.20043737446374438,0.5169732713884563,6,-1.6068448158094597,976.9,6.9,18.2
0.297,0.302,U8,MAD_M6C12,4.2499957947948745,23.635720565943686,CPG,WPG,0.1,0.4214182227061771,0.20043292307826496,0.5166134323643479,0,-1.6068440812972753,976.9,6.9,18.2
0.297,0.302,U8,MAD_M6C12,4.249997879470349,23.635716277243635,CPG,WPG,0.1,0.4214182229278149,0.2004333502808347,0.516454981236409,2,-1.6068449051383435,976.9,6.9,18.2
0.297,0.302,U8,MAD_M6C12,4.249997908865188,23.63571124374849,CPG,WPG,0.1,0.42141828295210815,0.20043373030492131,0.5167000558017243,0,-1.6068446048133964,976.9,6.9,18.2
0.297,0.302,U8,MAD_M6C12,4.249998423173308,23.635698512756967,CPG,WPG,0.1,0.4214184058221265,0.2004339521749609,0.5166869356710748,6,-1.6068449297040068,976.9,6.9,18.2
0.297,0.302,U8,MAD_M6C12,4.249995594755302,23.635694033943462,CPG,WPG,0.1,0.42141849651404667,0.200435086974117,0.5168297027982698,7,-1.6068447392074336,976.9,6.9,18.2
0.297,0.302,U8,MAD_M6C12,4.249996056745959,23.635716081663904,CPG,WPG,0.1,0.4214182588704404,0.20043388755570427,0.5165612083408653,0,-1.606844479896889,976.9,6.9,18.2
0.297,0.302,U8,MAD_M6C12,4.249997954047286,23.635716352909196,CPG,WPG,0.1,0.4214182208167375,0.20043493883674732,0.516562179285553,6,-1.6068449184566234,976.9,6.9,18.2
0.297,0.302,U8,MAD_M6C12,4.2499987775050085,23.635709969330687,CPG,WPG,0.1,0.42141827165604584,0.20043433881623254,0.5165631890223583,4,-1.606845226047561,976.9,6.9,18.2
0.297,0.302,U8,MAD_M6C12,4.249999832372444,23.635703521778225,CPG,WPG,0.1,0.4214183161903148,0.20043057140249826,0.5165259341879636,3,-1.6068457150109818,976.9,6.9,18.2
0.297,0.302,U8,MAD_M6C12,4.249998452564844,23.63570674811975,CPG,WPG,0.1,0.42141831625922843,0.2004281070101528,0.5162243141216449,5,-1.6068449627257788,976.9,6.9,18.2
0.297,0.302,U8,MAD_M6C12,4.249999372491771,23.635711121904833,CPG,WPG,0.1,0.4214182589815848,0.20043184651555895,0.5163367247401296,6,-1.6068448567240239,976.9,6.9,18.2
0.297,0.302,U8,MAD_M6C12,4.249999145216865,23.635698673424024,CPG,WPG,0.1,0.42141839458591757,0.20042986710683872,0.5161118700560876,2,-1.6068449140779801,976.9,6.9,18.2
0.297,0.302,U8,MAD_M6C12,4.249998514450142,23.635696463706356,CPG,WPG,0.1,0.42141841792266105,0.2004273454059613,0.5158870572094467,6,-1.6068453392132724,976.9,6.9,18.2
0.297,0.302,U8,MAD_M6C12,4.249998760740336,23.63569611888877,CPG,WPG,0.1,0.4214184230168158,0.20042988100472447,0.5163090387278224,5,-1.6068451149007696,976.9,6.9,18.2
0.297,0.302,U8,MAD_M6C12,4.249997622905257,23.635696599716052,CPG,WPG,0.1,0.42141844495348735,0.20042790510276082,0.5161739667259257,6,-1.6068445670529776,976.8,6.9,18.2
0.297,0.302,U8,MAD_M6C12,4.249998806602778,23.63569933725501,CPG,WPG,0.1,0.4214183851250629,0.2004314819708824,0.5163666081069818,0,-1.606845242264594,976.9,6.9,18.2
0.297,0.302,U8,MAD_M6C12,4.249999709811729,23.63570765410366,CPG,WPG,0.1,0.42141828182955693,0.20042555125339961,0.5161517238199234,4,-1.6068453200673378,976.8,6.9,18.2
0.297,0.302,U8,MAD_M6C12,4.249999598161535,23.635698680397347,CPG,WPG,0.1,0.42141838781337937,0.20043113656266595,0.5165655939309781,5,-1.6068449388516157,976.9,6.9,18.2
0.297,0.302,U8,MAD_M6C12,4.24999856283585,23.635718366074514,CPG,WPG,0.1,0.4214181772219169,0.20042930615297197,0.5163013056986019,3,-1.5796698077830005,976.8,6.9,18.2
0.297,0.302,U8,MAD_M6C12,4.249999280367112,23.635713955348514,CPG,WPG,0.1,0.4214182353460869,0.20042715633825503,0.5165386752563004,5,-1.6068445946766428,976.8,6.9,18.2
0.297,0.302,U8,MAD_M6C12,4.24999902059755,23.635717059870636,CPG,WPG,0.1,0.421418199534656,0.20042978578401593,0.5165259155202127,6,-1.6068448783618798,976.8,6.9,18.2
0.297,0.302,U8,MAD_M6C12,4.24999943229191,23.635701968711977,CPG,WPG,0.1,0.4214183549710285,0.20042684714005793,0.5163724150872033,4,-1.606844928469549,976.8,6.9,18.2
0.297,0.302,U8,MAD_M6C12,4.249999647726859,23.635716742580076,CPG,WPG,0.1,0.4214181997519595,0.20042931479789625,0.5166370300567533,3,-1.606844625250769,976.8,6.9,18.2
0.297,0.302,U8,MAD_M6C12,4.2499995123170695,23.63570716858358,CPG,WPG,0.1,0.42141830376605743,0.20043065080359634,0.5168478850033327,2,-1.6068446571242188,976.8,6.9,18.2
0.297,0.302,U8,MAD_M6C12,4.249999559102747,23.63571402765558,CPG,WPG,0.1,0.42141822769133835,0.20042922682401343,0.5166893499282414,1,-1.6068447401730026,976.8,6.9,18.2
0.297,0.302,U8,MAD_M6C12,4.24999772919973,23.635726094154016,CPG,WPG,0.1,0.4214181263680221,0.20043339537505908,0.516913068865001,5,-1.6068445817041273,976.8,6.9,18.2
0.297,0.302,U8,MAD_M6C12,4.24999796322876,23.635711689983665,CPG,WPG,0.1,0.4214182718576986,0.20042870626269713,0.5164462732763813,2,-1.606844867547867,976.8,6.9,18.2
0.297,0.302,U8,MAD_M6C12,4.249997529138569,23.635712520878563,CPG,WPG,0.1,0.4214182674498792,0.2004328377423081,0.5164078067440903,4,-1.6068449336472188,976.8,6.9,18.2
0.297,0.302,U8,MAD_M6C12,4.24999773717068,23.635714412269998,CPG,WPG,0.1,0.4214182439246601,0.20043195620897572,0.5165025910351502,1,-1.606844951258596,976.8,6.9,18.2
0.297,0.302,U8,MAD_M6C12,4.249998643462099,23.63572067697174,CPG,WPG,0.1,0.42141816290391776,0.20043002601994375,0.5165223017011362,0,-1.6068450161664511,976.8,6.9,18.2
0.297,0.302,U8,MAD_M6C12,4.2499995132527735,23.63570984822862,CPG,WPG,0.1,0.4214182619996125,0.20043013765178327,0.5165684681111165,0,-1.606845269969897,976.8,6.9,18.2
0.297,0.302,U8,MAD_M6C12,4.249998583017205,23.635706389771297,CPG,WPG,0.1,0.42141831292894694,0.20043244839633736,0.5166318756087804,1,-1.6068452179749961,976.8,6.9,18.2
0.297,0.302,U8,MAD_M6C12,4.249999725282246,23.635702932917294,CPG,WPG,0.1,0.42141832526598155,0.20043415481169577,0.5166314641374505,6,-1.6068456540249336,976.8,6.9,18.2
0.297,0.302,U8,MAD_M6C12,4.249998790579094,23.635708765018798,CPG,WPG,0.1,0.42141829013704607,0.200432326411506,0.5166673306695047,2,-1.6068449556328446,976.8,6.9,18.2
0.297,0.302,U8,MAD_M6C12,4.24999818860255,23.6357004890196,CPG,WPG,0.1,0.4214183845899433,0.2004321742749039,0.516558892204205,3,-1.606845080936857,976.8,6.9,18.2
0.297,0.302,U8,MAD_M6C12,4.249999186334412,23.63570744647228,CPG,WPG,0.1,0.42141829026205013,0.20042896741012647,0.5162920798686126,1,-1.606845364134097,976.8,6.9,18.2
0.297,0.302,U8,MAD_M6C12,4.249998164995386,23.635708347777413,CPG,WPG,0.1,0.42141829644708784,0.2004298804763879,0.5166471181569396,3,-1.6068452721526771,976.8,6.9,18.2
0.297,0.302,U8,MAD_M6C12,4.249997735980302,23.635704195800102,CPG,WPG,0.1,0.42141835301458663,0.20042831099642736,0.5165149499939892,1,-1.6068449829527296,976.8,6.9,18.2
0.297,0.302,U8,MAD_M6C12,4.249998509973021,23.635708582209606,CPG,WPG,0.1,0.4214182911297104,0.20043009302618903,0.5166876579574948,0,-1.6068451822418375,976.8,6.9,18.2
0.297,0.302,U8,MAD_M6C12,4.249997664024592,23.63570551138522,CPG,WPG,0.1,0.42141833577018867,0.2004311394643213,0.5166747420762441,7,-1.6068451763737936,976.8,6.9,18.2
0.297,0.302,U8,MAD_M6C12,4.249999251244247,23.635706006519925,CPG,WPG,0.1,0.42141830197010305,0.20042904562015873,0.5166117258157734,5,-1.6068454999944013,976.8,6.9,18.2
0.297,0.302,U8,MAD_M6C12,4.249999738432581,23.63569874329243,CPG,WPG,0.1,0.4214183677455393,0.20042726629729157,0.5165797196423183,2,-1.606845764872105,976.8,6.9,18.2
0.297,0.302,U8,MAD_M6C12,4.249997744763633,23.63569529308439,CPG,WPG,0.1,0.4214184393776195,0.20043259570425676,0.5168897696189783,6,-1.6068454152975384,976.8,6.9,18.2
0.297,0.302,U8,MAD_M6C12,4.249999159228058,23.635695705159552,CPG,WPG,0.1,0.4214184111629596,0.20043244898143328,0.5168066288464859,4,-1.606845628408168,976.8,6.9,18.2
0.297,0.302,U8,MAD_M6C12,4.249998783606384,23.635699261818495,CPG,WPG,0.1,0.4214183780177472,0.20043623378228667,0.5171583559698223,2,-1.606845631216201,976.8,6.9,18.2
0.297,0.302,U8,MAD_M6C12,4.249998754678905,23.635693805653304,CPG,WPG,0.1,0.4214184380338244,0.20043384437508854,0.5168305860906295,4,-1.6068455833847182,976.8,6.9,18.2
0.297,0.302,U8,MAD_M6C12,4.249998524326809,23.635697257229527,CPG,WPG,0.1,0.42141841232333366,0.20043188856686645,0.5169498776971015,3,-1.6068451946520472,976.8,6.9,18.2
0.297,0.302,U8,MAD_M6C12,4.24999922281469,23.63569567475496,CPG,WPG,0.1,0.42141840702482924,0.20042973231129238,0.5165996939712119,3,-1.6068457984323192,976.8,6.9,18.2
0.297,0.302,U8,MAD_M6C12,4.249998313812679,23.635697512344805,CPG,WPG,0.1,0.4214184077744082,0.20043395329497138,0.51688923850099,0,-1.6068454156916072,976.8,6.9,18.2
0.297,0.302,U8,MAD_M6C12,4.249998912494233,23.635697460751704,CPG,WPG,0.1,0.4214183950895848,0.20042991619701567,0.5167111711922145,4,-1.606845655712025,976.8,6.9,18.2
0.297,0.302,U8,MAD_M6C12,4.249998406949071,23.6356969635106,CPG,WPG,0.1,0.42141841250271583,0.20043128366541152,0.5168453344256552,2,-1.6068454108633219,976.8,6.9,18.2
0.297,0.302,U8,MAD_M6C12,4.249998785847465,23.63570391503709,CPG,WPG,0.1,0.42141833110811305,0.2004322532992795,0.5168143241431893,5,-1.606845484475798,976.8,6.9,18.2
0.297,0.302,U8,MAD_M6C12,4.249998597107226,23.635698986425552,CPG,WPG,0.1,0.421418384869046,0.2004299518568905,0.5167305349249607,6,-1.606845567367344,976.8,6.9,18.2
0.297,0.302,U8,MAD_M6C12,4.249999825754993,23.635695642912907,CPG,WPG,0.1,0.42141840176528916,0.20043099218288576,0.5167325729982877,2,-1.606845674809577,976.8,6.9,18.2
0.297,0.302,U8,MAD_M6C12,4.249999470628458,23.63569560979903,CPG,WPG,0.1,0.42141840692428983,0.20043134779570676,0.5168357732602744,2,-1.6068456765516945,976.8,6.9,18.2
0.297,0.302,U8,MAD_M6C12,4.24999980599501,23.635697669966678,CPG,WPG,0.1,0.42141837546990174,0.20043030186714167,0.5165439257270625,5,-1.606845901170022,976.8,6.9,18.2
0.297,0.302,U8,MAD_M6C12,4.249999845628944,23.635695812019286,CPG,WPG,0.1,0.4214183966812066,0.20043081054711567,0.5167067481420187,5,-1.6068458164151647,976.8,6.9,18.2
0.297,0.302,U8,MAD_M6C12,4.24999968113923,23.63570085925292,CPG,WPG,0.1,0.4214183456613426,0.2004285077387939,0.5165168675162879,3,-1.606845771280737,976.8,6.9,18.2
0.297,0.302,U8,MAD_M6C12,4.249999827470016,23.635702346618107,CPG,WPG,0.1,0.4214183277256185,0.20043013126166967,0.5166327478494521,0,-1.606845769588226,976.8,6.9,18.2
0.297,0.302,U8,MAD_M6C12,4.249999631753493,23.635696411708615,CPG,WPG,0.1,0.42141839279593774,0.20042953876838718,0.5165568407527794,4,-1.6068458333538551,976.8,6.9,18.2
0.297,0.302,U8,MAD_M6C12,4.249999272517779,23.635696819824577,CPG,WPG,0.1,0.4214183939249768,0.20043173711845375,0.5167866984197822,6,-1.6068458042068645,976.8,6.9,18.2
0.297,0.302,U8,MAD_M6C12,4.249999326637716,23.635695481635093,CPG,WPG,0.1,0.4214184063958866,0.20043055010981695,0.5166708191220906,2,-1.6068458593131005,976.8,6.9,18.2
0.297,0.302,U8,MAD_M6C12,4.249999714639883,23.635697656598293,CPG,WPG,0.1,0.4214183788741596,0.2004293198178162,0.5165078183110223,7,-1.606845805927625,976.8,6.9,18.2
0.297,0.302,U8,MAD_M6C12,4.249999966911122,23.63569958552352,CPG,WPG,0.1,0.4214183538815153,0.20042950243536015,0.5166004216562192,0,-1.6068458453377445,976.8,6.9,18.2
0.297,0.302,U8,MAD_M6C12,4.249999758306858,23.635696190157915,CPG,WPG,0.1,0.42141839363229333,0.20042885428726318,0.516526672301997,0,-1.6068458247853954,976.8,6.9,18.2
0.297,0.302,U8,MAD_M6C12,4.249999551056034,23.635698594828895,CPG,WPG,0.1,0.4214183725644342,0.20042852258625676,0.5164414804482953,1,-1.6068457331985186,976.8,6.9,18.2
0.297,0.302,U8,MAD_M6C12,4.24999946567223,23.635696033454774,CPG,WPG,0.1,0.42141839885702737,0.20042739501641377,0.5163394953626841,5,-1.606845845907566,976.8,6.9,18.2
0.297,0.302,U8,MAD_M6C12,4.2499999169736755,23.63569944709196,CPG,WPG,0.1,0.4214183570954576,0.20042785390364082,0.5164053564066586,5,-1.6068457958955396,976.8,6.9,18.2
0.297,0.302,U8,MAD_M6C12,4.24999964945487,23.635695549751954,CPG,WPG,0.1,0.42141840057486546,0.20042754546781777,0.5163126176626327,1,-1.6068458918954445,976.8,6.9,18.2
0.297,0.302,U8,MAD_M6C12,4.249999733210243,23.635695755532403,CPG,WPG,0.1,0.4214183968774878,0.20042798550337768,0.5163150949056416,4,-1.6068459082154174,976.8,6.9,18.2
0.297,0.302,U8,MAD_M6C12,4.249999169471969,23.635694971448935,CPG,WPG,0.1,0.42141841474974184,0.20042765333935567,0.5163321125201752,2,-1.6068458247509678,976.8,6.9,18.2
0.297,0.302,U8,MAD_M6C12,4.2499994153997624,23.63569519603238,CPG,WPG,0.1,0.42141841056714197,0.20042731953206674,0.5163853267189991,4,-1.6068457500092226,976.8,6.9,18.2
0.297,0.302,U8,MAD_M6C12,4.249999362031742,23.63569720988838,CPG,WPG,0.1,0.42141839025576944,0.200427864349454,0.5164118159918232,3,-1.606845721945044,976.8,6.9,18.2
0.297,0.302,U8,MAD_M6C12,4.249999420145545,23.635699065797,CPG,WPG,0.1,0.4214183683346622,0.20042595502642127,0.5162173697381673,1,-1.6068457783218228,976.8,6.9,18.2
0.297,0.302,U8,MAD_M6C12,4.249999254553673,23.63569650588954,CPG,WPG,0.1,0.4214183976373155,0.20042860843804716,0.5164359493099351,6,-1.606845799706468,976.8,6.9,18.2
0.297,0.302,U8,MAD_M6C12,4.249999190933273,23.63569455870525,CPG,WPG,0.1,0.4214184186785206,0.20042629158601208,0.5162442634586921,7,-1.6068458347862844,976.8,6.9,18.2
0.297,0.302,U8,MAD_M6C12,4.249999418006517,23.635695569952677,CPG,WPG,0.1,0.42141840408813214,0.20042837158664797,0.5166144976412452,4,-1.60684586468839,976.8,6.9,18.2
0.297,0.302,U8,MAD_M6C12,4.249999232933704,23.635698648771967,CPG,WPG,0.1,0.42141837744802313,0.20043006649514866,0.5165826315602238,3,-1.6068456799326931,976.8,6.9,18.2
0.297,0.302,U8,MAD_M6C12,4.249999586799917,23.63569881797418,CPG,WPG,0.1,0.42141836950243944,0.200430234397704,0.5167076687770744,3,-1.6068457416013047,976.8,6.9,18.2
0.297,0.302,U8,MAD_M6C12,4.249999855591711,23.63569709915142,CPG,WPG,0.1,0.42141838047358604,0.2004288357715454,0.5166121667982013,4,-1.6068459225281941,976.8,6.9,18.2
0.297,0.302,U8,MAD_M6C12,4.249999612570414,23.63569635185467,CPG,WPG,0.1,0.4214183926594397,0.20042771195835068,0.5166181408539159,5,-1.6068458825404832,976.8,6.9,18.2
0.297,0.302,U8,MAD_M6C12,4.249999810150435,23.635696173617813,CPG,WPG,0.1,0.42141839348629095,0.20043071268387377,0.5168246940424996,0,-1.6068458066908846,976.8,6.9,18.2
0.297,0.302,U8,MAD_M6C12,4.24999975389972,23.635695526740353,CPG,WPG,0.1,0.42141840042862017,0.20043236519142066,0.5170164458837809,3,-1.6068458432196024,976.8,6.9,18.2
0.297,0.302,U8,MAD_M6C12,4.249999786586154,23.635698565662988,CPG,WPG,0.1,0.4214183688427373,0.2004329038146073,0.5170836022269234,0,-1.606845772176479,976.8,6.9,18.2
0.297,0.302,U8,MAD_M6C12,4.249999732469687,23.635695621351267,CPG,WPG,0.1,0.42141839855730523,0.20043262353978572,0.5169912382785764,6,-1.6068458974243693,976.8,6.9,18.2
0.297,0.302,U8,MAD_M6C12,4.249999121133338,23.635697002053767,CPG,WPG,0.1,0.4214183981800024,0.2004333325016237,0.5170628536632376,2,-1.6068456081387037,976.8,6.9,18.2
0.297,0.302,U8,MAD_M6C12,4.249999695274889,23.63569668197831,CPG,WPG,0.1,0.4214183917931459,0.20043173055138874,0.5169210370169801,6,-1.6068457026407224,976.8,6.9,18.2
0.297,0.302,U8,MAD_M6C12,4.249999736896993,23.63569724659831,CPG,WPG,0.1,0.42141838222896266,0.2004324246637868,0.5169605676994453,4,-1.606845841180423,976.8,6.9,18.2
0.297,0.302,U8,MAD_M6C12,4.249999655028627,23.635701059990804,CPG,WPG,0.1,0.42141834388426813,0.20043103338052828,0.5168301966749804,5,-1.6068457701768395,976.8,6.9,18.2
0.297,0.302,U8,MAD_M6C12,4.249999325705173,23.635696842451036,CPG,WPG,0.1,0.4214183938031411,0.2004300203057611,0.5167715644655373,3,-1.606845764223932,976.8,6.9,18.2
0.297,0.302,U8,MAD_M6C12,4.249999868272838,23.63569835467245,CPG,WPG,0.1,0.42141836999685234,0.20042964924331064,0.5167160209823618,2,-1.6068457721284926,976.8,6.9,18.2
0.297,0.302,U8,MAD_M6C12,4.2499996680450645,23.635699385407218,CPG,WPG,0.1,0.42141836091804186,0.20043122640722824,0.5169702934839289,6,-1.6068458068951603,976.8,6.9,18.2
0.297,0.302,U8,MAD_M6C12,4.249999807211627,23.63569849887897,CPG,WPG,0.1,0.42141836704591307,0.2004311112241551,0.5169421121710731,1,-1.6068458776993246,976.8,6.9,18.2
0.297,0.302,U8,MAD_M6C12,4.2499999549581915,23.635699827102343,CPG,WPG,0.1,0.42141835155898477,0.2004313058261668,0.5168637901055702,5,-1.6068458401598882,976.8,6.9,18.2
0.297,0.302,U8,MAD_M6C12,4.249999824507391,23.635698882415927,CPG,WPG,0.1,0.42141836280737827,0.2004321960140016,0.5169443581110209,4,-1.6068458721652732,976.8,6.9,18.2
0.297,0.302,U8,MAD_M6C12,4.249999940227315,23.63569639183805,CPG,WPG,0.1,0.4214183869344456,0.20043211203555417,0.5169069819225363,2,-1.606845921748425,976.8,6.9,18.2
0.297,0.302,U8,MAD_M6C12,4.249999867111805,23.63569678888986,CPG,WPG,0.1,0.4214183837081956,0.2004316279048302,0.5168577347093359,4,-1.6068459197486114,976.8,6.9,18.2
0.297,0.302,U8,MAD_M6C12,4.249999924364647,23.635696572968197,CPG,WPG,0.1,0.42141838445176005,0.20043180770599525,0.5168187866049347,0,-1.6068459573403242,976.8,6.9,18.2
0.297,0.302,U8,MAD_M6C12,4.2499997608124165,23.63569830600945,CPG,WPG,0.1,0.421418370079661,0.20043119204031326,0.5168470186569043,1,-1.6068458621260202,976.8,6.9,18.2
0.297,0.302,U8,MAD_M6C12,4.249999863652031,23.63569841145967,CPG,WPG,0.1,0.4214183668396873,0.20043203920863276,0.5167797689798421,7,-1.606845895468215,976.8,6.9,18.2
0.297,0.302,U8,MAD_M6C12,4.249999955929468,23.635696383976438,CPG,WPG,0.1,0.4214183864862645,0.2004320967705262,0.516851326230658,6,-1.606845936804575,976.8,6.9,18.2
0.297,0.302,U8,MAD_M6C12,4.249999696876718,23.63569623924858,CPG,WPG,0.1,0.42141839210573223,0.20043364947487363,0.5169753959575818,4,-1.6068459115670546,976.8,6.9,18.2
0.297,0.302,U8,MAD_M6C12,4.249999238710952,23.635694847106677,CPG,WPG,0.1,0.42141841476094277,0.2004341073384984,0.5170664312449742,2,-1.6068458427446313,976.8,6.9,18.2
0.297,0.302,U8,MAD_M6C12,4.24999914580047,23.635695069272536,CPG,WPG,0.1,0.4214184149332876,0.20043213018603037,0.5168478176779092,4,-1.6068457816680741,976.8,6.9,18.2
0.297,0.302,U8,MAD_M6C12,4.249999488802944,23.63569735546521,CPG,WPG,0.1,0.4214183843836684,0.20043259165967603,0.5169968562116889,7,-1.6068458438847255,976.8,6.9,18.2
0.297,0.302,U8,MAD_M6C12,4.24999969264856,23.635696275927646,CPG,WPG,0.1,0.42141839242558515,0.2004325383382365,0.5169904998705745,3,-1.6068458805575823,976.8,6.9,18.2
0.297,0.302,U8,MAD_M6C12,4.249999580353377,23.635695158210634,CPG,WPG,0.1,0.4214184064733696,0.2004330021760397,0.5170264947353167,1,-1.60684585641736,976.8,6.9,18.2
0.297,0.302,U8,MAD_M6C12,4.249999657574941,23.635696181681485,CPG,WPG,0.1,0.42141839370857836,0.20043248975807423,0.5169536292130958,1,-1.6068458903591445,976.8,6.9,18.2
0.297,0.302,U8,MAD_M6C12,4.249999961349346,23.635695959021824,CPG,WPG,0.1,0.42141839010423854,0.20043345739047003,0.5170320127984596,2,-1.6068459780563291,976.8,6.9,18.2
0.297,0.302,U8,MAD_M6C12,4.249999810742971,23.635696574058393,CPG,WPG,0.1,0.42141838743871907,0.20043371989886855,0.517111985667174,6,-1.6068458888184693,976.8,6.9,18.2
0.297,0.302,U8,MAD_M6C12,4.249999993746064,23.635695999067597,CPG,WPG,0.1,0.4214183898291365,0.20043428686224915,0.517124385318156,0,-1.606845949863903,976.8,6.9,18.2
0.297,0.302,U8,MAD_M6C12,4.249999719736862,23.635695747897543,CPG,WPG,0.1,0.42141839844406626,0.20043371415127498,0.517122482614774,4,-1.6068458467411642,976.8,6.9,18.2
0.297,0.302,U8,MAD_M6C12,4.2499996998004095,23.635695192584336,CPG,WPG,0.1,0.42141840337831177,0.20043380606414524,0.5171513398932479,6,-1.6068459082941544,976.8,6.9,18.2
0.297,0.302,U8,MAD_M6C12,4.249999947284938,23.635695697274716,CPG,WPG,0.1,0.42141839457840624,0.20043346856683525,0.5171863682984648,7,-1.6068459085542557,976.8,6.9,18.2
0.297,0.302,U8,MAD_M6C12,4.2499996636798265,23.635695667085542,CPG,WPG,0.1,0.4214183993043739,0.20043354337915223,0.5171373219054822,3,-1.6068458832113794,976.8,6.9,18.2
0.297,0.302,U8,MAD_M6C12,4.2499997197272465,23.635695537379895,CPG,WPG,0.1,0.42141839867692565,0.20043395959340368,0.5171340980023351,3,-1.6068459426022041,976.8,6.9,18.2
0.297,0.302,U8,MAD_M6C12,4.249999760149975,23.635695766783716,CPG,WPG,0.1,0.42141839595503083,0.20043348201262337,0.5171258420332485,4,-1.6068459287437253,976.8,6.9,18.2
0.297,0.302,U8,MAD_M6C12,4.249999926025385,23.635696526299363,CPG,WPG,0.1,0.4214183858387594,0.20043362977631465,0.5171779474572511,5,-1.6068459144184288,976.8,6.9,18.2
0.297,0.302,U8,MAD_M6C12,4.24999988364722,23.63569685737394,CPG,WPG,0.1,0.42141838235798323,0.20043402237153307,0.5172271039285952,3,-1.6068459381396387,976.8,6.9,18.2
0.297,0.302,U8,MAD_M6C12,4.249999904685295,23.635696207487513,CPG,WPG,0.1,0.421418388732791,0.200433921464585,0.5172550173061436,6,-1.6068459532360873,976.8,6.9,18.2
0.297,0.302,U8,MAD_M6C12,4.24999983076201,23.635695587257008,CPG,WPG,0.1,0.42141839639932643,0.20043425764588618,0.5172045684021396,6,-1.60684595339918,976.8,6.9,18.2
0.297,0.302,U8,MAD_M6C12,4.249999772389787,23.635695830794585,CPG,WPG,0.1,0.4214183950989996,0.20043454177022282,0.5172887777688122,2,-1.606845928819883,976.8,6.9,18.2
0.297,0.302,U8,MAD_M6C12,4.249999777956139,23.635695417975118,CPG,WPG,0.1,0.42141839899821554,0.2004337562475607,0.5171557291136741,0,-1.6068459505276298,976.8,6.9,18.2
0.297,0.302,U8,MAD_M6C12,4.249999883137847,23.635695916478458,CPG,WPG,0.1,0.4214183926471412,0.20043391367743296,0.5172024488780296,5,-1.6068459298604854,976.8,6.9,18.2
0.297,0.302,U8,MAD_M6C12,4.249999824050057,23.635696209384076,CPG,WPG,0.1,0.42141839039684914,0.20043410035445483,0.5172033568575629,3,-1.6068459255726353,976.8,6.9,18.2
0.297,0.302,U8,MAD_M6C12,4.249999936818559,23.63569590720178,CPG,WPG,0.1,0.42141839115281254,0.20043330266896878,0.517156403472208,7,-1.6068459706096192,976.8,6.9,18.2
0.297,0.302,U8,MAD_M6C12,4.249999961393473,23.635696114872136,CPG,WPG,0.1,0.42141838866154996,0.20043341450727487,0.5171499562872737,6,-1.6068459670913722,976.8,6.9,18.2
0.297,0.302,U8,MAD_M6C12,4.249999824917804,23.635695971832313,CPG,WPG,0.1,0.4214183925871908,0.20043348941873962,0.517115200043134,7,-1.6068459420921481,976.8,6.9,18.2
0.297,0.302,U8,MAD_M6C12,4.249999887099813,23.635695829848643,CPG,WPG,0.1,0.4214183928761995,0.20043371390938788,0.5171615787873973,3,-1.606845960458001,976.8,6.9,18.2
0.297,0.302,U8,MAD_M6C12,4.249999879075334,23.635696401070913,CPG,WPG,0.1,0.4214183870794196,0.20043387736423623,0.5172052245117684,5,-1.606845949595968,976.8,6.9,18.2
0.297,0.302,U8,MAD_M6C12,4.249999821998506,23.635695909923722,CPG,WPG,0.1,0.42141839315246343,0.20043352380436874,0.5171411721109735,6,-1.606845948685601,976.8,6.9,18.2
0.297,0.302,U8,MAD_M6C12,4.249999813335642,23.635696182012875,CPG,WPG,0.1,0.4214183904231749,0.20043327012833695,0.5171270353282891,5,-1.606845945122716,976.8,6.9,18.2
0.297,0.302,U8,MAD_M6C12,4.249999924708152,23.63569618851583,CPG,WPG,0.1,0.4214183885140585,0.20043329346919295,0.5171427080832736,3,-1.6068459603064245,976.8,6.9,18.2
0.297,0.302,U8,MAD_M6C12,4.249999904477936,23.63569577035373,CPG,WPG,0.1,0.4214183935297799,0.20043374067188918,0.5171819335547903,7,-1.6068459485809061,976.8,6.9,18.2
0.297,0.302,U8,MAD_M6C12,4.24999989982067,23.63569596318359,CPG,WPG,0.1,0.4214183911606021,0.2004331174002593,0.5171168625689586,0,-1.6068459656535499,976.8,6.9,18.2
0.297,0.302,U8,MAD_M6C12,4.24999994311822,23.63569582227096,CPG,WPG,0.1,0.42141839195305586,0.20043321004705886,0.517148215253088,6,-1.6068459718483226,976.8,6.9,18.2
0.297,0.302,U8,MAD_M6C12,4.249999998417346,23.63569594390409,CPG,WPG,0.1,0.421418389812107,0.2004334655916263,0.5171424255308761,1,-1.6068459756609599,976.8,6.9,18.2
0.297,0.302,U8,MAD_M6C12,4.249999906111608,23.635696048100915,CPG,WPG,0.1,0.42141839031312234,0.20043358455624785,0.517152858419033,0,-1.6068459585448167,976.8,6.9,18.2
0.297,0.302,U8,MAD_M6C12,4.249999951725183,23.635695972360697,CPG,WPG,0.1,0.4214183901230149,0.20043338582435352,0.5171318868257031,1,-1.6068459765966132,976.8,6.9,18.2
0.297,0.302,U8,MAD_M6C12,4.2499999473980195,23.635696240006144,CPG,WPG,0.1,0.4214183874261267,0.20043338789427056,0.5171254690694522,3,-1.606845970965999,976.8,6.9,18.2
0.297,0.302,U8,MAD_M6C12,4.249999942255056,23.6356958710985,CPG,WPG,0.1,0.4214183912642144,0.20043345699584794,0.5171325346921369,4,-1.6068459801700676,976.8,6.9,18.2
0.297,0.302,U8,MAD_M6C12,4.249999965149069,23.635696120707397,CPG,WPG,0.1,0.4214183883369412,0.2004336643287422,0.5171546109478102,2,-1.6068459770497139,976.8,6.9,18.2
0.297,0.302,U8,MAD_M6C12,4.249999959228309,23.63569612294581,CPG,WPG,0.1,0.42141838837897905,0.20043340453254974,0.51713649750101,0,-1.6068459777402762,976.8,6.9,18.2
0.297,0.302,U8,MAD_M6C12,4.249999978532146,23.635696046249453,CPG,WPG,0.1,0.42141838905203566,0.20043314532811152,0.5171136620598844,2,-1.6068459724340425,976.8,6.9,18.2
0.297,0.302,U8,MAD_M6C12,4.249999917227003,23.63569589428629,CPG,WPG,0.1,0.42141839171453116,0.20043337735049854,0.5171094181582161,0,-1.6068459632398682,976.8,6.9,18.2
0.297,0.302,U8,MAD_M6C12,4.249999954972368,23.63569591521481,CPG,WPG,0.1,0.4214183908366204,0.20043300445056003,0.5170937100531452,5,-1.6068459697916992,976.8,6.9,18.2
0.297,0.302,U8,MAD_M6C12,4.2499999693798864,23.63569597470132,CPG,WPG,0.1,0.4214183897124266,0.20043322851137518,0.517139991451927,6,-1.6068459834400404,976.8,6.9,18.2
0.297,0.302,U8,MAD_M6C12,4.249999898240383,23.635695839788358,CPG,WPG,0.1,0.42141839239808854,0.200433092488743,0.5171048867947183,2,-1.6068459708302552,976.8,6.9,18.2
0.297,0.302,U8,MAD_M6C12,4.249999991180068,23.63569596802976,CPG,WPG,0.1,0.4214183894801344,0.2004331490814961,0.517123783434156,3,-1.6068459837630087,976.8,6.9,18.2
0.297,0.302,U8,MAD_M6C12,4.2499999494973295,23.63569626641554,CPG,WPG,0.1,0.4214183871599506,0.20043295351905813,0.517108061854664,6,-1.606845968786482,976.8,6.9,18.2
0.297,0.302,U8,MAD_M6C12,4.249999947457977,23.635696060978407,CPG,WPG,0.1,0.4214183893877841,0.20043277977406077,0.5170727463961109,7,-1.6068459691053398,976.8,6.9,18.2
0.297,0.302,U8,MAD_M6C12,4.249999916555519,23.635695933140894,CPG,WPG,0.1,0.42141839121396946,0.20043288525295003,0.5170782009474211,0,-1.606845967603375,976.8,6.9,18.2
0.297,0.302,U8,MAD_M6C12,4.249999898815759,23.635695842576812,CPG,WPG,0.1,0.4214183923317454,0.20043305334635408,0.5170792422757393,3,-1.6068459721792276,976.8,6.9,18.2
0.297,0.302,U8,MAD_M6C12,4.249999963054313,23.635695926733543,CPG,WPG,0.1,0.4214183904781673,0.20043306439461736,0.517112779017523,1,-1.606845975678084,976.8,6.9,18.2
0.297,0.302,U8,MAD_M6C12,4.24999993074997,23.635695862957498,CPG,WPG,0.1,0.42141839159028166,0.20043294630401576,0.5170894680436842,0,-1.6068459763041343,976.8,6.9,18.2
0.297,0.302,U8,MAD_M6C12,4.249999967268622,23.63569596587044,CPG,WPG,0.1,0.4214183899953431,0.20043301427735982,0.5170958438178221,1,-1.6068459759134797,976.8,6.9,18.2
0.297,0.302,U8,MAD_M6C12,4.249999942661195,23.63569593699483,CPG,WPG,0.1,0.42141839056941444,0.2004330644309425,0.5171021564451839,1,-1.6068459792917462,976.8,6.9,18.2
0.297,0.302,U8,MAD_M6C12,4.249999964190825,23.635695980548263,CPG,WPG,0.1,0.42141838995431347,0.20043292021589873,0.5170793737142501,1,-1.606845972384006,976.8,6.9,18.2
0.297,0.302,U8,MAD_M6C12,4.24999997328177,23.635695883309477,CPG,WPG,0.1,0.4214183905816223,0.20043294310767748,0.5170703144715474,3,-1.6068459862444104,976.8,6.9,18.2
0.297,0.302,U8,MAD_M6C12,4.2499999892422675,23.635695910277903,CPG,WPG,0.1,0.4214183901021932,0.2004327907757627,0.5170718753082308,2,-1.6068459849309953,976.8,6.9,18.2
0.297,0.302,U8,MAD_M6C12,4.2499999836781335,23.635696092894012,CPG,WPG,0.1,0.42141838826284095,0.20043277261807002,0.5170752984697389,4,-1.6068459827356811,976.8,6.9,18.2
0.297,0.302,U8,MAD_M6C12,4.249999976369759,23.635696108710114,CPG,WPG,0.1,0.4214183882148932,0.20043284639193365,0.5170932794683907,0,-1.6068459816801592,976.8,6.9,18.2
0.297,0.302,U8,MAD_M6C12,4.249999999204838,23.63569604512636,CPG,WPG,0.1,0.4214183884521105,0.20043268700155473,0.5170773549582202,5,-1.6068459880389234,976.8,6.9,18.2
0.297,0.302,U8,MAD_M6C12,4.249999999938953,23.63569604550784,CPG,WPG,0.1,0.4214183884567837,0.20043243016126178,0.5170578567122179,7,-1.6068459871516403,976.8,6.9,18.2
0.297,0.302,U8,MAD_M6C12,4.249999988903023,23.63569596747867,CPG,WPG,0.1,0.42141838949687915,0.20043253155554713,0.5170506708668685,5,-1.6068459847179621,976.8,6.9,18.2
0.297,0.302,U8,MAD_M6C12,4.249999996964496,23.63569590726272,CPG,WPG,0.1,0.42141838993759306,0.20043251613381344,0.517059859157309,0,-1.6068459892660893,976.8,6.9,18.2
0.297,0.302,U8,MAD_M6C12,4.249999981769562,23.635695871134004,CPG,WPG,0.1,0.4214183905129895,0.20043249678415156,0.517070381432184,4,-1.606845990201311,976.8,6.9,18.2
0.297,0.302,U8,MAD_M6C12,4.249999982374581,23.635695939517703,CPG,WPG,0.1,0.42141838986933694,0.20043248671734762,0.5170763781627401,6,-1.606845985515406,976.8,6.9,18.2
0.297,0.302,U8,MAD_M6C12,4.249999994806553,23.63569605529749,CPG,WPG,0.1,0.4214183884975468,0.2004325523386178,0.5170917430602873,5,-1.6068459835616515,976.8,6.9,18.2
0.297,0.302,U8,MAD_M6C12,4.249999987320622,23.635695929206133,CPG,WPG,0.1,0.4214183899287213,0.20043279563333719,0.5171124879074918,6,-1.606845984757907,976.8,6.9,18.2
0.297,0.302,U8,MAD_M6C12,4.249999992476056,23.6356959481912,CPG,WPG,0.1,0.4214183896709131,0.2004326290269639,0.517113265528923,6,-1.6068459839832787,976.8,6.9,18.2
0.297,0.302,U8,MAD_M6C12,4.24999998320253,23.635695927898873,CPG,WPG,0.1,0.42141839007566684,0.20043262425474348,0.5170963561691231,3,-1.6068459811299416,976.8,6.9,18.2
0.297,0.302,U8,MAD_M6C12,4.249999989687298,23.63569596753079,CPG,WPG,0.1,0.42141838950249255,0.2004325569036867,0.5171014042362128,3,-1.6068459839212128,976.8,6.9,18.2
0.297,0.302,U8,MAD_M6C12,4.249999992282874,23.635695930735785,CPG,WPG,0.1,0.4214183898277767,0.20043258051530236,0.5171039096021808,4,-1.6068459855555712,976.8,6.9,18.2
0.297,0.302,U8,MAD_M6C12,4.249999991636944,23.635695913139045,CPG,WPG,0.1,0.4214183899831695,0.20043261000383122,0.5170993467446263,0,-1.606845987560769,976.8,6.9,18.2
0.297,0.302,U8,MAD_M6C12,4.249999982995719,23.63569598127352,CPG,WPG,0.1,0.4214183894109509,0.20043264218217513,0.5170911114263905,2,-1.6068459855807902,976.8,6.9,18.2
0.297,0.302,U8,MAD_M6C12,4.249999998590831,23.63569600230779,CPG,WPG,0.1,0.42141838898329365,0.20043263021455363,0.5171164803352681,2,-1.6068459850683556,976.8,6.9,18.2
0.297,0.302,U8,MAD_M6C12,4.249999992788018,23.635695988081398,CPG,WPG,0.1,0.4214183891611725,0.20043246518025692,0.5170972788736701,7,-1.6068459876215329,976.8,6.9,18.2
0.297,0.302,U8,MAD_M6C12,4.2499999772468495,23.635695920549885,CPG,WPG,0.1,0.42141839014035254,0.20043266631504061,0.5170962256744116,7,-1.6068459856393353,976.8,6.9,18.2
0.297,0.302,U8,MAD_M6C12,4.2499999909072335,23.63569599228973,CPG,WPG,0.1,0.4214183892353089,0.2004327280221223,0.5171090251206034,4,-1.6068459831933684,976.8,6.9,18.2
0.297,0.302,U8,MAD_M6C12,4.249999995074326,23.635695923183757,CPG,WPG,0.1,0.42141838979961344,0.20043259950844508,0.5170918843204566,0,-1.606845988921938,976.8,6.9,18.2
0.297,0.302,U8,MAD_M6C12,4.249999993070225,23.63569590981207,CPG,WPG,0.1,0.4214183899659726,0.20043265745525515,0.5170957051518732,4,-1.6068459891390496,976.8,6.9,18.2
0.297,0.302,U8,MAD_M6C12,4.249999998898205,23.6356959484035,CPG,WPG,0.1,0.4214183894947084,0.20043263128337602,0.5170816698825842,0,-1.6068459880657517,976.8,6.9,18.2
0.297,0.302,U8,MAD_M6C12,4.249999996754839,23.635695902733854,CPG,WPG,0.1,0.4214183899979477,0.2004325901759371,0.517077326364074,7,-1.6068459888478888,976.8,6.9,18.2
0.297,0.302,U8,MAD_M6C12,4.249999998911487,23.635695918110667,CPG,WPG,0.1,0.4214183897438233,0.20043262636654502,0.5170798150024316,6,-1.6068459916621247,976.8,6.9,18.2
0.297,0.302,U8,MAD_M6C12,4.249999998367065,23.63569598193709,CPG,WPG,0.1,0.42141838912766727,0.20043260588903383,0.5170746739558725,0,-1.6068459887303987,976.8,6.9,18.2
0.297,0.302,U8,MAD_M6C12,4.249999993496472,23.63569595799872,CPG,WPG,0.1,0.42141838945282895,0.2004325821260639,0.5170702858594121,4,-1.606845988653209,976.8,6.9,18.2
0.297,0.302,U8,MAD_M6C12,4.249999994547554,23.63569598542128,CPG,WPG,0.1,0.4214183891278501,0.20043265328760512,0.5170806764220695,3,-1.6068459894131077,976.8,6.9,18.2
0.297,0.302,U8,MAD_M6C12,4.249999992605828,23.635695916709217,CPG,WPG,0.1,0.4214183899263685,0.20043264950663495,0.5170634858724474,5,-1.6068459878086223,976.8,6.9,18.2
0.297,0.302,U8,MAD_M6C12,4.249999993077262,23.635695982937307,CPG,WPG,0.1,0.4214183891826058,0.20043260014945724,0.5170664976367512,7,-1.60684598903347,976.8,6.9,18.2
0.297,0.302,U8,MAD_M6C12,4.249999988209831,23.635695911973006,CPG,WPG,0.1,0.4214183900520234,0.20043268497942185,0.5170808323748362,2,-1.606845987106226,976.8,6.9,18.2
0.297,0.302,U8,MAD_M6C12,4.249999999276712,23.63569597005477,CPG,WPG,0.1,0.4214183891981224,0.2004327036898501,0.5170848254372218,3,-1.60684599084672,976.8,6.9,18.2
0.297,0.302,U8,MAD_M6C12,4.249999999626677,23.635695924771653,CPG,WPG,0.1,0.4214183896828521,0.200432613092986,0.5170727907440011,2,-1.6068459907015136,976.8,6.9,18.2
0.297,0.302,U8,MAD_M6C12,4.2499999974695815,23.63569590374652,CPG,WPG,0.1,0.42141838993896513,0.2004324489500586,0.5170598349429101,5,-1.606845990660739,976.8,6.9,18.2
0.297,0.302,U8,MAD_M6C12,4.249999994421883,23.635695936714455,CPG,WPG,0.1,0.4214183896463161,0.20043260317269307,0.5170855424035605,6,-1.606845989717975,976.8,6.9,18.2
0.297,0.302,U8,MAD_M6C12,4.249999993191604,23.635695932327746,CPG,WPG,0.1,0.42141838969066026,0.20043261532345913,0.5170807615813038,7,-1.606845990641558,976.8,6.9,18.2
0.297,0.302,U8,MAD_M6C12,4.249999988974335,23.635695901686223,CPG,WPG,0.1,0.42141839009928717,0.2004326270814557,0.5170983805396392,7,-1.6068459896020215,976.8,6.9,18.2
0.297,0.302,U8,MAD_M6C12,4.249999991553073,23.63569587269316,CPG,WPG,0.1,0.4214183903457935,0.20043265856819398,0.5170969653837885,5,-1.606845991009589,976.8,6.9,18.2
0.297,0.302,U8,MAD_M6C12,4.2499999855634565,23.635695892035777,CPG,WPG,0.1,0.4214183902560526,0.20043267296501327,0.5170948681693575,4,-1.6068459892895284,976.8,6.9,18.2
0.297,0.302,U8,MAD_M6C12,4.249999990607096,23.635695904053755,CPG,WPG,0.1,0.42141839005617776,0.20043268174386736,0.5170968544555836,2,-1.6068459893857572,976.8,6.9,18.2
0.297,0.302,U8,MAD_M6C12,4.2499999857274835,23.635695896205803,CPG,WPG,0.1,0.42141839022757593,0.2004326777885856,0.5171090568306194,7,-1.6068459884127861,976.8,6.9,18.2
0.297,0.302,U8,MAD_M6C12,4.249999996740399,23.635695915034102,CPG,WPG,0.1,0.42141838981700297,0.20043258345639167,0.5170934454550133,0,-1.6068459911640183,976.8,6.9,18.2
0.297,0.302,U8,MAD_M6C12,4.249999994949169,23.635695912739056,CPG,WPG,0.1,0.42141838985099456,0.20043246430043948,0.5170764848459783,0,-1.6068459918763942,976.8,6.9,18.2
0.297,0.302,U8,MAD_M6C12,4.249999998250005,23.635695941972813,CPG,WPG,0.1,0.4214183895405219,0.20043251186577263,0.5170836344478773,6,-1.6068459895825438,976.8,6.9,18.2
0.297,0.302,U8,MAD_M6C12,4.249999988298082,23.6356959402278,CPG,WPG,0.1,0.42141838969278433,0.2004325640932888,0.5170765291305375,4,-1.6068459896827765,976.8,6.9,18.2
0.297,0.302,U8,MAD_M6C12,4.249999997667629,23.635695917475406,CPG,WPG,0.1,0.4214183897616132,0.2004324485159926,0.5170589348806804,2,-1.6068459919450042,976.8,6.9,18.2
0.297,0.302,U8,MAD_M6C12,4.249999994539915,23.63569591407076,CPG,WPG,0.1,0.4214183898441988,0.20043248266354688,0.5170650517014055,3,-1.606845991785045,976.8,6.9,18.2
0.297,0.302,U8,MAD_M6C12,4.249999989493927,23.63569588959617,CPG,WPG,0.1,0.4214183902108288,0.20043245663280146,0.5170588070191191,4,-1.6068459901334329,976.8,6.9,18.2
0.297,0.302,U8,MAD_M6C12,4.249999992132035,23.635695896086382,CPG,WPG,0.1,0.4214183900858536,0.20043251501845363,0.5170685798683365,0,-1.6068459910455726,976.8,6.9,18.2
0.297,0.302,U8,MAD_M6C12,4.2499999963450055,23.635695918598614,CPG,WPG,0.1,0.42141838978551915,0.20043257316868646,0.5170775501074902,0,-1.6068459910970816,976.8,6.9,18.2
0.297,0.302,U8,MAD_M6C12,4.249999995508767,23.635695891688012,CPG,WPG,0.1,0.4214183901022785,0.2004325734116849,0.5170693554077377,3,-1.6068459903272103,976.8,6.9,18.2
0.297,0.302,U8,MAD_M6C12,4.249999995478768,23.635695892949425,CPG,WPG,0.1,0.4214183900846278,0.20043262898672362,0.5170800281971664,5,-1.6068459905403358,976.8,6.9,18.2
0.297,0.302,U8,MAD_M6C12,4.2499999960697465,23.635695894570798,CPG,WPG,0.1,0.42141839002933157,0.20043264977765116,0.5170883757680236,7,-1.6068459919496547,976.8,6.9,18.2
0.297,0.302,U8,MAD_M6C12,4.249999994867241,23.635695920853003,CPG,WPG,0.1,0.4214183897766575,0.20043257256007538,0.5170784093517748,1,-1.6068459913232207,976.8,6.9,18.2
0.297,0.302,U8,MAD_M6C12,4.249999995666774,23.635695893851704,CPG,WPG,0.1,0.42141839004486276,0.20043260870258509,0.5170812785780559,2,-1.6068459918403786,976.8,6.9,18.2
0.297,0.302,U8,MAD_M6C12,4.249999994108463,23.635695918322583,CPG,WPG,0.1,0.42141838980484014,0.20043257675711698,0.5170717955176753,4,-1.606845991764617,976.8,6.9,18.2
0.297,0.302,U8,MAD_M6C12,4.249999997690793,23.635695886502567,CPG,WPG,0.1,0.4214183900878937,0.20043264975079542,0.517085969188587,3,-1.6068459922338008,976.8,6.9,18.2
0.297,0.302,U8,MAD_M6C12,4.249999999742838,23.635695899463773,CPG,WPG,0.1,0.4214183899114814,0.2004326092437529,0.5170871332809726,0,-1.606845992669344,976.8,6.9,18.2
0.297,0.302,U8,MAD_M6C12,4.249999998042074,23.635695912257567,CPG,WPG,0.1,0.42141838980564433,0.200432667837242,0.5170981288390006,1,-1.6068459922718255,976.8,6.9,18.2
0.297,0.302,U8,MAD_M6C12,4.249999998555464,23.635695891608698,CPG,WPG,0.1,0.42141839001602943,0.20043256439954174,0.5170826863842204,0,-1.6068459924809257,976.8,6.9,18.2
0.297,0.302,U8,MAD_M6C12,4.249999995482971,23.635695884862315,CPG,WPG,0.1,0.421418390145449,0.20043262063550932,0.5170921150324017,5,-1.6068459917685427,976.8,6.9,18.2
0.297,0.302,U8,MAD_M6C12,4.249999996221853,23.63569589819925,CPG,WPG,0.1,0.42141838998562464,0.200432630731121,0.5170944733530289,0,-1.6068459920752751,976.8,6.9,18.2
0.297,0.302,U8,MAD_M6C12,4.249999995599507,23.635695891421577,CPG,WPG,0.1,0.4214183900803385,0.20043257691822924,0.5170799566238773,2,-1.606845991440828,976.8,6.9,18.2
0.297,0.302,U8,MAD_M6C12,4.2499999967468325,23.635695892904135,CPG,WPG,0.1,0.4214183900250966,0.20043258874423048,0.5170853785697478,2,-1.6068459925597676,976.8,6.9,18.2
0.297,0.302,U8,MAD_M6C12,4.249999996091196,23.635695889840445,CPG,WPG,0.1,0.4214183900633101,0.20043259967990995,0.5170866685988424,2,-1.6068459927314027,976.8,6.9,18.2
0.297,0.302,U8,MAD_M6C12,4.249999995131812,23.635695893008887,CPG,WPG,0.1,0.42141839004759013,0.20043259910636715,0.5170805713492395,5,-1.606845992483862,976.8,6.9,18.2
0.297,0.302,U8,MAD_M6C12,4.2499999954961325,23.635695893687064,CPG,WPG,0.1,0.42141839003355097,0.20043261819800032,0.5170896190599614,0,-1.6068459925683296,976.8,6.9,18.2
0.297,0.302,U8,MAD_M6C12,4.249999995412408,23.635695887859335,CPG,WPG,0.1,0.42141839010287013,0.20043262761367317,0.517090396558411,1,-1.6068459923048035,976.8,6.9,18.2
0.297,0.302,U8,MAD_M6C12,4.24999999754321,23.635695905225198,CPG,WPG,0.1,0.42141838988034774,0.20043261982178942,0.5170868737141321,7,-1.6068459926326426,976.8,6.9,18.2
0.297,0.302,U8,MAD_M6C12,4.249999997774303,23.635695888244335,CPG,WPG,0.1,0.42141839005229265,0.2004325962978164,0.5170841544998295,7,-1.6068459929781902,976.8,6.9,18.2
0.297,0.302,U8,MAD_M6C12,4.249999999042047,23.635695900027002,CPG,WPG,0.1,0.4214183899119468,0.20043260867870097,0.5170864777659485,2,-1.6068459928127634,976.8,6.9,18.2
0.297,0.302,U8,MAD_M6C12,4.2499999984838555,23.63569588870965,CPG,WPG,0.1,0.4214183900370533,0.20043258108532433,0.5170851147250985,1,-1.606845993005166,976.8,6.9,18.2
0.297,0.302,U8,MAD_M6C12,4.249999999842058,23.63569589201124,CPG,WPG,0.1,0.4214183899849694,0.20043259516147574,0.5170887106272439,7,-1.6068459929156749,976.8,6.9,18.2
0.297,0.302,U8,MAD_M6C12,4.249999998356479,23.635695899120236,CPG,WPG,0.1,0.42141838992615205,0.20043263902101666,0.5170953048604705,7,-1.606845993043315,976.8,6.9,18.2
0.297,0.302,U8,MAD_M6C12,4.249999998034712,23.635695906840237,CPG,WPG,0.1,0.4214183898524406,0.20043261521829359,0.5170937054812068,0,-1.6068459928150354,976.8,6.9,18.2
0.297,0.302,U8,MAD_M6C12,4.249999997864999,23.635695890766343,CPG,WPG,0.1,0.42141839002418235,0.20043261271518736,0.5170924747854437,2,-1.606845992968001,976.8,6.9,18.2
0.297,0.302,U8,MAD_M6C12,4.24999999818473,23.635695895142845,CPG,WPG,0.1,0.4214183899680413,0.200432607109139,0.5170909641140362,2,-1.6068459931933567,976.8,6.9,18.2
0.297,0.302,U8,MAD_M6C12,4.249999999042679,23.635695896466483,CPG,WPG,0.1,0.42141838993965547,0.20043259501893826,0.517092100413417,2,-1.6068459933103068,976.8,6.9,18.2
0.297,0.302,U8,MAD_M6C12,4.249999999210463,23.635695897511948,CPG,WPG,0.1,0.4214183899304764,0.20043261234794627,0.5170927248068398,6,-1.6068459931053898,976.8,6.9,18.2
0.297,0.302,U8,MAD_M6C12,4.2499999974697715,23.63569589065083,CPG,WPG,0.1,0.42141839003135795,0.2004325959500098,0.517091915357665,6,-1.606845992942029,976.8,6.9,18.2
0.297,0.302,U8,MAD_M6C12,4.249999999693033,23.635695902312595,CPG,WPG,0.1,0.4214183898698505,0.20043260490312945,0.5170946292291871,1,-1.606845993222553,976.8,6.9,18.2
0.297,0.302,U8,MAD_M6C12,4.24999999998436,23.635695903926134,CPG,WPG,0.1,0.42141838984620494,0.20043257538356135,0.5170893831418062,0,-1.6068459933332537,976.8,6.9,18.2
0.297,0.302,U8,MAD_M6C12,4.249999999036395,23.63569589083606,CPG,WPG,0.1,0.42141838999872966,0.2004326221270956,0.5170970333004137,4,-1.6068459933809045,976.8,6.9,18.2
0.297,0.302,U8,MAD_M6C12,4.249999998333206,23.635695895133296,CPG,WPG,0.1,0.42141838996503045,0.20043258271094072,0.5170900401557694,3,-1.6068459932448622,976.8,6.9,18.2
0.297,0.302,U8,MAD_M6C12,4.249999998083845,23.635695899940742,CPG,WPG,0.1,0.42141838992368685,0.20043256215231708,0.5170888284117456,0,-1.6068459929188883,976.8,6.9,18.2
0.297,0.302,U8,MAD_M6C12,4.249999998358601,23.635695891360427,CPG,WPG,0.1,0.42141839000389225,0.2004325943430276,0.517091425566552,1,-1.6068459933072994,976.8,6.9,18.2
0.297,0.302,U8,MAD_M6C12,4.249999997540551,23.63569589008351,CPG,WPG,0.1,0.4214183900342799,0.20043258974403633,0.5170879878120882,7,-1.6068459930463597,976.8,6.9,18.2
0.297,0.302,U8,MAD_M6C12,4.249999999318468,23.63569589936734,CPG,WPG,0.1,0.42141838990652203,0.2004325538267066,0.5170834425201658,4,-1.6068459932258907,976.8,6.9,18.2
0.297,0.302,U8,MAD_M6C12,4.249999998181048,23.6356958942614,CPG,WPG,0.1,0.42141838997741243,0.2004325848579848,0.5170865040997623,5,-1.6068459932004036,976.8,6.9,18.2
0.297,0.302,U8,MAD_M6C12,4.2499999995594155,23.63569589578952,CPG,WPG,0.1,0.42141838994077707,0.20043256212767704,0.5170857815465544,0,-1.606845993268145,976.8,6.9,18.2
0.297,0.302,U8,MAD_M6C12,4.249999998793977,23.635695894124648,CPG,WPG,0.1,0.4214183899698752,0.20043254773025765,0.517082931334715,2,-1.606845993231257,976.8,6.9,18.2
0.297,0.302,U8,MAD_M6C12,4.249999999092461,23.635695898364347,CPG,WPG,0.1,0.42141838991956754,0.20043256435233667,0.5170851769605549,1,-1.606845993264118,976.8,6.9,18.2
0.297,0.302,U8,MAD_M6C12,4.24999999994256,23.635695898663123,CPG,WPG,0.1,0.4214183899007019,0.20043256070998197,0.5170833376938266,4,-1.606845993456428,976.8,6.9,18.2
0.297,0.302,U8,MAD_M6C12,4.2499999992954045,23.635695895208915,CPG,WPG,0.1,0.42141838994919634,0.20043255685102182,0.5170843445080275,6,-1.606845993335046,976.8,6.9,18.2
0.297,0.302,U8,MAD_M6C12,4.24999999943231,23.635695891626472,CPG,WPG,0.1,0.4214183899835012,0.2004325557165499,0.5170822501427215,2,-1.6068459934442494,976.8,6.9,18.2
0.297,0.302,U8,MAD_M6C12,4.249999999425011,23.635695894281824,CPG,WPG,0.1,0.4214183899546005,0.20043256722301916,0.5170857838189846,5,-1.606845993466763,976.8,6.9,18.2
0.297,0.302,U8,MAD_M6C12,4.249999999304062,23.635695896691832,CPG,WPG,0.1,0.4214183899333382,0.20043256712888735,0.517085158974016,3,-1.6068459933260932,976.8,6.9,18.2
0.297,0.302,U8,MAD_M6C12,4.249999999707917,23.63569589767191,CPG,WPG,0.1,0.4214183899142042,0.20043256350084035,0.5170818704422557,7,-1.6068459934727084,976.8,6.9,18.2
0.297,0.302,U8,MAD_M6C12,4.249999999516324,23.63569589816843,CPG,WPG,0.1,0.4214183899148834,0.20043255109863448,0.5170812370116651,0,-1.6068459933119783,976.8,6.9,18.2
0.297,0.302,U8,MAD_M6C12,4.249999999785809,23.63569589747431,CPG,WPG,0.1,0.42141838991514274,0.200432553416847,0.5170815854511774,0,-1.606845993478462,976.8,6.9,18.2
0.297,0.302,U8,MAD_M6C12,4.24999999928715,23.635695896969274,CPG,WPG,0.1,0.42141838993082836,0.20043256584840122,0.5170826347152664,2,-1.6068459933148027,976.8,6.9,18.2
0.297,0.302,U8,MAD_M6C12,4.2499999997898605,23.63569589881805,CPG,WPG,0.1,0.4214183899020505,0.20043256632558884,0.5170826646337132,2,-1.6068459934124046,976.8,6.9,18.2
0.297,0.302,U8,MAD_M6C12,4.249999999559389,23.635695898000296,CPG,WPG,0.1,0.42141838991424063,0.2004325519255134,0.5170800104995021,6,-1.606845993399931,976.8,6.9,18.2
0.297,0.302,U8,MAD_M6C12,4.249999999968837,23.635695896297502,CPG,WPG,0.1,0.42141838992343456,0.20043254827484677,0.5170807364601302,0,-1.606845993566127,976.8,6.9,18.2
0.297,0.302,U8,MAD_M6C12,4.249999999278937,23.63569589201192,CPG,WPG,0.1,0.4214183899799887,0.2004325507258185,0.5170808845487609,7,-1.6068459935134385,976.8,6.9,18.2
0.297,0.302,U8,MAD_M6C12,4.249999999840019,23.63569589550779,CPG,WPG,0.1,0.4214183899347758,0.20043255712223199,0.5170817722015415,0,-1.606845993514007,976.8,6.9,18.2
0.297,0.302,U8,MAD_M6C12,4.249999999936662,23.635695892540213,CPG,WPG,0.1,0.42141838996219616,0.2004325498855431,0.5170824862447114,3,-1.6068459936624144,976.8,6.9,18.2
0.297,0.302,U8,MAD_M6C12,4.249999999649961,23.635695894583236,CPG,WPG,0.1,0.42141838994711045,0.20043255963931947,0.5170819565288638,6,-1.606845993522798,976.8,6.9,18.2
0.297,0.302,U8,MAD_M6C12,4.249999999624921,23.635695897395596,CPG,WPG,0.1,0.4214183899183994,0.20043255295021292,0.5170817197978237,4,-1.6068459934681556,976.8,6.9,18.2
0.297,0.302,U8,MAD_M6C12,4.249999999726176,23.63569589620621,CPG,WPG,0.1,0.42141838992955044,0.20043254775003183,0.5170822211035566,5,-1.6068459934797712,976.8,6.9,18.2
0.297,0.302,U8,MAD_M6C12,4.249999999764739,23.635695895914516,CPG,WPG,0.1,0.4214183899335533,0.2004325571998981,0.5170824622721071,3,-1.606845993413847,976.8,6.9,18.2
0.297,0.302,U8,MAD_M6C12,4.2499999994695745,23.635695894740508,CPG,WPG,0.1,0.42141838994972947,0.20043255025431972,0.5170826098108559,1,-1.6068459934354369,976.8,6.9,18.2
0.297,0.302,U8,MAD_M6C12,4.249999999964605,23.635695893028455,CPG,WPG,0.1,0.421418389959619,0.20043254666999397,0.5170828915434567,7,-1.6068459935183395,976.8,6.9,18.2
0.297,0.302,U8,MAD_M6C12,4.249999999696762,23.635695892564772,CPG,WPG,0.1,0.42141838996820513,0.20043255856024397,0.5170863656477738,2,-1.6068459935205084,976.8,6.9,18.2
0.297,0.302,U8,MAD_M6C12,4.249999999839929,23.63569589216429,CPG,WPG,0.1,0.4214183899706515,0.20043254648669503,0.5170820013376267,1,-1.6068459935159591,976.8,6.9,18.2
0.297,0.302,U8,MAD_M6C12,4.249999999424315,23.63569589209043,CPG,WPG,0.1,0.4214183899768976,0.20043255432017265,0.5170846990618081,3,-1.606845993525969,976.8,6.9,18.2
0.297,0.302,U8,MAD_M6C12,4.24999999942614,23.63569589161134,CPG,WPG,0.1,0.4214183899811458,0.20043254709056676,0.5170816609379938,5,-1.606845993567216,976.8,6.9,18.2
0.297,0.302,U8,MAD_M6C12,4.249999999809654,23.635695892872175,CPG,WPG,0.1,0.4214183899617041,0.2004325402934181,0.5170818785538174,7,-1.6068459935989257,976.8,6.9,18.2
0.297,0.302,U8,MAD_M6C12,4.249999999867874,23.635695894029464,CPG,WPG,0.1,0.42141838994881115,0.20043254618095296,0.5170832435886892,7,-1.6068459935832653,976.8,6.9,18.2
0.297,0.302,U8,MAD_M6C12,4.249999999923535,23.63569589315802,CPG,WPG,0.1,0.4214183899564808,0.20043254479437458,0.5170821080738977,5,-1.6068459936273722,976.8,6.9,18.2
0.297,0.302,U8,MAD_M6C12,4.249999999778124,23.635695892212,CPG,WPG,0.1,0.4214183899686008,0.20043254558923176,0.5170824550788913,4,-1.6068459936284913,976.8,6.9,18.2
0.297,0.302,U8,MAD_M6C12,4.2499999996687015,23.635695892496805,CPG,WPG,0.1,0.42141838996963366,0.20043254726519427,0.5170822961104484,5,-1.6068459935055728,976.8,6.9,18.2
0.297,0.302,U8,MAD_M6C12,4.249999999706215,23.635695893411953,CPG,WPG,0.1,0.421418389957506,0.20043255267361645,0.5170822133920598,1,-1.6068459935899533,976.8,6.9,18.2
0.297,0.302,U8,MAD_M6C12,4.249999999632265,23.635695893011793,CPG,WPG,0.1,0.421418389963001,0.20043254947676087,0.5170829752921531,2,-1.6068459935810004,976.8,6.9,18.2
0.297,0.302,U8,MAD_M6C12,4.249999999875294,23.635695893073496,CPG,WPG,0.1,0.42141838995873526,0.20043255083970263,0.5170834443030325,2,-1.6068459935947192,976.8,6.9,18.2
0.297,0.302,U8,MAD_M6C12,4.249999999926429,23.6356958928301,CPG,WPG,0.1,0.42141838996027275,0.20043254663590462,0.5170828385283301,3,-1.6068459936126374,976.8,6.9,18.2
0.297,0.302,U8,MAD_M6C12,4.249999999983456,23.635695893034192,CPG,WPG,0.1,0.4214183899575925,0.20043254793820442,0.5170826520014158,5,-1.606845993599066,976.8,6.9,18.2
0.297,0.302,U8,MAD_M6C12,4.249999999930849,23.635695893761245,CPG,WPG,0.1,0.4214183899504848,0.2004325490283536,0.5170821860674741,2,-1.6068459935997765,976.8,6.9,18.2
0.297,0.302,U8,MAD_M6C12,4.249999999854373,23.63569589444619,CPG,WPG,0.1,0.4214183899449558,0.20043255033798774,0.5170823845249171,6,-1.6068459935625743,976.8,6.9,18.2
0.297,0.302,U8,MAD_M6C12,4.249999999705829,23.635695893358367,CPG,WPG,0.1,0.4214183899582731,0.20043255407027302,0.5170829445206353,4,-1.6068459935811603,976.8,6.9,18.2
0.297,0.302,U8,MAD_M6C12,4.249999999920555,23.635695893860564,CPG,WPG,0.1,0.4214183899494089,0.2004325540135382,0.5170829839361297,4,-1.6068459936067665,976.8,6.9,18.2
0.297,0.302,U8,MAD_M6C12,4.249999999656206,23.635695892839898,CPG,WPG,0.1,0.4214183899644285,0.20043255410907873,0.5170829909764847,5,-1.606845993585381,976.8,6.9,18.2
0.297,0.302,U8,MAD_M6C12,4.249999999701779,23.635695894165234,CPG,WPG,0.1,0.42141838994996117,0.20043255218112263,0.5170822067026384,0,-1.6068459935669654,976.8,6.9,18.2
0.297,0.302,U8,MAD_M6C12,4.249999999906491,23.63569589347188,CPG,WPG,0.1,0.4214183899532689,0.20043255316894398,0.5170829973076287,5,-1.6068459936307011,976.8,6.9,18.2
0.297,0.302,U8,MAD_M6C12,4.249999999966237,23.63569589335714,CPG,WPG,0.1,0.4214183899537057,0.20043255115733868,0.5170821541464687,4,-1.6068459936298023,976.8,6.9,18.2
0.297,0.302,U8,MAD_M6C12,4.249999999997835,23.63569589352044,CPG,WPG,0.1,0.4214183899512535,0.20043254847017614,0.5170822392044112,3,-1.6068459936425512,976.8,6.9,18.2
0.297,0.302,U8,MAD_M6C12,4.249999999800775,23.63569589295163,CPG,WPG,0.1,0.4214183899605949,0.20043255073187494,0.517082440881552,1,-1.6068459936167585,976.8,6.9,18.2
0.297,0.302,U8,MAD_M6C12,4.249999999904059,23.635695892875734,CPG,WPG,0.1,0.42141838995974706,0.20043255073735364,0.5170825271444479,3,-1.6068459936288075,976.8,6.9,18.2
0.297,0.302,U8,MAD_M6C12,4.249999999968018,23.635695893598136,CPG,WPG,0.1,0.42141838995106706,0.20043255082414707,0.5170823454347149,0,-1.6068459936310777,976.8,6.9,18.2
0.297,0.302,U8,MAD_M6C12,4.249999999995856,23.63569589349837,CPG,WPG,0.1,0.42141838995133835,0.20043254844059796,0.5170820810821484,2,-1.606845993650964,976.8,6.9,18.2
0.297,0.302,U8,MAD_M6C12,4.249999999979397,23.63569589338551,CPG,WPG,0.1,0.42141838995296,0.20043255163255008,0.5170824746388938,2,-1.6068459936422528,976.8,6.9,18.2
0.297,0.302,U8,MAD_M6C12,4.249999999938533,23.635695893351784,CPG,WPG,0.1,0.4214183899542021,0.20043255106669686,0.5170824322169314,5,-1.606845993627008,976.8,6.9,18.2
0.297,0.302,U8,MAD_M6C12,4.249999999931382,23.63569589285221,CPG,WPG,0.1,0.42141838995928665,0.2004325504283727,0.5170824672463792,3,-1.6068459936449369,976.8,6.9,18.2
0.297,0.302,U8,MAD_M6C12,4.249999999990716,23.635695893081547,CPG,WPG,0.1,0.42141838995580677,0.2004325499713409,0.5170825473665785,0,-1.6068459936546962,976.8,6.9,18.2
0.297,0.302,U8,MAD_M6C12,4.249999999933541,23.635695892805316,CPG,WPG,0.1,0.4214183899597791,0.20043254980749242,0.5170822827320856,6,-1.606845993644006,976.8,6.9,18.2
0.297,0.302,U8,MAD_M6C12,4.249999999990688,23.63569589293801,CPG,WPG,0.1,0.4214183899571739,0.20043254995865314,0.517082253663316,6,-1.606845993663038,976.8,6.9,18.2
0.297,0.302,U8,MAD_M6C12,4.249999999974165,23.63569589286053,CPG,WPG,0.1,0.42141838995823244,0.20043255112357142,0.517082376262167,7,-1.6068459936629882,976.8,6.9,18.2
0.297,0.302,U8,MAD_M6C12,4.249999999976438,23.635695892832388,CPG,WPG,0.1,0.4214183899585611,0.20043255081752603,0.517082111622245,3,-1.6068459936601922,976.8,6.9,18.2
0.297,0.302,U8,MAD_M6C12,4.249999999946897,23.63569589261891,CPG,WPG,0.1,0.42141838996124337,0.20043255006163926,0.5170822276744214,1,-1.6068459936608424,976.8,6.9,18.2
0.297,0.302,U8,MAD_M6C12,4.249999999956526,23.635695892789705,CPG,WPG,0.1,0.42141838995947345,0.20043255020628453,0.5170821424991674,7,-1.6068459936515769,976.8,6.9,18.2
0.297,0.302,U8,MAD_M6C12,4.24999999992245,23.635695892506615,CPG,WPG,0.1,0.42141838996274417,0.2004325487696254,0.5170815999764855,7,-1.6068459936627058,976.8,6.9,18.2
0.297,0.302,U8,MAD_M6C12,4.249999999914988,23.63569589258077,CPG,WPG,0.1,0.42141838996236747,0.20043254978952146,0.5170822139212881,2,-1.606845993647612,976.8,6.9,18.2
0.297,0.302,U8,MAD_M6C12,4.249999999935898,23.63569589249003,CPG,WPG,0.1,0.42141838996282444,0.2004325486049598,0.5170822694451727,2,-1.6068459936587107,976.8,6.9,18.2
0.297,0.302,U8,MAD_M6C12,4.249999999915334,23.6356958927271,CPG,WPG,0.1,0.4214183899606756,0.20043254954085798,0.5170819779178868,6,-1.6068459936530832,976.8,6.9,18.2
0.297,0.302,U8,MAD_M6C12,4.249999999947798,23.635695892965163,CPG,WPG,0.1,0.42141838995795217,0.2004325475833832,0.5170818017162762,2,-1.6068459936400465,976.8,6.9,18.2
0.297,0.302,U8,MAD_M6C12,4.249999999978022,23.635695892621563,CPG,WPG,0.1,0.42141838996083286,0.20043254828732213,0.5170819390581318,3,-1.606845993658883,976.8,6.9,18.2
0.297,0.302,U8,MAD_M6C12,4.249999999983903,23.635695892700262,CPG,WPG,0.1,0.4214183899597254,0.20043254999805837,0.5170822247455824,5,-1.6068459936674806,976.8,6.9,18.2
0.297,0.302,U8,MAD_M6C12,4.2499999999136175,23.63569589267212,CPG,WPG,0.1,0.42141838996133274,0.2004325499720541,0.5170820903204247,4,-1.6068459936510173,976.8,6.9,18.2
0.297,0.302,U8,MAD_M6C12,4.249999999935213,23.635695892715436,CPG,WPG,0.1,0.42141838996041087,0.20043255050199196,0.5170821144920823,5,-1.6068459936587072,976.8,6.9,18.2
0.297,0.302,U8,MAD_M6C12,4.2499999999771445,23.635695892648588,CPG,WPG,0.1,0.42141838996049386,0.2004325491794124,0.5170818509002828,7,-1.6068459936617163,976.8,6.9,18.2
0.297,0.302,U8,MAD_M6C12,4.249999999984842,23.635695892621413,CPG,WPG,0.1,0.42141838996061187,0.20043254928083606,0.5170819599667595,7,-1.606845993665031,976.8,6.9,18.2
0.297,0.302,U8,MAD_M6C12,4.249999999999026,23.635695892654166,CPG,WPG,0.1,0.42141838995990366,0.20043254932373866,0.5170818260597732,2,-1.6068459936727528,976.8,6.9,18.2
0.297,0.302,U8,MAD_M6C12,4.249999999995056,23.635695892624764,CPG,WPG,0.1,0.4214183899603586,0.20043255030778218,0.5170819002723652,4,-1.6068459936686441,976.8,6.9,18.2
0.297,0.302,U8,MAD_M6C12,4.249999999991204,23.635695892628984,CPG,WPG,0.1,0.4214183899602518,0.20043255032659757,0.5170819074375381,1,-1.6068459936740815,976.8,6.9,18.2
0.297,0.302,U8,MAD_M6C12,4.249999999928375,23.635695892602463,CPG,WPG,0.1,0.4214183899617279,0.20043255081243455,0.5170820346983289,6,-1.606845993658224,976.8,6.9,18.2
0.297,0.302,U8,MAD_M6C12,4.249999999979227,23.635695892677962,CPG,WPG,0.1,0.42141838995998687,0.20043255088141007,0.5170819429295519,7,-1.606845993669431,976.8,6.9,18.2
0.297,0.302,U8,MAD_M6C12,4.249999999962692,23.635695892857914,CPG,WPG,0.1,0.4214183899584357,0.20043255021686265,0.5170820167747605,3,-1.6068459936620645,976.8,6.9,18.2
0.297,0.302,U8,MAD_M6C12,4.249999999971786,23.63569589298943,CPG,WPG,0.1,0.42141838995693465,0.20043255095719373,0.517082129660301,5,-1.6068459936603912,976.8,6.9,18.2
0.297,0.302,U8,MAD_M6C12,4.249999999979518,23.635695893065655,CPG,WPG,0.1,0.4214183899560321,0.20043255101920185,0.5170821534459051,1,-1.6068459936592987,976.8,6.9,18.2
0.297,0.302,U8,MAD_M6C12,4.24999999997692,23.635695893013608,CPG,WPG,0.1,0.4214183899566034,0.20043255179262673,0.5170823210347333,6,-1.6068459936604214,976.8,6.9,18.2
0.297,0.302,U8,MAD_M6C12,4.249999999969396,23.635695893135612,CPG,WPG,0.1,0.42141838995552344,0.20043255307030883,0.5170823923784305,6,-1.6068459936544421,976.8,6.9,18.2
0.297,0.302,U8,MAD_M6C12,4.249999999962368,23.63569589303032,CPG,WPG,0.1,0.4214183899567211,0.20043255229701162,0.5170824000764802,4,-1.6068459936557407,976.8,6.9,18.2
0.297,0.302,U8,MAD_M6C12,4.249999999954755,23.635695892773807,CPG,WPG,0.1,0.42141838995946834,0.2004325516805049,0.517082316399383,1,-1.606845993661091,976.8,6.9,18.2
0.297,0.302,U8,MAD_M6C12,4.249999999983209,23.63569589283066,CPG,WPG,0.1,0.421418389958347,0.20043255182011904,0.5170823063158965,5,-1.6068459936667878,976.8,6.9,18.2
0.297,0.302,U8,MAD_M6C12,4.2499999999682725,23.63569589268215,CPG,WPG,0.1,0.4214183899601836,0.20043255202880014,0.5170822921322547,5,-1.6068459936651003,976.8,6.9,18.2
0.297,0.302,U8,MAD_M6C12,4.249999999981377,23.635695892806716,CPG,WPG,0.1,0.4214183899586281,0.200432552558847,0.5170823243661768,2,-1.6068459936668962,976.8,6.9,18.2
0.297,0.302,U8,MAD_M6C12,4.2499999999832,23.635695892602353,CPG,WPG,0.1,0.42141838996072223,0.20043255212194303,0.5170823016661594,2,-1.6068459936705182,976.8,6.9,18.2
0.297,0.302,U8,MAD_M6C12,4.2499999999996,23.635695892636473,CPG,WPG,0.1,0.4214183899601163,0.20043255188473477,0.5170821727842307,5,-1.6068459936713175,976.8,6.9,18.2
0.297,0.302,U8,MAD_M6C12,4.249999999992658,23.635695892625733,CPG,WPG,0.1,0.4214183899602596,0.20043255206226018,0.5170823008826675,0,-1.6068459936744315,976.8,6.9,18.2
0.297,0.302,U8,MAD_M6C12,4.249999999987895,23.63569589268356,CPG,WPG,0.1,0.4214183899597932,0.20043255168631305,0.5170822093027567,6,-1.606845993670131,976.8,6.9,18.2
0.297,0.302,U8,MAD_M6C12,4.249999999968371,23.635695892609895,CPG,WPG,0.1,0.4214183899609214,0.2004325509222317,0.517082116051542,2,-1.6068459936667736,976.8,6.9,18.2
0.297,0.302,U8,MAD_M6C12,4.249999999997417,23.635695892627588,CPG,WPG,0.1,0.42141838996025865,0.20043255085416345,0.5170821161307484,2,-1.606845993670511,976.8,6.9,18.2
0.297,0.302,U8,MAD_M6C12,4.249999999989522,23.635695892624817,CPG,WPG,0.1,0.4214183899603611,0.2004325507010144,0.5170819715855997,6,-1.6068459936721116,976.8,6.9,18.2
0.297,0.302,U8,MAD_M6C12,4.2499999999733635,23.63569589264026,CPG,WPG,0.1,0.42141838996046965,0.20043255074442806,0.5170820352383383,3,-1.6068459936695838,976.8,6.9,18.2
0.297,0.302,U8,MAD_M6C12,4.249999999984616,23.635695892705243,CPG,WPG,0.1,0.42141838995960934,0.20043255136768426,0.5170822237036603,7,-1.606845993669971,976.8,6.9,18.2
0.297,0.302,U8,MAD_M6C12,4.24999999998208,23.63569589260755,CPG,WPG,0.1,0.4214183899606734,0.20043255012067873,0.5170819915337437,0,-1.6068459936709178,976.8,6.9,18.2
0.297,0.302,U8,MAD_M6C12,4.24999999998771,23.635695892704135,CPG,WPG,0.1,0.4214183899595633,0.2004325506861932,0.5170820967588434,2,-1.6068459936707402,976.8,6.9,18.2
0.297,0.302,U8,MAD_M6C12,4.249999999994983,23.63569589270198,CPG,WPG,0.1,0.421418389959479,0.20043255041005462,0.5170819408609817,6,-1.6068459936711186,976.8,6.9,18.2
0.297,0.302,U8,MAD_M6C12,4.249999999994792,23.635695892694738,CPG,WPG,0.1,0.42141838995953945,0.20043255120745151,0.5170821937042551,5,-1.606845993672044,976.8,6.9,18.2
0.297,0.302,U8,MAD_M6C12,4.249999999997165,23.635695892757123,CPG,WPG,0.1,0.42141838995890224,0.20043255119097161,0.5170822281888001,2,-1.6068459936689443,976.8,6.9,18.2
0.297,0.302,U8,MAD_M6C12,4.249999999994431,23.635695892697473,CPG,WPG,0.1,0.4214183899595259,0.20043255100572333,0.5170821461697348,6,-1.6068459936715467,976.8,6.9,18.2
0.297,0.302,U8,MAD_M6C12,4.249999999990176,23.63569589270211,CPG,WPG,0.1,0.42141838995954706,0.20043255169377475,0.5170822621417006,0,-1.6068459936709036,976.8,6.9,18.2
0.297,0.302,U8,MAD_M6C12,4.249999999998106,23.635695892647224,CPG,WPG,0.1,0.4214183899599769,0.200432551272692,0.5170821987189496,2,-1.6068459936733515,976.8,6.9,18.2
0.297,0.302,U8,MAD_M6C12,4.249999999996764,23.635695892633205,CPG,WPG,0.1,0.4214183899601623,0.2004325514320822,0.5170822379724465,3,-1.6068459936725397,976.8,6.9,18.2
0.297,0.302,U8,MAD_M6C12,4.2499999999957145,23.635695892632263,CPG,WPG,0.1,0.4214183899601947,0.20043255067024127,0.5170821172440023,4,-1.6068459936721844,976.8,6.9,18.2
0.297,0.302,U8,MAD_M6C12,4.249999999989794,23.635695892615264,CPG,WPG,0.1,0.42141838996044595,0.2004325515060586,0.5170822510104194,3,-1.6068459936727422,976.8,6.9,18.2
0.297,0.302,U8,MAD_M6C12,4.2499999999892335,23.635695892639433,CPG,WPG,0.1,0.4214183899601922,0.20043255138498098,0.5170822191520101,4,-1.6068459936729074,976.8,6.9,18.2
0.297,0.302,U8,MAD_M6C12,4.249999999987376,23.635695892646453,CPG,WPG,0.1,0.4214183899601397,0.20043255148553385,0.5170822717727668,4,-1.6068459936729873,976.8,6.9,18.2
0.297,0.302,U8,MAD_M6C12,4.249999999995385,23.635695892680832,CPG,WPG,0.1,0.42141838995965225,0.20043255120644043,0.5170822133344934,3,-1.6068459936734278,976.8,6.9,18.2
0.297,0.302,U8,MAD_M6C12,4.249999999994841,23.635695892625577,CPG,WPG,0.1,0.42141838996021985,0.20043255156314355,0.5170822664073245,2,-1.6068459936749395,976.8,6.9,18.2
0.297,0.302,U8,MAD_M6C12,4.24999999999085,23.635695892623314,CPG,WPG,0.1,0.4214183899603151,0.2004325514011061,0.5170822207905923,7,-1.6068459936742112,976.8,6.9,18.2
0.297,0.302,U8,MAD_M6C12,4.249999999993358,23.635695892656827,CPG,WPG,0.1,0.421418389959922,0.20043255190440423,0.5170823004605878,7,-1.6068459936741117,976.8,6.9,18.2
0.297,0.302,U8,MAD_M6C12,4.249999999994274,23.635695892685817,CPG,WPG,0.1,0.42141838995961445,0.2004325519572708,0.5170822746183341,6,-1.6068459936733497,976.8,6.9,18.2
Time taken (seconds)
2026-06-01 12:29:29
