thigh_length,calf_length,motor_left_name,motor_right_name,gear_left_ratio,gear_right_ratio,gearbox_left,gearbox_right,torso_distance,ik_height,ori_l,ori_theta,best_index,best_cost,ac1,ac2,ac3
0.297,0.302,U12,MN8014,11.496122071425043,10.1242066369032,CPG,CPG,0.1,0.3205817634434413,0.2027474218816567,-0.2739116627963154,2,5.667738040526212,515.5,5.0,29.6
0.297,0.302,U12,MN8014,13.065703494061852,12.57329633162058,CPG,CPG,0.1,0.3623474701523241,0.20882153866900446,-0.3769757185701863,3,6.3700161616067215,367.9,4.2,23.2
0.297,0.302,U10,MN8014,13.496241086670933,11.615551175565695,CPG,CPG,0.1,0.31997855189972896,0.20353719411491145,-0.14594289998043508,3,0.07174323343127575,511.8,5.1,29.5
0.297,0.302,U10,MN8014,12.050848429606654,12.416920810596203,CPG,CPG,0.1,0.3268311652682882,0.20005056678225538,-0.46927937436950207,0,-0.3253693599649097,592.5,5.0,25.1
0.297,0.302,U10,MN8014,17.261468264446165,12.295455120171544,WPG,CPG,0.1,0.34779849811509,0.23536486202922557,-0.309409961674185,4,0.3852162481953112,642.8,5.0,27.3
0.297,0.302,U10,MN8014,15.182760762525975,7.698107180487783,WPG,CPG,0.1,0.3340882379887354,0.20427969805425267,-0.47833563715413074,3,-0.09286403840628488,530.9,3.2,28.3
0.297,0.302,U10,MN8014,15.27475006299362,6.510836936044717,CPG,CPG,0.1,0.36534268992460633,0.2697204359748085,-0.2920975687949603,3,0.015454432143059194,554.8,2.4,27.9
0.297,0.302,U10,MN8014,15.633614691178181,6.907950529049463,CPG,CPG,0.1,0.37558088423978647,0.20511931324702123,-0.6309402867863975,2,-1.1790035806949284,497.2,1.2,29.2
0.297,0.302,U12,MN8014,14.933140721778837,4.425248736539618,CPG,SSPG,0.1,0.3875372430336633,0.22611611156833136,-0.47135318398592774,4,0.4376855392504009,530.4,2.4,25.8
0.297,0.302,MN8014,MN8014,12.505549185336426,4.590590060725156,CPG,SSPG,0.1,0.40973748088801365,0.2823267357654853,-0.23034249539618434,7,0.25663664454931734,316.5,0.7,19.1
0.297,0.302,U10,U10,14.688522430683138,5.831392527615514,CPG,SSPG,0.1,0.4295415879982086,0.20629061444779692,-0.4772033480474771,1,1.2786768988389188,559.4,4.2,26.4
0.297,0.302,U12,U12,10.005508949092018,4.729874881499231,CPG,CPG,0.1,0.3914663973368792,0.21956352741815027,-0.5370094522248416,4,0.39969804298808853,471.4,3.1,22.8
0.297,0.302,U10,U12,13.626193930183536,4.005374146682387,CPG,CPG,0.1,0.41608743286301053,0.20924244335176417,-0.9158312266764485,7,-0.9798503880044986,463.8,3.7,26.0
0.297,0.302,U10,U12,10.513682345256504,4.290023393516671,CPG,CPG,0.1,0.44608666795464924,0.21231523188835238,-0.8950975614379099,4,-0.6178918953910326,519.6,5.0,30.3
0.297,0.302,U10,U12,12.216493970491056,4.520544292113943,CPG,CPG,0.1,0.4384576889699667,0.23956840922483066,-0.7423053648342725,1,-0.7559538626814257,536.0,3.5,33.1
0.297,0.302,U10,U10,12.335975105335832,4.1492658000172655,CPG,CPG,0.1,0.45731519815311,0.22334227640504462,-1.11609856495954,1,-1.7856965641819702,548.1,4.8,34.9
0.297,0.302,U10,MN8014,15.527454992030169,4.69362246952212,CPG,CPG,0.1,0.4741789769676508,0.2964251847207402,-0.9405730217935324,2,-1.2103549098542734,535.5,5.3,33.8
0.297,0.302,U10,MN8014,13.794950756690842,4.064400361725226,CPG,SSPG,0.1,0.48134803444708324,0.2123297173371094,-0.9183692337436303,3,-1.5353173734413827,464.9,4.9,40.6
0.297,0.302,U8,VT8020,16.37093020116049,5.681111986524714,CPG,SSPG,0.1,0.44182552207378023,0.21865255735238878,-0.9613023600066121,7,-1.7446687144760054,554.1,5.1,37.1
0.297,0.302,U8,MN8014,15.690492493144784,4.365184489141314,CPG,SSPG,0.1,0.478621091689975,0.23399178971621307,-1.131226100096553,5,-1.1254485654336142,621.4,4.8,32.7
0.297,0.302,U8,MN8014,20.931366943397727,4.149667935053027,WPG,SSPG,0.1,0.43713831285797045,0.20005979204467,-1.4863047161553393,4,-2.452114494415964,647.5,4.8,31.5
0.297,0.302,U8,U12,16.534608005715356,4.0947679924766485,CPG,SSPG,0.1,0.5028358573042475,0.3719080972895677,-1.5490803806826656,4,-0.7909472334367846,739.9,7.6,25.2
0.297,0.302,U8,MN8014,18.160500903266836,6.068697871012539,WPG,SSPG,0.1,0.4133412319508194,0.2810267636998554,-1.0483959386807142,1,-2.123562563247323,670.6,5.6,27.2
0.297,0.302,U8,U12,15.281802463328729,5.1262755716633635,CPG,SSPG,0.1,0.45381812189091364,0.2936993563354593,-0.7983605802464473,6,-1.081562235190578,708.6,6.4,34.9
0.297,0.302,U8,MN8014,14.147195628911916,4.127939489822766,CPG,SSPG,0.1,0.4226763266822214,0.2589931254183304,-1.2888228553343857,6,-1.7141213026114857,727.8,4.8,25.9
0.297,0.302,U8,MN8014,13.810084116780633,4.006013296029635,CPG,SSPG,0.1,0.3748033601671743,0.2005600494457431,-1.2364192041223105,0,-1.836946943213488,612.2,6.2,29.4
0.297,0.302,U8,MN8014,16.091739176097242,5.738971427916367,WPG,SSPG,0.1,0.3373118414495402,0.20353804899496777,-1.0740006443899328,2,-1.7770272969758931,738.9,4.9,28.3
0.297,0.302,U8,MN8014,16.51149306328361,5.650068637853902,CPG,SSPG,0.1,0.3731848786913293,0.2188323173506767,-0.9645837944872693,5,-2.2463705305113955,709.3,5.5,29.9
0.297,0.302,U8,MN8014,16.880178410895745,4.936292634335824,WPG,CPG,0.1,0.36021288120040085,0.21595585978009083,-1.066221728308929,1,-2.10052779966262,717.8,6.2,27.9
0.297,0.302,U8,U12,18.314435489159727,4.51436462402206,WPG,CPG,0.1,0.4226039321492426,0.23020963149750673,-1.3506299048161052,0,-1.6165288414391545,607.5,5.9,28.0
0.297,0.302,U8,MN8014,16.73420883403488,6.993107458385453,CPG,SSPG,0.1,0.36754999546813744,0.20433167389018997,-0.9827348041629479,3,-2.141106108682041,604.9,4.9,26.6
0.297,0.302,U8,MN8014,17.318305786501725,7.387743190534135,WPG,CPG,0.1,0.3671201301523807,0.217108880775455,-0.9820400425632185,3,-1.9024855457256313,636.3,5.3,22.1
0.297,0.302,U8,MN8014,16.86822709145823,6.025553568201138,WPG,SSPG,0.1,0.3773315088985527,0.2538701764810171,-1.0902358246765613,6,-2.084642235901499,721.2,6.7,22.0
0.297,0.302,U8,MN8014,16.435779881087882,6.3766801585388695,CPG,CPG,0.1,0.36830303102299733,0.21331880595984118,-1.0482799107378367,1,-1.7811346942050763,681.3,5.6,23.5
0.297,0.302,U8,MN8014,16.461673196698943,6.232683330088615,CPG,CPG,0.1,0.3656708045143541,0.20021861505454092,-1.0540361873962647,6,-1.9636653987112975,566.1,5.6,21.6
0.297,0.302,U8,MN8014,18.560619946636486,5.722282352284525,WPG,SSPG,0.1,0.3972912288848994,0.20996162537120375,-1.1921659260364992,6,-2.594317702440372,557.9,5.2,23.7
0.297,0.302,U8,MN8014,18.644846185123768,5.001547168368186,WPG,SSPG,0.1,0.39742625060286607,0.22096001858013392,-1.227583747798906,0,-2.4474086813060882,564.4,5.6,21.9
0.297,0.302,U8,MN8014,18.386600298378703,5.177658997162638,WPG,SSPG,0.1,0.38200943101517126,0.2179952677893955,-1.242638471180163,1,-1.9887289257225778,632.9,5.1,19.0
0.297,0.302,U8,MN8014,19.23018027445916,4.176304985775853,WPG,SSPG,0.1,0.3753346465288974,0.21320464218856894,-1.0689687098617093,3,-2.149727358855099,627.2,5.3,21.1
0.297,0.302,U8,MN8014,19.60735346824403,4.351426648092466,WPG,SSPG,0.1,0.39670870003233466,0.2000835380534144,-1.3545082525776593,0,-2.144303062265699,597.2,5.3,20.5
0.297,0.302,U8,MN8014,18.42427853850363,5.186744818567807,WPG,SSPG,0.1,0.39356541385252625,0.215277130637976,-1.2226259747483423,4,-2.268309886819601,611.6,5.1,21.9
0.297,0.302,U8,MN8014,20.58306723865074,4.787288820316401,WPG,SSPG,0.1,0.39733202744236246,0.20122819871638,-1.1675651106329905,7,-2.6829504117399487,605.6,5.9,25.1
0.297,0.302,U8,MN8014,19.00705458946424,4.810082135687893,WPG,SSPG,0.1,0.39600716645274275,0.2029908433025082,-1.33903607778891,1,-2.72313729891164,638.4,5.9,25.1
0.297,0.302,U8,MN8014,20.70928596577415,4.8057526824681025,WPG,SSPG,0.1,0.39622937332286334,0.20634575689103074,-1.5193778827755526,6,-3.011982397557979,657.2,6.7,25.9
0.297,0.302,U8,MN8014,19.74010342618115,4.020221950722041,WPG,SSPG,0.1,0.3999672080820297,0.21800866253161513,-1.5313552802961201,5,-2.741011877563225,656.0,5.9,23.9
0.297,0.302,U8,MN8014,19.821366547482384,4.052686177466793,WPG,SSPG,0.1,0.4068926530873096,0.22419328162320595,-1.5707920976626613,6,-2.7320514831820795,698.3,5.8,24.9
0.297,0.302,U8,MN8014,20.410590474470027,4.075119002641698,WPG,SSPG,0.1,0.4202738057745702,0.20008159832636574,-1.5700070590357043,4,-2.8246945657174454,604.3,5.9,24.9
0.297,0.302,U8,MN8014,20.168096428114474,4.060728767574667,WPG,SSPG,0.1,0.41404197880340277,0.21724048933604087,-1.4496625970243455,4,-2.78919791828973,632.0,5.8,25.7
0.297,0.302,U8,MN8014,20.23422308166096,4.0166439460752095,WPG,SSPG,0.1,0.4246332604353491,0.20992682201498647,-1.3637420067886117,2,-2.863639314639723,620.3,6.2,29.2
0.297,0.302,U8,MN8014,21.176142432767385,4.0093140165292604,WPG,SSPG,0.1,0.44386569436211537,0.20145363350251566,-1.4158226867335721,5,-2.824347788119322,550.7,5.5,28.6
0.297,0.302,U8,MN8014,21.17312936956342,4.58974354608895,WPG,SSPG,0.1,0.41814545412139537,0.20108368668574325,-1.2105544910469177,6,-2.8968024257370093,619.4,6.6,31.0
0.297,0.302,U8,MN8014,21.042392066194513,4.1181395359904,WPG,SSPG,0.1,0.41517664697606294,0.20817661916955899,-1.357073551521602,5,-2.9774981724446885,612.0,6.2,29.0
0.297,0.302,U8,MN8014,22.661078924463602,5.159934323087773,WPG,SSPG,0.1,0.40186814565739604,0.2019221860832329,-1.227187647755347,3,-3.063251127959484,648.2,6.1,29.8
0.297,0.302,U8,MN8014,22.588764301388657,4.562842996299405,WPG,SSPG,0.1,0.4028687579657153,0.20692564530550486,-1.2050338620183385,4,-3.048199666981528,679.0,6.0,30.3
0.297,0.302,U8,MN8014,22.38427221132053,4.788083923163883,WPG,SSPG,0.1,0.4016976711975829,0.21541242179406636,-1.2406037127904315,7,-3.181429458464674,699.6,5.8,31.0
0.297,0.302,U8,MN8014,22.593736566727998,4.157141477721329,WPG,SSPG,0.1,0.39506652603234577,0.20498229358566422,-1.4942382597581958,2,-3.2372895613653423,730.8,5.6,29.7
0.297,0.302,U8,MN8014,22.557727093647888,4.165509928858043,WPG,SSPG,0.1,0.40372088574171405,0.20273189730986438,-1.5706958119602914,7,-3.222784347273892,666.3,6.0,27.2
0.297,0.302,U8,MN8014,23.58867441838332,4.083054332475419,WPG,SSPG,0.1,0.400232226075497,0.21552080812655428,-1.564779559117984,5,-3.1876226837092485,711.9,5.8,27.3
0.297,0.302,U8,MN8014,21.18368814964724,4.019869897405041,WPG,SSPG,0.1,0.3971946446617539,0.20014978080700133,-1.5563071861278917,3,-2.981574426282558,620.9,4.7,26.5
0.297,0.302,U8,MN8014,23.558281846934594,4.194938204637263,WPG,SSPG,0.1,0.41662561593219183,0.20022439732431335,-1.5669700145543568,4,-3.3382328983956633,630.8,4.5,26.8
0.297,0.302,U8,MN8014,24.14001016481326,5.129640691411179,WPG,SSPG,0.1,0.3949078591332339,0.2000346675109512,-1.5696597109056196,2,-3.180211587947081,673.1,4.8,24.6
0.297,0.302,U8,MN8014,23.617453039209426,5.034457992051323,WPG,SSPG,0.1,0.38515128440382546,0.20550140802483502,-1.5664569837990305,6,-3.1784533189418003,738.5,5.0,23.5
0.297,0.302,U8,MN8014,23.922555853253304,4.5788184045548155,WPG,SSPG,0.1,0.40193235012614964,0.200177737178574,-1.4951362017586933,1,-3.3192504720186715,667.9,5.4,27.5
0.297,0.302,U8,MN8014,23.971562967976165,6.321902163251007,WPG,SSPG,0.1,0.38438753743308407,0.2012203103919833,-1.5647213818793997,1,-3.0230190013256113,685.5,4.8,25.6
0.297,0.302,U8,MN8014,24.73139559972365,4.452293291402711,WPG,SSPG,0.1,0.40321134190205654,0.20088354637697337,-1.570133913095194,0,-3.09386736758551,649.4,4.9,26.1
0.297,0.302,U8,MN8014,24.987391760101584,4.872266629558352,WPG,CPG,0.1,0.3948256760767577,0.20007660190200244,-1.5048827706601842,3,-3.220442644696435,715.4,4.5,26.9
0.297,0.302,U8,MN8014,24.136592930605556,4.938707604713893,WPG,CPG,0.1,0.4090847071067363,0.20107860772315533,-1.5707230971416875,4,-3.115382507676676,638.9,4.0,26.7
0.297,0.302,U8,MN8014,24.422993119071588,5.099904251755965,WPG,SSPG,0.1,0.4117829262617011,0.20396919581017323,-1.5604570727175073,1,-3.0903394740194656,694.1,5.1,29.0
0.297,0.302,U8,MN8014,24.06816212271914,5.124354177630645,WPG,SSPG,0.1,0.40755951337483265,0.20552717507091595,-1.5548188754020413,0,-3.2457479477248796,676.6,5.2,29.8
0.297,0.302,U8,MN8014,24.79174857439041,4.91703477843246,WPG,CPG,0.1,0.39466687795569366,0.20169212651885698,-1.5640678656577924,0,-3.262736465065929,736.0,4.6,29.5
0.297,0.302,U8,MN8014,24.618185784119984,4.756271702919802,WPG,SSPG,0.1,0.3986815612066486,0.20021344271579525,-1.5491521401906534,1,-3.371902273870317,787.7,5.4,29.7
0.297,0.302,U8,MN8014,24.977181345104484,4.849317789732899,WPG,SSPG,0.1,0.39946602031121126,0.21655955063155924,-1.5257677661822673,4,-3.4563436632787514,759.6,5.2,28.3
0.297,0.302,U8,MN8014,24.988859878354315,4.3330943730763805,WPG,CPG,0.1,0.4014662031350721,0.21213705809195943,-1.5648879477949371,1,-3.4375241714788576,776.0,5.5,29.0
0.297,0.302,U8,MN8014,24.589165841269562,5.9020402103918155,WPG,SSPG,0.1,0.3920463015821596,0.20049101925601912,-1.5694655102802624,3,-3.259003597217715,767.6,5.0,26.6
0.297,0.302,U8,MN8014,24.999870429484844,4.759812069243367,WPG,SSPG,0.1,0.40298153874147735,0.20235144415947556,-1.569336923002536,6,-3.425437354578497,711.1,4.8,27.4
0.297,0.302,U8,MN8014,24.473894796345245,4.228513540496745,WPG,SSPG,0.1,0.4237382647030535,0.2021657690474268,-1.5688295130383807,1,-3.3686401896775635,697.5,5.1,30.6
0.297,0.302,U8,MN8014,24.197534538292388,4.420636122496593,WPG,SSPG,0.1,0.417060938502032,0.2010531606560968,-1.557093836145503,6,-3.2640465255422413,733.2,5.0,29.8
0.297,0.302,U8,MN8014,24.051453744302457,4.807554922166008,WPG,SSPG,0.1,0.4088959171102239,0.2021386289911229,-1.5669749363950956,7,-3.4204923554103654,741.8,5.4,32.2
0.297,0.302,U8,MN8014,24.9933043091578,4.849260338738646,WPG,SSPG,0.1,0.3909157292476821,0.20008240895051393,-1.5625299288232146,0,-3.508031940208868,756.3,4.9,27.9
0.297,0.302,U8,MN8014,24.99983104999184,4.430081476576432,WPG,SSPG,0.1,0.4078780177072888,0.20002119742611074,-1.5603444773537265,1,-3.497843728531622,697.6,5.3,30.9
0.297,0.302,U8,MN8014,24.954060365333653,4.837421516966695,WPG,SSPG,0.1,0.4140084426790753,0.20010807511178816,-1.559695778983047,0,-3.4957376771290516,709.9,5.2,30.2
0.297,0.302,U8,MN8014,24.95368676186252,4.446640716455517,WPG,SSPG,0.1,0.40550533204411254,0.20086997028963416,-1.4907295707351373,7,-3.5130894732981126,714.6,5.1,31.3
0.297,0.302,U8,MN8014,24.99400787471912,4.198697112391914,WPG,SSPG,0.1,0.41707283612222806,0.20954860850243057,-1.4795405053000303,4,-3.5022293864036804,719.4,4.9,32.0
0.297,0.302,U8,MN8014,24.996210999051787,4.211271697458611,WPG,SSPG,0.1,0.41470554037672624,0.20134298196531195,-1.511021936347233,5,-3.4589221363399165,678.0,5.1,31.2
0.297,0.302,U8,MN8014,24.998664242865907,4.4276149939715665,WPG,SSPG,0.1,0.40049560889349595,0.20167071879315873,-1.3906040529982802,6,-3.4751816340150423,700.5,5.6,31.7
0.297,0.302,U8,MN8014,24.98296838173139,4.833303097235622,WPG,SSPG,0.1,0.3990492668944056,0.20008417420278587,-1.4868065694160946,1,-3.4926733144991537,711.6,4.9,30.1
0.297,0.302,U8,MN8014,24.99938164621713,4.157385559287125,WPG,SSPG,0.1,0.4061366516081414,0.20071084777324702,-1.5360519069677554,0,-3.438375542215642,693.8,5.2,30.8
0.297,0.302,U8,MN8014,24.9896945013115,4.193329337778461,WPG,SSPG,0.1,0.4053038139439582,0.2016097028189216,-1.5676552325066186,0,-3.4993743611518777,711.4,5.3,29.7
0.297,0.302,U8,MN8014,24.992969052370956,4.009537719480639,WPG,SSPG,0.1,0.41592352201362803,0.20000285322994182,-1.5637205831571952,4,-3.520930875198445,696.3,5.1,30.4
0.297,0.302,U8,MN8014,24.985977665454552,4.016721076407055,WPG,SSPG,0.1,0.4136513883347757,0.20000413768044978,-1.5678551495407784,6,-3.532122140242672,699.8,5.0,30.1
0.297,0.302,U8,MN8014,24.987582540008948,4.022585369653423,WPG,SSPG,0.1,0.41228226820855723,0.20001510521177376,-1.5654038577153766,2,-3.5164617430992617,708.2,5.3,30.9
0.297,0.302,U8,MN8014,24.99000345126587,4.009648817872077,WPG,SSPG,0.1,0.41347249712511747,0.2001784433209175,-1.5706111557702154,7,-3.5259994076720744,702.7,5.3,30.9
0.297,0.302,U8,MN8014,24.99618563113222,4.018887905861333,WPG,SSPG,0.1,0.4093204361370918,0.20117459775848442,-1.5694427423601034,0,-3.531986243486104,713.7,5.4,30.3
0.297,0.302,U8,MN8014,24.995134137341758,4.028834492528684,WPG,SSPG,0.1,0.41598042289737064,0.2000875503161694,-1.567444541079719,4,-3.4983062140308014,689.5,5.2,31.0
0.297,0.302,U8,MN8014,24.99349013104085,4.002219926051474,WPG,SSPG,0.1,0.41195309352336457,0.20001281745918248,-1.5672886620225055,0,-3.5141575096776094,699.8,5.3,31.0
0.297,0.302,U8,MN8014,24.99618247346896,4.0049637042776975,WPG,SSPG,0.1,0.4150928095540123,0.20172627609219262,-1.5336994776356163,5,-3.5145288213340873,694.0,5.4,31.9
0.297,0.302,U8,MN8014,24.990020681929323,4.000000237336005,WPG,SSPG,0.1,0.4091691556709171,0.20090497759331927,-1.5438938361805588,6,-3.507994275049821,710.5,5.4,31.9
0.297,0.302,U8,MN8014,24.998188482999932,4.009602264348979,WPG,SSPG,0.1,0.4148091474463887,0.20067135779279704,-1.5497712879899492,2,-3.5225536074669606,691.1,5.1,30.7
0.297,0.302,U8,MN8014,24.982301622632594,4.04071358702558,WPG,SSPG,0.1,0.4087388626540802,0.20024644578801368,-1.5707783620436437,6,-3.508025697960342,703.6,5.2,29.3
0.297,0.302,U8,MN8014,24.98648693405771,4.0274300351127446,WPG,SSPG,0.1,0.415067355299343,0.20081744836726217,-1.5707300721824087,4,-3.530131838717651,695.9,5.2,29.9
0.297,0.302,U8,MN8014,24.996260800305816,4.0103568125600875,WPG,SSPG,0.1,0.4066070523398003,0.20058499164977087,-1.5707572704477368,0,-3.5128295188388794,701.7,5.3,29.1
0.297,0.302,U8,MN8014,24.998901524753748,4.008070277197177,WPG,SSPG,0.1,0.4053740723181615,0.20000453844184274,-1.570163275523583,2,-3.5167565679926103,702.9,5.2,29.8
0.297,0.302,U8,MN8014,24.99382883321156,4.00035368234615,WPG,SSPG,0.1,0.4054419890273066,0.20104988950193584,-1.5700113024609876,6,-3.515879281101915,709.1,5.3,29.4
0.297,0.302,U8,MN8014,24.999598147411618,4.027558346890567,WPG,SSPG,0.1,0.41126934629832246,0.20045222826012243,-1.5663983323993806,4,-3.51875793010165,692.7,5.2,30.3
0.297,0.302,U8,MN8014,24.998583376300488,4.000006432224364,WPG,SSPG,0.1,0.4112949050044376,0.20094766250856916,-1.5686076229227561,2,-3.515114534588559,698.1,5.4,30.3
0.297,0.302,U8,MN8014,24.995889951224175,4.0462280569379,WPG,SSPG,0.1,0.4080750674127047,0.20021384743197015,-1.5698223740661286,5,-3.5384079209008856,709.9,5.3,30.5
0.297,0.302,U8,MN8014,24.982858811860154,4.031105754993746,WPG,SSPG,0.1,0.41652751261179305,0.20013382715269826,-1.5703159568541027,3,-3.5197766117275098,694.2,5.2,30.8
0.297,0.302,U8,MN8014,24.999897730821132,4.005543835625268,WPG,SSPG,0.1,0.4104074622518599,0.2006603809974442,-1.5698039572709177,6,-3.5290725458544046,706.9,5.3,30.7
0.297,0.302,U8,MN8014,24.99999831898208,4.007410295939958,WPG,SSPG,0.1,0.4107264421117756,0.20025313290462257,-1.5707850140094692,4,-3.523901496057695,722.5,5.2,30.7
0.297,0.302,U8,MN8014,24.999744395334805,4.000121137200871,WPG,SSPG,0.1,0.413517444812884,0.20238218662673163,-1.5677022848916604,7,-3.54385717838683,714.0,5.2,31.6
0.297,0.302,U8,MN8014,24.999730076667895,4.003362043813635,WPG,SSPG,0.1,0.4082156848357701,0.20079610469761397,-1.5606368072458947,0,-3.52503124989237,721.7,5.3,31.7
0.297,0.302,U8,MN8014,24.99115641415207,4.0005079654042826,WPG,SSPG,0.1,0.4074840960354024,0.20121354480956716,-1.568610189808529,5,-3.5373447720887476,726.1,5.2,31.6
0.297,0.302,U8,MN8014,24.989796775262974,4.041063700206958,WPG,SSPG,0.1,0.4080528614343542,0.20003826717927467,-1.569259327715857,2,-3.53854164604906,722.1,5.2,31.5
0.297,0.302,U8,MN8014,24.99477008213521,4.028407438606047,WPG,SSPG,0.1,0.4080877114294473,0.20239211427081888,-1.5633451188704488,0,-3.5353561380277707,725.8,4.9,31.5
0.297,0.302,U8,MN8014,24.969014358580207,4.0317458450877,WPG,SSPG,0.1,0.40971022792031947,0.20378678672784353,-1.5665069468995738,5,-3.5167314820453246,727.7,5.0,31.6
0.297,0.302,U8,MN8014,24.99747989085512,4.015690267815427,WPG,SSPG,0.1,0.4109160375967318,0.20441160228822436,-1.5596051989544668,1,-3.5227481428059146,720.4,5.0,31.5
0.297,0.302,U8,MN8014,24.999999997157193,4.011914969352222,WPG,SSPG,0.1,0.4136552389139332,0.20116822665627945,-1.5609571804051299,4,-3.5297545189246424,703.1,5.1,31.0
0.297,0.302,U8,MN8014,24.99915645010683,4.032896631641881,WPG,SSPG,0.1,0.41506725412455325,0.20105482480101008,-1.5414257639645568,1,-3.5310829520780302,706.4,5.1,31.8
0.297,0.302,U8,MN8014,24.996851066831567,4.0085201441457725,WPG,SSPG,0.1,0.4136408734980289,0.20000858443662756,-1.5567359623558017,2,-3.5294477995251867,704.3,5.1,31.4
0.297,0.302,U8,MN8014,24.995060706347104,4.001224313144129,WPG,SSPG,0.1,0.41001250773043973,0.20037621823417057,-1.5433139723268618,0,-3.530080696804765,720.6,5.2,32.0
0.297,0.302,U8,MN8014,24.99962911597817,4.0027805158834875,WPG,SSPG,0.1,0.41473275230556317,0.20001820567461515,-1.5557611066077157,5,-3.5336246477588826,700.2,5.1,31.8
0.297,0.302,U8,MN8014,24.98740662924348,4.005823310925565,WPG,SSPG,0.1,0.4142358649116177,0.200150341635527,-1.5406605130837903,3,-3.5327382342401474,703.6,5.1,31.8
0.297,0.302,U8,MN8014,24.98796342276917,4.00425028031957,WPG,SSPG,0.1,0.4135755876321997,0.20013587433503394,-1.5332815278106255,3,-3.5342340296474983,699.2,5.2,31.8
0.297,0.302,U8,MN8014,24.999794213349567,4.003609554739103,WPG,SSPG,0.1,0.4150238613082308,0.20001228570709925,-1.518931335031985,6,-3.529119756311191,698.4,5.4,32.2
0.297,0.302,U8,MN8014,24.980778334211088,4.000804931881783,WPG,SSPG,0.1,0.4142877098905188,0.20000226134109939,-1.524817549348371,0,-3.5295465247432425,701.2,5.3,32.3
0.297,0.302,U8,MN8014,24.996632691726983,4.001188755104954,WPG,SSPG,0.1,0.4141145974852282,0.2011889801517645,-1.5321704705416312,3,-3.528818703741347,705.5,5.2,32.3
0.297,0.302,U8,MN8014,24.98435619346762,4.023340511488866,WPG,SSPG,0.1,0.4142218538622376,0.20056272854755447,-1.5362865122486897,0,-3.514975471918383,703.1,5.2,32.5
0.297,0.302,U8,MN8014,24.994323553181253,4.000166225701039,WPG,SSPG,0.1,0.4134799570526355,0.20021685385485505,-1.52631183867363,4,-3.5177217498422166,695.2,5.3,31.9
0.297,0.302,U8,MN8014,24.997180364244254,4.000648462852072,WPG,SSPG,0.1,0.41051364557026804,0.2001585236389753,-1.5258583995779045,4,-3.5133108957475976,710.0,5.2,32.2
0.297,0.302,U8,MN8014,24.988863420866835,4.000148798561877,WPG,SSPG,0.1,0.4145990940578983,0.20005500185877936,-1.5217419077639383,7,-3.5183801337462715,704.7,5.3,32.3
0.297,0.302,U8,MN8014,24.987895195500165,4.000021735667429,WPG,SSPG,0.1,0.41425458157421646,0.20107235833147374,-1.504220852759945,3,-3.5280875091121935,704.9,5.2,32.4
0.297,0.302,U8,MN8014,24.996761018442896,4.0003672635927305,WPG,SSPG,0.1,0.413387838815389,0.20047050380573922,-1.485919884994315,2,-3.528164741070416,711.2,5.3,33.0
0.297,0.302,U8,MN8014,24.998543386485608,4.0000341611631,WPG,SSPG,0.1,0.4145633896410107,0.20042228936940262,-1.5139681917337746,7,-3.537302757958022,705.7,5.4,32.4
0.297,0.302,U8,MN8014,24.998013619291083,4.000790568957236,WPG,SSPG,0.1,0.4111651551611837,0.20030212999792354,-1.5117402755120128,7,-3.522191610199858,714.1,5.3,32.6
0.297,0.302,U8,MN8014,24.99227060652228,4.014952896603233,WPG,SSPG,0.1,0.4147992325401351,0.2018200398435714,-1.4875568535271306,5,-3.5266044053832726,720.8,5.5,33.5
0.297,0.302,U8,MN8014,24.99814075901459,4.000655746129092,WPG,SSPG,0.1,0.41365730464679584,0.2000903890602099,-1.4459105227067268,3,-3.5425385721839326,707.3,5.5,33.3
0.297,0.302,U8,MN8014,24.999367195496877,4.016036179507501,WPG,SSPG,0.1,0.4140825877978247,0.20015049813696398,-1.4924330541134692,0,-3.5393325894026795,712.2,5.5,33.0
0.297,0.302,U8,MN8014,24.99488256394389,4.039628968135861,WPG,SSPG,0.1,0.414598021008155,0.20090529996277925,-1.4732953336170587,3,-3.53362304865038,713.0,5.5,33.3
0.297,0.302,U8,MN8014,24.999780257124662,4.013080517114321,WPG,SSPG,0.1,0.41345396345202334,0.20092271837954653,-1.499592915538402,0,-3.5430291159653766,719.2,5.5,32.9
0.297,0.302,U8,MN8014,24.999486001667467,4.0014733312539,WPG,SSPG,0.1,0.4144755207677424,0.2010108242135345,-1.4743509814041347,2,-3.5322924858341267,712.6,5.4,33.2
0.297,0.302,U8,MN8014,24.990893509361484,4.000246370437035,WPG,SSPG,0.1,0.41392579196956913,0.20224450329055443,-1.499692258025167,0,-3.533547752607797,721.3,5.4,33.2
0.297,0.302,U8,MN8014,24.996855618724478,4.000094491085792,WPG,SSPG,0.1,0.4142691795557169,0.20081610925950272,-1.5130410981022697,2,-3.5380441315407314,714.8,5.4,32.9
0.297,0.302,U8,MN8014,24.999960363306613,4.0025111480709885,WPG,SSPG,0.1,0.4142394763608658,0.20127780703824402,-1.4797645392762298,0,-3.5402028126220912,718.7,5.4,33.2
0.297,0.302,U8,MN8014,24.998712257760836,4.000917767231809,WPG,SSPG,0.1,0.41377174341568085,0.20118981053410426,-1.4731844505946055,3,-3.5426483638220088,716.6,5.5,33.3
0.297,0.302,U8,MN8014,24.998955515148257,4.000695455689931,WPG,SSPG,0.1,0.4151009447375765,0.20114590579158761,-1.4858240937892169,2,-3.5321833154484743,712.5,5.4,33.1
0.297,0.302,U8,MN8014,24.99973097272491,4.005621915222421,WPG,SSPG,0.1,0.41512393270389975,0.20176172293172254,-1.4645829910449932,0,-3.5323276989104215,710.8,5.4,33.3
0.297,0.302,U8,MN8014,24.99494673648217,4.002590958906905,WPG,SSPG,0.1,0.41398241794360313,0.20159460491672362,-1.4708386153787405,7,-3.5402967132833467,710.8,5.5,33.0
0.297,0.302,U8,MN8014,24.99996965113388,4.005361415552244,WPG,SSPG,0.1,0.41453655384153604,0.20240726740551815,-1.4838426771191058,0,-3.5264754348668994,716.7,5.5,33.2
0.297,0.302,U8,MN8014,24.998315970685617,4.009143513368145,WPG,SSPG,0.1,0.4147403689974703,0.20347583977872483,-1.4611863738973851,5,-3.529156440003854,715.4,5.5,33.3
0.297,0.302,U8,MN8014,24.999637914905158,4.001160346534334,WPG,SSPG,0.1,0.413610357319271,0.20187713088336048,-1.4830651167847828,6,-3.537480701030871,713.4,5.4,33.0
0.297,0.302,U8,MN8014,24.99973510662806,4.000083648214296,WPG,SSPG,0.1,0.4145222859271348,0.20277131635763962,-1.4729550925843773,4,-3.534453153377907,719.1,5.5,33.2
0.297,0.302,U8,MN8014,24.999999451496112,4.007822301315768,WPG,SSPG,0.1,0.41443467841779835,0.2029252143732696,-1.4879763329263944,0,-3.5354140986574993,717.9,5.4,33.1
0.297,0.302,U8,MN8014,24.999899638985273,4.011284966932386,WPG,SSPG,0.1,0.41454589022777244,0.2031813742913886,-1.4865783392085392,3,-3.5369456028910893,717.5,5.4,33.2
0.297,0.302,U8,MN8014,24.99757999284696,4.0135321579700705,WPG,SSPG,0.1,0.4138093991769256,0.20253946548223944,-1.4901461775364944,5,-3.5383022401060913,719.5,5.4,33.2
0.297,0.302,U8,MN8014,24.99997983279004,4.014114663780049,WPG,SSPG,0.1,0.4138080029179662,0.20261018324802196,-1.4870622508650315,3,-3.5335864354711504,719.3,5.4,33.1
0.297,0.302,U8,MN8014,24.999437228765245,4.00947352269566,WPG,SSPG,0.1,0.41338774325482797,0.2031023647947065,-1.4792868163167059,3,-3.5404406643843274,719.9,5.4,33.1
0.297,0.302,U8,MN8014,24.997590038869042,4.012184036770087,WPG,SSPG,0.1,0.4134265398745068,0.20442940038427448,-1.4830711813954145,7,-3.546403067509562,724.5,5.4,33.2
0.297,0.302,U8,MN8014,24.998956245725473,4.017618967535684,WPG,SSPG,0.1,0.41342128469235945,0.20329976628881938,-1.4788570528973484,3,-3.534372332592529,722.0,5.4,33.2
0.297,0.302,U8,MN8014,24.99825781757995,4.02403462332674,WPG,SSPG,0.1,0.41407661061534273,0.20489167051713966,-1.4685602523328496,4,-3.5392782560869396,723.8,5.4,33.4
0.297,0.302,U8,MN8014,24.999315743913247,4.032987856505886,WPG,SSPG,0.1,0.41395013894464927,0.2038873379513728,-1.4825846585389557,4,-3.5434665247640407,725.3,5.4,33.3
0.297,0.302,U8,MN8014,24.999997097218213,4.028818190959906,WPG,SSPG,0.1,0.41354908453202416,0.20431440267079296,-1.4559823498467699,1,-3.536446590910188,724.9,5.4,33.6
0.297,0.302,U8,MN8014,24.99995532614433,4.024097228498844,WPG,SSPG,0.1,0.41387388766986133,0.2018931137384928,-1.463766324412936,4,-3.5410914843829353,721.6,5.5,33.5
0.297,0.302,U8,MN8014,24.99998990455363,4.013292304451596,WPG,SSPG,0.1,0.41380158848067405,0.20198543640752922,-1.4655595728989648,5,-3.5413532694260716,722.7,5.5,33.5
0.297,0.302,U8,MN8014,24.999880681791616,4.033655860423252,WPG,SSPG,0.1,0.4141187217251104,0.20295364182087292,-1.4684104309110624,2,-3.538882336938949,721.1,5.5,33.3
0.297,0.302,U8,MN8014,24.999956581713768,4.040734374048208,WPG,SSPG,0.1,0.41371434005941554,0.20272532839539623,-1.481663049191047,2,-3.533197411250132,724.5,5.4,33.3
0.297,0.302,U8,MN8014,24.999666238167016,4.039395777121107,WPG,SSPG,0.1,0.4139416265276601,0.2042227417133471,-1.4775976311873138,1,-3.5419553891474553,725.0,5.4,33.3
0.297,0.302,U8,MN8014,24.999979384705075,4.038417575339159,WPG,SSPG,0.1,0.4137739461496036,0.2035067210236027,-1.4661863567671802,0,-3.5451960715878332,723.0,5.5,33.4
0.297,0.302,U8,MN8014,24.999840724409452,4.045995398950324,WPG,SSPG,0.1,0.4138965606614854,0.20349868920485867,-1.4651304221645556,6,-3.54203806610235,723.8,5.4,33.4
0.297,0.302,U8,MN8014,24.999951800457975,4.0311046359479645,WPG,SSPG,0.1,0.41402876931364274,0.2033424400597766,-1.4743188830455147,4,-3.538249329836132,724.0,5.5,33.5
0.297,0.302,U8,MN8014,24.999775746968123,4.025384314387411,WPG,SSPG,0.1,0.4138385894918791,0.20338287396341465,-1.469114515622484,2,-3.5422642984581536,721.6,5.4,33.4
0.297,0.302,U8,MN8014,24.999974785454622,4.028391951131297,WPG,SSPG,0.1,0.4138205928237583,0.20360900021357492,-1.4708505330036576,2,-3.5423044881222374,722.9,5.4,33.4
0.297,0.302,U8,MN8014,24.999211201112686,4.023606561583603,WPG,SSPG,0.1,0.4137040889691359,0.20403516435286548,-1.462082889169195,0,-3.5440101201498067,723.3,5.5,33.6
0.297,0.302,U8,MN8014,24.99989959195575,4.018525219501348,WPG,SSPG,0.1,0.41380905853192995,0.20329824847050784,-1.4751390956931874,3,-3.544451024115812,724.5,5.4,33.5
0.297,0.302,U8,MN8014,24.999473763916605,4.012141881036808,WPG,SSPG,0.1,0.4142181254268126,0.2035545665028379,-1.474869969285993,0,-3.5359227656020327,724.2,5.5,33.5
0.297,0.302,U8,MN8014,24.999418752155165,4.0242674564727,WPG,SSPG,0.1,0.4141934196467177,0.20382651707312585,-1.481872845264812,7,-3.534518621256126,725.7,5.5,33.5
0.297,0.302,U8,MN8014,24.99978501665086,4.033481498858878,WPG,SSPG,0.1,0.41438428728312376,0.2039137700546604,-1.4735364518882743,6,-3.5330265984918405,725.8,5.5,33.6
0.297,0.302,U8,MN8014,24.999822791861693,4.027022554563297,WPG,SSPG,0.1,0.4141747678193802,0.20395007092439207,-1.4766257951190316,4,-3.539473586881673,725.7,5.5,33.6
0.297,0.302,U8,MN8014,24.9995797155399,4.046419125630247,WPG,SSPG,0.1,0.41449885456057195,0.2037967672741131,-1.4689562077525695,3,-3.536857379135446,725.0,5.5,33.6
0.297,0.302,U8,MN8014,24.99997601517675,4.033188572392228,WPG,SSPG,0.1,0.41451682562750314,0.2039120073100805,-1.4807110942645483,4,-3.5372753166902573,727.0,5.4,33.6
0.297,0.302,U8,MN8014,24.99998430658618,4.039196303888811,WPG,SSPG,0.1,0.41444815837082266,0.20527437113345387,-1.4806351771115236,5,-3.53588757881999,728.4,5.4,33.6
0.297,0.302,U8,MN8014,24.999972121973276,4.041770347460205,WPG,SSPG,0.1,0.41412672336611217,0.20453922965322002,-1.474567864176995,0,-3.5321939074946176,730.6,5.5,33.7
0.297,0.302,U8,MN8014,24.998575612130136,4.046824216142149,WPG,SSPG,0.1,0.413884529573194,0.20386746148999033,-1.4754084010638857,4,-3.541450179181373,729.2,5.5,33.7
0.297,0.302,U8,MN8014,24.998048692819015,4.0338649530322535,WPG,SSPG,0.1,0.4136458788880863,0.20388298023340048,-1.4780254913945439,2,-3.5377835467108945,729.6,5.5,33.7
0.297,0.302,U8,MN8014,24.998551217214008,4.039060266879974,WPG,SSPG,0.1,0.41380988278732656,0.20393288546541347,-1.473514006264651,4,-3.542576709762754,727.7,5.5,33.6
0.297,0.302,U8,MN8014,24.99838404909067,4.041730575626879,WPG,SSPG,0.1,0.4135046144057202,0.20395025934423272,-1.468123770182276,1,-3.542248802878831,728.8,5.5,33.7
0.297,0.302,U8,MN8014,24.998747938814773,4.0439201874501345,WPG,SSPG,0.1,0.413724051724911,0.20360047576876653,-1.4722403671272075,6,-3.5417282138023065,726.5,5.4,33.6
0.297,0.302,U8,MN8014,24.999217541336314,4.035659758990489,WPG,SSPG,0.1,0.41368779326313604,0.20288533753620233,-1.4828950931864742,1,-3.544839736232138,724.6,5.4,33.4
0.297,0.302,U8,MN8014,24.996055100371414,4.036984318539622,WPG,SSPG,0.1,0.4137163592058749,0.20352783542570735,-1.4790764571389983,7,-3.543945743538721,725.4,5.5,33.5
0.297,0.302,U8,MN8014,24.999133399186018,4.042040725201503,WPG,SSPG,0.1,0.4136000688417322,0.20417379416637643,-1.4656670223931196,6,-3.539945300363721,728.5,5.5,33.7
0.297,0.302,U8,MN8014,24.99736899571607,4.046707971460624,WPG,SSPG,0.1,0.41343100697547286,0.20358342270862334,-1.4810113468132502,3,-3.542949836587754,729.0,5.5,33.5
0.297,0.302,U8,MN8014,24.997341541951222,4.037204639774638,WPG,SSPG,0.1,0.4134121552650403,0.2032800497629987,-1.469886622379106,4,-3.5393137255661404,728.0,5.5,33.6
0.297,0.302,U8,MN8014,24.995843833213137,4.033214526861747,WPG,SSPG,0.1,0.41341939803573635,0.2035688470627899,-1.4761177263358054,6,-3.546943357157785,725.7,5.5,33.5
0.297,0.302,U8,MN8014,24.998308464244275,4.033249161236328,WPG,SSPG,0.1,0.4136740299186059,0.20363370678934,-1.4722796746509608,0,-3.5400596157047914,725.7,5.5,33.5
0.297,0.302,U8,MN8014,24.997179700849507,4.022952786185213,WPG,SSPG,0.1,0.41363405937621744,0.20312256958337502,-1.477424146352952,3,-3.537865331510785,722.9,5.5,33.4
0.297,0.302,U8,MN8014,24.997134008837794,4.042869861264455,WPG,SSPG,0.1,0.41371063387731255,0.20336976607883436,-1.471493180515958,1,-3.543535749785237,724.3,5.5,33.5
0.297,0.302,U8,MN8014,24.997323980637592,4.045460166938937,WPG,SSPG,0.1,0.41349032536985864,0.20318120335156808,-1.4688053878254994,5,-3.5466623791542276,725.0,5.5,33.6
0.297,0.302,U8,MN8014,24.997373825585665,4.042408039235715,WPG,SSPG,0.1,0.4134791295968264,0.20293474789782795,-1.4731532770167068,3,-3.542434167967645,725.8,5.5,33.6
0.297,0.302,U8,MN8014,24.997915933768827,4.046299683231965,WPG,SSPG,0.1,0.4136752988338637,0.20355237062080891,-1.4763515956064828,3,-3.5456981271866272,724.7,5.5,33.5
0.297,0.302,U8,MN8014,24.997388043657512,4.038043237446178,WPG,SSPG,0.1,0.41364999725423957,0.20320466265455162,-1.4729313858262472,3,-3.543413211327696,724.2,5.5,33.6
0.297,0.302,U8,MN8014,24.996095367704058,4.0343729526437695,WPG,SSPG,0.1,0.4134294761147809,0.20316906772538268,-1.4769121616539236,0,-3.540260825265081,725.0,5.5,33.5
0.297,0.302,U8,MN8014,24.997650467369773,4.034507698767577,WPG,SSPG,0.1,0.4135199936523877,0.20286521280038824,-1.476602878391878,6,-3.546330429896713,723.2,5.5,33.5
0.297,0.302,U8,MN8014,24.99828809965693,4.044661462271055,WPG,SSPG,0.1,0.41371818362893387,0.20302671651078824,-1.4758291002693473,1,-3.538574509656584,723.1,5.5,33.5
0.297,0.302,U8,MN8014,24.99946595548166,4.039799644288436,WPG,SSPG,0.1,0.41353784182139114,0.20285425176156588,-1.47291198833661,1,-3.5409706023529104,723.9,5.5,33.5
0.297,0.302,U8,MN8014,24.999118037970145,4.048104035771481,WPG,SSPG,0.1,0.41355237385157106,0.20320054413278185,-1.4692418889190952,7,-3.5418751939139366,723.8,5.5,33.5
0.297,0.302,U8,MN8014,24.999365697741315,4.0471042669863815,WPG,SSPG,0.1,0.41341265372864244,0.20311891568767285,-1.4696570940692248,1,-3.5414149069823324,724.0,5.5,33.6
0.297,0.302,U8,MN8014,24.99939154815954,4.041764729045335,WPG,SSPG,0.1,0.4133909424720418,0.20315247076243376,-1.4701963509386282,0,-3.546987162056878,724.3,5.5,33.5
0.297,0.302,U8,MN8014,24.999942504941696,4.036120129321998,WPG,SSPG,0.1,0.41336276595495813,0.20293872523970236,-1.4717929604670257,1,-3.5464606815952155,722.7,5.4,33.4
0.297,0.302,U8,MN8014,24.99996918439558,4.041304547086354,WPG,SSPG,0.1,0.41355084539945464,0.20356029533051917,-1.475243236199546,6,-3.5416434387346776,725.1,5.5,33.5
0.297,0.302,U8,MN8014,24.999757820555324,4.044708851282279,WPG,SSPG,0.1,0.4136385798995686,0.20333758144961883,-1.4729506435074318,7,-3.5443143902437715,723.2,5.5,33.5
0.297,0.302,U8,MN8014,24.999877764640676,4.03733156206271,WPG,SSPG,0.1,0.41353674887628544,0.20310738791219934,-1.4754034801839155,1,-3.5384647379729106,722.3,5.5,33.5
0.297,0.302,U8,MN8014,24.99994763907898,4.035436460280479,WPG,SSPG,0.1,0.4136258655136479,0.20321648543795454,-1.480256884721694,7,-3.544326016753029,723.5,5.4,33.4
0.297,0.302,U8,MN8014,24.999998009362365,4.0356140370200615,WPG,SSPG,0.1,0.41360815256315675,0.20380456101575975,-1.4801462624874009,3,-3.545240852414434,723.7,5.4,33.4
0.297,0.302,U8,MN8014,24.999919924749655,4.0374306396755575,WPG,SSPG,0.1,0.4133433627884202,0.20372539708801118,-1.4806123807421905,3,-3.5423372492338423,725.0,5.5,33.4
0.297,0.302,U8,MN8014,24.999964613646295,4.042254972315312,WPG,SSPG,0.1,0.4134433601365084,0.20387749504484054,-1.481426385334745,3,-3.5468504711149986,724.9,5.4,33.4
0.297,0.302,U8,MN8014,24.999923151218674,4.043258229982271,WPG,SSPG,0.1,0.41336844923219573,0.20397818146532515,-1.4788094319077039,3,-3.5477229837196553,724.7,5.4,33.4
0.297,0.302,U8,MN8014,24.9999859972156,4.038029007892256,WPG,SSPG,0.1,0.41346574702568595,0.20365103757788292,-1.4770465041021044,4,-3.5457674419159133,723.0,5.5,33.4
0.297,0.302,U8,MN8014,24.999956078202793,4.037514505242368,WPG,SSPG,0.1,0.4134160965256195,0.20353914770243792,-1.4816386987890748,3,-3.546817297243596,724.0,5.4,33.4
0.297,0.302,U8,MN8014,24.999545618958518,4.0391423955772945,WPG,SSPG,0.1,0.4134436160565339,0.20324931243713307,-1.4752607684031753,7,-3.5465805791915948,722.9,5.5,33.4
0.297,0.302,U8,MN8014,24.999898192714834,4.0406095327783955,WPG,SSPG,0.1,0.41348433759422665,0.20331239217878436,-1.477110343487916,0,-3.5469492624482672,723.3,5.4,33.4
0.297,0.302,U8,MN8014,24.999937872370758,4.04138648942757,WPG,SSPG,0.1,0.4134040763839117,0.20341430448843875,-1.4760267081452165,4,-3.547469945652665,723.6,5.4,33.4
0.297,0.302,U8,MN8014,24.99994383722376,4.045803030854252,WPG,SSPG,0.1,0.41338786853318144,0.20328199955810394,-1.4741371229378069,4,-3.5419420760034708,723.0,5.4,33.4
0.297,0.302,U8,MN8014,24.999989569895195,4.049998952477937,WPG,SSPG,0.1,0.41340776689625935,0.20324556579680625,-1.4773002082711826,5,-3.54268473119833,723.7,5.4,33.4
0.297,0.302,U8,MN8014,24.999972364963117,4.041653626230015,WPG,SSPG,0.1,0.41344720088336445,0.2035994798368644,-1.4802399185104438,0,-3.545898973422524,723.7,5.4,33.4
0.297,0.302,U8,MN8014,24.999998257811807,4.0437470316962125,WPG,SSPG,0.1,0.4133675347976939,0.20366564793690659,-1.4803433139660926,3,-3.5470890031010462,724.2,5.4,33.4
0.297,0.302,U8,MN8014,24.999935677038863,4.0395951956729315,WPG,SSPG,0.1,0.4133558890748408,0.2036919340402965,-1.4823282326977434,4,-3.547648818652384,723.5,5.4,33.3
0.297,0.302,U8,MN8014,24.99998059848954,4.03687392344156,WPG,SSPG,0.1,0.41337545652537094,0.20356369513718714,-1.4791497879552,0,-3.545135792478659,723.6,5.4,33.4
0.297,0.302,U8,MN8014,24.9997829399722,4.036969189863269,WPG,SSPG,0.1,0.4134953066773929,0.20346929203089026,-1.4717825110386307,6,-3.5464216423519765,722.2,5.4,33.4
0.297,0.302,U8,MN8014,24.999987800082643,4.039989903043851,WPG,SSPG,0.1,0.41340490163418714,0.20357044214159176,-1.4727655901105918,2,-3.5478396854691603,723.1,5.4,33.4
0.297,0.302,U8,MN8014,24.999903844823752,4.034475010359125,WPG,SSPG,0.1,0.41338985346893264,0.203546123397757,-1.479515894536655,7,-3.541565960987125,723.8,5.4,33.4
0.297,0.302,U8,MN8014,24.99992409667847,4.036773261415075,WPG,SSPG,0.1,0.41353282503407546,0.204002771639299,-1.4808242582694668,5,-3.546154368254877,723.4,5.4,33.3
0.297,0.302,U8,MN8014,24.999735672916856,4.035028057482044,WPG,SSPG,0.1,0.41342468683215866,0.20367020352846688,-1.4799774271858215,6,-3.5466583948627726,723.9,5.4,33.4
0.297,0.302,U8,MN8014,24.99934675030994,4.0319266822483355,WPG,SSPG,0.1,0.4134036804526797,0.20380806493453704,-1.479933475854484,6,-3.545848253185259,722.8,5.4,33.4
0.297,0.302,U8,MN8014,24.999200598992488,4.032887712526204,WPG,SSPG,0.1,0.41340353466558205,0.203818107641957,-1.4763847428183134,3,-3.545838192316081,723.6,5.5,33.4
0.297,0.302,U8,MN8014,24.999188900209067,4.031656938293506,WPG,SSPG,0.1,0.4134021504507252,0.20377607472427256,-1.4743669726840414,1,-3.5470736001490533,722.8,5.5,33.4
0.297,0.302,U8,MN8014,24.999628441440063,4.031931537871746,WPG,SSPG,0.1,0.4133474797637884,0.20376859256669402,-1.4816285306470158,2,-3.534763046779469,724.2,5.5,33.4
0.297,0.302,U8,MN8014,24.9994545111725,4.034017225883368,WPG,SSPG,0.1,0.41342727916888194,0.20351296108115702,-1.4782155867929774,7,-3.545367903280214,723.1,5.5,33.4
0.297,0.302,U8,MN8014,24.99992221328714,4.036872017481628,WPG,SSPG,0.1,0.41336721001300814,0.20346574724284827,-1.483914915697222,0,-3.5407706609032985,723.6,5.4,33.3
0.297,0.302,U8,MN8014,24.999705028244477,4.035720002611248,WPG,SSPG,0.1,0.41343739842014116,0.20342023496936815,-1.478639515480242,1,-3.5416273563833904,723.1,5.5,33.4
0.297,0.302,U8,MN8014,24.999739580333195,4.032558494164022,WPG,SSPG,0.1,0.4133746287438198,0.2034528298909443,-1.4792115389285765,6,-3.547399140652818,723.3,5.5,33.4
0.297,0.302,U8,MN8014,24.999961812203793,4.036093888238908,WPG,SSPG,0.1,0.4133881265344884,0.20366892514590196,-1.4834944762625812,7,-3.5448622761244852,723.8,5.4,33.3
0.297,0.302,U8,MN8014,24.999902430401697,4.036190661033085,WPG,SSPG,0.1,0.41349530547327507,0.20352679623863895,-1.4788097798817128,7,-3.537993931429183,723.3,5.4,33.4
0.297,0.302,U8,MN8014,24.999830198121504,4.036269764237782,WPG,SSPG,0.1,0.4134382476778705,0.20360345630032506,-1.4808295021715447,6,-3.5446349473249317,724.0,5.4,33.4
0.297,0.302,U8,MN8014,24.999768698121862,4.0348273203213045,WPG,SSPG,0.1,0.4134878603622925,0.2038337901648291,-1.4796763792762497,1,-3.544401762313777,724.2,5.4,33.4
0.297,0.302,U8,MN8014,24.999919297173886,4.036293681552861,WPG,SSPG,0.1,0.4134658794714354,0.20349710277039534,-1.4821770321763754,1,-3.5454704281779996,723.9,5.4,33.4
0.297,0.302,U8,MN8014,24.999858237080478,4.036933358858162,WPG,SSPG,0.1,0.41344938412128784,0.20355753569218962,-1.4801486210617163,7,-3.541232915343377,723.8,5.4,33.4
0.297,0.302,U8,MN8014,24.999528168034036,4.034146528740753,WPG,SSPG,0.1,0.413423312619955,0.20359778525125283,-1.4794198613482024,6,-3.540884531624629,724.0,5.5,33.4
0.297,0.302,U8,MN8014,24.999502188768293,4.033385396681334,WPG,SSPG,0.1,0.41341211679740736,0.20354172891962488,-1.4787090179636984,3,-3.540127275778989,723.7,5.5,33.4
0.297,0.302,U8,MN8014,24.999105830673543,4.031270364998789,WPG,SSPG,0.1,0.41337472887637633,0.20365954666829064,-1.4776021592214887,1,-3.547205972466429,723.5,5.5,33.4
0.297,0.302,U8,MN8014,24.99943050136701,4.032083323024401,WPG,SSPG,0.1,0.41344159351853615,0.20373410487784652,-1.478684070619838,3,-3.5450906037856225,723.9,5.5,33.4
0.297,0.302,U8,MN8014,24.999053702349048,4.031449398741757,WPG,SSPG,0.1,0.4134490810146273,0.2036540597524258,-1.477976102141306,4,-3.545275039425526,723.4,5.5,33.4
0.297,0.302,U8,MN8014,24.99900804013904,4.032278787940418,WPG,SSPG,0.1,0.4134668225880113,0.20368912126412375,-1.4787149831329132,7,-3.546311710663156,723.6,5.5,33.4
0.297,0.302,U8,MN8014,24.999110240579007,4.030743959614525,WPG,SSPG,0.1,0.41345834163023665,0.20346230036198112,-1.478919093767755,0,-3.5458433147661363,723.0,5.5,33.4
0.297,0.302,U8,MN8014,24.99922194588604,4.032322094989537,WPG,SSPG,0.1,0.4133909016111192,0.20336145632389058,-1.479258204364627,7,-3.5468117073386143,723.0,5.5,33.4
0.297,0.302,U8,MN8014,24.99927959028239,4.03127625111914,WPG,SSPG,0.1,0.41343179179489253,0.20345441142746593,-1.4785255327656546,3,-3.5382276574580516,723.4,5.5,33.4
0.297,0.302,U8,MN8014,24.999524831646863,4.032086006071276,WPG,SSPG,0.1,0.41342285362590425,0.20347128943599935,-1.4823111984505017,4,-3.541935756104383,724.4,5.5,33.4
0.297,0.302,U8,MN8014,24.99896586137143,4.029310041945323,WPG,SSPG,0.1,0.4133927674923845,0.2034013035543298,-1.4816021715094871,6,-3.54717439853305,723.8,5.5,33.4
0.297,0.302,U8,MN8014,24.99902153048159,4.030009101856475,WPG,SSPG,0.1,0.41341352161849704,0.2034878473393879,-1.4800605902840989,4,-3.545954770219014,723.6,5.5,33.4
0.297,0.302,U8,MN8014,24.99896066402554,4.026559690348503,WPG,SSPG,0.1,0.4134190628702149,0.2035342047573627,-1.4813757074043226,1,-3.5446844550481096,722.8,5.5,33.3
0.297,0.302,U8,MN8014,24.99859979134033,4.028959132665541,WPG,SSPG,0.1,0.4134694475548738,0.20372566845332607,-1.4805602397294564,2,-3.5458268775337523,722.9,5.5,33.3
0.297,0.302,U8,MN8014,24.999012812972197,4.029558309395921,WPG,SSPG,0.1,0.4135313933243978,0.2037616930336214,-1.480638789818419,3,-3.5436590130443353,722.9,5.5,33.3
0.297,0.302,U8,MN8014,24.99881503830038,4.030390042074029,WPG,SSPG,0.1,0.4135591704763598,0.2037462841457939,-1.4811881620307623,5,-3.5424459362341345,722.7,5.5,33.4
0.297,0.302,U8,MN8014,24.99873352587023,4.029075139395604,WPG,SSPG,0.1,0.41352337770642766,0.2036066747793835,-1.480409157267666,3,-3.5397792646573194,722.6,5.5,33.3
0.297,0.302,U8,MN8014,24.9987061119873,4.03056780200279,WPG,SSPG,0.1,0.4135351602738373,0.20367023342910415,-1.4803004518913243,4,-3.5453893571904462,722.4,5.5,33.3
0.297,0.302,U8,MN8014,24.999012825500465,4.030652624600642,WPG,SSPG,0.1,0.4135672970364624,0.20367860825742704,-1.4797940590160326,6,-3.5425749592057922,722.3,5.5,33.3
0.297,0.302,U8,MN8014,24.998947474252606,4.03248188876956,WPG,SSPG,0.1,0.4135451499461858,0.2035491312391043,-1.476324039863696,3,-3.5432232324461683,722.3,5.5,33.4
0.297,0.302,U8,MN8014,24.998954247933565,4.030648013302246,WPG,SSPG,0.1,0.413522854893089,0.20354955832666763,-1.4781655679504917,7,-3.5439364370045343,722.9,5.5,33.4
0.297,0.302,U8,MN8014,24.999289619170952,4.032413973013536,WPG,SSPG,0.1,0.41361022240712497,0.20362647781368695,-1.479005467029189,3,-3.5444504512944803,723.0,5.5,33.4
0.297,0.302,U8,MN8014,24.998694557116718,4.0302062792011775,WPG,SSPG,0.1,0.413525494139883,0.20351657205941054,-1.4789889268067535,2,-3.54278794884517,723.1,5.5,33.4
0.297,0.302,U8,MN8014,24.99886459137269,4.030718932306205,WPG,SSPG,0.1,0.4135025764446035,0.20353809896530342,-1.4785874569672666,2,-3.5434836270931775,723.1,5.5,33.4
0.297,0.302,U8,MN8014,24.99837618263946,4.030878855744084,WPG,SSPG,0.1,0.4135277139240547,0.20366312634788822,-1.4786782637045373,7,-3.5440026669559224,723.4,5.5,33.4
0.297,0.302,U8,MN8014,24.998896331372226,4.033192318846346,WPG,SSPG,0.1,0.4135651816850553,0.2036325913358202,-1.478977732967079,7,-3.5462515643640913,723.1,5.5,33.4
0.297,0.302,U8,MN8014,24.998848227950194,4.034133405349645,WPG,SSPG,0.1,0.41356935813679263,0.20363733555056246,-1.4778920551313397,2,-3.5458244686750913,722.8,5.5,33.4
0.297,0.302,U8,MN8014,24.99854191367468,4.034450300021243,WPG,SSPG,0.1,0.41354106909868243,0.20350613180183466,-1.4781076796582364,7,-3.541800722922467,722.8,5.5,33.4
0.297,0.302,U8,MN8014,24.998455659293715,4.031715224942925,WPG,SSPG,0.1,0.41353354121839314,0.20381156015385174,-1.4809053502628986,7,-3.53957835031577,723.1,5.5,33.4
0.297,0.302,U8,MN8014,24.99838943253037,4.03019983469497,WPG,SSPG,0.1,0.4135543889462207,0.20381816627780505,-1.4814443220292897,2,-3.5460212964255646,723.1,5.5,33.3
0.297,0.302,U8,MN8014,24.998506155921497,4.032867613475864,WPG,SSPG,0.1,0.41353076278058504,0.20370929231383803,-1.4804047601433437,7,-3.544981655952931,722.6,5.5,33.3
0.297,0.302,U8,MN8014,24.998159227202137,4.0302485700188635,WPG,SSPG,0.1,0.4135713127768328,0.20368205103593656,-1.4801320371522422,3,-3.541464771273011,722.2,5.5,33.4
0.297,0.302,U8,MN8014,24.99759884585806,4.029403195210654,WPG,SSPG,0.1,0.41346363478148496,0.20362045704837103,-1.4782873871656428,7,-3.541596993980539,721.9,5.5,33.4
0.297,0.302,U8,MN8014,24.997420577130693,4.02878667386222,WPG,SSPG,0.1,0.413473463524381,0.20375530263626607,-1.4830585888753884,7,-3.5419361046577578,722.3,5.5,33.3
0.297,0.302,U8,MN8014,24.996526103872444,4.030249677735804,WPG,SSPG,0.1,0.4134046897045276,0.20369592404664794,-1.4844304444185372,3,-3.5457202500684115,722.6,5.5,33.3
0.297,0.302,U8,MN8014,24.997002243996622,4.027272748420048,WPG,SSPG,0.1,0.4134725763364737,0.20383929354892286,-1.4838154538140236,3,-3.5454619121505004,722.6,5.5,33.3
0.297,0.302,U8,MN8014,24.996616464230204,4.029155241515172,WPG,SSPG,0.1,0.4133473528978764,0.2036912025626088,-1.4831991398095894,0,-3.5449085780348177,722.5,5.5,33.3
0.297,0.302,U8,MN8014,24.998188043497098,4.029092323792643,WPG,SSPG,0.1,0.4133891063675685,0.20394747470104535,-1.4880099375057947,6,-3.544375628335084,722.9,5.5,33.3
0.297,0.302,U8,MN8014,24.998192237388405,4.028501301190296,WPG,SSPG,0.1,0.41336702430022565,0.20355047211420593,-1.4847107228338832,2,-3.5465147541787214,722.3,5.5,33.3
0.297,0.302,U8,MN8014,24.997240321008896,4.026945883608994,WPG,SSPG,0.1,0.4134086388135846,0.20357404241552848,-1.482295713243173,3,-3.541376153485757,721.8,5.5,33.3
0.297,0.302,U8,MN8014,24.997323477565438,4.034155149600658,WPG,SSPG,0.1,0.41339439654146776,0.20356833949583514,-1.4807657463446269,6,-3.5444108385893287,722.6,5.5,33.4
0.297,0.302,U8,MN8014,24.997689529104992,4.033079439420458,WPG,SSPG,0.1,0.41344511826774677,0.20370752704158315,-1.4806049925742206,2,-3.5457875545029776,722.7,5.5,33.4
0.297,0.302,U8,MN8014,24.9982096687157,4.0313828884309855,WPG,SSPG,0.1,0.4135008946181912,0.20385716919527186,-1.4831287541024993,6,-3.543973404667165,722.4,5.5,33.3
0.297,0.302,U8,MN8014,24.998639637542823,4.031199701664683,WPG,SSPG,0.1,0.4134061670631627,0.20380924870958034,-1.4866380935041945,4,-3.54522889110833,723.6,5.5,33.3
0.297,0.302,U8,MN8014,24.99823449755018,4.030495324153853,WPG,SSPG,0.1,0.4134369046321435,0.2038216062832928,-1.4853586040154572,3,-3.5424507435582644,723.3,5.5,33.3
0.297,0.302,U8,MN8014,24.996476170335,4.032210401895824,WPG,SSPG,0.1,0.4134855419409125,0.2040171887369444,-1.4826670821132524,0,-3.5451233239203432,722.8,5.5,33.3
0.297,0.302,U8,MN8014,24.997399051609147,4.033329336378419,WPG,SSPG,0.1,0.41342594609085953,0.20375790826749554,-1.4846970427631876,7,-3.5452498742785483,722.8,5.5,33.3
0.297,0.302,U8,MN8014,24.99736940081371,4.034186918422434,WPG,SSPG,0.1,0.4134372363395849,0.2035976662639184,-1.4819882198248753,4,-3.533792859446267,722.1,5.5,33.3
0.297,0.302,U8,MN8014,24.99708028891628,4.034738337721515,WPG,SSPG,0.1,0.41339195044111765,0.2035024255410311,-1.4833782204266663,5,-3.544112027357972,723.2,5.5,33.4
0.297,0.302,U8,MN8014,24.997216220561047,4.031823658570873,WPG,SSPG,0.1,0.4134441374348306,0.20377724963018626,-1.4826134248708704,2,-3.5395338254056927,722.5,5.5,33.3
0.297,0.302,U8,MN8014,24.997083531530123,4.034595102626106,WPG,SSPG,0.1,0.41340031687000317,0.20364272707101588,-1.4841256491467152,1,-3.5464442435368078,723.7,5.5,33.4
0.297,0.302,U8,MN8014,24.99739316625221,4.0361915945780495,WPG,SSPG,0.1,0.41342553903709073,0.2035814359470571,-1.4833976441224057,5,-3.542603910100075,723.4,5.5,33.4
0.297,0.302,U8,MN8014,24.99800492524945,4.036510416169958,WPG,SSPG,0.1,0.4133897759323326,0.20355037407092352,-1.485443013967609,6,-3.54514158054241,723.9,5.5,33.4
0.297,0.302,U8,MN8014,24.998811010749943,4.0388960751015075,WPG,SSPG,0.1,0.41343979815223775,0.20342208398211217,-1.4835541378428032,2,-3.5435809500266817,722.8,5.5,33.4
0.297,0.302,U8,MN8014,24.997974004029064,4.035827470416479,WPG,SSPG,0.1,0.4133935289469971,0.20342309775747977,-1.484782749926617,3,-3.5396456752354215,723.6,5.5,33.4
0.297,0.302,U8,MN8014,24.99832464634166,4.0370952158643485,WPG,SSPG,0.1,0.4133835369847332,0.20332868079076816,-1.4848336437294105,0,-3.540513303963298,723.3,5.5,33.4
0.297,0.302,U8,MN8014,24.99740777199012,4.035068722571599,WPG,SSPG,0.1,0.41337093789072993,0.20342496778448604,-1.4810163117296715,6,-3.546398175678588,722.2,5.5,33.4
0.297,0.302,U8,MN8014,24.997631130501315,4.033170348502828,WPG,SSPG,0.1,0.4133472177789718,0.20341562167775692,-1.4812247939954686,1,-3.5416263919550133,722.6,5.5,33.4
0.297,0.302,U8,MN8014,24.997801666174382,4.037032909662247,WPG,SSPG,0.1,0.4133427990388772,0.2032128979969364,-1.4812593764007858,1,-3.544129859963066,723.5,5.5,33.4
0.297,0.302,U8,MN8014,24.997846488570232,4.039095454802418,WPG,SSPG,0.1,0.4133447724821274,0.20285069002372608,-1.4818094524352765,2,-3.5372451499669033,722.9,5.5,33.4
0.297,0.302,U8,MN8014,24.997662085703066,4.038835449169032,WPG,SSPG,0.1,0.4133558172175932,0.20306152926434035,-1.482392944438799,4,-3.542483194857711,723.4,5.5,33.4
0.297,0.302,U8,MN8014,24.997493771311696,4.0346596445807075,WPG,SSPG,0.1,0.4133937478022838,0.203172436737986,-1.4837411107296512,5,-3.5396908515173333,722.5,5.5,33.4
0.297,0.302,U8,MN8014,24.99731447355364,4.037404068233076,WPG,SSPG,0.1,0.41341739613032374,0.20329730721846376,-1.4867070027761249,3,-3.544638518657555,723.4,5.5,33.4
0.297,0.302,U8,MN8014,24.998170198963514,4.036560925192537,WPG,SSPG,0.1,0.41338015376454484,0.20327289171957677,-1.4847473659764512,1,-3.5459769366725045,722.8,5.5,33.4
0.297,0.302,U8,MN8014,24.99838120523239,4.037361233782114,WPG,SSPG,0.1,0.41336793854141074,0.20324387974267527,-1.482198681506436,3,-3.5469956601694896,723.6,5.5,33.4
0.297,0.302,U8,MN8014,24.99783344765313,4.037944885463425,WPG,SSPG,0.1,0.4133573379002931,0.2032935653874204,-1.4853775743598454,4,-3.5468928345872026,723.1,5.5,33.4
0.297,0.302,U8,MN8014,24.998443440823483,4.035867308075847,WPG,SSPG,0.1,0.4133775488295756,0.2034074743855063,-1.4849192581207127,1,-3.5456998563131137,723.3,5.5,33.4
0.297,0.302,U8,MN8014,24.998378065864063,4.036665541009159,WPG,SSPG,0.1,0.41342904593538815,0.20336709284031393,-1.4818425748206727,7,-3.5430301774478217,722.2,5.5,33.4
0.297,0.302,U8,MN8014,24.998278346640834,4.034745592115104,WPG,SSPG,0.1,0.4134246239574107,0.20358717902473122,-1.481794617129615,5,-3.5448400623097562,722.8,5.5,33.4
0.297,0.302,U8,MN8014,24.99801937812866,4.0361314680897085,WPG,SSPG,0.1,0.4133946240938441,0.20320219071361417,-1.4816889772691226,4,-3.542469690685408,723.2,5.5,33.5
0.297,0.302,U8,MN8014,24.99830598841265,4.040021502020784,WPG,SSPG,0.1,0.4133635835195967,0.2031685781998337,-1.4834388413216553,6,-3.5431135703957803,723.7,5.5,33.5
0.297,0.302,U8,MN8014,24.998769037353767,4.038112377735006,WPG,SSPG,0.1,0.41339193904998095,0.20342129209204457,-1.4824751129528342,1,-3.544694171322419,724.0,5.5,33.5
0.297,0.302,U8,MN8014,24.99856497723987,4.036040177003775,WPG,SSPG,0.1,0.41337496194792755,0.2035881594472331,-1.481827181199287,6,-3.543302898982777,723.1,5.5,33.4
0.297,0.302,U8,MN8014,24.997705933902612,4.0360794388160866,WPG,SSPG,0.1,0.4133903561808127,0.2035231424140739,-1.4810681428116697,5,-3.540170924047219,722.8,5.5,33.4
0.297,0.302,U8,MN8014,24.997816827172326,4.034493609576767,WPG,SSPG,0.1,0.41337435669064704,0.20371768843420146,-1.4852931479207483,1,-3.5361477515572,723.3,5.5,33.4
0.297,0.302,U8,MN8014,24.998073529419855,4.03653264284816,WPG,SSPG,0.1,0.4133793443300906,0.20385904977870015,-1.4857535589151476,6,-3.545873330068119,723.3,5.5,33.4
0.297,0.302,U8,MN8014,24.99921532464771,4.038832068112242,WPG,SSPG,0.1,0.41338273240032003,0.20375212425353578,-1.4852952254817084,7,-3.5469698563496515,724.4,5.5,33.4
0.297,0.302,U8,MN8014,24.999425259493993,4.037649873218969,WPG,SSPG,0.1,0.4134008303626094,0.2037351034944643,-1.484104671803497,1,-3.5419801828365376,724.2,5.5,33.4
0.297,0.302,U8,MN8014,24.999034473394552,4.037946874154799,WPG,SSPG,0.1,0.4134088779467251,0.20341581010672002,-1.481510375602884,7,-3.54504813019855,723.6,5.5,33.5
0.297,0.302,U8,MN8014,24.998925129140797,4.035180773550187,WPG,SSPG,0.1,0.41338389298283773,0.2037282597983748,-1.4849818778134423,2,-3.5440359324957473,724.4,5.5,33.4
0.297,0.302,U8,MN8014,24.999213913033522,4.039435161651115,WPG,SSPG,0.1,0.41345440303002645,0.2038221354852856,-1.4851011141393016,5,-3.5447185592830213,724.4,5.5,33.4
0.297,0.302,U8,MN8014,24.999797825586736,4.039500763188086,WPG,SSPG,0.1,0.41352314688867575,0.20384031734956656,-1.4839243313548278,6,-3.5396418874004603,725.5,5.5,33.5
0.297,0.302,U8,MN8014,24.999486362840734,4.038818309586865,WPG,SSPG,0.1,0.4134484204961018,0.20389546275488415,-1.488158700650608,3,-3.5423737476409443,725.7,5.5,33.4
0.297,0.302,U8,MN8014,24.99992903392326,4.039339528245703,WPG,SSPG,0.1,0.4135128416490059,0.20378117144109653,-1.4869722319553647,5,-3.5442011080458293,726.0,5.5,33.5
0.297,0.302,U8,MN8014,24.9999054923542,4.042793035517077,WPG,SSPG,0.1,0.4134696161529519,0.2039698915595971,-1.4848639052725798,0,-3.5450820516517147,726.1,5.5,33.5
0.297,0.302,U8,MN8014,24.99983422066956,4.037758979108248,WPG,SSPG,0.1,0.41340731590081814,0.2038614441381857,-1.4882961599624382,4,-3.545737181917504,727.0,5.5,33.5
0.297,0.302,U8,MN8014,24.99995588671405,4.043484817010358,WPG,SSPG,0.1,0.41336531147068684,0.2037588715094169,-1.4881787380025138,0,-3.544132905627265,726.9,5.5,33.5
0.297,0.302,U8,MN8014,24.999729495339338,4.039275857312658,WPG,SSPG,0.1,0.4134015262986234,0.2040102380661384,-1.488802501585427,4,-3.5453461427855135,726.0,5.5,33.5
0.297,0.302,U8,MN8014,24.999915945171256,4.042865183393796,WPG,SSPG,0.1,0.4134022008562029,0.2042635812829246,-1.4875988308486505,3,-3.5451307655411597,726.3,5.4,33.5
0.297,0.302,U8,MN8014,24.99987193611895,4.04127119163069,WPG,SSPG,0.1,0.4134129648307292,0.20428778670359654,-1.486179827106659,2,-3.5445326832735837,726.1,5.5,33.5
0.297,0.302,U8,MN8014,24.99969466934057,4.038959074919287,WPG,SSPG,0.1,0.41335531629112743,0.20432757371150287,-1.4860524128344157,0,-3.5433425600125847,725.1,5.5,33.4
0.297,0.302,U8,MN8014,24.999984926407404,4.044971694554768,WPG,SSPG,0.1,0.41340109910225276,0.2037808974490717,-1.4877365408881924,6,-3.545702883950282,726.6,5.5,33.5
0.297,0.302,U8,MN8014,24.999944238363422,4.045033960430239,WPG,SSPG,0.1,0.41345160005421155,0.2039030487941608,-1.4880886271361013,0,-3.5437675012793974,727.0,5.5,33.5
0.297,0.302,U8,MN8014,24.999949064522845,4.049021201313351,WPG,SSPG,0.1,0.4133914400129216,0.20410305352440833,-1.4929866931321694,2,-3.5399342805952134,727.9,5.5,33.5
0.297,0.302,U8,MN8014,24.9999679441057,4.044730051124313,WPG,SSPG,0.1,0.4133921269785381,0.20354477730978474,-1.4869491831414328,2,-3.543063829820758,725.8,5.5,33.5
0.297,0.302,U8,MN8014,24.99962774821202,4.043766122377479,WPG,SSPG,0.1,0.41340494051449084,0.20345742912787573,-1.483212582850777,3,-3.544104167269243,724.3,5.5,33.5
0.297,0.302,U8,MN8014,24.99985983845635,4.043208724333262,WPG,SSPG,0.1,0.4134440302126867,0.20388782445857892,-1.4854965505864066,4,-3.5443564896376483,724.5,5.5,33.5
0.297,0.302,U8,MN8014,24.99987974350859,4.0453275569574325,WPG,SSPG,0.1,0.4134711664466163,0.20358940755908825,-1.487669416288486,3,-3.5436582230407936,725.8,5.5,33.5
0.297,0.302,U8,MN8014,24.999912684524762,4.044560212538945,WPG,SSPG,0.1,0.41346636322903707,0.20373753609596393,-1.4848061347921808,1,-3.5460251448569515,725.3,5.5,33.5
0.297,0.302,U8,MN8014,24.999998035265545,4.041185310638474,WPG,SSPG,0.1,0.4134712668485248,0.20363308819680193,-1.489288774631925,3,-3.5375478651036882,725.1,5.5,33.5
0.297,0.302,U8,MN8014,24.999985075002947,4.0421156074986655,WPG,SSPG,0.1,0.41343402480054703,0.2040225020730145,-1.4841274506495767,4,-3.542669764708007,724.5,5.4,33.5
0.297,0.302,U8,MN8014,24.99990443074534,4.041689231021543,WPG,SSPG,0.1,0.41344419782660236,0.2037577855939564,-1.485094643491183,6,-3.542001668145266,724.1,5.5,33.5
0.297,0.302,U8,MN8014,24.99966020102834,4.041428602685018,WPG,SSPG,0.1,0.41342424916115905,0.203694785942979,-1.484515609226122,1,-3.5436047941380178,724.0,5.5,33.4
0.297,0.302,U8,MN8014,24.99964080320844,4.042961202439959,WPG,SSPG,0.1,0.41341023214993816,0.20404032710733294,-1.4885949589769454,4,-3.545344274726814,724.6,5.5,33.4
0.297,0.302,U8,MN8014,24.99994622013287,4.04385862795575,WPG,SSPG,0.1,0.41343460737207266,0.20437291744317115,-1.4875977170927184,7,-3.5438290421171885,724.9,5.4,33.5
0.297,0.302,U8,MN8014,24.999608025049096,4.042144580600709,WPG,SSPG,0.1,0.4134147947551541,0.2041513586779233,-1.4887031746854409,2,-3.5319875854028915,723.9,5.4,33.4
0.297,0.302,U8,MN8014,24.999491401057963,4.040383325334606,WPG,SSPG,0.1,0.41342394037548313,0.20406543118669634,-1.4837137501121433,4,-3.541364388611383,723.4,5.5,33.4
0.297,0.302,U8,MN8014,24.99963039014774,4.041249163992868,WPG,SSPG,0.1,0.41340549147967304,0.20435591067397085,-1.486893883294815,5,-3.5448567065841488,723.3,5.4,33.4
0.297,0.302,U8,MN8014,24.9998453957016,4.0428714514101545,WPG,SSPG,0.1,0.4134116240193938,0.2043973392977701,-1.4833656595870734,1,-3.543935432585986,723.8,5.4,33.5
0.297,0.302,U8,MN8014,24.999562944063946,4.040949487241053,WPG,SSPG,0.1,0.41340053864707527,0.20447454214905725,-1.4861044594872923,2,-3.544246635089486,723.5,5.4,33.4
0.297,0.302,U8,MN8014,24.999568704717383,4.042563235595357,WPG,SSPG,0.1,0.4133705489938252,0.2046270750286606,-1.483428177665662,2,-3.542714804071011,723.4,5.4,33.4
0.297,0.302,U8,MN8014,24.999923904803712,4.04335357904405,WPG,SSPG,0.1,0.4134121000109327,0.20420382590752936,-1.4818136715949994,5,-3.538289516619482,723.2,5.5,33.5
0.297,0.302,U8,MN8014,24.999902560948176,4.040320655140437,WPG,SSPG,0.1,0.41338794944804813,0.20454657228693293,-1.4870650052029923,7,-3.5453264979467267,724.0,5.4,33.4
0.297,0.302,U8,MN8014,24.99955290927468,4.039086836759578,WPG,SSPG,0.1,0.4134014343411408,0.2046682851682868,-1.484694438567453,6,-3.544140387931785,723.7,5.4,33.4
0.297,0.302,U8,MN8014,24.999497140668886,4.038734656778115,WPG,SSPG,0.1,0.41342024395967664,0.20438839283136906,-1.4874501268802234,5,-3.542598625994941,723.8,5.5,33.4
0.297,0.302,U8,MN8014,24.99938570465964,4.038895072925893,WPG,SSPG,0.1,0.41339541660886564,0.2045737571935963,-1.484215076525048,7,-3.5421277077830986,723.4,5.4,33.4
0.297,0.302,U8,MN8014,24.999409097632462,4.038739092924581,WPG,SSPG,0.1,0.41343228261469367,0.20451527624474386,-1.4822582230993873,3,-3.5434219892173946,722.4,5.4,33.4
0.297,0.302,U8,MN8014,24.999153063738504,4.036243915825812,WPG,SSPG,0.1,0.413412256477552,0.20429640576221827,-1.4814048601919632,1,-3.5371637690313875,721.9,5.4,33.4
0.297,0.302,U8,MN8014,24.999732773598733,4.037940933641704,WPG,SSPG,0.1,0.41344893975638747,0.2045979356911508,-1.484281368177777,5,-3.541606894663344,723.3,5.4,33.4
0.297,0.302,U8,MN8014,24.999662186377652,4.038473188953343,WPG,SSPG,0.1,0.4134309330590615,0.20456422023261409,-1.4843697228359471,1,-3.5432244815050016,723.2,5.4,33.4
0.297,0.302,U8,MN8014,24.999794084950206,4.039389522717425,WPG,SSPG,0.1,0.41341635287570366,0.2045218740096479,-1.4836119902767073,1,-3.544868680608433,722.8,5.4,33.4
0.297,0.302,U8,MN8014,24.999926141224048,4.0408970526124754,WPG,SSPG,0.1,0.4134051631384744,0.20441924860178398,-1.4848077069783558,3,-3.5427054768414266,723.0,5.4,33.4
0.297,0.302,U8,MN8014,24.99996734196669,4.039492487287309,WPG,SSPG,0.1,0.41340443678064775,0.20461846588519922,-1.4825642578732274,7,-3.543856483395839,722.9,5.4,33.4
0.297,0.302,U8,MN8014,24.99983232735369,4.037688247156789,WPG,SSPG,0.1,0.41344191744930703,0.20457719520007533,-1.4823344790032282,6,-3.54466702520112,722.5,5.4,33.4
0.297,0.302,U8,MN8014,24.999965852223195,4.039901957079377,WPG,SSPG,0.1,0.4134288729628099,0.20465926311715116,-1.4840851937110116,5,-3.5435898309005687,723.4,5.4,33.4
0.297,0.302,U8,MN8014,24.999873844804007,4.0390512754186005,WPG,SSPG,0.1,0.41343781473369445,0.20465164127131072,-1.4818976131889692,1,-3.5450611643689474,722.6,5.4,33.4
0.297,0.302,U8,MN8014,24.999956671463334,4.039210193652353,WPG,SSPG,0.1,0.41341994539645516,0.20469580767056095,-1.4822028706958803,4,-3.5451401615882396,722.9,5.4,33.4
0.297,0.302,U8,MN8014,24.99988242851439,4.0384507649993155,WPG,SSPG,0.1,0.41342359037969845,0.20466541293234736,-1.4819886846655312,5,-3.543859020574237,722.8,5.4,33.4
0.297,0.302,U8,MN8014,24.99997360079015,4.0392970130281425,WPG,SSPG,0.1,0.41343241293456595,0.20472326297640475,-1.4840659838852606,5,-3.5450282461831755,723.5,5.4,33.4
0.297,0.302,U8,MN8014,24.99999965067597,4.040031072148111,WPG,SSPG,0.1,0.41344954296720615,0.2047162265546315,-1.4842670269037894,5,-3.5410284926838074,723.7,5.4,33.4
0.297,0.302,U8,MN8014,24.999992461728304,4.040941059944632,WPG,SSPG,0.1,0.4134439906573168,0.20471547636847476,-1.484045227533936,5,-3.5385335295570624,723.8,5.4,33.4
0.297,0.302,U8,MN8014,24.999999816301248,4.040475843273191,WPG,SSPG,0.1,0.41344087362503124,0.2047338286604567,-1.4848206460153275,1,-3.5437303738966346,723.8,5.4,33.4
0.297,0.302,U8,MN8014,24.999993390824905,4.04063971407971,WPG,SSPG,0.1,0.4134216522720691,0.20480290104374158,-1.4844321689101059,3,-3.545172315014648,723.9,5.4,33.4
0.297,0.302,U8,MN8014,24.999977166604317,4.040993864845911,WPG,SSPG,0.1,0.4134582659886046,0.20479114422134814,-1.4828131703761398,0,-3.5422044798972454,723.4,5.4,33.4
0.297,0.302,U8,MN8014,24.99989031178127,4.03923687093234,WPG,SSPG,0.1,0.4134435094256912,0.2047132884304749,-1.4823330152810243,1,-3.5434049184310883,723.0,5.4,33.4
0.297,0.302,U8,MN8014,24.99992539159829,4.03917944864882,WPG,SSPG,0.1,0.4134206850409473,0.20465326111554502,-1.4829637604006125,0,-3.544957473656787,723.0,5.4,33.4
0.297,0.302,U8,MN8014,24.999924777722907,4.039639366674221,WPG,SSPG,0.1,0.4134280731608267,0.20460334085668735,-1.4833475413575568,0,-3.538532632277514,723.3,5.4,33.4
0.297,0.302,U8,MN8014,24.999905172756424,4.0381429468812815,WPG,SSPG,0.1,0.4134407011265306,0.20468647999387252,-1.4821460958149406,4,-3.5428874293736836,722.9,5.4,33.4
0.297,0.302,U8,MN8014,24.99984311808469,4.038218811449545,WPG,SSPG,0.1,0.4134459470376492,0.2046891736819245,-1.4825599196421761,2,-3.544803699986609,722.9,5.4,33.4
0.297,0.302,U8,MN8014,24.999887900529075,4.038600180898228,WPG,SSPG,0.1,0.413437028476684,0.20465081409642388,-1.4825189838248303,4,-3.543113242626392,722.9,5.4,33.4
0.297,0.302,U8,MN8014,24.99987784073866,4.038394934077741,WPG,SSPG,0.1,0.4134424773019061,0.20458290988862732,-1.4833002321610715,5,-3.5447343176895316,722.8,5.4,33.4
0.297,0.302,U8,MN8014,24.999869030809823,4.038722638766239,WPG,SSPG,0.1,0.41342535371408873,0.20459759040260367,-1.4836811187551957,7,-3.5435634642645777,723.1,5.4,33.4
0.297,0.302,U8,MN8014,24.99987850030578,4.039383372053966,WPG,SSPG,0.1,0.4134180293911712,0.20460880899742068,-1.4832724460634141,3,-3.5425982287528726,723.1,5.4,33.4
0.297,0.302,U8,MN8014,24.999757539565753,4.039024976359009,WPG,SSPG,0.1,0.4134168459575426,0.20452103579060282,-1.4825316766380778,4,-3.5444048973452578,722.5,5.4,33.4
0.297,0.302,U8,MN8014,24.99983373654633,4.039447191037237,WPG,SSPG,0.1,0.4134244621272898,0.20456332839738248,-1.4835973036458057,4,-3.544760650776139,722.9,5.4,33.4
0.297,0.302,U8,MN8014,24.999818721900223,4.03889879015089,WPG,SSPG,0.1,0.4134111646370162,0.20457600936561443,-1.482880213369246,5,-3.5444381007200203,722.8,5.4,33.4
0.297,0.302,U8,MN8014,24.999779710677934,4.037872099047495,WPG,SSPG,0.1,0.41342453509538346,0.20447594645803366,-1.4823705629379853,4,-3.542278751153276,722.4,5.4,33.4
0.297,0.302,U8,MN8014,24.99977521418824,4.037592038627101,WPG,SSPG,0.1,0.413417339927862,0.20446926844025876,-1.4826414350733843,7,-3.5438116483554687,722.4,5.4,33.4
0.297,0.302,U8,MN8014,24.999903595498544,4.0382240213398255,WPG,SSPG,0.1,0.4134301306227256,0.20456055853338692,-1.4834660386462284,0,-3.5435136920911123,722.9,5.4,33.4
0.297,0.302,U8,MN8014,24.999860377188305,4.038536200061941,WPG,SSPG,0.1,0.4134205802514841,0.20452427992465816,-1.4833019528659455,0,-3.544805184211567,722.7,5.4,33.4
0.297,0.302,U8,MN8014,24.999864882629367,4.038555896353914,WPG,SSPG,0.1,0.41341743017156224,0.20455042450565178,-1.4826525951606713,7,-3.544841788887272,722.6,5.4,33.4
0.297,0.302,U8,MN8014,24.99974846701761,4.037376522045433,WPG,SSPG,0.1,0.4134236561923662,0.20452741509802436,-1.4823194096459442,3,-3.543187419494261,722.5,5.4,33.4
0.297,0.302,U8,MN8014,24.99982728459916,4.037510918609709,WPG,SSPG,0.1,0.41342562970535185,0.20456618955051287,-1.4828305649628981,3,-3.5426213181470825,722.8,5.4,33.4
0.297,0.302,U8,MN8014,24.999754548444578,4.037500931183538,WPG,SSPG,0.1,0.4134226062016413,0.20457111545144138,-1.4828926520570112,0,-3.543445609528659,722.8,5.4,33.4
0.297,0.302,U8,MN8014,24.99988153980741,4.038382064025691,WPG,SSPG,0.1,0.4134360358897252,0.2045790911855723,-1.483460546198885,0,-3.5440882282475137,722.9,5.4,33.4
0.297,0.302,U8,MN8014,24.999792385648536,4.037896897606613,WPG,SSPG,0.1,0.4134302235705828,0.204531107785876,-1.4833396996456543,3,-3.5447115931539592,722.7,5.4,33.4
0.297,0.302,U8,MN8014,24.99987481419897,4.038387987443013,WPG,SSPG,0.1,0.4134321308562679,0.20462540709661017,-1.4841067864618138,6,-3.545071841969756,723.2,5.4,33.4
0.297,0.302,U8,MN8014,24.999770184922077,4.037583923605335,WPG,SSPG,0.1,0.41342873817514236,0.20453664924053938,-1.4833094043236086,0,-3.5449713118541197,722.7,5.4,33.4
0.297,0.302,U8,MN8014,24.999887774149315,4.038557695812591,WPG,SSPG,0.1,0.41343413908791304,0.2045515212575372,-1.4835274329106274,1,-3.544768904109093,722.8,5.4,33.4
0.297,0.302,U8,MN8014,24.999795638872012,4.038149913365902,WPG,SSPG,0.1,0.4134263114756449,0.2045178743402837,-1.4829413117376746,0,-3.543936183191324,722.6,5.4,33.4
0.297,0.302,U8,MN8014,24.99979978397381,4.038406359076686,WPG,SSPG,0.1,0.413430489094461,0.2045625089835129,-1.483726395273984,4,-3.544961831200002,722.9,5.4,33.4
0.297,0.302,U8,MN8014,24.99977727255787,4.037849839293822,WPG,SSPG,0.1,0.41343404003402423,0.2045005304185432,-1.4832646520657196,1,-3.544104371546684,722.6,5.4,33.4
0.297,0.302,U8,MN8014,24.99967960078458,4.037470253495614,WPG,SSPG,0.1,0.41343054471675106,0.2045354817020106,-1.4834445980085107,6,-3.543787935810398,722.8,5.4,33.4
0.297,0.302,U8,MN8014,24.999785623909894,4.038600608507913,WPG,SSPG,0.1,0.4134268261248696,0.20452763901935916,-1.4840650127438744,7,-3.5450536955607586,722.9,5.4,33.4
0.297,0.302,U8,MN8014,24.99975061046651,4.037959384938629,WPG,SSPG,0.1,0.41342155399478403,0.20455702599516995,-1.483556649562456,2,-3.544439804387979,722.9,5.4,33.4
0.297,0.302,U8,MN8014,24.9998018844432,4.038761374884695,WPG,SSPG,0.1,0.41341604416850164,0.20457473276748386,-1.4833925946716475,4,-3.5449407265758364,722.9,5.4,33.4
0.297,0.302,U8,MN8014,24.999824168583107,4.0389437562536745,WPG,SSPG,0.1,0.4134161853110681,0.20458693503406125,-1.4839297156143272,7,-3.5449169858923284,723.1,5.4,33.4
0.297,0.302,U8,MN8014,24.99986583332712,4.038725477678066,WPG,SSPG,0.1,0.4134141199766923,0.20457266234711904,-1.483780349145133,6,-3.5452168973730984,723.0,5.4,33.4
0.297,0.302,U8,MN8014,24.99987988927459,4.038948546711063,WPG,SSPG,0.1,0.4134068025967263,0.20457873532549042,-1.483746809304641,7,-3.5441773483330614,723.1,5.4,33.4
0.297,0.302,U8,MN8014,24.99987423434544,4.0392681946780415,WPG,SSPG,0.1,0.41339907614839855,0.20455505925307446,-1.4837094555710593,2,-3.544952248273205,723.0,5.4,33.4
0.297,0.302,U8,MN8014,24.999852067694924,4.039154332045542,WPG,SSPG,0.1,0.4134097198093991,0.20451838926733118,-1.483957143224385,5,-3.5451836658093345,722.9,5.4,33.4
0.297,0.302,U8,MN8014,24.99988829530413,4.039438343377374,WPG,SSPG,0.1,0.41341499785837194,0.2045721018492003,-1.484080051665489,5,-3.5449395833222273,723.1,5.4,33.4
0.297,0.302,U8,MN8014,24.999908536854456,4.039388270619829,WPG,SSPG,0.1,0.41340741960234645,0.20452178088863396,-1.484092879708458,4,-3.5444959921737933,723.0,5.4,33.4
0.297,0.302,U8,MN8014,24.999922417023214,4.039388049630772,WPG,SSPG,0.1,0.4134214422261763,0.20457431898118028,-1.4838994489341313,5,-3.543669030334595,723.1,5.4,33.4
0.297,0.302,U8,MN8014,24.999938533337172,4.039604225970658,WPG,SSPG,0.1,0.41342209972642396,0.2046155194669962,-1.4844298678765697,3,-3.5451628489033116,723.3,5.4,33.4
0.297,0.302,U8,MN8014,24.999954517366117,4.03980103349909,WPG,SSPG,0.1,0.41341756349709835,0.2046019152456641,-1.484306745927575,7,-3.5441036182046037,723.3,5.4,33.4
0.297,0.302,U8,MN8014,24.999874916248462,4.039198958180743,WPG,SSPG,0.1,0.41341799016135655,0.20457621686552818,-1.483669400427659,2,-3.544566334299068,723.0,5.4,33.4
0.297,0.302,U8,MN8014,24.99994258921187,4.039898977427789,WPG,SSPG,0.1,0.41341610014924596,0.2045905552386374,-1.484256397854455,5,-3.5450442837274174,723.2,5.4,33.4
0.297,0.302,U8,MN8014,24.9999222943324,4.039901659798664,WPG,SSPG,0.1,0.4134145352998982,0.20457014709559948,-1.4841355744464069,1,-3.5451390435739505,723.1,5.4,33.4
0.297,0.302,U8,MN8014,24.999923236391368,4.039820914521003,WPG,SSPG,0.1,0.41340901535587904,0.20460221273622098,-1.4840758588062082,7,-3.5452641615709464,723.2,5.4,33.4
0.297,0.302,U8,MN8014,24.999915501756277,4.0398941849037735,WPG,SSPG,0.1,0.41340660628244563,0.20457378566907802,-1.4839693192206693,0,-3.545049145933037,723.1,5.4,33.4
0.297,0.302,U8,MN8014,24.999924827344252,4.039730048946978,WPG,SSPG,0.1,0.413412686292825,0.2045467599061237,-1.4839714370984838,3,-3.544862153674469,723.0,5.4,33.4
0.297,0.302,U8,MN8014,24.999958967349954,4.040375460222005,WPG,SSPG,0.1,0.4134110015618362,0.2045726204161886,-1.4844073258430188,3,-3.545191887029546,723.2,5.4,33.4
0.297,0.302,U8,MN8014,24.99995439652586,4.04029945906029,WPG,SSPG,0.1,0.41340843017418205,0.20455634516856205,-1.4842152101989092,5,-3.5452137210616623,723.1,5.4,33.4
0.297,0.302,U8,MN8014,24.99997412775324,4.040561406428128,WPG,SSPG,0.1,0.4134140656459566,0.20458756874461997,-1.484285864844777,6,-3.545165765011692,723.2,5.4,33.4
0.297,0.302,U8,MN8014,24.999966713415144,4.0407248885715,WPG,SSPG,0.1,0.4134089637434454,0.20457230450207364,-1.4843731308214458,0,-3.545141077626102,723.2,5.4,33.4
0.297,0.302,U8,MN8014,24.999985549611164,4.040925236335103,WPG,SSPG,0.1,0.41341032538505795,0.20459628120765308,-1.4843596582477254,2,-3.5445685696533626,723.3,5.4,33.4
0.297,0.302,U8,MN8014,24.999970530923846,4.0407255103873645,WPG,SSPG,0.1,0.41341030162250003,0.20456660347969954,-1.484442850431863,5,-3.5450906092930676,723.2,5.4,33.4
0.297,0.302,U8,MN8014,24.999964405272607,4.040556813624529,WPG,SSPG,0.1,0.4134090588773538,0.20455176581776716,-1.4845805272054864,0,-3.545074184271739,723.2,5.4,33.4
0.297,0.302,U8,MN8014,24.999965307081435,4.040689051476086,WPG,SSPG,0.1,0.4134031424262862,0.20453397350158137,-1.484363621886539,5,-3.545120980051472,723.1,5.4,33.4
0.297,0.302,U8,MN8014,24.99993726799575,4.040108920084165,WPG,SSPG,0.1,0.4134012966568751,0.20450291088852238,-1.4840002393287577,4,-3.545126654271048,722.9,5.4,33.4
0.297,0.302,U8,MN8014,24.99992723642584,4.040046743805633,WPG,SSPG,0.1,0.41339173454928224,0.20448350213165392,-1.484087559574537,4,-3.545192003081791,722.9,5.4,33.4
0.297,0.302,U8,MN8014,24.999929672554345,4.040457591053672,WPG,SSPG,0.1,0.41339584054437983,0.20450035422172064,-1.484327593817338,6,-3.54533868134291,723.0,5.4,33.4
0.297,0.302,U8,MN8014,24.999938514925667,4.040752911274865,WPG,SSPG,0.1,0.4133993794918895,0.2045434800715253,-1.4841899409757526,5,-3.5450257145825805,723.1,5.4,33.4
0.297,0.302,U8,MN8014,24.999938542092114,4.040857579194105,WPG,SSPG,0.1,0.41339100171481624,0.2045485266742309,-1.4844039321321731,2,-3.545277390367527,723.2,5.4,33.4
0.297,0.302,U8,MN8014,24.99995873647746,4.040785026436722,WPG,SSPG,0.1,0.41339740541825704,0.20457332198903858,-1.4845747291259863,4,-3.545336595596451,723.3,5.4,33.4
0.297,0.302,U8,MN8014,24.99995898863331,4.040819958979944,WPG,SSPG,0.1,0.4133975285903569,0.204540636810578,-1.4845803090922813,7,-3.545281374101261,723.2,5.4,33.4
0.297,0.302,U8,MN8014,24.99997317266998,4.040712192533111,WPG,SSPG,0.1,0.41339972349502,0.20455515988823444,-1.4847729491992627,2,-3.5451900017225952,723.3,5.4,33.4
0.297,0.302,U8,MN8014,24.999938121248707,4.040394519063446,WPG,SSPG,0.1,0.4134051624611815,0.20455670095268652,-1.4847766855616287,2,-3.544919963493861,723.3,5.4,33.4
0.297,0.302,U8,MN8014,24.99993862606172,4.040109021674527,WPG,SSPG,0.1,0.4134000523246113,0.20455168142625402,-1.4844366590213378,0,-3.54497759117935,723.2,5.4,33.4
0.297,0.302,U8,MN8014,24.999944432695653,4.040305961217936,WPG,SSPG,0.1,0.4134022463245676,0.2045406513717812,-1.4846324450748314,7,-3.5452202852340484,723.2,5.4,33.4
0.297,0.302,U8,MN8014,24.999937425627675,4.040578756897513,WPG,SSPG,0.1,0.41340018548597,0.20454892999093477,-1.4843356613002618,1,-3.544300687252825,723.2,5.4,33.4
0.297,0.302,U8,MN8014,24.999913799730365,4.04033772530405,WPG,SSPG,0.1,0.41339752248892564,0.20452257144302252,-1.4843780687662254,1,-3.544985138821705,723.1,5.4,33.4
0.297,0.302,U8,MN8014,24.99993158671672,4.040142009355738,WPG,SSPG,0.1,0.4133993714452193,0.20455873841420236,-1.4847270380978805,6,-3.5451886543288342,723.3,5.4,33.4
0.297,0.302,U8,MN8014,24.99991277004318,4.040360049135155,WPG,SSPG,0.1,0.41339594089224924,0.204555254584048,-1.4843850280533952,4,-3.545207464242667,723.2,5.4,33.4
0.297,0.302,U8,MN8014,24.999862508907768,4.0397646742933375,WPG,SSPG,0.1,0.4134013119740013,0.20452693154819657,-1.4840918689944531,0,-3.545218872418241,723.0,5.4,33.4
0.297,0.302,U8,MN8014,24.999910580526628,4.039967847644404,WPG,SSPG,0.1,0.41339621844145674,0.20451637839994935,-1.484130601572342,2,-3.5451851000434598,723.0,5.4,33.4
0.297,0.302,U8,MN8014,24.999896205265255,4.039971843164483,WPG,SSPG,0.1,0.4133886739496802,0.20449688051825593,-1.483922617591937,6,-3.5453047082215434,722.9,5.4,33.4
0.297,0.302,U8,MN8014,24.999886609486882,4.039697396119707,WPG,SSPG,0.1,0.41339442112270486,0.20450330268379807,-1.4841994224844905,4,-3.5449573493850153,723.0,5.4,33.4
0.297,0.302,U8,MN8014,24.999871600628012,4.0394737082969785,WPG,SSPG,0.1,0.4133888372219975,0.2044973725432146,-1.4838566913448243,2,-3.5449901739640453,722.9,5.4,33.4
0.297,0.302,U8,MN8014,24.999853647402475,4.039248579024408,WPG,SSPG,0.1,0.4133939372581834,0.2044681401185215,-1.4836134566952077,2,-3.5452180541910803,722.7,5.4,33.4
0.297,0.302,U8,MN8014,24.99988210641684,4.03962086141801,WPG,SSPG,0.1,0.4133953862632851,0.20450258995712753,-1.4841309748614482,7,-3.5445009502612006,723.0,5.4,33.4
0.297,0.302,U8,MN8014,24.999858006703075,4.039200359504391,WPG,SSPG,0.1,0.4133984910988435,0.20449310988113975,-1.483724631599752,1,-3.5451157594287572,722.8,5.4,33.4
0.297,0.302,U8,MN8014,24.999836574969404,4.039307192982014,WPG,SSPG,0.1,0.4133981666309893,0.20448534580542024,-1.4837778829681185,1,-3.5449938782823036,722.8,5.4,33.4
0.297,0.302,U8,MN8014,24.999834386248093,4.039437748659441,WPG,SSPG,0.1,0.41339407380089377,0.20451060957719894,-1.4837684411747183,2,-3.544903414495785,722.9,5.4,33.4
0.297,0.302,U8,MN8014,24.99982409350165,4.039103944634026,WPG,SSPG,0.1,0.4133909079505942,0.2044641570652358,-1.4836222235534149,0,-3.5452687611795284,722.7,5.4,33.4
0.297,0.302,U8,MN8014,24.99982532708745,4.039171467195853,WPG,SSPG,0.1,0.4133956344616432,0.20447433043514715,-1.4838713849298903,3,-3.545053270419187,722.8,5.4,33.4
0.297,0.302,U8,MN8014,24.999764873572197,4.038999565737361,WPG,SSPG,0.1,0.41338919444416616,0.20443476897637505,-1.483545179441208,5,-3.5451214478119493,722.6,5.4,33.4
0.297,0.302,U8,MN8014,24.99980429593929,4.039317224464117,WPG,SSPG,0.1,0.4133897345099905,0.20445071905065748,-1.4837401699128956,6,-3.5452276995492884,722.7,5.4,33.4
0.297,0.302,U8,MN8014,24.999803478444047,4.039034542605966,WPG,SSPG,0.1,0.41339047922514954,0.20444169224935488,-1.4835146777905435,6,-3.5452404855696127,722.6,5.4,33.4
0.297,0.302,U8,MN8014,24.999821042854524,4.0394357951819915,WPG,SSPG,0.1,0.4133885113581467,0.20444509568242655,-1.4837559466593555,1,-3.5450823099418844,722.7,5.4,33.4
0.297,0.302,U8,MN8014,24.9998414138642,4.039458965787107,WPG,SSPG,0.1,0.4133914578631639,0.20446941052090417,-1.4838739665868748,4,-3.5450876796724042,722.8,5.4,33.4
0.297,0.302,U8,MN8014,24.99979543173583,4.039255504273455,WPG,SSPG,0.1,0.4133921247745365,0.204443654370292,-1.4837443511356792,6,-3.544696883436659,722.7,5.4,33.4
0.297,0.302,U8,MN8014,24.999786152645466,4.039128559322502,WPG,SSPG,0.1,0.4133932824201767,0.20444570955986666,-1.483517794121526,7,-3.5452833669681265,722.6,5.4,33.4
0.297,0.302,U8,MN8014,24.999805231081094,4.039324111547162,WPG,SSPG,0.1,0.4133868447035132,0.20446717152550106,-1.4835329959577714,1,-3.545269647885581,722.7,5.4,33.4
0.297,0.302,U8,MN8014,24.999843565562944,4.039627255263684,WPG,SSPG,0.1,0.413389881845108,0.20448092274473972,-1.4837293486911984,3,-3.5450869005389993,722.8,5.4,33.4
0.297,0.302,U8,MN8014,24.99983856316731,4.039694733535518,WPG,SSPG,0.1,0.4133893633902421,0.2044990161346588,-1.4838618270515551,4,-3.5450796307011903,722.9,5.4,33.4
0.297,0.302,U8,MN8014,24.99981369678135,4.039541889929977,WPG,SSPG,0.1,0.4133863758747021,0.20448833636173494,-1.4836176908424166,6,-3.545177504394397,722.8,5.4,33.4
0.297,0.302,U8,MN8014,24.99982073979421,4.039559993925969,WPG,SSPG,0.1,0.41338721675003987,0.204485911255332,-1.4835700406406018,6,-3.5447391911405486,722.8,5.4,33.4
0.297,0.302,U8,MN8014,24.999846891080086,4.0398584409363085,WPG,SSPG,0.1,0.41338576680779443,0.2045059532204773,-1.4837839543718996,0,-3.545311599950221,722.9,5.4,33.4
0.297,0.302,U8,MN8014,24.99983060210081,4.0394950473831495,WPG,SSPG,0.1,0.4133876132530238,0.20449046415783226,-1.4836440608827923,3,-3.5453360534113383,722.8,5.4,33.4
0.297,0.302,U8,MN8014,24.999810293584236,4.03938078039723,WPG,SSPG,0.1,0.41338667854811817,0.20449337079131616,-1.4835718034491077,3,-3.545197332055791,722.8,5.4,33.4
0.297,0.302,U8,MN8014,24.999813932784154,4.039314340540264,WPG,SSPG,0.1,0.41338626770728193,0.2044893971628433,-1.4836339887104035,1,-3.545326537885785,722.8,5.4,33.4
0.297,0.302,U8,MN8014,24.99981887440104,4.039352021614407,WPG,SSPG,0.1,0.41338663716359303,0.20450687722585784,-1.4837889696436726,3,-3.545335163163836,722.9,5.4,33.4
0.297,0.302,U8,MN8014,24.99985448437983,4.039573612262507,WPG,SSPG,0.1,0.41339058052061456,0.20453831776471484,-1.4837434750235299,5,-3.544818062036846,723.0,5.4,33.4
0.297,0.302,U8,MN8014,24.999812435518706,4.039379566743179,WPG,SSPG,0.1,0.41338561271312685,0.2045058563400146,-1.4837560010292419,0,-3.5451849431004376,722.9,5.4,33.4
0.297,0.302,U8,MN8014,24.999817602970268,4.039254994258812,WPG,SSPG,0.1,0.4133847927815541,0.20448122701618002,-1.4836256622272446,0,-3.5449403850737458,722.8,5.4,33.4
0.297,0.302,U8,MN8014,24.999825341280836,4.0393084340007634,WPG,SSPG,0.1,0.4133852805958303,0.20451445343632546,-1.483609599790469,5,-3.5449244191767857,722.9,5.4,33.4
0.297,0.302,U8,MN8014,24.999837417115135,4.039451097564264,WPG,SSPG,0.1,0.41338644384532075,0.2045181458630946,-1.4836442866075277,4,-3.545217893783297,722.9,5.4,33.4
0.297,0.302,U8,MN8014,24.99985341046155,4.039591359082678,WPG,SSPG,0.1,0.4133869805267023,0.20452905468646265,-1.4838440700424576,3,-3.545081727110855,723.0,5.4,33.4
0.297,0.302,U8,MN8014,24.999844555411958,4.039446392820082,WPG,SSPG,0.1,0.4133894783786103,0.20453761143756588,-1.4838075892626708,7,-3.545188936144269,723.0,5.4,33.4
0.297,0.302,U8,MN8014,24.999822183970373,4.0392404854550135,WPG,SSPG,0.1,0.41338617147180434,0.20452818395836034,-1.4835370162200754,1,-3.54524129500083,722.9,5.4,33.4
0.297,0.302,U8,MN8014,24.999832050699407,4.039286906949043,WPG,SSPG,0.1,0.4133872081340637,0.20451783982457697,-1.483641110825249,2,-3.5451325652117234,722.9,5.4,33.4
0.297,0.302,U8,MN8014,24.99983958532233,4.0395573971974885,WPG,SSPG,0.1,0.41338556965457396,0.20449920041176758,-1.4837892804947295,1,-3.544985959021842,722.9,5.4,33.4
0.297,0.302,U8,MN8014,24.99984791414435,4.039631062704521,WPG,SSPG,0.1,0.4133876083706663,0.20452575387424374,-1.4839102649117308,2,-3.5451976755105807,723.0,5.4,33.4
0.297,0.302,U8,MN8014,24.999839032429236,4.039672576129479,WPG,SSPG,0.1,0.41338872507452007,0.20453571936299128,-1.4837994286043985,2,-3.5450986948048424,723.0,5.4,33.4
0.297,0.302,U8,MN8014,24.99980997762192,4.039327552927474,WPG,SSPG,0.1,0.4133879790662694,0.20453395968124838,-1.4834896706833498,3,-3.5451906205596675,722.9,5.4,33.4
0.297,0.302,U8,MN8014,24.999829577003194,4.0394615473004505,WPG,SSPG,0.1,0.4133901780594187,0.20452439074634884,-1.4836322763999954,0,-3.5452362797190276,722.9,5.4,33.4
0.297,0.302,U8,MN8014,24.999822095307824,4.0394921513212765,WPG,SSPG,0.1,0.4133917443606048,0.204543935018293,-1.4837676599918128,4,-3.545177086182873,723.0,5.4,33.4
0.297,0.302,U8,MN8014,24.999816182917858,4.03949029489407,WPG,SSPG,0.1,0.4133865971068285,0.20451961158426848,-1.483565561504481,2,-3.544890676489123,722.9,5.4,33.4
0.297,0.302,U8,MN8014,24.999810457743123,4.03947652103986,WPG,SSPG,0.1,0.4133824540306323,0.20450583851626092,-1.4833774590478124,3,-3.5451819439543737,722.8,5.4,33.4
0.297,0.302,U8,MN8014,24.999837865346194,4.03969678091685,WPG,SSPG,0.1,0.4133851104224162,0.20449802370630385,-1.4834740150420793,6,-3.54505287476346,722.8,5.4,33.4
0.297,0.302,U8,MN8014,24.99981254154075,4.039446470717716,WPG,SSPG,0.1,0.4133880414643743,0.20450102400848338,-1.483510634479941,2,-3.54520529348277,722.8,5.4,33.4
0.297,0.302,U8,MN8014,24.999829759470927,4.039498757053715,WPG,SSPG,0.1,0.41338473001068254,0.20451609564607642,-1.4836246908177297,2,-3.545129023846517,722.9,5.4,33.4
0.297,0.302,U8,MN8014,24.999825135120332,4.039520618326136,WPG,SSPG,0.1,0.4133856072948875,0.20448925046970734,-1.483541735815667,2,-3.5448891089355765,722.8,5.4,33.4
0.297,0.302,U8,MN8014,24.999815470213452,4.039406236701072,WPG,SSPG,0.1,0.4133860946095386,0.2044958173248588,-1.4835398452614885,3,-3.545207001138481,722.8,5.4,33.4
0.297,0.302,U8,MN8014,24.99979013591176,4.0392498917389394,WPG,SSPG,0.1,0.4133835786892568,0.20448219966872447,-1.483319049527221,4,-3.5452307594804537,722.7,5.4,33.4
0.297,0.302,U8,MN8014,24.99982560329091,4.039423532624448,WPG,SSPG,0.1,0.41338501622243284,0.20449137558547953,-1.483580203851347,6,-3.545243945165309,722.8,5.4,33.4
0.297,0.302,U8,MN8014,24.9998361203699,4.0395937718927755,WPG,SSPG,0.1,0.41338399803399023,0.20449598953052658,-1.4835345149915966,1,-3.5453307609329343,722.8,5.4,33.4
0.297,0.302,U8,MN8014,24.999852526904114,4.0397748787487116,WPG,SSPG,0.1,0.41338295289646554,0.20449904619043913,-1.4835069651238804,0,-3.545425400598882,722.8,5.4,33.4
0.297,0.302,U8,MN8014,24.99984272422247,4.039545464471786,WPG,SSPG,0.1,0.41338534353957235,0.20450317604948254,-1.4834488062737472,3,-3.5451873633665603,722.8,5.4,33.4
0.297,0.302,U8,MN8014,24.999840820317605,4.039571780471462,WPG,SSPG,0.1,0.4133841424771834,0.2045078686257352,-1.483397178954572,6,-3.5452649298494343,722.8,5.4,33.4
0.297,0.302,U8,MN8014,24.999867511670416,4.039769073886629,WPG,SSPG,0.1,0.4133867658293725,0.20452749496712108,-1.4835414188698806,3,-3.545169779567054,722.9,5.4,33.4
0.297,0.302,U8,MN8014,24.999842761646676,4.039604097904989,WPG,SSPG,0.1,0.41338413886960035,0.2045010242705882,-1.483467658079867,0,-3.545251451956238,722.8,5.4,33.4
0.297,0.302,U8,MN8014,24.999853370833772,4.039690692128499,WPG,SSPG,0.1,0.4133837316730583,0.20449877607367753,-1.4834977981632553,5,-3.5453083622151667,722.8,5.4,33.4
0.297,0.302,U8,MN8014,24.999837836021598,4.03946032086454,WPG,SSPG,0.1,0.41338492202982136,0.2044824510381722,-1.48334201638703,4,-3.5452520483611565,722.7,5.4,33.4
0.297,0.302,U8,MN8014,24.999850424716843,4.039683221116504,WPG,SSPG,0.1,0.4133825837535128,0.20447094118595888,-1.483460059778113,3,-3.5453889062142263,722.7,5.4,33.4
0.297,0.302,U8,MN8014,24.99986110952242,4.0397862508035525,WPG,SSPG,0.1,0.4133833976923906,0.2044890087517766,-1.4834964264857289,2,-3.5447885882787578,722.8,5.4,33.4
0.297,0.302,U8,MN8014,24.999838926758063,4.03956639193443,WPG,SSPG,0.1,0.41338284742433884,0.20447365872957612,-1.483404480806235,4,-3.545237760408458,722.7,5.4,33.4
0.297,0.302,U8,MN8014,24.999839474862867,4.039504923563239,WPG,SSPG,0.1,0.4133834088085638,0.2044662589074057,-1.4834952488961164,3,-3.545258404859707,722.7,5.4,33.4
0.297,0.302,U8,MN8014,24.999835889181078,4.039588009701548,WPG,SSPG,0.1,0.41338009620761523,0.20445511114323706,-1.4835620584645988,7,-3.5452266150080955,722.7,5.4,33.4
0.297,0.302,U8,MN8014,24.999854227211163,4.039656760723654,WPG,SSPG,0.1,0.413383397594354,0.20447936861368646,-1.4836982843299569,6,-3.5452977849392813,722.8,5.4,33.4
0.297,0.302,U8,MN8014,24.999858466312897,4.039771873756133,WPG,SSPG,0.1,0.41338295590402296,0.2044735973819713,-1.483723588120477,7,-3.5451418077614854,722.8,5.4,33.4
0.297,0.302,U8,MN8014,24.999885554704203,4.040034065126092,WPG,SSPG,0.1,0.4133839006068948,0.2044907912664976,-1.4838629813444841,5,-3.545007148864096,722.9,5.4,33.4
0.297,0.302,U8,MN8014,24.999865679989238,4.039848148487221,WPG,SSPG,0.1,0.4133797879687203,0.20447349059387965,-1.4836844365313513,7,-3.545157064464794,722.8,5.4,33.4
0.297,0.302,U8,MN8014,24.999860386113212,4.039863707261726,WPG,SSPG,0.1,0.4133805464613917,0.20447113811676226,-1.4837219724319335,0,-3.5451688049448133,722.8,5.4,33.4
0.297,0.302,U8,MN8014,24.999860143055475,4.039946907153753,WPG,SSPG,0.1,0.41338089021999386,0.20448272329703462,-1.4836186556223117,3,-3.5452486478695437,722.8,5.4,33.4
0.297,0.302,U8,MN8014,24.99983183223023,4.039701273754946,WPG,SSPG,0.1,0.4133802855437956,0.20446503421471374,-1.4834947164252457,1,-3.5454119213300093,722.7,5.4,33.4
0.297,0.302,U8,MN8014,24.99985182500884,4.039825005300743,WPG,SSPG,0.1,0.4133809286986968,0.20447326972185964,-1.4837129912414813,3,-3.545215017847715,722.8,5.4,33.4
0.297,0.302,U8,MN8014,24.999842747658565,4.039838478530645,WPG,SSPG,0.1,0.413378159927402,0.20447984235489317,-1.4836261823482941,3,-3.5453282335331977,722.8,5.4,33.4
0.297,0.302,U8,MN8014,24.99985354318082,4.039929938122965,WPG,SSPG,0.1,0.4133767826740963,0.20448343085252152,-1.4835337660696022,3,-3.545144951080294,722.8,5.4,33.4
0.297,0.302,U8,MN8014,24.99983650394197,4.039583598588767,WPG,SSPG,0.1,0.41338049544198585,0.2044779787308843,-1.4835693828650047,4,-3.5447723224755983,722.8,5.4,33.4
0.297,0.302,U8,MN8014,24.999808239204587,4.039400874377725,WPG,SSPG,0.1,0.4133790353484965,0.2044778934988961,-1.4833042413935906,5,-3.5452349526333897,722.7,5.4,33.4
0.297,0.302,U8,MN8014,24.999823884907013,4.039426288570215,WPG,SSPG,0.1,0.4133803847049874,0.20448566385162065,-1.4835288566348643,0,-3.544996655859311,722.8,5.4,33.4
0.297,0.302,U8,MN8014,24.99982685424537,4.039493981848006,WPG,SSPG,0.1,0.4133789445238514,0.20449303477155817,-1.48350267718064,0,-3.545366328660146,722.8,5.4,33.4
0.297,0.302,U8,MN8014,24.999823752603895,4.039451489413431,WPG,SSPG,0.1,0.4133780511203497,0.2044904134969084,-1.4834474263995387,1,-3.545004182048741,722.8,5.4,33.4
0.297,0.302,U8,MN8014,24.999840119395007,4.03974814013041,WPG,SSPG,0.1,0.41337483777029005,0.20449774873955706,-1.4834072174385304,2,-3.545421139378128,722.8,5.4,33.4
0.297,0.302,U8,MN8014,24.999855061638755,4.039976944724077,WPG,SSPG,0.1,0.41337534609196214,0.20452887420434207,-1.4837490689535975,0,-3.5454072655467392,723.0,5.4,33.4
0.297,0.302,U8,MN8014,24.99984376486691,4.039840229388777,WPG,SSPG,0.1,0.4133761885395127,0.20450825888349272,-1.4835668816371204,1,-3.5450038701203557,722.9,5.4,33.4
0.297,0.302,U8,MN8014,24.999840495218812,4.039976994379187,WPG,SSPG,0.1,0.41337381600615997,0.2045082704911634,-1.4835922120261709,4,-3.545303010837854,722.9,5.4,33.4
0.297,0.302,U8,MN8014,24.999806638590417,4.039734685636583,WPG,SSPG,0.1,0.4133800419013035,0.2045181664488639,-1.4835185954765777,3,-3.545037559167808,722.9,5.4,33.4
0.297,0.302,U8,MN8014,24.999863047889963,4.040020180742708,WPG,SSPG,0.1,0.4133780501149449,0.20452390651837848,-1.4838285695099682,3,-3.545349153281423,723.0,5.4,33.4
0.297,0.302,U8,MN8014,24.999803404562005,4.0396784475764855,WPG,SSPG,0.1,0.4133750850762104,0.20451596690308058,-1.4835555862509078,2,-3.5454582262440812,722.9,5.4,33.4
0.297,0.302,U8,MN8014,24.999832937869353,4.039672148536274,WPG,SSPG,0.1,0.4133779786999262,0.20450476792304806,-1.4836716787467414,2,-3.545226686146643,722.9,5.4,33.4
0.297,0.302,U8,MN8014,24.99982076272175,4.039552681331283,WPG,SSPG,0.1,0.4133804634681126,0.20450672561565766,-1.4836286225328659,0,-3.544941379344275,722.9,5.4,33.4
0.297,0.302,U8,MN8014,24.999830925693857,4.0398582789935595,WPG,SSPG,0.1,0.41337894580086676,0.20449730263151247,-1.4837527072927121,1,-3.5451658754282906,722.9,5.4,33.4
0.297,0.302,U8,MN8014,24.999831903659217,4.0397288041188935,WPG,SSPG,0.1,0.41337769686548803,0.20450685235749705,-1.4836832065193661,7,-3.545419939785905,722.9,5.4,33.4
0.297,0.302,U8,MN8014,24.999826265046817,4.039784060458403,WPG,SSPG,0.1,0.4133776369378954,0.20450118369415066,-1.4837486873931507,5,-3.54545146245988,722.9,5.4,33.4
0.297,0.302,U8,MN8014,24.999833490883315,4.03987358651641,WPG,SSPG,0.1,0.4133749090037767,0.20449836199724192,-1.4837236230369202,5,-3.5453593669110433,722.9,5.4,33.4
0.297,0.302,U8,MN8014,24.99983621451999,4.039632251381215,WPG,SSPG,0.1,0.4133762176619665,0.2045043172866263,-1.4836986045905851,5,-3.545463415314236,722.9,5.4,33.4
0.297,0.302,U8,MN8014,24.999805533072266,4.039551719277615,WPG,SSPG,0.1,0.4133805268291123,0.20450267399442046,-1.4836796744860792,2,-3.544981730679435,722.9,5.4,33.4
0.297,0.302,U8,MN8014,24.999800048342678,4.039439828511258,WPG,SSPG,0.1,0.413379393426316,0.20450871978633142,-1.4836835334428804,3,-3.545413880454289,722.9,5.4,33.4
0.297,0.302,U8,MN8014,24.99982560864641,4.039709233058988,WPG,SSPG,0.1,0.41337942494973196,0.2045091458557708,-1.4836447031495925,2,-3.5452279421096122,722.9,5.4,33.4
0.297,0.302,U8,MN8014,24.99979249589415,4.039551126470797,WPG,SSPG,0.1,0.413379343071719,0.20450350276544768,-1.4836927859752227,4,-3.5451820197992614,722.9,5.4,33.4
0.297,0.302,U8,MN8014,24.999815213623418,4.039556152580221,WPG,SSPG,0.1,0.41337909666531314,0.20450104959767265,-1.483701597849396,4,-3.545103249265786,722.9,5.4,33.4
0.297,0.302,U8,MN8014,24.999822589212013,4.039671251941566,WPG,SSPG,0.1,0.41337545477451987,0.2045212236981217,-1.483507379508552,4,-3.5454664705161463,722.9,5.4,33.4
0.297,0.302,U8,MN8014,24.99979721579999,4.039440082962628,WPG,SSPG,0.1,0.41337956310106794,0.2045173626051776,-1.4835909622133152,2,-3.545401122658884,722.9,5.4,33.4
0.297,0.302,U8,MN8014,24.999807314032957,4.039490340276676,WPG,SSPG,0.1,0.41337984034328634,0.20451446785997843,-1.4836262227417276,3,-3.5454006733530132,722.9,5.4,33.4
0.297,0.302,U8,MN8014,24.99979075344301,4.039313312122053,WPG,SSPG,0.1,0.4133801474287435,0.20451122199979666,-1.4836394107971849,4,-3.545274319989618,722.9,5.4,33.4
0.297,0.302,U8,MN8014,24.99980580911475,4.03941662680323,WPG,SSPG,0.1,0.41338000781577044,0.2045088884032134,-1.4836933359421391,3,-3.5454280470271424,722.9,5.4,33.4
0.297,0.302,U8,MN8014,24.99980003853043,4.039401062629884,WPG,SSPG,0.1,0.41337893085345523,0.2045107531111364,-1.4836468265956089,7,-3.545369727459903,722.9,5.4,33.4
0.297,0.302,U8,MN8014,24.999798274297262,4.039386759338045,WPG,SSPG,0.1,0.4133795273226889,0.20451368414740428,-1.4836148128649689,0,-3.5453243815376627,722.9,5.4,33.4
0.297,0.302,U8,MN8014,24.999804656634076,4.0393653103412825,WPG,SSPG,0.1,0.4133817590510203,0.20451110563466515,-1.4836723532158267,3,-3.5453183522155047,722.9,5.4,33.4
0.297,0.302,U8,MN8014,24.999800479809583,4.039352393459683,WPG,SSPG,0.1,0.41338155330724896,0.20451936208630445,-1.4835839375355429,4,-3.545332719645719,722.9,5.4,33.4
0.297,0.302,U8,MN8014,24.999804450870446,4.03940845825749,WPG,SSPG,0.1,0.4133815543706696,0.2045134770461072,-1.483627112602633,3,-3.5452308016034504,722.9,5.4,33.4
0.297,0.302,U8,MN8014,24.99980293709703,4.039420388686489,WPG,SSPG,0.1,0.4133807566527324,0.2045136947671682,-1.483616965990303,5,-3.5452476058068605,722.9,5.4,33.4
0.297,0.302,U8,MN8014,24.99981206411865,4.039504937777874,WPG,SSPG,0.1,0.41338199469430104,0.20451480506624903,-1.483652225371509,5,-3.5453984928054574,722.9,5.4,33.4
0.297,0.302,U8,MN8014,24.999814901706678,4.039525383460489,WPG,SSPG,0.1,0.41338087632457476,0.20450857107268375,-1.483684903880042,5,-3.545303227660092,722.9,5.4,33.4
0.297,0.302,U8,MN8014,24.999822326374378,4.039664174610946,WPG,SSPG,0.1,0.41338067259721123,0.20451405702440495,-1.4836488456900718,7,-3.5454304939416073,722.9,5.4,33.4
0.297,0.302,U8,MN8014,24.999816919045,4.039614808570346,WPG,SSPG,0.1,0.4133796962777822,0.2045144833976555,-1.483615324515112,6,-3.5453528381185215,722.9,5.4,33.4
0.297,0.302,U8,MN8014,24.999813000038365,4.039537246494318,WPG,SSPG,0.1,0.4133789635479158,0.20451431822248484,-1.483593486875904,1,-3.545284994676095,722.9,5.4,33.4
0.297,0.302,U8,MN8014,24.99982116874882,4.039692319168098,WPG,SSPG,0.1,0.4133793045924027,0.20450910690246815,-1.4836432020669987,2,-3.5452280412620976,722.9,5.4,33.4
0.297,0.302,U8,MN8014,24.999820576050702,4.039644486379194,WPG,SSPG,0.1,0.4133784927800987,0.20450462078114773,-1.4836909453702205,2,-3.5452849100572124,722.9,5.4,33.4
0.297,0.302,U8,MN8014,24.999823218442803,4.039607659541032,WPG,SSPG,0.1,0.41337816343099426,0.2045074031699916,-1.4836871280226869,7,-3.545439911527959,722.9,5.4,33.4
0.297,0.302,U8,MN8014,24.99981680040609,4.039589505792813,WPG,SSPG,0.1,0.4133771338745832,0.2045051925668251,-1.4836666218747505,1,-3.545288842775932,722.9,5.4,33.4
0.297,0.302,U8,MN8014,24.999833061172456,4.039704843642098,WPG,SSPG,0.1,0.4133782873749496,0.204507199439756,-1.4836868137576755,6,-3.5454152795010945,722.9,5.4,33.4
0.297,0.302,U8,MN8014,24.999833705705324,4.039715422023899,WPG,SSPG,0.1,0.41337895661717106,0.20450674848845438,-1.4836925165597592,2,-3.545372322544173,722.9,5.4,33.4
0.297,0.302,U8,MN8014,24.99984109741355,4.0397816642569575,WPG,SSPG,0.1,0.41337988406760506,0.20450515717465062,-1.4837271456603633,3,-3.5453947925544185,722.9,5.4,33.4
0.297,0.302,U8,MN8014,24.99984809883091,4.039818806779161,WPG,SSPG,0.1,0.4133797396545732,0.204505898084714,-1.4837227472980479,3,-3.5454207555493493,722.9,5.4,33.4
0.297,0.302,U8,MN8014,24.999843577468663,4.039792826238187,WPG,SSPG,0.1,0.41338018649293473,0.20450421690284845,-1.4837245618157129,0,-3.545307987880978,722.9,5.4,33.4
0.297,0.302,U8,MN8014,24.999842310599625,4.03976234717606,WPG,SSPG,0.1,0.41338064789365253,0.20450505874504019,-1.4837319759538852,2,-3.5453597718142866,722.9,5.4,33.4
0.297,0.302,U8,MN8014,24.999840691693112,4.0397707309679625,WPG,SSPG,0.1,0.4133806415622746,0.20450558057750876,-1.483740674722303,4,-3.5454338177632465,722.9,5.4,33.4
0.297,0.302,U8,MN8014,24.999845362625052,4.039810894697689,WPG,SSPG,0.1,0.41338018164434653,0.2045071113681857,-1.4837081167901638,3,-3.5453817694942718,722.9,5.4,33.4
0.297,0.302,U8,MN8014,24.999835237673835,4.039705834362951,WPG,SSPG,0.1,0.4133802280629347,0.20450749808109595,-1.4837138905795584,5,-3.5454324157591497,722.9,5.4,33.4
0.297,0.302,U8,MN8014,24.999841829008588,4.039747802364972,WPG,SSPG,0.1,0.4133814444767312,0.2045055865259446,-1.4837446487081278,1,-3.5453973781707298,722.9,5.4,33.4
0.297,0.302,U8,MN8014,24.999844262607215,4.039774791063538,WPG,SSPG,0.1,0.41338123512747954,0.2045021111753424,-1.483772463386181,7,-3.5453638806462706,722.9,5.4,33.4
0.297,0.302,U8,MN8014,24.99984713286801,4.039823173207919,WPG,SSPG,0.1,0.41338101550131284,0.2044991465790602,-1.4838042231921336,1,-3.54537910116934,722.9,5.4,33.4
0.297,0.302,U8,MN8014,24.999838711416974,4.0397490670817,WPG,SSPG,0.1,0.4133804114074284,0.20450171685715357,-1.4837791606340978,2,-3.5454366182720047,722.9,5.4,33.4
0.297,0.302,U8,MN8014,24.999836823511863,4.039716042175405,WPG,SSPG,0.1,0.4133800398664712,0.20450098082819576,-1.483772188570553,2,-3.545387531511855,722.9,5.4,33.4
0.297,0.302,U8,MN8014,24.999837083699646,4.039670716908647,WPG,SSPG,0.1,0.4133809444520228,0.20450172098755096,-1.4837736246139446,0,-3.5453713224479806,722.9,5.4,33.4
0.297,0.302,U8,MN8014,24.999832045820348,4.039655985177915,WPG,SSPG,0.1,0.4133798391194346,0.20450405422230186,-1.4837421006189733,6,-3.545417144514765,722.9,5.4,33.4
0.297,0.302,U8,MN8014,24.99983529531415,4.039684413609839,WPG,SSPG,0.1,0.41337985823234025,0.20450262468567793,-1.4837628789409427,1,-3.5454430393644696,722.9,5.4,33.4
0.297,0.302,U8,MN8014,24.999843790261345,4.039747132088637,WPG,SSPG,0.1,0.41337979828815385,0.20450406346617864,-1.4837430695627527,7,-3.545421772730858,722.9,5.4,33.4
0.297,0.302,U8,MN8014,24.999835562916374,4.039695589102554,WPG,SSPG,0.1,0.41338015222841334,0.20450188199223962,-1.4837662219540162,1,-3.545398692763877,722.9,5.4,33.4
0.297,0.302,U8,MN8014,24.99983387045475,4.039669803805969,WPG,SSPG,0.1,0.4133791629867156,0.20450352181506412,-1.4837352460174515,1,-3.5454001454865356,722.9,5.4,33.4
0.297,0.302,U8,MN8014,24.999832679284303,4.039640824592012,WPG,SSPG,0.1,0.4133801012171194,0.204505380586554,-1.4837337286786647,4,-3.545428044743966,722.9,5.4,33.4
0.297,0.302,U8,MN8014,24.999835680702944,4.039689058368919,WPG,SSPG,0.1,0.4133800944635537,0.20450030069245595,-1.4837871502580857,5,-3.5454234872113073,722.9,5.4,33.4
0.297,0.302,U8,MN8014,24.999835028656072,4.039670569905652,WPG,SSPG,0.1,0.41338021939112896,0.20450445201612702,-1.483743922572046,5,-3.5454203956256496,722.9,5.4,33.4
0.297,0.302,U8,MN8014,24.999833404121215,4.039658755461975,WPG,SSPG,0.1,0.4133803796171953,0.20449942295702248,-1.483795364782054,5,-3.5453981425236254,722.9,5.4,33.4
0.297,0.302,U8,MN8014,24.99983578875504,4.039657743355932,WPG,SSPG,0.1,0.41338093748682336,0.2045034174907647,-1.4837654711413684,3,-3.5454232091466036,722.9,5.4,33.4
0.297,0.302,U8,MN8014,24.9998366244122,4.039672464073831,WPG,SSPG,0.1,0.4133808831262119,0.20450380889791736,-1.4837628148595607,4,-3.5454345790187176,722.9,5.4,33.4
0.297,0.302,U8,MN8014,24.999835590831427,4.039640222295992,WPG,SSPG,0.1,0.4133814092219778,0.20450361288547603,-1.483771118533718,4,-3.5454295332935377,722.9,5.4,33.4
0.297,0.302,U8,MN8014,24.99983968218958,4.039696855894965,WPG,SSPG,0.1,0.41338077362022385,0.2044986397346778,-1.4838177496655436,6,-3.5454401380811404,722.9,5.4,33.4
0.297,0.302,U8,MN8014,24.99983803155202,4.039674523799104,WPG,SSPG,0.1,0.4133813477462437,0.20449906823151728,-1.4838202599707362,6,-3.545436360700622,722.9,5.4,33.4
0.297,0.302,U8,MN8014,24.999835462716852,4.039628623846385,WPG,SSPG,0.1,0.4133816900571884,0.20450153858895195,-1.4837964624996065,0,-3.545426136369599,722.9,5.4,33.4
0.297,0.302,U8,MN8014,24.9998342123939,4.039620459363192,WPG,SSPG,0.1,0.41338153629978847,0.2045028688418882,-1.4837811188312247,1,-3.5454315338838054,722.9,5.4,33.4
0.297,0.302,U8,MN8014,24.999836292297,4.039640407820144,WPG,SSPG,0.1,0.4133818007961603,0.20450331359789317,-1.4837787008254417,1,-3.545424105788319,722.9,5.4,33.4
0.297,0.302,U8,MN8014,24.999834892233004,4.039638221571475,WPG,SSPG,0.1,0.4133822010035203,0.20450304134433656,-1.4837851897171055,7,-3.545414612485514,722.9,5.4,33.4
0.297,0.302,U8,MN8014,24.999835334975685,4.039629455617901,WPG,SSPG,0.1,0.41338194394282113,0.20450299070800754,-1.483784754338664,7,-3.545427645186118,722.9,5.4,33.4
0.297,0.302,U8,MN8014,24.99983468312985,4.039628134531063,WPG,SSPG,0.1,0.41338178561002936,0.20450242328835697,-1.48378299978906,6,-3.545399037230897,722.9,5.4,33.4
0.297,0.302,U8,MN8014,24.999832158331298,4.039610815561053,WPG,SSPG,0.1,0.41338122757163687,0.20450239626850347,-1.4837773438680173,5,-3.545408838751312,722.9,5.4,33.4
0.297,0.302,U8,MN8014,24.99983360914503,4.039607841825418,WPG,SSPG,0.1,0.413381245490985,0.20450174682846162,-1.4837888338590328,5,-3.5454304602267896,722.9,5.4,33.4
0.297,0.302,U8,MN8014,24.999833257586406,4.039599154200078,WPG,SSPG,0.1,0.41338165643749375,0.20450330383770055,-1.4837776334826012,0,-3.5454292725526955,722.9,5.4,33.4
0.297,0.302,U8,MN8014,24.99982867712976,4.039576868766914,WPG,SSPG,0.1,0.41338169540200276,0.2045039157821726,-1.483768751666352,3,-3.5454159324451595,722.9,5.4,33.4
0.297,0.302,U8,MN8014,24.999828944651796,4.039581316448835,WPG,SSPG,0.1,0.4133811406725608,0.20450211735263318,-1.483778945786536,7,-3.5454089584186903,722.9,5.4,33.4
0.297,0.302,U8,MN8014,24.999830843538007,4.039622803533732,WPG,SSPG,0.1,0.4133809881663176,0.20450267292798863,-1.4837756205996318,5,-3.5454324778450363,722.9,5.4,33.4
0.297,0.302,U8,MN8014,24.999827674011744,4.039577436178484,WPG,SSPG,0.1,0.4133810594660585,0.20450346621309198,-1.4837646438030248,6,-3.5454155868565884,722.9,5.4,33.4
0.297,0.302,U8,MN8014,24.999829661703604,4.039606223595987,WPG,SSPG,0.1,0.41338073990655666,0.20450323754243085,-1.483767120165247,2,-3.5454377290835755,722.9,5.4,33.4
0.297,0.302,U8,MN8014,24.99983275580869,4.0396220355979064,WPG,SSPG,0.1,0.41338059392700555,0.20450143424255532,-1.4837846131367534,3,-3.5454380824805547,722.9,5.4,33.4
0.297,0.302,U8,MN8014,24.99983157363041,4.039604502785704,WPG,SSPG,0.1,0.4133809986821952,0.20450332615849554,-1.4837671965977914,0,-3.545424065319981,722.9,5.4,33.4
0.297,0.302,U8,MN8014,24.99983290943167,4.039630901861636,WPG,SSPG,0.1,0.4133810726534145,0.20450082021451907,-1.4837971316579983,6,-3.5454347456236057,722.9,5.4,33.4
0.297,0.302,U8,MN8014,24.999834039047283,4.039628820943491,WPG,SSPG,0.1,0.41338079854068255,0.2045007663559593,-1.483793913619419,1,-3.5454343364359,722.9,5.4,33.4
0.297,0.302,U8,MN8014,24.999833696163453,4.039617363355559,WPG,SSPG,0.1,0.41338138232241095,0.2045025928343425,-1.4837816693790966,1,-3.5454303132484277,722.9,5.4,33.4
0.297,0.302,U8,MN8014,24.999832249486495,4.0396124514670735,WPG,SSPG,0.1,0.41338097544741276,0.2045012192366302,-1.4837917990760667,7,-3.5454363264092894,722.9,5.4,33.4
0.297,0.302,U8,MN8014,24.999835424750298,4.039658355657076,WPG,SSPG,0.1,0.4133807316448944,0.20450120268730015,-1.4837862876090928,5,-3.545423418490163,722.9,5.4,33.4
0.297,0.302,U8,MN8014,24.99983368425221,4.039643279274515,WPG,SSPG,0.1,0.4133805587191364,0.20450044575037205,-1.483794434463933,0,-3.545436542776171,722.9,5.4,33.4
0.297,0.302,U8,MN8014,24.999833144387864,4.039642003936509,WPG,SSPG,0.1,0.4133801539078865,0.20450130940225406,-1.4837780963252742,7,-3.5454288596446837,722.9,5.4,33.4
0.297,0.302,U8,MN8014,24.99983427476262,4.039652742246255,WPG,SSPG,0.1,0.4133805702073128,0.20450132217271708,-1.48378517924676,5,-3.5454360504519933,722.9,5.4,33.4
0.297,0.302,U8,MN8014,24.999832400919,4.039635404750064,WPG,SSPG,0.1,0.41338020109088636,0.20450246943094064,-1.4837689389709259,2,-3.545442273085717,722.9,5.4,33.4
0.297,0.302,U8,MN8014,24.99983482641741,4.039673708583792,WPG,SSPG,0.1,0.4133800335633916,0.20450062260269478,-1.483786445707972,3,-3.545442052942489,722.9,5.4,33.4
0.297,0.302,U8,MN8014,24.999835721503654,4.039676325416086,WPG,SSPG,0.1,0.4133805762735764,0.204500487155581,-1.4837939462344425,4,-3.5454344185188233,722.9,5.4,33.4
0.297,0.302,U8,MN8014,24.999835229213083,4.039675363092708,WPG,SSPG,0.1,0.41338029670678134,0.2045008209820302,-1.48378793040288,1,-3.5454417735621,722.9,5.4,33.4
0.297,0.302,U8,MN8014,24.99983623924928,4.039672651690442,WPG,SSPG,0.1,0.4133807168635695,0.2045018500574839,-1.4837822870707411,7,-3.5454391050500487,722.9,5.4,33.4
0.297,0.302,U8,MN8014,24.999834845094366,4.039660976037395,WPG,SSPG,0.1,0.4133804363119183,0.2045009704267763,-1.4837875083628234,2,-3.545438034904775,722.9,5.4,33.4
