thigh_length,calf_length,motor_left_name,motor_right_name,gear_left_ratio,gear_right_ratio,gearbox_left,gearbox_right,torso_distance,ik_height,ori_l,ori_theta,best_index,best_cost,ac1,ac2,ac3
0.297,0.302,U12,MN8014,11.496122071425043,10.1242066369032,CPG,CPG,0.1,0.3205817634434413,0.2027474218816567,-0.2739116627963154,2,8.06805057505212,515.5,5.0,29.6
0.297,0.302,U12,MN8014,13.065703494061852,12.57329633162058,CPG,CPG,0.1,0.3623474701523241,0.20882153866900446,-0.3769757185701863,3,8.262095346210156,367.9,4.2,23.2
0.297,0.302,U10,MN8014,13.496241086670933,11.615551175565695,CPG,CPG,0.1,0.31997855189972896,0.20353719411491145,-0.14594289998043508,3,1.8066580958301781,511.8,5.1,29.5
0.297,0.302,U12,MN8014,14.63732340589052,11.527019237682085,CPG,CPG,0.1,0.3577635958637408,0.20212722982757161,0.08485234837637878,5,8.207280511748152,573.8,4.6,32.3
0.297,0.302,U12,MN8014,14.805362072557044,9.217410451276209,CPG,CPG,0.1,0.3869136992069291,0.2018925477924856,0.23806421428893354,2,2.8262627720535027,419.8,5.1,28.6
0.297,0.302,U10,MN8014,15.959825049114922,10.086649443739882,CPG,CPG,0.1,0.38509171580347723,0.20278314828037697,0.42324966802322006,0,1.429115970897465,512.1,6.0,31.2
0.297,0.302,U10,VT8020,13.86344439921141,10.075614105837111,CPG,CPG,0.1,0.40481226180422564,0.22967778569469977,0.6725129990162753,6,1.103209631127994,606.0,6.5,33.5
0.297,0.302,U10,VT8020,11.270424595136681,9.383096476082954,CPG,CPG,0.1,0.396519599074549,0.2026705158881269,0.6588020935727523,6,0.7010980306019032,530.0,6.6,40.3
0.297,0.302,U10,VT8020,14.66845621417601,7.797271135020091,CPG,CPG,0.1,0.44882929080572886,0.21309031777052162,1.2130787328203234,3,0.4393807370621481,577.6,7.5,37.8
0.297,0.302,U10,MN8014,11.459266754347837,8.370403986702893,CPG,CPG,0.1,0.40229360060030517,0.22633492653204557,0.9723478107289618,0,0.3831473573938453,578.5,6.8,36.5
0.297,0.302,U8,VT8020,14.145244242048541,9.769871857857726,CPG,CPG,0.1,0.41711273941701565,0.29332265501334964,1.110888134733913,2,2.4093426582382964,630.1,5.1,29.1
0.297,0.302,U10,MN8014,11.229123224795394,10.040582694555932,CPG,CPG,0.1,0.420226891208878,0.22447535437594,1.0337370860911679,2,0.017402766972695716,612.2,4.3,32.5
0.297,0.302,U10,MN8014,11.529814195753676,14.424606540022914,CPG,CPG,0.1,0.4386391741364354,0.2585318064890372,0.9912435998799038,4,0.45443170895914164,584.8,5.1,28.4
0.297,0.302,U10,MN8014,10.7305309967611,11.299600489453884,CPG,CPG,0.1,0.4229114537574362,0.2978564324235702,0.8388532340817876,5,1.111809298164415,543.6,3.4,31.6
0.297,0.302,U10,MN8014,13.250621588424229,13.731919608291502,CPG,CPG,0.1,0.4025841593676775,0.21839860772194516,0.96821944071023,1,0.6794809765100602,636.9,4.2,27.2
0.297,0.302,U10,MN8014,8.60250837440424,14.139957810700121,CPG,CPG,0.1,0.43718494275942565,0.2787925585135175,1.3218787275176047,5,0.2837810007715511,647.3,2.7,22.9
0.297,0.302,U10,VT8020,9.987987325329378,16.74691130102371,CPG,CPG,0.1,0.447573094697611,0.28430477997122067,1.1473251209258066,6,0.9373350427844844,707.2,3.2,26.1
0.297,0.302,U10,MN8014,11.039149268195573,17.165888113568606,CPG,WPG,0.1,0.4447306125881405,0.26960269982868595,0.9142352385828918,1,0.8444788747936665,479.3,2.8,37.4
0.297,0.302,U10,MN8014,9.295559751752624,13.112150453095623,CPG,CPG,0.1,0.4694154726684795,0.2950281322491772,0.7959686439147231,6,0.3892177045446923,633.0,3.8,33.6
0.297,0.302,U10,MN8014,10.578239039341476,13.73259510111552,CPG,CPG,0.1,0.4265245494334612,0.25449734343809616,0.9173753851678348,6,0.31391170166043025,638.3,4.0,31.5
0.297,0.302,U8,MN8014,7.367965887020372,11.968484701976905,CPG,CPG,0.1,0.45810066549517836,0.3323143273857576,0.7369391807962331,7,0.047716908963935545,565.3,3.0,38.4
0.297,0.302,U8,MN8014,8.787476817598392,15.09276901635341,CPG,CPG,0.1,0.4735668891621916,0.33953069929199287,0.8159027278064146,0,-0.15633696448367118,694.4,3.9,38.1
0.297,0.302,U8,MN8014,4.379722582034672,13.001583358560636,CPG,CPG,0.1,0.475648496628709,0.26941470633017917,1.014739701201599,2,-0.33213897187914654,695.1,2.8,40.9
0.297,0.302,U8,MN8014,4.693695978809309,13.276287448099705,CPG,CPG,0.1,0.47297316666636136,0.20160277178702476,0.7909705347842073,4,0.19704092149803465,586.4,3.9,36.4
0.297,0.302,U8,VT8020,5.3994046211062825,10.912252286557749,CPG,CPG,0.1,0.454502556913974,0.20650115944696404,0.6884509724781722,7,0.11357811082239522,554.3,6.6,49.8
0.297,0.302,U8,VT8020,4.417971740745505,11.854713787614209,CPG,CPG,0.1,0.4356889647365003,0.2117616218851869,0.736361953776032,3,-0.18135667054595572,587.5,4.3,38.5
0.297,0.302,U10,VT8020,5.332384915134548,10.281328166132422,CPG,CPG,0.1,0.43541622975315153,0.244130154410755,0.7193603647362332,6,0.2728553999504353,548.3,3.8,41.8
0.297,0.302,U10,MAD_M6C12,4.313995202973822,15.780664821278753,CPG,CPG,0.1,0.4402815768581943,0.25487476641275253,0.9568745618719081,0,-0.44188443112840226,671.1,5.5,40.2
0.297,0.302,U10,MAD_M6C12,4.028557403483132,16.22701997937119,CPG,CPG,0.1,0.42915611367899564,0.23289926893729393,1.1149766633832332,4,-0.485838649768799,565.4,6.4,36.1
0.297,0.302,U10,MAD_M6C12,5.93857775463777,16.557622437933848,SSPG,CPG,0.1,0.43593052480264827,0.29102823576955,1.162181532673515,1,-0.2821164254133324,618.7,6.2,28.7
0.297,0.302,U10,MAD_M6C12,5.728905507665289,13.908983237064495,SSPG,CPG,0.1,0.3743635448055815,0.20159739558502163,0.6980710948711764,7,0.37561353638651696,461.7,8.3,42.3
0.297,0.302,U10,MAD_M6C12,4.000258236205528,12.594181580263731,CPG,CPG,0.1,0.3784317470022447,0.20050716577109648,0.8968742680580268,6,-0.33638220514535533,556.2,7.5,35.4
0.297,0.302,U8,MAD_M6C12,4.04780192284631,17.92132855650476,CPG,WPG,0.1,0.4525167669264914,0.279404219809147,0.8147510657756323,5,-0.6761925455901396,646.4,7.0,22.9
0.297,0.302,U10,MAD_M6C12,4.479831912611789,17.113811412709662,CPG,WPG,0.1,0.41331711923615294,0.21466963391881133,1.2368957975007384,1,-0.4637013031162365,619.8,8.4,26.6
0.297,0.302,U8,MAD_M6C12,8.867883198931942,14.107428563447833,CPG,CPG,0.1,0.4202436556053269,0.2117134734622856,1.0047262549511737,7,-0.8603993421929674,500.7,9.2,32.5
0.297,0.302,U8,MAD_M6C12,7.873998282242409,13.072745979332812,CPG,CPG,0.1,0.42709581625274035,0.2524269362809822,0.6879044200487048,0,-0.8010348727273682,536.8,9.6,32.5
0.297,0.302,U8,MAD_M6C12,13.700965294451837,15.189589308229934,CPG,CPG,0.1,0.42509229114443486,0.21377961154987865,1.1411002660560032,1,-0.667631587039879,549.0,9.7,28.8
0.297,0.302,U8,MAD_M6C12,6.557718747491345,15.345220122698569,CPG,CPG,0.1,0.43349488246672163,0.20013298117495953,1.5635506685621006,1,-0.8967799220336419,632.8,9.9,31.6
0.297,0.302,U8,MAD_M6C12,6.1595822663493,16.01676436755054,CPG,CPG,0.1,0.4451414377753391,0.2001937881645308,1.4953548617009549,1,-0.1777564770503437,744.4,9.1,33.3
0.297,0.302,U8,MAD_M6C12,6.433021853969207,15.162755827224789,CPG,CPG,0.1,0.4570971611838648,0.21531514387933065,1.5655274201287357,4,-0.7217566064783538,714.7,9.9,36.1
0.297,0.302,U8,MAD_M6C12,8.322276832305764,15.734896174014734,CPG,CPG,0.1,0.448734463504736,0.20716437791197323,1.5599173540041718,4,-0.7928295184279177,595.8,9.2,30.8
0.297,0.302,U8,MAD_M6C12,5.2154296721761835,18.210520585384405,SSPG,WPG,0.1,0.43133519414076305,0.22334716250297573,1.3261524466557502,4,-1.0821883066287636,651.4,9.9,29.0
0.297,0.302,U8,MAD_M6C12,4.000304329645667,16.10637120963257,CPG,WPG,0.1,0.4091978201980138,0.20152618985791063,1.1108053010819212,2,-1.2438206726342456,616.3,8.2,37.9
0.297,0.302,U8,MAD_M6C12,5.3011741007358,17.54164801073353,CPG,CPG,0.1,0.4289330132336982,0.24183326190374463,1.423949022703563,4,-1.1914314540821511,613.5,8.4,25.4
0.297,0.302,U8,MAD_M6C12,6.482655005506524,17.45785910781664,CPG,CPG,0.1,0.4335147498874856,0.235471469723781,1.1437825729124906,2,-1.067093641580211,656.3,10.0,33.9
0.297,0.302,U8,MAD_M6C12,4.9150209133182425,18.526951507766604,CPG,WPG,0.1,0.3977221925624498,0.22225220561157463,1.0948206628236266,2,-1.2362846981144138,652.6,7.9,29.2
0.297,0.302,U8,MAD_M6C12,4.483199398490498,18.27283701691132,CPG,WPG,0.1,0.3991432142804505,0.20175542209607472,1.367501389722586,2,-1.173060741861411,726.7,7.8,29.9
0.297,0.302,U8,MAD_M6C12,4.758866042182694,19.6215546678563,CPG,WPG,0.1,0.41527099827089586,0.2052242217347995,1.511507836439265,7,-1.346411228460191,741.1,7.1,21.1
0.297,0.302,U8,MAD_M6C12,4.961934315081146,19.3477056818127,CPG,WPG,0.1,0.4042962655083623,0.23288668462398088,1.5511796588929228,6,-1.366736359224472,763.6,7.1,27.1
0.297,0.302,U8,MAD_M6C12,4.2123173637794595,19.03503128932628,CPG,WPG,0.1,0.4225251649257796,0.2109827296658416,1.403407025562895,3,-1.3599671939523912,767.2,7.7,24.7
0.297,0.302,U8,MAD_M6C12,4.512575239110959,21.962378637068916,CPG,WPG,0.1,0.4322221285805373,0.21822584407583107,1.5469486084281914,6,-1.3606453418697093,844.0,9.4,17.1
0.297,0.302,U8,MAD_M6C12,4.397102464874802,20.568463173143336,CPG,WPG,0.1,0.42954852084465706,0.20051806869175876,1.5701356487744014,5,-1.366606095429228,764.0,9.0,21.8
0.297,0.302,U8,MAD_M6C12,4.031170553434374,20.80753547051992,CPG,WPG,0.1,0.4189926520502857,0.22201163843967517,1.464002112083917,1,-1.3248663733584394,781.9,9.1,20.3
0.297,0.302,U8,MAD_M6C12,4.496726094421062,21.356153266383114,CPG,WPG,0.1,0.4222204033304051,0.21442704073037402,1.1328482271922367,1,-1.5019561613280388,806.8,8.1,15.6
0.297,0.302,U8,MAD_M6C12,4.633756878486566,21.307599989719403,CPG,WPG,0.1,0.41162290976263927,0.2000142421070323,1.3145771947895657,7,-1.4716553405775556,824.0,7.9,12.1
0.297,0.302,U8,MAD_M6C12,4.454580090311489,21.50622587079013,CPG,WPG,0.1,0.4243843380371617,0.20278437382983588,1.569255122751965,2,-1.4050541385630932,835.5,9.2,14.8
0.297,0.302,U8,MAD_M6C12,4.179865061977972,21.689606420761592,CPG,WPG,0.1,0.42293823636186545,0.2000820145568805,1.566872056800181,3,-1.4131243720132964,850.2,7.8,12.4
0.297,0.302,U8,MAD_M6C12,4.1257253712101765,22.523639390922984,CPG,WPG,0.1,0.41932579067240394,0.20770811246968793,1.5209818808071192,5,-1.4850012076639771,886.4,8.0,11.3
0.297,0.302,U8,MAD_M6C12,4.012725877380247,23.061615414591774,CPG,WPG,0.1,0.4102111911470955,0.20170830584932395,1.2330838761211145,3,-1.3158483171205866,865.3,9.1,14.0
0.297,0.302,U8,MAD_M6C12,4.049109161776522,22.475391682862547,CPG,WPG,0.1,0.419703777433047,0.224265713852082,1.3110606521929573,2,-1.5243365442118773,885.2,7.6,17.1
0.297,0.302,U8,MAD_M6C12,4.014322162257904,21.003374342055828,CPG,WPG,0.1,0.42130380487288055,0.20715667002452776,1.1668382422837644,6,-1.4878236871113177,845.4,7.8,12.3
0.297,0.302,U8,MAD_M6C12,4.00265933271418,21.260620324128826,CPG,WPG,0.1,0.4318776615986368,0.2022793087360786,0.643385320545184,7,-1.4687217305692126,846.3,8.2,13.1
0.297,0.302,U8,MAD_M6C12,4.497232057795291,21.363417633672952,CPG,WPG,0.1,0.4415150175967334,0.20128872997999606,1.1856958755147078,2,-1.3363615972310257,810.5,7.5,10.0
0.297,0.302,U8,MAD_M6C12,4.022560813220713,21.61577684214179,CPG,WPG,0.1,0.43709334318221615,0.20301056904228826,1.0118438929045648,6,-1.3759765280622407,883.4,6.4,14.9
0.297,0.302,U8,MAD_M6C12,4.017328507173805,23.733111631251813,CPG,WPG,0.1,0.4368749438656026,0.2145903889050603,0.8859246160835803,7,-1.3376953508158866,929.5,5.8,13.7
0.297,0.302,U8,MAD_M6C12,4.002360835183568,22.689448847536944,CPG,WPG,0.1,0.44528575712000373,0.2140204405817004,0.5667457365777282,5,-1.1836087487869822,814.9,7.9,13.8
0.297,0.302,U8,MAD_M6C12,4.457596000529,22.69484774657306,CPG,WPG,0.1,0.4321080118226801,0.20006041626497567,0.8654370587332005,5,-1.4896957095005767,894.1,7.6,14.7
0.297,0.302,U8,MAD_M6C12,4.006801608735749,24.176945630560276,CPG,WPG,0.1,0.42127002587731327,0.20320443648520176,0.5077782629175771,3,-1.2929583234648518,909.8,7.1,14.5
0.297,0.302,U8,MAD_M6C12,4.027706567844815,23.98438103404843,CPG,WPG,0.1,0.44333107668226557,0.20065095634537505,0.41964278591741566,5,-1.3793603648287096,907.8,6.6,18.1
0.297,0.302,U8,MAD_M6C12,5.190801570037386,24.21928725136532,SSPG,WPG,0.1,0.41631042327082185,0.2001277631874436,0.6085727808050048,5,-1.2808231762222064,866.2,7.2,18.1
0.297,0.302,U8,MAD_M6C12,4.002256945361034,23.95043328516357,CPG,WPG,0.1,0.4153857667708192,0.20279021002854924,0.4862065738653323,7,-1.3460288380382384,871.5,8.2,20.2
0.297,0.302,U8,MAD_M6C12,4.449909621624813,23.78057333718378,CPG,WPG,0.1,0.4161322834757575,0.20362172694945888,0.6418002507937817,0,-1.4128089369395447,903.7,8.2,20.7
0.297,0.302,U8,MAD_M6C12,4.017846392827683,23.98251005161937,CPG,WPG,0.1,0.4271076773950067,0.2002420761182268,0.9209075430375213,7,-1.5012632205387249,863.3,7.8,20.8
0.297,0.302,U8,MAD_M6C12,4.029914155894256,24.15965085967397,CPG,WPG,0.1,0.4218423084440116,0.20378304451859458,0.8043163581792188,7,-1.4393980181356483,867.9,7.1,22.8
0.297,0.302,U8,MAD_M6C12,4.184763060906001,23.3906250311399,CPG,WPG,0.1,0.4258578570189713,0.20267589731731395,0.8256513615360968,4,-1.4761153402127132,910.0,6.5,25.6
0.297,0.302,U8,MAD_M6C12,4.2157746453286125,22.750139067072624,CPG,WPG,0.1,0.44171626485752935,0.2001051433987385,0.4538455847371945,6,-1.4724336649501577,890.9,7.0,19.7
0.297,0.302,U8,MAD_M6C12,4.0060987080923445,22.446067361286374,CPG,WPG,0.1,0.4234328660943742,0.20671871623190335,0.9022541753227267,3,-1.5048049274608974,871.0,7.2,23.7
0.297,0.302,U8,MAD_M6C12,4.026346413946805,22.717311165902633,CPG,WPG,0.1,0.4266591160177742,0.20458244317420374,0.7413947722351102,2,-1.4804322278037425,841.8,7.9,19.0
0.297,0.302,U8,MAD_M6C12,4.017525640194734,22.479246918479404,CPG,WPG,0.1,0.42705218249352084,0.20192402648233065,0.8574819874013855,3,-1.491446647254845,816.7,7.9,21.7
0.297,0.302,U8,MAD_M6C12,4.1035896522053665,21.617184550398918,CPG,WPG,0.1,0.4249602514559036,0.20150808245196186,0.7286016658774468,7,-1.4666257724378973,854.8,6.5,21.1
0.297,0.302,U8,MAD_M6C12,4.029436757674539,22.68212612914403,CPG,WPG,0.1,0.4226140400777172,0.20202810443792094,0.6276202156819641,3,-1.4479917873644776,833.5,7.2,19.9
0.297,0.302,U8,MAD_M6C12,4.501315813108045,23.71647827063675,CPG,WPG,0.1,0.4257203908633073,0.20014925636882314,0.7378240192216952,2,-1.4573659005313324,869.7,7.4,18.2
0.297,0.302,U8,MAD_M6C12,4.039047285764858,23.434829253567322,CPG,WPG,0.1,0.42643370201666364,0.2002547199510428,0.8165229596930383,2,-1.4341027387780692,863.6,7.6,20.0
0.297,0.302,U8,MAD_M6C12,4.1068792586380045,22.832934755314504,CPG,WPG,0.1,0.42593167196360304,0.2001513257759031,0.7818238664368833,3,-1.4750301330517388,868.3,7.8,17.4
0.297,0.302,U8,MAD_M6C12,4.200564667785731,23.00302661943277,CPG,WPG,0.1,0.43314234312860267,0.20879116119165522,0.7423139629038071,2,-1.4560340581942999,858.6,7.8,19.1
0.297,0.302,U8,MAD_M6C12,4.001763508877992,22.66744887302442,CPG,WPG,0.1,0.42288117250603463,0.2048387883627745,0.6789091937738814,0,-1.4736539528318335,848.6,7.4,16.8
0.297,0.302,U8,MAD_M6C12,4.225501998748688,22.79029760924181,CPG,WPG,0.1,0.4284118870908191,0.21016504526298382,0.6074920932246162,6,-1.4901137055843172,870.7,7.7,20.4
0.297,0.302,U8,MAD_M6C12,4.064613445741353,23.011460043352336,CPG,WPG,0.1,0.4298850881506594,0.20378898450649266,0.6854843646951316,3,-1.4602594068715895,879.1,7.1,18.4
0.297,0.302,U8,MAD_M6C12,4.163468444479056,23.832156740588132,CPG,WPG,0.1,0.426841371933962,0.20182117472772876,0.5776242974105394,7,-1.4825862415959001,885.9,7.4,18.3
0.297,0.302,U8,MAD_M6C12,4.454995165971256,22.94029932996771,CPG,WPG,0.1,0.42062050765540593,0.20270914570849988,0.5990931054511068,4,-1.4253221676826833,879.7,7.2,19.0
0.297,0.302,U8,MAD_M6C12,4.025161601666498,22.398867367606147,CPG,WPG,0.1,0.430295807086468,0.20000051094893379,0.6334917780430396,5,-1.5474603095836734,905.4,7.5,18.6
0.297,0.302,U8,MAD_M6C12,4.130515390310995,22.766276444145365,CPG,WPG,0.1,0.43263971627447007,0.20153113213563906,0.4786811253051795,2,-1.534744260658158,896.7,7.3,19.1
0.297,0.302,U8,MAD_M6C12,4.0113868921096305,22.51448094930491,CPG,WPG,0.1,0.43104102170756253,0.20166923008565216,0.6336387447861558,7,-1.4880217342322712,895.8,7.5,17.6
0.297,0.302,U8,MAD_M6C12,4.032257862882354,22.651576051786872,CPG,WPG,0.1,0.42985425087689777,0.2000189418593685,0.7135680011979182,4,-1.5460766471992002,885.3,7.4,17.1
0.297,0.302,U8,MAD_M6C12,4.001437645894658,22.397074452935534,CPG,WPG,0.1,0.4278401980147523,0.20097014411639538,0.5296104197382427,4,-1.5387150319367997,869.0,6.8,20.1
0.297,0.302,U8,MAD_M6C12,4.018554227573553,22.733831276894193,CPG,WPG,0.1,0.43089784299734857,0.20088807824756272,0.7219457303829988,4,-1.5168488356833159,877.6,6.8,18.2
0.297,0.302,U8,MAD_M6C12,4.00514558631647,22.513192494249644,CPG,WPG,0.1,0.434911480785713,0.20012306778948485,0.8093090395706457,5,-1.523653309534966,862.3,7.1,19.3
0.297,0.302,U8,MAD_M6C12,4.171372422330711,22.53992749997647,CPG,WPG,0.1,0.4246307783730078,0.2003775306374169,0.7697027072016414,1,-1.5373891845410483,884.9,6.8,18.3
0.297,0.302,U8,MAD_M6C12,4.0190853985195405,22.491090448027144,CPG,WPG,0.1,0.4245947819798701,0.20049619641768437,0.9634067521088059,6,-1.5478145282169002,882.8,6.7,16.3
0.297,0.302,U8,MAD_M6C12,4.003268446243529,22.821398135463998,CPG,WPG,0.1,0.424540717795413,0.20411907562362017,0.8588109018799712,7,-1.5767375827175236,908.7,6.6,15.4
0.297,0.302,U8,MAD_M6C12,4.016001272065976,22.769615274625902,CPG,WPG,0.1,0.4244734789469679,0.20875288396619981,0.8208441753858335,6,-1.5887920909336906,921.8,6.2,15.8
0.297,0.302,U8,MAD_M6C12,4.155560272298566,22.579820292467147,CPG,WPG,0.1,0.42085807745228554,0.20726294423047217,0.9234782298221837,0,-1.4388189271775573,908.3,6.0,17.9
0.297,0.302,U8,MAD_M6C12,4.356516389558754,22.828797218483594,CPG,WPG,0.1,0.4234300540991447,0.20250276112056897,0.8666275082570931,6,-1.5802673099732445,916.4,5.7,15.6
0.297,0.302,U8,MAD_M6C12,4.418629024488706,22.443667326338144,CPG,WPG,0.1,0.42571795907387033,0.20718518128965344,1.0743044182749175,3,-1.517363772945174,917.0,5.7,15.2
0.297,0.302,U8,MAD_M6C12,4.220731816677692,22.441484194997624,CPG,WPG,0.1,0.4302030775766159,0.20712396917172138,1.0129098534634884,5,-1.5512849194136198,936.4,5.7,14.7
0.297,0.302,U8,MAD_M6C12,4.037854663368623,23.0363229203662,CPG,WPG,0.1,0.42348515297834133,0.21437877781494283,1.3765702274435108,1,-1.5246776742389407,972.2,5.4,13.4
0.297,0.302,U8,MAD_M6C12,4.171313205520138,21.381200526887397,CPG,WPG,0.1,0.4264113961261142,0.20507628636345693,0.9829947749960208,5,-1.5459303707322913,956.9,4.9,15.6
0.297,0.302,U8,MAD_M6C12,4.100203151061037,21.42156402615203,CPG,WPG,0.1,0.4352302514160854,0.20091153845316517,1.360990867303256,1,-1.494417017052946,952.0,5.7,14.3
0.297,0.302,U8,MAD_M6C12,4.020176234476962,21.378396784313438,CPG,WPG,0.1,0.43300682731135776,0.2068554124201404,1.1362216537485432,5,-1.5437931352645027,956.3,5.7,13.2
0.297,0.302,U8,MAD_M6C12,4.002904808772712,21.3536545915875,CPG,WPG,0.1,0.435401307214483,0.20801350916601122,1.4347629046917065,1,-1.4969896212672609,929.2,5.1,12.1
0.297,0.302,U8,MAD_M6C12,4.089142985283274,22.002676227379943,CPG,WPG,0.1,0.43008595744417993,0.20989266968336154,1.3164655924040836,2,-1.4186391103483622,923.2,5.2,11.0
0.297,0.302,U8,MAD_M6C12,4.126392449656322,22.353589898022566,CPG,WPG,0.1,0.43383672466990764,0.21060904629086272,1.465303418001708,3,-1.4946163002490849,924.6,5.2,10.4
0.297,0.302,U8,MAD_M6C12,4.086363715503665,22.032976594164484,CPG,WPG,0.1,0.43375629527082754,0.21885806512817754,1.5223708913244267,7,-1.3756888600996984,931.4,5.8,11.0
0.297,0.302,U8,MAD_M6C12,4.11340001870157,22.959241756464127,CPG,WPG,0.1,0.43393627611841107,0.21058291560393275,1.444019665841862,0,-1.436464888955289,890.4,5.7,11.6
0.297,0.302,U8,MAD_M6C12,4.045257006847366,22.671830030602464,CPG,WPG,0.1,0.43602258388306214,0.21380069209274657,1.5588794061830566,7,-1.4046244559860916,908.4,6.6,10.3
0.297,0.302,U8,MAD_M6C12,4.001998115727271,22.381674926640695,CPG,WPG,0.1,0.44013213136974444,0.21133219211889268,1.512399489569911,6,-1.445455180095058,911.2,5.6,10.0
0.297,0.302,U8,MAD_M6C12,4.015489262864155,22.534633277115148,CPG,WPG,0.1,0.4414809093260363,0.2039682589604272,1.5063412987800282,2,-1.446380869583706,877.1,6.6,11.2
0.297,0.302,U8,MAD_M6C12,4.026616235090054,22.529506366299252,CPG,WPG,0.1,0.43114893183219405,0.20199323989808501,1.2064864784395053,0,-1.5113516441211257,823.2,6.3,15.0
0.297,0.302,U8,MAD_M6C12,4.0858529066900635,22.439132543900453,CPG,WPG,0.1,0.4232615218826845,0.20271441845946447,1.3752245182024962,1,-1.5129349677149033,827.3,6.9,15.4
0.297,0.302,U8,MAD_M6C12,4.004356775734133,22.71127770806655,CPG,WPG,0.1,0.42917604191172354,0.20004504699764877,1.5689909849565336,1,-1.5094506206052039,877.3,6.3,13.8
0.297,0.302,U8,MAD_M6C12,4.536313289175778,23.029777627806318,CPG,WPG,0.1,0.4282440328689926,0.2016181072020975,1.525743663200784,5,-1.5022313286940943,855.5,6.1,14.2
0.297,0.302,U8,MAD_M6C12,4.109736889507909,22.544986659636542,CPG,WPG,0.1,0.4272412519978578,0.20561753265143323,1.493113024044236,4,-1.5177309661432812,886.8,6.2,15.4
0.297,0.302,U8,MAD_M6C12,4.037620374903071,22.539137900792284,CPG,WPG,0.1,0.4250588364108404,0.20845011223925597,1.465366668058457,5,-1.5424047030491526,875.1,6.4,16.3
0.297,0.302,U8,MAD_M6C12,4.000148873804011,22.725347043575503,CPG,WPG,0.1,0.4293269381871193,0.204475761628507,1.570713433936311,7,-1.5238405578360243,904.9,6.3,14.0
0.297,0.302,U8,MAD_M6C12,4.044186964515076,22.533889596032733,CPG,WPG,0.1,0.42565524643525365,0.20454676056119464,1.5368097126118538,4,-1.5389074351582739,888.3,5.9,16.0
0.297,0.302,U8,MAD_M6C12,4.2207062804773665,22.7721534283434,CPG,WPG,0.1,0.4256633978695783,0.20486114618328888,1.5691227150678886,3,-1.5642747688424752,864.1,6.1,15.6
0.297,0.302,U8,MAD_M6C12,4.099688083898032,22.837005294327938,CPG,WPG,0.1,0.4213154447179531,0.2041100723001803,1.5453387175320912,2,-1.5681902330446515,853.5,6.3,17.8
0.297,0.302,U8,MAD_M6C12,4.02490050624767,22.400609330746924,CPG,WPG,0.1,0.4239105511011232,0.20163106328540173,1.5697981806130339,4,-1.5193666440337612,853.0,6.0,17.4
0.297,0.302,U8,MAD_M6C12,4.005677414530894,22.800776147170094,CPG,WPG,0.1,0.42039637354751325,0.2001347771622103,1.567855127081896,5,-1.5834197644735575,858.9,6.0,16.9
0.297,0.302,U8,MAD_M6C12,4.000422495924395,22.777989422899275,CPG,WPG,0.1,0.4190749998170228,0.20500779246745063,1.5272182474671214,5,-1.5717083606057685,850.2,6.3,17.7
0.297,0.302,U8,MAD_M6C12,4.000241683138661,22.75027410530725,CPG,WPG,0.1,0.42003702836284645,0.20209035523554067,1.5681632428451078,5,-1.5723572503873626,841.2,6.5,16.9
0.297,0.302,U8,MAD_M6C12,4.03595970903418,22.84708070523646,CPG,WPG,0.1,0.4206534073500076,0.20128023353318342,1.4906898330694647,1,-1.5843678310500042,846.5,6.9,18.0
0.297,0.302,U8,MAD_M6C12,4.003182186004201,22.530849326241032,CPG,WPG,0.1,0.42226942591380967,0.20068716727361194,1.4265758233009325,2,-1.5362410590732676,837.1,6.9,17.7
0.297,0.302,U8,MAD_M6C12,4.0279619823331565,22.751779667028426,CPG,WPG,0.1,0.42209280674492367,0.2007195925992193,1.394821794048954,2,-1.5730858047537932,845.4,6.9,17.7
0.297,0.302,U8,MAD_M6C12,4.00158769382752,22.825670362863704,CPG,WPG,0.1,0.4233849325320795,0.20003276394848124,1.39198148565744,3,-1.5790786749170724,824.9,7.1,19.5
0.297,0.302,U8,MAD_M6C12,4.0119465594451995,22.840400993371883,CPG,WPG,0.1,0.42843139720780854,0.20037311726310117,1.446398254696696,6,-1.605337604813565,850.1,7.3,16.4
0.297,0.302,U8,MAD_M6C12,4.004717019283901,22.503877631622238,CPG,WPG,0.1,0.42547250879151916,0.2000437710874955,1.414896726349077,0,-1.5366116174915323,831.1,7.1,17.0
0.297,0.302,U8,MAD_M6C12,4.047316718568997,22.844874217902287,CPG,WPG,0.1,0.429132243586111,0.2000156842369517,1.312520424279978,0,-1.6121877111772935,828.7,7.3,16.1
0.297,0.302,U8,MAD_M6C12,4.007490121833854,22.68003032184728,CPG,WPG,0.1,0.4277695859622549,0.20080404283481848,1.4101871801158987,6,-1.543326429534286,818.0,7.6,17.4
0.297,0.302,U8,MAD_M6C12,4.027997603965148,22.8226618677905,CPG,WPG,0.1,0.4290556105033996,0.20069115138847207,1.5379742553813753,7,-1.5983496193025886,860.4,6.9,14.5
0.297,0.302,U8,MAD_M6C12,4.007878246933529,22.753119686666373,CPG,WPG,0.1,0.4307007578746735,0.20093548067881167,1.5331814323648536,3,-1.5913004438762695,852.6,7.1,14.7
0.297,0.302,U8,MAD_M6C12,4.00224848053349,22.76841297942598,CPG,WPG,0.1,0.4300723626073686,0.20009505937496963,1.42462745246518,2,-1.5932552749626598,846.8,7.3,15.8
0.297,0.302,U8,MAD_M6C12,4.00468118786449,22.417063363096027,CPG,WPG,0.1,0.429183291402053,0.2023410949601114,1.5112966591813022,2,-1.5542062718339746,850.1,7.1,15.5
0.297,0.302,U8,MAD_M6C12,4.0649576667630365,22.424736332931396,CPG,WPG,0.1,0.43199445811961834,0.20023686717308442,1.5356356790945398,0,-1.5185870450734509,857.7,6.8,14.9
0.297,0.302,U8,MAD_M6C12,4.015155752985676,22.370187892422496,CPG,WPG,0.1,0.4304265164161135,0.20084769080231657,1.5370331932431407,6,-1.534821432707746,873.5,6.2,14.3
0.297,0.302,U8,MAD_M6C12,4.016180843324855,22.41092182626586,CPG,WPG,0.1,0.4291721612594547,0.20158685314727362,1.5504978253160604,2,-1.5497851378113445,861.7,6.7,13.8
0.297,0.302,U8,MAD_M6C12,4.013750277718029,22.784702149305573,CPG,WPG,0.1,0.43029802263677075,0.20010515352365188,1.4215448686874046,1,-1.5917750052537265,857.3,7.1,15.5
0.297,0.302,U8,MAD_M6C12,4.006978597181049,22.827827046579312,CPG,WPG,0.1,0.4295267092355637,0.2006584235831988,1.5515576117804546,4,-1.5946376656364016,850.1,7.0,13.5
0.297,0.302,U8,MAD_M6C12,4.0061644697299155,22.83836980102745,CPG,WPG,0.1,0.43036047746749095,0.2002611932028501,1.5396170846615989,7,-1.6011206445677875,849.4,7.0,13.8
0.297,0.302,U8,MAD_M6C12,4.007330460523345,22.813270162974803,CPG,WPG,0.1,0.432532610179661,0.2000315013065646,1.4321418707642684,6,-1.5595933632378944,844.7,7.0,14.6
0.297,0.302,U8,MAD_M6C12,4.003150870391314,22.791157944208226,CPG,WPG,0.1,0.43401370875195733,0.20027454784109117,1.5075918802885728,4,-1.5361056704172054,858.6,6.9,14.7
0.297,0.302,U8,MAD_M6C12,4.0028429870829205,22.807947243793443,CPG,WPG,0.1,0.4361430029434117,0.20154563474179102,1.3848466489332814,6,-1.5153067586088476,846.0,7.0,15.2
0.297,0.302,U8,MAD_M6C12,4.006591105205275,22.794148685517104,CPG,WPG,0.1,0.43436206188208093,0.20015895643712314,1.423089077535879,0,-1.544776480794292,856.6,6.9,14.9
0.297,0.302,U8,MAD_M6C12,4.128474721487617,22.81017378375556,CPG,WPG,0.1,0.43266439199502993,0.20015125028611927,1.4923143779788806,2,-1.5595257307717105,850.7,7.0,14.6
0.297,0.302,U8,MAD_M6C12,4.068071820333563,22.788364228308847,CPG,WPG,0.1,0.43354693179794923,0.20017283206973852,1.4695528479472615,5,-1.5439878199789554,853.2,6.9,14.7
0.297,0.302,U8,MAD_M6C12,4.0760847592157035,22.818090318753292,CPG,WPG,0.1,0.4333844930747127,0.20003612623300324,1.5057997255675128,1,-1.5274244599631093,856.9,6.8,14.9
0.297,0.302,U8,MAD_M6C12,4.008359876502612,22.7713926811447,CPG,WPG,0.1,0.4346166624811256,0.20050308751030793,1.4105575472268925,6,-1.5494724915360703,849.1,6.6,14.7
0.297,0.302,U8,MAD_M6C12,4.00463043994907,22.799739903804905,CPG,WPG,0.1,0.4341589122355701,0.20063921395683007,1.2627504665281775,4,-1.5508855728857132,840.2,7.1,15.8
0.297,0.302,U8,MAD_M6C12,4.000000170433007,22.777418117590464,CPG,WPG,0.1,0.4327774675057514,0.20130197432836044,1.1919233617644869,3,-1.589163687728714,826.7,7.1,17.0
0.297,0.302,U8,MAD_M6C12,4.005856876479145,22.790455618233853,CPG,WPG,0.1,0.4325748713737002,0.20137391278673902,1.2214271116041986,4,-1.5791968739004147,846.2,6.8,15.8
0.297,0.302,U8,MAD_M6C12,4.003415748352299,22.79252820643393,CPG,WPG,0.1,0.4339652918532856,0.20064356820357757,1.2728997442096741,4,-1.5514111954766054,842.0,6.7,16.6
0.297,0.302,U8,MAD_M6C12,4.004538661224405,22.840862617127637,CPG,WPG,0.1,0.4326447053201508,0.20269980191946174,1.3199165151155796,0,-1.5637225621832727,839.5,6.3,15.3
0.297,0.302,U8,MAD_M6C12,4.0001919201645855,22.788154809423197,CPG,WPG,0.1,0.4314748931745812,0.205425186610165,1.2614733462980827,2,-1.6038043567348321,837.2,6.7,16.3
0.297,0.302,U8,MAD_M6C12,4.001845087492359,22.78782170478339,CPG,WPG,0.1,0.42861855988409026,0.20255896418327665,1.1847017899844343,0,-1.5585545025992786,828.0,7.0,17.2
0.297,0.302,U8,MAD_M6C12,4.004244844433497,22.802954264327077,CPG,WPG,0.1,0.425981464063205,0.2029142630447268,1.1818222548046302,7,-1.5936331718774408,813.9,7.1,18.0
0.297,0.302,U8,MAD_M6C12,4.0034594033555635,22.742739199076208,CPG,WPG,0.1,0.42544959773179003,0.2015476676859884,1.3323200162573938,2,-1.5448359375219116,840.1,6.2,16.4
0.297,0.302,U8,MAD_M6C12,4.00962704205759,22.800666193303705,CPG,WPG,0.1,0.42325483335651154,0.2034911817265843,1.3658725025579392,0,-1.596171982382586,819.4,6.5,16.3
0.297,0.302,U8,MAD_M6C12,4.032132116396061,22.78063589909417,CPG,WPG,0.1,0.4260537553062981,0.20317582852335267,1.3237410927174338,1,-1.5703373630152058,819.3,6.5,17.7
0.297,0.302,U8,MAD_M6C12,4.212055524745064,22.76056236447378,CPG,WPG,0.1,0.42631581781541716,0.20639667810303577,1.4473740017740329,0,-1.59180447926032,802.0,6.3,17.1
0.297,0.302,U8,MAD_M6C12,4.0146179300983285,22.771786556735155,CPG,WPG,0.1,0.42518798166026783,0.2052211546836992,1.3952484352362098,1,-1.587378199579895,811.1,6.8,17.2
0.297,0.302,U8,MAD_M6C12,4.014984007597579,22.79087891609413,CPG,WPG,0.1,0.42279887998876914,0.20470049253874942,1.5483376547100156,1,-1.601573926212426,805.4,6.1,15.2
0.297,0.302,U8,MAD_M6C12,4.060351705656747,22.824072252906227,CPG,WPG,0.1,0.42214857519085963,0.21175094049563536,1.4487734481803045,3,-1.5558692994999284,805.2,6.3,17.1
0.297,0.302,U8,MAD_M6C12,4.002593394859346,22.54349865023919,CPG,WPG,0.1,0.42435360301865543,0.2149629031285731,1.5274913264476853,0,-1.490141763345477,809.6,6.3,16.5
0.297,0.302,U8,MAD_M6C12,4.000086615887905,22.786767087512327,CPG,WPG,0.1,0.4240470157104138,0.2156031822830288,1.3529467684384051,4,-1.5078136515354466,802.4,6.6,17.2
0.297,0.302,U8,MAD_M6C12,4.068412266994451,22.767944637026943,CPG,WPG,0.1,0.4231026815512281,0.21846320405913502,1.3783085276809621,3,-1.5202017882120895,812.4,6.1,17.1
0.297,0.302,U8,MAD_M6C12,4.146566792960124,22.797982470645938,CPG,WPG,0.1,0.41979723244825506,0.21070924908384786,1.5228815806094445,4,-1.5467312100361372,809.2,5.9,16.7
0.297,0.302,U8,MAD_M6C12,4.249165461385529,22.991204078828986,CPG,WPG,0.1,0.42280406858838726,0.2054531059501795,1.5412590033143618,4,-1.547843486171704,830.9,6.1,16.5
0.297,0.302,U8,MAD_M6C12,4.122544328348696,22.82918796511482,CPG,WPG,0.1,0.43225714837312584,0.20547282023504843,1.534450374191258,0,-1.5755921672015027,826.9,6.3,14.9
0.297,0.302,U8,MAD_M6C12,4.209116228522803,22.800296456396143,CPG,WPG,0.1,0.42684341982566665,0.2061293800219027,1.3306135276015114,6,-1.5511156408398836,833.1,6.0,16.9
0.297,0.302,U8,MAD_M6C12,4.0254841312221465,22.841965889521024,CPG,WPG,0.1,0.42825801447804823,0.21025302503753174,1.328089997587833,2,-1.557660083142986,821.2,6.2,18.0
0.297,0.302,U8,MAD_M6C12,4.001193316644082,22.797797350125567,CPG,WPG,0.1,0.4254826785132878,0.20507642238284632,1.2260365315348958,2,-1.5530934351177184,840.6,6.0,18.1
0.297,0.302,U8,MAD_M6C12,4.001897914980582,22.830197025939135,CPG,WPG,0.1,0.42261316279342376,0.205394059179479,1.247999324263299,7,-1.6078045869233666,818.9,6.2,17.8
0.297,0.302,U8,MAD_M6C12,4.000777518833291,22.832075334305383,CPG,WPG,0.1,0.4259917460389131,0.20570076527049677,1.19689642348916,7,-1.5763815415920241,831.7,6.1,17.5
0.297,0.302,U8,MAD_M6C12,4.084562006157583,22.797279315395343,CPG,WPG,0.1,0.42600441185797777,0.20509159272875946,1.3519844165036203,0,-1.5459960220166575,867.5,5.4,14.6
0.297,0.302,U8,MAD_M6C12,4.012160985715672,22.849023096387565,CPG,WPG,0.1,0.425847618255376,0.2007329466780768,1.2590770871659203,3,-1.5295502093886029,862.4,5.8,16.9
0.297,0.302,U8,MAD_M6C12,4.064435299405656,22.813418282636356,CPG,WPG,0.1,0.4224032208488814,0.20067634922779884,1.179220136506724,3,-1.5814561187781155,852.2,6.3,17.9
0.297,0.302,U8,MAD_M6C12,4.038836021471897,22.784203748869885,CPG,WPG,0.1,0.4273850109860923,0.20203172129262412,1.3083081191045345,2,-1.521867456249062,869.2,6.2,15.1
0.297,0.302,U8,MAD_M6C12,4.0021022879395876,22.79851653210893,CPG,WPG,0.1,0.4247857126950171,0.201124516375314,1.1723986597686142,7,-1.559434059491096,852.3,6.7,16.3
0.297,0.302,U8,MAD_M6C12,4.000092656495283,22.778083754372457,CPG,WPG,0.1,0.4252507000574204,0.20261238754398092,1.059536576526463,5,-1.5710319991930124,862.6,6.6,16.5
0.297,0.302,U8,MAD_M6C12,4.006627267467516,22.497700743809524,CPG,WPG,0.1,0.42367189689149987,0.20207780686345783,1.0667127171213289,6,-1.555870877962045,840.1,6.9,17.8
0.297,0.302,U8,MAD_M6C12,4.0235456331416755,22.441191176294062,CPG,WPG,0.1,0.42017799619235796,0.2002677047513117,1.2879851061104732,6,-1.5301988787889265,841.5,6.9,16.4
0.297,0.302,U8,MAD_M6C12,4.055017644627556,22.76887350423983,CPG,WPG,0.1,0.4257691087195761,0.2000558249033757,0.8984654390175386,3,-1.5365112990697778,878.1,7.2,18.9
0.297,0.302,U8,MAD_M6C12,4.0741577818236765,22.794056454088484,CPG,WPG,0.1,0.4227517906115232,0.20016064515708548,1.2863712661231603,4,-1.5689903534126994,874.1,7.2,16.9
0.297,0.302,U8,MAD_M6C12,4.000288492818811,22.496845720313672,CPG,WPG,0.1,0.42309103191206787,0.20001320717868015,1.244283204370349,7,-1.5456601486792731,869.0,6.8,17.4
0.297,0.302,U8,MAD_M6C12,4.009508445303497,22.420869429873186,CPG,WPG,0.1,0.4202900970515753,0.20004089377373413,1.5568061131989968,3,-1.517900085373812,843.5,7.2,16.0
0.297,0.302,U8,MAD_M6C12,4.023672840907224,22.78492500624441,CPG,WPG,0.1,0.4218183147382395,0.20046502699900257,1.505169800892984,4,-1.5722130253697237,847.8,7.4,18.0
0.297,0.302,U8,MAD_M6C12,4.04180934903592,22.84255080946057,CPG,WPG,0.1,0.42532838151441976,0.20040663822584956,1.5662705448010779,1,-1.5370627673355681,855.2,6.9,13.5
0.297,0.302,U8,MAD_M6C12,4.01661596659606,22.708650362669548,CPG,WPG,0.1,0.42688354460095856,0.20030128914535658,1.5496851797913846,1,-1.538507970165469,882.0,6.8,12.2
0.297,0.302,U8,MAD_M6C12,4.038247352889346,22.79895429782,CPG,WPG,0.1,0.42363246794048476,0.2022284962101594,1.496382775695237,1,-1.5822443916844193,885.3,7.4,11.6
0.297,0.302,U8,MAD_M6C12,4.058070555056452,23.047699285457615,CPG,WPG,0.1,0.4256435238311783,0.20207862766998397,1.5665916295504858,0,-1.518967194162137,864.0,6.9,11.4
0.297,0.302,U8,MAD_M6C12,4.008722814193433,22.708980005360637,CPG,WPG,0.1,0.4263561891092034,0.2004266782895973,1.5408326908278287,6,-1.544897811220153,887.7,6.9,10.4
0.297,0.302,U8,MAD_M6C12,4.024275467701869,22.467823619610492,CPG,WPG,0.1,0.423536335497003,0.20004900046119534,1.5668371233206986,6,-1.554409810823465,885.6,7.2,11.3
0.297,0.302,U8,MAD_M6C12,4.009882309892898,22.810446140784673,CPG,WPG,0.1,0.4235863089718469,0.20004261622192246,1.5004822828125257,4,-1.5848767810175968,875.4,7.2,10.6
0.297,0.302,U8,MAD_M6C12,4.008716805591694,22.75774685242545,CPG,WPG,0.1,0.42130282477623493,0.20319232134826945,1.524552108809285,3,-1.590059058064476,865.4,7.5,12.7
0.297,0.302,U8,MAD_M6C12,4.0844786392924295,22.771509350735013,CPG,WPG,0.1,0.4223765483404609,0.20003250704940953,1.5163084739088784,3,-1.5634552044250558,860.6,7.6,12.3
0.297,0.302,U8,MAD_M6C12,4.1304267474261,22.82216685393769,CPG,WPG,0.1,0.4219480269096476,0.20230817116939268,1.5445164587664975,5,-1.586302074252849,853.0,7.0,12.8
0.297,0.302,U8,MAD_M6C12,4.306965545858378,22.756664034469487,CPG,WPG,0.1,0.421787641720737,0.2017282360266323,1.5686235044201156,6,-1.5089360459184888,860.8,7.0,12.4
0.297,0.302,U8,MAD_M6C12,4.109671854971953,22.797389521183415,CPG,WPG,0.1,0.4163993146829557,0.2006174026388246,1.5688371848899645,5,-1.5402211422409504,856.1,7.1,12.8
0.297,0.302,U8,MAD_M6C12,4.203645673077514,22.72386554992225,CPG,WPG,0.1,0.41927030547201116,0.20253809052204894,1.5601598146988582,7,-1.5197073562085652,854.8,7.2,11.9
0.297,0.302,U8,MAD_M6C12,4.076869447524684,22.816933690600333,CPG,WPG,0.1,0.42342141164623803,0.20478803808912766,1.5119068649509964,7,-1.568636537230443,853.7,7.0,10.2
0.297,0.302,U8,MAD_M6C12,4.352144888824315,23.04409112060254,CPG,WPG,0.1,0.42630640515946144,0.20150533395925319,1.4339722278483884,1,-1.5464187673160836,885.0,6.4,10.0
0.297,0.302,U8,MAD_M6C12,4.113935024804545,23.012762079385936,CPG,WPG,0.1,0.42207651203906604,0.2011131316134745,1.514234904713712,1,-1.5004561816649815,868.6,7.0,10.2
0.297,0.302,U8,MAD_M6C12,4.544923217388819,22.7199729115293,CPG,WPG,0.1,0.4238419934014337,0.2007172710136961,1.5434386074263164,7,-1.5144117231409773,873.9,6.4,10.0
0.297,0.302,U8,MAD_M6C12,4.415662198348964,22.78193033301458,CPG,WPG,0.1,0.4234347824263657,0.2001846324166837,1.3356566175706397,5,-1.5667109945281616,868.2,6.6,10.0
0.297,0.302,U8,MAD_M6C12,4.434515299485594,22.830497840641044,CPG,WPG,0.1,0.4213649492272229,0.20046300768706357,1.2723375672150565,0,-1.5815266360821418,869.7,6.5,10.0
0.297,0.302,U8,MAD_M6C12,4.416853983390385,22.703729572797503,CPG,WPG,0.1,0.4220792193897732,0.20069060359531324,1.5487974290757696,0,-1.5252491631049505,879.4,6.6,10.1
0.297,0.302,U8,MAD_M6C12,4.641307246988329,22.821239876866084,CPG,WPG,0.1,0.4246144891438759,0.20062957860304162,1.4805583451909912,2,-1.5875925265675601,891.9,6.4,10.0
0.297,0.302,U8,MAD_M6C12,4.195068607054688,22.831865136261886,CPG,WPG,0.1,0.42111098029134236,0.20004079066492395,1.5194823998951286,7,-1.5849504286705294,878.8,7.1,10.6
0.297,0.302,U8,MAD_M6C12,4.225108124745076,22.82397098893664,CPG,WPG,0.1,0.4201825856606336,0.20000585554365555,1.5141406617924114,1,-1.6044537493858577,890.7,6.6,10.0
0.297,0.302,U8,MAD_M6C12,4.4213771098294945,22.77041213789019,CPG,WPG,0.1,0.4228218886579001,0.20012754881297024,1.530345674774864,2,-1.5904330285992714,902.3,6.6,10.1
0.297,0.302,U8,MAD_M6C12,4.2471621612476,22.842863490888178,CPG,WPG,0.1,0.42180899631289903,0.20211238598213924,1.537828339452774,3,-1.6081638965424183,886.8,6.3,10.0
0.297,0.302,U8,MAD_M6C12,4.3056082624897,22.76271112916618,CPG,WPG,0.1,0.41871582106561245,0.20239565058456258,1.570681376171485,0,-1.5152731691075392,879.0,6.7,10.3
0.297,0.302,U8,MAD_M6C12,4.365597044235626,22.796275114894073,CPG,WPG,0.1,0.4237803127074221,0.2027375805850991,1.5650781140921817,6,-1.5823018277575986,886.6,6.4,10.1
0.297,0.302,U8,MAD_M6C12,4.238596031629612,22.81516675449628,CPG,WPG,0.1,0.42088649175335296,0.20099172107725222,1.5680255447318259,3,-1.618955915199411,873.5,6.8,10.4
0.297,0.302,U8,MAD_M6C12,4.21694284012105,22.77578198830295,CPG,WPG,0.1,0.4224737896803996,0.20037684805393685,1.5685900121761853,0,-1.5837002960828936,890.2,6.6,10.7
0.297,0.302,U8,MAD_M6C12,4.215762831525734,22.79772579575178,CPG,WPG,0.1,0.42058376151711185,0.20117039116184054,1.5701944634585208,2,-1.6063639498931845,873.0,6.8,11.0
0.297,0.302,U8,MAD_M6C12,4.216479871335124,22.751048206101057,CPG,WPG,0.1,0.4230242849325821,0.2003842698101663,1.4929807857987778,2,-1.6004241120766967,889.4,6.9,10.0
0.297,0.302,U8,MAD_M6C12,4.208556323424462,22.761442790326036,CPG,WPG,0.1,0.42168757395945017,0.20034457342111203,1.5480427727292891,0,-1.6046906334042301,891.5,6.9,10.2
0.297,0.302,U8,MAD_M6C12,4.1509198739298805,22.782208182904423,CPG,WPG,0.1,0.42142416050440423,0.20056458425665444,1.5699460498856976,0,-1.5929094957839887,884.9,6.8,10.5
0.297,0.302,U8,MAD_M6C12,4.2456093681100695,22.78797167919643,CPG,WPG,0.1,0.4215619232591577,0.20061499431732163,1.551417007087526,1,-1.6013982599491339,882.4,6.9,10.3
0.297,0.302,U8,MAD_M6C12,4.153924291635043,22.774844452085347,CPG,WPG,0.1,0.42066392543548886,0.200309841306043,1.5660387889013925,0,-1.6007813902965964,882.9,7.1,10.5
0.297,0.302,U8,MAD_M6C12,4.241684869495024,22.807869875965302,CPG,WPG,0.1,0.42015750738244734,0.20076484092280886,1.5659829177796736,6,-1.6018523339469333,881.6,6.9,10.8
0.297,0.302,U8,MAD_M6C12,4.166508579288475,22.799121966255175,CPG,WPG,0.1,0.4190064825016073,0.20001465217490652,1.5687556775505938,5,-1.5986730349602727,883.8,7.2,11.1
0.297,0.302,U8,MAD_M6C12,4.158685258918078,22.754837545603728,CPG,WPG,0.1,0.4201302686582429,0.2000098008871088,1.5703902873094613,7,-1.6033285249561278,892.6,7.3,10.9
0.297,0.302,U8,MAD_M6C12,4.249512786185014,22.750138372441125,CPG,WPG,0.1,0.4203033240239041,0.2000788215547193,1.570795873585074,0,-1.6167661824688864,884.5,6.9,11.5
0.297,0.302,U8,MAD_M6C12,4.159947194540705,22.75244558321295,CPG,WPG,0.1,0.42006240407549494,0.20001503333348422,1.5695522014478112,7,-1.6064294736228124,890.5,7.0,11.1
0.297,0.302,U8,MAD_M6C12,4.2009658622129695,22.818165601108724,CPG,WPG,0.1,0.41955652357947243,0.20010821577204033,1.569881842128563,3,-1.5971297417529335,888.2,7.1,11.5
0.297,0.302,U8,MAD_M6C12,4.180645542729071,22.84687635234205,CPG,WPG,0.1,0.4201317304619212,0.20049315062953205,1.5596617633683043,6,-1.5989286103607494,892.2,7.3,10.8
0.297,0.302,U8,MAD_M6C12,4.242376716388923,22.767618891818152,CPG,WPG,0.1,0.4204643579310984,0.2004573814071283,1.561621681660382,2,-1.6066361959609505,896.1,7.1,11.2
0.297,0.302,U8,MAD_M6C12,4.384114092282125,22.793317220288376,CPG,WPG,0.1,0.42099250794503135,0.20006743552621528,1.5575367450577464,4,-1.611524068259321,892.2,6.9,11.6
0.297,0.302,U8,MAD_M6C12,4.350747431797205,22.77833022023239,CPG,WPG,0.1,0.4212462382917292,0.2002099846995554,1.5624516289779224,6,-1.603854702006359,892.5,7.1,11.6
0.297,0.302,U8,MAD_M6C12,4.2386611523355135,22.83770771940325,CPG,WPG,0.1,0.4196731685988878,0.20107948665381178,1.5634066424401696,1,-1.6107780568193935,897.4,7.0,11.1
0.297,0.302,U8,MAD_M6C12,4.394877899028138,22.801228091865518,CPG,WPG,0.1,0.42210612355349564,0.20014936615443354,1.5678375917757146,2,-1.601836916577282,893.6,6.9,10.8
0.297,0.302,U8,MAD_M6C12,4.2498258426177875,22.76571244336461,CPG,WPG,0.1,0.4215843012031728,0.20033639588673405,1.5691275216574372,2,-1.6055495945883091,896.8,7.2,10.9
0.297,0.302,U8,MAD_M6C12,4.241413016534714,22.809967367942544,CPG,WPG,0.1,0.42319991933467743,0.2001043615261463,1.5707229179372448,4,-1.5958627918660984,894.5,7.1,10.8
0.297,0.302,U8,MAD_M6C12,4.198391951781368,22.812568997663785,CPG,WPG,0.1,0.41984007066895385,0.20018716910155532,1.5697011944388333,6,-1.5894712301326717,887.8,7.3,11.4
0.297,0.302,U8,MAD_M6C12,4.207098116524711,22.79948341065228,CPG,WPG,0.1,0.4200894681547295,0.20078278557337054,1.5696186965293104,5,-1.6052158782577237,895.9,7.3,11.3
0.297,0.302,U8,MAD_M6C12,4.24155836970802,22.786137876011516,CPG,WPG,0.1,0.42074070247407935,0.20001201500259222,1.5696648235515132,0,-1.612604329813868,888.4,7.3,11.4
0.297,0.302,U8,MAD_M6C12,4.210647970941436,22.793200341628598,CPG,WPG,0.1,0.4195374363406835,0.20068094117602758,1.5663479491516368,4,-1.6030686095887212,892.1,7.5,11.7
0.297,0.302,U8,MAD_M6C12,4.2057696710707155,22.771062018571783,CPG,WPG,0.1,0.4196009238602986,0.20000080495773498,1.5619005508013717,0,-1.6136045260441243,885.9,7.3,11.5
0.297,0.302,U8,MAD_M6C12,4.182058055087182,22.7640460060738,CPG,WPG,0.1,0.4184744418165256,0.20000068515529312,1.5625262603306997,1,-1.6004465925236815,879.1,7.4,11.6
0.297,0.302,U8,MAD_M6C12,4.136301915534418,22.79063077201091,CPG,WPG,0.1,0.42010361151345366,0.20022618939533063,1.5569518689387651,4,-1.59089231385766,891.6,7.4,11.0
0.297,0.302,U8,MAD_M6C12,4.169477979153237,22.812714080342126,CPG,WPG,0.1,0.41945683013568125,0.20010084956335936,1.5657506741032372,4,-1.598012197555482,888.8,7.2,11.3
0.297,0.302,U8,MAD_M6C12,4.157726907105143,22.81283998784554,CPG,WPG,0.1,0.4190227121721218,0.20017378939664468,1.5245011672040856,6,-1.597321114613944,884.3,7.5,11.0
0.297,0.302,U8,MAD_M6C12,4.1237451819579105,22.79945043320223,CPG,WPG,0.1,0.4193940468115618,0.20040237593466273,1.548392540793183,2,-1.5980446791341407,889.8,7.5,11.0
0.297,0.302,U8,MAD_M6C12,4.179093614372981,22.805267890434504,CPG,WPG,0.1,0.4177248777783173,0.20011529168257253,1.5443611021359454,6,-1.6136860384626672,883.3,7.5,11.4
0.297,0.302,U8,MAD_M6C12,4.208102834991555,22.829828336158883,CPG,WPG,0.1,0.41782163134215267,0.20063726750820277,1.5600139185098256,2,-1.6065411881783493,887.5,7.5,11.6
0.297,0.302,U8,MAD_M6C12,4.181881647571148,22.791916531327725,CPG,WPG,0.1,0.41921653161215944,0.20014282099849182,1.5663462017331238,6,-1.6094755611787246,886.3,7.4,11.1
0.297,0.302,U8,MAD_M6C12,4.235898688054455,22.79756713036001,CPG,WPG,0.1,0.41818020591024796,0.2010397940939488,1.5468058289468178,6,-1.615077075797723,888.5,7.5,11.1
0.297,0.302,U8,MAD_M6C12,4.177847946832821,22.799430324851063,CPG,WPG,0.1,0.4191287845613734,0.20041755671542855,1.5561890509172724,4,-1.612246090879701,889.0,7.4,11.1
0.297,0.302,U8,MAD_M6C12,4.152824716483091,22.805042001065363,CPG,WPG,0.1,0.4182467364533985,0.20043877290703974,1.5473080636225531,6,-1.609321416481496,885.9,7.4,11.3
0.297,0.302,U8,MAD_M6C12,4.1739314672563745,22.80390391788133,CPG,WPG,0.1,0.41851808549208275,0.20046029791618913,1.5626144888533684,4,-1.6116376349969297,887.0,7.4,11.4
0.297,0.302,U8,MAD_M6C12,4.166074428094945,22.829080261614223,CPG,WPG,0.1,0.41864413721853927,0.2002909801431372,1.5587064682098712,6,-1.6000656251912329,887.8,7.5,11.1
0.297,0.302,U8,MAD_M6C12,4.239233696544803,22.81685789437779,CPG,WPG,0.1,0.4191535437199312,0.2001911205555375,1.55635921637321,5,-1.615790855477572,886.4,7.4,11.2
0.297,0.302,U8,MAD_M6C12,4.207184076442388,22.82457567039372,CPG,WPG,0.1,0.41830246920920316,0.20039612397431245,1.554223843775651,1,-1.616008766811662,886.5,7.4,11.4
0.297,0.302,U8,MAD_M6C12,4.217095798679636,22.824051146679547,CPG,WPG,0.1,0.4188036161084163,0.2003682341164082,1.5628366985179838,0,-1.6153470834376034,888.9,7.4,11.2
0.297,0.302,U8,MAD_M6C12,4.211208022268357,22.801679185199767,CPG,WPG,0.1,0.4185845719785875,0.2002999482320963,1.5620127667315926,3,-1.6123562334181667,886.1,7.4,11.4
0.297,0.302,U8,MAD_M6C12,4.241486803963791,22.79195558685874,CPG,WPG,0.1,0.4186601962532173,0.20054638532995658,1.5542844084919967,3,-1.6202282372744943,888.2,7.4,11.1
0.297,0.302,U8,MAD_M6C12,4.249395001356532,22.808852675331288,CPG,WPG,0.1,0.4183245998978869,0.2003640753931182,1.5531830223123744,4,-1.621350376306129,886.7,7.3,11.1
0.297,0.302,U8,MAD_M6C12,4.23260667496796,22.831083576089345,CPG,WPG,0.1,0.41773736749192186,0.20062650548183533,1.541266462373986,0,-1.6199219135888434,886.1,7.4,11.1
0.297,0.302,U8,MAD_M6C12,4.226941696096731,22.81904409927872,CPG,WPG,0.1,0.41798518720815137,0.20046517311781162,1.5495573360496668,3,-1.6189114035241357,886.8,7.4,11.2
0.297,0.302,U8,MAD_M6C12,4.226972143327914,22.830265014364063,CPG,WPG,0.1,0.41787204261322597,0.2004653646431715,1.5530383780416752,4,-1.618398668892148,885.5,7.4,11.3
0.297,0.302,U8,MAD_M6C12,4.238153653164184,22.8344841227692,CPG,WPG,0.1,0.41760406872640987,0.20051925784214786,1.5580471957011768,6,-1.6202761212171897,884.7,7.4,11.4
0.297,0.302,U8,MAD_M6C12,4.247013003653917,22.82091240526478,CPG,WPG,0.1,0.4177143819951194,0.2006258893496803,1.5504823335480147,2,-1.616387557667979,885.6,7.4,11.2
0.297,0.302,U8,MAD_M6C12,4.223742593883438,22.823919980875843,CPG,WPG,0.1,0.41744194482091573,0.20075672003611345,1.5595725565180327,0,-1.6146514192092773,884.1,7.4,11.6
0.297,0.302,U8,MAD_M6C12,4.223813256379962,22.82668445511783,CPG,WPG,0.1,0.41799972001211766,0.2005624638362399,1.558289302347732,1,-1.6168431652107582,885.5,7.4,11.3
0.297,0.302,U8,MAD_M6C12,4.241795912288218,22.830617956854447,CPG,WPG,0.1,0.417583993269767,0.20074955756688856,1.558167150821797,7,-1.6205411898965352,885.4,7.4,11.4
0.297,0.302,U8,MAD_M6C12,4.2255448491929135,22.829134089912916,CPG,WPG,0.1,0.4175231732231309,0.20031301100383184,1.5589677792988916,0,-1.6079200847285975,882.2,7.3,11.5
0.297,0.302,U8,MAD_M6C12,4.217763538049453,22.808550166651088,CPG,WPG,0.1,0.417613169355114,0.20034457569023334,1.550021579563119,0,-1.6184657168184966,883.3,7.4,11.2
0.297,0.302,U8,MAD_M6C12,4.184523767791616,22.809037980031036,CPG,WPG,0.1,0.4176855355539568,0.2004119162540064,1.569295330639469,0,-1.6101680737396862,882.4,7.4,11.6
0.297,0.302,U8,MAD_M6C12,4.201817519341516,22.817478256768542,CPG,WPG,0.1,0.41783221380041946,0.20059982353839315,1.5665635516908623,3,-1.6156313045388337,887.0,7.4,11.5
0.297,0.302,U8,MAD_M6C12,4.181574233594579,22.798026192889445,CPG,WPG,0.1,0.4178792978064065,0.20039878856822,1.5692412245240783,0,-1.6092481549704978,883.6,7.4,11.7
0.297,0.302,U8,MAD_M6C12,4.191667668253602,22.79432780626699,CPG,WPG,0.1,0.4177798207533275,0.20012357429285244,1.5634275842036014,1,-1.6085984732557357,880.4,7.4,12.2
0.297,0.302,U8,MAD_M6C12,4.200155390344896,22.819334736586793,CPG,WPG,0.1,0.4179318856914672,0.20034774838655905,1.5705108480595817,4,-1.611830164096057,881.7,7.5,11.7
0.297,0.302,U8,MAD_M6C12,4.203905436003072,22.825217758707158,CPG,WPG,0.1,0.4177115850213873,0.20048746657639321,1.5697509325442556,0,-1.6156689408504672,883.0,7.5,12.2
0.297,0.302,U8,MAD_M6C12,4.223481489277171,22.814919446958427,CPG,WPG,0.1,0.4189058676454145,0.20028585851610584,1.5707575841257269,0,-1.6111889011164866,886.4,7.5,11.4
0.297,0.302,U8,MAD_M6C12,4.211120252793908,22.798015407327775,CPG,WPG,0.1,0.4178732683900465,0.20049429490197382,1.5706120496726275,7,-1.6169452579733505,886.8,7.4,11.7
0.297,0.302,U8,MAD_M6C12,4.216303521751974,22.800775468669926,CPG,WPG,0.1,0.41839445880912485,0.20059304668173603,1.561578414635973,4,-1.6172855808814255,889.4,7.5,11.9
0.297,0.302,U8,MAD_M6C12,4.203510404788784,22.792656444062583,CPG,WPG,0.1,0.4180508678689021,0.20075875899576878,1.5622324059114812,0,-1.6169944831605498,890.1,7.5,12.1
0.297,0.302,U8,MAD_M6C12,4.198377600320897,22.803635137579747,CPG,WPG,0.1,0.41936048364257283,0.2004559404706833,1.5422453522148634,7,-1.613538384886331,890.9,7.4,12.2
0.297,0.302,U8,MAD_M6C12,4.226881420329475,22.80740966876431,CPG,WPG,0.1,0.41809212550049246,0.20208450254628907,1.5282109872717191,0,-1.619876007962601,896.0,7.5,12.9
0.297,0.302,U8,MAD_M6C12,4.22729101555024,22.828964601161307,CPG,WPG,0.1,0.4185860950207309,0.20163669632150585,1.5625029374478179,5,-1.615583068812068,892.3,7.4,12.1
0.297,0.302,U8,MAD_M6C12,4.192190603684244,22.810434684084548,CPG,WPG,0.1,0.41815664814090275,0.20185751899621807,1.5372517215749921,2,-1.6118015260353715,895.9,7.5,13.0
0.297,0.302,U8,MAD_M6C12,4.201057444439237,22.775124517465223,CPG,WPG,0.1,0.41898159320103145,0.20116395059050765,1.4919792994520273,5,-1.6145497131181497,896.1,7.2,13.1
0.297,0.302,U8,MAD_M6C12,4.21792086357848,22.800447913092896,CPG,WPG,0.1,0.41925004539793465,0.2007885813165925,1.4856803470629565,3,-1.6070591165498254,896.7,7.2,13.0
0.297,0.302,U8,MAD_M6C12,4.190318672736132,22.757110381273396,CPG,WPG,0.1,0.42075274686463027,0.20046239397231425,1.3373457075600585,2,-1.6073500593509475,894.7,7.3,14.0
0.297,0.302,U8,MAD_M6C12,4.1558454426997935,22.773150045030697,CPG,WPG,0.1,0.41847855743715606,0.20018240849280372,1.4340559058730364,4,-1.6125685811728339,885.6,7.1,14.1
0.297,0.302,U8,MAD_M6C12,4.182758600186244,22.79276318940202,CPG,WPG,0.1,0.4187217861425666,0.20077230848321256,1.444008806117833,2,-1.6028847219265696,891.1,7.5,14.0
0.297,0.302,U8,MAD_M6C12,4.1578273744235545,22.79849026905959,CPG,WPG,0.1,0.4182073455045763,0.20109821147549606,1.4781249324440071,1,-1.6107391161493716,891.2,7.3,13.7
0.297,0.302,U8,MAD_M6C12,4.201934139549604,22.821891490851495,CPG,WPG,0.1,0.4192556318771251,0.2000171515224346,1.4939329981425713,5,-1.6073223412579019,886.3,7.3,13.1
0.297,0.302,U8,MAD_M6C12,4.19057508169858,22.799548245119897,CPG,WPG,0.1,0.41827523634288316,0.20141452191039164,1.4852671858970368,3,-1.6129582722216256,891.9,7.3,13.5
0.297,0.302,U8,MAD_M6C12,4.211380285613038,22.809513594588175,CPG,WPG,0.1,0.41847153219736305,0.20295182519171293,1.4866050529651362,0,-1.6133113227132245,899.3,7.5,13.7
0.297,0.302,U8,MAD_M6C12,4.201974060074651,22.78042967347745,CPG,WPG,0.1,0.4189462876819857,0.20117881265459522,1.5460702776764057,5,-1.6130135872464297,893.3,7.3,12.6
0.297,0.302,U8,MAD_M6C12,4.168995339698094,22.765013690471818,CPG,WPG,0.1,0.4183640403529796,0.20089135479318349,1.5380162171528107,4,-1.6126205935576081,888.7,7.4,12.9
0.297,0.302,U8,MAD_M6C12,4.214286496261586,22.762913950529384,CPG,WPG,0.1,0.4188813637972183,0.20293761020268297,1.524111726315783,3,-1.6157839018544777,900.8,7.4,12.6
0.297,0.302,U8,MAD_M6C12,4.242451733738214,22.785189343750513,CPG,WPG,0.1,0.41900220196250604,0.2033854662363105,1.5544912834875109,2,-1.6085599237970687,900.0,7.3,12.2
0.297,0.302,U8,MAD_M6C12,4.212286607513976,22.785787027285977,CPG,WPG,0.1,0.4186753041369956,0.20184064023486417,1.556453078142161,0,-1.6151501686379781,894.7,7.4,12.6
0.297,0.302,U8,MAD_M6C12,4.208890521018281,22.794630886489934,CPG,WPG,0.1,0.41869275008563056,0.20257981072535247,1.4740939775252668,4,-1.6125879012699134,897.3,7.2,13.4
0.297,0.302,U8,MAD_M6C12,4.216919496410466,22.805626384923233,CPG,WPG,0.1,0.4186503379894499,0.20169939761893763,1.5394558230111857,0,-1.6042461412113216,895.6,7.4,12.5
0.297,0.302,U8,MAD_M6C12,4.219445856424453,22.81115630553603,CPG,WPG,0.1,0.4186009447530622,0.20182591590074592,1.5378603314620314,1,-1.6021592498977473,896.0,7.4,12.5
0.297,0.302,U8,MAD_M6C12,4.237789033506126,22.811242400310253,CPG,WPG,0.1,0.41793921662686256,0.20305556715906942,1.562218075060128,2,-1.6174679235212412,900.3,7.3,12.0
0.297,0.302,U8,MAD_M6C12,4.2164470938842165,22.77344544179474,CPG,WPG,0.1,0.41932791082503934,0.20237179335730815,1.523258593303105,3,-1.6170165833854568,904.1,7.3,12.3
0.297,0.302,U8,MAD_M6C12,4.232309687959171,22.783794452031707,CPG,WPG,0.1,0.4189892934696099,0.20405239926964225,1.508262745045288,7,-1.6162022085085859,911.9,7.4,12.6
0.297,0.302,U8,MAD_M6C12,4.213673538886729,22.818434216048853,CPG,WPG,0.1,0.4190231961279557,0.20282176501027077,1.5098660428744073,3,-1.6110102028937519,904.6,7.3,12.6
0.297,0.302,U8,MAD_M6C12,4.2052405894112805,22.82215859550151,CPG,WPG,0.1,0.4172008920736834,0.20222804756280274,1.544831547654252,5,-1.6106368273650613,894.7,7.2,13.1
0.297,0.302,U8,MAD_M6C12,4.188361589524868,22.840832440265366,CPG,WPG,0.1,0.4178588447807621,0.20169167570548568,1.5499526473750125,3,-1.6124358407116226,897.0,7.3,12.9
0.297,0.302,U8,MAD_M6C12,4.216579643891099,22.83734351873526,CPG,WPG,0.1,0.4173614384679296,0.2014707835679345,1.5612145203911436,4,-1.6162897782017271,894.4,7.2,12.8
0.297,0.302,U8,MAD_M6C12,4.215429006982854,22.81537500513139,CPG,WPG,0.1,0.41829396491051096,0.20160363260524414,1.5440873545858311,6,-1.6153165430769896,896.7,7.0,12.4
0.297,0.302,U8,MAD_M6C12,4.1978356486174,22.829516665006302,CPG,WPG,0.1,0.41856738117946335,0.2006881376653052,1.512306209819207,2,-1.6089097887566162,895.7,7.0,12.8
0.297,0.302,U8,MAD_M6C12,4.226613620111163,22.80333570737536,CPG,WPG,0.1,0.4189458922172492,0.20145550310013918,1.5512857396123216,2,-1.6127839910504438,899.3,7.0,12.2
0.297,0.302,U8,MAD_M6C12,4.206947426915291,22.813321287757667,CPG,WPG,0.1,0.41909303238400303,0.20139796156303244,1.5223188822628644,4,-1.6147382663987013,899.2,6.9,12.7
0.297,0.302,U8,MAD_M6C12,4.232561585577971,22.768001146056736,CPG,WPG,0.1,0.41991466719983395,0.20154237711587483,1.4966278505883248,5,-1.610437463788255,902.2,7.1,12.5
0.297,0.302,U8,MAD_M6C12,4.242992132947146,22.765840713332413,CPG,WPG,0.1,0.42034006975343485,0.20094902718083935,1.4726784196250544,7,-1.6123419135191863,906.3,6.9,12.4
0.297,0.302,U8,MAD_M6C12,4.217018654090026,22.776645155330613,CPG,WPG,0.1,0.42001728085299456,0.2010733989710771,1.5492044123474473,1,-1.6122280764258665,905.6,6.9,11.6
0.297,0.302,U8,MAD_M6C12,4.225892247158749,22.771874867205305,CPG,WPG,0.1,0.4198755185163953,0.2016813847032447,1.5147861159194411,5,-1.614617878976734,910.2,7.0,12.2
0.297,0.302,U8,MAD_M6C12,4.22524823607028,22.768358645349036,CPG,WPG,0.1,0.42000694008469264,0.2024445777431801,1.5243959029759258,7,-1.6111181761270341,913.0,7.1,11.8
0.297,0.302,U8,MAD_M6C12,4.230370098162937,22.773643083910212,CPG,WPG,0.1,0.4211571286412044,0.20151366953340796,1.4945185936806848,5,-1.6077101196696741,914.1,7.0,11.8
0.297,0.302,U8,MAD_M6C12,4.225730939980442,22.788804651921478,CPG,WPG,0.1,0.4203680158263963,0.20193142184031632,1.533319845853224,4,-1.611963892443912,912.1,7.2,11.6
0.297,0.302,U8,MAD_M6C12,4.230887199623811,22.77514229423556,CPG,WPG,0.1,0.4198957441545828,0.20226064921394424,1.5385457120979482,6,-1.6090691724392183,912.7,7.2,11.6
0.297,0.302,U8,MAD_M6C12,4.232457751390543,22.782422511507498,CPG,WPG,0.1,0.4202718312992053,0.20171862746384384,1.5505904636859893,3,-1.6145757392443727,906.7,7.0,11.5
0.297,0.302,U8,MAD_M6C12,4.247667727886459,22.78648027894323,CPG,WPG,0.1,0.4199323620781327,0.20180371878854583,1.5677264313151436,5,-1.6172476946556973,907.2,7.1,11.1
0.297,0.302,U8,MAD_M6C12,4.224845833065821,22.78087779334624,CPG,WPG,0.1,0.4197812307235575,0.20152623757836255,1.5699135116073157,6,-1.6151557534689704,908.1,7.1,10.8
0.297,0.302,U8,MAD_M6C12,4.226534974018551,22.79248232308965,CPG,WPG,0.1,0.41962900076618975,0.20235749193636773,1.5701063646593614,3,-1.6151717391454046,906.3,7.2,11.1
0.297,0.302,U8,MAD_M6C12,4.215183684377553,22.791452428311807,CPG,WPG,0.1,0.4191593392076472,0.20212631067389958,1.5707804679481132,2,-1.6166445441478423,907.3,7.2,10.8
0.297,0.302,U8,MAD_M6C12,4.22959485054573,22.80747097598378,CPG,WPG,0.1,0.41883233082864996,0.2032576766757381,1.566755525965481,7,-1.6136973224974014,906.8,7.2,10.8
0.297,0.302,U8,MAD_M6C12,4.212307395581382,22.813897321553018,CPG,WPG,0.1,0.4183105345142868,0.20363967244853484,1.5581673920882273,5,-1.6172793437373283,906.2,7.3,10.8
0.297,0.302,U8,MAD_M6C12,4.200716718508503,22.811186479464002,CPG,WPG,0.1,0.4185538528466885,0.20443970874077624,1.566345222920578,1,-1.6159372635795393,908.0,7.3,10.8
0.297,0.302,U8,MAD_M6C12,4.200932688862039,22.810174225231517,CPG,WPG,0.1,0.4178897722672757,0.20450009763809562,1.5514264297408076,5,-1.617172668483958,909.2,7.3,10.7
0.297,0.302,U8,MAD_M6C12,4.189071194030387,22.803154951033854,CPG,WPG,0.1,0.4175171743682834,0.20486207811403653,1.5547841537077738,0,-1.6166973949477637,907.1,7.4,10.8
0.297,0.302,U8,MAD_M6C12,4.212142123366708,22.806878183799046,CPG,WPG,0.1,0.4184349175478888,0.20399815913442845,1.5396433207332718,6,-1.615509364677191,907.5,7.5,10.5
0.297,0.302,U8,MAD_M6C12,4.209455363742482,22.813425738975518,CPG,WPG,0.1,0.4184178736633298,0.20481620344612617,1.5699062726872715,3,-1.6149356758136246,911.0,7.4,11.3
0.297,0.302,U8,MAD_M6C12,4.229300640754705,22.816189970116433,CPG,WPG,0.1,0.41818333100378524,0.20690358006768453,1.542055084857838,1,-1.610695280202144,914.7,7.5,10.5
0.297,0.302,U8,MAD_M6C12,4.243761510111662,22.84290070979237,CPG,WPG,0.1,0.41817257820790044,0.20578090110192743,1.5551681598225855,4,-1.6157825635610301,912.1,7.5,10.7
0.297,0.302,U8,MAD_M6C12,4.242873778003604,22.822699221045664,CPG,WPG,0.1,0.41869664310751403,0.20382999510976396,1.5678135887994027,6,-1.603926057967131,909.2,7.4,10.7
0.297,0.302,U8,MAD_M6C12,4.247504628778536,22.80659028366257,CPG,WPG,0.1,0.41914441027174004,0.20267818262391332,1.569157206871716,1,-1.6155139069368776,909.2,7.3,10.9
0.297,0.302,U8,MAD_M6C12,4.217752214947779,22.817743290323556,CPG,WPG,0.1,0.41815970878737013,0.20262245426582454,1.5634236066230787,6,-1.6182225746324548,905.9,7.3,10.7
0.297,0.302,U8,MAD_M6C12,4.215637034231925,22.823704827216403,CPG,WPG,0.1,0.41762558411689976,0.20237825226466385,1.5471464610329617,1,-1.6124612346818719,900.8,7.4,10.5
0.297,0.302,U8,MAD_M6C12,4.216299030900736,22.819583629747033,CPG,WPG,0.1,0.41883877869816744,0.20254947930922362,1.5560601562948677,1,-1.61642901323947,902.1,7.4,10.5
0.297,0.302,U8,MAD_M6C12,4.2120002731637,22.830290578893756,CPG,WPG,0.1,0.4188161915357302,0.20131994813766368,1.5702207050291936,7,-1.6152524565630877,899.9,7.3,10.8
0.297,0.302,U8,MAD_M6C12,4.2067239166417565,22.814454963566362,CPG,WPG,0.1,0.4177527598501013,0.20368120561187364,1.517724903818547,6,-1.6171128175872482,905.4,7.6,10.3
0.297,0.302,U8,MAD_M6C12,4.238428962436795,22.781672149754893,CPG,WPG,0.1,0.41951080626632314,0.20329885483339352,1.5561092061987698,7,-1.6173592722149959,909.9,7.5,10.3
0.297,0.302,U8,MAD_M6C12,4.225557258372076,22.802281173608733,CPG,WPG,0.1,0.4182022565234681,0.20416624234895814,1.5445569711641123,7,-1.6185669773928844,906.7,7.4,10.6
0.297,0.302,U8,MAD_M6C12,4.2227204784053605,22.79290406603297,CPG,WPG,0.1,0.4184711929915566,0.20341367822340833,1.562108281385418,7,-1.6136631222243647,908.2,7.5,10.6
0.297,0.302,U8,MAD_M6C12,4.231259898221491,22.80423213137078,CPG,WPG,0.1,0.4187486942439197,0.20381686847524838,1.51461142935108,2,-1.617609035057221,906.2,7.7,10.1
0.297,0.302,U8,MAD_M6C12,4.207724830749776,22.791112419775832,CPG,WPG,0.1,0.4180661370655756,0.20430028412301585,1.5288253752409169,1,-1.6144364785594316,907.5,7.7,10.3
0.297,0.302,U8,MAD_M6C12,4.215832650174778,22.785990496546642,CPG,WPG,0.1,0.41857815504953233,0.20342563893669682,1.4784896103485616,6,-1.6190731469243964,906.4,7.6,10.0
0.297,0.302,U8,MAD_M6C12,4.207839039758856,22.79224729194029,CPG,WPG,0.1,0.418134343108738,0.20240153917987774,1.5065456626973828,2,-1.6111062513892414,904.0,7.6,10.2
0.297,0.302,U8,MAD_M6C12,4.1914588538855195,22.768625062805487,CPG,WPG,0.1,0.4185442774801395,0.20169214712332711,1.4738235594243858,6,-1.6155243034541424,902.9,7.6,10.0
0.297,0.302,U8,MAD_M6C12,4.1752591430704395,22.781151404799253,CPG,WPG,0.1,0.41806374067378876,0.20213208399661786,1.4878364930042633,0,-1.6139386784698253,900.6,7.6,10.1
0.297,0.302,U8,MAD_M6C12,4.205831483040928,22.788317056988937,CPG,WPG,0.1,0.4187113586688195,0.2025860707351952,1.5185147568042585,6,-1.6166265001106783,904.8,7.6,10.1
0.297,0.302,U8,MAD_M6C12,4.197457072489874,22.780555223214886,CPG,WPG,0.1,0.4189683742854644,0.20134175793475026,1.5359867864541639,0,-1.6149217674555576,903.3,7.5,10.1
0.297,0.302,U8,MAD_M6C12,4.196880119764769,22.78196095621968,CPG,WPG,0.1,0.4184922268223408,0.20189156240945533,1.5422051479148506,7,-1.608191211093395,900.2,7.7,10.3
0.297,0.302,U8,MAD_M6C12,4.20424507241885,22.757149006114613,CPG,WPG,0.1,0.41926503293282835,0.20108087169115724,1.5616092758245594,3,-1.609003779380938,901.5,7.5,10.3
0.297,0.302,U8,MAD_M6C12,4.185052990519346,22.778895369753574,CPG,WPG,0.1,0.4179974346039354,0.20119447500671805,1.5580829721842164,7,-1.6110001246751668,896.5,7.6,10.5
0.297,0.302,U8,MAD_M6C12,4.188369153823252,22.80439102257837,CPG,WPG,0.1,0.41820494757637816,0.2013661170276804,1.5157079115372394,6,-1.6149854100815126,896.0,7.6,10.2
0.297,0.302,U8,MAD_M6C12,4.191150402090895,22.800427116470395,CPG,WPG,0.1,0.41751968917500787,0.20211172203771863,1.5385772095583374,1,-1.6165342500256195,897.0,7.6,10.5
0.297,0.302,U8,MAD_M6C12,4.188349786221548,22.78638902052923,CPG,WPG,0.1,0.4179166187620408,0.2024088040974803,1.5435288376803782,2,-1.6087886667899642,900.6,7.6,10.4
0.297,0.302,U8,MAD_M6C12,4.203629115208571,22.798083321025032,CPG,WPG,0.1,0.41797500071851657,0.2019917044917448,1.5573964367586606,3,-1.61751954903092,899.7,7.6,10.7
0.297,0.302,U8,MAD_M6C12,4.219770771096698,22.78871577962211,CPG,WPG,0.1,0.41856390848347563,0.20200349720123612,1.550605493125675,6,-1.6136358791576697,903.2,7.6,10.4
0.297,0.302,U8,MAD_M6C12,4.225076167873091,22.800620403005283,CPG,WPG,0.1,0.4182535720407345,0.20212213325023248,1.561995214486147,7,-1.6175409416882403,902.8,7.6,10.7
0.297,0.302,U8,MAD_M6C12,4.212299280658341,22.801276848727984,CPG,WPG,0.1,0.41844389590486164,0.20115626987834462,1.5628230740399869,5,-1.6175771308381783,897.0,7.7,10.7
0.297,0.302,U8,MAD_M6C12,4.215877781316618,22.789573201734665,CPG,WPG,0.1,0.419166754190461,0.20136475186867814,1.5685086012909837,0,-1.616745628153975,899.9,7.5,10.6
0.297,0.302,U8,MAD_M6C12,4.222626155804845,22.771502080134525,CPG,WPG,0.1,0.4188504111258177,0.2020815745485513,1.5568044499281846,7,-1.6078664919394772,901.8,7.7,10.5
0.297,0.302,U8,MAD_M6C12,4.222891455905593,22.771756528517365,CPG,WPG,0.1,0.4192650632595073,0.201598625121457,1.565958756655991,3,-1.6162636510070811,901.6,7.6,10.6
0.297,0.302,U8,MAD_M6C12,4.211453639534546,22.76869287342933,CPG,WPG,0.1,0.4188488805726958,0.20134533158858015,1.5559020259323777,5,-1.616301162425298,899.1,7.6,10.4
0.297,0.302,U8,MAD_M6C12,4.234497918072549,22.772501550357408,CPG,WPG,0.1,0.4191293674819647,0.20093889385016742,1.5250405917058103,4,-1.6141249012690047,898.5,7.6,10.2
0.297,0.302,U8,MAD_M6C12,4.210605420002386,22.777800551138057,CPG,WPG,0.1,0.41878691939892576,0.201060958361573,1.5368961314124263,3,-1.6152586721960915,895.9,7.7,10.3
0.297,0.302,U8,MAD_M6C12,4.214587476805053,22.763528855354753,CPG,WPG,0.1,0.41885907999756417,0.20090580100014438,1.5265351997354961,0,-1.6162286673602324,895.1,7.7,10.2
0.297,0.302,U8,MAD_M6C12,4.2202535276562445,22.782808005522433,CPG,WPG,0.1,0.4187796506773758,0.20155658126009324,1.5109575379781295,1,-1.6071597012663918,898.1,7.7,10.2
0.297,0.302,U8,MAD_M6C12,4.221354661072332,22.770635603127815,CPG,WPG,0.1,0.41884132657918816,0.20096508417021394,1.5194561033833676,0,-1.609440198087844,897.2,7.7,10.2
0.297,0.302,U8,MAD_M6C12,4.227238952250105,22.78148420201482,CPG,WPG,0.1,0.4190414987317126,0.20086158156286674,1.5145494540555133,0,-1.6183288414039776,895.9,7.7,10.2
0.297,0.302,U8,MAD_M6C12,4.217088925641204,22.779450574231166,CPG,WPG,0.1,0.4186110996970504,0.20059998677612775,1.4911729521407722,7,-1.61865116297888,891.7,7.8,10.2
0.297,0.302,U8,MAD_M6C12,4.207958178459877,22.765664822795966,CPG,WPG,0.1,0.41889902781569066,0.2003205251006363,1.5100921506097724,1,-1.6178354966678246,890.3,7.7,10.2
0.297,0.302,U8,MAD_M6C12,4.2182534927368565,22.769945445155017,CPG,WPG,0.1,0.4186731737404459,0.20066840182487775,1.5172171749516536,4,-1.6186165695373855,892.8,7.7,10.3
0.297,0.302,U8,MAD_M6C12,4.21182909955946,22.765090015221272,CPG,WPG,0.1,0.41893824423820425,0.20047800782073255,1.5385533343857447,3,-1.6140257808475535,891.7,7.7,10.4
0.297,0.302,U8,MAD_M6C12,4.213484673236484,22.779336551680007,CPG,WPG,0.1,0.4186940284457074,0.2001470678771904,1.5105113229517295,5,-1.618650269808457,887.1,7.7,10.2
0.297,0.302,U8,MAD_M6C12,4.205458699070855,22.765448222031,CPG,WPG,0.1,0.4185776879860561,0.20028581509091428,1.5289610035697314,4,-1.6068109722748396,888.4,7.7,10.4
0.297,0.302,U8,MAD_M6C12,4.206557708334839,22.75499428342058,CPG,WPG,0.1,0.4190481088709121,0.2002791851243137,1.5144582355157867,2,-1.617435238517686,890.6,7.7,10.2
0.297,0.302,U8,MAD_M6C12,4.205886080296644,22.775139077625067,CPG,WPG,0.1,0.41893079346971096,0.20009848277908404,1.522655238705798,1,-1.6135592970861303,886.9,7.7,10.3
0.297,0.302,U8,MAD_M6C12,4.212928659715219,22.776639497796456,CPG,WPG,0.1,0.4186891464022209,0.20025868344971592,1.5262705320916887,6,-1.6183146926927314,889.2,7.7,10.4
0.297,0.302,U8,MAD_M6C12,4.200615130141105,22.784023952130426,CPG,WPG,0.1,0.41884037299827953,0.20017665674443552,1.5216012230860225,1,-1.6166053918988545,886.8,7.7,10.3
0.297,0.302,U8,MAD_M6C12,4.207642086820205,22.774791778858226,CPG,WPG,0.1,0.4188557430620372,0.20073211875934882,1.5373906299005418,0,-1.6156807830566216,891.8,7.8,10.4
0.297,0.302,U8,MAD_M6C12,4.202615801288248,22.772594414726708,CPG,WPG,0.1,0.4190173717331503,0.2003442121556529,1.543822701510687,4,-1.6132348160887844,890.5,7.7,10.4
0.297,0.302,U8,MAD_M6C12,4.198013513517015,22.77218028249223,CPG,WPG,0.1,0.4191773816442985,0.2002735738855538,1.530153956014424,6,-1.6097685083609683,888.6,7.7,10.3
0.297,0.302,U8,MAD_M6C12,4.201227302472349,22.777335825453957,CPG,WPG,0.1,0.41892106521270583,0.2001841770071192,1.546751557520604,2,-1.615925321452547,886.7,7.7,10.5
0.297,0.302,U8,MAD_M6C12,4.194234606077887,22.76865900052422,CPG,WPG,0.1,0.41918311532878116,0.20007054261019863,1.557121778490767,5,-1.613534911765754,885.7,7.7,10.5
0.297,0.302,U8,MAD_M6C12,4.183347460376559,22.764295517564946,CPG,WPG,0.1,0.41874650626567156,0.20027283586735184,1.5463395398386224,2,-1.6144020665704648,887.2,7.8,10.5
0.297,0.302,U8,MAD_M6C12,4.181253914512934,22.772125677968276,CPG,WPG,0.1,0.41870834955487507,0.2002017711971708,1.5608728417262645,6,-1.6137210756718776,886.1,7.7,10.7
0.297,0.302,U8,MAD_M6C12,4.180430153895335,22.76034487079198,CPG,WPG,0.1,0.4188696503304361,0.2000102236886934,1.5527931232697894,4,-1.6130362068503832,882.7,7.7,10.6
0.297,0.302,U8,MAD_M6C12,4.172602061280526,22.757224916788104,CPG,WPG,0.1,0.4186651078813733,0.20002517319021476,1.5491845751350453,5,-1.6017808184386286,881.0,7.7,10.6
0.297,0.302,U8,MAD_M6C12,4.175252386522173,22.771334212639374,CPG,WPG,0.1,0.4187876255350965,0.2000655244781547,1.541976378580217,1,-1.6146450361308453,882.6,7.8,10.5
0.297,0.302,U8,MAD_M6C12,4.185561069650414,22.765624267765087,CPG,WPG,0.1,0.41890211346906625,0.20004064913849126,1.5500446389883793,0,-1.6060979056274487,882.1,7.7,10.6
0.297,0.302,U8,MAD_M6C12,4.163979083131769,22.777720691988787,CPG,WPG,0.1,0.4184315065616388,0.20004744491346907,1.545809014053959,7,-1.6073930559231044,879.0,7.8,10.7
0.297,0.302,U8,MAD_M6C12,4.156793214525661,22.787094019347848,CPG,WPG,0.1,0.4184070386379111,0.2000630126566774,1.5560893104883382,3,-1.6085351631850546,879.6,7.7,10.8
0.297,0.302,U8,MAD_M6C12,4.161281720679792,22.788663341412388,CPG,WPG,0.1,0.4184591998674644,0.20000238156709785,1.5278595131785409,0,-1.612380713629003,877.3,7.8,10.6
0.297,0.302,U8,MAD_M6C12,4.178270036645223,22.806580527945012,CPG,WPG,0.1,0.4185879893263768,0.20000720490807516,1.5496119726310766,7,-1.604869641347177,879.3,7.7,10.8
0.297,0.302,U8,MAD_M6C12,4.194906743963946,22.82483377329392,CPG,WPG,0.1,0.41813919885061074,0.2000428431409953,1.522198251405512,1,-1.6087887004000319,881.8,7.7,10.6
0.297,0.302,U8,MAD_M6C12,4.174102037985542,22.820936906492786,CPG,WPG,0.1,0.41789967016863616,0.20001102131960796,1.5440235573861552,3,-1.6027334393254833,879.7,7.7,11.0
0.297,0.302,U8,MAD_M6C12,4.167281750565219,22.828300992342495,CPG,WPG,0.1,0.41772780545270494,0.2005449433061255,1.5631304490772302,1,-1.6105213011115236,885.2,7.7,11.3
0.297,0.302,U8,MAD_M6C12,4.155006405702527,22.808049955754583,CPG,WPG,0.1,0.41759022506603916,0.2002303507188642,1.5668871436720813,7,-1.6067742117971147,879.7,7.8,11.4
0.297,0.302,U8,MAD_M6C12,4.162011798559931,22.819049085526352,CPG,WPG,0.1,0.4175315378805672,0.20001196560805723,1.566012623076626,2,-1.5997786509709542,875.9,7.7,11.5
0.297,0.302,U8,MAD_M6C12,4.163325027984299,22.81135649385134,CPG,WPG,0.1,0.41797742020278544,0.20001776992431763,1.569939127388817,5,-1.6106857881483876,878.1,7.8,11.6
0.297,0.302,U8,MAD_M6C12,4.165235263842093,22.79708726338331,CPG,WPG,0.1,0.41747897515961097,0.20007470016988646,1.5698624979554823,3,-1.6097902551812986,878.2,7.7,11.9
0.297,0.302,U8,MAD_M6C12,4.161633311064948,22.800806343550203,CPG,WPG,0.1,0.41769042642512894,0.20010581413095965,1.5707449383648395,3,-1.6019637800802933,878.3,7.7,12.0
0.297,0.302,U8,MAD_M6C12,4.1554317883308824,22.79668826555309,CPG,WPG,0.1,0.41823829487938946,0.20003578742504888,1.5705768326311178,7,-1.6118117442116198,878.3,7.8,11.7
0.297,0.302,U8,MAD_M6C12,4.16017490951731,22.800947913882297,CPG,WPG,0.1,0.4181091531666334,0.2000007295488524,1.5669268137750363,1,-1.6120921424599022,875.9,7.6,12.3
0.297,0.302,U8,MAD_M6C12,4.159905110598053,22.76787658052213,CPG,WPG,0.1,0.41849137700243416,0.20030900617848568,1.5627448659185377,0,-1.611899930798577,884.1,7.7,12.1
0.297,0.302,U8,MAD_M6C12,4.160387299345668,22.760623075923004,CPG,WPG,0.1,0.4185982144403769,0.2000343326268261,1.5612205026698063,5,-1.6105868445889993,882.2,7.7,11.9
0.297,0.302,U8,MAD_M6C12,4.1752523203843515,22.778359623402558,CPG,WPG,0.1,0.4187897518080339,0.2001459887314006,1.5704339657471453,1,-1.6113787122483174,885.0,7.6,11.5
0.297,0.302,U8,MAD_M6C12,4.17412644687909,22.782268530645446,CPG,WPG,0.1,0.418840221182262,0.20000162681892758,1.5673213241539057,4,-1.6082708931486653,883.4,7.6,11.0
0.297,0.302,U8,MAD_M6C12,4.205570984762957,22.779325197247285,CPG,WPG,0.1,0.4190042821888376,0.20006372146716533,1.5631407144934748,5,-1.6088428467496527,887.1,7.7,10.9
0.297,0.302,U8,MAD_M6C12,4.191899432613386,22.770663040520976,CPG,WPG,0.1,0.4192503556262655,0.20000149746195048,1.5690493991008654,1,-1.611344522541314,883.7,7.6,11.5
0.297,0.302,U8,MAD_M6C12,4.190970518788266,22.77514954075745,CPG,WPG,0.1,0.41989537375224284,0.2000470629696492,1.570795295502375,6,-1.6089830244603753,881.4,7.7,11.2
0.297,0.302,U8,MAD_M6C12,4.181052170647142,22.79016684753606,CPG,WPG,0.1,0.4185674282597125,0.20000563214669537,1.5551127941906633,2,-1.6113852238065274,881.9,7.7,10.9
0.297,0.302,U8,MAD_M6C12,4.178522672137754,22.77280805035553,CPG,WPG,0.1,0.4187653640619604,0.20001882300869225,1.5695848756717408,5,-1.612821950022072,883.9,7.7,11.2
0.297,0.302,U8,MAD_M6C12,4.170767651092263,22.802480722125885,CPG,WPG,0.1,0.4179291651577812,0.20025790310976302,1.567520780495848,6,-1.6119837076639438,882.5,7.8,11.5
0.297,0.302,U8,MAD_M6C12,4.168465638399423,22.822481126171244,CPG,WPG,0.1,0.4178505727480231,0.200011441389394,1.554740731876021,0,-1.6075148149463327,876.7,7.9,11.3
0.297,0.302,U8,MAD_M6C12,4.157157290029821,22.816596987027598,CPG,WPG,0.1,0.4174661895106326,0.2000749565915658,1.5671199998273897,6,-1.6064731657508666,876.3,7.9,11.8
0.297,0.302,U8,MAD_M6C12,4.1666693851008425,22.789307848097657,CPG,WPG,0.1,0.4181275945986863,0.2000770281399374,1.5667454291574572,1,-1.6125628784900066,879.0,7.9,11.4
0.297,0.302,U8,MAD_M6C12,4.17082726923424,22.78994859102905,CPG,WPG,0.1,0.4180435858174586,0.2003636471442038,1.561907079752027,0,-1.6130381225865111,882.3,7.9,11.4
0.297,0.302,U8,MAD_M6C12,4.174205265884477,22.834729181997936,CPG,WPG,0.1,0.4174956275725916,0.20021258004412185,1.5544502304583858,7,-1.6125510592400616,879.0,7.8,11.5
0.297,0.302,U8,MAD_M6C12,4.1699643363549335,22.82608927255145,CPG,WPG,0.1,0.41765143750341976,0.20060873923677552,1.5571307040047575,6,-1.6128934082097306,882.9,7.8,11.4
0.297,0.302,U8,MAD_M6C12,4.179350311529858,22.824009378043435,CPG,WPG,0.1,0.41758453097002013,0.20053025601544694,1.5596066948346134,2,-1.610652212923645,883.6,7.8,11.4
0.297,0.302,U8,MAD_M6C12,4.162395653178023,22.824095512236273,CPG,WPG,0.1,0.4174228880639346,0.20077478117906444,1.5427980684584188,7,-1.60155937933688,882.3,7.9,11.1
0.297,0.302,U8,MAD_M6C12,4.183196845006947,22.826728732007663,CPG,WPG,0.1,0.4176318165144187,0.20071180946650444,1.5413903352687255,1,-1.6051418087795195,884.1,8.0,11.1
0.297,0.302,U8,MAD_M6C12,4.1862732413514125,22.808081365725933,CPG,WPG,0.1,0.4178806375486938,0.20064775800710755,1.5499729962782007,1,-1.6017154475719586,885.2,8.0,11.0
0.297,0.302,U8,MAD_M6C12,4.182774649712853,22.832708543878145,CPG,WPG,0.1,0.4175974964543425,0.20013326755996336,1.5190308732866886,0,-1.610456769485598,879.1,7.9,10.9
0.297,0.302,U8,MAD_M6C12,4.188262358662616,22.82138414965768,CPG,WPG,0.1,0.4173725837489083,0.2006356334363908,1.5219594440201818,1,-1.6150021536704404,882.9,7.9,11.0
0.297,0.302,U8,MAD_M6C12,4.181007371184804,22.81625313761285,CPG,WPG,0.1,0.417559238190899,0.20028028092808878,1.5295840094158675,1,-1.6142441143102602,881.8,7.9,10.9
0.297,0.302,U8,MAD_M6C12,4.177621485646938,22.7932773373137,CPG,WPG,0.1,0.4179101898753501,0.2000470196993291,1.53693586812232,1,-1.6130307676512334,878.3,7.9,10.9
0.297,0.302,U8,MAD_M6C12,4.1765768513648975,22.809007077393655,CPG,WPG,0.1,0.41796250508775457,0.20017844934856763,1.5230030195527258,3,-1.609410887620209,880.5,7.9,10.7
0.297,0.302,U8,MAD_M6C12,4.183577510194096,22.835038166815213,CPG,WPG,0.1,0.41762561694964145,0.20036705494998983,1.503232912548603,5,-1.6138214321218527,882.0,7.9,10.7
0.297,0.302,U8,MAD_M6C12,4.181606673413829,22.824412001726927,CPG,WPG,0.1,0.4175684889990524,0.20049402132646468,1.5135398961191622,7,-1.6165589024039075,881.9,7.9,10.8
0.297,0.302,U8,MAD_M6C12,4.178403751381258,22.83217309586384,CPG,WPG,0.1,0.4176364707860582,0.20007911957442387,1.518959766361602,3,-1.6131279128006604,878.1,7.8,10.9
0.297,0.302,U8,MAD_M6C12,4.176514520326155,22.830162189808558,CPG,WPG,0.1,0.4176728419887376,0.20014395542627747,1.5236164898943607,3,-1.6122600303652437,878.6,7.9,10.9
0.297,0.302,U8,MAD_M6C12,4.179408739496733,22.829798506428226,CPG,WPG,0.1,0.41762298020756317,0.20014061152841583,1.5146802892758187,2,-1.6147954732941585,878.4,7.8,10.9
0.297,0.302,U8,MAD_M6C12,4.1782944947470515,22.832307779281553,CPG,WPG,0.1,0.41761090028952746,0.20021974717661303,1.516442424492345,3,-1.6153180615930935,878.7,7.9,10.9
0.297,0.302,U8,MAD_M6C12,4.176978908236646,22.818239725350864,CPG,WPG,0.1,0.4177349769906098,0.20014690049511336,1.5236118605694702,4,-1.614655370024117,878.1,7.9,10.9
0.297,0.302,U8,MAD_M6C12,4.181776760667004,22.820824987249008,CPG,WPG,0.1,0.41752567177990696,0.20046803466922974,1.5229460113065874,4,-1.614628867149479,880.7,7.9,11.0
0.297,0.302,U8,MAD_M6C12,4.1772475621007965,22.812906021963713,CPG,WPG,0.1,0.4177249301642675,0.20034530555085786,1.5355659383070845,1,-1.6113835797287486,880.4,7.9,11.0
0.297,0.302,U8,MAD_M6C12,4.180716145624459,22.819753785385494,CPG,WPG,0.1,0.4176232348198635,0.20026738659848214,1.5234814185063268,2,-1.6131587861525762,878.9,7.9,11.0
0.297,0.302,U8,MAD_M6C12,4.184257386564274,22.809375330198712,CPG,WPG,0.1,0.4175978735043905,0.20067174570999038,1.5256443079726933,3,-1.6136748889395633,883.3,7.9,11.0
0.297,0.302,U8,MAD_M6C12,4.188008436967222,22.81429549052908,CPG,WPG,0.1,0.417636013651095,0.200603797519898,1.5283822035689796,2,-1.6075962521411604,883.4,7.9,11.0
0.297,0.302,U8,MAD_M6C12,4.189141795734479,22.81221874219627,CPG,WPG,0.1,0.4176181823094556,0.20085437078778637,1.5349019793944976,7,-1.608539475478631,885.4,7.8,11.1
0.297,0.302,U8,MAD_M6C12,4.18841589683952,22.819313901534137,CPG,WPG,0.1,0.4173772034264717,0.2006520900231669,1.527704616291952,4,-1.6153774351426637,882.0,7.8,11.1
0.297,0.302,U8,MAD_M6C12,4.190842135071198,22.807411560746488,CPG,WPG,0.1,0.41751135354865687,0.2009148025330979,1.5402164338011746,0,-1.6139061476608898,885.1,7.8,11.2
0.297,0.302,U8,MAD_M6C12,4.196322662662901,22.805542333256522,CPG,WPG,0.1,0.4174181119001733,0.20087770983196485,1.5269164571928133,4,-1.6150478578715468,885.3,7.8,11.1
0.297,0.302,U8,MAD_M6C12,4.195078605476129,22.80941153257129,CPG,WPG,0.1,0.41733444878999754,0.20114466919081386,1.5369120728540975,4,-1.617399485117895,885.0,7.9,11.3
0.297,0.302,U8,MAD_M6C12,4.190748479424718,22.807917210299543,CPG,WPG,0.1,0.41752503197473123,0.20070656906189255,1.5337101545597172,0,-1.6131919029437984,883.8,7.8,11.2
0.297,0.302,U8,MAD_M6C12,4.193201309138018,22.811126539850026,CPG,WPG,0.1,0.4174272129195266,0.20087242549664847,1.5190732161618739,6,-1.6141082482844116,883.1,7.9,11.1
0.297,0.302,U8,MAD_M6C12,4.193594958211551,22.808002592207043,CPG,WPG,0.1,0.417428419947465,0.20069101350715893,1.5186708517230358,0,-1.61522484824728,883.3,7.8,11.1
0.297,0.302,U8,MAD_M6C12,4.196087956576775,22.810717025296512,CPG,WPG,0.1,0.4173403375416669,0.20101732963988586,1.5217100919529027,1,-1.6159495790773164,884.9,7.9,11.1
0.297,0.302,U8,MAD_M6C12,4.195979814888965,22.80229176630213,CPG,WPG,0.1,0.41752895757310415,0.2009422121474209,1.531720709204694,6,-1.612318425917854,884.6,7.9,11.2
0.297,0.302,U8,MAD_M6C12,4.194339547615289,22.815352554832877,CPG,WPG,0.1,0.4173295191329204,0.20106653115976902,1.5178005794057814,0,-1.615375301567191,884.7,7.9,11.1
0.297,0.302,U8,MAD_M6C12,4.19187458543614,22.80609138286694,CPG,WPG,0.1,0.4175259563634858,0.20128016719928646,1.5319249003867568,6,-1.6132783109669617,886.4,7.9,11.1
0.297,0.302,U8,MAD_M6C12,4.185244726114387,22.803489676859396,CPG,WPG,0.1,0.41763261249055733,0.20089707939941756,1.5352080887737802,7,-1.614333889458912,883.5,7.9,11.1
0.297,0.302,U8,MAD_M6C12,4.1909986193854545,22.8024389006022,CPG,WPG,0.1,0.4175349212556958,0.2012372628130452,1.5320275969217687,0,-1.615115071378229,885.5,7.9,11.2
0.297,0.302,U8,MAD_M6C12,4.189506234893454,22.807614042500614,CPG,WPG,0.1,0.4174999525457604,0.20101610183797014,1.5311084242268236,6,-1.6150996559035082,883.8,7.9,11.2
0.297,0.302,U8,MAD_M6C12,4.188508545929845,22.80044184285324,CPG,WPG,0.1,0.41758715011552505,0.20101675909802894,1.5284139095134708,0,-1.615487620995113,884.7,7.9,11.0
0.297,0.302,U8,MAD_M6C12,4.189050524474405,22.80126398399618,CPG,WPG,0.1,0.4175661124223785,0.20110179097098002,1.526352071996977,2,-1.6156165599092382,885.3,7.9,11.1
0.297,0.302,U8,MAD_M6C12,4.188409664706383,22.79782669857781,CPG,WPG,0.1,0.417605270609594,0.20094232405729442,1.525651417297306,0,-1.6160079969929129,884.0,7.9,11.1
0.297,0.302,U8,MAD_M6C12,4.186962971925296,22.797831923293636,CPG,WPG,0.1,0.41763125350009767,0.20083542892838438,1.5285545131630291,7,-1.6158718784324648,883.5,7.9,11.1
0.297,0.302,U8,MAD_M6C12,4.187556790826202,22.8026104182582,CPG,WPG,0.1,0.41756293111969167,0.20091195372226486,1.5207294295020062,2,-1.6160653246863532,883.6,7.9,11.0
0.297,0.302,U8,MAD_M6C12,4.187368284951176,22.794592710599012,CPG,WPG,0.1,0.41769443563586794,0.2007945673075534,1.5228174979535338,7,-1.6145645581066965,883.1,7.9,11.0
0.297,0.302,U8,MAD_M6C12,4.190624744465552,22.801661017859217,CPG,WPG,0.1,0.41750144240934794,0.20109759765327065,1.528442249109685,0,-1.617030326052534,884.6,7.9,11.1
0.297,0.302,U8,MAD_M6C12,4.191177426909649,22.79939799144168,CPG,WPG,0.1,0.4175344172638299,0.20103863698675956,1.524927152982015,0,-1.6163958722474305,884.2,7.9,11.1
0.297,0.302,U8,MAD_M6C12,4.191018330217285,22.7970364017546,CPG,WPG,0.1,0.41758576813605885,0.20087654988821527,1.5225409101249627,3,-1.615516998156311,883.6,7.9,11.1
0.297,0.302,U8,MAD_M6C12,4.188898948916231,22.794814675992317,CPG,WPG,0.1,0.41760885943041237,0.20087887360899973,1.5289672454499041,5,-1.616919632001732,883.7,7.9,11.1
0.297,0.302,U8,MAD_M6C12,4.188336868813587,22.793409414546108,CPG,WPG,0.1,0.41766403259239065,0.20084002639589274,1.5317497626980137,7,-1.615706763920194,883.3,7.9,11.1
0.297,0.302,U8,MAD_M6C12,4.187726073797129,22.79351109788073,CPG,WPG,0.1,0.4176404030367326,0.20073248044540523,1.5221668011281615,6,-1.616982270168089,882.7,7.9,11.0
0.297,0.302,U8,MAD_M6C12,4.188400813776293,22.796538530665067,CPG,WPG,0.1,0.4175966718892763,0.200842775624701,1.5269231764760596,5,-1.6169370205809024,883.4,7.9,11.1
0.297,0.302,U8,MAD_M6C12,4.1889149744643115,22.80183716455642,CPG,WPG,0.1,0.4175506147733411,0.20093752823262293,1.5250418198189792,0,-1.6160589688641807,883.4,7.9,11.1
0.297,0.302,U8,MAD_M6C12,4.188275682429477,22.803355698901687,CPG,WPG,0.1,0.41753365905400275,0.20096170768495358,1.5292719474867362,2,-1.6164461907702048,883.4,7.9,11.2
0.297,0.302,U8,MAD_M6C12,4.190889079828651,22.80231327244802,CPG,WPG,0.1,0.41751488220856303,0.20103401421878508,1.5227817430363433,3,-1.6160371157660585,883.8,7.9,11.1
0.297,0.302,U8,MAD_M6C12,4.1894791599256935,22.80169951819534,CPG,WPG,0.1,0.41753007708431866,0.2008984665454668,1.5214699519274992,3,-1.6165869887262794,882.9,7.9,11.1
0.297,0.302,U8,MAD_M6C12,4.190860634349139,22.801416296195782,CPG,WPG,0.1,0.4175047273213861,0.20106490894649867,1.5236758292230586,7,-1.616863334351125,883.8,8.0,11.1
0.297,0.302,U8,MAD_M6C12,4.188979791493617,22.79846968725583,CPG,WPG,0.1,0.41757633112342046,0.20106446275003576,1.5287079603152018,1,-1.6165147941484648,883.6,8.0,11.1
0.297,0.302,U8,MAD_M6C12,4.190718201891693,22.805214564772694,CPG,WPG,0.1,0.41746745006436126,0.2011132864451855,1.5239204947324776,5,-1.616720559588341,883.7,8.0,11.1
0.297,0.302,U8,MAD_M6C12,4.1904640792489625,22.801997630313938,CPG,WPG,0.1,0.41749808725670806,0.20111546491081472,1.5285588750756247,0,-1.6171118475602757,883.7,7.9,11.2
0.297,0.302,U8,MAD_M6C12,4.189600502136959,22.801923029880175,CPG,WPG,0.1,0.4175204444462434,0.20122297676435302,1.5301436154290036,6,-1.616793767586337,884.3,7.9,11.2
0.297,0.302,U8,MAD_M6C12,4.190967872846355,22.803661444045446,CPG,WPG,0.1,0.4174965493270876,0.20124152935162493,1.5269334206255087,7,-1.6161089670229174,884.3,8.0,11.2
0.297,0.302,U8,MAD_M6C12,4.189830236187282,22.801438490675526,CPG,WPG,0.1,0.4175399375522189,0.2010882761022983,1.5291963117039775,1,-1.6160940321792072,883.6,7.9,11.2
0.297,0.302,U8,MAD_M6C12,4.191861195810803,22.803088210599814,CPG,WPG,0.1,0.41746323538942315,0.20108715960586224,1.5246495089866938,6,-1.6171362566713725,883.7,7.9,11.1
0.297,0.302,U8,MAD_M6C12,4.1921952087974255,22.803827449125343,CPG,WPG,0.1,0.4174445586806618,0.2010606293448821,1.5225869990128191,0,-1.6173373193357108,883.5,7.9,11.1
0.297,0.302,U8,MAD_M6C12,4.1909043157116255,22.806053381552896,CPG,WPG,0.1,0.4174477692011744,0.20109715193690686,1.5234897442515996,5,-1.6170086148798113,883.6,7.9,11.1
0.297,0.302,U8,MAD_M6C12,4.191270142573849,22.803838820630205,CPG,WPG,0.1,0.417465811822503,0.20117056661334012,1.524786670866201,6,-1.6170629268297159,883.7,7.9,11.1
0.297,0.302,U8,MAD_M6C12,4.191036634061855,22.80190330724106,CPG,WPG,0.1,0.41749270466042,0.20111322430508666,1.524682317464796,7,-1.6170121948893215,883.9,7.9,11.1
0.297,0.302,U8,MAD_M6C12,4.190844657812783,22.802139125768143,CPG,WPG,0.1,0.41749089748428714,0.2010502447211814,1.5211594613474113,5,-1.6170971070427864,883.6,7.9,11.1
0.297,0.302,U8,MAD_M6C12,4.192306905981633,22.802370544698103,CPG,WPG,0.1,0.4174578487713976,0.20104861618073588,1.5212737322494605,6,-1.61739680254016,883.6,7.9,11.1
0.297,0.302,U8,MAD_M6C12,4.191580823765323,22.79830699098209,CPG,WPG,0.1,0.4175213050429319,0.20099865713099865,1.523759382077106,7,-1.6171585564776638,883.6,7.9,11.1
0.297,0.302,U8,MAD_M6C12,4.190471017106905,22.79875833163324,CPG,WPG,0.1,0.4175391182124324,0.20105703478755493,1.525876404139094,0,-1.6169370381980812,883.8,7.9,11.1
0.297,0.302,U8,MAD_M6C12,4.190969863343294,22.796745594286826,CPG,WPG,0.1,0.4175492953954336,0.20103374051101944,1.52506901142893,0,-1.6171297374376294,883.8,7.9,11.1
0.297,0.302,U8,MAD_M6C12,4.190959861126637,22.797161724288785,CPG,WPG,0.1,0.4175462906263466,0.20110290399093908,1.5254141194307596,4,-1.6170677745797342,884.3,7.9,11.1
0.297,0.302,U8,MAD_M6C12,4.191186882614102,22.799683287839684,CPG,WPG,0.1,0.41750818105201815,0.20102095256255714,1.5229820516307373,3,-1.6173047533175815,883.7,7.9,11.1
0.297,0.302,U8,MAD_M6C12,4.190732075639194,22.799297994171493,CPG,WPG,0.1,0.41751963247869284,0.2010716259551425,1.5237205000235092,2,-1.6173061528801824,883.7,7.9,11.1
0.297,0.302,U8,MAD_M6C12,4.191417190612836,22.79978683374852,CPG,WPG,0.1,0.41750437885782055,0.20105209787449488,1.5213840770908216,6,-1.617265944443968,883.7,7.9,11.1
0.297,0.302,U8,MAD_M6C12,4.191824941658453,22.799622865375934,CPG,WPG,0.1,0.4174966636358912,0.20111731731798838,1.5228102558692984,3,-1.6173929868747656,883.9,7.9,11.1
0.297,0.302,U8,MAD_M6C12,4.192126195903425,22.801003172154765,CPG,WPG,0.1,0.41747701135282583,0.2011634408278545,1.523398916525649,1,-1.6173642889607507,884.1,7.9,11.1
0.297,0.302,U8,MAD_M6C12,4.1915861439977515,22.80063037007654,CPG,WPG,0.1,0.4174939969253866,0.20108869288574766,1.5222455404535888,5,-1.617193136479333,883.8,7.9,11.1
0.297,0.302,U8,MAD_M6C12,4.192083974847155,22.80082534697174,CPG,WPG,0.1,0.4174827550359506,0.2011204565026998,1.5227996366445695,5,-1.6172424296365921,883.9,7.9,11.1
0.297,0.302,U8,MAD_M6C12,4.192485654302396,22.8006230876596,CPG,WPG,0.1,0.4174752141458183,0.2010955689053281,1.5231237819402916,0,-1.617383554310086,883.9,7.9,11.1
0.297,0.302,U8,MAD_M6C12,4.192599903231629,22.800237456944703,CPG,WPG,0.1,0.41747929103632464,0.20112540312048685,1.5229403823755154,4,-1.6173243480672284,884.0,7.9,11.1
0.297,0.302,U8,MAD_M6C12,4.192637776052311,22.801185903399695,CPG,WPG,0.1,0.4174668357906437,0.2010882154624276,1.523333954388522,5,-1.6173681230070986,883.8,7.9,11.1
0.297,0.302,U8,MAD_M6C12,4.192548786545697,22.801123491183724,CPG,WPG,0.1,0.4174679181577623,0.20111045161786253,1.5227170419273923,3,-1.6174086041537166,884.0,7.9,11.1
0.297,0.302,U8,MAD_M6C12,4.192044107363228,22.800218647464348,CPG,WPG,0.1,0.4174915722237118,0.2010756100606813,1.5224253079218308,1,-1.6171903403185546,883.7,7.9,11.1
0.297,0.302,U8,MAD_M6C12,4.1925901422717695,22.801136153584714,CPG,WPG,0.1,0.41746611512172177,0.20108149755783578,1.522244417735842,0,-1.6174488335213493,883.8,7.9,11.1
0.297,0.302,U8,MAD_M6C12,4.192629581004487,22.80116726853713,CPG,WPG,0.1,0.41746699088667544,0.20110193389511985,1.5215142398927388,2,-1.6173754604490806,883.8,7.9,11.1
0.297,0.302,U8,MAD_M6C12,4.19266115792368,22.80032791867104,CPG,WPG,0.1,0.4174724316870476,0.20109167697638713,1.5205845011428112,7,-1.6175181117791038,883.9,7.9,11.1
0.297,0.302,U8,MAD_M6C12,4.192187684644804,22.799826188585957,CPG,WPG,0.1,0.41748690581170195,0.20110288616862262,1.522816841407041,7,-1.6174635562733481,884.0,7.9,11.1
0.297,0.302,U8,MAD_M6C12,4.19231380032385,22.800763755291275,CPG,WPG,0.1,0.4174750461882454,0.20108606570394788,1.5215113543116447,0,-1.6174336890776981,883.8,7.9,11.1
0.297,0.302,U8,MAD_M6C12,4.192298264406304,22.800637650230946,CPG,WPG,0.1,0.4174806507104933,0.20110261248746808,1.5208172226892427,7,-1.6172774383689017,883.9,7.9,11.1
0.297,0.302,U8,MAD_M6C12,4.192590067356735,22.800788967113924,CPG,WPG,0.1,0.41747132757746663,0.20110401630601316,1.5202628098727122,1,-1.617398281646869,883.9,7.9,11.1
0.297,0.302,U8,MAD_M6C12,4.192387393939423,22.801701161232216,CPG,WPG,0.1,0.4174634027977983,0.20109464606226146,1.5200664373859958,7,-1.617427912774959,883.8,7.9,11.1
0.297,0.302,U8,MAD_M6C12,4.192438744231676,22.801481390878095,CPG,WPG,0.1,0.41746483647915134,0.20109894271415063,1.5194287872940366,7,-1.617438113467486,883.8,7.9,11.1
0.297,0.302,U8,MAD_M6C12,4.192335362841294,22.801690493785234,CPG,WPG,0.1,0.41746418673784674,0.2011017682864974,1.5220627230998574,6,-1.6174339297244007,883.8,7.9,11.1
0.297,0.302,U8,MAD_M6C12,4.192617857085994,22.801951578361766,CPG,WPG,0.1,0.41745630511842524,0.20110037749460805,1.5198341815633394,2,-1.61745370751688,883.7,7.9,11.1
0.297,0.302,U8,MAD_M6C12,4.19286671196337,22.801612025355716,CPG,WPG,0.1,0.41745561573518186,0.2011208199788434,1.5201775202085126,2,-1.6174794666760715,883.9,7.9,11.1
0.297,0.302,U8,MAD_M6C12,4.192801116345914,22.801156198975956,CPG,WPG,0.1,0.41746278058640474,0.20109823331476695,1.5204657819593126,7,-1.6174410987882535,883.7,7.9,11.1
0.297,0.302,U8,MAD_M6C12,4.192899203646151,22.801164845487524,CPG,WPG,0.1,0.41745941227458466,0.2011261008140456,1.5193605882960308,3,-1.6175100566028036,883.8,7.9,11.1
0.297,0.302,U8,MAD_M6C12,4.1929693248914965,22.80206822112654,CPG,WPG,0.1,0.4174479769975453,0.20111506620869177,1.5201481321796613,0,-1.6175134601982606,883.8,7.9,11.1
0.297,0.302,U8,MAD_M6C12,4.192802889310106,22.801497559385787,CPG,WPG,0.1,0.4174579752981613,0.20108482307301936,1.519550772701053,7,-1.617477014563562,883.7,7.9,11.1
0.297,0.302,U8,MAD_M6C12,4.192629676200631,22.800886999964337,CPG,WPG,0.1,0.4174683663908172,0.20108606758281394,1.519978783425874,0,-1.6174471329061433,883.7,7.9,11.1
0.297,0.302,U8,MAD_M6C12,4.192893832262958,22.80138202209897,CPG,WPG,0.1,0.4174591737449186,0.2011077750907625,1.519162337420842,2,-1.617424931300837,883.8,7.9,11.1
0.297,0.302,U8,MAD_M6C12,4.193103581757427,22.801215897074883,CPG,WPG,0.1,0.4174567958521146,0.2011124889709661,1.5192227357169306,2,-1.6174638989738757,883.8,7.9,11.1
0.297,0.302,U8,MAD_M6C12,4.192615270729203,22.801840842774478,CPG,WPG,0.1,0.4174585081875251,0.20109444697005074,1.5195780176072557,3,-1.6174177063669113,883.8,7.9,11.1
0.297,0.302,U8,MAD_M6C12,4.193017277120565,22.801216275580206,CPG,WPG,0.1,0.4174584198046428,0.20110911884559426,1.5193805356310812,7,-1.6174528678723306,883.9,7.9,11.1
0.297,0.302,U8,MAD_M6C12,4.193028136363125,22.801124400661138,CPG,WPG,0.1,0.41745986237655147,0.20111814065929476,1.5192214401694857,6,-1.6174302186950111,883.9,7.9,11.1
0.297,0.302,U8,MAD_M6C12,4.192665156911877,22.800996418481898,CPG,WPG,0.1,0.41746488127921194,0.2010965389031537,1.5196266164980803,5,-1.6175142344691142,883.8,7.9,11.1
0.297,0.302,U8,MAD_M6C12,4.192917732154173,22.801463548777402,CPG,WPG,0.1,0.4174551966480515,0.20109462067284092,1.5190332572984504,6,-1.6175313511036418,883.8,7.9,11.1
0.297,0.302,U8,MAD_M6C12,4.192675661501404,22.80096798137514,CPG,WPG,0.1,0.41746597840801414,0.2010940520015436,1.5199342415200303,2,-1.6174769218442844,883.8,7.9,11.1
0.297,0.302,U8,MAD_M6C12,4.192721316274193,22.800682476089218,CPG,WPG,0.1,0.4174670888131823,0.20108261035803313,1.51960327889108,1,-1.6175331530255743,883.7,7.9,11.1
0.297,0.302,U8,MAD_M6C12,4.192824733382106,22.800851080169217,CPG,WPG,0.1,0.417463013702548,0.20109232569568664,1.518904774661781,5,-1.617554752575117,883.8,7.9,11.1
0.297,0.302,U8,MAD_M6C12,4.192729884436191,22.80096676622332,CPG,WPG,0.1,0.4174639799544496,0.20108784600912608,1.5191634510765208,4,-1.6175231703207622,883.8,7.9,11.1
0.297,0.302,U8,MAD_M6C12,4.192652143481626,22.800908194597003,CPG,WPG,0.1,0.4174663691327962,0.2010913294132879,1.5191770231074426,2,-1.6175029847614706,883.8,7.9,11.1
0.297,0.302,U8,MAD_M6C12,4.192577292313989,22.800229783791337,CPG,WPG,0.1,0.4174754205220279,0.20108374642185425,1.5195327368986202,2,-1.6174957341576786,883.8,7.9,11.1
0.297,0.302,U8,MAD_M6C12,4.192678908403757,22.80036038648026,CPG,WPG,0.1,0.4174724887350324,0.20108342024027107,1.5192585785900135,5,-1.6174901593573594,883.8,7.9,11.1
0.297,0.302,U8,MAD_M6C12,4.192646723231477,22.800454407949225,CPG,WPG,0.1,0.4174708523415468,0.20108146720792974,1.5190451682269535,5,-1.6175328201658274,883.8,7.9,11.1
0.297,0.302,U8,MAD_M6C12,4.192579594743276,22.800395404516244,CPG,WPG,0.1,0.41747325603987795,0.20107938681129736,1.519738186726145,5,-1.6175056431286272,883.8,7.9,11.1
0.297,0.302,U8,MAD_M6C12,4.192617870130236,22.80063557432936,CPG,WPG,0.1,0.41746937854998106,0.20108032919742955,1.5191002058556062,3,-1.617527640877121,883.8,7.9,11.1
0.297,0.302,U8,MAD_M6C12,4.192566043149991,22.800711141002935,CPG,WPG,0.1,0.4174702053640001,0.2010856778773835,1.518974389597675,5,-1.6174929332581982,883.8,7.9,11.1
0.297,0.302,U8,MAD_M6C12,4.192487430120499,22.800633015470694,CPG,WPG,0.1,0.4174718709766142,0.20108210585138864,1.5195016432825783,2,-1.617510863122062,883.8,7.9,11.1
0.297,0.302,U8,MAD_M6C12,4.192466941768026,22.8005311916268,CPG,WPG,0.1,0.41747339868334665,0.20109852333161474,1.5195368004470509,5,-1.6175088064861534,883.9,7.9,11.1
0.297,0.302,U8,MAD_M6C12,4.192653812692538,22.800500652340457,CPG,WPG,0.1,0.417469951750395,0.2011045974300315,1.519296434021601,7,-1.6175433507031194,883.9,7.9,11.1
0.297,0.302,U8,MAD_M6C12,4.192547334521721,22.80016337033648,CPG,WPG,0.1,0.41747557844245897,0.2010893918310021,1.5194601641017798,3,-1.6175380452818189,883.9,7.9,11.1
0.297,0.302,U8,MAD_M6C12,4.192615426559444,22.800493801585777,CPG,WPG,0.1,0.4174696276022748,0.20109076420171898,1.5195961491968948,5,-1.5916091625113697,883.9,7.9,11.1
0.297,0.302,U8,MAD_M6C12,4.192663806030864,22.800178208200037,CPG,WPG,0.1,0.41747699875360383,0.20110090457435578,1.5197148504010647,7,-1.6174024428284088,884.0,7.9,11.1
0.297,0.302,U8,MAD_M6C12,4.192523984780246,22.80034493548372,CPG,WPG,0.1,0.4174748814368735,0.2010896835398643,1.5199903315087444,6,-1.6174983879291815,883.9,7.9,11.1
0.297,0.302,U8,MAD_M6C12,4.19258586048468,22.800535662956964,CPG,WPG,0.1,0.417471535893291,0.20109651040845059,1.5197101475768688,1,-1.6175068619493391,883.9,7.9,11.1
0.297,0.302,U8,MAD_M6C12,4.192659674281201,22.800588176357216,CPG,WPG,0.1,0.4174691637607171,0.20109786742615643,1.519497276428662,3,-1.6175315517100568,883.9,7.9,11.1
0.297,0.302,U8,MAD_M6C12,4.192716981651048,22.800677575367974,CPG,WPG,0.1,0.41746766863307205,0.20109197340231633,1.5192772127903305,6,-1.6175150132677167,883.9,7.9,11.1
0.297,0.302,U8,MAD_M6C12,4.192635897648454,22.80053443957687,CPG,WPG,0.1,0.41747027547497517,0.20109787057991582,1.5198659380326327,7,-1.617526388682851,883.9,7.9,11.1
0.297,0.302,U8,MAD_M6C12,4.1926251971783906,22.800281652480283,CPG,WPG,0.1,0.4174731480385589,0.20109081882118215,1.5199393759606687,6,-1.6175328728127667,883.9,7.9,11.1
0.297,0.302,U8,MAD_M6C12,4.192643643903999,22.800428371738793,CPG,WPG,0.1,0.4174709049784696,0.20109042331622162,1.5197814261458604,7,-1.6175443858911436,883.9,7.9,11.1
0.297,0.302,U8,MAD_M6C12,4.192741263959695,22.800539883901585,CPG,WPG,0.1,0.41746802986155274,0.20109674820263845,1.5197557832291975,4,-1.6175476506777215,883.9,7.9,11.1
0.297,0.302,U8,MAD_M6C12,4.192662494423252,22.800425661172838,CPG,WPG,0.1,0.41747055092237284,0.20108845583242266,1.5197348173314835,7,-1.6175479558730501,883.9,7.9,11.1
0.297,0.302,U8,MAD_M6C12,4.1926936241964965,22.800455755568784,CPG,WPG,0.1,0.41746992136749,0.20109562611529275,1.5198929479027807,5,-1.6175400430967528,883.9,7.9,11.1
0.297,0.302,U8,MAD_M6C12,4.192622776975702,22.80031160166554,CPG,WPG,0.1,0.4174727064852428,0.20109381086803385,1.5197661103451603,4,-1.617538422355084,883.9,7.9,11.1
0.297,0.302,U8,MAD_M6C12,4.19263732715206,22.800363917884017,CPG,WPG,0.1,0.41747221301706294,0.20108900391037726,1.519633183735737,2,-1.6175253914351035,883.9,7.9,11.1
0.297,0.302,U8,MAD_M6C12,4.192649991699649,22.800409453624102,CPG,WPG,0.1,0.4174715081528897,0.20109416227825436,1.5197814631122308,7,-1.6175249942038707,883.9,7.9,11.1
0.297,0.302,U8,MAD_M6C12,4.192635556662189,22.800392323348785,CPG,WPG,0.1,0.4174715105028286,0.20109084520421913,1.519674326480089,7,-1.617541605798941,883.9,7.9,11.1
0.297,0.302,U8,MAD_M6C12,4.192720617292402,22.800669850416934,CPG,WPG,0.1,0.417466940755136,0.20109557679123935,1.519519077045926,4,-1.617545166898589,883.8,7.9,11.1
0.297,0.302,U8,MAD_M6C12,4.192735501997468,22.800533312159455,CPG,WPG,0.1,0.4174682137716924,0.20109984851787632,1.5194103662646445,2,-1.6175468886890965,883.9,7.9,11.1
0.297,0.302,U8,MAD_M6C12,4.192690553631912,22.80055159860033,CPG,WPG,0.1,0.4174689435641078,0.20109205447674264,1.5194941397368829,6,-1.6175375929980476,883.8,7.9,11.1
0.297,0.302,U8,MAD_M6C12,4.192732797256999,22.80083570915762,CPG,WPG,0.1,0.41746493070898855,0.201100207802145,1.519390926737897,0,-1.6175426790808274,883.9,7.9,11.1
0.297,0.302,U8,MAD_M6C12,4.192818814178217,22.80110277669343,CPG,WPG,0.1,0.41746049190534085,0.20110518424112422,1.519245235244227,4,-1.617545141826815,883.8,7.9,11.1
0.297,0.302,U8,MAD_M6C12,4.192844747475975,22.80106844287462,CPG,WPG,0.1,0.41746033397219856,0.20110879111133909,1.5191159235512788,5,-1.6175507731921073,883.9,7.9,11.1
0.297,0.302,U8,MAD_M6C12,4.19284496075695,22.800938045079352,CPG,WPG,0.1,0.41746174379976453,0.201106325525616,1.5192778950424373,6,-1.6175534200307649,883.9,7.9,11.1
0.297,0.302,U8,MAD_M6C12,4.192900310371316,22.80114088208777,CPG,WPG,0.1,0.4174587655174312,0.20110509490170958,1.5190806777582586,6,-1.6175458783257923,883.8,7.9,11.1
0.297,0.302,U8,MAD_M6C12,4.1929154915412274,22.801158668795328,CPG,WPG,0.1,0.4174582687791973,0.20110426855491512,1.5190625718220705,1,-1.6175481554998878,883.8,7.9,11.1
0.297,0.302,U8,MAD_M6C12,4.192927008260452,22.80091007793989,CPG,WPG,0.1,0.4174607308431182,0.2011080473209349,1.5192685719797314,7,-1.6175552594320397,883.9,7.9,11.1
0.297,0.302,U8,MAD_M6C12,4.193040387056576,22.801309366271077,CPG,WPG,0.1,0.41745427379753985,0.20111060962570207,1.519045012197235,6,-1.6175612749947845,883.8,7.9,11.1
0.297,0.302,U8,MAD_M6C12,4.193098997470883,22.801306297233005,CPG,WPG,0.1,0.4174534380029927,0.2011120699991905,1.5188478326506631,4,-1.6175594208405535,883.8,7.9,11.1
0.297,0.302,U8,MAD_M6C12,4.193113300131061,22.801349114362758,CPG,WPG,0.1,0.4174522454342524,0.2011139153463803,1.5187404034280947,5,-1.6175786066894489,883.8,7.9,11.1
0.297,0.302,U8,MAD_M6C12,4.193097478082712,22.801290001314822,CPG,WPG,0.1,0.41745361249895657,0.20110738179965773,1.51903883030616,0,-1.617560780712168,883.8,7.9,11.1
0.297,0.302,U8,MAD_M6C12,4.193063946019348,22.801385878957113,CPG,WPG,0.1,0.4174528312848551,0.20111251585918896,1.5188480547457384,1,-1.6175694405911152,883.8,7.9,11.1
0.297,0.302,U8,MAD_M6C12,4.193079524626909,22.80119188061962,CPG,WPG,0.1,0.4174546180933775,0.20111832617562814,1.5193096956975225,4,-1.617576235996637,883.8,7.9,11.1
0.297,0.302,U8,MAD_M6C12,4.193113053979547,22.80129652714547,CPG,WPG,0.1,0.4174527771727591,0.20111914488222138,1.5192021635757786,6,-1.617581345214509,883.9,7.9,11.1
0.297,0.302,U8,MAD_M6C12,4.193147211696426,22.80130687957011,CPG,WPG,0.1,0.4174523295933084,0.2011235059484028,1.519357355798514,2,-1.6175732188797252,883.9,7.9,11.1
0.297,0.302,U8,MAD_M6C12,4.19327727537835,22.80155944251244,CPG,WPG,0.1,0.41744713410262846,0.2011287717990608,1.5191153321003013,2,-1.6175848841915812,883.9,7.9,11.1
0.297,0.302,U8,MAD_M6C12,4.193272871072775,22.801583427431197,CPG,WPG,0.1,0.41744749481532506,0.20113135799697837,1.5191091299382813,0,-1.617562473273269,883.9,7.9,11.1
0.297,0.302,U8,MAD_M6C12,4.193184888390271,22.801535211382287,CPG,WPG,0.1,0.41744920354920256,0.20112333347732134,1.5191325398917712,3,-1.6175710357290516,883.9,7.9,11.1
0.297,0.302,U8,MAD_M6C12,4.1932116300198965,22.80164274705574,CPG,WPG,0.1,0.4174474606828536,0.20112708824327155,1.5189697640863535,2,-1.617575164377783,883.9,7.9,11.1
0.297,0.302,U8,MAD_M6C12,4.193174280505179,22.801645189230886,CPG,WPG,0.1,0.4174480884121394,0.20112325933767067,1.518735447538754,7,-1.6175723474012091,883.8,7.9,11.1
0.297,0.302,U8,MAD_M6C12,4.193167238682104,22.801510349093636,CPG,WPG,0.1,0.4174495704424996,0.2011250919482523,1.51894754532904,2,-1.6175786454647199,883.9,7.9,11.1
0.297,0.302,U8,MAD_M6C12,4.193181076901938,22.801480722336212,CPG,WPG,0.1,0.41744963116829736,0.2011203002764659,1.5188607567628845,5,-1.617580987155252,883.8,7.9,11.1
0.297,0.302,U8,MAD_M6C12,4.193216381268349,22.80149509096768,CPG,WPG,0.1,0.41744881560274855,0.20112785176072154,1.519117712399837,2,-1.6175849589756606,883.9,7.9,11.1
0.297,0.302,U8,MAD_M6C12,4.193270868708315,22.801645438649228,CPG,WPG,0.1,0.4174461068763058,0.2011327675060266,1.5190885040051438,6,-1.6175909044112888,883.9,7.9,11.1
0.297,0.302,U8,MAD_M6C12,4.193217962625276,22.801561436791946,CPG,WPG,0.1,0.41744798661363003,0.20113109758281164,1.5191393865473977,1,-1.6175869964081926,883.9,7.9,11.1
0.297,0.302,U8,MAD_M6C12,4.193192295495405,22.801577066956163,CPG,WPG,0.1,0.4174483317645906,0.20112722741670863,1.5189360995391574,0,-1.6175821951981106,883.8,7.9,11.1
0.297,0.302,U8,MAD_M6C12,4.193209653355047,22.80155332790402,CPG,WPG,0.1,0.4174482339172832,0.20112515355938176,1.5190820089487689,6,-1.6175859939719395,883.9,7.9,11.1
0.297,0.302,U8,MAD_M6C12,4.193231683550801,22.80165031493138,CPG,WPG,0.1,0.41744685987825125,0.2011327990852036,1.518951955384074,5,-1.6175831536573213,883.9,7.9,11.1
0.297,0.302,U8,MAD_M6C12,4.193257516513523,22.801605994616768,CPG,WPG,0.1,0.4174467597981334,0.20113105751550234,1.518819852452126,7,-1.6175910520266328,883.9,7.9,11.1
0.297,0.302,U8,MAD_M6C12,4.193196102173825,22.801477040719664,CPG,WPG,0.1,0.4174492767378322,0.20113296317631488,1.5190650169645719,1,-1.617587387023523,883.9,7.9,11.1
0.297,0.302,U8,MAD_M6C12,4.1932663017204685,22.801627399905865,CPG,WPG,0.1,0.41744636176734096,0.2011324331941885,1.5188669112564526,3,-1.6175917513423848,883.9,7.9,11.1
0.297,0.302,U8,MAD_M6C12,4.193279734253906,22.801577069687703,CPG,WPG,0.1,0.41744665773819184,0.20113475644394121,1.5188991840357056,0,-1.6175943344633925,883.9,7.9,11.1
0.297,0.302,U8,MAD_M6C12,4.193250696223742,22.80152734835586,CPG,WPG,0.1,0.4174477954713405,0.20113247389847697,1.5189438007977758,7,-1.6175896073338887,883.9,7.9,11.1
0.297,0.302,U8,MAD_M6C12,4.19332112361855,22.801649204717798,CPG,WPG,0.1,0.4174453968326855,0.20114083666565216,1.5190405064427934,2,-1.6175861662860935,883.9,7.9,11.1
0.297,0.302,U8,MAD_M6C12,4.193323363240255,22.801696358758903,CPG,WPG,0.1,0.41744475785966395,0.20113843124827807,1.5188576010345245,7,-1.6175888981679076,883.9,7.9,11.1
0.297,0.302,U8,MAD_M6C12,4.193260402449501,22.801631219852652,CPG,WPG,0.1,0.41744645523933377,0.2011415168298122,1.51899791583272,1,-1.617589983254872,883.9,7.9,11.1
0.297,0.302,U8,MAD_M6C12,4.19324218733586,22.801581993620395,CPG,WPG,0.1,0.41744739397061814,0.2011391474100672,1.5189416581346817,3,-1.617586209651087,883.9,7.9,11.1
0.297,0.302,U8,MAD_M6C12,4.193265708245373,22.80164320781883,CPG,WPG,0.1,0.41744625737127516,0.20114202646171533,1.5190030415578897,3,-1.6175891397443873,883.9,7.9,11.1
0.297,0.302,U8,MAD_M6C12,4.193343675961973,22.801743490684586,CPG,WPG,0.1,0.4174438900865128,0.20114592705932355,1.5188215309155169,4,-1.617589491604905,883.9,7.9,11.1
0.297,0.302,U8,MAD_M6C12,4.193295683548134,22.80164409517351,CPG,WPG,0.1,0.41744566935133914,0.20114153323677286,1.5188855112933797,1,-1.6175934631510032,883.9,7.9,11.1
0.297,0.302,U8,MAD_M6C12,4.193322631228029,22.801699585857346,CPG,WPG,0.1,0.41744476085850846,0.20114516308793437,1.5188972170388784,2,-1.6175877789171569,883.9,7.9,11.1
0.297,0.302,U8,MAD_M6C12,4.193311404962987,22.801652534049442,CPG,WPG,0.1,0.4174453930299009,0.20113990377776736,1.5189689247936262,4,-1.6175908600242064,883.9,7.9,11.1
0.297,0.302,U8,MAD_M6C12,4.193294444224473,22.801700640358874,CPG,WPG,0.1,0.4174450280603599,0.2011426019209384,1.5189541040787633,3,-1.617594215575469,883.9,7.9,11.1
0.297,0.302,U8,MAD_M6C12,4.193292573752875,22.80163052847906,CPG,WPG,0.1,0.4174459256266423,0.20114385258507353,1.518964292122578,0,-1.6175913320899191,884.0,7.9,11.1
0.297,0.302,U8,MAD_M6C12,4.193296507027386,22.801681562308694,CPG,WPG,0.1,0.417445322397248,0.20114471320672514,1.5191076935283343,6,-1.617589840787252,884.0,7.9,11.1
0.297,0.302,U8,MAD_M6C12,4.193293548010811,22.801642113620368,CPG,WPG,0.1,0.417445715813226,0.20114280167711807,1.5190746572957456,2,-1.6175938386864388,883.9,7.9,11.1
0.297,0.302,U8,MAD_M6C12,4.193279300935764,22.80158921269325,CPG,WPG,0.1,0.41744648930065964,0.20114309546903034,1.5191559916630113,7,-1.6175958208000658,884.0,7.9,11.1
0.297,0.302,U8,MAD_M6C12,4.193323589700224,22.801663601696127,CPG,WPG,0.1,0.41744497399240144,0.20114530172073602,1.5190822549750496,3,-1.6175949417359128,884.0,7.9,11.1
0.297,0.302,U8,MAD_M6C12,4.193279593380776,22.80159710509362,CPG,WPG,0.1,0.41744656553303044,0.20113999273416414,1.5190523581013924,4,-1.6175890505020316,883.9,7.9,11.1
0.297,0.302,U8,MAD_M6C12,4.1932938472321695,22.80163598081711,CPG,WPG,0.1,0.4174458203056146,0.2011450549113185,1.5191594442217906,7,-1.6175922662538493,884.0,7.9,11.1
0.297,0.302,U8,MAD_M6C12,4.1932993681495,22.801630370942828,CPG,WPG,0.1,0.4174456975041988,0.20114305696804805,1.5192184773444302,5,-1.6175962422578678,884.0,7.9,11.1
0.297,0.302,U8,MAD_M6C12,4.19329319662544,22.80163203023185,CPG,WPG,0.1,0.41744580192578523,0.2011473334323762,1.5193087127812,3,-1.6175951828090476,884.0,7.9,11.1
0.297,0.302,U8,MAD_M6C12,4.193324149642312,22.801738875018597,CPG,WPG,0.1,0.41744412116142415,0.20114832818959755,1.5192954644144683,5,-1.61759453478202,884.0,7.9,11.1
0.297,0.302,U8,MAD_M6C12,4.193323274583201,22.80173256930887,CPG,WPG,0.1,0.4174441500783766,0.20114879047353917,1.5192225587341026,4,-1.6175967736583168,884.0,7.9,11.1
0.297,0.302,U8,MAD_M6C12,4.193359783759986,22.80174194681246,CPG,WPG,0.1,0.41744336956744355,0.20115268537154204,1.519419954026426,6,-1.617600853175885,884.0,7.9,11.1
0.297,0.302,U8,MAD_M6C12,4.193362733645677,22.80180113965739,CPG,WPG,0.1,0.4174426899520013,0.20115073056624344,1.5194720820750343,0,-1.6175993287102912,884.0,7.9,11.1
0.297,0.302,U8,MAD_M6C12,4.193382399598546,22.801843137749216,CPG,WPG,0.1,0.4174418543314679,0.2011486695433224,1.5194603981358226,3,-1.6176013615296778,884.0,7.9,11.1
0.297,0.302,U8,MAD_M6C12,4.19335302496096,22.801806259469508,CPG,WPG,0.1,0.4174428241372211,0.2011442501778672,1.519223367848153,1,-1.6175977258338605,883.9,7.9,11.1
0.297,0.302,U8,MAD_M6C12,4.193354875856368,22.801747858192176,CPG,WPG,0.1,0.4174434340393468,0.20114334113855997,1.5192394357391383,2,-1.617598677759764,884.0,7.9,11.1
0.297,0.302,U8,MAD_M6C12,4.193403053368403,22.801868530841226,CPG,WPG,0.1,0.4174413531684591,0.20114706603971838,1.519357017827493,7,-1.6175969788850235,884.0,7.9,11.1
0.297,0.302,U8,MAD_M6C12,4.193363816463277,22.801752786764318,CPG,WPG,0.1,0.4174431758383311,0.20114674664451776,1.519283373855238,5,-1.617601154523566,884.0,7.9,11.1
0.297,0.302,U8,MAD_M6C12,4.193399351980991,22.801855222887394,CPG,WPG,0.1,0.4174414592564547,0.20114949885845293,1.5193141959990588,3,-1.6176010669076035,884.0,7.9,11.1
0.297,0.302,U8,MAD_M6C12,4.193407600252314,22.80183306839691,CPG,WPG,0.1,0.4174415114192177,0.2011510591600809,1.519450176160837,6,-1.6176038557151795,884.0,7.9,11.1
0.297,0.302,U8,MAD_M6C12,4.193403066569133,22.801929925785416,CPG,WPG,0.1,0.41744061021980927,0.20115152560642607,1.5194042432522923,4,-1.6175988037047393,884.0,7.9,11.1
0.297,0.302,U8,MAD_M6C12,4.193405785481847,22.801894817438598,CPG,WPG,0.1,0.4174408845202298,0.20115294882291865,1.5194407344361283,4,-1.617602046602137,884.0,7.9,11.1
0.297,0.302,U8,MAD_M6C12,4.1933880738589915,22.801819280522434,CPG,WPG,0.1,0.41744200867388204,0.20114968073030584,1.5193653459698346,6,-1.6176024589456528,884.0,7.9,11.1
0.297,0.302,U8,MAD_M6C12,4.193410827469052,22.801859731565653,CPG,WPG,0.1,0.4174411253432701,0.20115080448898617,1.5193587485598727,0,-1.6176051648226881,884.0,7.9,11.1
0.297,0.302,U8,MAD_M6C12,4.193410384215363,22.801847689856046,CPG,WPG,0.1,0.4174413348348819,0.20115392393496473,1.5193761651632767,6,-1.6176025469842337,884.0,7.9,11.1
0.297,0.302,U8,MAD_M6C12,4.193428634071051,22.8019045049747,CPG,WPG,0.1,0.41744033182156937,0.2011508015001483,1.5193380066817412,2,-1.6176054293157005,884.0,7.9,11.1
0.297,0.302,U8,MAD_M6C12,4.193430835329483,22.801897292390763,CPG,WPG,0.1,0.41744034368800803,0.20114784867218494,1.5192141980125369,3,-1.6176068415215674,884.0,7.9,11.1
0.297,0.302,U8,MAD_M6C12,4.193443600490359,22.801904247381195,CPG,WPG,0.1,0.4174400443997809,0.20115033991385628,1.5193026313703317,6,-1.6176076583388603,884.0,7.9,11.1
0.297,0.302,U8,MAD_M6C12,4.193437171654285,22.80190298686607,CPG,WPG,0.1,0.41744018002799377,0.20115278160907477,1.5192128272540115,1,-1.6176068358150548,884.0,7.9,11.1
0.297,0.302,U8,MAD_M6C12,4.193450287477694,22.80190906355563,CPG,WPG,0.1,0.41743986184691767,0.20114902538913293,1.5191080019576977,4,-1.6176085813109626,884.0,7.9,11.1
0.297,0.302,U8,MAD_M6C12,4.19345976383891,22.801947853703588,CPG,WPG,0.1,0.4174393371553847,0.20115146024346378,1.5190403028094042,3,-1.6176060427858658,884.0,7.9,11.1
0.297,0.302,U8,MAD_M6C12,4.1934419328518056,22.801910461755675,CPG,WPG,0.1,0.41743999738876586,0.20114895843187824,1.5190051883327715,7,-1.6176077608542059,884.0,7.9,11.1
0.297,0.302,U8,MAD_M6C12,4.193425537000526,22.801886374872677,CPG,WPG,0.1,0.4174405626351633,0.2011518234328094,1.5192841886871915,6,-1.617606360368418,884.0,7.9,11.1
0.297,0.302,U8,MAD_M6C12,4.193459121406732,22.80193467572472,CPG,WPG,0.1,0.41743943473823464,0.20115102311404223,1.519061833205246,4,-1.6176085078418048,884.0,7.9,11.1
0.297,0.302,U8,MAD_M6C12,4.193476134909884,22.801978474236677,CPG,WPG,0.1,0.4174386619353505,0.2011508237386541,1.5191537393447652,3,-1.6176088816479428,884.0,7.9,11.1
0.297,0.302,U8,MAD_M6C12,4.193467325188844,22.80194846026487,CPG,WPG,0.1,0.4174391037161165,0.2011488236879311,1.519030566401327,4,-1.6176103422395673,884.0,7.9,11.1
0.297,0.302,U8,MAD_M6C12,4.193483250405154,22.801978908221354,CPG,WPG,0.1,0.41743855962465504,0.2011535589810845,1.519071020100645,6,-1.6176083260443672,884.0,7.9,11.1
0.297,0.302,U8,MAD_M6C12,4.193479508069319,22.80196724339415,CPG,WPG,0.1,0.4174386977887236,0.2011487382525954,1.5189337778810104,7,-1.6176104240994391,884.0,7.9,11.1
0.297,0.302,U8,MAD_M6C12,4.193464913638131,22.80194718298599,CPG,WPG,0.1,0.41743918332500474,0.20114816503572425,1.51890291308847,5,-1.6176092548442345,884.0,7.9,11.1
0.297,0.302,U8,MAD_M6C12,4.193489601282153,22.801993387699596,CPG,WPG,0.1,0.4174382519048494,0.20115012793865378,1.518995704058788,2,-1.6176100733976817,884.0,7.9,11.1
0.297,0.302,U8,MAD_M6C12,4.1934983583145335,22.80201740291638,CPG,WPG,0.1,0.4174378579511733,0.20115397319623757,1.5189944442680088,6,-1.6176094504099154,884.0,7.9,11.1
0.297,0.302,U8,MAD_M6C12,4.193520189299524,22.80205619221647,CPG,WPG,0.1,0.4174370258189852,0.20115387837710766,1.5189041307575475,4,-1.6176114442967648,884.0,7.9,11.1
0.297,0.302,U8,MAD_M6C12,4.193528387583753,22.80205979347901,CPG,WPG,0.1,0.41743678359807446,0.20115864782968332,1.5189740479819167,3,-1.6176143459247925,884.0,7.9,11.1
0.297,0.302,U8,MAD_M6C12,4.193525580559344,22.802065584018433,CPG,WPG,0.1,0.41743676449225975,0.20115735760554695,1.518897671511136,3,-1.6176142393402628,884.0,7.9,11.1
0.297,0.302,U8,MAD_M6C12,4.193547430963319,22.802108220221005,CPG,WPG,0.1,0.4174358946774125,0.2011622439604099,1.518908083415834,7,-1.6176159833147885,884.0,7.9,11.1
0.297,0.302,U8,MAD_M6C12,4.193585441780301,22.802175372063534,CPG,WPG,0.1,0.4174345472847558,0.20116388455329332,1.5188455031935524,3,-1.617615596706072,884.0,7.9,11.1
0.297,0.302,U8,MAD_M6C12,4.193529580549057,22.802069592388865,CPG,WPG,0.1,0.41743667618017155,0.20116196719445525,1.5191213935314267,0,-1.6176134530520194,884.0,7.9,11.1
0.297,0.302,U8,MAD_M6C12,4.193531705655527,22.802094302132076,CPG,WPG,0.1,0.41743640515805625,0.2011571610070013,1.5188480598478988,0,-1.6176117566067862,884.0,7.9,11.1
0.297,0.302,U8,MAD_M6C12,4.193545685344907,22.80213207007032,CPG,WPG,0.1,0.41743568302488404,0.20116253059459885,1.5190843376418504,6,-1.6176147228266764,884.0,7.9,11.1
0.297,0.302,U8,MAD_M6C12,4.193570556314501,22.802152089431676,CPG,WPG,0.1,0.4174350676104015,0.20116296217264815,1.5189968180385858,2,-1.617614679778244,884.0,7.9,11.1
0.297,0.302,U8,MAD_M6C12,4.193594931127085,22.802201779834963,CPG,WPG,0.1,0.4174340024213302,0.20116501166894585,1.5189585229879845,5,-1.617619434829722,884.0,7.9,11.1
0.297,0.302,U8,MAD_M6C12,4.193605109638883,22.80220696938141,CPG,WPG,0.1,0.41743378573037243,0.20116579936058918,1.519016945579045,7,-1.6176193742539393,884.0,7.9,11.1
0.297,0.302,U8,MAD_M6C12,4.193611501330548,22.802238078600773,CPG,WPG,0.1,0.41743335345612786,0.20116512595874772,1.518955257212144,1,-1.617618545158697,884.0,7.9,11.1
0.297,0.302,U8,MAD_M6C12,4.193603126277852,22.802219816758857,CPG,WPG,0.1,0.4174336648662464,0.2011619065345514,1.5189175973097053,0,-1.6176196160403613,884.0,7.9,11.1
0.297,0.302,U8,MAD_M6C12,4.193610401731765,22.80221859063851,CPG,WPG,0.1,0.41743356318919816,0.20116406938672693,1.5189792917761116,0,-1.6176196843530821,884.0,7.9,11.1
0.297,0.302,U8,MAD_M6C12,4.193640912555984,22.80228699040147,CPG,WPG,0.1,0.4174323128304765,0.20116656292591437,1.5190140639543661,0,-1.617619542993424,884.0,7.9,11.1
0.297,0.302,U8,MAD_M6C12,4.1936258283370735,22.802268393436343,CPG,WPG,0.1,0.4174327391324434,0.20116414849745207,1.5188861138459226,4,-1.617620372521511,884.0,7.9,11.1
0.297,0.302,U8,MAD_M6C12,4.193671819441822,22.802359777474095,CPG,WPG,0.1,0.417430961216812,0.20116553861235964,1.518953119913482,0,-1.617621199329827,884.0,7.9,11.1
0.297,0.302,U8,MAD_M6C12,4.1937412047042795,22.802492423377224,CPG,WPG,0.1,0.4174282281057807,0.20117088846133077,1.5188155972929342,3,-1.6176268195966816,884.0,7.9,11.1
0.297,0.302,U8,MAD_M6C12,4.193750946198951,22.80251917105465,CPG,WPG,0.1,0.41742769757574216,0.20116743336793894,1.518744410242531,4,-1.6176297772473003,884.0,7.9,11.1
0.297,0.302,U8,MAD_M6C12,4.1938043794734865,22.802627984588185,CPG,WPG,0.1,0.41742557876932496,0.20117383397751631,1.518749048114676,2,-1.6176316570807625,884.0,7.9,11.1
0.297,0.302,U8,MAD_M6C12,4.1939222412184956,22.80284474868281,CPG,WPG,0.1,0.41742103933041746,0.20117754495271017,1.5183284717144843,3,-1.61764095596501,884.0,7.9,11.1
0.297,0.302,U8,MAD_M6C12,4.193904333347879,22.802798003938996,CPG,WPG,0.1,0.4174218741447215,0.2011762181610431,1.5184743701439345,0,-1.6176400068088022,884.0,7.9,11.1
0.297,0.302,U8,MAD_M6C12,4.19391116433591,22.80280195831171,CPG,WPG,0.1,0.4174216616039083,0.20117386786092686,1.5184108058583474,7,-1.6176424194023546,884.0,7.9,11.1
0.297,0.302,U8,MAD_M6C12,4.193999664920009,22.802996268077475,CPG,WPG,0.1,0.4174179144870835,0.20118280395859484,1.5184007634220733,7,-1.6176486217968495,884.0,7.9,11.1
0.297,0.302,U8,MAD_M6C12,4.1941806418282805,22.80333938510533,CPG,WPG,0.1,0.4174108630337633,0.2011907801584091,1.5182553779524164,1,-1.6176614743801636,884.0,7.9,11.1
0.297,0.302,U8,MAD_M6C12,4.193956227234713,22.80294988898886,CPG,WPG,0.1,0.4174193541501996,0.2011830945502231,1.5184651638157298,3,-1.6176393554103203,884.0,7.9,11.1
0.297,0.302,U8,MAD_M6C12,4.194131717995428,22.80327413060855,CPG,WPG,0.1,0.4174124971943878,0.2011859960641051,1.5185943517620237,7,-1.6176564073972841,884.0,7.9,11.1
0.297,0.302,U8,MAD_M6C12,4.194014908095137,22.803061981621248,CPG,WPG,0.1,0.4174170058974377,0.20117893023786093,1.5188592015421252,6,-1.6176456039029432,884.0,7.9,11.1
0.297,0.302,U8,MAD_M6C12,4.194054779597768,22.803100632674322,CPG,WPG,0.1,0.41741594327628595,0.2011796585203135,1.518475144970337,6,-1.6176455941435766,884.0,7.9,11.1
0.297,0.302,U8,MAD_M6C12,4.194211291662568,22.803458679464995,CPG,WPG,0.1,0.4174091514423912,0.2011880265369477,1.5184062237838831,1,-1.617656610457626,884.0,7.9,11.1
0.297,0.302,U8,MAD_M6C12,4.194219914765986,22.803507919233933,CPG,WPG,0.1,0.41740836118631,0.20118417937238192,1.518206537483604,7,-1.6176604349923362,884.0,7.9,11.1
0.297,0.302,U8,MAD_M6C12,4.194353421873879,22.80372310759517,CPG,WPG,0.1,0.4174035810489124,0.20120879504324762,1.5184246068040221,5,-1.6176702577074487,884.0,7.9,11.1
0.297,0.302,U8,MAD_M6C12,4.194419152771,22.803811045909022,CPG,WPG,0.1,0.41740159788391873,0.20119406881906376,1.5183397510490928,3,-1.6176685045550077,884.0,7.9,11.1
0.297,0.302,U8,MAD_M6C12,4.194588839496177,22.804213824211043,CPG,WPG,0.1,0.41739408025166325,0.20121655772604202,1.5180986158860632,4,-1.6176799608541366,884.1,7.9,11.1
0.297,0.302,U8,MAD_M6C12,4.194611885806904,22.804235867622683,CPG,WPG,0.1,0.4173933696794685,0.20121246183321723,1.5182912152994352,2,-1.6176839133374283,884.1,7.9,11.1
0.297,0.302,U8,MAD_M6C12,4.194490036702796,22.803971501774644,CPG,WPG,0.1,0.4173983139622507,0.20122025661555984,1.51926268252886,5,-1.6176825099084198,884.2,7.9,11.1
0.297,0.302,U8,MAD_M6C12,4.194696262339857,22.804365281430798,CPG,WPG,0.1,0.41739053312386865,0.20122599473499253,1.5181580930004652,1,-1.6176857534244924,884.1,7.9,11.1
0.297,0.302,U8,MAD_M6C12,4.194740671650051,22.80441527230939,CPG,WPG,0.1,0.41738909769988314,0.20122755044983356,1.517986246400676,3,-1.6176952160194684,884.1,7.9,11.1
0.297,0.302,U8,MAD_M6C12,4.194738417524092,22.804444714218477,CPG,WPG,0.1,0.41738874953241134,0.2012299727398537,1.518906776720935,3,-1.6176945612750249,884.1,7.9,11.1
0.297,0.302,U8,MAD_M6C12,4.194752082271922,22.804588714707815,CPG,WPG,0.1,0.41738696598793823,0.20122431745420252,1.5179390337542333,4,-1.6176950788208533,884.1,7.9,11.1
0.297,0.302,U8,MAD_M6C12,4.194796662481467,22.804607284257514,CPG,WPG,0.1,0.4173857791176118,0.20121296642913286,1.5179580082670316,2,-1.6177030098530985,884.1,7.9,11.1
0.297,0.302,U8,MAD_M6C12,4.194759056812234,22.80447939605487,CPG,WPG,0.1,0.41738793203071123,0.20122788846308906,1.5181939571245664,7,-1.6176985570475608,884.1,7.9,11.1
0.297,0.302,U8,MAD_M6C12,4.194853171129223,22.80464877505279,CPG,WPG,0.1,0.4173844220821449,0.20123646631287606,1.5186571502827437,0,-1.6177030608409417,884.2,7.9,11.1
0.297,0.302,U8,MAD_M6C12,4.194753062341065,22.80451910099647,CPG,WPG,0.1,0.41738761595464124,0.2012319999639537,1.5186128565789354,3,-1.6176969329090394,884.1,7.9,11.1
0.297,0.302,U8,MAD_M6C12,4.195028386980266,22.805096705663498,CPG,WPG,0.1,0.41737650557133543,0.2012611639084177,1.5187995170349566,0,-1.6177112218148082,884.2,7.9,11.1
0.297,0.302,U8,MAD_M6C12,4.195197745685591,22.8055120916234,CPG,WPG,0.1,0.41736896397744583,0.201258672905837,1.518445573642186,2,-1.6177330284869686,884.2,7.9,11.1
0.297,0.302,U8,MAD_M6C12,4.194939193078063,22.8050565661704,CPG,WPG,0.1,0.4173789482684565,0.2012381704037747,1.5178485188631892,2,-1.617713873624007,884.1,7.9,11.1
0.297,0.302,U8,MAD_M6C12,4.195034335211387,22.805153736420777,CPG,WPG,0.1,0.41737582644132576,0.20124551511326352,1.5186740711918687,6,-1.6177231895307091,884.1,7.9,11.1
0.297,0.302,U8,MAD_M6C12,4.195035262005043,22.804984346124733,CPG,WPG,0.1,0.41737746031238887,0.20124737832283524,1.5189156631449348,0,-1.6177150040701491,884.2,7.9,11.1
0.297,0.302,U8,MAD_M6C12,4.195175634344991,22.805364753670876,CPG,WPG,0.1,0.41737076677481905,0.20125410093079413,1.518674067660997,4,-1.6177274334641325,884.2,7.9,11.1
0.297,0.302,U8,MAD_M6C12,4.195307916066305,22.805562893601177,CPG,WPG,0.1,0.417366254068783,0.2012837930677385,1.5188290528855646,2,-1.617741486067377,884.3,7.9,11.1
0.297,0.302,U8,MAD_M6C12,4.19534293296432,22.805608624599394,CPG,WPG,0.1,0.41736539722566646,0.2012889057280099,1.5191874779672982,4,-1.6177301553945842,884.3,7.9,11.1
0.297,0.302,U8,MAD_M6C12,4.195334973332535,22.805635110230067,CPG,WPG,0.1,0.4173654564653268,0.20129204098512818,1.5190799529818508,4,-1.6177277549454008,884.3,7.9,11.1
0.297,0.302,U8,MAD_M6C12,4.195158215740791,22.805221296063458,CPG,WPG,0.1,0.4173726315140202,0.2012586924097889,1.5188765778708082,0,-1.617726195883046,884.2,7.9,11.1
0.297,0.302,U8,MAD_M6C12,4.19515830007821,22.80522715040562,CPG,WPG,0.1,0.4173725448442468,0.2012640597431544,1.5192423563555058,3,-1.617724221197573,884.2,7.9,11.1
0.297,0.302,U8,MAD_M6C12,4.195276355742064,22.80553227540562,CPG,WPG,0.1,0.417367139982743,0.20128879718874035,1.5191896500949675,2,-1.617734958283334,884.3,7.9,11.1
0.297,0.302,U8,MAD_M6C12,4.195481621308839,22.80594737150463,CPG,WPG,0.1,0.41735893522143613,0.20129918392769952,1.5197044570455556,6,-1.617752336816805,884.3,7.9,11.1
0.297,0.302,U8,MAD_M6C12,4.195524636896244,22.805961971942242,CPG,WPG,0.1,0.41735818859913815,0.20130823527819902,1.5202264550383267,1,-1.6177453780037663,884.3,7.9,11.1
0.297,0.302,U8,MAD_M6C12,4.195622314028123,22.80622699914623,CPG,WPG,0.1,0.4173532156292209,0.2013271213637349,1.5207529518885816,4,-1.6177524045227862,884.4,7.9,11.1
0.297,0.302,U8,MAD_M6C12,4.19590554133105,22.80676396701465,CPG,WPG,0.1,0.4173423066965213,0.20132252847925958,1.520830200994801,3,-1.617767317948715,884.4,7.9,11.1
0.297,0.302,U8,MAD_M6C12,4.1960843946358874,22.80718109195924,CPG,WPG,0.1,0.4173347370985241,0.20135415692011707,1.5208383461016868,1,-1.6177834562471904,884.5,7.9,11.1
0.297,0.302,U8,MAD_M6C12,4.1961415279134755,22.807400727784216,CPG,WPG,0.1,0.41733095608997905,0.20137348858068374,1.5207709216120144,2,-1.617799433056339,884.6,7.9,11.1
0.297,0.302,U8,MAD_M6C12,4.196229654994605,22.80756720220774,CPG,WPG,0.1,0.4173277671088328,0.20140111731199137,1.5216427218914261,5,-1.617807922839857,884.6,7.9,11.1
0.297,0.302,U8,MAD_M6C12,4.196404578433655,22.807907762953167,CPG,WPG,0.1,0.4173206058260218,0.20141729374257783,1.523432051356616,7,-1.617802818090345,884.8,7.9,11.2
0.297,0.302,U8,MAD_M6C12,4.1968387659848,22.80875077329855,CPG,WPG,0.1,0.41730332416912963,0.20143808221798942,1.5245067859136827,0,-1.6178387427854641,884.8,7.9,11.2
0.297,0.302,U8,MAD_M6C12,4.197342322053499,22.80991481411938,CPG,WPG,0.1,0.4172817968963895,0.20149661138452718,1.524899699824748,3,-1.617855206900769,885.0,7.9,11.2
0.297,0.302,U8,MAD_M6C12,4.197765710972072,22.810723976838855,CPG,WPG,0.1,0.4172654188774231,0.20150915757640436,1.5239294263496985,0,-1.6178770877653985,885.0,7.9,11.2
0.297,0.302,U8,MAD_M6C12,4.197828077112622,22.810658700437415,CPG,WPG,0.1,0.41726468417697693,0.2015074907880373,1.5235902782401705,1,-1.6178969081680137,885.0,7.9,11.2
0.297,0.302,U8,MAD_M6C12,4.198236929655717,22.811403286498614,CPG,WPG,0.1,0.41724906488148716,0.20149232045322313,1.5244622711864197,3,-1.6179267702228284,885.0,7.9,11.2
0.297,0.302,U8,MAD_M6C12,4.199506216429164,22.814255973632974,CPG,WPG,0.1,0.41719558493416486,0.2016623704790321,1.5276171913120105,1,-1.617972931499155,885.5,7.9,11.3
0.297,0.302,U8,MAD_M6C12,4.199606799649833,22.813940189928434,CPG,WPG,0.1,0.41719639978250034,0.20164113303894937,1.5275270398756517,6,-1.6180204684960717,885.5,7.9,11.3
0.297,0.302,U8,MAD_M6C12,4.199594007462818,22.814444494160245,CPG,WPG,0.1,0.4171908453958465,0.2016666387304543,1.5298493875329067,2,-1.6180212933042384,885.7,7.9,11.3
0.297,0.302,U8,MAD_M6C12,4.200993124469338,22.81684997443701,CPG,WPG,0.1,0.4171389387789721,0.20181568860719937,1.5294706936803757,2,-1.6181251595459045,886.1,7.9,11.3
0.297,0.302,U8,MAD_M6C12,4.201175517895089,22.816865552118635,CPG,WPG,0.1,0.4171358162849169,0.20182649411577833,1.527727566056626,5,-1.6181285774224747,885.9,7.9,11.3
0.297,0.302,U8,MAD_M6C12,4.2026661348649395,22.81985724650106,CPG,WPG,0.1,0.417075563668584,0.20201057296166533,1.5329876645951899,0,-1.6182412845852294,886.7,7.8,11.4
0.297,0.302,U8,MAD_M6C12,4.204558382739596,22.823445178804402,CPG,WPG,0.1,0.417001277862701,0.20203690666662147,1.5347178689855663,0,-1.6183904969932197,887.0,7.8,11.4
0.297,0.302,U8,MAD_M6C12,4.208260476446721,22.83053648528489,CPG,WPG,0.1,0.4168583911562449,0.20256264972410923,1.541514272051463,3,-1.6185494170120105,888.5,7.8,11.6
0.297,0.302,U8,MAD_M6C12,4.208830300681055,22.831442127540186,CPG,WPG,0.1,0.4168385561079916,0.20256857769585154,1.5403626923389702,3,-1.6185718854225986,888.4,7.8,11.6
0.297,0.302,U8,MAD_M6C12,4.210445143441144,22.83454383545456,CPG,WPG,0.1,0.4167744789153725,0.20285682550182477,1.5413413249361776,0,-1.6187046424258664,889.0,7.8,11.7
0.297,0.302,U8,MAD_M6C12,4.210459828079133,22.834627733447327,CPG,WPG,0.1,0.41677534957258544,0.2027688296504784,1.537291002056771,0,-1.6186234028532507,888.3,7.8,11.6
0.297,0.302,U8,MAD_M6C12,4.210298638037532,22.834314080169495,CPG,WPG,0.1,0.41678197797345073,0.2028731073387416,1.5407925841400347,3,-1.6186028435965163,888.7,7.8,11.7
0.297,0.302,U8,MAD_M6C12,4.209891970308216,22.834776328851635,CPG,WPG,0.1,0.416785177184287,0.20283880440324914,1.5440402110418963,0,-1.6185204632218575,888.8,7.8,11.7
0.297,0.302,U8,MAD_M6C12,4.207575780940037,22.82906301094031,CPG,WPG,0.1,0.41688869010177254,0.2027478135954007,1.5452958453008527,4,-1.6184403038946584,888.8,7.8,11.7
0.297,0.302,U8,MAD_M6C12,4.2097302856971615,22.833446670455675,CPG,WPG,0.1,0.4168032170864413,0.20294566539192774,1.5468799869246186,2,-1.6185070724383674,889.3,7.7,11.8
0.297,0.302,U8,MAD_M6C12,4.209972459004931,22.83410749830458,CPG,WPG,0.1,0.4167883221273106,0.20310623831783475,1.5531136304715116,5,-1.6186475430013445,890.7,7.7,11.8
0.297,0.302,U8,MAD_M6C12,4.210133399996898,22.83430257191787,CPG,WPG,0.1,0.4167844920591239,0.20321603980719957,1.552973519564036,5,-1.6186111797437164,890.8,7.7,11.9
0.297,0.302,U8,MAD_M6C12,4.209755703553331,22.83390036550791,CPG,WPG,0.1,0.4167955063029056,0.20306015132739508,1.5484761827605986,5,-1.618591501886467,890.0,7.7,11.8
0.297,0.302,U8,MAD_M6C12,4.209666659014483,22.834365382760158,CPG,WPG,0.1,0.4167907669250229,0.20310688294765122,1.5529506660213932,1,-1.6186244419099136,890.2,7.7,11.9
0.297,0.302,U8,MAD_M6C12,4.209841080704786,22.833468452433284,CPG,WPG,0.1,0.416798387958856,0.2031856066889053,1.5490177315709177,2,-1.6186192698445616,890.1,7.7,11.8
0.297,0.302,U8,MAD_M6C12,4.210104581988365,22.834007316394025,CPG,WPG,0.1,0.41678827025367243,0.2031664588822196,1.5464842868834197,1,-1.6186128102200978,889.6,7.8,11.8
0.297,0.302,U8,MAD_M6C12,4.209661214303862,22.833721085401063,CPG,WPG,0.1,0.4167971116292009,0.20304810421155675,1.5497019637798628,4,-1.6186674000035275,890.1,7.7,11.8
0.297,0.302,U8,MAD_M6C12,4.210130371005407,22.833954675005366,CPG,WPG,0.1,0.4167858260230233,0.2031691193361441,1.5490901278793103,6,-1.6187170220129978,890.2,7.7,11.8
0.297,0.302,U8,MAD_M6C12,4.209455767174312,22.83295805022325,CPG,WPG,0.1,0.416811374481754,0.20302645795408955,1.5475124209850883,6,-1.6185751114199718,890.0,7.7,11.7
0.297,0.302,U8,MAD_M6C12,4.210117316889545,22.833918585894047,CPG,WPG,0.1,0.41678921277330505,0.2033962232930947,1.5552281472457228,3,-1.618607655290802,891.5,7.7,11.9
0.297,0.302,U8,MAD_M6C12,4.210068126607703,22.834240391995554,CPG,WPG,0.1,0.41678693288142477,0.20322105038307692,1.5513760085025496,3,-1.6185832673640626,890.8,7.7,11.8
0.297,0.302,U8,MAD_M6C12,4.209014927576825,22.832391397351774,CPG,WPG,0.1,0.41682376909618973,0.20316211413501029,1.552280552065041,0,-1.6186140354837626,890.9,7.7,11.8
0.297,0.302,U8,MAD_M6C12,4.2080609883049185,22.83008578774381,CPG,WPG,0.1,0.41686521926915154,0.2030553234938362,1.5515110496856508,2,-1.6186062870304028,890.7,7.7,11.7
0.297,0.302,U8,MAD_M6C12,4.210076074461887,22.834692171517347,CPG,WPG,0.1,0.416780400470321,0.2035178279806777,1.5531150007885484,2,-1.6186328276733946,891.3,7.7,11.9
0.297,0.302,U8,MAD_M6C12,4.209923388485986,22.834178964451628,CPG,WPG,0.1,0.4167876217581392,0.20376066465914333,1.561063077247704,7,-1.6186734293225555,892.7,7.7,12.0
0.297,0.302,U8,MAD_M6C12,4.209574742528623,22.83323146201566,CPG,WPG,0.1,0.4168040055012857,0.20363508536486283,1.558739352307395,4,-1.618669243155452,892.3,7.7,12.0
0.297,0.302,U8,MAD_M6C12,4.208855267471559,22.832219457147026,CPG,WPG,0.1,0.4168280103160925,0.2032104268071078,1.5568759032337187,1,-1.6186229238622634,891.5,7.7,11.9
0.297,0.302,U8,MAD_M6C12,4.209535079846384,22.833154338706183,CPG,WPG,0.1,0.4168057722345651,0.20313598645948622,1.5495638405362508,6,-1.6186587901555658,890.7,7.7,11.7
0.297,0.302,U8,MAD_M6C12,4.210172361193452,22.83449094825554,CPG,WPG,0.1,0.4167802449191961,0.20356506554528633,1.5576656165703233,7,-1.6186698890618203,892.0,7.7,11.9
0.297,0.302,U8,MAD_M6C12,4.207097085514153,22.828033616526234,CPG,WPG,0.1,0.416908478898857,0.203104637147084,1.5527138719456888,7,-1.6184186403623375,890.7,7.7,11.8
0.297,0.302,U8,MAD_M6C12,4.210001279141563,22.833801750214803,CPG,WPG,0.1,0.41679211302266467,0.20337627015899026,1.5526631235520245,3,-1.618617670382756,891.1,7.7,11.8
0.297,0.302,U8,MAD_M6C12,4.209854078258302,22.83351824592902,CPG,WPG,0.1,0.41679749153787915,0.20319661311637446,1.5533335840880786,5,-1.6186241891296422,890.9,7.7,11.8
0.297,0.302,U8,MAD_M6C12,4.209719022194927,22.833854624547925,CPG,WPG,0.1,0.41679571075240796,0.2032438807929338,1.5524920081202351,2,-1.6186267581804898,890.9,7.7,11.8
0.297,0.302,U8,MAD_M6C12,4.210510884911713,22.834853063898322,CPG,WPG,0.1,0.4167691947104329,0.20317522221794607,1.5496835367400497,4,-1.6187328640317418,890.6,7.7,11.8
0.297,0.302,U8,MAD_M6C12,4.209969319886723,22.833682420633004,CPG,WPG,0.1,0.4167921115207883,0.20322800807487923,1.5526716069231798,3,-1.6186912613550604,890.9,7.7,11.8
0.297,0.302,U8,MAD_M6C12,4.20982127175714,22.834033876411297,CPG,WPG,0.1,0.4167902022615432,0.20318281749111855,1.552460662993386,7,-1.6187001624278388,891.0,7.7,11.8
0.297,0.302,U8,MAD_M6C12,4.209131558015114,22.832249238486273,CPG,WPG,0.1,0.4168232769061954,0.2032009348176098,1.55456175788798,7,-1.6186251844078114,890.9,7.7,11.9
0.297,0.302,U8,MAD_M6C12,4.209675133238896,22.833609944830997,CPG,WPG,0.1,0.41679780068449884,0.20333580459545508,1.551721289976928,5,-1.618681606076949,890.7,7.7,11.8
0.297,0.302,U8,MAD_M6C12,4.209620401459568,22.833162553627833,CPG,WPG,0.1,0.4168034811677438,0.20324613880035677,1.5534442999414573,3,-1.6186926711158236,890.8,7.7,11.8
0.297,0.302,U8,MAD_M6C12,4.21022156001355,22.834104454884393,CPG,WPG,0.1,0.4167822568140098,0.20340190098471894,1.557299395601488,6,-1.6187339786543244,891.5,7.6,11.9
0.297,0.302,U8,MAD_M6C12,4.2102981696375545,22.834452578274345,CPG,WPG,0.1,0.4167766704412929,0.20350487574073703,1.5563958241090252,2,-1.6187502996267398,891.5,7.7,11.9
0.297,0.302,U8,MAD_M6C12,4.210331833373591,22.834170380677783,CPG,WPG,0.1,0.4167811824254849,0.20352591843631643,1.5537296746276201,0,-1.6186783715421793,891.1,7.7,11.9
0.297,0.302,U8,MAD_M6C12,4.210171522978557,22.834267355620877,CPG,WPG,0.1,0.41678120485987047,0.20339153161273107,1.5551237198104442,3,-1.6187331767500552,891.1,7.7,11.9
0.297,0.302,U8,MAD_M6C12,4.2101851387188685,22.834284849339163,CPG,WPG,0.1,0.4167813734380161,0.20337843101833722,1.5538298838535565,7,-1.6187102080978306,890.8,7.7,11.9
0.297,0.302,U8,MAD_M6C12,4.210085429796705,22.83393419577583,CPG,WPG,0.1,0.41678702915228377,0.20343713437598815,1.5550847397380068,0,-1.6187065970130412,891.2,7.7,11.9
0.297,0.302,U8,MAD_M6C12,4.210029114931911,22.833732501628052,CPG,WPG,0.1,0.41678897286800154,0.20340779049265198,1.5575719092018927,6,-1.6187555679768248,891.3,7.6,11.9
0.297,0.302,U8,MAD_M6C12,4.210520065232589,22.834651961206045,CPG,WPG,0.1,0.4167710841597859,0.20349360510857964,1.5562761144621713,7,-1.618743536372115,891.3,7.7,11.9
0.297,0.302,U8,MAD_M6C12,4.210257986022936,22.834177239798013,CPG,WPG,0.1,0.41678115140030325,0.20337042401299882,1.555801590031629,2,-1.61872227379156,891.0,7.7,11.9
0.297,0.302,U8,MAD_M6C12,4.210479745469555,22.83455551342927,CPG,WPG,0.1,0.41677333023891394,0.2034121010084925,1.555710299322537,0,-1.6187232840788184,891.3,7.7,11.9
0.297,0.302,U8,MAD_M6C12,4.210170724349409,22.834324897536092,CPG,WPG,0.1,0.41678115857693465,0.20329645972250163,1.5531149152971468,7,-1.6187095930945787,890.7,7.7,11.9
0.297,0.302,U8,MAD_M6C12,4.210098251923125,22.83426714565372,CPG,WPG,0.1,0.4167831372898384,0.20346665574941467,1.5562951548158606,0,-1.6187023945991363,891.2,7.7,11.9
0.297,0.302,U8,MAD_M6C12,4.210137535484163,22.834324452486015,CPG,WPG,0.1,0.4167812730225746,0.20342114392795885,1.556763317534398,5,-1.6187258437926761,891.2,7.7,11.9
0.297,0.302,U8,MAD_M6C12,4.210343119668325,22.834937115555245,CPG,WPG,0.1,0.4167715846582598,0.20345664214026588,1.5558062489654705,3,-1.6187047360204776,891.1,7.7,11.9
0.297,0.302,U8,MAD_M6C12,4.210076703826304,22.83446934115039,CPG,WPG,0.1,0.41678160236144157,0.20338646226660254,1.5554589264158976,0,-1.6186853121956304,891.0,7.7,11.9
0.297,0.302,U8,MAD_M6C12,4.2100840786614215,22.834566878057114,CPG,WPG,0.1,0.4167792779439976,0.20331545181535152,1.5561943730167513,3,-1.6187285880095494,891.0,7.7,11.9
0.297,0.302,U8,MAD_M6C12,4.210187600946763,22.8347519007659,CPG,WPG,0.1,0.4167754896339475,0.2033518574778734,1.5552254194299584,0,-1.61873067669484,891.0,7.7,11.9
0.297,0.302,U8,MAD_M6C12,4.209386459009042,22.833105119827227,CPG,WPG,0.1,0.4168079244816152,0.20319417165959952,1.553375964502489,4,-1.6186880848213292,890.6,7.7,11.8
0.297,0.302,U8,MAD_M6C12,4.210235993242983,22.8346792120288,CPG,WPG,0.1,0.4167760042401586,0.20336523059263448,1.5551017075979137,6,-1.6187130983923268,891.1,7.7,11.9
0.297,0.302,U8,MAD_M6C12,4.210319855890324,22.834805079706033,CPG,WPG,0.1,0.41677245062602625,0.20331175046071823,1.5539385395757344,4,-1.618744491068881,890.8,7.7,11.9
0.297,0.302,U8,MAD_M6C12,4.210197323796636,22.834472486096047,CPG,WPG,0.1,0.4167783535022902,0.20321808647038497,1.5523736026786978,6,-1.6187373952385844,890.6,7.7,11.8
0.297,0.302,U8,MAD_M6C12,4.210150012700123,22.834261734597852,CPG,WPG,0.1,0.41678149684079113,0.203207538271247,1.5515223733195298,4,-1.618737511729325,890.5,7.7,11.8
0.297,0.302,U8,MAD_M6C12,4.209965224537576,22.833757494248008,CPG,WPG,0.1,0.416790041741816,0.20320536163993808,1.5521784633421265,6,-1.6187417146001675,890.6,7.7,11.8
0.297,0.302,U8,MAD_M6C12,4.210131238721962,22.83388854911435,CPG,WPG,0.1,0.41678622372446666,0.203204826374733,1.5515937196380984,6,-1.6187305542453654,890.6,7.7,11.8
0.297,0.302,U8,MAD_M6C12,4.210352120587607,22.834309052122716,CPG,WPG,0.1,0.416777641394748,0.20312569023402027,1.5514501919887587,2,-1.618743152816263,890.5,7.7,11.8
0.297,0.302,U8,MAD_M6C12,4.21031457616083,22.834360140094944,CPG,WPG,0.1,0.4167780442310903,0.20317870042109323,1.5518248728176105,7,-1.6187275182154934,890.5,7.7,11.8
0.297,0.302,U8,MAD_M6C12,4.210459286881007,22.834516187744846,CPG,WPG,0.1,0.41677363915597043,0.20325676607514495,1.5521976081449211,1,-1.6187414726586002,890.6,7.7,11.8
0.297,0.302,U8,MAD_M6C12,4.21041213614345,22.83460943220346,CPG,WPG,0.1,0.41677292936334187,0.20322528482414853,1.5526166698508952,0,-1.618756731594706,890.7,7.7,11.8
0.297,0.302,U8,MAD_M6C12,4.210323500366459,22.834455711198796,CPG,WPG,0.1,0.4167763739553908,0.20318950759313564,1.5521472180669647,3,-1.6187448948734602,890.7,7.7,11.8
0.297,0.302,U8,MAD_M6C12,4.2102602986265,22.83428068004006,CPG,WPG,0.1,0.4167788538504833,0.20310595939832335,1.5527996758874334,6,-1.6187649684384855,890.7,7.7,11.8
0.297,0.302,U8,MAD_M6C12,4.2103806453641885,22.83435615590211,CPG,WPG,0.1,0.4167762776692833,0.2032033448552793,1.5533078653597543,2,-1.6187581016403652,890.8,7.7,11.8
0.297,0.302,U8,MAD_M6C12,4.210348967252943,22.83426431698922,CPG,WPG,0.1,0.4167780441143599,0.20317770984549896,1.5528813720953796,1,-1.6187493494598417,890.7,7.7,11.8
0.297,0.302,U8,MAD_M6C12,4.210264001736082,22.834309368469288,CPG,WPG,0.1,0.41677863583695623,0.20319559858363512,1.552621263136328,2,-1.6187583640770207,890.7,7.7,11.8
0.297,0.302,U8,MAD_M6C12,4.210458397539421,22.834725336455058,CPG,WPG,0.1,0.41677076910692124,0.20321347576032836,1.5532763567335919,0,-1.6187609129272804,890.8,7.7,11.8
0.297,0.302,U8,MAD_M6C12,4.210248680788672,22.834300136147892,CPG,WPG,0.1,0.4167789996373647,0.20314262447382403,1.5517922054148192,5,-1.618757654217994,890.7,7.7,11.8
0.297,0.302,U8,MAD_M6C12,4.210537901793568,22.834702088914906,CPG,WPG,0.1,0.41676946930423503,0.20320194241136955,1.5529968301879178,7,-1.6187733402322628,890.8,7.7,11.8
0.297,0.302,U8,MAD_M6C12,4.210303305725488,22.83427276019104,CPG,WPG,0.1,0.4167783736303543,0.20312394528968372,1.5530325370549773,1,-1.618760838135275,890.7,7.7,11.8
0.297,0.302,U8,MAD_M6C12,4.2103592751974945,22.834361999776764,CPG,WPG,0.1,0.41677649982784315,0.20309736155053018,1.5514871961104402,1,-1.6187599446421501,890.4,7.7,11.8
0.297,0.302,U8,MAD_M6C12,4.210146082924297,22.8340490641548,CPG,WPG,0.1,0.41678339893812966,0.20306458877363287,1.552324289430819,5,-1.6187606045543,890.6,7.7,11.8
0.297,0.302,U8,MAD_M6C12,4.210171884457884,22.833953439579986,CPG,WPG,0.1,0.41678406318520467,0.2030834660378281,1.5521336148137386,1,-1.6187614426312322,890.6,7.7,11.8
0.297,0.302,U8,MAD_M6C12,4.210560117070683,22.834708944142903,CPG,WPG,0.1,0.41676890405119943,0.203164743016444,1.5534452100008762,6,-1.6187787309336006,890.8,7.7,11.8
0.297,0.302,U8,MAD_M6C12,4.210580151176532,22.834705699168012,CPG,WPG,0.1,0.4167686787498212,0.20316179381789573,1.5523534261014427,0,-1.6187766792805824,890.7,7.7,11.8
0.297,0.302,U8,MAD_M6C12,4.210359422188492,22.834358060238962,CPG,WPG,0.1,0.4167760582213281,0.20312803183250924,1.552989999503552,7,-1.6187790590233462,890.8,7.7,11.8
0.297,0.302,U8,MAD_M6C12,4.21051297282951,22.834657021628963,CPG,WPG,0.1,0.4167700225445862,0.2031481493529933,1.5524879884495695,3,-1.6187872749772154,890.7,7.7,11.8
0.297,0.302,U8,MAD_M6C12,4.210507949368816,22.834632402988657,CPG,WPG,0.1,0.41677050176754976,0.20316965172551416,1.5526396808589427,5,-1.618782651955481,890.8,7.7,11.8
0.297,0.302,U8,MAD_M6C12,4.210508490054114,22.834568496027682,CPG,WPG,0.1,0.41677123707238517,0.20316010788631853,1.5527242283556877,6,-1.6187822270850827,890.8,7.7,11.8
0.297,0.302,U8,MAD_M6C12,4.210503100504294,22.834580247675408,CPG,WPG,0.1,0.4167711248325495,0.2031920857130289,1.5533655645117599,6,-1.6187846640338996,890.8,7.7,11.8
0.297,0.302,U8,MAD_M6C12,4.210520451103982,22.834666128032325,CPG,WPG,0.1,0.4167698141318946,0.20310753929022712,1.552514562200757,4,-1.6187867434302756,890.6,7.7,11.8
0.297,0.302,U8,MAD_M6C12,4.2105249804197795,22.834715066039077,CPG,WPG,0.1,0.4167692947566907,0.20311233034656884,1.5516236116941378,2,-1.6187823095018423,890.5,7.7,11.8
0.297,0.302,U8,MAD_M6C12,4.210542978921623,22.83466979423841,CPG,WPG,0.1,0.41676931711765247,0.20309590575051734,1.5518966730106514,5,-1.6187907002270574,890.6,7.7,11.8
0.297,0.302,U8,MAD_M6C12,4.210484815786305,22.834552858961153,CPG,WPG,0.1,0.41677171034615335,0.20310140506541263,1.5520876171928926,5,-1.618785278369744,890.6,7.7,11.8
0.297,0.302,U8,MAD_M6C12,4.210500130983073,22.834590549952345,CPG,WPG,0.1,0.416770908210088,0.20305369913324844,1.5511420440639707,2,-1.6187903540331785,890.4,7.7,11.8
0.297,0.302,U8,MAD_M6C12,4.210513471941145,22.83461788090232,CPG,WPG,0.1,0.41677041388241404,0.2030969465566364,1.5515673943574675,0,-1.618789224901283,890.5,7.7,11.8
0.297,0.302,U8,MAD_M6C12,4.210506078763805,22.834616332627903,CPG,WPG,0.1,0.41677051378484387,0.20308049241723286,1.5510534290065485,2,-1.6187905596103231,890.5,7.7,11.8
0.297,0.302,U8,MAD_M6C12,4.210424282698364,22.834458635213036,CPG,WPG,0.1,0.41677377633385115,0.20308809831984123,1.551910618109682,0,-1.618783659837911,890.6,7.7,11.8
0.297,0.302,U8,MAD_M6C12,4.210402883749077,22.834456634478137,CPG,WPG,0.1,0.41677423301562916,0.20308907574639726,1.5516422981633409,2,-1.6187797950128324,890.6,7.7,11.8
0.297,0.302,U8,MAD_M6C12,4.210501036591268,22.834584632828662,CPG,WPG,0.1,0.416771024035275,0.2031092786431884,1.552352946768663,4,-1.6187879157219225,890.7,7.7,11.8
0.297,0.302,U8,MAD_M6C12,4.210545128116013,22.834672130123746,CPG,WPG,0.1,0.41676923640505353,0.2030990148453638,1.5519837180408809,6,-1.618791490028423,890.6,7.7,11.8
0.297,0.302,U8,MAD_M6C12,4.210509554707434,22.834602820864646,CPG,WPG,0.1,0.41677061527365256,0.20310756385234804,1.5522322892684728,2,-1.6187905147129147,890.7,7.7,11.8
0.297,0.302,U8,MAD_M6C12,4.2105042631140615,22.834612140169888,CPG,WPG,0.1,0.41677066217210446,0.20310713920265994,1.5520243839946604,7,-1.618787745862173,890.6,7.7,11.8
0.297,0.302,U8,MAD_M6C12,4.210507107444594,22.834588058628913,CPG,WPG,0.1,0.41677086215835313,0.2030900287094827,1.5517566326902106,6,-1.6187889812780085,890.6,7.7,11.8
0.297,0.302,U8,MAD_M6C12,4.21053571640865,22.83463878431229,CPG,WPG,0.1,0.4167697739155919,0.2030934767822184,1.551468099522625,2,-1.6187912099702988,890.6,7.7,11.8
0.297,0.302,U8,MAD_M6C12,4.210546081404388,22.834682001430956,CPG,WPG,0.1,0.4167691121174409,0.20309609406440263,1.5519078962368096,6,-1.6187913366566669,890.6,7.7,11.8
0.297,0.302,U8,MAD_M6C12,4.210549832687091,22.834677997921453,CPG,WPG,0.1,0.4167690715747778,0.20309233956356854,1.551665837139757,4,-1.618792415051086,890.6,7.7,11.8
0.297,0.302,U8,MAD_M6C12,4.210557453534601,22.834687795560313,CPG,WPG,0.1,0.4167687873702123,0.20309636030216482,1.5519498806796164,6,-1.6187944562273415,890.6,7.7,11.8
0.297,0.302,U8,MAD_M6C12,4.2105346747268015,22.8346395338708,CPG,WPG,0.1,0.41676974529109023,0.2031117572982048,1.552162383523994,1,-1.6187926369828087,890.7,7.7,11.8
0.297,0.302,U8,MAD_M6C12,4.210565211069693,22.834686382232416,CPG,WPG,0.1,0.41676865555214415,0.20310413331976457,1.552029979034895,0,-1.6187954799724018,890.7,7.7,11.8
0.297,0.302,U8,MAD_M6C12,4.210530546207052,22.83462195080618,CPG,WPG,0.1,0.4167700401228854,0.20309430674389192,1.5518800063601939,5,-1.6187915281263656,890.6,7.7,11.8
0.297,0.302,U8,MAD_M6C12,4.210563904489536,22.834682617284997,CPG,WPG,0.1,0.4167687425823738,0.20309015105784667,1.5518317253122111,5,-1.6187945659266525,890.6,7.7,11.8
0.297,0.302,U8,MAD_M6C12,4.210569114986871,22.834687021345484,CPG,WPG,0.1,0.4167686160017031,0.20311978842446135,1.5522350898100248,7,-1.618794337816837,890.7,7.7,11.8
0.297,0.302,U8,MAD_M6C12,4.210556309218569,22.83466950966432,CPG,WPG,0.1,0.41676905503777106,0.20310698580583017,1.55202438429159,7,-1.6187928897813109,890.7,7.7,11.8
0.297,0.302,U8,MAD_M6C12,4.2105678229243555,22.834691164258246,CPG,WPG,0.1,0.4167686683491708,0.20310370907625055,1.5519511931263041,2,-1.6187912187168472,890.7,7.7,11.8
0.297,0.302,U8,MAD_M6C12,4.210528141908308,22.834632054457963,CPG,WPG,0.1,0.4167700218246899,0.20309451565937614,1.5517880226096286,5,-1.618789183681999,890.6,7.7,11.8
0.297,0.302,U8,MAD_M6C12,4.2105662681604095,22.83469874749605,CPG,WPG,0.1,0.41676857965527925,0.20310150080085257,1.5518184986164805,3,-1.6187922440331235,890.6,7.7,11.8
0.297,0.302,U8,MAD_M6C12,4.210536726328079,22.83463686052565,CPG,WPG,0.1,0.41676979778584433,0.2030912928379635,1.5517024459852267,4,-1.618790516925083,890.6,7.7,11.8
0.297,0.302,U8,MAD_M6C12,4.210532160278956,22.83464457111071,CPG,WPG,0.1,0.4167697546263017,0.2030946499990896,1.551900104559302,0,-1.6187915551936545,890.7,7.7,11.8
0.297,0.302,U8,MAD_M6C12,4.210550256200183,22.834653061916434,CPG,WPG,0.1,0.41676931020532104,0.20309145182636615,1.551894069002429,3,-1.6187940112791104,890.7,7.7,11.8
0.297,0.302,U8,MAD_M6C12,4.210564064456533,22.834681183983673,CPG,WPG,0.1,0.41676878861209365,0.203085840560125,1.551733457315649,3,-1.6187933072641858,890.6,7.7,11.8
0.297,0.302,U8,MAD_M6C12,4.2105368098949825,22.834633651692123,CPG,WPG,0.1,0.41676980477215164,0.2030939329154019,1.5518953991399567,6,-1.61879163442293,890.7,7.7,11.8
0.297,0.302,U8,MAD_M6C12,4.210547382136765,22.834657775234696,CPG,WPG,0.1,0.4167693169207689,0.20308171566700203,1.5516688714607927,1,-1.6187933994274815,890.6,7.7,11.8
0.297,0.302,U8,MAD_M6C12,4.210547589356181,22.834651581679477,CPG,WPG,0.1,0.416769349599655,0.20307740063094393,1.5515768849509128,7,-1.6187947755646679,890.6,7.7,11.8
0.297,0.302,U8,MAD_M6C12,4.2105458096945565,22.83466098294783,CPG,WPG,0.1,0.41676932130150407,0.20308169939439252,1.551534867468889,5,-1.6187927541401734,890.6,7.7,11.8
0.297,0.302,U8,MAD_M6C12,4.210545977864487,22.834655877861,CPG,WPG,0.1,0.4167693609508413,0.2030802091426646,1.55155105000857,0,-1.6187933916173094,890.6,7.7,11.8
0.297,0.302,U8,MAD_M6C12,4.21054648244603,22.834654203932732,CPG,WPG,0.1,0.41676935862123693,0.20308327060043943,1.5516170507119118,1,-1.6187939247574938,890.6,7.7,11.8
0.297,0.302,U8,MAD_M6C12,4.210545735706448,22.834649331147983,CPG,WPG,0.1,0.4167694420252298,0.2030797523642238,1.551541301156834,0,-1.618793306072945,890.6,7.7,11.8
0.297,0.302,U8,MAD_M6C12,4.210559104957125,22.834679799343018,CPG,WPG,0.1,0.4167688767609702,0.20307843505995432,1.5514403017246097,1,-1.6187935297303238,890.6,7.7,11.8
0.297,0.302,U8,MAD_M6C12,4.210557717187463,22.834674904163975,CPG,WPG,0.1,0.41676893364947576,0.2030682025080879,1.5512701352671843,1,-1.6187943556341722,890.5,7.7,11.8
0.297,0.302,U8,MAD_M6C12,4.210565082290416,22.834679488921438,CPG,WPG,0.1,0.4167687573621126,0.20307032860013602,1.5513808179746267,3,-1.6187946674987579,890.6,7.7,11.8
0.297,0.302,U8,MAD_M6C12,4.210558727592495,22.834670110178497,CPG,WPG,0.1,0.4167689725017103,0.2030685337149616,1.5513694755440062,3,-1.6187943655422519,890.5,7.7,11.8
0.297,0.302,U8,MAD_M6C12,4.210553907507775,22.834668479953123,CPG,WPG,0.1,0.4167690696459315,0.20307051659467001,1.5514380248608983,5,-1.6187942598726917,890.6,7.7,11.8
0.297,0.302,U8,MAD_M6C12,4.210566272779215,22.834688006579032,CPG,WPG,0.1,0.4167686160371886,0.20306156130076985,1.5512096275922467,5,-1.6187956445950853,890.5,7.7,11.8
0.297,0.302,U8,MAD_M6C12,4.210566871332078,22.83468675348489,CPG,WPG,0.1,0.41676863988419066,0.2030614281218304,1.5511495352738796,6,-1.6187949043482988,890.5,7.7,11.8
0.297,0.302,U8,MAD_M6C12,4.210564726233649,22.83468227551159,CPG,WPG,0.1,0.4167687131745802,0.2030575147486518,1.5512269090282147,6,-1.6187953662357444,890.5,7.7,11.8
0.297,0.302,U8,MAD_M6C12,4.210556444811715,22.83466772304143,CPG,WPG,0.1,0.416769020078574,0.20305515326515414,1.5511660098877762,3,-1.6187949801928507,890.5,7.7,11.8
0.297,0.302,U8,MAD_M6C12,4.210564161386925,22.83468724060022,CPG,WPG,0.1,0.41676867338438706,0.20305334262787159,1.5510942020230316,2,-1.6187950416335077,890.5,7.7,11.8
0.297,0.302,U8,MAD_M6C12,4.210551320885192,22.83466017235186,CPG,WPG,0.1,0.41676921233441366,0.20305077319903775,1.5509309159315978,0,-1.618793995057585,890.5,7.7,11.8
0.297,0.302,U8,MAD_M6C12,4.210559669937617,22.834677394323904,CPG,WPG,0.1,0.41676887057650347,0.20306235393273148,1.5511859838116373,0,-1.61879450552882,890.5,7.7,11.8
0.297,0.302,U8,MAD_M6C12,4.210558982895595,22.83468820654314,CPG,WPG,0.1,0.41676878114445676,0.20307352359234224,1.5513236097289482,5,-1.6187935732090004,890.6,7.7,11.8
0.297,0.302,U8,MAD_M6C12,4.21056824348277,22.83468977549152,CPG,WPG,0.1,0.4167685731769926,0.20306239214133304,1.5511651274567124,4,-1.6187953152972359,890.5,7.7,11.8
0.297,0.302,U8,MAD_M6C12,4.210558911449608,22.834678192823894,CPG,WPG,0.1,0.4167688560215075,0.2030571593456288,1.5512906223046992,7,-1.6187951844387118,890.6,7.7,11.8
0.297,0.302,U8,MAD_M6C12,4.210562077648124,22.834685696546963,CPG,WPG,0.1,0.4167687178185364,0.20306041085764223,1.551268659055895,6,-1.6187952777587267,890.6,7.7,11.8
0.297,0.302,U8,MAD_M6C12,4.210558120559699,22.834675099055538,CPG,WPG,0.1,0.4167689033565685,0.2030588501199672,1.5512653846923787,2,-1.6187952071038634,890.5,7.7,11.8
0.297,0.302,U8,MAD_M6C12,4.210546990765621,22.834658046450752,CPG,WPG,0.1,0.4167693132626764,0.20306193103656736,1.5512762916598883,2,-1.6187936620281036,890.6,7.7,11.8
0.297,0.302,U8,MAD_M6C12,4.210569017257992,22.834690389225383,CPG,WPG,0.1,0.4167685375407314,0.20306595457691323,1.5512938000302414,4,-1.6187959596938981,890.6,7.7,11.8
0.297,0.302,U8,MAD_M6C12,4.210560315494425,22.834672817126187,CPG,WPG,0.1,0.41676888480078855,0.20305903884900828,1.5512406837506596,5,-1.618795608295784,890.6,7.7,11.8
0.297,0.302,U8,MAD_M6C12,4.210549505241138,22.834656940990936,CPG,WPG,0.1,0.41676929262513335,0.20305902619174326,1.5511913375996715,6,-1.618793418943424,890.6,7.7,11.8
0.297,0.302,U8,MAD_M6C12,4.210556190801242,22.8346660013741,CPG,WPG,0.1,0.416769042024073,0.20305792783400015,1.5511834585953719,4,-1.6187950504868223,890.6,7.7,11.8
0.297,0.302,U8,MAD_M6C12,4.210556603177866,22.834667878900895,CPG,WPG,0.1,0.416769012462786,0.20305226344156696,1.5511741705678066,2,-1.6187951111118686,890.6,7.7,11.8
0.297,0.302,U8,MAD_M6C12,4.21056619393757,22.834685925169147,CPG,WPG,0.1,0.4167686556521366,0.20305359092779646,1.5511217390241323,5,-1.6187950759938072,890.6,7.7,11.8
0.297,0.302,U8,MAD_M6C12,4.210564295632891,22.834687796677038,CPG,WPG,0.1,0.4167686672082793,0.2030655228071778,1.5514172124569057,4,-1.618794951008633,890.6,7.7,11.8
0.297,0.302,U8,MAD_M6C12,4.210562575312884,22.83469074698909,CPG,WPG,0.1,0.4167686840524103,0.20306172970450467,1.5513229443171737,6,-1.6187940239492882,890.6,7.7,11.8
0.297,0.302,U8,MAD_M6C12,4.210560517398393,22.834670927528666,CPG,WPG,0.1,0.4167689494776784,0.20306551987154756,1.5513079656414215,0,-1.6187937979053384,890.6,7.7,11.8
0.297,0.302,U8,MAD_M6C12,4.210561811588978,22.83468563719709,CPG,WPG,0.1,0.41676875968539245,0.20306749424954704,1.551402045104791,1,-1.6187938269818236,890.6,7.7,11.8
0.297,0.302,U8,MAD_M6C12,4.210566684115247,22.834691930248262,CPG,WPG,0.1,0.416768590009585,0.20306526958036517,1.5512972077486378,0,-1.6187946472515016,890.6,7.7,11.8
0.297,0.302,U8,MAD_M6C12,4.210561150048282,22.83468741027454,CPG,WPG,0.1,0.4167687289014837,0.20306449675987231,1.5513931489447028,7,-1.6187946441850691,890.6,7.7,11.8
0.297,0.302,U8,MAD_M6C12,4.21055140192752,22.83466662331126,CPG,WPG,0.1,0.416769133822237,0.20307240866433807,1.5514382018636979,4,-1.6187941224706428,890.6,7.7,11.8
0.297,0.302,U8,MAD_M6C12,4.210552808857345,22.834672348930113,CPG,WPG,0.1,0.4167690570172713,0.20306667804477,1.5513989025473203,7,-1.6187936921765562,890.6,7.7,11.8
0.297,0.302,U8,MAD_M6C12,4.2105578431965,22.834679010867813,CPG,WPG,0.1,0.41676888694687797,0.20306734672832577,1.5514046888288315,2,-1.618794262355177,890.6,7.7,11.8
0.297,0.302,U8,MAD_M6C12,4.210564093078102,22.834690180438365,CPG,WPG,0.1,0.416768642386973,0.20306409888018698,1.5512277060368551,5,-1.6187949770481929,890.6,7.7,11.8
0.297,0.302,U8,MAD_M6C12,4.2105510453611865,22.8346606775675,CPG,WPG,0.1,0.41676920436465326,0.20307470727458232,1.5513912206313463,0,-1.6187942500995476,890.6,7.7,11.8
0.297,0.302,U8,MAD_M6C12,4.210556687053277,22.834676680740483,CPG,WPG,0.1,0.4167689238968232,0.20306892341803917,1.5513166967032004,2,-1.6187945738372758,890.6,7.7,11.8
0.297,0.302,U8,MAD_M6C12,4.210560218114844,22.83467581933876,CPG,WPG,0.1,0.41676886575935274,0.20306996849459993,1.5513677685873657,5,-1.618795064841283,890.6,7.7,11.8
0.297,0.302,U8,MAD_M6C12,4.210562664294369,22.834683840348298,CPG,WPG,0.1,0.41676872662042486,0.20307626993010253,1.551549882893553,5,-1.6187954058839438,890.6,7.7,11.8
0.297,0.302,U8,MAD_M6C12,4.210555699120844,22.834674909347807,CPG,WPG,0.1,0.4167689527453174,0.203074796824135,1.5514180251451646,4,-1.6187948480558134,890.6,7.7,11.8
0.297,0.302,U8,MAD_M6C12,4.210563118563855,22.834680621930573,CPG,WPG,0.1,0.41676875413057846,0.20307338948954232,1.551378419212567,3,-1.6187954946480279,890.6,7.7,11.8
0.297,0.302,U8,MAD_M6C12,4.210556676296589,22.834666957702353,CPG,WPG,0.1,0.41676901515287784,0.20307882263372903,1.5515494215912788,0,-1.618795374821552,890.7,7.7,11.8
0.297,0.302,U8,MAD_M6C12,4.210566392774996,22.83468368755998,CPG,WPG,0.1,0.41676866780555516,0.20307933000244596,1.5515463429138285,7,-1.6187954831707163,890.7,7.7,11.8
0.297,0.302,U8,MAD_M6C12,4.21056853645102,22.834687963825314,CPG,WPG,0.1,0.4167685744290928,0.20307956462389545,1.5515193113531809,2,-1.618795900333721,890.7,7.7,11.8
0.297,0.302,U8,MAD_M6C12,4.210567547163568,22.8346854699542,CPG,WPG,0.1,0.4167686242816576,0.2030792053169854,1.5515350308962903,6,-1.6187956767936047,890.6,7.7,11.8
0.297,0.302,U8,MAD_M6C12,4.210568566719022,22.834687146255586,CPG,WPG,0.1,0.4167685875530007,0.20307859340824616,1.5515315594072674,2,-1.6187957347899342,890.7,7.7,11.8
0.297,0.302,U8,MAD_M6C12,4.210566488495071,22.83468701321915,CPG,WPG,0.1,0.4167686189040426,0.2030823742802968,1.5515252769416916,0,-1.6187958459636462,890.6,7.7,11.8
0.297,0.302,U8,MAD_M6C12,4.210558732544585,22.834671159189373,CPG,WPG,0.1,0.41676893115326263,0.2030895348911331,1.5517056736047197,5,-1.618795511864759,890.7,7.7,11.8
0.297,0.302,U8,MAD_M6C12,4.210565127797332,22.834683995705067,CPG,WPG,0.1,0.4167686788687356,0.20309306812546873,1.5517704815561828,2,-1.618795690277647,890.7,7.7,11.8
0.297,0.302,U8,MAD_M6C12,4.210562007908908,22.834678857793243,CPG,WPG,0.1,0.4167687852709302,0.2030950487975652,1.5517753811899078,3,-1.6187957513664113,890.7,7.7,11.8
0.297,0.302,U8,MAD_M6C12,4.2105641500080235,22.834682522017527,CPG,WPG,0.1,0.41676871403252336,0.20309872507111398,1.5517144732804642,3,-1.6187955767903155,890.7,7.7,11.8
0.297,0.302,U8,MAD_M6C12,4.210562275785439,22.834680093615972,CPG,WPG,0.1,0.41676876745385893,0.20309702496469578,1.5517208070507431,5,-1.6187957291371653,890.7,7.7,11.8
0.297,0.302,U8,MAD_M6C12,4.21056466710197,22.834685992177846,CPG,WPG,0.1,0.4167686621709751,0.203096664120204,1.5517608541027657,2,-1.6187957310315984,890.7,7.7,11.8
0.297,0.302,U8,MAD_M6C12,4.210553946904558,22.83466778110862,CPG,WPG,0.1,0.416769060737315,0.20309278353466975,1.5517237263879995,4,-1.6187948991056338,890.7,7.7,11.8
0.297,0.302,U8,MAD_M6C12,4.210553879048575,22.834667557658545,CPG,WPG,0.1,0.41676905984583523,0.20309059435409368,1.5517567357813546,3,-1.618795076341602,890.7,7.7,11.8
0.297,0.302,U8,MAD_M6C12,4.210548950515829,22.834659877649827,CPG,WPG,0.1,0.4167692360283821,0.2030986833008286,1.5517937167538896,7,-1.618794659122612,890.7,7.7,11.8
0.297,0.302,U8,MAD_M6C12,4.210562028396633,22.834678836954353,CPG,WPG,0.1,0.4167687890958902,0.20308958790278522,1.5515949099931157,7,-1.618795598155657,890.7,7.7,11.8
0.297,0.302,U8,MAD_M6C12,4.210568813363886,22.834689263942717,CPG,WPG,0.1,0.4167685501211382,0.2030857965623835,1.5515005265302366,1,-1.618796098100269,890.6,7.7,11.8
0.297,0.302,U8,MAD_M6C12,4.21056779259611,22.834691889726322,CPG,WPG,0.1,0.41676855369245985,0.2030863029748683,1.5515539024885565,7,-1.6187954063097436,890.6,7.7,11.8
0.297,0.302,U8,MAD_M6C12,4.210564414128477,22.83468437470973,CPG,WPG,0.1,0.41676868752719337,0.20309248661067378,1.5515834187652984,7,-1.6187956201170728,890.7,7.7,11.8
0.297,0.302,U8,MAD_M6C12,4.210566648783313,22.834686788136104,CPG,WPG,0.1,0.41676861453170994,0.20308976406254983,1.5515500587551818,3,-1.6187960198323115,890.6,7.7,11.8
0.297,0.302,U8,MAD_M6C12,4.210567567909359,22.83469091975754,CPG,WPG,0.1,0.4167685563757434,0.2030925545750284,1.5515928829387922,1,-1.6187958757054588,890.7,7.7,11.8
0.297,0.302,U8,MAD_M6C12,4.21056816735586,22.834691195220774,CPG,WPG,0.1,0.4167685445418362,0.20309792686380573,1.5516400263046606,4,-1.618795846447929,890.7,7.7,11.8
0.297,0.302,U8,MAD_M6C12,4.210565846116592,22.834688015156804,CPG,WPG,0.1,0.41676861860337944,0.20309941495268694,1.5517042459703618,5,-1.6187958030130911,890.7,7.7,11.8
0.297,0.302,U8,MAD_M6C12,4.210567110356592,22.834687878063797,CPG,WPG,0.1,0.4167686039300504,0.2030978644432808,1.5517353211571638,7,-1.6187956609813625,890.7,7.7,11.8
0.297,0.302,U8,MAD_M6C12,4.210568643637077,22.83469237126882,CPG,WPG,0.1,0.4167685241055405,0.20309286685737205,1.5516159349236363,1,-1.618795825376683,890.7,7.7,11.8
0.297,0.302,U8,MAD_M6C12,4.210564588084574,22.83468421160671,CPG,WPG,0.1,0.41676868751512597,0.2030967184181684,1.5516967477367984,0,-1.6187955867501582,890.7,7.7,11.8
0.297,0.302,U8,MAD_M6C12,4.210564864286614,22.834687496024177,CPG,WPG,0.1,0.4167686414494158,0.20309939203233957,1.5517564535574424,1,-1.6187957457087006,890.7,7.7,11.8
0.297,0.302,U8,MAD_M6C12,4.210567817531772,22.834690960395847,CPG,WPG,0.1,0.41676855325331774,0.20309655170106652,1.5517256439631226,2,-1.6187958260451367,890.7,7.7,11.8
0.297,0.302,U8,MAD_M6C12,4.2105685854324895,22.834690772285704,CPG,WPG,0.1,0.41676853814385106,0.20309906044682421,1.5517262809426482,6,-1.618796029865388,890.7,7.7,11.8
0.297,0.302,U8,MAD_M6C12,4.2105685647766755,22.834692012385844,CPG,WPG,0.1,0.41676852345362453,0.20309868539263679,1.5517554452911084,4,-1.6187960608990384,890.7,7.7,11.8
0.297,0.302,U8,MAD_M6C12,4.21056709016718,22.83469101323648,CPG,WPG,0.1,0.41676856430923254,0.20310295138295928,1.5518059021579047,2,-1.6187958169938987,890.7,7.7,11.8
0.297,0.302,U8,MAD_M6C12,4.210567257338687,22.834691310248637,CPG,WPG,0.1,0.41676855993796347,0.2030988918042085,1.5517288812115089,0,-1.6187957518144707,890.7,7.7,11.8
0.297,0.302,U8,MAD_M6C12,4.210568178286577,22.834692156826037,CPG,WPG,0.1,0.41676853089299065,0.20309731790814106,1.5517115077517065,5,-1.6187959424206184,890.7,7.7,11.8
0.297,0.302,U8,MAD_M6C12,4.210566974423091,22.834690668674902,CPG,WPG,0.1,0.4167685699969525,0.2031015829721921,1.5517794774690694,7,-1.6187958202565316,890.7,7.7,11.8
0.297,0.302,U8,MAD_M6C12,4.210567812808658,22.83469159934373,CPG,WPG,0.1,0.4167685451813742,0.2031034851664043,1.551814469488575,7,-1.6187958581065196,890.7,7.7,11.8
0.297,0.302,U8,MAD_M6C12,4.210566618566871,22.834689926353736,CPG,WPG,0.1,0.41676858521465676,0.20310222117066193,1.551794336861135,5,-1.618795776694494,890.7,7.7,11.8
0.297,0.302,U8,MAD_M6C12,4.210568388769837,22.834692320831042,CPG,WPG,0.1,0.41676852688108634,0.20310009473033913,1.5517638233684226,4,-1.6187958962743032,890.7,7.7,11.8
0.297,0.302,U8,MAD_M6C12,4.210566474362711,22.8346882012485,CPG,WPG,0.1,0.4167686038362314,0.20309831338221604,1.5517697680629885,6,-1.6187959111957095,890.7,7.7,11.8
0.297,0.302,U8,MAD_M6C12,4.21056756099929,22.83469034321068,CPG,WPG,0.1,0.41676856176788274,0.20310046038826032,1.5517844794696,1,-1.6187959278141744,890.7,7.7,11.8
0.297,0.302,U8,MAD_M6C12,4.210568116562963,22.834690132766305,CPG,WPG,0.1,0.4167685528559783,0.2030978970515967,1.551750244424544,4,-1.618796029530433,890.7,7.7,11.8
0.297,0.302,U8,MAD_M6C12,4.210568578707512,22.834690512471,CPG,WPG,0.1,0.41676853876207154,0.2031014434394934,1.5518101947919059,3,-1.6187961265998094,890.7,7.7,11.8
0.297,0.302,U8,MAD_M6C12,4.210569370580969,22.83469122024724,CPG,WPG,0.1,0.41676851645693525,0.20309805802901243,1.5517509010626993,2,-1.6187961949114342,890.7,7.7,11.8
0.297,0.302,U8,MAD_M6C12,4.210569011154627,22.834690730398986,CPG,WPG,0.1,0.41676852777760554,0.20309845763493756,1.5517645132174178,3,-1.6187961928055898,890.7,7.7,11.8
0.297,0.302,U8,MAD_M6C12,4.210568104536337,22.834689655205793,CPG,WPG,0.1,0.41676855742858887,0.20309928310925188,1.5517711231085163,2,-1.61879607241117,890.7,7.7,11.8
0.297,0.302,U8,MAD_M6C12,4.2105693707015215,22.834690415792704,CPG,WPG,0.1,0.4167685269998521,0.20309831906000267,1.551734006146971,2,-1.6187961432331708,890.7,7.7,11.8
0.297,0.302,U8,MAD_M6C12,4.210569029526958,22.834689683824028,CPG,WPG,0.1,0.41676853998708197,0.2030978539007135,1.5517398636416888,5,-1.6187961734159941,890.7,7.7,11.8
0.297,0.302,U8,MAD_M6C12,4.21056961599419,22.834689644802125,CPG,WPG,0.1,0.41676852995642316,0.20309681266651886,1.5517232364828142,0,-1.6187962228704986,890.7,7.7,11.8
0.297,0.302,U8,MAD_M6C12,4.2105686758593635,22.83468871551231,CPG,WPG,0.1,0.41676855665503776,0.20309678762591388,1.5517241423073171,4,-1.6187961732674854,890.7,7.7,11.8
0.297,0.302,U8,MAD_M6C12,4.210568115707827,22.834687791153833,CPG,WPG,0.1,0.416768577004334,0.20309974551271728,1.5517878683339719,6,-1.6187961362502108,890.7,7.7,11.8
0.297,0.302,U8,MAD_M6C12,4.210569716673119,22.834690533839144,CPG,WPG,0.1,0.41676851805370224,0.203095702056366,1.5517187232089062,2,-1.6187962277202637,890.7,7.7,11.8
0.297,0.302,U8,MAD_M6C12,4.210567830093351,22.834687540186653,CPG,WPG,0.1,0.4167685828844579,0.20309992961949536,1.5517932843385807,5,-1.618796194547432,890.7,7.7,11.8
0.297,0.302,U8,MAD_M6C12,4.2105690642860285,22.834689775551766,CPG,WPG,0.1,0.4167685381916154,0.20309783331724926,1.5517782965759666,0,-1.6187961811446758,890.7,7.7,11.8
0.297,0.302,U8,MAD_M6C12,4.210569802514282,22.834690845158917,CPG,WPG,0.1,0.41676851410012433,0.20309919811661353,1.551761634181375,2,-1.6187961898422731,890.7,7.7,11.8
0.297,0.302,U8,MAD_M6C12,4.210569120574006,22.834689821273106,CPG,WPG,0.1,0.41676853559969085,0.20310009237817886,1.551797442955443,2,-1.618796227520967,890.7,7.7,11.8
0.297,0.302,U8,MAD_M6C12,4.2105689650558995,22.834689124526193,CPG,WPG,0.1,0.41676854673785657,0.20309851119778669,1.5517847402057035,0,-1.6187961999687435,890.7,7.7,11.8
0.297,0.302,U8,MAD_M6C12,4.21056974442081,22.834690398216903,CPG,WPG,0.1,0.4167685189031871,0.20309963535120815,1.5517796796218257,3,-1.6187962383037267,890.7,7.7,11.8
0.297,0.302,U8,MAD_M6C12,4.210569788589354,22.83469047502828,CPG,WPG,0.1,0.4167685152937985,0.20309993800518658,1.5517880199145906,5,-1.6187963180569032,890.7,7.7,11.8
0.297,0.302,U8,MAD_M6C12,4.210569591183303,22.834690894486435,CPG,WPG,0.1,0.41676851543952487,0.20309809061141462,1.55176080703417,4,-1.6187962453593592,890.7,7.7,11.8
0.297,0.302,U8,MAD_M6C12,4.210568931254115,22.8346892098165,CPG,WPG,0.1,0.4167685445504892,0.20309762751853722,1.5517478521690489,6,-1.6187962681994374,890.7,7.7,11.8
0.297,0.302,U8,MAD_M6C12,4.2105695370271885,22.834690101041346,CPG,WPG,0.1,0.41676852418244226,0.2030981946460071,1.551759838655983,4,-1.6187962927413544,890.7,7.7,11.8
0.297,0.302,U8,MAD_M6C12,4.210569848294578,22.834690613004323,CPG,WPG,0.1,0.41676851222766564,0.20309839156481715,1.5517603080513211,7,-1.6187963394356775,890.7,7.7,11.8
0.297,0.302,U8,MAD_M6C12,4.210569844139267,22.834690219962418,CPG,WPG,0.1,0.4167685175855795,0.2030997264591121,1.5517751014666175,5,-1.6187963086741526,890.7,7.7,11.8
0.297,0.302,U8,MAD_M6C12,4.210569915665184,22.83469067607206,CPG,WPG,0.1,0.41676851009053034,0.20309880025160973,1.5517653180801942,2,-1.6187963533535328,890.7,7.7,11.8
0.297,0.302,U8,MAD_M6C12,4.210569888391223,22.83469070776139,CPG,WPG,0.1,0.4167685106816527,0.20309814077192323,1.5517532476307578,2,-1.61879633273373,890.7,7.7,11.8
0.297,0.302,U8,MAD_M6C12,4.210569638586867,22.834690136147422,CPG,WPG,0.1,0.41676852162432154,0.20309928762051746,1.551760250335879,7,-1.6187963146720339,890.7,7.7,11.8
0.297,0.302,U8,MAD_M6C12,4.2105699406377175,22.83469034908977,CPG,WPG,0.1,0.41676851382254587,0.203098874935462,1.5517569343271522,4,-1.61879633868414,890.7,7.7,11.8
0.297,0.302,U8,MAD_M6C12,4.210569621827097,22.83469036274696,CPG,WPG,0.1,0.4167685192240019,0.20310052300834847,1.5517889764909776,7,-1.6187963172100712,890.7,7.7,11.8
0.297,0.302,U8,MAD_M6C12,4.210569495327548,22.834689503926885,CPG,WPG,0.1,0.4167685303532238,0.2030988971233643,1.5517627525199358,6,-1.6187963450069969,890.7,7.7,11.8
0.297,0.302,U8,MAD_M6C12,4.21056979883651,22.834690226545316,CPG,WPG,0.1,0.4167685170716007,0.2030988800362596,1.551773368141332,3,-1.6187963537772916,890.7,7.7,11.8
0.297,0.302,U8,MAD_M6C12,4.210569374868638,22.834689611297474,CPG,WPG,0.1,0.4167685317167861,0.20309838723927445,1.5517695841712293,5,-1.6187963174875168,890.7,7.7,11.8
0.297,0.302,U8,MAD_M6C12,4.2105698530586455,22.834690383746803,CPG,WPG,0.1,0.41676851477545496,0.20309767316659894,1.551753528306429,7,-1.6187963397022695,890.7,7.7,11.8
0.297,0.302,U8,MAD_M6C12,4.2105697297310964,22.83469015392967,CPG,WPG,0.1,0.41676851931158576,0.20309805194252256,1.5517530860328468,7,-1.6187963411894604,890.7,7.7,11.8
0.297,0.302,U8,MAD_M6C12,4.210569868806433,22.834690323771735,CPG,WPG,0.1,0.4167685154517349,0.2030972626467099,1.5517406874536475,6,-1.6187963304542947,890.7,7.7,11.8
0.297,0.302,U8,MAD_M6C12,4.210569835929759,22.834690124263034,CPG,WPG,0.1,0.4167685178144397,0.20309766447950914,1.5517512573127141,0,-1.6187963477920757,890.7,7.7,11.8
0.297,0.302,U8,MAD_M6C12,4.210570150558783,22.834690863151803,CPG,WPG,0.1,0.416768504074304,0.20309856625195652,1.551757780505913,4,-1.6187963603707622,890.7,7.7,11.8
0.297,0.302,U8,MAD_M6C12,4.210569780576087,22.834690254260508,CPG,WPG,0.1,0.4167685171304271,0.20309833415297146,1.551750437047522,7,-1.6187963502595544,890.7,7.7,11.8
0.297,0.302,U8,MAD_M6C12,4.210570031185041,22.834690943648706,CPG,WPG,0.1,0.416768505123314,0.20309829352913633,1.5517465195652687,1,-1.6187963565985992,890.7,7.7,11.8
0.297,0.302,U8,MAD_M6C12,4.210570143761248,22.834690649112787,CPG,WPG,0.1,0.4167685066167493,0.2030990775607323,1.5517463161116187,6,-1.6187963611271652,890.7,7.7,11.8
0.297,0.302,U8,MAD_M6C12,4.210569864171137,22.834690423290002,CPG,WPG,0.1,0.41676851399847015,0.20309953548783702,1.551755077136315,1,-1.6187963455361238,890.7,7.7,11.8
0.297,0.302,U8,MAD_M6C12,4.210569917719772,22.834690501481763,CPG,WPG,0.1,0.4167685124980537,0.20309870668657132,1.5517466268176778,2,-1.6187963362069144,890.7,7.7,11.8
0.297,0.302,U8,MAD_M6C12,4.210569812315693,22.834690072658955,CPG,WPG,0.1,0.41676851834949413,0.2030975424195534,1.5517368890152752,7,-1.6187963645690147,890.7,7.7,11.8
0.297,0.302,U8,MAD_M6C12,4.210569200581823,22.83468943644866,CPG,WPG,0.1,0.41676853707911726,0.2030983647344621,1.5517479133059835,6,-1.618796293264296,890.7,7.7,11.8
0.297,0.302,U8,MAD_M6C12,4.210569979136932,22.8346905014842,CPG,WPG,0.1,0.4167685112698383,0.20309885403620628,1.5517457048660623,2,-1.6187963465166515,890.7,7.7,11.8
0.297,0.302,U8,MAD_M6C12,4.2105697749585165,22.834689971833537,CPG,WPG,0.1,0.4167685205987044,0.20309827129185945,1.551741853459558,2,-1.6187963447430533,890.7,7.7,11.8
0.297,0.302,U8,MAD_M6C12,4.210569717248255,22.834689890688274,CPG,WPG,0.1,0.4167685221395002,0.2030965649666381,1.5517263063240443,4,-1.6187963563814076,890.7,7.7,11.8
0.297,0.302,U8,MAD_M6C12,4.210569821894428,22.834690149094246,CPG,WPG,0.1,0.41676851752459704,0.2030975872829716,1.5517417974569598,6,-1.6187963566374144,890.7,7.7,11.8
0.297,0.302,U8,MAD_M6C12,4.210569705537119,22.834689911271862,CPG,WPG,0.1,0.4167685226592074,0.20309805669449385,1.551737350501445,4,-1.6187963339662872,890.7,7.7,11.8
0.297,0.302,U8,MAD_M6C12,4.210569846562326,22.834690244216407,CPG,WPG,0.1,0.41676851597849396,0.20309817574908912,1.5517476426884147,5,-1.6187963592810206,890.7,7.7,11.8
0.297,0.302,U8,MAD_M6C12,4.210569585234742,22.834689747394293,CPG,WPG,0.1,0.4167685260656131,0.20309719132575382,1.5517426129376135,1,-1.6187963482300898,890.7,7.7,11.8
0.297,0.302,U8,MAD_M6C12,4.210569628204144,22.83468992838025,CPG,WPG,0.1,0.41676852359438565,0.20309861600140755,1.5517499689488563,5,-1.618796337257363,890.7,7.7,11.8
0.297,0.302,U8,MAD_M6C12,4.210569793517136,22.83469044830732,CPG,WPG,0.1,0.41676851506569856,0.20309728908797206,1.5517356781501017,7,-1.6187963359787378,890.7,7.7,11.8
0.297,0.302,U8,MAD_M6C12,4.210569923785475,22.834690553316968,CPG,WPG,0.1,0.4167685114902606,0.20309779911501316,1.5517339379467172,3,-1.6187963486719408,890.7,7.7,11.8
0.297,0.302,U8,MAD_M6C12,4.210569885466486,22.83469047962911,CPG,WPG,0.1,0.4167685129409331,0.20309758669215583,1.5517368449861846,2,-1.6187963485426167,890.7,7.7,11.8
0.297,0.302,U8,MAD_M6C12,4.210569933537494,22.834690522357917,CPG,WPG,0.1,0.4167685116406691,0.20309690482848491,1.5517272811386014,6,-1.6187963506876581,890.7,7.7,11.8
0.297,0.302,U8,MAD_M6C12,4.210570110482512,22.834690760061083,CPG,WPG,0.1,0.4167685060818427,0.203096516731066,1.551720964913927,0,-1.618796352713444,890.7,7.7,11.8
0.297,0.302,U8,MAD_M6C12,4.210569938698078,22.834690336210695,CPG,WPG,0.1,0.41676851332384124,0.20309621180753937,1.551721488085692,4,-1.618796365222158,890.7,7.7,11.8
0.297,0.302,U8,MAD_M6C12,4.210569977535724,22.834690554644272,CPG,WPG,0.1,0.416768510275229,0.20309723921829534,1.551730707627104,1,-1.6187963625928798,890.7,7.7,11.8
0.297,0.302,U8,MAD_M6C12,4.210570109239621,22.83469071000028,CPG,WPG,0.1,0.4167685060459081,0.20309584779923814,1.5517132074669062,6,-1.618796377398363,890.7,7.7,11.8
0.297,0.302,U8,MAD_M6C12,4.210570055239061,22.8346905229982,CPG,WPG,0.1,0.4167685093911988,0.203096623351432,1.551718270645702,3,-1.6187963636053873,890.7,7.7,11.8
0.297,0.302,U8,MAD_M6C12,4.2105699579132905,22.83469052964253,CPG,WPG,0.1,0.4167685111221563,0.20309686486585224,1.5517261596056007,2,-1.6187963527215352,890.7,7.7,11.8
0.297,0.302,U8,MAD_M6C12,4.210570007772839,22.834690599141535,CPG,WPG,0.1,0.41676850949460764,0.20309662176509174,1.5517231874606567,7,-1.6187963545583592,890.7,7.7,11.8
0.297,0.302,U8,MAD_M6C12,4.21056980181244,22.834690234586,CPG,WPG,0.1,0.4167685171875405,0.20309585855369217,1.5517130387356346,5,-1.6187963437827744,890.7,7.7,11.8
0.297,0.302,U8,MAD_M6C12,4.210569822105044,22.834690069689543,CPG,WPG,0.1,0.41676851861080627,0.20309663771718267,1.5517217238756769,1,-1.6187963496278996,890.7,7.7,11.8
0.297,0.302,U8,MAD_M6C12,4.2105699314536915,22.834690293752118,CPG,WPG,0.1,0.4167685143453651,0.20309680600359062,1.5517229788154867,2,-1.6187963487288712,890.7,7.7,11.8
0.297,0.302,U8,MAD_M6C12,4.210570060844049,22.834690511401813,CPG,WPG,0.1,0.4167685095681107,0.20309601642897449,1.5517175353162478,2,-1.6187963584305116,890.7,7.7,11.8
Time taken (seconds)
2026-06-01 14:00:03
