thigh_length,calf_length,motor_left_name,motor_right_name,gear_left_ratio,gear_right_ratio,gearbox_left,gearbox_right,torso_distance,ik_height,ori_l,ori_theta,best_index,best_cost,ac1,ac2,ac3
0.297,0.302,U12,MN8014,11.496122071425043,10.1242066369032,CPG,CPG,0.1,0.3205817634434413,0.2027474218816567,-0.2739116627963154,2,8.066583988982151,515.5,5.0,29.6
0.297,0.302,U12,MN8014,13.065703494061852,12.57329633162058,CPG,CPG,0.1,0.3623474701523241,0.20882153866900446,-0.3769757185701863,3,8.26093928968189,367.9,4.2,23.2
0.297,0.302,U10,MN8014,13.496241086670933,11.615551175565695,CPG,CPG,0.1,0.31997855189972896,0.20353719411491145,-0.14594289998043508,3,1.8055980663826894,511.8,5.1,29.5
0.297,0.302,U12,MN8014,14.63732340589052,11.527019237682085,CPG,CPG,0.1,0.3577635958637408,0.20212722982757161,0.08485234837637878,5,8.206312907662216,573.8,4.6,32.3
0.297,0.302,U12,MN8014,14.805362072557044,9.217410451276209,CPG,CPG,0.1,0.3869136992069291,0.2018925477924856,0.23806421428893354,2,2.8254133139876565,419.8,5.1,28.6
0.297,0.302,U10,MN8014,15.959825049114922,10.086649443739882,CPG,CPG,0.1,0.38509171580347723,0.20278314828037697,0.42324966802322006,0,1.4281260323735614,512.1,6.0,31.2
0.297,0.302,U10,VT8020,13.86344439921141,10.075614105837111,CPG,CPG,0.1,0.40481226180422564,0.22967778569469977,0.6725129990162753,6,1.102116667822239,606.0,6.5,33.5
0.297,0.302,U10,VT8020,11.270424595136681,9.383096476082954,CPG,CPG,0.1,0.396519599074549,0.2026705158881269,0.6588020935727523,6,0.7001304491517759,530.0,6.6,40.3
0.297,0.302,U10,VT8020,14.66845621417601,7.797271135020091,CPG,CPG,0.1,0.44882929080572886,0.21309031777052162,1.2130787328203234,3,0.43865930786346574,577.6,7.5,37.8
0.297,0.302,U10,MN8014,11.459266754347837,8.370403986702893,CPG,CPG,0.1,0.40229360060030517,0.22633492653204557,0.9723478107289618,0,0.3821252001277369,578.5,6.8,36.5
0.297,0.302,U8,VT8020,14.145244242048541,9.769871857857726,CPG,CPG,0.1,0.41711273941701565,0.29332265501334964,1.110888134733913,2,2.408294268043952,630.1,5.1,29.1
0.297,0.302,U10,MN8014,11.229123224795394,10.040582694555932,CPG,CPG,0.1,0.420226891208878,0.22447535437594,1.0337370860911679,2,0.01616619859312607,612.2,4.3,32.5
0.297,0.302,U10,MN8014,11.529814195753676,14.424606540022914,CPG,CPG,0.1,0.4386391741364354,0.2585318064890372,0.9912435998799038,4,0.45345541988941473,584.8,5.1,28.4
0.297,0.302,U10,MN8014,10.7305309967611,11.299600489453884,CPG,CPG,0.1,0.4229114537574362,0.2978564324235702,0.8388532340817876,5,1.1111869681182203,543.6,3.4,31.6
0.297,0.302,U10,MN8014,13.250621588424229,13.731919608291502,CPG,CPG,0.1,0.4025841593676775,0.21839860772194516,0.96821944071023,1,0.6782571709373801,636.9,4.2,27.2
0.297,0.302,U10,MN8014,8.60250837440424,14.139957810700121,CPG,CPG,0.1,0.43718494275942565,0.2787925585135175,1.3218787275176047,5,0.2827722193665192,647.3,2.7,22.9
0.297,0.302,U10,VT8020,9.987987325329378,16.74691130102371,CPG,CPG,0.1,0.447573094697611,0.28430477997122067,1.1473251209258066,6,0.9363013216781031,707.2,3.2,26.1
0.297,0.302,U10,MN8014,11.039149268195573,17.165888113568606,CPG,WPG,0.1,0.4447306125881405,0.26960269982868595,0.9142352385828918,1,0.8437370964213038,479.3,2.8,37.4
0.297,0.302,U10,MN8014,9.295559751752624,13.112150453095623,CPG,CPG,0.1,0.4694154726684795,0.2950281322491772,0.7959686439147231,6,0.38839560672906703,633.0,3.8,33.6
0.297,0.302,U10,MN8014,10.578239039341476,13.73259510111552,CPG,CPG,0.1,0.4265245494334612,0.25449734343809616,0.9173753851678348,6,0.3128319674482718,638.3,4.0,31.5
0.297,0.302,U8,MN8014,7.367965887020372,11.968484701976905,CPG,CPG,0.1,0.45810066549517836,0.3323143273857576,0.7369391807962331,7,0.04706391159940004,565.3,3.0,38.4
0.297,0.302,U8,MN8014,8.787476817598392,15.09276901635341,CPG,CPG,0.1,0.4735668891621916,0.33953069929199287,0.8159027278064146,0,-0.1571393623890689,694.4,3.9,38.1
0.297,0.302,U8,MN8014,4.379722582034672,13.001583358560636,CPG,CPG,0.1,0.475648496628709,0.26941470633017917,1.014739701201599,2,-0.33329983832416765,695.1,2.8,40.9
0.297,0.302,U8,MN8014,4.693695978809309,13.276287448099705,CPG,CPG,0.1,0.47297316666636136,0.20160277178702476,0.7909705347842073,4,0.19597728701992168,586.4,3.9,36.4
0.297,0.302,U8,VT8020,5.3994046211062825,10.912252286557749,CPG,CPG,0.1,0.454502556913974,0.20650115944696404,0.6884509724781722,7,0.11250566806942253,554.3,6.6,49.8
0.297,0.302,U8,VT8020,4.417971740745505,11.854713787614209,CPG,CPG,0.1,0.4356889647365003,0.2117616218851869,0.736361953776032,3,-0.1825382773871791,587.5,4.3,38.5
0.297,0.302,U10,VT8020,5.332384915134548,10.281328166132422,CPG,CPG,0.1,0.43541622975315153,0.244130154410755,0.7193603647362332,6,0.27185137122144454,548.3,3.8,41.8
0.297,0.302,U10,MAD_M6C12,4.313995202973822,15.780664821278753,CPG,CPG,0.1,0.4402815768581943,0.25487476641275253,0.9568745618719081,0,-0.4428133015768063,671.1,5.5,40.2
0.297,0.302,U10,MAD_M6C12,4.028557403483132,16.22701997937119,CPG,CPG,0.1,0.42915611367899564,0.23289926893729393,1.1149766633832332,4,-0.48678084574440206,565.4,6.4,36.1
0.297,0.302,U10,MAD_M6C12,5.93857775463777,16.557622437933848,SSPG,CPG,0.1,0.43593052480264827,0.29102823576955,1.162181532673515,1,-0.2830289410354414,618.7,6.2,28.7
0.297,0.302,U10,MAD_M6C12,5.728905507665289,13.908983237064495,SSPG,CPG,0.1,0.3743635448055815,0.20159739558502163,0.6980710948711764,7,0.3749293254957138,461.7,8.3,42.3
0.297,0.302,U10,MAD_M6C12,4.000258236205528,12.594181580263731,CPG,CPG,0.1,0.3784317470022447,0.20050716577109648,0.8968742680580268,6,-0.3371144388067995,556.2,7.5,35.4
0.297,0.302,U8,MAD_M6C12,4.04780192284631,17.92132855650476,CPG,WPG,0.1,0.4525167669264914,0.279404219809147,0.8147510657756323,5,-0.6769633296117474,646.4,7.0,22.9
0.297,0.302,U10,MAD_M6C12,4.479831912611789,17.113811412709662,CPG,WPG,0.1,0.41331711923615294,0.21466963391881133,1.2368957975007384,1,-0.4647256718209505,619.8,8.4,26.6
0.297,0.302,U8,MAD_M6C12,8.867883198931942,14.107428563447833,CPG,CPG,0.1,0.4202436556053269,0.2117134734622856,1.0047262549511737,7,-0.8612247524366454,500.7,9.2,32.5
0.297,0.302,U8,MAD_M6C12,7.873998282242409,13.072745979332812,CPG,CPG,0.1,0.42709581625274035,0.2524269362809822,0.6879044200487048,0,-0.8017961954538002,536.8,9.6,32.5
0.297,0.302,U8,MAD_M6C12,13.700965294451837,15.189589308229934,CPG,CPG,0.1,0.42509229114443486,0.21377961154987865,1.1411002660560032,1,-0.6685519249752341,549.0,9.7,28.8
0.297,0.302,U8,MAD_M6C12,6.557718747491345,15.345220122698569,CPG,CPG,0.1,0.43349488246672163,0.20013298117495953,1.5635506685621006,1,-0.8977081163446519,632.8,9.9,31.6
0.297,0.302,U8,MAD_M6C12,6.1595822663493,16.01676436755054,CPG,CPG,0.1,0.4451414377753391,0.2001937881645308,1.4953548617009549,1,-0.17870250224618633,744.4,9.1,33.3
0.297,0.302,U8,MAD_M6C12,6.433021853969207,15.162755827224789,CPG,CPG,0.1,0.4570971611838648,0.21531514387933065,1.5655274201287357,4,-0.7226291934634039,714.7,9.9,36.1
0.297,0.302,U8,MAD_M6C12,8.322276832305764,15.734896174014734,CPG,CPG,0.1,0.448734463504736,0.20716437791197323,1.5599173540041718,4,-0.7937576474406489,595.8,9.2,30.8
0.297,0.302,U8,MAD_M6C12,5.2154296721761835,18.210520585384405,SSPG,WPG,0.1,0.43133519414076305,0.22334716250297573,1.3261524466557502,4,-1.0832815665632367,651.4,9.9,29.0
0.297,0.302,U8,MAD_M6C12,4.000304329645667,16.10637120963257,CPG,WPG,0.1,0.4091978201980138,0.20152618985791063,1.1108053010819212,2,-1.2447465021605542,616.3,8.2,37.9
0.297,0.302,U8,MAD_M6C12,5.3011741007358,17.54164801073353,CPG,CPG,0.1,0.4289330132336982,0.24183326190374463,1.423949022703563,4,-1.1925069363743432,613.5,8.4,25.4
0.297,0.302,U8,MAD_M6C12,6.482655005506524,17.45785910781664,CPG,CPG,0.1,0.4335147498874856,0.235471469723781,1.1437825729124906,2,-1.068171905616568,656.3,10.0,33.9
0.297,0.302,U8,MAD_M6C12,4.9150209133182425,18.526951507766604,CPG,WPG,0.1,0.3977221925624498,0.22225220561157463,1.0948206628236266,2,-1.2374118266865626,652.6,7.9,29.2
0.297,0.302,U8,MAD_M6C12,4.483199398490498,18.27283701691132,CPG,WPG,0.1,0.3991432142804505,0.20175542209607472,1.367501389722586,2,-1.1741894062857448,726.7,7.8,29.9
0.297,0.302,U8,MAD_M6C12,4.758866042182694,19.6215546678563,CPG,WPG,0.1,0.41527099827089586,0.2052242217347995,1.511507836439265,7,-1.3475501937353638,741.1,7.1,21.1
0.297,0.302,U8,MAD_M6C12,4.961934315081146,19.3477056818127,CPG,WPG,0.1,0.4042962655083623,0.23288668462398088,1.5511796588929228,6,-1.3678933091850567,763.6,7.1,27.1
0.297,0.302,U8,MAD_M6C12,4.2123173637794595,19.03503128932628,CPG,WPG,0.1,0.4225251649257796,0.2109827296658416,1.403407025562895,3,-1.3611441769801562,767.2,7.7,24.7
0.297,0.302,U8,MAD_M6C12,4.512575239110959,21.962378637068916,CPG,WPG,0.1,0.4322221285805373,0.21822584407583107,1.5469486084281914,6,-1.3618909929837884,844.0,9.4,17.1
0.297,0.302,U8,MAD_M6C12,4.397102464874802,20.568463173143336,CPG,WPG,0.1,0.42954852084465706,0.20051806869175876,1.5701356487744014,5,-1.3678707078450998,764.0,9.0,21.8
0.297,0.302,U8,MAD_M6C12,4.031170553434374,20.80753547051992,CPG,WPG,0.1,0.4189926520502857,0.22201163843967517,1.464002112083917,1,-1.326112543910659,781.9,9.1,20.3
0.297,0.302,U8,MAD_M6C12,4.496726094421062,21.356153266383114,CPG,WPG,0.1,0.4222204033304051,0.21442704073037402,1.1328482271922367,1,-1.5032215721727837,806.8,8.1,15.6
0.297,0.302,U8,MAD_M6C12,4.633756878486566,21.307599989719403,CPG,WPG,0.1,0.41162290976263927,0.2000142421070323,1.3145771947895657,7,-1.4729549323088467,824.0,7.9,12.1
0.297,0.302,U8,MAD_M6C12,4.454580090311489,21.50622587079013,CPG,WPG,0.1,0.4243843380371617,0.20278437382983588,1.569255122751965,2,-1.4063741587793572,835.5,9.2,14.8
0.297,0.302,U8,MAD_M6C12,4.179865061977972,21.689606420761592,CPG,WPG,0.1,0.42293823636186545,0.2000820145568805,1.566872056800181,3,-1.4145012354946456,850.2,7.8,12.4
0.297,0.302,U8,MAD_M6C12,4.1257253712101765,22.523639390922984,CPG,WPG,0.1,0.41932579067240394,0.20770811246968793,1.5209818808071192,5,-1.4864113185617231,886.4,8.0,11.3
0.297,0.302,U8,MAD_M6C12,4.012725877380247,23.061615414591774,CPG,WPG,0.1,0.4102111911470955,0.20170830584932395,1.2330838761211145,3,-1.3172877379775354,865.3,9.1,14.0
0.297,0.302,U8,MAD_M6C12,4.049109161776522,22.475391682862547,CPG,WPG,0.1,0.419703777433047,0.224265713852082,1.3110606521929573,2,-1.5257273600038168,885.2,7.6,17.1
0.297,0.302,U8,MAD_M6C12,4.014322162257904,21.003374342055828,CPG,WPG,0.1,0.42130380487288055,0.20715667002452776,1.1668382422837644,6,-1.48910072488116,845.4,7.8,12.3
0.297,0.302,U8,MAD_M6C12,4.00265933271418,21.260620324128826,CPG,WPG,0.1,0.4318776615986368,0.2022793087360786,0.643385320545184,7,-1.4699922122686502,846.3,8.2,13.1
0.297,0.302,U8,MAD_M6C12,4.497232057795291,21.363417633672952,CPG,WPG,0.1,0.4415150175967334,0.20128872997999606,1.1856958755147078,2,-1.3375988619386465,810.5,7.5,10.0
0.297,0.302,U8,MAD_M6C12,4.022560813220713,21.61577684214179,CPG,WPG,0.1,0.43709334318221615,0.20301056904228826,1.0118438929045648,6,-1.377240685842592,883.4,6.4,14.9
0.297,0.302,U8,MAD_M6C12,4.017328507173805,23.733111631251813,CPG,WPG,0.1,0.4368749438656026,0.2145903889050603,0.8859246160835803,7,-1.3390659702763479,929.5,5.8,13.7
0.297,0.302,U8,MAD_M6C12,4.002360835183568,22.689448847536944,CPG,WPG,0.1,0.44528575712000373,0.2140204405817004,0.5667457365777282,5,-1.1847307028709562,814.9,7.9,13.8
0.297,0.302,U8,MAD_M6C12,4.457596000529,22.69484774657306,CPG,WPG,0.1,0.4321080118226801,0.20006041626497567,0.8654370587332005,5,-1.491077640380361,894.1,7.6,14.7
0.297,0.302,U8,MAD_M6C12,4.000923176530171,24.197174575241487,CPG,WPG,0.1,0.4216807205945982,0.20285487783656422,0.5261067074545389,3,-1.3891236680951753,908.6,7.1,14.5
0.297,0.302,U8,MAD_M6C12,4.829434975214578,22.44547796284365,CPG,WPG,0.1,0.4185461049202643,0.2007685877908533,0.10739208943757039,2,-1.3714659220033223,906.1,7.4,23.8
0.297,0.302,U8,MAD_M6C12,4.762319310660769,20.989361170911877,CPG,WPG,0.1,0.42311001667332865,0.20215827772875392,0.04706294321966675,3,-1.3678756333102946,865.0,8.9,27.8
0.297,0.302,U8,MAD_M6C12,5.2265361676245305,22.967955118089197,SSPG,WPG,0.1,0.4295442587913374,0.21417022818236886,0.33579428632785113,7,-1.2022328517279934,905.8,8.8,20.0
0.297,0.302,U8,MAD_M6C12,4.017758395080749,22.001181104020024,CPG,WPG,0.1,0.4363943054706957,0.24166897826205144,0.3961993164344715,2,-1.2114926450524806,952.6,8.7,11.5
0.297,0.302,U8,MAD_M6C12,4.0362886261620625,19.80034808200304,CPG,WPG,0.1,0.41749749327823493,0.20433052518764702,0.13397017250760035,7,-1.372490677147395,941.0,9.1,22.1
0.297,0.302,U8,MAD_M6C12,4.080415962345261,19.95379855297245,CPG,WPG,0.1,0.42243732593993943,0.20621796318113078,0.2091127542186646,4,-1.4037475684676153,974.9,9.5,23.8
0.297,0.302,U8,MAD_M6C12,4.089272845229577,20.95738725404751,CPG,WPG,0.1,0.4142160685058795,0.20074969494153935,-0.20306083907408579,6,-1.4501154620360186,926.6,8.8,26.5
0.297,0.302,U8,MAD_M6C12,4.062624209222345,20.376579346153157,CPG,WPG,0.1,0.4267053904615453,0.2071617663536461,0.06635945673548305,2,-1.3868220438748704,987.9,6.8,24.3
0.297,0.302,U8,MAD_M6C12,4.038213862313572,20.408839109939024,CPG,WPG,0.1,0.42878424079384536,0.20000473341353014,-0.08730166516699578,6,-1.3705165585321097,967.1,8.6,25.6
0.297,0.302,U8,MAD_M6C12,4.165899140667611,22.475694821717823,CPG,WPG,0.1,0.4367343362061838,0.2093078239379146,0.2831384455256911,0,-1.4635470531203651,936.6,7.9,19.1
0.297,0.302,U8,MAD_M6C12,4.013475910544541,20.140408664419553,CPG,WPG,0.1,0.44141198485726846,0.2007124947314403,0.34077398688131444,5,-1.3072863082637074,937.8,8.1,18.8
0.297,0.302,U8,MAD_M6C12,4.203400460887831,21.657424383663468,CPG,WPG,0.1,0.4258683552581546,0.20666994423331264,0.40925853760054665,1,-1.52253633332184,966.7,6.4,16.8
0.297,0.302,U8,MAD_M6C12,4.001826687238575,22.447379426893374,CPG,WPG,0.1,0.4302087362896556,0.20754412131763772,0.28603265497466657,0,-1.545231961125177,977.1,7.0,19.9
0.297,0.302,U8,MAD_M6C12,4.535176674977802,22.35091437748824,CPG,WPG,0.1,0.42579751774667346,0.20000075796500782,-0.08896131660783113,2,-1.5132566992566208,962.2,6.7,22.0
0.297,0.302,U8,MAD_M6C12,4.233708130602158,23.6216878815858,CPG,WPG,0.1,0.420924859950633,0.20117687662267542,0.2937555437069026,1,-1.539367188879467,982.3,6.5,19.2
0.297,0.302,U8,MAD_M6C12,4.567119821573133,23.320142093109748,CPG,WPG,0.1,0.4213217287457289,0.2011775903907102,0.3961557281899777,5,-1.5392594653496072,991.9,7.3,20.0
0.297,0.302,U8,MAD_M6C12,4.173295785547533,22.689030863081996,CPG,WPG,0.1,0.41441376731250407,0.20934593683840394,0.3282057640013736,5,-1.4835173518758875,991.0,6.6,19.6
0.297,0.302,U8,MAD_M6C12,4.0242302665146195,23.767618454142777,CPG,WPG,0.1,0.42884948613207013,0.20070045581770446,-0.02902578935481892,5,-1.5220494988182587,990.9,6.6,20.5
0.297,0.302,U8,MAD_M6C12,4.35300119877901,23.776774105770652,CPG,WPG,0.1,0.4287076471518639,0.20194446729139487,0.2987276870586455,6,-1.5343445507729658,996.9,6.3,17.2
0.297,0.302,U8,MAD_M6C12,4.004841372043667,23.565186074142254,CPG,WPG,0.1,0.42448107349383,0.20228594640423947,0.3391106710737861,0,-1.555380114073408,991.7,7.4,19.8
0.297,0.302,U8,MAD_M6C12,4.384488368249794,23.561743145662927,CPG,WPG,0.1,0.41624112113420886,0.20156413076768978,0.5121302606981804,4,-1.52772048811579,999.9,7.4,17.0
0.297,0.302,U8,MAD_M6C12,4.099970848120718,22.771404677044583,CPG,WPG,0.1,0.4226501995496802,0.20008632605545956,0.44597314423646806,6,-1.568285169940392,997.1,6.9,20.0
0.297,0.302,U8,MAD_M6C12,4.012486949658362,22.736258733826645,CPG,WPG,0.1,0.4186690501541016,0.20008140271488742,0.5418477060524318,7,-1.5090193043672713,998.5,7.1,17.9
0.297,0.302,U8,MAD_M6C12,4.000937794564005,22.797680575339268,CPG,WPG,0.1,0.41860440574839686,0.20016176139148137,0.5543880372592858,7,-1.5822338875583881,996.0,7.1,17.8
0.297,0.302,U8,MAD_M6C12,4.005054477507667,22.847661655655497,CPG,WPG,0.1,0.4250512452071209,0.2010977764080007,0.7104634710599793,5,-1.5218397453265329,992.1,6.7,17.5
0.297,0.302,U8,MAD_M6C12,4.09008787404369,22.824297849475133,CPG,WPG,0.1,0.41701165346567826,0.20003864904326496,1.0372479520541176,0,-1.5440816711479943,968.5,6.3,18.0
0.297,0.302,U8,MAD_M6C12,4.026105143775799,22.838335703473604,CPG,WPG,0.1,0.4219002499686935,0.20818929872756242,0.6786043798343986,4,-1.5699198042371219,983.9,8.0,20.6
0.297,0.302,U8,MAD_M6C12,4.041618295319741,22.72223969513992,CPG,WPG,0.1,0.4261007240668166,0.22747888473447908,0.9347006936528222,6,-1.5530676715786296,996.9,8.4,19.9
0.297,0.302,U8,MAD_M6C12,4.123257360596099,23.625778243740363,CPG,WPG,0.1,0.42491691761342265,0.21168404432087082,1.0033319585942704,4,-1.5388285934574366,971.5,8.4,17.4
0.297,0.302,U8,MAD_M6C12,4.005712228857086,24.6555820194035,CPG,WPG,0.1,0.42085636051341213,0.2260850875383336,0.8795411086224858,3,-1.473434803648919,970.1,8.7,15.3
0.297,0.302,U8,MAD_M6C12,4.033609706948781,24.69870911964085,CPG,WPG,0.1,0.4255160647303337,0.21292894849772656,0.9432068918225314,7,-1.5612108312377035,983.6,9.3,13.8
0.297,0.302,U8,MAD_M6C12,4.003594332355317,22.56267902678779,CPG,WPG,0.1,0.427945591231249,0.22324909937066456,0.7663452006366858,6,-1.4842456837208555,948.7,9.9,22.1
0.297,0.302,U8,MAD_M6C12,4.011436551305752,22.60005724551191,CPG,WPG,0.1,0.4297889626018595,0.21275386555382142,1.092351890122095,2,-1.4497683909461063,972.9,9.4,17.9
0.297,0.302,U8,MAD_M6C12,4.191351165973436,21.261577584535214,CPG,WPG,0.1,0.4344338397539823,0.2370324061419138,0.9341701722341793,5,-1.4467557908315847,977.1,9.2,18.0
0.297,0.302,U8,MAD_M6C12,4.01322575161333,23.014065409175476,CPG,WPG,0.1,0.43097950230756943,0.2061789460923536,0.7435896114863625,2,-1.552755173475223,959.0,9.0,20.0
0.297,0.302,U8,MAD_M6C12,4.003346801969188,22.654145382995097,CPG,WPG,0.1,0.4281919076894323,0.2120848815601996,0.7759739713457354,7,-1.539607148990175,994.3,8.8,17.3
0.297,0.302,U8,MAD_M6C12,4.0003875301189185,23.567111997391503,CPG,WPG,0.1,0.42317908095514556,0.20023461859003305,0.6598727211657094,0,-1.5720605418992406,998.8,8.2,18.9
0.297,0.302,U8,MAD_M6C12,4.0127469129559,23.292814196662082,CPG,WPG,0.1,0.4227191096050801,0.20020717774375385,0.459311962945566,4,-1.5172149454002728,999.9,7.4,20.1
0.297,0.302,U8,MAD_M6C12,4.065487130700911,23.676089594454965,CPG,WPG,0.1,0.4213662830389518,0.20711740756765057,0.5350747286339095,0,-1.5157877141591296,996.2,7.3,18.4
0.297,0.302,U8,MAD_M6C12,4.467909820305303,22.412283448423523,CPG,WPG,0.1,0.4273333691153076,0.20000247855110725,0.5009798042889435,2,-1.4850891470171526,998.6,7.4,21.4
0.297,0.302,U8,MAD_M6C12,4.163051797236023,23.330271721425742,CPG,WPG,0.1,0.4305240032065245,0.20002272986545325,0.6383802008017567,6,-1.5220748720834472,998.1,7.7,20.0
0.297,0.302,U8,MAD_M6C12,4.4551012950951625,23.554035101076412,CPG,WPG,0.1,0.4240582305639764,0.20040520876325296,0.4207549050496171,1,-1.451153379672009,995.2,7.6,21.5
0.297,0.302,U8,MAD_M6C12,4.198925797386294,24.023104188207576,CPG,WPG,0.1,0.42536443684498026,0.2005131918999471,0.5603179999347563,1,-1.5646248526230817,999.8,7.5,18.1
0.297,0.302,U8,MAD_M6C12,4.0823522138653425,23.32107544214825,CPG,WPG,0.1,0.43106572949820665,0.20200399355607074,0.6626980373228681,1,-1.5193943475408762,999.6,8.8,20.3
0.297,0.302,U8,MAD_M6C12,4.009623744485956,22.686294395408616,CPG,WPG,0.1,0.4293006284875751,0.20048812404241892,0.4099310416127564,5,-1.5168298750809068,998.9,7.9,21.7
0.297,0.302,U8,MAD_M6C12,4.006645037167765,22.750720676852044,CPG,WPG,0.1,0.423522511998319,0.2024069214409726,0.5668134301823327,7,-1.5797497805225937,998.1,8.0,20.4
0.297,0.302,U8,MAD_M6C12,4.009343260382758,22.846896704332572,CPG,WPG,0.1,0.43506337545663804,0.20415044006298588,0.5604025810949773,1,-1.5207416150940833,999.1,7.9,19.7
0.297,0.302,U8,MAD_M6C12,4.018704830607411,22.543918310600258,CPG,WPG,0.1,0.43032656931687857,0.20023500362737856,0.6002973955008719,4,-1.4783201221519846,997.5,6.9,19.1
0.297,0.302,U8,MAD_M6C12,4.089790792777836,22.702314522191383,CPG,WPG,0.1,0.43052080754193756,0.20002622323350028,0.22685163356151805,2,-1.4918691896672218,991.6,7.4,21.4
0.297,0.302,U8,MAD_M6C12,4.026470636464701,22.770645383119497,CPG,WPG,0.1,0.42918681487072374,0.20000081188077792,0.48339425308504635,0,-1.499624381653339,999.8,7.3,18.6
0.297,0.302,U8,MAD_M6C12,4.0009276419393025,22.80011442746435,CPG,WPG,0.1,0.4273118015343536,0.20079854994315596,0.40619484152306606,7,-1.5187266699019464,999.5,8.0,20.0
0.297,0.302,U8,MAD_M6C12,4.040775789128009,22.827654616934456,CPG,WPG,0.1,0.4261984230925329,0.20213590760588118,0.30350365697012927,1,-1.5308107290856352,996.9,7.7,20.9
0.297,0.302,U8,MAD_M6C12,4.222343371569746,22.78089191907269,CPG,WPG,0.1,0.4256384037894475,0.20013148136598105,0.2593858499555448,2,-1.561610773533415,995.1,7.5,21.9
0.297,0.302,U8,MAD_M6C12,4.204194834652529,22.368595003498502,CPG,WPG,0.1,0.42582357566308104,0.2001552628080436,0.18389448831520716,7,-1.5151242136745804,987.7,7.4,23.1
0.297,0.302,U8,MAD_M6C12,4.464715379924782,22.502531226355096,CPG,WPG,0.1,0.41820773959898305,0.20003594955836956,0.2502697131904257,0,-1.5350632089299143,981.9,7.5,24.8
0.297,0.302,U8,MAD_M6C12,4.498619949411362,22.446549191177557,CPG,WPG,0.1,0.42434013827414185,0.20077502047504722,0.2561702708033844,3,-1.5217541183804197,992.8,7.5,24.3
0.297,0.302,U8,MAD_M6C12,4.44918442548737,22.963335251338478,CPG,WPG,0.1,0.41981005585682674,0.20101142725384685,0.3303453229753852,7,-1.506704687102335,991.8,7.3,24.6
0.297,0.302,U8,MAD_M6C12,4.592826487321158,22.747637236871142,CPG,WPG,0.1,0.41490479761472476,0.201293677286902,0.11964204399785405,0,-1.5155170227382797,972.3,7.1,26.9
0.297,0.302,U8,MAD_M6C12,4.165746347245732,23.665285759602146,CPG,WPG,0.1,0.4184407793223658,0.2018255635201858,0.41747137883611063,7,-1.485964963448323,980.7,7.2,22.2
0.297,0.302,U8,MAD_M6C12,4.027860639748842,22.992062600593062,CPG,WPG,0.1,0.4196986361059859,0.20004289669334416,0.25185788838409917,6,-1.5306345982301135,979.0,7.7,23.4
0.297,0.302,U8,MAD_M6C12,4.019775901365527,22.394839598684634,CPG,WPG,0.1,0.42269139929075367,0.20195494578825776,0.3173977848322209,5,-1.52849441199362,992.9,7.2,22.8
0.297,0.302,U8,MAD_M6C12,4.000663446792138,22.978963477847184,CPG,WPG,0.1,0.42633785731922363,0.2041715439128072,0.48090293045617294,5,-1.501136290834161,995.3,7.7,22.4
0.297,0.302,U8,MAD_M6C12,4.083824153070817,22.827813216835253,CPG,WPG,0.1,0.4221267197077202,0.20435194741843468,0.7070866058873406,7,-1.5753923979813873,996.1,7.7,19.5
0.297,0.302,U8,MAD_M6C12,4.262824294683627,22.802971279590068,CPG,WPG,0.1,0.42465670870483835,0.20656661832848683,0.5432445755974697,6,-1.4375904056149214,997.7,8.3,22.7
0.297,0.302,U8,MAD_M6C12,4.5383957645606126,22.796126430149762,CPG,WPG,0.1,0.4251078210688109,0.2046555854473059,0.48978214613435034,2,-1.5575412126066777,993.3,8.4,23.7
0.297,0.302,U8,MAD_M6C12,4.1122002779806115,22.67165215338325,CPG,WPG,0.1,0.42372015816637754,0.20205636889850384,0.23124102483373,6,-1.49068149909753,991.9,8.6,23.5
0.297,0.302,U8,MAD_M6C12,4.200994704164518,21.02070177991379,CPG,WPG,0.1,0.42906012266866167,0.20395962075002064,-0.08915531875391647,5,-1.515431027888118,975.0,8.5,26.3
0.297,0.302,U8,MAD_M6C12,4.001172745646993,21.353692208018842,CPG,WPG,0.1,0.42555142856503747,0.21039984661192573,0.475767970073238,1,-1.534765898915376,997.7,8.3,24.7
0.297,0.302,U8,MAD_M6C12,4.139059846599226,21.16882281961779,CPG,WPG,0.1,0.42946047142273847,0.2063167856477452,0.26102734999807375,4,-1.4602040049966796,998.8,9.2,27.0
0.297,0.302,U8,MAD_M6C12,4.092312317811126,22.420493062316666,CPG,WPG,0.1,0.4246751725899294,0.20002043225343238,0.45409578411575247,2,-1.505635096086218,998.7,8.6,20.8
0.297,0.302,U8,MAD_M6C12,4.051289815468488,22.781376519489488,CPG,WPG,0.1,0.42788562536728736,0.20362171369657386,0.4646661357062616,7,-1.5381594129481115,995.0,8.3,22.3
0.297,0.302,U8,MAD_M6C12,4.058126962792858,22.828533858474728,CPG,WPG,0.1,0.4258688203472698,0.2042832036688164,0.35813426761077327,4,-1.554618662900614,994.7,7.6,22.1
0.297,0.302,U8,MAD_M6C12,4.06678690237263,22.954532010932905,CPG,WPG,0.1,0.424701234209907,0.20064633175488658,0.27971430654653506,5,-1.5136551632280533,997.6,7.9,22.7
0.297,0.302,U8,MAD_M6C12,4.095044146164475,23.04806474692968,CPG,WPG,0.1,0.42575537493766336,0.20312739873450109,0.4558423977913435,4,-1.5050033837947492,997.5,8.4,21.5
0.297,0.302,U8,MAD_M6C12,4.047634079609805,23.623886917170793,CPG,WPG,0.1,0.42053674753502945,0.2003142454920436,0.4706698193267713,1,-1.5785511143865314,986.7,7.7,21.5
0.297,0.302,U8,MAD_M6C12,4.016213720040586,23.5600353577913,CPG,WPG,0.1,0.4259028464206337,0.20166904160222435,0.5175670610911602,3,-1.5435418908513725,969.9,7.6,19.7
0.297,0.302,U8,MAD_M6C12,4.045643941018732,22.730967859861618,CPG,WPG,0.1,0.4207659623547403,0.22063773210116505,0.520830161816678,0,-1.5243522396642692,986.6,6.6,21.0
0.297,0.302,U8,MAD_M6C12,4.034384520140927,22.757941230131017,CPG,WPG,0.1,0.4258510276513018,0.2243581345397725,0.6138290160125397,0,-1.545459535050746,970.4,7.7,20.0
0.297,0.302,U8,MAD_M6C12,4.215628599661796,22.772039058661,CPG,WPG,0.1,0.43298833283217664,0.21689709372585075,0.7887274496853229,5,-1.5254646065900772,908.7,8.2,19.4
0.297,0.302,U8,MAD_M6C12,4.197856679996936,23.283968982501023,CPG,WPG,0.1,0.4283362031814152,0.2153678092871034,0.5565675550340674,7,-1.495292742242972,977.6,7.1,21.9
0.297,0.302,U8,MAD_M6C12,4.006868465288662,23.315296761584957,CPG,WPG,0.1,0.43110135039168695,0.2064598551517568,0.6939272247105346,1,-1.5297187442457485,950.1,7.4,19.1
0.297,0.302,U8,MAD_M6C12,4.029197950322526,22.700121456496735,CPG,WPG,0.1,0.42879208690973225,0.2068740997581404,0.7897959515897113,1,-1.5213313740178318,930.1,7.2,22.6
0.297,0.302,U8,MAD_M6C12,4.005638406615763,22.969946147142718,CPG,WPG,0.1,0.433273487087509,0.20637308951130703,0.7304224252657718,3,-1.513486577673394,942.7,7.7,20.9
0.297,0.302,U8,MAD_M6C12,4.045873379072672,22.726366187155634,CPG,WPG,0.1,0.43201662975325617,0.22143173834226956,0.866487759153511,3,-1.4869775868672814,935.5,6.9,20.8
0.297,0.302,U8,MAD_M6C12,4.040043415329807,22.44317497290809,CPG,WPG,0.1,0.4319206846692757,0.22411961312105091,0.8113582703645874,1,-1.5084148588782842,953.4,6.6,22.2
0.297,0.302,U8,MAD_M6C12,4.000102710696074,22.82467627836194,CPG,WPG,0.1,0.42322315794373605,0.215531302887404,0.9743665516533699,6,-1.5628801543721753,914.7,6.8,20.0
0.297,0.302,U8,MAD_M6C12,4.000443216572244,22.52294538866795,CPG,WPG,0.1,0.4257173203204908,0.20495832199373518,0.8611812961778877,3,-1.5196275446858767,931.3,6.7,21.4
0.297,0.302,U8,MAD_M6C12,4.001691919452982,22.76854927523957,CPG,WPG,0.1,0.4233057599723476,0.20704188724064698,0.6504045256701225,7,-1.5842346499242108,971.0,6.2,20.7
0.297,0.302,U8,MAD_M6C12,4.039606970928063,22.79226986996208,CPG,WPG,0.1,0.4257990582833253,0.2077925597841956,0.769960893006449,4,-1.5655253154031588,963.8,6.9,21.3
0.297,0.302,U8,MAD_M6C12,4.029075044233013,22.715534574628283,CPG,WPG,0.1,0.4267810241601055,0.21277661637317413,0.7822980162606097,3,-1.532830374897756,951.9,6.6,21.1
0.297,0.302,U8,MAD_M6C12,4.0049911208234805,22.717320863283675,CPG,WPG,0.1,0.4259424410408341,0.21282979189423362,0.7441964563317636,0,-1.5351693032268976,959.5,6.7,21.1
0.297,0.302,U8,MAD_M6C12,4.016051416527696,22.84917710902568,CPG,WPG,0.1,0.43023561744320993,0.21108863008346912,0.7760853615420458,1,-1.5894727787777914,950.9,6.6,21.1
0.297,0.302,U8,MAD_M6C12,4.025441337544499,22.718877076629973,CPG,WPG,0.1,0.4279886583185176,0.22126725011650789,0.6605314061316174,3,-1.5278867307256423,978.3,6.6,22.0
0.297,0.302,U8,MAD_M6C12,4.006880397170977,22.541501523763365,CPG,WPG,0.1,0.4230281630218936,0.20721090752084914,0.7398538499748453,6,-1.5495717964469158,974.8,6.3,21.1
0.297,0.302,U8,MAD_M6C12,4.002379884082014,22.53093731436009,CPG,WPG,0.1,0.4218417736511845,0.2041743817619548,0.7150185662570463,1,-1.556728427711855,972.4,6.2,21.3
0.297,0.302,U8,MAD_M6C12,4.001955115870342,22.414610786077606,CPG,WPG,0.1,0.41892627894442636,0.20825659947541725,0.6002920120961508,0,-1.5297636603798548,990.7,6.1,22.7
0.297,0.302,U8,MAD_M6C12,4.012905738533788,22.391457601746872,CPG,WPG,0.1,0.42217169466578264,0.21285889291982976,0.6233685459631442,5,-1.5308831911081011,982.2,6.3,22.2
0.297,0.302,U8,MAD_M6C12,4.000208114942951,22.482997965635786,CPG,WPG,0.1,0.4236794448289642,0.21518457482545367,0.6334798211291548,0,-1.5543873816049079,977.0,6.7,22.3
0.297,0.302,U8,MAD_M6C12,4.004437803820027,22.78213709175782,CPG,WPG,0.1,0.41812052715678544,0.2132512096751955,0.5583328821396418,1,-1.5523826365295612,977.2,6.4,22.4
0.297,0.302,U8,MAD_M6C12,4.012635525366309,22.801251671762028,CPG,WPG,0.1,0.4212191408446836,0.20484503554862316,0.6669598811343254,5,-1.5723074331880031,950.0,6.6,20.9
0.297,0.302,U8,MAD_M6C12,4.00181660587053,22.838854614244916,CPG,WPG,0.1,0.4204232831752204,0.20584378725994953,0.7662151926610186,6,-1.5686528831122697,945.2,6.3,19.8
0.297,0.302,U8,MAD_M6C12,4.005085751667131,22.82935490706856,CPG,WPG,0.1,0.41944237074428037,0.20245010263291338,0.5629616484835709,0,-1.5844775887023612,967.1,6.3,19.9
0.297,0.302,U8,MAD_M6C12,4.008849398703145,22.77253212717253,CPG,WPG,0.1,0.4140403020885841,0.2084165539471193,0.6479138401906779,0,-1.5487864947953973,977.6,6.4,20.7
0.297,0.302,U8,MAD_M6C12,4.007188834264348,22.75281791256295,CPG,WPG,0.1,0.4155252127555783,0.20239033446461008,0.474853121382099,3,-1.5310005967286902,985.6,6.0,20.9
0.297,0.302,U8,MAD_M6C12,4.003997922769956,22.37626509909435,CPG,WPG,0.1,0.4162717734903543,0.20638192471882752,0.5106933214293217,3,-1.4898714123811132,983.8,6.3,22.1
0.297,0.302,U8,MAD_M6C12,4.006382314176061,22.453478772505925,CPG,WPG,0.1,0.41728541469683644,0.21227441956137022,0.6650000679913064,0,-1.5112389616730937,978.8,6.6,22.4
0.297,0.302,U8,MAD_M6C12,4.000835745768083,22.353487653331182,CPG,WPG,0.1,0.41797465847078297,0.21404410353198758,0.5192425979700315,1,-1.5445033824672745,991.9,6.4,23.5
0.297,0.302,U8,MAD_M6C12,4.000052309258993,22.796888350767013,CPG,WPG,0.1,0.4188318227785115,0.21535853644047243,0.5688978172325463,1,-1.5742149131783112,992.2,6.7,21.9
0.297,0.302,U8,MAD_M6C12,4.00260303771838,22.96368876680698,CPG,WPG,0.1,0.42110809641045643,0.21431817801034483,0.4956516004621925,0,-1.5282923708935439,994.6,7.0,23.2
0.297,0.302,U8,MAD_M6C12,4.01745055952285,22.830026678577802,CPG,WPG,0.1,0.41522327302986617,0.21488891667290502,0.5587401167535275,2,-1.5542731179969689,990.8,6.4,22.8
0.297,0.302,U8,MAD_M6C12,4.011411470888109,23.30832550507864,CPG,WPG,0.1,0.4177106107784537,0.21316535116973795,0.5242261049227706,0,-1.480538962969426,995.1,6.4,22.1
0.297,0.302,U8,MAD_M6C12,4.001596351840534,23.000608264211756,CPG,WPG,0.1,0.4200550757417185,0.20990955789302865,0.534960794416961,1,-1.5286955952090455,992.1,6.7,22.8
0.297,0.302,U8,MAD_M6C12,4.118324805933647,22.757463378248218,CPG,WPG,0.1,0.41951841146231084,0.2229182916378011,0.4650064573954267,4,-1.5341105043922632,999.9,6.8,24.7
0.297,0.302,U8,MAD_M6C12,4.032867044636905,22.754196566420493,CPG,WPG,0.1,0.4159199729752025,0.20829853352487432,0.43711432678490647,3,-1.5527159419119414,998.3,6.3,23.7
0.297,0.302,U8,MAD_M6C12,4.102157169849534,22.75416373585261,CPG,WPG,0.1,0.41738824753847015,0.2109403007237993,0.4043990584701689,4,-1.5561889319993956,999.7,6.2,25.1
0.297,0.302,U8,MAD_M6C12,4.165634942424617,22.771023051569358,CPG,WPG,0.1,0.41745448031906174,0.2144837403676405,0.2978608643041716,6,-1.566248331507671,999.4,6.4,25.1
0.297,0.302,U8,MAD_M6C12,4.019648266228578,22.82361685175605,CPG,WPG,0.1,0.4165906436791345,0.21519859437062813,0.3332261304051274,3,-1.5591382121943127,1000.0,6.3,24.3
0.297,0.302,U8,MAD_M6C12,4.022814770823216,22.786477450239023,CPG,WPG,0.1,0.4201980466951717,0.2124616033964953,0.39831584943125464,2,-1.5883683980124204,999.0,6.3,24.1
0.297,0.302,U8,MAD_M6C12,4.010146832741975,22.8229861972491,CPG,WPG,0.1,0.42075143543197413,0.2179342416165887,0.4433736187774975,2,-1.577756176845451,999.5,6.4,23.8
0.297,0.302,U8,MAD_M6C12,4.006067658269906,22.819897761248836,CPG,WPG,0.1,0.42135433318541726,0.22024102524052253,0.4247170722276521,7,-1.5997471050932575,999.9,6.4,24.2
0.297,0.302,U8,MAD_M6C12,4.007246882287799,22.79693506710412,CPG,WPG,0.1,0.42128959580413056,0.21883765138077654,0.38890425275407026,2,-1.606181560481934,1000.0,6.5,24.7
0.297,0.302,U8,MAD_M6C12,4.000939724898965,22.79238318756042,CPG,WPG,0.1,0.42136559764089754,0.21654743833533024,0.5154658243004251,1,-1.5779436661819854,994.6,6.8,24.1
0.297,0.302,U8,MAD_M6C12,4.010106901615516,22.777508202663455,CPG,WPG,0.1,0.42108228286546195,0.22091634356107423,0.6048842363422096,5,-1.5905529349515088,997.2,6.5,22.8
0.297,0.302,U8,MAD_M6C12,4.028416827057409,22.76594318234462,CPG,WPG,0.1,0.4228769687785747,0.22380831500299667,0.6371031116985337,1,-1.5900854416755816,992.4,6.7,22.7
0.297,0.302,U8,MAD_M6C12,4.005720941931746,22.847131699279373,CPG,WPG,0.1,0.4222281286272574,0.22525417764669323,0.6012093632155544,7,-1.586552154200163,989.7,6.7,22.9
0.297,0.302,U8,MAD_M6C12,4.000841220469531,22.75018975303423,CPG,WPG,0.1,0.4233464133217151,0.22990019886639632,0.4639331594105047,2,-1.5487759177360783,999.8,7.0,23.4
0.297,0.302,U8,MAD_M6C12,4.009030526323034,22.77434628707257,CPG,WPG,0.1,0.42062104895786556,0.21932949197291624,0.5487781340626476,3,-1.5796433352471553,989.1,6.6,22.3
0.297,0.302,U8,MAD_M6C12,4.001370632011843,22.846279606007254,CPG,WPG,0.1,0.42116062853806163,0.2242874871777348,0.4335330091532872,5,-1.5577448703707368,998.8,6.6,24.3
0.297,0.302,U8,MAD_M6C12,4.013960791773266,22.81996458221796,CPG,WPG,0.1,0.4226031454102059,0.229454225239112,0.5800137753079784,0,-1.5428443306842965,992.1,7.0,22.9
0.297,0.302,U8,MAD_M6C12,4.003224815304007,22.77256218365001,CPG,WPG,0.1,0.42349446476974695,0.22134029733821478,0.6218721677452703,0,-1.5765569634195078,986.2,6.8,22.2
0.297,0.302,U8,MAD_M6C12,4.00021279975629,22.82561724661,CPG,WPG,0.1,0.4191599427553879,0.21521195252895828,0.5162926397273924,7,-1.5742671938036175,993.8,6.5,23.1
0.297,0.302,U8,MAD_M6C12,4.000565796161739,22.849639181506703,CPG,WPG,0.1,0.41984153689971415,0.21849906663189134,0.622133108207561,5,-1.5882080201849238,988.0,6.5,22.5
0.297,0.302,U8,MAD_M6C12,4.000000053168971,22.774946710311273,CPG,WPG,0.1,0.4186198322629,0.21291124043932078,0.5189903656682944,4,-1.592568684368441,989.9,6.6,22.7
0.297,0.302,U8,MAD_M6C12,4.003786239213791,22.777662916887603,CPG,WPG,0.1,0.4207579760558092,0.21329992688782648,0.5655982983747672,0,-1.5818134584852075,987.0,6.6,22.7
0.297,0.302,U8,MAD_M6C12,4.000006699739611,22.773895510580065,CPG,WPG,0.1,0.4206420135475173,0.21165884960424355,0.5583897445644279,6,-1.590710865914014,985.5,6.6,22.5
0.297,0.302,U8,MAD_M6C12,4.001940722916627,22.793748256925298,CPG,WPG,0.1,0.41854170264634805,0.214454192145592,0.5256187715754894,4,-1.5858487978299571,992.6,6.4,23.3
0.297,0.302,U8,MAD_M6C12,4.001895440921901,22.774006931814327,CPG,WPG,0.1,0.42009567613727966,0.2154391474412306,0.6016219679780583,4,-1.5855297064319025,984.9,6.4,22.8
0.297,0.302,U8,MAD_M6C12,4.003291147744793,22.829340892010208,CPG,WPG,0.1,0.4192354029918114,0.21258312547842226,0.5510379399324199,1,-1.5938634903268696,986.6,6.6,22.3
0.297,0.302,U8,MAD_M6C12,4.000258703222959,22.841230392439485,CPG,WPG,0.1,0.4200024147717143,0.2189688033327405,0.6108293183710245,4,-1.5893867983642505,985.0,6.5,22.3
0.297,0.302,U8,MAD_M6C12,4.0000975491465445,22.83366661211202,CPG,WPG,0.1,0.4192523659586682,0.2134914262429329,0.6063389232421792,7,-1.5932368930129925,982.6,6.5,22.0
0.297,0.302,U8,MAD_M6C12,4.001424116635553,22.84577804428911,CPG,WPG,0.1,0.41910517404264563,0.2139194323977483,0.5935103965329565,3,-1.5927197782849216,984.6,6.5,21.9
0.297,0.302,U8,MAD_M6C12,4.000000034027842,22.843582421384962,CPG,WPG,0.1,0.41985366346404457,0.21774698243754723,0.6409371108253077,1,-1.590851111647197,982.2,6.6,21.9
0.297,0.302,U8,MAD_M6C12,4.00075763622886,22.82506784036452,CPG,WPG,0.1,0.41884817106847,0.21899430045937465,0.6290924279106402,4,-1.5865095452576803,988.6,6.5,22.0
0.297,0.302,U8,MAD_M6C12,4.0141644295757395,22.761318460835543,CPG,WPG,0.1,0.41955247287643427,0.22179436646987222,0.6815530323601888,6,-1.5960924371252858,983.3,6.5,21.1
0.297,0.302,U8,MAD_M6C12,4.009569812907783,22.78822181380973,CPG,WPG,0.1,0.41964727389907497,0.21866311383004872,0.6742018916239183,4,-1.5921917787520403,985.4,6.4,21.3
0.297,0.302,U8,MAD_M6C12,4.0006070411913015,22.838005780366192,CPG,WPG,0.1,0.4192145925271529,0.21769141919000892,0.6508360084451859,7,-1.592436327117813,983.0,6.5,21.6
0.297,0.302,U8,MAD_M6C12,4.008998681969578,22.80261789822822,CPG,WPG,0.1,0.4200810096734987,0.21722800461453426,0.6431031220841854,5,-1.5946050943590393,986.4,6.5,21.8
0.297,0.302,U8,MAD_M6C12,4.026609191591315,22.81550072170104,CPG,WPG,0.1,0.418398803629199,0.2190584016605315,0.668486812303231,7,-1.5925423429383976,985.9,6.4,21.0
0.297,0.302,U8,MAD_M6C12,4.041598302978356,22.754615341773885,CPG,WPG,0.1,0.4194110516913011,0.21905977355741935,0.6556060174852338,4,-1.5967927633037,990.2,6.3,21.3
0.297,0.302,U8,MAD_M6C12,4.02215006050423,22.849218346987737,CPG,WPG,0.1,0.41875627803452814,0.2181249236493292,0.6936073689038826,5,-1.5919275317639112,986.9,6.2,21.1
0.297,0.302,U8,MAD_M6C12,4.028234217684729,22.802719207346293,CPG,WPG,0.1,0.41902619547937253,0.2202813075457248,0.6822666266659385,0,-1.5986121267805142,987.3,6.3,21.5
0.297,0.302,U8,MAD_M6C12,4.011188989942271,22.834681791310885,CPG,WPG,0.1,0.4184853590640213,0.22024282314973548,0.6222424840876273,2,-1.5810873816605362,988.8,6.3,21.7
0.297,0.302,U8,MAD_M6C12,4.02795713349055,22.792004967666276,CPG,WPG,0.1,0.4192266006877641,0.21845436905085694,0.6736697383235462,5,-1.5956851762039825,984.7,6.3,21.3
0.297,0.302,U8,MAD_M6C12,4.0478109104555555,22.833173829465608,CPG,WPG,0.1,0.42011761762172994,0.22313896206252196,0.7034941438998041,0,-1.6043839204492087,985.2,6.3,21.1
0.297,0.302,U8,MAD_M6C12,4.057732505800656,22.781994242236834,CPG,WPG,0.1,0.42046571054854404,0.2218890807138872,0.6783758428698299,3,-1.5831843958344738,986.6,6.2,21.4
0.297,0.302,U8,MAD_M6C12,4.040263431050367,22.80646401778098,CPG,WPG,0.1,0.4194390346624094,0.2204415811493884,0.6191637729079855,7,-1.5888659372895244,987.6,6.2,21.7
0.297,0.302,U8,MAD_M6C12,4.040768589161114,22.802235704819285,CPG,WPG,0.1,0.418179078418192,0.22136602950648723,0.6660288195103656,3,-1.5953989438960114,985.0,6.0,21.2
0.297,0.302,U8,MAD_M6C12,4.045663326612632,22.840807341239426,CPG,WPG,0.1,0.41903362428366936,0.21723438568627712,0.7015683670093376,3,-1.5986061129517015,974.8,6.3,20.0
0.297,0.302,U8,MAD_M6C12,4.025584818677523,22.808991026108806,CPG,WPG,0.1,0.4196807429816588,0.21445756548258482,0.685213903311876,5,-1.5972690125091002,975.0,6.1,20.9
0.297,0.302,U8,MAD_M6C12,4.025708770082222,22.811440248571692,CPG,WPG,0.1,0.41903186534908937,0.21772393518168986,0.6819037621299247,6,-1.5959860581523717,976.3,6.1,20.9
0.297,0.302,U8,MAD_M6C12,4.0366510794574575,22.82590533153819,CPG,WPG,0.1,0.4194974160929046,0.2184205115728531,0.6895487691151883,2,-1.593226214654944,973.8,6.1,21.0
0.297,0.302,U8,MAD_M6C12,4.0178221098659215,22.81799517126588,CPG,WPG,0.1,0.41943164754046985,0.2188751537002875,0.6355398402883097,4,-1.5937789335550168,981.6,6.2,21.2
0.297,0.302,U8,MAD_M6C12,4.012601679849639,22.80898832320252,CPG,WPG,0.1,0.4193763966492743,0.21613725218605997,0.6504040840853462,6,-1.5916430477527221,973.9,6.3,21.0
0.297,0.302,U8,MAD_M6C12,4.030024424975784,22.77335757743846,CPG,WPG,0.1,0.41934826978588335,0.22036914134796204,0.6733571948037897,0,-1.5976724615677895,976.5,6.2,20.9
0.297,0.302,U8,MAD_M6C12,4.037459613535953,22.846902102293065,CPG,WPG,0.1,0.42009978987697977,0.22313800453561478,0.7060296003595807,1,-1.609374706387495,977.4,6.1,20.9
0.297,0.302,U8,MAD_M6C12,4.018038159123453,22.8246580007382,CPG,WPG,0.1,0.41910033439175004,0.220100174987387,0.6495693790890438,5,-1.6031636023629634,978.0,6.2,21.1
0.297,0.302,U8,MAD_M6C12,4.0234553869243115,22.802367918218867,CPG,WPG,0.1,0.41931576630431117,0.21822788773659646,0.6313395969196542,4,-1.5973932442210383,972.8,6.2,21.0
0.297,0.302,U8,MAD_M6C12,4.021626109667038,22.789855004287173,CPG,WPG,0.1,0.41935955425376414,0.21955403115690617,0.6174569731087591,5,-1.6086294716745364,977.2,6.2,21.4
0.297,0.302,U8,MAD_M6C12,4.021608885621198,22.768305926134847,CPG,WPG,0.1,0.419228183753961,0.21887166008952474,0.6303706669344051,1,-1.603901224808105,977.2,6.2,21.3
0.297,0.302,U8,MAD_M6C12,4.038753041449166,22.7951572987073,CPG,WPG,0.1,0.41977940189682394,0.22061261610210067,0.7030804232021803,3,-1.6118420880716666,967.2,6.2,20.7
0.297,0.302,U8,MAD_M6C12,4.027992112294784,22.771472649921396,CPG,WPG,0.1,0.42005756489428825,0.22057313254267183,0.6806799115137006,6,-1.6078777860199054,970.1,6.2,21.1
0.297,0.302,U8,MAD_M6C12,4.037304215788839,22.808062751568293,CPG,WPG,0.1,0.4193776060705313,0.2189280367235223,0.6799923119199693,3,-1.6071628001771288,968.6,6.1,20.8
0.297,0.302,U8,MAD_M6C12,4.044504109087796,22.813753418959983,CPG,WPG,0.1,0.4191947226316881,0.218552483704525,0.7056886459545777,3,-1.60846647302502,964.7,6.1,20.4
0.297,0.302,U8,MAD_M6C12,4.031455108230906,22.814295368159154,CPG,WPG,0.1,0.41921340254477946,0.21809967996414015,0.6921112473749953,4,-1.601753172719322,968.9,6.1,20.5
0.297,0.302,U8,MAD_M6C12,4.041120850737101,22.781884346600943,CPG,WPG,0.1,0.4197644525280467,0.21891710116412733,0.6970978181815961,6,-1.594714247169808,966.6,6.1,20.6
0.297,0.302,U8,MAD_M6C12,4.037173427611821,22.786103807641407,CPG,WPG,0.1,0.4197111241482946,0.21958095242641235,0.7049805252495736,5,-1.6076706651854664,966.3,6.2,20.5
0.297,0.302,U8,MAD_M6C12,4.043380774193411,22.764412682398493,CPG,WPG,0.1,0.41957132713648426,0.21859594788821574,0.6938416017221827,7,-1.6061209291939438,966.8,6.1,20.5
0.297,0.302,U8,MAD_M6C12,4.04171980370865,22.769688324313467,CPG,WPG,0.1,0.4192866587453106,0.2166946348203767,0.6884031812842157,1,-1.6032124930534692,964.1,6.1,20.5
0.297,0.302,U8,MAD_M6C12,4.031623238172731,22.783842235962528,CPG,WPG,0.1,0.4193092463001531,0.21660569317853268,0.6841106588437196,3,-1.6003511823587733,965.5,6.2,20.6
0.297,0.302,U8,MAD_M6C12,4.041491621036169,22.78956409432347,CPG,WPG,0.1,0.41908915445131445,0.2175370107089382,0.6870250947839125,0,-1.5985367039254594,961.4,6.1,20.6
0.297,0.302,U8,MAD_M6C12,4.03781796729029,22.781705941777247,CPG,WPG,0.1,0.41834505940969585,0.21618120631309173,0.6897478741401133,1,-1.6017855778673447,958.4,6.1,20.4
0.297,0.302,U8,MAD_M6C12,4.0327285392892245,22.790176672215264,CPG,WPG,0.1,0.418404709362319,0.217670418180488,0.6994618096748857,5,-1.6034272706970434,961.4,6.2,20.6
0.297,0.302,U8,MAD_M6C12,4.048304086924653,22.80340815399124,CPG,WPG,0.1,0.41867465992379244,0.21776702555503408,0.7001794850111209,5,-1.6064215023517345,961.4,6.1,20.5
0.297,0.302,U8,MAD_M6C12,4.046031814518187,22.80896621738573,CPG,WPG,0.1,0.41875948949405106,0.21784174351336877,0.7234527069845633,5,-1.6005613672647385,958.0,6.2,20.5
0.297,0.302,U8,MAD_M6C12,4.028771359303811,22.821540826160525,CPG,WPG,0.1,0.41824414194524817,0.21702856862679865,0.7204435566313703,6,-1.6086252136022932,954.7,6.1,20.3
0.297,0.302,U8,MAD_M6C12,4.036406753523236,22.837912541256806,CPG,WPG,0.1,0.41821741403999485,0.21855266385125616,0.7230631678932706,5,-1.5954360801660563,960.2,6.1,20.7
0.297,0.302,U8,MAD_M6C12,4.045081514231956,22.842904822676473,CPG,WPG,0.1,0.4185194488652285,0.2183868227035296,0.7476606514043267,3,-1.6086055599421982,955.3,6.1,20.3
0.297,0.302,U8,MAD_M6C12,4.044652006134787,22.832281698375823,CPG,WPG,0.1,0.418725370353352,0.21892161399403015,0.7173901748247191,7,-1.6080100862914222,958.7,6.1,20.8
0.297,0.302,U8,MAD_M6C12,4.039377468386594,22.829116827143537,CPG,WPG,0.1,0.4185342124817428,0.21742683103909913,0.718500901095509,4,-1.6057867915570938,957.0,6.1,20.6
0.297,0.302,U8,MAD_M6C12,4.034459461452655,22.83448803536879,CPG,WPG,0.1,0.4186906187586524,0.21671965181099712,0.7197708683646722,7,-1.609239247268139,952.8,6.1,20.3
0.297,0.302,U8,MAD_M6C12,4.04431727377741,22.842113413312514,CPG,WPG,0.1,0.4185590892638492,0.21764572995776482,0.7314140846654853,2,-1.610921275656164,953.7,6.0,20.3
0.297,0.302,U8,MAD_M6C12,4.040287623594458,22.841377734291864,CPG,WPG,0.1,0.4187703709029091,0.2157773397565222,0.7313671837423255,4,-1.599920273110662,952.6,6.0,20.5
0.297,0.302,U8,MAD_M6C12,4.044148864409052,22.815792025815714,CPG,WPG,0.1,0.41884334367936976,0.2171376191739148,0.7406865588771647,3,-1.602386426837283,949.0,6.0,20.5
0.297,0.302,U8,MAD_M6C12,4.047122700835735,22.81731391409099,CPG,WPG,0.1,0.41962399295196945,0.21651831230973034,0.7458015131336255,1,-1.604015624988513,947.5,6.0,20.7
0.297,0.302,U8,MAD_M6C12,4.0397261716222745,22.80073363402053,CPG,WPG,0.1,0.41914860278331156,0.21536274499239214,0.7312384833878869,4,-1.6027495763691757,946.4,6.0,20.8
0.297,0.302,U8,MAD_M6C12,4.031464596645209,22.828523498574576,CPG,WPG,0.1,0.418828377738845,0.21431624181999026,0.7434147172209147,1,-1.60028424759372,945.3,6.0,20.6
0.297,0.302,U8,MAD_M6C12,4.046609949816278,22.82959576628448,CPG,WPG,0.1,0.4193717422705177,0.21671265660748673,0.7553487174154099,1,-1.6027938934549315,948.2,6.0,20.9
0.297,0.302,U8,MAD_M6C12,4.03473248414523,22.816999338765523,CPG,WPG,0.1,0.4190700109354651,0.2148201554504459,0.7336341488009364,6,-1.6024459952898464,943.1,5.9,20.9
0.297,0.302,U8,MAD_M6C12,4.037828056512392,22.818451494498387,CPG,WPG,0.1,0.41905269277355284,0.21692770778508658,0.7145411170115032,5,-1.6017688006165063,955.3,6.0,21.1
0.297,0.302,U8,MAD_M6C12,4.032217563035832,22.811498576719583,CPG,WPG,0.1,0.418702512462354,0.21552324891618868,0.7052833920877868,2,-1.6034403775227464,948.8,5.9,21.0
0.297,0.302,U8,MAD_M6C12,4.04222541225276,22.815143956187807,CPG,WPG,0.1,0.4191923286877985,0.21572081388274103,0.7372749385798425,0,-1.6081051040601118,944.7,6.0,20.5
0.297,0.302,U8,MAD_M6C12,4.041379685444938,22.8064597737463,CPG,WPG,0.1,0.41945719984802077,0.21610498364382202,0.7253350607688716,5,-1.608285115587794,945.4,6.0,20.6
0.297,0.302,U8,MAD_M6C12,4.037131406926912,22.822809684828815,CPG,WPG,0.1,0.41922312348583896,0.21647915071844342,0.72513442089772,7,-1.605712079650532,948.2,5.9,20.9
0.297,0.302,U8,MAD_M6C12,4.038544329177097,22.818542718511495,CPG,WPG,0.1,0.41927094683088345,0.21708072533877393,0.724436109062955,7,-1.6030209384198244,950.3,6.0,21.1
0.297,0.302,U8,MAD_M6C12,4.043668818091312,22.810703995350938,CPG,WPG,0.1,0.4192626434402351,0.21742284118188165,0.7182803456247462,0,-1.6042763452130142,953.3,6.0,21.0
0.297,0.302,U8,MAD_M6C12,4.039529264812775,22.80664104752891,CPG,WPG,0.1,0.41934561353832545,0.21629975488762143,0.7168204655903057,2,-1.6007064408220728,949.4,6.0,21.0
0.297,0.302,U8,MAD_M6C12,4.046589310423843,22.78628687273385,CPG,WPG,0.1,0.4196408459486455,0.21704139588600477,0.725479265395236,1,-1.605575234333033,947.5,6.0,20.8
0.297,0.302,U8,MAD_M6C12,4.046447984967655,22.786878866679444,CPG,WPG,0.1,0.4196201328664899,0.21683909375850696,0.7202023367174921,1,-1.603080502584005,947.2,6.0,21.0
0.297,0.302,U8,MAD_M6C12,4.046045556451998,22.794445589815496,CPG,WPG,0.1,0.419409457829485,0.21637169449624333,0.7194600661535708,6,-1.6051437714611385,947.7,6.1,20.9
0.297,0.302,U8,MAD_M6C12,4.044498016861722,22.809076179053015,CPG,WPG,0.1,0.4194473408824235,0.21736556560662332,0.7256377323208896,0,-1.6098971138509626,948.1,6.0,20.9
0.297,0.302,U8,MAD_M6C12,4.041412794378566,22.805649764148466,CPG,WPG,0.1,0.41948445078040963,0.21611157166898873,0.7192927928345423,6,-1.6019585380330383,946.1,6.0,20.9
0.297,0.302,U8,MAD_M6C12,4.048084142989589,22.78113313820546,CPG,WPG,0.1,0.4194358041361849,0.21603622286182816,0.7253975797988486,7,-1.604642215337634,945.4,6.0,20.9
0.297,0.302,U8,MAD_M6C12,4.047302258489825,22.785549516687247,CPG,WPG,0.1,0.41963646190861126,0.21681133135913613,0.7176745183487316,2,-1.6034240310018326,947.2,6.0,21.0
0.297,0.302,U8,MAD_M6C12,4.04172716985441,22.791963601744836,CPG,WPG,0.1,0.41962933851582773,0.21688621623043963,0.717528199976913,0,-1.6062246188155793,948.0,6.0,20.9
0.297,0.302,U8,MAD_M6C12,4.049687767507617,22.794703358263067,CPG,WPG,0.1,0.41957006869349417,0.2163148365250184,0.7263673419209451,1,-1.6044921934352256,943.7,5.9,20.8
0.297,0.302,U8,MAD_M6C12,4.0492446296329305,22.791216852080645,CPG,WPG,0.1,0.41972082764435403,0.2179866838631223,0.710017312343926,0,-1.6074120832510328,951.2,6.0,21.0
0.297,0.302,U8,MAD_M6C12,4.046827876705768,22.789425073994966,CPG,WPG,0.1,0.4196269267241202,0.21702018382112415,0.7169142675308007,4,-1.6079716731382003,946.9,6.0,21.0
0.297,0.302,U8,MAD_M6C12,4.048717601995084,22.785851691820515,CPG,WPG,0.1,0.4195690894080848,0.21715561379902254,0.7169528710949944,5,-1.6092043260627218,947.9,6.0,21.0
0.297,0.302,U8,MAD_M6C12,4.048978048262092,22.79155749271871,CPG,WPG,0.1,0.41954039736945486,0.2176146045648617,0.7270987461576155,5,-1.6128088982127728,947.6,6.0,20.9
0.297,0.302,U8,MAD_M6C12,4.045849999456758,22.794098743261905,CPG,WPG,0.1,0.41956093417703866,0.21749915000176923,0.7169845830733785,1,-1.6097343321779078,949.3,6.0,21.0
0.297,0.302,U8,MAD_M6C12,4.045969409323458,22.790778178331802,CPG,WPG,0.1,0.41945092277939766,0.21689303525586046,0.722149208064168,0,-1.6092110622330704,947.3,6.0,21.0
0.297,0.302,U8,MAD_M6C12,4.049037342150425,22.787438844209916,CPG,WPG,0.1,0.4195724658404129,0.21719984729938077,0.7250200448108113,4,-1.6098541973705487,946.1,6.0,21.0
0.297,0.302,U8,MAD_M6C12,4.045416370010581,22.7984845201886,CPG,WPG,0.1,0.4193536731940847,0.21676315932279205,0.7219343456672225,6,-1.6094692652141749,947.4,6.0,21.0
0.297,0.302,U8,MAD_M6C12,4.0473152167113735,22.797731987997672,CPG,WPG,0.1,0.41945632715070064,0.21696734756776972,0.7253887632990308,5,-1.6102441797897171,945.6,5.9,21.0
0.297,0.302,U8,MAD_M6C12,4.047302544748534,22.796938108824282,CPG,WPG,0.1,0.4193429702885867,0.2169058187830185,0.726384856890955,2,-1.6102366287602958,946.9,6.0,21.0
0.297,0.302,U8,MAD_M6C12,4.046981505551853,22.790902337760013,CPG,WPG,0.1,0.419424376947623,0.21667951979525252,0.725729536083398,1,-1.6100517238988825,945.3,5.9,21.0
0.297,0.302,U8,MAD_M6C12,4.045714946348529,22.792040563922477,CPG,WPG,0.1,0.41955609508263314,0.21753465050012016,0.7212389565933979,7,-1.6093778652436654,948.1,5.9,21.1
0.297,0.302,U8,MAD_M6C12,4.04364577333826,22.790855500210547,CPG,WPG,0.1,0.4195731790789923,0.2172536532294138,0.7213562943627725,4,-1.6086709262982861,947.4,6.0,21.1
0.297,0.302,U8,MAD_M6C12,4.045472215690848,22.791561767990398,CPG,WPG,0.1,0.41943955995490045,0.21741083491591573,0.7207596050389431,2,-1.6102515933423227,949.0,5.9,21.1
0.297,0.302,U8,MAD_M6C12,4.047343506776751,22.795120342724196,CPG,WPG,0.1,0.41946802073876505,0.21780543917306883,0.7206812414483137,6,-1.6107753610886277,950.6,6.0,21.0
0.297,0.302,U8,MAD_M6C12,4.047815475271094,22.79945631139094,CPG,WPG,0.1,0.4195244293993786,0.2186813485718339,0.7150476779198058,6,-1.6104975095359961,954.1,6.0,21.1
0.297,0.302,U8,MAD_M6C12,4.049623124760668,22.801230770474234,CPG,WPG,0.1,0.419518887334221,0.2184951456748462,0.7212111100814771,1,-1.6104980143490017,951.6,6.0,21.1
0.297,0.302,U8,MAD_M6C12,4.046402851561735,22.796221387902836,CPG,WPG,0.1,0.41965434432099,0.21855484551175738,0.721334847881514,3,-1.6107538647551767,951.0,6.0,21.1
0.297,0.302,U8,MAD_M6C12,4.043993013257959,22.79700429457152,CPG,WPG,0.1,0.41948710222433466,0.2173828040691587,0.7122239082249888,1,-1.6081868495221023,951.2,6.0,21.0
0.297,0.302,U8,MAD_M6C12,4.043782177592814,22.793677208823254,CPG,WPG,0.1,0.4195303509963632,0.2177909274538877,0.7153604346416338,7,-1.6108353596792284,951.5,6.0,21.0
0.297,0.302,U8,MAD_M6C12,4.044909944471716,22.797726293096865,CPG,WPG,0.1,0.4194010528104022,0.21773214608228947,0.7130135081490723,1,-1.6097415648510527,952.3,5.9,21.1
0.297,0.302,U8,MAD_M6C12,4.0452869012594315,22.79282245904365,CPG,WPG,0.1,0.4194738552613336,0.21750808094263907,0.7122548282968215,5,-1.6102038372432688,951.5,6.0,21.0
0.297,0.302,U8,MAD_M6C12,4.045256809536629,22.786122036982878,CPG,WPG,0.1,0.41952807021892097,0.21792925287729056,0.7108648944134748,7,-1.6097175730272895,953.1,6.0,21.1
0.297,0.302,U8,MAD_M6C12,4.046254479657985,22.78824898501025,CPG,WPG,0.1,0.4194509680322009,0.21771506520981673,0.7096788215847467,2,-1.6103654615310585,952.6,5.9,21.1
0.297,0.302,U8,MAD_M6C12,4.047865228606519,22.787951987674067,CPG,WPG,0.1,0.4195100402620574,0.217797716218275,0.7148888453762043,6,-1.6088802351885096,952.0,5.9,21.0
0.297,0.302,U8,MAD_M6C12,4.047141812547064,22.793139953024426,CPG,WPG,0.1,0.4194317500352579,0.21770594425855452,0.7124697755855953,7,-1.6101969301070742,952.6,6.0,21.0
0.297,0.302,U8,MAD_M6C12,4.049191114188389,22.785792504988606,CPG,WPG,0.1,0.41962353936745567,0.21809861688232682,0.7132492988030821,7,-1.6092681189480604,951.6,6.0,21.1
0.297,0.302,U8,MAD_M6C12,4.048424811979981,22.7804107935544,CPG,WPG,0.1,0.41963529137371836,0.21817829848301498,0.7118226190892059,6,-1.610641725774828,952.3,6.0,21.1
0.297,0.302,U8,MAD_M6C12,4.048370332315852,22.7833403745131,CPG,WPG,0.1,0.4195649498485998,0.2177853563810686,0.7123936550767898,0,-1.6113231951311864,951.5,6.0,21.0
0.297,0.302,U8,MAD_M6C12,4.0482075853045805,22.782528121041107,CPG,WPG,0.1,0.41961051423169105,0.2177404575717402,0.7073783137390675,7,-1.6119177951865034,951.6,6.0,21.0
0.297,0.302,U8,MAD_M6C12,4.0480164758557615,22.78018898310922,CPG,WPG,0.1,0.41955447103156723,0.21777784922445084,0.7103834510061571,3,-1.6110692065050713,952.4,6.0,21.0
0.297,0.302,U8,MAD_M6C12,4.049427106681261,22.772948021908118,CPG,WPG,0.1,0.4197246134299101,0.21779762631018623,0.7090557285922285,4,-1.6109043513458268,950.9,6.0,21.0
0.297,0.302,U8,MAD_M6C12,4.049141369177459,22.781822893959216,CPG,WPG,0.1,0.4196058570431364,0.21788013610478776,0.7063151187968049,4,-1.6103584030673321,952.2,6.0,21.1
0.297,0.302,U8,MAD_M6C12,4.048123053148072,22.778943588791034,CPG,WPG,0.1,0.41965340352372554,0.21788640394108377,0.7065626926721569,0,-1.6120089079973372,951.5,6.0,21.1
0.297,0.302,U8,MAD_M6C12,4.049602021973245,22.785490013874316,CPG,WPG,0.1,0.41956887116090313,0.21827992674641825,0.709012950180056,2,-1.6126884856606658,953.0,6.0,21.1
0.297,0.302,U8,MAD_M6C12,4.04933988424688,22.782539318702703,CPG,WPG,0.1,0.4196400065965503,0.21869074084107826,0.7084788439485714,0,-1.6125025419075953,953.8,6.0,21.2
0.297,0.302,U8,MAD_M6C12,4.046363449545274,22.78818513712291,CPG,WPG,0.1,0.41960575783112003,0.21810132414091699,0.6988412224401328,7,-1.6118874264766685,953.6,6.0,21.2
0.297,0.302,U8,MAD_M6C12,4.046513625508419,22.78912749713989,CPG,WPG,0.1,0.4195561676012819,0.21835887255675954,0.7039689195947676,6,-1.6113937006367554,954.5,6.0,21.2
0.297,0.302,U8,MAD_M6C12,4.046676626802897,22.78530081055032,CPG,WPG,0.1,0.41975088007346517,0.218248703836694,0.701181942609713,5,-1.608410895780148,953.1,6.0,21.2
0.297,0.302,U8,MAD_M6C12,4.045597185987177,22.79001103449083,CPG,WPG,0.1,0.4196100743496909,0.21845509782182376,0.6999701082749952,4,-1.610817444494149,955.3,6.0,21.2
0.297,0.302,U8,MAD_M6C12,4.047931953011022,22.785756418065088,CPG,WPG,0.1,0.41964662897909677,0.21853731566782147,0.6993781416088409,2,-1.6128358694338019,954.7,6.0,21.2
0.297,0.302,U8,MAD_M6C12,4.046728508632847,22.786689524379508,CPG,WPG,0.1,0.4195805269854227,0.21805107944537108,0.6988893942074679,0,-1.612043978011311,953.7,6.0,21.2
0.297,0.302,U8,MAD_M6C12,4.046006149242664,22.78898941884588,CPG,WPG,0.1,0.41971758905216827,0.21825614861775597,0.6977864363983373,5,-1.6119043885185445,953.1,6.0,21.2
0.297,0.302,U8,MAD_M6C12,4.047289617794189,22.794627458342774,CPG,WPG,0.1,0.41956200370836094,0.21807621082066828,0.6968060228267023,2,-1.6116772477795482,954.5,6.0,21.1
0.297,0.302,U8,MAD_M6C12,4.047302858061417,22.788171073726996,CPG,WPG,0.1,0.4196553741006842,0.2182286921883648,0.6964347835359663,2,-1.6125494701822713,953.7,6.0,21.2
0.297,0.302,U8,MAD_M6C12,4.049197619253967,22.788225356328045,CPG,WPG,0.1,0.41964027776681184,0.21815836056123436,0.7000413486917547,3,-1.6117407317178571,953.4,6.0,21.1
0.297,0.302,U8,MAD_M6C12,4.049041129957779,22.789963527218454,CPG,WPG,0.1,0.4196252000883309,0.21806858675036034,0.7006846578206587,6,-1.6118430699897939,952.9,6.0,21.1
0.297,0.302,U8,MAD_M6C12,4.047652674023877,22.775862826834626,CPG,WPG,0.1,0.41969530040497266,0.2177786993583367,0.6951228951125956,7,-1.6118159949821962,953.1,6.0,21.1
0.297,0.302,U8,MAD_M6C12,4.045897976036164,22.781519109299442,CPG,WPG,0.1,0.4197016322913535,0.2177603736202907,0.6904357629070934,4,-1.6119727738180991,953.0,6.0,21.2
0.297,0.302,U8,MAD_M6C12,4.0459602193679896,22.783954309612596,CPG,WPG,0.1,0.4196636946740227,0.2178189489674054,0.6950514291622611,2,-1.6117796029808122,952.7,6.0,21.2
0.297,0.302,U8,MAD_M6C12,4.046279033637271,22.785516338798423,CPG,WPG,0.1,0.41964443624532444,0.2176402495206759,0.6925184875594614,0,-1.6115102705188828,952.5,6.0,21.2
0.297,0.302,U8,MAD_M6C12,4.046572396666487,22.78439720799768,CPG,WPG,0.1,0.41963509785806064,0.21812561437428202,0.6952293252759119,4,-1.612450616743482,953.5,6.0,21.3
0.297,0.302,U8,MAD_M6C12,4.047036718944028,22.78189809924655,CPG,WPG,0.1,0.41970053412693525,0.21791333529366375,0.6976946860950912,4,-1.61221677140359,952.0,6.0,21.2
0.297,0.302,U8,MAD_M6C12,4.049437556852261,22.78343762349737,CPG,WPG,0.1,0.41966342082473895,0.2181475534303658,0.6980052138175519,6,-1.6114641315945502,953.2,6.0,21.2
0.297,0.302,U8,MAD_M6C12,4.047065743312044,22.787909107785378,CPG,WPG,0.1,0.4196776952920987,0.21791903669983784,0.6970391992077842,3,-1.6121171321615257,952.0,6.0,21.2
0.297,0.302,U8,MAD_M6C12,4.048664732363413,22.78620502765464,CPG,WPG,0.1,0.4195736441687947,0.21784009110496555,0.7001355439911041,3,-1.6121490228475022,952.2,6.0,21.2
0.297,0.302,U8,MAD_M6C12,4.049327178617859,22.78639342655083,CPG,WPG,0.1,0.4195829224900892,0.21828731117301348,0.6987861046871453,4,-1.6130215947351605,954.1,6.0,21.2
0.297,0.302,U8,MAD_M6C12,4.049114998947568,22.78675366433495,CPG,WPG,0.1,0.4195872698885551,0.21829332663501613,0.69636541748176,3,-1.612894649156015,954.6,6.0,21.2
0.297,0.302,U8,MAD_M6C12,4.04834909147836,22.79262299200004,CPG,WPG,0.1,0.41950668878337044,0.21758422518633563,0.7005727988824435,5,-1.6121638880480234,951.3,6.0,21.2
0.297,0.302,U8,MAD_M6C12,4.048827184228272,22.789091652111928,CPG,WPG,0.1,0.41953968289110855,0.2178439634348231,0.6996080429775273,5,-1.6114641347565133,952.7,6.0,21.2
0.297,0.302,U8,MAD_M6C12,4.048595195331899,22.785600596042983,CPG,WPG,0.1,0.4195739375571416,0.21766369258885818,0.7016591020070737,4,-1.6122088297494557,951.1,6.0,21.2
0.297,0.302,U8,MAD_M6C12,4.049512884017927,22.78965663993826,CPG,WPG,0.1,0.41958449920258556,0.2179095238613416,0.700963255934441,2,-1.6110563649448881,952.1,6.0,21.2
0.297,0.302,U8,MAD_M6C12,4.048732235768868,22.795244714227888,CPG,WPG,0.1,0.41954438942928807,0.21807128498606532,0.7016926454125465,1,-1.6126234643288555,952.5,6.0,21.2
0.297,0.302,U8,MAD_M6C12,4.049723337858851,22.786326447319677,CPG,WPG,0.1,0.4196009612718533,0.2180523614221958,0.7040826155623927,3,-1.6127610295678725,951.7,6.0,21.2
0.297,0.302,U8,MAD_M6C12,4.048573215161028,22.795710110153834,CPG,WPG,0.1,0.419547703946673,0.21792729511292042,0.7018333808805632,6,-1.6127505502719313,951.7,6.0,21.2
0.297,0.302,U8,MAD_M6C12,4.048639153793451,22.796407965614538,CPG,WPG,0.1,0.4195659432688708,0.21792108500166077,0.6999327682141168,2,-1.6125670649686832,951.8,6.0,21.2
0.297,0.302,U8,MAD_M6C12,4.04948245315832,22.793427463969355,CPG,WPG,0.1,0.41955100635137843,0.21833621755482124,0.7012995543873393,1,-1.612977103101798,953.0,6.0,21.3
0.297,0.302,U8,MAD_M6C12,4.048067117238863,22.796022142799433,CPG,WPG,0.1,0.4195236606248848,0.21793061925573964,0.6990977033912396,6,-1.6126215174997665,952.0,6.0,21.3
0.297,0.302,U8,MAD_M6C12,4.047451971743132,22.7903384103552,CPG,WPG,0.1,0.4195840915496921,0.21803241347823027,0.6973240224309403,2,-1.6123286975087332,952.7,6.0,21.3
0.297,0.302,U8,MAD_M6C12,4.047695303763408,22.795970849409297,CPG,WPG,0.1,0.4195431281628458,0.21778776125629593,0.6990011296306209,0,-1.6124741812754433,951.2,6.0,21.3
0.297,0.302,U8,MAD_M6C12,4.048584897841247,22.79354755317401,CPG,WPG,0.1,0.41958388850502976,0.21818290597160794,0.7003579737154766,4,-1.613272677027032,952.1,6.0,21.3
0.297,0.302,U8,MAD_M6C12,4.046536141414659,22.801157491376564,CPG,WPG,0.1,0.4195086861018559,0.2179005822499799,0.698021923636889,0,-1.6121066581498553,951.6,6.0,21.4
0.297,0.302,U8,MAD_M6C12,4.04709171377537,22.797876564866847,CPG,WPG,0.1,0.4195532685458448,0.21768786391108336,0.6994957299999074,3,-1.611936387338563,950.6,6.0,21.3
0.297,0.302,U8,MAD_M6C12,4.048152051328858,22.79683860916273,CPG,WPG,0.1,0.41953635106968584,0.2178442830869681,0.6999069103703501,2,-1.6125700400400689,951.2,6.0,21.3
0.297,0.302,U8,MAD_M6C12,4.047398022892877,22.794187011038773,CPG,WPG,0.1,0.4195152884623476,0.217521827020116,0.6989748026816276,2,-1.6121009325962614,950.6,6.0,21.3
0.297,0.302,U8,MAD_M6C12,4.048429277165963,22.794270164986028,CPG,WPG,0.1,0.41956987728827555,0.2178838019872674,0.7034404540227661,0,-1.6125858993350004,950.4,6.0,21.3
0.297,0.302,U8,MAD_M6C12,4.047804307070194,22.798052897207835,CPG,WPG,0.1,0.4195478228560684,0.21792194549924837,0.6999117643814117,1,-1.6125174146282841,951.4,6.0,21.3
0.297,0.302,U8,MAD_M6C12,4.0490688405649395,22.794519009666978,CPG,WPG,0.1,0.41957951525206416,0.2179021272916486,0.7010963090972813,1,-1.6122344111502276,950.8,6.0,21.3
0.297,0.302,U8,MAD_M6C12,4.049514758876025,22.79303364911805,CPG,WPG,0.1,0.41956324785946697,0.21773002879827316,0.701387072969581,4,-1.6127535069982493,950.7,6.0,21.2
0.297,0.302,U8,MAD_M6C12,4.049006986862388,22.791847772980418,CPG,WPG,0.1,0.41957910958139355,0.21762578443297717,0.7012324321146002,4,-1.6128061107218805,950.2,6.0,21.2
0.297,0.302,U8,MAD_M6C12,4.048334382919338,22.793906786496027,CPG,WPG,0.1,0.4195400084385284,0.21756534476899586,0.7038551703399247,2,-1.6126109286609793,949.9,6.0,21.2
0.297,0.302,U8,MAD_M6C12,4.049791162510337,22.7912531579642,CPG,WPG,0.1,0.4195601765164759,0.21786129682634203,0.7050422752294994,3,-1.6128480448188203,950.7,6.0,21.2
0.297,0.302,U8,MAD_M6C12,4.048607014934239,22.791072105576244,CPG,WPG,0.1,0.41958165371393497,0.21768079499513832,0.7020085969339558,7,-1.613181610664256,950.3,6.0,21.2
0.297,0.302,U8,MAD_M6C12,4.049199832579404,22.79112654936565,CPG,WPG,0.1,0.4195918048009938,0.21782034879683845,0.7026306380930265,6,-1.6128238692996018,950.7,6.0,21.2
0.297,0.302,U8,MAD_M6C12,4.049526484069824,22.792525967382677,CPG,WPG,0.1,0.41959018236525675,0.2178455401831817,0.7023798054661228,5,-1.6125478210464426,950.8,6.0,21.2
0.297,0.302,U8,MAD_M6C12,4.048801314661908,22.78907476348212,CPG,WPG,0.1,0.4196135201313135,0.21781891537823883,0.7033335455011955,2,-1.6128428864373756,950.5,6.0,21.2
0.297,0.302,U8,MAD_M6C12,4.048723367945525,22.791067742858214,CPG,WPG,0.1,0.4195954668098138,0.21782167730120153,0.7013433720047417,6,-1.6128347056138441,951.0,6.0,21.2
0.297,0.302,U8,MAD_M6C12,4.049551957287116,22.790505221379732,CPG,WPG,0.1,0.41958367399443797,0.21790442635016735,0.7027669926620068,1,-1.6130560696161655,951.1,6.0,21.2
0.297,0.302,U8,MAD_M6C12,4.04892345498664,22.79043784100031,CPG,WPG,0.1,0.41958186155556865,0.21777034714397478,0.703545748963093,1,-1.6132211171134454,950.4,6.0,21.2
0.297,0.302,U8,MAD_M6C12,4.048636184287864,22.78962877978496,CPG,WPG,0.1,0.41961408564774083,0.21785626173437098,0.7026602387310574,3,-1.6128035580903095,950.8,6.0,21.2
0.297,0.302,U8,MAD_M6C12,4.049020962374762,22.78906186799218,CPG,WPG,0.1,0.4196035401695838,0.21780061084398422,0.7033139919174727,6,-1.6128717139094437,950.5,6.0,21.2
0.297,0.302,U8,MAD_M6C12,4.049078813597114,22.788157834319286,CPG,WPG,0.1,0.41959519280232166,0.21774934931977172,0.7026450227404974,5,-1.6130824529424626,950.5,6.0,21.2
0.297,0.302,U8,MAD_M6C12,4.0487395901733585,22.78801775742828,CPG,WPG,0.1,0.4196138626385263,0.21771151600646318,0.702509611535866,5,-1.6130034109978268,950.2,6.0,21.2
0.297,0.302,U8,MAD_M6C12,4.048604591657034,22.78729137778655,CPG,WPG,0.1,0.4196125880684404,0.2176423453055539,0.701447267815055,3,-1.612933075466394,950.2,6.0,21.2
0.297,0.302,U8,MAD_M6C12,4.048346445019096,22.78802046873402,CPG,WPG,0.1,0.41961765738411605,0.21767934918579449,0.7016029304850244,2,-1.6131746723864584,950.2,6.0,21.2
0.297,0.302,U8,MAD_M6C12,4.0481679339526355,22.789637348794507,CPG,WPG,0.1,0.4196108691810816,0.21765410745651084,0.7012956253254252,0,-1.6132911966243277,950.1,6.0,21.2
0.297,0.302,U8,MAD_M6C12,4.048071938278196,22.788509135906104,CPG,WPG,0.1,0.41962688776257373,0.2176208400265316,0.7000968946168253,0,-1.61322376875391,950.1,6.0,21.2
0.297,0.302,U8,MAD_M6C12,4.047973596869175,22.789822375404498,CPG,WPG,0.1,0.41962598137093876,0.2176349933283307,0.7011394963911481,4,-1.6131686399107785,949.9,6.0,21.2
0.297,0.302,U8,MAD_M6C12,4.047958731756788,22.787739304730312,CPG,WPG,0.1,0.41962996815250775,0.2175420946111709,0.7005833960199817,0,-1.6131185686400435,949.7,6.0,21.2
0.297,0.302,U8,MAD_M6C12,4.048585699948967,22.787638234010196,CPG,WPG,0.1,0.41961839272814977,0.2175537450827593,0.7018833543476624,7,-1.6129160951332437,949.6,6.0,21.2
0.297,0.302,U8,MAD_M6C12,4.048355649940817,22.788734629097597,CPG,WPG,0.1,0.4196212485958425,0.21759521784226127,0.6998293877859054,1,-1.6129966974123757,950.1,6.0,21.2
0.297,0.302,U8,MAD_M6C12,4.048200255202068,22.790051109297302,CPG,WPG,0.1,0.4196180553115343,0.21757132123222786,0.6999063700104928,4,-1.6131260919054498,949.9,6.0,21.2
0.297,0.302,U8,MAD_M6C12,4.04822198163354,22.790513908046595,CPG,WPG,0.1,0.4196048150869845,0.217620903212177,0.6999909243912912,2,-1.6132973510031157,950.2,6.0,21.2
0.297,0.302,U8,MAD_M6C12,4.048610587452877,22.78961723568178,CPG,WPG,0.1,0.41960769175247875,0.21761326049176288,0.7011990946711228,1,-1.613260340710852,949.9,6.0,21.2
0.297,0.302,U8,MAD_M6C12,4.048454343975357,22.791159761080458,CPG,WPG,0.1,0.4195904773229435,0.2175283701033772,0.7003008092985259,5,-1.6132704768108468,949.8,6.0,21.2
0.297,0.302,U8,MAD_M6C12,4.049192583215354,22.7936139717503,CPG,WPG,0.1,0.4195545868183605,0.21768945673083512,0.700958654134566,4,-1.6131655080353173,950.6,6.0,21.2
0.297,0.302,U8,MAD_M6C12,4.049101434089767,22.793329272725867,CPG,WPG,0.1,0.41956035979132533,0.21775900569830273,0.7019175369433004,2,-1.6131767648780624,950.7,6.0,21.2
0.297,0.302,U8,MAD_M6C12,4.049326212880628,22.791448636929786,CPG,WPG,0.1,0.4195616371660988,0.21769675452374304,0.701823867000952,5,-1.6132351684259252,950.5,6.0,21.2
0.297,0.302,U8,MAD_M6C12,4.0485890415997385,22.7923968608206,CPG,WPG,0.1,0.4195717794440211,0.21757807229399917,0.6992127463590614,5,-1.613164181447809,950.4,6.0,21.2
0.297,0.302,U8,MAD_M6C12,4.0490057387983835,22.79180994309107,CPG,WPG,0.1,0.41957373049009516,0.21769776796128557,0.6998268468593265,1,-1.6131438069385968,950.8,6.0,21.2
0.297,0.302,U8,MAD_M6C12,4.0495345138075525,22.792161054852127,CPG,WPG,0.1,0.41957259835036376,0.21783658914857199,0.7005485037833141,4,-1.613181802410768,951.2,6.0,21.2
0.297,0.302,U8,MAD_M6C12,4.0489717544540795,22.792319040818754,CPG,WPG,0.1,0.41958959581376015,0.21776282464270907,0.699179765124009,4,-1.612782713735644,951.1,6.0,21.2
0.297,0.302,U8,MAD_M6C12,4.049489226579849,22.793556663015412,CPG,WPG,0.1,0.4195657076896139,0.21787370526710087,0.7013669744239279,2,-1.613179557441958,951.2,6.0,21.2
0.297,0.302,U8,MAD_M6C12,4.049361738964797,22.79501715446751,CPG,WPG,0.1,0.4195624878564083,0.21788975461201657,0.7020802470616738,6,-1.6131156834878766,951.1,6.0,21.2
0.297,0.302,U8,MAD_M6C12,4.048881233342825,22.792198280571455,CPG,WPG,0.1,0.41957629256382994,0.2177052931697136,0.7017910310516959,6,-1.6131531090732256,950.4,6.0,21.2
0.297,0.302,U8,MAD_M6C12,4.049068401454237,22.79354756449983,CPG,WPG,0.1,0.4195609331972975,0.21778615582974595,0.700789076113872,0,-1.6133031218493183,951.0,6.0,21.2
0.297,0.302,U8,MAD_M6C12,4.049067020270301,22.79359432640513,CPG,WPG,0.1,0.4195576586019786,0.2178304182862176,0.702174937908413,6,-1.613203331424332,951.0,6.0,21.2
0.297,0.302,U8,MAD_M6C12,4.049210729547642,22.79441664400616,CPG,WPG,0.1,0.4195550934193526,0.21787355789269439,0.7009957626040428,0,-1.613142763670794,951.4,6.0,21.2
0.297,0.302,U8,MAD_M6C12,4.0490948298456875,22.792770395772013,CPG,WPG,0.1,0.4195748657929741,0.21787014292119225,0.7006937506933872,5,-1.613288245892912,951.3,6.0,21.2
0.297,0.302,U8,MAD_M6C12,4.0492973889413175,22.795545175288694,CPG,WPG,0.1,0.4195466190235753,0.2179094843843458,0.7009661226043478,4,-1.6134371210960943,951.5,6.0,21.2
0.297,0.302,U8,MAD_M6C12,4.049148576275802,22.796641679811216,CPG,WPG,0.1,0.4195487134119864,0.21792238003627368,0.6995009233658389,1,-1.6133143482429393,951.8,6.0,21.2
0.297,0.302,U8,MAD_M6C12,4.049257330430988,22.796882871496333,CPG,WPG,0.1,0.4195349160835531,0.21791215083755117,0.7007382383953535,6,-1.6134722840956481,951.6,6.0,21.2
0.297,0.302,U8,MAD_M6C12,4.049835164851194,22.79704177399138,CPG,WPG,0.1,0.41951496652732223,0.21793154952073382,0.7018872651722727,4,-1.6134951477960708,951.6,6.0,21.2
0.297,0.302,U8,MAD_M6C12,4.049373928900955,22.79697793158448,CPG,WPG,0.1,0.4195345496920496,0.21790041278986133,0.6999287102674616,4,-1.6134096780260787,951.7,6.0,21.2
0.297,0.302,U8,MAD_M6C12,4.049793433628944,22.796810469267147,CPG,WPG,0.1,0.41952990705684234,0.21786431361034267,0.7019076960834094,6,-1.6131708620686478,951.2,6.0,21.2
0.297,0.302,U8,MAD_M6C12,4.049376132810214,22.795662639042252,CPG,WPG,0.1,0.41954445807380797,0.21783373396208916,0.7004189598792254,2,-1.6132708079877478,951.3,6.0,21.2
0.297,0.302,U8,MAD_M6C12,4.049163518892297,22.79550410626437,CPG,WPG,0.1,0.4195604940281501,0.2179096492275769,0.7000614085699319,3,-1.6131829915562097,951.6,6.0,21.2
0.297,0.302,U8,MAD_M6C12,4.049275251044874,22.79601359033707,CPG,WPG,0.1,0.41954843756818466,0.21788572793177113,0.7002895266721194,2,-1.6133129227803646,951.5,6.0,21.2
0.297,0.302,U8,MAD_M6C12,4.0495926840971075,22.797446767860812,CPG,WPG,0.1,0.41953401067770857,0.21798385663298347,0.7016554864045919,1,-1.6133534694011438,951.7,6.0,21.2
0.297,0.302,U8,MAD_M6C12,4.049054564990672,22.795836506492897,CPG,WPG,0.1,0.4195509018533352,0.21783752065916362,0.7008641090747969,5,-1.6132295616563752,951.2,6.0,21.2
0.297,0.302,U8,MAD_M6C12,4.049017071028215,22.79533067578392,CPG,WPG,0.1,0.4195558969071857,0.21787010446684182,0.7003799064822509,0,-1.6133511370008051,951.4,6.0,21.2
0.297,0.302,U8,MAD_M6C12,4.049318322256588,22.796845257457544,CPG,WPG,0.1,0.41953786979113483,0.21785357345333647,0.7018200370287611,0,-1.6133294574959454,951.1,6.0,21.2
0.297,0.302,U8,MAD_M6C12,4.049208439033856,22.79643375275159,CPG,WPG,0.1,0.41954394760251473,0.21791437153271304,0.7008922705138292,3,-1.6135007944385187,951.5,6.0,21.2
0.297,0.302,U8,MAD_M6C12,4.049428765244592,22.798492529975736,CPG,WPG,0.1,0.4195224925585137,0.2179856558868794,0.7009149172510187,6,-1.613534204745589,951.9,6.0,21.2
0.297,0.302,U8,MAD_M6C12,4.049453230240413,22.798579534774323,CPG,WPG,0.1,0.4195227532891892,0.21802051569021316,0.7011303825410038,1,-1.613564661678753,952.0,6.0,21.2
0.297,0.302,U8,MAD_M6C12,4.0496983040846315,22.798072544960018,CPG,WPG,0.1,0.41952252909613996,0.21798985181592653,0.7010817283653017,6,-1.613435383113135,951.9,6.0,21.2
0.297,0.302,U8,MAD_M6C12,4.049551674208698,22.798971667225583,CPG,WPG,0.1,0.4195184783325069,0.21801397946966905,0.7015716088012893,6,-1.6135204019902734,951.9,6.0,21.2
0.297,0.302,U8,MAD_M6C12,4.049446637482504,22.798810101599035,CPG,WPG,0.1,0.4195196969008803,0.21800891126707148,0.7010209417303477,0,-1.6135241817879642,952.0,6.0,21.2
0.297,0.302,U8,MAD_M6C12,4.049264434084506,22.7976403484892,CPG,WPG,0.1,0.419530967772768,0.21795233258733163,0.7011298898839846,0,-1.6134818446839887,951.7,6.0,21.2
0.297,0.302,U8,MAD_M6C12,4.049262333692516,22.797824652128497,CPG,WPG,0.1,0.4195284018559356,0.21797082623832764,0.7012485864145335,2,-1.6134204560123813,951.8,6.0,21.2
0.297,0.302,U8,MAD_M6C12,4.049293475192721,22.79867979683189,CPG,WPG,0.1,0.4195231181668603,0.2179993819389384,0.7014186673788645,0,-1.613409231604379,951.9,6.0,21.2
0.297,0.302,U8,MAD_M6C12,4.049651167909598,22.798836094411893,CPG,WPG,0.1,0.41951825597503944,0.21808440589383224,0.7017822625339338,0,-1.613482331465228,952.2,6.0,21.2
0.297,0.302,U8,MAD_M6C12,4.04936178908242,22.799270000392983,CPG,WPG,0.1,0.41951768493577124,0.2180392862710006,0.7012508717640316,0,-1.6135347235987023,952.1,6.0,21.2
0.297,0.302,U8,MAD_M6C12,4.0492031682297664,22.798191300416196,CPG,WPG,0.1,0.41952855308495524,0.2180453741561617,0.7002940607005743,5,-1.6135092958947332,952.3,6.0,21.2
0.297,0.302,U8,MAD_M6C12,4.049349002179508,22.799209956975684,CPG,WPG,0.1,0.41952223647638204,0.2181044913912222,0.7010619203698103,3,-1.6135227718290732,952.4,6.0,21.2
0.297,0.302,U8,MAD_M6C12,4.049268253834062,22.79806630926803,CPG,WPG,0.1,0.41953057330707794,0.21801343972791581,0.7010450007447271,0,-1.6134038865945364,952.0,6.0,21.2
0.297,0.302,U8,MAD_M6C12,4.049028894624872,22.79745728544986,CPG,WPG,0.1,0.41954003547337443,0.21810554286070058,0.7009237321777269,5,-1.6135145798379078,952.4,6.0,21.2
0.297,0.302,U8,MAD_M6C12,4.049135647326718,22.79723117886156,CPG,WPG,0.1,0.4195446891465431,0.21808828223019314,0.7009118951183981,3,-1.6133692955941594,952.3,6.0,21.2
0.297,0.302,U8,MAD_M6C12,4.049111789555002,22.80049071199675,CPG,WPG,0.1,0.41951298629169403,0.2181811398816486,0.7008085965633701,2,-1.6134311493280684,952.9,6.0,21.2
0.297,0.302,U8,MAD_M6C12,4.049283710698285,22.80045860745011,CPG,WPG,0.1,0.4195088183320597,0.21818550365883632,0.7024891933793249,4,-1.6134724343068,952.6,6.0,21.2
0.297,0.302,U8,MAD_M6C12,4.049144440150698,22.799651558479397,CPG,WPG,0.1,0.41951406353710635,0.2180673266562835,0.7023150037551074,0,-1.6134447506951517,952.1,6.0,21.2
0.297,0.302,U8,MAD_M6C12,4.049165832212446,22.801288713392367,CPG,WPG,0.1,0.4195101792628493,0.21815465078037985,0.7018503058773065,1,-1.6135375921202524,952.5,6.0,21.2
0.297,0.302,U8,MAD_M6C12,4.049212376799768,22.800470029565407,CPG,WPG,0.1,0.4195099425577675,0.21807163173993976,0.7023819744905797,5,-1.613385943553661,952.1,6.0,21.2
0.297,0.302,U8,MAD_M6C12,4.049442618137078,22.80415161609207,CPG,WPG,0.1,0.4194814648063136,0.21821447466768282,0.7032559924609108,3,-1.613535067641715,952.6,6.0,21.2
0.297,0.302,U8,MAD_M6C12,4.049498873974693,22.803417892225394,CPG,WPG,0.1,0.419490105784211,0.2182303926861066,0.7033917702219745,1,-1.6134842564209766,952.6,6.0,21.2
0.297,0.302,U8,MAD_M6C12,4.0492626829487754,22.80221247210763,CPG,WPG,0.1,0.4195004245805024,0.21815233797821937,0.7035141606092639,2,-1.613509913678108,952.2,6.0,21.2
0.297,0.302,U8,MAD_M6C12,4.049147130042287,22.802069056198857,CPG,WPG,0.1,0.41950440045410703,0.21820402747455697,0.703059125142806,4,-1.6135728224371455,952.5,6.0,21.2
0.297,0.302,U8,MAD_M6C12,4.04977629156359,22.804814568128876,CPG,WPG,0.1,0.4194687888815074,0.21817376588997014,0.7035359587266421,2,-1.613544919932643,952.4,6.0,21.2
0.297,0.302,U8,MAD_M6C12,4.049179700394126,22.801648320021663,CPG,WPG,0.1,0.4195108463637651,0.21807462912506193,0.7024129845422173,3,-1.613419353073061,952.0,6.0,21.2
0.297,0.302,U8,MAD_M6C12,4.049491893764536,22.802511846782824,CPG,WPG,0.1,0.4194965223973117,0.21817822359106923,0.7030405807305744,1,-1.61352683600116,952.4,6.0,21.2
0.297,0.302,U8,MAD_M6C12,4.049314771585762,22.800961082256435,CPG,WPG,0.1,0.4195129207553321,0.2181035451599453,0.7033961168631877,7,-1.6135839588880145,951.9,6.0,21.2
0.297,0.302,U8,MAD_M6C12,4.049283375353561,22.80315341608692,CPG,WPG,0.1,0.41949408205568717,0.21817598106464417,0.7035189240478057,1,-1.6135651920621346,952.3,6.0,21.2
0.297,0.302,U8,MAD_M6C12,4.049607140597104,22.802830224352626,CPG,WPG,0.1,0.41949250110985925,0.21828794190751472,0.7035725936121136,1,-1.6136110514932511,952.8,6.0,21.2
0.297,0.302,U8,MAD_M6C12,4.049865076768578,22.804368548107874,CPG,WPG,0.1,0.4194739552948784,0.21832475597144888,0.7043259031681921,6,-1.6136012011559497,952.9,6.0,21.2
0.297,0.302,U8,MAD_M6C12,4.049922385238002,22.804760873423465,CPG,WPG,0.1,0.41946689390568226,0.21836332436221143,0.704963702869708,2,-1.613624341119463,953.0,6.0,21.2
0.297,0.302,U8,MAD_M6C12,4.04973586138579,22.802397205466246,CPG,WPG,0.1,0.4194923502838431,0.2183465271557822,0.704723385806473,1,-1.613478588588185,952.9,6.0,21.2
0.297,0.302,U8,MAD_M6C12,4.049502807102918,22.80273150938932,CPG,WPG,0.1,0.4194926154597013,0.21820233978163475,0.7043082084897017,1,-1.613500391670014,952.3,6.0,21.2
0.297,0.302,U8,MAD_M6C12,4.049802607831042,22.80283059706579,CPG,WPG,0.1,0.4194819217517194,0.2182417344259402,0.7040733751801942,7,-1.6135446813056316,952.6,6.0,21.2
0.297,0.302,U8,MAD_M6C12,4.049749150035421,22.803735731793193,CPG,WPG,0.1,0.41947696622425446,0.21824249253387323,0.7045246040108117,2,-1.6135986683314307,952.5,6.0,21.2
0.297,0.302,U8,MAD_M6C12,4.049663562815464,22.80250139595701,CPG,WPG,0.1,0.41949343153976254,0.21818765168211415,0.7042153788956562,4,-1.6136028934003122,952.2,6.0,21.2
0.297,0.302,U8,MAD_M6C12,4.049595858500961,22.802909847172874,CPG,WPG,0.1,0.41948944248844017,0.2181987533974187,0.7041027085508174,3,-1.6136250128790852,952.3,6.0,21.2
0.297,0.302,U8,MAD_M6C12,4.049912633873143,22.803727950076723,CPG,WPG,0.1,0.4194762098932654,0.2182192477644893,0.7043279506605002,3,-1.6136365427411548,952.4,6.0,21.2
0.297,0.302,U8,MAD_M6C12,4.049842884283236,22.805951650211398,CPG,WPG,0.1,0.41946226639821066,0.218315507318555,0.7042323052854487,2,-1.6136144406016708,952.9,6.0,21.2
0.297,0.302,U8,MAD_M6C12,4.049641554149804,22.80448793001061,CPG,WPG,0.1,0.4194788384026963,0.21821528097250212,0.7040122583890556,5,-1.6136271536683608,952.4,6.0,21.2
0.297,0.302,U8,MAD_M6C12,4.049787520341462,22.805354240484608,CPG,WPG,0.1,0.41946909103228147,0.21827079876802094,0.7049701652544216,4,-1.6136445855255985,952.5,6.0,21.2
0.297,0.302,U8,MAD_M6C12,4.04979745937293,22.80527630781409,CPG,WPG,0.1,0.41946999417877995,0.21829889338871164,0.7045976872311726,0,-1.6136490729047157,952.7,6.0,21.2
0.297,0.302,U8,MAD_M6C12,4.049773763209439,22.80600479106873,CPG,WPG,0.1,0.4194639264255648,0.2182378872592212,0.7043469688696149,4,-1.6135903959686075,952.5,6.0,21.2
0.297,0.302,U8,MAD_M6C12,4.049816485641741,22.804857202954953,CPG,WPG,0.1,0.41947188218636916,0.218232056543247,0.7045517496835698,5,-1.6136346690528516,952.4,6.0,21.2
0.297,0.302,U8,MAD_M6C12,4.049949456206079,22.805578743271123,CPG,WPG,0.1,0.4194633708609278,0.21831503587827888,0.70458451505533,2,-1.6137015082548558,952.8,6.0,21.2
0.297,0.302,U8,MAD_M6C12,4.049842838576202,22.805284295274785,CPG,WPG,0.1,0.4194682029866705,0.2183257557404793,0.7043340171043173,7,-1.6136323720101107,952.9,6.0,21.2
0.297,0.302,U8,MAD_M6C12,4.049929527187051,22.80555120751441,CPG,WPG,0.1,0.4194654553217988,0.21827157865731972,0.7045661982728735,3,-1.6136120998653212,952.6,6.0,21.2
0.297,0.302,U8,MAD_M6C12,4.049929000313672,22.80552044361563,CPG,WPG,0.1,0.41946836419349254,0.21829869275128572,0.704499566200611,0,-1.613640177022539,952.7,6.0,21.2
0.297,0.302,U8,MAD_M6C12,4.049801244711583,22.804763873264097,CPG,WPG,0.1,0.4194733339075668,0.21828088469461604,0.7050610154629982,7,-1.6137154849379591,952.5,6.0,21.2
0.297,0.302,U8,MAD_M6C12,4.04997213444129,22.806224090868156,CPG,WPG,0.1,0.4194593530996775,0.21832107294352662,0.7051538825925663,6,-1.6137439256564203,952.7,6.0,21.2
0.297,0.302,U8,MAD_M6C12,4.049905889116521,22.806134436435478,CPG,WPG,0.1,0.4194624430791787,0.21829384203137775,0.7050218045137981,3,-1.6136550158517178,952.6,6.0,21.2
0.297,0.302,U8,MAD_M6C12,4.049952351268853,22.80626921809254,CPG,WPG,0.1,0.4194597025800658,0.2182946433837342,0.7050763511563023,4,-1.613689084518187,952.6,6.0,21.2
0.297,0.302,U8,MAD_M6C12,4.049850846251744,22.80534873656647,CPG,WPG,0.1,0.4194668913407411,0.2182652612830547,0.7049091091593618,1,-1.6136572764956387,952.5,6.0,21.2
0.297,0.302,U8,MAD_M6C12,4.0498500460184745,22.80657976931183,CPG,WPG,0.1,0.4194603542345007,0.218247436979255,0.7048167943826305,5,-1.6137309929237809,952.4,6.0,21.2
0.297,0.302,U8,MAD_M6C12,4.0497517107358965,22.805467312888315,CPG,WPG,0.1,0.4194710467491042,0.21823948643912514,0.7045472651166675,4,-1.6136712121053556,952.4,6.0,21.2
0.297,0.302,U8,MAD_M6C12,4.0497728429021285,22.806421938922927,CPG,WPG,0.1,0.4194621403523489,0.2182437477029871,0.7044719708192861,0,-1.6135656619777627,952.5,6.0,21.2
0.297,0.302,U8,MAD_M6C12,4.049682084076859,22.80552346869447,CPG,WPG,0.1,0.4194726987220332,0.2182515914437319,0.7043191815892977,2,-1.613633998688087,952.5,6.0,21.2
0.297,0.302,U8,MAD_M6C12,4.049680630499059,22.805197835758623,CPG,WPG,0.1,0.41947471644825074,0.21823111595100803,0.7043217805562638,1,-1.6136408675187877,952.4,6.0,21.2
0.297,0.302,U8,MAD_M6C12,4.049537820702343,22.80468358853734,CPG,WPG,0.1,0.4194807574915797,0.21823222516914687,0.7038346585764002,0,-1.613605962519772,952.5,6.0,21.2
0.297,0.302,U8,MAD_M6C12,4.04964394577795,22.805020995543398,CPG,WPG,0.1,0.4194751511049012,0.21822697777853228,0.7042491205117014,3,-1.6136752175665112,952.4,6.0,21.2
0.297,0.302,U8,MAD_M6C12,4.049670296966491,22.805701674313617,CPG,WPG,0.1,0.41946625499125734,0.21820066183856998,0.7045118094564495,5,-1.6135960543393022,952.3,6.0,21.2
0.297,0.302,U8,MAD_M6C12,4.049722604151106,22.805493524665042,CPG,WPG,0.1,0.41946841004882274,0.21820524467017643,0.7044102457740431,7,-1.6136748240936374,952.3,6.0,21.2
0.297,0.302,U8,MAD_M6C12,4.049800948685461,22.806621639564447,CPG,WPG,0.1,0.4194574895803625,0.21821102934250886,0.7048004306279267,1,-1.6136288858886427,952.3,6.0,21.2
0.297,0.302,U8,MAD_M6C12,4.049819211690161,22.806381765980092,CPG,WPG,0.1,0.4194581034211051,0.21821367848942677,0.7050252176876941,4,-1.6135408110700524,952.3,6.0,21.2
0.297,0.302,U8,MAD_M6C12,4.049693569766722,22.80559972328903,CPG,WPG,0.1,0.4194658090117618,0.21821715617555926,0.7049218051325252,3,-1.6136193243760513,952.3,6.0,21.2
0.297,0.302,U8,MAD_M6C12,4.049700613035769,22.805614238237776,CPG,WPG,0.1,0.4194680452374925,0.21819453859597468,0.70469190809618,5,-1.6136448223987507,952.2,6.0,21.2
0.297,0.302,U8,MAD_M6C12,4.049708072957328,22.80567851941378,CPG,WPG,0.1,0.41947034234304015,0.21823829830593094,0.7045492492882106,0,-1.613649122295934,952.4,6.0,21.2
0.297,0.302,U8,MAD_M6C12,4.049788094558291,22.805840383324057,CPG,WPG,0.1,0.41946519792873566,0.21823108919940154,0.7050092124687,2,-1.613696686836855,952.3,6.0,21.2
0.297,0.302,U8,MAD_M6C12,4.049724644503462,22.80586405009535,CPG,WPG,0.1,0.4194641584628367,0.2182165881276767,0.7053114017976498,7,-1.6136713798846074,952.2,6.0,21.2
0.297,0.302,U8,MAD_M6C12,4.049890410142772,22.805851406870786,CPG,WPG,0.1,0.41946294306785636,0.21824612723758938,0.705509116377212,5,-1.6136323212658077,952.3,6.0,21.2
0.297,0.302,U8,MAD_M6C12,4.049787326843918,22.80533957285461,CPG,WPG,0.1,0.41946990471306844,0.21821941158827904,0.705294768276739,1,-1.613575766892959,952.2,6.0,21.2
0.297,0.302,U8,MAD_M6C12,4.049810434015812,22.80642833819217,CPG,WPG,0.1,0.4194618653025892,0.21823741477388292,0.7051692981054232,3,-1.6136631320016672,952.3,6.0,21.2
0.297,0.302,U8,MAD_M6C12,4.049845045105722,22.805927032895806,CPG,WPG,0.1,0.4194648828534468,0.2182678220371751,0.7053178676855163,1,-1.6136995010997186,952.4,6.0,21.2
0.297,0.302,U8,MAD_M6C12,4.049750390426806,22.80605663003699,CPG,WPG,0.1,0.4194657239497973,0.21826042641170923,0.7050866210009166,5,-1.6137222915279015,952.4,6.0,21.2
0.297,0.302,U8,MAD_M6C12,4.049714312110971,22.805422819657828,CPG,WPG,0.1,0.41946978139730934,0.21820165214584197,0.7047864397021013,3,-1.61366449852029,952.2,6.0,21.2
0.297,0.302,U8,MAD_M6C12,4.049726279225293,22.806235625058275,CPG,WPG,0.1,0.419462274026241,0.2182073860486084,0.7051285173564845,2,-1.6136254617903916,952.2,6.0,21.2
0.297,0.302,U8,MAD_M6C12,4.0497749583385145,22.806549229944636,CPG,WPG,0.1,0.4194606223544134,0.21820704804086927,0.7049545653694271,6,-1.6137018980236633,952.2,6.0,21.2
0.297,0.302,U8,MAD_M6C12,4.04975154287163,22.806542172098485,CPG,WPG,0.1,0.41945977354816555,0.2182080762693583,0.7050596047658098,7,-1.613699830467926,952.2,6.0,21.2
0.297,0.302,U8,MAD_M6C12,4.049774290081046,22.807090770224946,CPG,WPG,0.1,0.4194545573416094,0.21823040188381326,0.7053332961383774,5,-1.6135968848597138,952.3,6.0,21.2
0.297,0.302,U8,MAD_M6C12,4.049738912227516,22.807147136254063,CPG,WPG,0.1,0.4194554563251049,0.2182575414941334,0.7053346647347718,3,-1.6136663235293032,952.4,6.0,21.2
0.297,0.302,U8,MAD_M6C12,4.049687536927641,22.806456237479015,CPG,WPG,0.1,0.419460851777519,0.21824109334562325,0.7049358380316053,7,-1.6136497098638056,952.4,6.0,21.2
0.297,0.302,U8,MAD_M6C12,4.049698456262963,22.806933760831498,CPG,WPG,0.1,0.4194575202408648,0.21822711676318318,0.7050924423086999,6,-1.6136688461793707,952.3,6.0,21.2
0.297,0.302,U8,MAD_M6C12,4.049644208829148,22.807026413641807,CPG,WPG,0.1,0.4194567185346574,0.2182252452666415,0.7051275222898505,5,-1.6136560368959927,952.3,6.0,21.2
0.297,0.302,U8,MAD_M6C12,4.049689432024444,22.806058404840215,CPG,WPG,0.1,0.4194639419012909,0.21825111677265188,0.7050888045355523,6,-1.6136807452442685,952.4,6.0,21.2
0.297,0.302,U8,MAD_M6C12,4.04977930138582,22.807085982070927,CPG,WPG,0.1,0.4194531663532158,0.21823133139703016,0.7053901434471053,3,-1.6136345889080275,952.3,6.0,21.2
0.297,0.302,U8,MAD_M6C12,4.049760333744181,22.80758303907847,CPG,WPG,0.1,0.41944954409723617,0.21825144937426127,0.7055096406407122,5,-1.6135718243490924,952.4,6.0,21.2
0.297,0.302,U8,MAD_M6C12,4.049770802128339,22.807450986665998,CPG,WPG,0.1,0.4194508125992027,0.21824280474396077,0.7056094876804955,4,-1.6136842655439558,952.3,6.0,21.2
0.297,0.302,U8,MAD_M6C12,4.049705884538913,22.807383566173876,CPG,WPG,0.1,0.41945335046216425,0.21823082280547546,0.7052795266855352,0,-1.6136582161414612,952.3,6.0,21.2
0.297,0.302,U8,MAD_M6C12,4.049721490407139,22.806883751281973,CPG,WPG,0.1,0.41945700675525277,0.21823278501213503,0.705271248703994,3,-1.6136610671030382,952.3,6.0,21.2
0.297,0.302,U8,MAD_M6C12,4.049785176013861,22.80764469435701,CPG,WPG,0.1,0.41945035130589714,0.2182427158229448,0.7055463473301868,2,-1.6136854927206663,952.3,6.0,21.2
0.297,0.302,U8,MAD_M6C12,4.049722927312793,22.806928973718474,CPG,WPG,0.1,0.41945707181336406,0.21821702518077274,0.705457891315016,4,-1.613599509926452,952.2,6.0,21.2
0.297,0.302,U8,MAD_M6C12,4.049734120080558,22.807285860773632,CPG,WPG,0.1,0.4194535818112402,0.21823910770287963,0.7054613398673233,5,-1.6136690978343164,952.3,6.0,21.2
0.297,0.302,U8,MAD_M6C12,4.049767850852024,22.807573017723247,CPG,WPG,0.1,0.4194515964821543,0.21826154136675796,0.7055458733400664,4,-1.6136223661654299,952.4,6.0,21.2
0.297,0.302,U8,MAD_M6C12,4.0497348573507495,22.80725657540773,CPG,WPG,0.1,0.41945363477504155,0.21823987160633035,0.7055147902291314,3,-1.6136491206461923,952.3,6.0,21.2
0.297,0.302,U8,MAD_M6C12,4.049691168809923,22.807001682151153,CPG,WPG,0.1,0.41945769640936026,0.21822233869422789,0.705454734638562,6,-1.6136633910997595,952.2,6.0,21.2
0.297,0.302,U8,MAD_M6C12,4.049716078873601,22.807310432591414,CPG,WPG,0.1,0.4194541473895292,0.2181996489577205,0.7055830516844956,7,-1.6136025180922733,952.1,6.0,21.2
0.297,0.302,U8,MAD_M6C12,4.049725459650706,22.807234619348343,CPG,WPG,0.1,0.41945450911477133,0.21822700916638862,0.7056285818662231,1,-1.6136783222512268,952.2,6.0,21.2
0.297,0.302,U8,MAD_M6C12,4.049707233402114,22.80724653097775,CPG,WPG,0.1,0.4194561935917779,0.2182401109854647,0.705501396339288,0,-1.6135644194965053,952.3,6.0,21.2
0.297,0.302,U8,MAD_M6C12,4.0496269829669576,22.806855914721005,CPG,WPG,0.1,0.4194599515480994,0.2182398018251782,0.7053120323482207,4,-1.6136828930634692,952.3,6.0,21.2
0.297,0.302,U8,MAD_M6C12,4.049579446936894,22.806527079478332,CPG,WPG,0.1,0.41946385684350573,0.21821724157357858,0.7052565316805253,7,-1.6136381112003377,952.2,6.0,21.2
0.297,0.302,U8,MAD_M6C12,4.04955996302811,22.806881543846274,CPG,WPG,0.1,0.41946145495182396,0.2182610347435868,0.7052782423343409,3,-1.6136765758318123,952.4,6.0,21.2
0.297,0.302,U8,MAD_M6C12,4.049648892747894,22.807265949742018,CPG,WPG,0.1,0.4194573014179897,0.21822884616658214,0.7055670348894232,3,-1.6136638265154382,952.2,6.0,21.2
0.297,0.302,U8,MAD_M6C12,4.049624791235495,22.807290046247022,CPG,WPG,0.1,0.41945755108810523,0.218245701821043,0.7054506965931457,3,-1.6136733967738266,952.3,6.0,21.2
0.297,0.302,U8,MAD_M6C12,4.049587238871567,22.807141778567566,CPG,WPG,0.1,0.41945986756151016,0.21824944964066442,0.7054614812089883,7,-1.613688430639769,952.3,6.0,21.2
0.297,0.302,U8,MAD_M6C12,4.049616522413994,22.807290697533784,CPG,WPG,0.1,0.41945781108361424,0.2182666894064832,0.7055152927163375,1,-1.6136199432585663,952.4,6.0,21.2
0.297,0.302,U8,MAD_M6C12,4.0496863864386725,22.807957647969882,CPG,WPG,0.1,0.4194510196557973,0.21828970276790008,0.7056486728010278,1,-1.6136400804137807,952.5,6.0,21.2
0.297,0.302,U8,MAD_M6C12,4.049604752701705,22.80788849384153,CPG,WPG,0.1,0.4194547703679161,0.21825400671423717,0.7055834499307836,1,-1.6136915227939017,952.3,6.0,21.2
0.297,0.302,U8,MAD_M6C12,4.049579847701253,22.807751392507075,CPG,WPG,0.1,0.41945585406972274,0.21824876595594622,0.7054622497589347,4,-1.6136931444116804,952.3,6.0,21.2
0.297,0.302,U8,MAD_M6C12,4.049654943214459,22.807759944656127,CPG,WPG,0.1,0.41945607969598847,0.21826809083395635,0.7053637286209256,1,-1.613675948699104,952.4,6.0,21.2
0.297,0.302,U8,MAD_M6C12,4.049646360270545,22.807462605833788,CPG,WPG,0.1,0.4194586692362528,0.21827362488724453,0.7054470160811639,2,-1.6136811248786902,952.4,6.0,21.2
0.297,0.302,U8,MAD_M6C12,4.049757844134375,22.807875143790664,CPG,WPG,0.1,0.41945405277125536,0.21831171057681387,0.7058282938720586,5,-1.613727505090397,952.5,6.0,21.2
0.297,0.302,U8,MAD_M6C12,4.049780374214531,22.8081833133779,CPG,WPG,0.1,0.4194500165065193,0.21830319786659702,0.7057391873610324,2,-1.6137305176375527,952.5,6.0,21.2
0.297,0.302,U8,MAD_M6C12,4.049721034665117,22.80783043965359,CPG,WPG,0.1,0.4194534436839814,0.2183111535640899,0.705420817890341,7,-1.6137149379168196,952.6,6.0,21.2
0.297,0.302,U8,MAD_M6C12,4.04962598257788,22.808007702745783,CPG,WPG,0.1,0.41945579063662325,0.21831682045552486,0.7054248003439865,0,-1.6137097345056723,952.6,6.0,21.2
0.297,0.302,U8,MAD_M6C12,4.049521498722345,22.807413640275612,CPG,WPG,0.1,0.4194624018184313,0.2183396416644883,0.7053629602454157,2,-1.613714356205886,952.7,6.0,21.2
0.297,0.302,U8,MAD_M6C12,4.049617195253722,22.80811772844212,CPG,WPG,0.1,0.4194543185999541,0.21838598670671666,0.7057530481935754,0,-1.6136237793990489,952.9,6.0,21.2
0.297,0.302,U8,MAD_M6C12,4.0495731343982975,22.807989717231557,CPG,WPG,0.1,0.4194544276142752,0.21837599125500073,0.7055663361785127,7,-1.613645295852212,952.9,6.0,21.2
0.297,0.302,U8,MAD_M6C12,4.049574550911609,22.807387252257584,CPG,WPG,0.1,0.4194600224631121,0.21834074728877145,0.7055570465765415,4,-1.6136780754506805,952.7,6.0,21.2
0.297,0.302,U8,MAD_M6C12,4.04966610992235,22.80773851031479,CPG,WPG,0.1,0.419450948449622,0.2182929067872837,0.7058556625244727,2,-1.6136243414464815,952.5,6.0,21.2
0.297,0.302,U8,MAD_M6C12,4.049667769127022,22.807600892637744,CPG,WPG,0.1,0.4194565626890733,0.2183280807002756,0.7057511922810087,1,-1.6137221022859993,952.6,6.0,21.2
0.297,0.302,U8,MAD_M6C12,4.04971538789141,22.807915555455473,CPG,WPG,0.1,0.41945265827959677,0.21835241123711543,0.7059131147639328,6,-1.6137249557397215,952.7,6.0,21.2
0.297,0.302,U8,MAD_M6C12,4.049578468010495,22.8078095782396,CPG,WPG,0.1,0.4194561435481125,0.21838712792784926,0.7057047849170774,4,-1.6137056014967825,952.9,6.0,21.2
0.297,0.302,U8,MAD_M6C12,4.049598022522626,22.807271320792992,CPG,WPG,0.1,0.41945971176896935,0.2183177505450763,0.705531937824222,5,-1.6136939108532413,952.6,6.0,21.2
0.297,0.302,U8,MAD_M6C12,4.049750747772553,22.80867643950628,CPG,WPG,0.1,0.4194454533828017,0.2184186810754163,0.7061363388641477,0,-1.613718040147937,953.0,6.0,21.2
0.297,0.302,U8,MAD_M6C12,4.049627746048579,22.807719738407915,CPG,WPG,0.1,0.41945446133700526,0.21836139822872547,0.7062044586776368,4,-1.6136965114994926,952.7,6.0,21.2
0.297,0.302,U8,MAD_M6C12,4.04960417031567,22.808025057954165,CPG,WPG,0.1,0.4194527164436654,0.21835758654635293,0.7061422991050312,5,-1.613684401722601,952.7,6.0,21.2
0.297,0.302,U8,MAD_M6C12,4.049583836160551,22.807613949489237,CPG,WPG,0.1,0.41945911234995636,0.21836197351601913,0.7059722238112802,1,-1.613715846577156,952.7,6.0,21.2
0.297,0.302,U8,MAD_M6C12,4.0496334398295115,22.807228510808585,CPG,WPG,0.1,0.41946201130688965,0.21833861458087342,0.7058961551593419,5,-1.6136737770835765,952.6,6.0,21.2
0.297,0.302,U8,MAD_M6C12,4.049701929600753,22.80755108654644,CPG,WPG,0.1,0.4194581515500071,0.21839228168516292,0.7062587481723459,2,-1.6136588414971627,952.8,6.0,21.2
0.297,0.302,U8,MAD_M6C12,4.0499297190462205,22.808604454690926,CPG,WPG,0.1,0.41944293154361123,0.21836774110474327,0.7069321200866461,7,-1.6137353979248914,952.6,6.0,21.2
0.297,0.302,U8,MAD_M6C12,4.049848700072055,22.80860593539523,CPG,WPG,0.1,0.4194445095916616,0.21834876604698406,0.7064915538094487,7,-1.613703599287689,952.6,6.0,21.2
0.297,0.302,U8,MAD_M6C12,4.0497206245576045,22.807571671596477,CPG,WPG,0.1,0.4194568741430388,0.21834690954524796,0.7061877404563135,3,-1.6136921793935315,952.6,6.0,21.2
0.297,0.302,U8,MAD_M6C12,4.049988481596869,22.80854944874345,CPG,WPG,0.1,0.41944350947675607,0.21835055025695613,0.7064855834930825,0,-1.6137136828807783,952.6,6.0,21.2
0.297,0.302,U8,MAD_M6C12,4.049755088157509,22.808531409040764,CPG,WPG,0.1,0.4194506624985287,0.2183644725162781,0.7055630256836376,4,-1.613716621638222,952.8,6.0,21.2
0.297,0.302,U8,MAD_M6C12,4.049888771419393,22.809281438594077,CPG,WPG,0.1,0.4194407151207576,0.2183653792265896,0.706229164636361,1,-1.6137769681188665,952.7,6.0,21.2
0.297,0.302,U8,MAD_M6C12,4.049636206264414,22.807849061789728,CPG,WPG,0.1,0.4194570796474814,0.21831203872439828,0.7057526505547824,6,-1.613730858150502,952.5,6.0,21.2
0.297,0.302,U8,MAD_M6C12,4.049811538126052,22.80810282980775,CPG,WPG,0.1,0.41945279672880426,0.21832712942354027,0.7056214748514242,7,-1.6137410278609305,952.6,6.0,21.2
0.297,0.302,U8,MAD_M6C12,4.049655373447381,22.808182942596336,CPG,WPG,0.1,0.4194539297276032,0.21833126357680938,0.7058638805547846,1,-1.6136596469915823,952.6,6.0,21.2
0.297,0.302,U8,MAD_M6C12,4.049675941688879,22.80849847754853,CPG,WPG,0.1,0.4194540935672899,0.21834981974500892,0.7056052199558316,7,-1.6136944871610606,952.7,6.0,21.2
0.297,0.302,U8,MAD_M6C12,4.04958839893413,22.807891196731923,CPG,WPG,0.1,0.41946012634467855,0.21832774044963332,0.7054934441479972,0,-1.6137038548625409,952.6,6.0,21.2
0.297,0.302,U8,MAD_M6C12,4.0495324015521454,22.808001028274838,CPG,WPG,0.1,0.4194599528781157,0.218255542101607,0.7053137678256145,2,-1.6136853788018435,952.3,6.0,21.2
0.297,0.302,U8,MAD_M6C12,4.049376532947772,22.807762703776277,CPG,WPG,0.1,0.41946405481525784,0.21824351831383634,0.704955136448437,4,-1.6137123239628366,952.3,6.0,21.2
0.297,0.302,U8,MAD_M6C12,4.049525178068379,22.807892897462565,CPG,WPG,0.1,0.4194622485780132,0.21828479072721974,0.7049799945975774,1,-1.6136364649296784,952.5,6.0,21.2
0.297,0.302,U8,MAD_M6C12,4.049431456344325,22.808012807837795,CPG,WPG,0.1,0.4194639921919908,0.21829409601855151,0.7050168706093816,5,-1.6137151257598568,952.5,6.0,21.2
0.297,0.302,U8,MAD_M6C12,4.0495763039373305,22.80827663707278,CPG,WPG,0.1,0.4194558176680916,0.2183365349130935,0.7054236696787277,2,-1.6136422840390363,952.7,6.0,21.2
0.297,0.302,U8,MAD_M6C12,4.049447531387085,22.808424265072638,CPG,WPG,0.1,0.4194600028641372,0.21825812918505105,0.7048036400197795,4,-1.6136684162299613,952.4,6.0,21.2
0.297,0.302,U8,MAD_M6C12,4.04950446396393,22.80807973838524,CPG,WPG,0.1,0.4194630633592566,0.21827677953354535,0.704650081657046,5,-1.6136594185713768,952.5,6.0,21.2
0.297,0.302,U8,MAD_M6C12,4.049200104398416,22.806068364888553,CPG,WPG,0.1,0.41948181730163825,0.21829751446736195,0.7044342803657515,1,-1.6137037964153933,952.6,6.0,21.2
0.297,0.302,U8,MAD_M6C12,4.049302402142929,22.80685712421145,CPG,WPG,0.1,0.41947632560361314,0.21829917811161353,0.7040828649934969,5,-1.613590992320841,952.7,6.0,21.2
0.297,0.302,U8,MAD_M6C12,4.049302239775874,22.80514521572168,CPG,WPG,0.1,0.4194886171404711,0.21828233051634865,0.7052486885381413,2,-1.6134607302136725,952.4,6.0,21.2
0.297,0.302,U8,MAD_M6C12,4.049239785353673,22.806747553098038,CPG,WPG,0.1,0.419475653142812,0.21834247893499065,0.7045986994424309,3,-1.6137050377011022,952.8,6.0,21.2
0.297,0.302,U8,MAD_M6C12,4.049023946431996,22.804163945292697,CPG,WPG,0.1,0.41950035525107854,0.2183386205115015,0.7042436043744602,1,-1.6136200850705187,952.8,6.0,21.2
0.297,0.302,U8,MAD_M6C12,4.0488448695414165,22.803158369741656,CPG,WPG,0.1,0.41951134570152415,0.21832583719108817,0.7038800274317176,7,-1.6135509624027922,952.8,6.0,21.2
0.297,0.302,U8,MAD_M6C12,4.049099987808588,22.805006009846075,CPG,WPG,0.1,0.41948831119034424,0.21839126557599714,0.7049503379274418,6,-1.6135662939494573,953.0,6.0,21.2
0.297,0.302,U8,MAD_M6C12,4.048723174130343,22.80356106008223,CPG,WPG,0.1,0.4195103624888536,0.2184235871686651,0.7041458059607355,6,-1.6136061253054343,953.2,6.0,21.2
0.297,0.302,U8,MAD_M6C12,4.048737644423703,22.80415057047853,CPG,WPG,0.1,0.4195055645386556,0.21832123528196606,0.7037294627008128,0,-1.6136329007970307,952.8,6.0,21.2
0.297,0.302,U8,MAD_M6C12,4.049001388875694,22.80442314260535,CPG,WPG,0.1,0.419496145372742,0.21837276686065157,0.7044484076096169,7,-1.6134741391701262,953.0,6.0,21.2
0.297,0.302,U8,MAD_M6C12,4.049039211824281,22.804230050152228,CPG,WPG,0.1,0.41949872662788734,0.21840382681680937,0.7048361274546218,3,-1.6136409145324588,953.0,6.0,21.2
0.297,0.302,U8,MAD_M6C12,4.049096784771004,22.804942399569104,CPG,WPG,0.1,0.41948904030734,0.21838016094666365,0.7052650733662595,7,-1.6134951589958764,952.9,6.0,21.2
0.297,0.302,U8,MAD_M6C12,4.049157730923863,22.80454391412682,CPG,WPG,0.1,0.4194917840887613,0.2183895293648056,0.7052745396239604,5,-1.6135977603293608,952.9,6.0,21.2
0.297,0.302,U8,MAD_M6C12,4.0493124479429286,22.80517941088147,CPG,WPG,0.1,0.41948095800153384,0.21842051468276896,0.7057989839160137,4,-1.613616618195989,953.0,6.0,21.2
0.297,0.302,U8,MAD_M6C12,4.049200350855671,22.80407316285645,CPG,WPG,0.1,0.4194926720188519,0.21832449108071783,0.7049130743786427,4,-1.6135267259211314,952.7,6.0,21.2
0.297,0.302,U8,MAD_M6C12,4.049240029872284,22.805328664731093,CPG,WPG,0.1,0.4194808929809093,0.21839007385962775,0.7055690296689487,1,-1.6136248396264694,952.9,6.0,21.2
0.297,0.302,U8,MAD_M6C12,4.049398623314372,22.80690738012018,CPG,WPG,0.1,0.4194654834920681,0.2184364276319694,0.7060156573639675,7,-1.6135452884097337,953.1,6.0,21.2
0.297,0.302,U8,MAD_M6C12,4.049568879345611,22.807954833728203,CPG,WPG,0.1,0.41945384764446436,0.2183655289603258,0.7060614838499379,2,-1.613508294527712,952.8,6.0,21.2
0.297,0.302,U8,MAD_M6C12,4.049410247848104,22.80606385218021,CPG,WPG,0.1,0.4194771289585404,0.2183359290678873,0.7051080362262039,6,-1.613605478743203,952.7,6.0,21.2
0.297,0.302,U8,MAD_M6C12,4.049355013317315,22.807390601608457,CPG,WPG,0.1,0.4194651459844369,0.2182923562684618,0.704952102959084,0,-1.6135410353911244,952.6,6.0,21.2
0.297,0.302,U8,MAD_M6C12,4.0494426079388335,22.808020356226887,CPG,WPG,0.1,0.41946370406005473,0.21831343263302655,0.7046044703404473,4,-1.6136263738760803,952.7,6.0,21.2
0.297,0.302,U8,MAD_M6C12,4.049379943182914,22.807631540071412,CPG,WPG,0.1,0.4194649875561385,0.21831306294830383,0.7046564964025492,5,-1.6136729074632044,952.7,6.0,21.2
0.297,0.302,U8,MAD_M6C12,4.049076957824251,22.807829675884896,CPG,WPG,0.1,0.4194727105311359,0.2182609466129263,0.7040687448883425,1,-1.6136992014217366,952.5,6.0,21.2
0.297,0.302,U8,MAD_M6C12,4.04893387365645,22.806687861536048,CPG,WPG,0.1,0.4194861461329961,0.2182328026325066,0.7037897507232809,2,-1.6135662258869274,952.4,6.0,21.2
0.297,0.302,U8,MAD_M6C12,4.049136276830105,22.806590366174238,CPG,WPG,0.1,0.41947919265528627,0.21824800109225626,0.7042760040727938,3,-1.6137006484205756,952.4,6.0,21.2
0.297,0.302,U8,MAD_M6C12,4.049130338973535,22.807002298473808,CPG,WPG,0.1,0.41947808401619746,0.2182534248426563,0.7038422358366745,7,-1.6136836317324743,952.5,6.0,21.2
0.297,0.302,U8,MAD_M6C12,4.049047211798695,22.80693942638735,CPG,WPG,0.1,0.4194795603918529,0.21826730456844193,0.7037669064656913,1,-1.6136173078437999,952.6,6.0,21.2
0.297,0.302,U8,MAD_M6C12,4.049206012199928,22.806753599118966,CPG,WPG,0.1,0.41947570950775004,0.21828321031427853,0.7042445205550529,2,-1.6136787821069056,952.6,6.0,21.2
0.297,0.302,U8,MAD_M6C12,4.049191244615843,22.80830670173685,CPG,WPG,0.1,0.41946782423288687,0.21821755620324446,0.703717748434451,4,-1.6135852617626938,952.4,6.0,21.2
0.297,0.302,U8,MAD_M6C12,4.0492850207752085,22.80871710451177,CPG,WPG,0.1,0.4194612360042008,0.2182514534699181,0.704127411725946,0,-1.6136430734291682,952.5,6.0,21.2
0.297,0.302,U8,MAD_M6C12,4.049213853924421,22.80863236707854,CPG,WPG,0.1,0.41946351037947777,0.21825600303724071,0.7040948040227901,5,-1.6137107290413137,952.5,6.0,21.2
0.297,0.302,U8,MAD_M6C12,4.048813091558094,22.80702292216912,CPG,WPG,0.1,0.4194857589124329,0.21825609137866994,0.7031671912466577,2,-1.6136942350388281,952.6,6.0,21.2
0.297,0.302,U8,MAD_M6C12,4.049011737970507,22.807045631696145,CPG,WPG,0.1,0.4194795364402986,0.21827295764428306,0.7033008210212861,1,-1.613682862271098,952.7,6.0,21.2
0.297,0.302,U8,MAD_M6C12,4.048960693576656,22.807242599854362,CPG,WPG,0.1,0.4194801489598786,0.21830761895728573,0.7036298151522566,2,-1.613628743361227,952.8,6.0,21.2
0.297,0.302,U8,MAD_M6C12,4.049088674093865,22.806952599159352,CPG,WPG,0.1,0.41948063197531144,0.21834473960418202,0.703929699276971,0,-1.6136708649028506,952.9,6.0,21.2
0.297,0.302,U8,MAD_M6C12,4.049186151843667,22.808433556006456,CPG,WPG,0.1,0.4194671464470564,0.21830896951012502,0.704247399739637,6,-1.6136962980857934,952.7,6.0,21.2
0.297,0.302,U8,MAD_M6C12,4.04915610332765,22.80838235680335,CPG,WPG,0.1,0.4194646778126029,0.2183103375685835,0.7045471405700754,7,-1.613645309345328,952.7,6.0,21.2
0.297,0.302,U8,MAD_M6C12,4.049119359379325,22.80892742275307,CPG,WPG,0.1,0.4194620427014848,0.21831595893255906,0.704116169002015,6,-1.6136867887113677,952.8,6.0,21.2
0.297,0.302,U8,MAD_M6C12,4.048786590812878,22.80688225522994,CPG,WPG,0.1,0.41948460825748735,0.21827049114492053,0.703123473767993,1,-1.5877180383315235,952.7,6.0,21.2
0.297,0.302,U8,MAD_M6C12,4.04864751978432,22.806671904302064,CPG,WPG,0.1,0.41949112403078653,0.2183139029744107,0.703101347759779,6,-1.613606662687884,952.9,6.0,21.2
0.297,0.302,U8,MAD_M6C12,4.048772882193182,22.806891409668125,CPG,WPG,0.1,0.41948664755292275,0.21829496669186502,0.7031821204748145,7,-1.613649967335844,952.8,6.0,21.2
0.297,0.302,U8,MAD_M6C12,4.048784231028624,22.805617321169983,CPG,WPG,0.1,0.4194964272772441,0.21830358256679688,0.7035212090896801,1,-1.6134560380140446,952.8,6.0,21.2
0.297,0.302,U8,MAD_M6C12,4.0488718845004135,22.80666863100757,CPG,WPG,0.1,0.4194850359672371,0.21826840924674595,0.7031533347300676,7,-1.6136507812632352,952.7,6.0,21.2
0.297,0.302,U8,MAD_M6C12,4.0488898241310665,22.806783291266086,CPG,WPG,0.1,0.4194844680285553,0.21831482525537216,0.7037257378402773,7,-1.6136584895544193,952.8,6.0,21.2
0.297,0.302,U8,MAD_M6C12,4.048950285240059,22.806774717187658,CPG,WPG,0.1,0.4194828156494674,0.21830124012292035,0.7035141853641775,2,-1.613618457615667,952.8,6.0,21.2
0.297,0.302,U8,MAD_M6C12,4.049099813071776,22.808552250264775,CPG,WPG,0.1,0.4194650753656326,0.21833391808828478,0.7040645030907138,0,-1.6136472361966003,952.9,6.0,21.2
0.297,0.302,U8,MAD_M6C12,4.049011354539421,22.80865002870277,CPG,WPG,0.1,0.4194692086724018,0.2183530236570161,0.7037038262395279,2,-1.613718999331672,953.0,6.0,21.2
0.297,0.302,U8,MAD_M6C12,4.048968292459579,22.80751324601511,CPG,WPG,0.1,0.4194800292008833,0.21837930095566335,0.7037842336289599,7,-1.6135934578319677,953.1,6.0,21.2
0.297,0.302,U8,MAD_M6C12,4.048850636436064,22.80803802041002,CPG,WPG,0.1,0.4194775794731319,0.2183411331428126,0.7033885043074362,5,-1.6136236729733664,953.0,6.0,21.2
0.297,0.302,U8,MAD_M6C12,4.048884544699973,22.807662274433927,CPG,WPG,0.1,0.41947618540162124,0.21831954004412202,0.7035267525640414,6,-1.613659294753127,952.9,6.0,21.2
0.297,0.302,U8,MAD_M6C12,4.048910785280143,22.807630141855057,CPG,WPG,0.1,0.4194756662471262,0.21834481353092322,0.7037461724259844,3,-1.6135921841851442,953.0,6.0,21.2
0.297,0.302,U8,MAD_M6C12,4.048692347642361,22.807902696546044,CPG,WPG,0.1,0.41948081973383566,0.2182922326766248,0.7026707047602412,7,-1.6136476218543852,952.9,6.0,21.2
0.297,0.302,U8,MAD_M6C12,4.0486727455130564,22.807334841999257,CPG,WPG,0.1,0.4194837241765886,0.21835579466585503,0.7032684592253089,4,-1.6136243068083633,953.1,6.0,21.2
0.297,0.302,U8,MAD_M6C12,4.048565697726729,22.807295454370493,CPG,WPG,0.1,0.4194869202240365,0.21826317137305393,0.7024783690213994,7,-1.613612000956337,952.8,6.0,21.2
0.297,0.302,U8,MAD_M6C12,4.048783217635663,22.80776218354819,CPG,WPG,0.1,0.41947944841733087,0.21830327051356857,0.7031269892406877,7,-1.6135510986592525,952.9,6.0,21.2
0.297,0.302,U8,MAD_M6C12,4.048868179247957,22.80902206977271,CPG,WPG,0.1,0.41946697626942825,0.21826850620967297,0.7029172437994502,6,-1.6136372116044306,952.8,6.0,21.2
0.297,0.302,U8,MAD_M6C12,4.048749176889509,22.80861823290074,CPG,WPG,0.1,0.41947260544010334,0.21834414355215317,0.7031048450119863,6,-1.6136487498940717,953.1,6.0,21.2
0.297,0.302,U8,MAD_M6C12,4.048755482928187,22.808494969562787,CPG,WPG,0.1,0.4194733581788487,0.21834474853176583,0.7031538547298499,5,-1.6136182817692077,953.1,6.0,21.2
0.297,0.302,U8,MAD_M6C12,4.048716865440716,22.808665500256026,CPG,WPG,0.1,0.4194738738596939,0.21831076256164622,0.7027483622618758,5,-1.6136416031774203,953.0,6.0,21.2
0.297,0.302,U8,MAD_M6C12,4.048910853324312,22.808578051589993,CPG,WPG,0.1,0.4194685223479713,0.2183451332804187,0.703485721536214,2,-1.58785181935494,953.0,6.0,21.2
0.297,0.302,U8,MAD_M6C12,4.048854992413939,22.809020421086117,CPG,WPG,0.1,0.41946813482101597,0.21836914047759542,0.703248818685871,0,-1.6136431388051111,953.2,6.0,21.2
0.297,0.302,U8,MAD_M6C12,4.0488488980877,22.808513470108878,CPG,WPG,0.1,0.41947225052825426,0.21835414520424234,0.7032701844818048,2,-1.6136870076127199,953.1,6.0,21.2
0.297,0.302,U8,MAD_M6C12,4.0489051616691105,22.80920002358135,CPG,WPG,0.1,0.4194651480796954,0.21836776210758874,0.7032615985688069,2,-1.6136667011594739,953.2,6.0,21.2
0.297,0.302,U8,MAD_M6C12,4.04890548113738,22.809235030172786,CPG,WPG,0.1,0.41946556250049843,0.2183669835721751,0.7031894233632965,0,-1.6136774676530639,953.2,6.0,21.2
0.297,0.302,U8,MAD_M6C12,4.048586590895509,22.80717561865875,CPG,WPG,0.1,0.41948946799422293,0.21831694668542345,0.7025980658300526,5,-1.6136345588507872,953.0,6.0,21.2
0.297,0.302,U8,MAD_M6C12,4.048701038524638,22.808673329618507,CPG,WPG,0.1,0.419476327532647,0.21825936941154808,0.7023690068646897,2,-1.613650041792539,952.8,6.0,21.2
0.297,0.302,U8,MAD_M6C12,4.048730596933738,22.808710525930625,CPG,WPG,0.1,0.41947521336109705,0.21832912492802364,0.7025538082350309,1,-1.613656934953779,953.1,6.0,21.2
0.297,0.302,U8,MAD_M6C12,4.048735694298522,22.808321566802313,CPG,WPG,0.1,0.4194777172822871,0.2182447566298601,0.7025367695002167,4,-1.6136499422385686,952.7,6.0,21.2
0.297,0.302,U8,MAD_M6C12,4.048955501732392,22.809277031323784,CPG,WPG,0.1,0.41946659214680704,0.21824888973577494,0.7027369000659971,2,-1.613688466322916,952.7,6.0,21.2
0.297,0.302,U8,MAD_M6C12,4.048849609489724,22.80952539745566,CPG,WPG,0.1,0.4194670370478829,0.2182335238405133,0.7023174384154389,6,-1.6137041216713577,952.7,6.0,21.2
0.297,0.302,U8,MAD_M6C12,4.048750102281776,22.809572140268454,CPG,WPG,0.1,0.41946931867316956,0.21823282098762534,0.7022196204706503,2,-1.6137075896990822,952.7,6.0,21.2
0.297,0.302,U8,MAD_M6C12,4.048581938292014,22.807945453291723,CPG,WPG,0.1,0.419488567310654,0.218179867847203,0.7017183400715616,2,-1.6135486400020245,952.5,6.0,21.2
0.297,0.302,U8,MAD_M6C12,4.048566068140804,22.80830571925151,CPG,WPG,0.1,0.4194849748134222,0.21819318863335782,0.7019389186079898,3,-1.6136981038606564,952.5,6.0,21.2
0.297,0.302,U8,MAD_M6C12,4.048796716193643,22.809610107705208,CPG,WPG,0.1,0.41946748996703637,0.21821702287167932,0.7024167066626736,2,-1.6136982848021493,952.6,6.0,21.2
0.297,0.302,U8,MAD_M6C12,4.048750990119759,22.809113358686766,CPG,WPG,0.1,0.419473506496395,0.21821255527293565,0.7022253878886868,7,-1.6136484414883867,952.6,6.0,21.2
0.297,0.302,U8,MAD_M6C12,4.048640362684824,22.80825493412515,CPG,WPG,0.1,0.4194832673471802,0.21820072563577422,0.701751010429474,4,-1.6136458451815976,952.6,6.0,21.2
0.297,0.302,U8,MAD_M6C12,4.0487588673582655,22.80944735778525,CPG,WPG,0.1,0.41946943075212445,0.21819710408371984,0.7020619832087212,7,-1.6135868415680594,952.6,6.0,21.2
0.297,0.302,U8,MAD_M6C12,4.048760662888642,22.809840220136145,CPG,WPG,0.1,0.4194671561750486,0.21820701765735673,0.7021401389623039,4,-1.6137004687565941,952.6,6.0,21.2
0.297,0.302,U8,MAD_M6C12,4.048459327668827,22.80960266053214,CPG,WPG,0.1,0.41947444112070764,0.21818326443122463,0.7010832486619667,0,-1.6136077326229916,952.7,6.0,21.2
0.297,0.302,U8,MAD_M6C12,4.04844409531421,22.80873380672106,CPG,WPG,0.1,0.4194831683749421,0.21820933519822677,0.7010904458475102,2,-1.6135382586296405,952.8,6.0,21.2
0.297,0.302,U8,MAD_M6C12,4.04855337798037,22.809326465254532,CPG,WPG,0.1,0.4194726688913315,0.21821517906375593,0.7014452921121461,0,-1.6136328298479246,952.8,6.0,21.2
0.297,0.302,U8,MAD_M6C12,4.048664478985406,22.809815635597264,CPG,WPG,0.1,0.4194696644318897,0.21825692679576822,0.7021059546967758,1,-1.5878125930799207,952.8,6.0,21.2
0.297,0.302,U8,MAD_M6C12,4.048610899625305,22.80944171587938,CPG,WPG,0.1,0.4194713175069094,0.21830884011573495,0.70240984426805,3,-1.5878241437416332,953.0,6.0,21.2
0.297,0.302,U8,MAD_M6C12,4.048723844586397,22.809474561445953,CPG,WPG,0.1,0.41946935547534214,0.2182325580983286,0.7023929384869736,6,-1.6136153260388078,952.7,6.0,21.2
0.297,0.302,U8,MAD_M6C12,4.048683735665972,22.809280993525576,CPG,WPG,0.1,0.4194728628159762,0.2182217455364922,0.7020336913146572,0,-1.6136066243499432,952.7,6.0,21.2
0.297,0.302,U8,MAD_M6C12,4.048782322218161,22.81102225123305,CPG,WPG,0.1,0.4194540321281963,0.21821058824284123,0.7022826340421497,2,-1.5879187880570687,952.6,6.0,21.2
0.297,0.302,U8,MAD_M6C12,4.048694189929121,22.81108545526545,CPG,WPG,0.1,0.4194578076538281,0.21815735260876615,0.7016984462804463,7,-1.6136490427267578,952.5,6.0,21.2
0.297,0.302,U8,MAD_M6C12,4.048799169296174,22.810132140621683,CPG,WPG,0.1,0.41946327609221984,0.21819850366041643,0.7021051710165249,3,-1.613650043838625,952.6,6.0,21.2
0.297,0.302,U8,MAD_M6C12,4.048845959861095,22.809796311019156,CPG,WPG,0.1,0.41946624106971575,0.21815675549748556,0.7020461102239199,7,-1.6136247438065094,952.4,6.0,21.2
0.297,0.302,U8,MAD_M6C12,4.048800350606896,22.809912834380796,CPG,WPG,0.1,0.4194658097080486,0.2181823203230066,0.7022088563085527,1,-1.6136007104257946,952.5,6.0,21.2
0.297,0.302,U8,MAD_M6C12,4.048732161340297,22.81034838379964,CPG,WPG,0.1,0.41946295178909815,0.21813462464578115,0.7015383203632362,1,-1.6136800555023605,952.4,6.0,21.2
0.297,0.302,U8,MAD_M6C12,4.048665831746423,22.80941884152854,CPG,WPG,0.1,0.4194703176106823,0.21817310043911067,0.7019056009299591,7,-1.6136748261221623,952.5,6.0,21.2
0.297,0.302,U8,MAD_M6C12,4.048657781050066,22.80975533583281,CPG,WPG,0.1,0.4194664305559538,0.21815399331232596,0.7016429127543238,7,-1.6136227188187657,952.5,6.0,21.2
0.297,0.302,U8,MAD_M6C12,4.048781914544465,22.80964600068468,CPG,WPG,0.1,0.4194668529298756,0.21815251101508265,0.7019281386065042,1,-1.6136906890346303,952.4,6.0,21.2
0.297,0.302,U8,MAD_M6C12,4.048947376581943,22.810471835015743,CPG,WPG,0.1,0.4194570956315704,0.2181219126315523,0.7018809095578487,0,-1.6136755786295254,952.3,6.0,21.2
0.297,0.302,U8,MAD_M6C12,4.049104033801801,22.81100540828402,CPG,WPG,0.1,0.41944982454495094,0.21816119071733706,0.7023745190594735,7,-1.6137244503613335,952.4,6.0,21.2
0.297,0.302,U8,MAD_M6C12,4.049095083292168,22.812257703303228,CPG,WPG,0.1,0.41943683057506354,0.21817960045021273,0.7027387387433826,1,-1.6136677851966716,952.5,6.0,21.2
0.297,0.302,U8,MAD_M6C12,4.049133878564733,22.811158167569925,CPG,WPG,0.1,0.4194467194516677,0.21819558021121876,0.7028941607390307,4,-1.6136583705264602,952.5,6.0,21.2
0.297,0.302,U8,MAD_M6C12,4.049213619698902,22.81197977295731,CPG,WPG,0.1,0.4194382300656877,0.21820174008910048,0.7030857492680993,5,-1.6137414383741913,952.5,6.0,21.2
0.297,0.302,U8,MAD_M6C12,4.049269796252638,22.812947545361062,CPG,WPG,0.1,0.4194298222647082,0.21812975685821312,0.7030180552307694,6,-1.6137181737605832,952.2,6.0,21.2
0.297,0.302,U8,MAD_M6C12,4.049134035978789,22.81259342797897,CPG,WPG,0.1,0.4194370026744859,0.21817587145886824,0.7030150979748169,5,-1.6136430845869363,952.4,6.0,21.2
0.297,0.302,U8,MAD_M6C12,4.049357017106697,22.81389255081857,CPG,WPG,0.1,0.4194235063816163,0.2181304748234939,0.7029345431087286,2,-1.6137693872867924,952.2,6.0,21.2
0.297,0.302,U8,MAD_M6C12,4.04920978490134,22.812746448614824,CPG,WPG,0.1,0.4194367222049885,0.21818785940381458,0.7025300142290964,3,-1.6137680143772535,952.5,6.0,21.2
0.297,0.302,U8,MAD_M6C12,4.0491760529292575,22.81375238882979,CPG,WPG,0.1,0.41943103261347686,0.2181716719145921,0.7026076060413442,5,-1.6138012250052078,952.4,6.0,21.2
0.297,0.302,U8,MAD_M6C12,4.049469928999737,22.814356055563334,CPG,WPG,0.1,0.41942183935090693,0.2181985831821493,0.7033894787595134,3,-1.6137728297758205,952.4,6.0,21.2
0.297,0.302,U8,MAD_M6C12,4.049477796932042,22.814322139160883,CPG,WPG,0.1,0.4194222757637758,0.2182208733440028,0.7034145743729727,0,-1.6137615246883694,952.5,6.0,21.2
0.297,0.302,U8,MAD_M6C12,4.04928869409801,22.813507346354555,CPG,WPG,0.1,0.419431634861439,0.21815562700212848,0.7027016565900688,0,-1.613789066156274,952.3,6.0,21.2
0.297,0.302,U8,MAD_M6C12,4.049572918388954,22.815686227157137,CPG,WPG,0.1,0.4194058798288036,0.21811799900407158,0.7027988385287505,6,-1.6138338993716719,952.2,6.0,21.2
0.297,0.302,U8,MAD_M6C12,4.049742665925876,22.81482241530322,CPG,WPG,0.1,0.4194125091156048,0.2182090527916392,0.7032912386410697,7,-1.6137926089848982,952.5,6.0,21.2
0.297,0.302,U8,MAD_M6C12,4.049560103060638,22.81494307659825,CPG,WPG,0.1,0.41941087023284074,0.21807023749689664,0.7027773702249345,7,-1.613730390713906,952.0,6.0,21.2
0.297,0.302,U8,MAD_M6C12,4.0495211160308955,22.8132215997648,CPG,WPG,0.1,0.419425926295583,0.21820667947397093,0.7023566904068219,4,-1.6136602908721116,952.7,6.0,21.2
0.297,0.302,U8,MAD_M6C12,4.04904832586252,22.81282692811349,CPG,WPG,0.1,0.419437953833698,0.2181708931811457,0.7017596764764784,2,-1.6136879837404638,952.6,6.0,21.2
0.297,0.302,U8,MAD_M6C12,4.049241513484589,22.81157392933958,CPG,WPG,0.1,0.4194397102354299,0.21813878626256805,0.7016309886733159,3,-1.6137327759974784,952.5,6.0,21.2
0.297,0.302,U8,MAD_M6C12,4.049718211787889,22.811118291903288,CPG,WPG,0.1,0.41943442439297907,0.21836391305095026,0.7040987756135442,3,-1.6137344738752368,953.1,6.0,21.2
0.297,0.302,U8,MAD_M6C12,4.04954096411842,22.81074060840321,CPG,WPG,0.1,0.4194423979878818,0.21828732604659948,0.7035654170204686,1,-1.6137335216859707,952.8,6.0,21.2
0.297,0.302,U8,MAD_M6C12,4.049906745771357,22.810503181263247,CPG,WPG,0.1,0.41943366043987695,0.2183726087929806,0.7044001356531533,6,-1.6137536548965574,953.1,6.0,21.2
0.297,0.302,U8,MAD_M6C12,4.049486334532995,22.811319240862122,CPG,WPG,0.1,0.4194369441429053,0.21837754401776238,0.7033342986785529,6,-1.61377265468224,953.3,6.0,21.2
0.297,0.302,U8,MAD_M6C12,4.049612161783381,22.812046127300768,CPG,WPG,0.1,0.41942924541756,0.21829646336831857,0.7035099442807469,0,-1.6137679714461264,952.9,6.0,21.2
0.297,0.302,U8,MAD_M6C12,4.049782522293709,22.81223206980575,CPG,WPG,0.1,0.41942540843118536,0.2183850214979057,0.7046464902242131,2,-1.6137710464631798,953.1,6.0,21.2
0.297,0.302,U8,MAD_M6C12,4.049660994098381,22.81451123287996,CPG,WPG,0.1,0.4194127118501412,0.21823190227484557,0.7030455814286993,4,-1.6137636954695171,952.7,6.0,21.2
0.297,0.302,U8,MAD_M6C12,4.0493579900696455,22.81258125033417,CPG,WPG,0.1,0.4194341462073934,0.2181445217615607,0.7015908527689416,4,-1.6137704028092905,952.5,6.0,21.2
0.297,0.302,U8,MAD_M6C12,4.049527191688687,22.813800151939397,CPG,WPG,0.1,0.41941830546571124,0.2182459550839501,0.7024049089527113,7,-1.6137662267945458,952.9,6.0,21.2
0.297,0.302,U8,MAD_M6C12,4.049594694201607,22.814326732015914,CPG,WPG,0.1,0.4194141602874494,0.2182545661829431,0.7031770638908497,1,-1.6137210066202936,952.8,6.0,21.2
0.297,0.302,U8,MAD_M6C12,4.049968652141612,22.815530568650118,CPG,WPG,0.1,0.4193987339961672,0.21825829250479178,0.7038288241731818,7,-1.6138234565251306,952.7,6.0,21.2
0.297,0.302,U8,MAD_M6C12,4.049904093895881,22.81693193162258,CPG,WPG,0.1,0.4193867901162337,0.21829426700888016,0.7034224697810734,2,-1.613852434624203,953.0,6.0,21.2
0.297,0.302,U8,MAD_M6C12,4.049982521440263,22.81624862958421,CPG,WPG,0.1,0.4193973851413253,0.21819604794889372,0.7036993412898931,3,-1.6137865537839549,952.4,6.0,21.2
0.297,0.302,U8,MAD_M6C12,4.04983490883522,22.815930972430348,CPG,WPG,0.1,0.4193968247890743,0.21819466134910942,0.7031089262606649,6,-1.6136615516759907,952.6,6.0,21.2
0.297,0.302,U8,MAD_M6C12,4.049870900563074,22.816138376537456,CPG,WPG,0.1,0.41939650034831805,0.2181791275049931,0.7038596659016734,4,-1.6138810080233004,952.3,6.0,21.2
0.297,0.302,U8,MAD_M6C12,4.049834541450773,22.8159507787611,CPG,WPG,0.1,0.41939782022424277,0.2181616069113435,0.7030088744035239,3,-1.6138436830473815,952.4,6.0,21.2
0.297,0.302,U8,MAD_M6C12,4.049725942852171,22.815553895220614,CPG,WPG,0.1,0.4194027648591231,0.21814789279219746,0.7031589074585423,5,-1.613809711014433,952.3,6.0,21.2
0.297,0.302,U8,MAD_M6C12,4.04972490398507,22.81459424505577,CPG,WPG,0.1,0.41941035887927414,0.21818047786778963,0.7033002879090606,6,-1.6138254181646712,952.4,6.0,21.2
0.297,0.302,U8,MAD_M6C12,4.049596163314382,22.81458089235147,CPG,WPG,0.1,0.41941566940143915,0.21810537731220273,0.7028932501757579,5,-1.6137506892183584,952.1,6.0,21.2
0.297,0.302,U8,MAD_M6C12,4.049936340958512,22.81658043754873,CPG,WPG,0.1,0.41939379876776656,0.2180982775571573,0.7034580133888486,1,-1.6138244568997067,952.0,6.0,21.2
0.297,0.302,U8,MAD_M6C12,4.049861141915775,22.815152025054573,CPG,WPG,0.1,0.4194057864062594,0.21814424789846676,0.7039521731001059,0,-1.6137874883395433,952.1,6.0,21.2
0.297,0.302,U8,MAD_M6C12,4.049997423897826,22.815835190915013,CPG,WPG,0.1,0.41940099038967316,0.21814077234686677,0.7042976047245126,5,-1.613789330330663,952.0,6.0,21.2
0.297,0.302,U8,MAD_M6C12,4.049920929311611,22.815191902543262,CPG,WPG,0.1,0.419405996609671,0.21821899874573522,0.7041234386658801,7,-1.6138110862004353,952.4,6.0,21.2
0.297,0.302,U8,MAD_M6C12,4.049929454213584,22.815992458061373,CPG,WPG,0.1,0.41939778977851894,0.21814089122231686,0.7035411762725539,2,-1.6137556787465837,952.2,6.0,21.2
0.297,0.302,U8,MAD_M6C12,4.04981015264248,22.81567165894901,CPG,WPG,0.1,0.41940409496273195,0.21815732694930337,0.7032861360647149,3,-1.6137354339123604,952.3,6.0,21.2
0.297,0.302,U8,MAD_M6C12,4.049718322289553,22.815143813787312,CPG,WPG,0.1,0.4194095202569523,0.2181702424625631,0.7039445600051084,2,-1.6137999704855872,952.2,6.0,21.2
0.297,0.302,U8,MAD_M6C12,4.049790263261094,22.81582333619042,CPG,WPG,0.1,0.41940029107096,0.21821212551518032,0.7041667663621474,7,-1.6138274363881422,952.4,6.0,21.2
0.297,0.302,U8,MAD_M6C12,4.049745707238836,22.81516574338812,CPG,WPG,0.1,0.4194056994303223,0.21823388844781522,0.7041480119254007,6,-1.613814739097032,952.5,6.0,21.2
0.297,0.302,U8,MAD_M6C12,4.049834049002485,22.816987436476293,CPG,WPG,0.1,0.41939167177952,0.21822135249833574,0.7043720205853514,6,-1.6138879081612867,952.4,6.0,21.2
0.297,0.302,U8,MAD_M6C12,4.049742296809887,22.81623083679983,CPG,WPG,0.1,0.41939843566193746,0.21818285900407597,0.7039804382043688,4,-1.6138218088767768,952.3,6.0,21.2
0.297,0.302,U8,MAD_M6C12,4.049728780105682,22.8165617157553,CPG,WPG,0.1,0.4193965056810307,0.218187426613026,0.7035822481993588,2,-1.6138325819515327,952.4,6.0,21.2
0.297,0.302,U8,MAD_M6C12,4.049626674633796,22.81643932590751,CPG,WPG,0.1,0.4193973462472746,0.2182389420959014,0.7035509512760787,3,-1.6137109658384414,952.7,6.0,21.2
0.297,0.302,U8,MAD_M6C12,4.04950570663208,22.815883127175503,CPG,WPG,0.1,0.4194034268799397,0.21819823386969917,0.7034433572538972,5,-1.61376129509609,952.5,6.0,21.2
0.297,0.302,U8,MAD_M6C12,4.049623610002193,22.816225393936556,CPG,WPG,0.1,0.419401435335166,0.2180985479317959,0.7028881767985213,1,-1.613819674803679,952.1,6.0,21.2
0.297,0.302,U8,MAD_M6C12,4.049745084248355,22.816487670711098,CPG,WPG,0.1,0.41939315471947486,0.21821090756647418,0.7034159328418812,0,-1.6137936633485044,952.6,6.0,21.2
0.297,0.302,U8,MAD_M6C12,4.04965631950828,22.816897827116218,CPG,WPG,0.1,0.41939240336151257,0.2181949243649676,0.7030417161753113,1,-1.613764329039057,952.6,6.0,21.2
0.297,0.302,U8,MAD_M6C12,4.049500448150023,22.816327326767247,CPG,WPG,0.1,0.4194005030247981,0.21819012641139968,0.7032179670872374,5,-1.6138006832061809,952.5,6.0,21.2
0.297,0.302,U8,MAD_M6C12,4.049438630088698,22.81549906520738,CPG,WPG,0.1,0.41940966259343276,0.21816756358905184,0.7029887712797964,2,-1.6137870088136488,952.4,6.0,21.2
0.297,0.302,U8,MAD_M6C12,4.049458432078546,22.81544477820377,CPG,WPG,0.1,0.4194094813769413,0.2181987898322043,0.7033408341329697,1,-1.6137176946597585,952.5,6.0,21.2
0.297,0.302,U8,MAD_M6C12,4.049543953328249,22.81592561925988,CPG,WPG,0.1,0.4194047199897315,0.2181356056764603,0.7028708511342421,6,-1.6137249891556902,952.3,6.0,21.2
0.297,0.302,U8,MAD_M6C12,4.0494401211834194,22.815260695189977,CPG,WPG,0.1,0.41941065077692113,0.21818115514016342,0.7030618127395374,2,-1.61362007687217,952.5,6.0,21.2
0.297,0.302,U8,MAD_M6C12,4.049511403819878,22.816269806719806,CPG,WPG,0.1,0.4194015298813911,0.21823901255363548,0.7034066250648046,5,-1.6137445764271892,952.7,6.0,21.2
0.297,0.302,U8,MAD_M6C12,4.049309194378409,22.815142480817414,CPG,WPG,0.1,0.41941218296568017,0.2182624296697774,0.7030043550866352,0,-1.6136593309090106,952.9,6.0,21.2
0.297,0.302,U8,MAD_M6C12,4.049548538662374,22.816475925900562,CPG,WPG,0.1,0.41939878942547754,0.21825945958975906,0.7034912481542728,5,-1.6137188662223885,952.8,6.0,21.2
0.297,0.302,U8,MAD_M6C12,4.049596926155737,22.815198244845224,CPG,WPG,0.1,0.4194101776727345,0.21823967920052828,0.7036993831500715,7,-1.6137545011454009,952.6,6.0,21.2
0.297,0.302,U8,MAD_M6C12,4.049597505203933,22.81550236364781,CPG,WPG,0.1,0.4194049793575446,0.21829493048258594,0.7041948193422884,3,-1.6137784807592404,952.8,6.0,21.2
0.297,0.302,U8,MAD_M6C12,4.049646981916523,22.81695287286773,CPG,WPG,0.1,0.41939550061402875,0.21821042622910042,0.703614305952375,1,-1.6138333885412504,952.5,6.0,21.2
0.297,0.302,U8,MAD_M6C12,4.049696026631511,22.816684219066943,CPG,WPG,0.1,0.4193961488024977,0.21819980990621096,0.7038527811097448,1,-1.6138541632748478,952.4,6.0,21.2
0.297,0.302,U8,MAD_M6C12,4.049645695208459,22.816459007685474,CPG,WPG,0.1,0.4193974085024425,0.21819550866998366,0.7038331614855724,6,-1.613827752487591,952.4,6.0,21.2
0.297,0.302,U8,MAD_M6C12,4.049611883196081,22.816333114232418,CPG,WPG,0.1,0.41939953934136914,0.2182016796660679,0.7034323849880093,2,-1.6138200759597332,952.5,6.0,21.2
0.297,0.302,U8,MAD_M6C12,4.04962558604071,22.816620809427963,CPG,WPG,0.1,0.41939635660512076,0.21818753077570846,0.7031612906269236,7,-1.6138297300443352,952.5,6.0,21.2
0.297,0.302,U8,MAD_M6C12,4.049550359211984,22.816504656129744,CPG,WPG,0.1,0.4193996768471755,0.2181854828218581,0.7030852763342961,5,-1.6137748425290077,952.5,6.0,21.2
0.297,0.302,U8,MAD_M6C12,4.049588858085517,22.816695844023144,CPG,WPG,0.1,0.4193977026195347,0.21820781679569493,0.7035874213714686,1,-1.6138124324515122,952.5,6.0,21.2
0.297,0.302,U8,MAD_M6C12,4.049517767788653,22.81563768345431,CPG,WPG,0.1,0.4194081127273997,0.21820786269039108,0.7034027820933493,4,-1.6138060150263343,952.5,6.0,21.2
0.297,0.302,U8,MAD_M6C12,4.049539102259541,22.815871853283387,CPG,WPG,0.1,0.4194062452214549,0.2181591185319183,0.7027569909160025,6,-1.613801966365573,952.4,6.0,21.2
0.297,0.302,U8,MAD_M6C12,4.049734136742965,22.816775023013026,CPG,WPG,0.1,0.41939515246490394,0.21817996612649132,0.7034473333556224,6,-1.6138005447363355,952.4,6.0,21.2
0.297,0.302,U8,MAD_M6C12,4.049650755027137,22.816174329223802,CPG,WPG,0.1,0.419401273297642,0.21815862189284924,0.7032908626715937,1,-1.6138458186556761,952.3,6.0,21.2
0.297,0.302,U8,MAD_M6C12,4.049830875794453,22.817039062455773,CPG,WPG,0.1,0.4193917843957119,0.21814205092812697,0.7034593449136963,1,-1.6138868233374026,952.2,6.0,21.2
0.297,0.302,U8,MAD_M6C12,4.049833248284061,22.8170939869191,CPG,WPG,0.1,0.4193916962573369,0.2181404715021769,0.7035395525245511,4,-1.6137860558433434,952.2,6.0,21.2
0.297,0.302,U8,MAD_M6C12,4.049795413624238,22.816952206793307,CPG,WPG,0.1,0.4193937939015773,0.21810178937973207,0.7031064257753581,1,-1.613760033603544,952.1,6.0,21.2
0.297,0.302,U8,MAD_M6C12,4.049793078151028,22.816802694164593,CPG,WPG,0.1,0.41939475800346976,0.21812754036712295,0.7031172654087134,6,-1.6138348660062487,952.2,6.0,21.2
0.297,0.302,U8,MAD_M6C12,4.049775190980542,22.816691611449173,CPG,WPG,0.1,0.4193962398699165,0.21812893838992517,0.7031053427800527,5,-1.613841866259195,952.2,6.0,21.2
0.297,0.302,U8,MAD_M6C12,4.049772913268702,22.816945190208067,CPG,WPG,0.1,0.4193946552232539,0.21817161880458275,0.7031134865185145,3,-1.6138526075746817,952.4,6.0,21.2
0.297,0.302,U8,MAD_M6C12,4.04978363731652,22.817099775753295,CPG,WPG,0.1,0.4193941221800567,0.21812131163267504,0.7028806677967978,3,-1.6138532673677908,952.2,6.0,21.2
0.297,0.302,U8,MAD_M6C12,4.049774427707372,22.816395253268986,CPG,WPG,0.1,0.41939891477993385,0.21815421379236885,0.7030729752818008,3,-1.6139009148932288,952.3,6.0,21.2
0.297,0.302,U8,MAD_M6C12,4.049830484765292,22.816916572891476,CPG,WPG,0.1,0.41939476494838157,0.21812585874352772,0.7028978297975419,0,-1.613913375756054,952.2,6.0,21.2
0.297,0.302,U8,MAD_M6C12,4.049838171930149,22.817161120115745,CPG,WPG,0.1,0.4193933823247721,0.21808244600506688,0.7028942820473252,2,-1.6138823249316356,952.0,6.0,21.2
0.297,0.302,U8,MAD_M6C12,4.049823186747686,22.817474498068275,CPG,WPG,0.1,0.4193910498419596,0.21810496329707865,0.7029640508993746,1,-1.613887700627366,952.1,6.0,21.2
0.297,0.302,U8,MAD_M6C12,4.049830608262191,22.817135563000985,CPG,WPG,0.1,0.4193933146988014,0.21812924945726508,0.7029997841576936,2,-1.613904011280976,952.2,6.0,21.2
0.297,0.302,U8,MAD_M6C12,4.04983932242052,22.817249585682784,CPG,WPG,0.1,0.41939321398608614,0.21809837967813367,0.7027312311787033,4,-1.613896200498484,952.1,6.0,21.2
0.297,0.302,U8,MAD_M6C12,4.049832120853856,22.81744138092709,CPG,WPG,0.1,0.4193924042091656,0.21808670406527242,0.7029407545911432,6,-1.6138946496784818,952.0,6.0,21.2
0.297,0.302,U8,MAD_M6C12,4.049795354272986,22.81746584115469,CPG,WPG,0.1,0.4193931356195546,0.21810457777592848,0.7028632201194376,6,-1.6138788876365169,952.1,6.0,21.2
0.297,0.302,U8,MAD_M6C12,4.049861630765653,22.817663101944476,CPG,WPG,0.1,0.4193908443359309,0.21810462299671243,0.702914768613569,6,-1.6138514038984795,952.1,6.0,21.2
0.297,0.302,U8,MAD_M6C12,4.04993021427728,22.81840564279811,CPG,WPG,0.1,0.41938456611497593,0.21810879932055408,0.7031083895042465,7,-1.6138234908981879,952.1,6.0,21.2
0.297,0.302,U8,MAD_M6C12,4.04976184170601,22.81787790478894,CPG,WPG,0.1,0.4193919465645205,0.2180962992035411,0.7026327968896466,0,-1.6138648875951436,952.1,6.0,21.2
0.297,0.302,U8,MAD_M6C12,4.049847334325474,22.81853802174809,CPG,WPG,0.1,0.4193859949850823,0.2180749596293788,0.7028167894678035,4,-1.6137609826624129,952.0,6.0,21.2
0.297,0.302,U8,MAD_M6C12,4.049856936185242,22.818269695070168,CPG,WPG,0.1,0.4193874164649023,0.2180734650851676,0.7026430875307956,1,-1.613866782842841,952.0,6.0,21.2
0.297,0.302,U8,MAD_M6C12,4.049890409352894,22.81880611838077,CPG,WPG,0.1,0.41938323947711487,0.21806808157110275,0.7030683051247988,1,-1.6138514563084083,951.9,6.0,21.2
0.297,0.302,U8,MAD_M6C12,4.049879279727621,22.818277615723403,CPG,WPG,0.1,0.4193863796851012,0.218105494306021,0.7029189916296938,5,-1.6138892078511748,952.1,6.0,21.2
0.297,0.302,U8,MAD_M6C12,4.0499096388083045,22.818255280426303,CPG,WPG,0.1,0.4193851307055384,0.21807456588125784,0.7027214992524717,0,-1.6139052809407204,952.0,6.0,21.2
0.297,0.302,U8,MAD_M6C12,4.04999024188872,22.81963515397195,CPG,WPG,0.1,0.4193729698961304,0.21805476750979058,0.7028409212521853,5,-1.6139684521516493,951.9,6.0,21.2
0.297,0.302,U8,MAD_M6C12,4.04995248902171,22.818946412243847,CPG,WPG,0.1,0.4193789607686193,0.21807575152202785,0.7029421509540006,5,-1.613829221605851,952.0,6.0,21.2
0.297,0.302,U8,MAD_M6C12,4.04998509372281,22.819456329372734,CPG,WPG,0.1,0.41937441133321807,0.21804364349363883,0.7026453888485054,7,-1.613902308365649,951.9,6.0,21.2
0.297,0.302,U8,MAD_M6C12,4.04984488632538,22.81920123268651,CPG,WPG,0.1,0.4193781977022325,0.21809020950465413,0.7027308441337983,3,-1.613902117857922,952.1,6.0,21.2
0.297,0.302,U8,MAD_M6C12,4.049880524391732,22.8196305342644,CPG,WPG,0.1,0.41937407590591863,0.21807828693484668,0.7024725940786252,4,-1.6139324067841763,952.1,6.0,21.2
0.297,0.302,U8,MAD_M6C12,4.049835009539501,22.81908622161906,CPG,WPG,0.1,0.41937973376116694,0.2181361816537791,0.702751700804273,2,-1.613924147525541,952.3,6.0,21.2
0.297,0.302,U8,MAD_M6C12,4.049855825997759,22.819300002602855,CPG,WPG,0.1,0.4193788940115991,0.21810757801987057,0.7030281039837805,1,-1.613922814671609,952.1,6.0,21.2
0.297,0.302,U8,MAD_M6C12,4.049744755437334,22.8188270868212,CPG,WPG,0.1,0.4193830907280137,0.21816051572483436,0.7033159846034414,5,-1.6139087784746664,952.3,6.0,21.2
0.297,0.302,U8,MAD_M6C12,4.049883358921684,22.81967243813734,CPG,WPG,0.1,0.41937423507818705,0.21810958076012898,0.7032052454835975,3,-1.6139219433566492,952.1,6.0,21.2
0.297,0.302,U8,MAD_M6C12,4.04987013485313,22.820140706788578,CPG,WPG,0.1,0.41937312300344304,0.2180764722915458,0.7028396259249887,0,-1.6139088008118065,952.0,6.0,21.2
0.297,0.302,U8,MAD_M6C12,4.049901044899771,22.81973006884456,CPG,WPG,0.1,0.419372203762646,0.21809410866925696,0.7029518600923481,7,-1.613902895624637,952.1,6.0,21.2
0.297,0.302,U8,MAD_M6C12,4.0499198068493865,22.820024498977723,CPG,WPG,0.1,0.41936953260736937,0.21813417302721452,0.7029628411857489,3,-1.613890774601817,952.3,6.0,21.2
0.297,0.302,U8,MAD_M6C12,4.049977744068702,22.820357673858865,CPG,WPG,0.1,0.4193661515244953,0.21810869915430126,0.7030422745320966,7,-1.6137798428586443,952.2,6.0,21.2
0.297,0.302,U8,MAD_M6C12,4.049939766049592,22.82082167110998,CPG,WPG,0.1,0.41936668235576513,0.2180688006127591,0.7028724851975321,6,-1.6138138580985188,952.0,6.0,21.2
0.297,0.302,U8,MAD_M6C12,4.049853238539008,22.820685153454694,CPG,WPG,0.1,0.41936859674118754,0.21810744849016864,0.7027117096302113,5,-1.6138772039425167,952.2,6.0,21.2
0.297,0.302,U8,MAD_M6C12,4.049861089987724,22.821346003932963,CPG,WPG,0.1,0.41936566293114835,0.21807326198926139,0.7028210405264423,6,-1.613882203072551,952.0,6.0,21.2
0.297,0.302,U8,MAD_M6C12,4.049959895762571,22.82139869537871,CPG,WPG,0.1,0.419360838229517,0.21812124487314838,0.7031507041480056,5,-1.6138906197663676,952.2,6.0,21.2
0.297,0.302,U8,MAD_M6C12,4.0499014616231035,22.821000180852188,CPG,WPG,0.1,0.41936388169214683,0.21815954407357505,0.7032902380117356,3,-1.5092129922881625,952.3,6.0,21.2
0.297,0.302,U8,MAD_M6C12,4.0498225080406,22.820865870950712,CPG,WPG,0.1,0.4193686268283874,0.21814494667733383,0.7034521948182166,7,-1.613959831387989,952.2,6.0,21.2
0.297,0.302,U8,MAD_M6C12,4.049830553641851,22.82145738157072,CPG,WPG,0.1,0.4193647830813848,0.21812372876470187,0.7031133882014182,2,-1.6138436476668794,952.2,6.0,21.2
0.297,0.302,U8,MAD_M6C12,4.049870419995417,22.822288865284335,CPG,WPG,0.1,0.419358762240013,0.2180763327697082,0.7028492600062948,4,-1.6139682286656925,952.0,6.0,21.2
0.297,0.302,U8,MAD_M6C12,4.049908027297118,22.821779657867225,CPG,WPG,0.1,0.41936125929490997,0.2180743080104194,0.7029486531189728,1,-1.6138601742183614,952.0,6.0,21.2
0.297,0.302,U8,MAD_M6C12,4.049943454734959,22.82194831917911,CPG,WPG,0.1,0.4193590358103229,0.21807507365806175,0.7034607286954548,4,-1.6138999011623998,951.9,6.0,21.2
0.297,0.302,U8,MAD_M6C12,4.049868936273136,22.82151342994997,CPG,WPG,0.1,0.41936579150339404,0.2180521216963887,0.703164625988578,1,-1.6139399822672207,951.8,6.0,21.2
0.297,0.302,U8,MAD_M6C12,4.049874712348737,22.821930326396217,CPG,WPG,0.1,0.41936161993967225,0.2180685444088316,0.7032117600793524,6,-1.6138972779847816,951.9,6.0,21.2
0.297,0.302,U8,MAD_M6C12,4.049891246401221,22.822569354531673,CPG,WPG,0.1,0.4193569793498613,0.21805996446460707,0.703171996830096,6,-1.613801496213144,951.9,6.0,21.2
0.297,0.302,U8,MAD_M6C12,4.049833153444222,22.821837095171666,CPG,WPG,0.1,0.41936303012879955,0.21803618154507018,0.7028542555057138,0,-1.613948430727211,951.8,6.0,21.2
0.297,0.302,U8,MAD_M6C12,4.049763920866827,22.821980165944755,CPG,WPG,0.1,0.4193625253023384,0.2180677350266073,0.7022147838733144,7,-1.6138921608461398,952.1,6.0,21.2
0.297,0.302,U8,MAD_M6C12,4.049923332150214,22.82178926792611,CPG,WPG,0.1,0.41936009495875254,0.21804642710884592,0.7026888790652155,4,-1.6139736969919607,951.9,6.0,21.2
0.297,0.302,U8,MAD_M6C12,4.049917266756328,22.82175689279972,CPG,WPG,0.1,0.41936179535415863,0.2180671873895532,0.7026211284435262,0,-1.613953596025727,952.0,6.0,21.2
0.297,0.302,U8,MAD_M6C12,4.049881409468697,22.820704324389702,CPG,WPG,0.1,0.41936880898325224,0.21809366754827136,0.7022538172800763,6,-1.613940816273276,952.2,6.0,21.2
0.297,0.302,U8,MAD_M6C12,4.049968202248987,22.821440240784916,CPG,WPG,0.1,0.41936081443349615,0.21807131557998347,0.7023254892836222,1,-1.6139757919355855,952.1,6.0,21.2
0.297,0.302,U8,MAD_M6C12,4.049931053793012,22.8218462951073,CPG,WPG,0.1,0.4193592404795844,0.2180890429913161,0.7023461548347028,4,-1.6138852328370543,952.2,6.0,21.2
0.297,0.302,U8,MAD_M6C12,4.049932815602932,22.82129834281608,CPG,WPG,0.1,0.41936321682010275,0.21810985737557706,0.7026997951007279,6,-1.613958712481308,952.2,6.0,21.2
0.297,0.302,U8,MAD_M6C12,4.0498294654544615,22.820435298869434,CPG,WPG,0.1,0.4193701671995963,0.21812074823575175,0.7019876296291865,0,-1.6139181247328303,952.4,6.0,21.2
0.297,0.302,U8,MAD_M6C12,4.049816583793507,22.819711272588094,CPG,WPG,0.1,0.41937508362682546,0.2181445121357365,0.7025168127365466,7,-1.613927571080902,952.4,6.0,21.2
0.297,0.302,U8,MAD_M6C12,4.049843461571457,22.819924564324506,CPG,WPG,0.1,0.41937472578411594,0.21812202059584468,0.7023712582664183,6,-1.6139499766822443,952.3,6.0,21.2
0.297,0.302,U8,MAD_M6C12,4.049798564120365,22.820531601388165,CPG,WPG,0.1,0.41937156332425474,0.21815649909850418,0.7022004936488582,1,-1.613949775188928,952.5,6.0,21.2
0.297,0.302,U8,MAD_M6C12,4.049857046244345,22.821534665454834,CPG,WPG,0.1,0.41936189769455695,0.21817629633340835,0.702850789646932,4,-1.6139505863615078,952.5,6.0,21.2
0.297,0.302,U8,MAD_M6C12,4.049821426762,22.821889176001886,CPG,WPG,0.1,0.4193625663424562,0.21814582513966224,0.7030342760507402,2,-1.6139108853174715,952.3,6.0,21.2
0.297,0.302,U8,MAD_M6C12,4.049922565303411,22.821670625855372,CPG,WPG,0.1,0.4193588408101426,0.21819848079734935,0.7030815268171953,3,-1.6138630900671913,952.6,6.0,21.2
0.297,0.302,U8,MAD_M6C12,4.049934010390127,22.822213139939556,CPG,WPG,0.1,0.41935558344133406,0.2181395337450891,0.70302365378177,0,-1.6139709512677403,952.3,6.0,21.2
0.297,0.302,U8,MAD_M6C12,4.04992161877909,22.821935433905388,CPG,WPG,0.1,0.419358992411076,0.21813679332396185,0.7033529080887235,0,-1.613976878404877,952.2,6.0,21.2
0.297,0.302,U8,MAD_M6C12,4.049907400102792,22.82223884411851,CPG,WPG,0.1,0.4193575943112016,0.218139570947225,0.702955104300591,2,-1.6139387056369578,952.3,6.0,21.2
0.297,0.302,U8,MAD_M6C12,4.04999250498883,22.822439017769383,CPG,WPG,0.1,0.4193524133676967,0.21817969951548508,0.7036591538813135,5,-1.613886097537863,952.4,6.0,21.2
0.297,0.302,U8,MAD_M6C12,4.049958633905219,22.822602079204792,CPG,WPG,0.1,0.4193531339171033,0.21815532171648788,0.7034804696687007,4,-1.613901290922426,952.3,6.0,21.2
0.297,0.302,U8,MAD_M6C12,4.04990608161286,22.8226209950911,CPG,WPG,0.1,0.41935525234515936,0.21818274545429944,0.7034902300006323,6,-1.6139377434097675,952.4,6.0,21.2
0.297,0.302,U8,MAD_M6C12,4.049920330048768,22.822825859372603,CPG,WPG,0.1,0.4193536145614636,0.21814914671528907,0.7036180255123159,1,-1.6140018143774562,952.2,6.0,21.2
0.297,0.302,U8,MAD_M6C12,4.049934864988426,22.8229420225151,CPG,WPG,0.1,0.4193523810364663,0.2181843018039052,0.7034730020873892,6,-1.6140044983028687,952.4,6.0,21.2
0.297,0.302,U8,MAD_M6C12,4.0499707020256634,22.823227263143764,CPG,WPG,0.1,0.4193500555010325,0.21815034948697726,0.7036890871408552,7,-1.613992387735566,952.2,6.0,21.2
0.297,0.302,U8,MAD_M6C12,4.049855471166269,22.822140081863342,CPG,WPG,0.1,0.41936048371543166,0.21814943698099082,0.7030335565790655,3,-1.6139815073400996,952.3,6.0,21.2
0.297,0.302,U8,MAD_M6C12,4.049941658681352,22.822222169023,CPG,WPG,0.1,0.4193580211808939,0.21809421824068917,0.702910876823887,7,-1.613875204140065,952.1,6.0,21.2
0.297,0.302,U8,MAD_M6C12,4.049991423917988,22.822431312867998,CPG,WPG,0.1,0.4193555904886318,0.2181107272188746,0.7031726453319385,1,-1.61399760252292,952.1,6.0,21.2
0.297,0.302,U8,MAD_M6C12,4.049971371770669,22.82224301071213,CPG,WPG,0.1,0.41935648617650473,0.2180887486639589,0.7032932575022137,4,-1.6139134145808498,952.0,6.0,21.2
0.297,0.302,U8,MAD_M6C12,4.049948529564285,22.822340485595156,CPG,WPG,0.1,0.41935649792967566,0.21809147504470505,0.7032365189072172,1,-1.6139909445980951,952.0,6.0,21.2
0.297,0.302,U8,MAD_M6C12,4.0498574036608606,22.822065260432936,CPG,WPG,0.1,0.4193604556755672,0.21812493699919516,0.7030197660386643,0,-1.6139502448109688,952.2,6.0,21.2
0.297,0.302,U8,MAD_M6C12,4.049858156086714,22.82206993832002,CPG,WPG,0.1,0.41936019042829575,0.2181101988124355,0.7031766069187788,7,-1.6139552022381043,952.1,6.0,21.2
0.297,0.302,U8,MAD_M6C12,4.049802425141173,22.822699301716543,CPG,WPG,0.1,0.41935716435354725,0.21815925227814872,0.7033193799525996,3,-1.6139746471265894,952.3,6.0,21.2
0.297,0.302,U8,MAD_M6C12,4.049868105996928,22.82211338768506,CPG,WPG,0.1,0.4193590183612612,0.2180999341049938,0.7029358146997717,1,-1.6139883483419446,952.1,6.0,21.2
0.297,0.302,U8,MAD_M6C12,4.049825668420635,22.822202837132465,CPG,WPG,0.1,0.4193591517708585,0.21810705488020193,0.7031457592554706,7,-1.6139537868819165,952.1,6.0,21.2
0.297,0.302,U8,MAD_M6C12,4.0499130414458095,22.82259097032447,CPG,WPG,0.1,0.41935466866411825,0.21809670425223796,0.7030266096733602,1,-1.613904103147533,952.1,6.0,21.2
0.297,0.302,U8,MAD_M6C12,4.049850731454859,22.821841438198298,CPG,WPG,0.1,0.41936217285838584,0.2181212375274452,0.7029781672615716,7,-1.613902040656999,952.2,6.0,21.2
0.297,0.302,U8,MAD_M6C12,4.049888681762946,22.821748649894584,CPG,WPG,0.1,0.4193620465513809,0.21807444622604738,0.7027597415809961,2,-1.6139878797184686,952.0,6.0,21.2
0.297,0.302,U8,MAD_M6C12,4.049896829059448,22.82230535666632,CPG,WPG,0.1,0.41935792517749954,0.21808870926539287,0.7031318706347074,2,-1.6139955212790635,952.0,6.0,21.2
0.297,0.302,U8,MAD_M6C12,4.049901864869073,22.821707958212965,CPG,WPG,0.1,0.4193616171139305,0.21807242515945388,0.7027385223551845,3,-1.6139908042009878,952.0,6.0,21.2
0.297,0.302,U8,MAD_M6C12,4.04985081519368,22.821577465763305,CPG,WPG,0.1,0.4193649547431616,0.2180757923442523,0.7028085663843817,5,-1.613911455315458,952.0,6.0,21.2
0.297,0.302,U8,MAD_M6C12,4.0498594012487885,22.82167598052363,CPG,WPG,0.1,0.41936313382358203,0.21809795676351795,0.7028342700993462,3,-1.6139648590837439,952.1,6.0,21.2
0.297,0.302,U8,MAD_M6C12,4.049849514343319,22.821883711481643,CPG,WPG,0.1,0.41936143570350837,0.2180943346664742,0.7028218895248521,5,-1.6139368236311995,952.1,6.0,21.2
0.297,0.302,U8,MAD_M6C12,4.049843010857745,22.821529311765804,CPG,WPG,0.1,0.419364591669363,0.21809524885806414,0.7027293072930214,2,-1.6139783087191475,952.1,6.0,21.2
0.297,0.302,U8,MAD_M6C12,4.049851763435258,22.821592524742815,CPG,WPG,0.1,0.4193637603674387,0.21810626578495868,0.7030592399628404,0,-1.613943769677654,952.1,6.0,21.2
0.297,0.302,U8,MAD_M6C12,4.049853037208389,22.821161988651248,CPG,WPG,0.1,0.41936667879691003,0.2181017008760554,0.7028877869688008,7,-1.6139739387684688,952.1,6.0,21.2
0.297,0.302,U8,MAD_M6C12,4.049865315121177,22.8211771236455,CPG,WPG,0.1,0.41936608704569367,0.21811534317397258,0.7028011851273681,5,-1.6139231580539395,952.2,6.0,21.2
0.297,0.302,U8,MAD_M6C12,4.049852443793284,22.82150275887836,CPG,WPG,0.1,0.41936422031694914,0.21812985419041278,0.7030839505132342,1,-1.6139746957010352,952.2,6.0,21.2
0.297,0.302,U8,MAD_M6C12,4.04981859953292,22.821010594110927,CPG,WPG,0.1,0.41936847472042904,0.21809704991920903,0.7027874047984786,1,-1.6139461925143834,952.1,6.0,21.2
0.297,0.302,U8,MAD_M6C12,4.049834356370669,22.821328169369387,CPG,WPG,0.1,0.4193663685673869,0.21809846253175538,0.7028385886926896,2,-1.6139327464468955,952.1,6.0,21.2
0.297,0.302,U8,MAD_M6C12,4.049813178649081,22.820924641157774,CPG,WPG,0.1,0.41936967706471995,0.2181186085957996,0.702776656012714,3,-1.6139355988420139,952.2,6.0,21.2
0.297,0.302,U8,MAD_M6C12,4.04979338667003,22.820824151083286,CPG,WPG,0.1,0.4193703097330992,0.21810393237415104,0.7024428206290461,1,-1.6139343396967227,952.2,6.0,21.2
0.297,0.302,U8,MAD_M6C12,4.04981192496766,22.820912171139433,CPG,WPG,0.1,0.41936934631168277,0.21810631591253293,0.7025774182870732,1,-1.6138849760302474,952.2,6.0,21.2
0.297,0.302,U8,MAD_M6C12,4.049814272742618,22.820964379555434,CPG,WPG,0.1,0.4193691351380037,0.21810666289529343,0.7024725924934208,2,-1.613963283478185,952.2,6.0,21.2
0.297,0.302,U8,MAD_M6C12,4.049826706771746,22.82090433458033,CPG,WPG,0.1,0.41936883198480324,0.2181092327630678,0.7026775141012473,2,-1.6138790729312547,952.2,6.0,21.2
0.297,0.302,U8,MAD_M6C12,4.049824110990931,22.820994181559648,CPG,WPG,0.1,0.4193685346716366,0.21811747000973358,0.7027248349766246,4,-1.6139809645403478,952.2,6.0,21.2
0.297,0.302,U8,MAD_M6C12,4.04981862037923,22.82099944134602,CPG,WPG,0.1,0.41936888465392946,0.21811203409567817,0.7025986201756154,7,-1.6139640370754353,952.2,6.0,21.2
0.297,0.302,U8,MAD_M6C12,4.04981060228329,22.821280407943302,CPG,WPG,0.1,0.4193673923622677,0.2181174439259029,0.7027310343216722,7,-1.6139576601577854,952.2,6.0,21.2
0.297,0.302,U8,MAD_M6C12,4.049809634952046,22.820960216878245,CPG,WPG,0.1,0.4193692470031146,0.21811977839505187,0.7027747100005026,3,-1.6139702162374157,952.2,6.0,21.2
0.297,0.302,U8,MAD_M6C12,4.049811993814795,22.821085475262404,CPG,WPG,0.1,0.4193686289162197,0.2181108674940448,0.7025973665058363,6,-1.6139362301609577,952.2,6.0,21.2
0.297,0.302,U8,MAD_M6C12,4.049829031386228,22.821200329567965,CPG,WPG,0.1,0.41936702286979644,0.2181194757311355,0.7027880125269661,4,-1.6139793190834126,952.2,6.0,21.2
0.297,0.302,U8,MAD_M6C12,4.049816130210101,22.82117067027955,CPG,WPG,0.1,0.41936773920702053,0.21811547944720538,0.702748881051519,3,-1.613920309255878,952.2,6.0,21.2
0.297,0.302,U8,MAD_M6C12,4.049800488144658,22.820910326139753,CPG,WPG,0.1,0.4193696965385743,0.21811523857581402,0.7026671732796661,4,-1.613968337988764,952.2,6.0,21.2
0.297,0.302,U8,MAD_M6C12,4.049811197734787,22.82099238503595,CPG,WPG,0.1,0.41936869703924723,0.21811585309726317,0.7027177790810848,4,-1.613958426215902,952.2,6.0,21.2
0.297,0.302,U8,MAD_M6C12,4.0498170233756134,22.821156255261847,CPG,WPG,0.1,0.4193674820703548,0.21811472714164706,0.7027701926061627,7,-1.6139064043452542,952.2,6.0,21.2
0.297,0.302,U8,MAD_M6C12,4.049807979989197,22.82100416994081,CPG,WPG,0.1,0.41936866916075477,0.21812096791695923,0.7028204555819344,1,-1.6139729143579178,952.2,6.0,21.2
0.297,0.302,U8,MAD_M6C12,4.0498278988683705,22.8210413202337,CPG,WPG,0.1,0.4193684863933461,0.2181224046968251,0.7028494255122526,0,-1.6139625820010366,952.2,6.0,21.2
0.297,0.302,U8,MAD_M6C12,4.049819912846018,22.821095935470304,CPG,WPG,0.1,0.4193678098886085,0.21811892436390895,0.7027812042730637,6,-1.613972756674281,952.2,6.0,21.2
0.297,0.302,U8,MAD_M6C12,4.049813897092721,22.8210493936081,CPG,WPG,0.1,0.41936870656717934,0.2181181166867668,0.7027681736351519,7,-1.6139430995465425,952.2,6.0,21.2
0.297,0.302,U8,MAD_M6C12,4.049836842435442,22.821169098566507,CPG,WPG,0.1,0.4193670600279397,0.2181222054178851,0.7028749484398955,4,-1.6139651250233804,952.2,6.0,21.2
0.297,0.302,U8,MAD_M6C12,4.04983099571629,22.821157778814374,CPG,WPG,0.1,0.41936741478351314,0.21812629295756844,0.7029369930937257,6,-1.6139819357873773,952.2,6.0,21.2
0.297,0.302,U8,MAD_M6C12,4.049836913469875,22.82112363887485,CPG,WPG,0.1,0.41936723796320546,0.2181239967963668,0.7029085870666107,3,-1.6139762771724122,952.2,6.0,21.2
0.297,0.302,U8,MAD_M6C12,4.049832484046581,22.82109403607208,CPG,WPG,0.1,0.4193680354793311,0.21812474100198354,0.7029057068424764,2,-1.6139656013995047,952.2,6.0,21.2
0.297,0.302,U8,MAD_M6C12,4.049824820146214,22.821033145541023,CPG,WPG,0.1,0.41936841997575747,0.21812415126030696,0.7028862005215935,2,-1.6139735357551412,952.2,6.0,21.2
0.297,0.302,U8,MAD_M6C12,4.049814441260239,22.820828682643995,CPG,WPG,0.1,0.4193701529703421,0.21812211140131757,0.7028111392437868,6,-1.6139760972364545,952.2,6.0,21.2
0.297,0.302,U8,MAD_M6C12,4.049826249172252,22.821050571255775,CPG,WPG,0.1,0.41936835146305385,0.2181233802176218,0.7028667847024312,7,-1.6139717335847088,952.2,6.0,21.2
0.297,0.302,U8,MAD_M6C12,4.049822086297671,22.821099050970837,CPG,WPG,0.1,0.4193681377429812,0.21812614355637783,0.7029184822520294,4,-1.613981399119849,952.2,6.0,21.2
0.297,0.302,U8,MAD_M6C12,4.049832408461184,22.821097440543195,CPG,WPG,0.1,0.41936784930397536,0.21812515702578375,0.7029083281604276,7,-1.6139788219151363,952.2,6.0,21.2
0.297,0.302,U8,MAD_M6C12,4.049825893173857,22.821137288850068,CPG,WPG,0.1,0.4193677766542093,0.21812663104499033,0.7029474565011284,4,-1.613972205497145,952.2,6.0,21.2
0.297,0.302,U8,MAD_M6C12,4.0498442036969715,22.82128398612845,CPG,WPG,0.1,0.41936623458313693,0.21812764720114805,0.7030053905876246,6,-1.6139664560602736,952.2,6.0,21.2
0.297,0.302,U8,MAD_M6C12,4.049845779111958,22.821361440087642,CPG,WPG,0.1,0.41936575249139907,0.21812801052454958,0.7030129282194064,4,-1.613967155853146,952.2,6.0,21.2
0.297,0.302,U8,MAD_M6C12,4.0498478159624725,22.821325399067085,CPG,WPG,0.1,0.41936603299826714,0.21812920130362665,0.7030033059596952,0,-1.6139912949945945,952.2,6.0,21.2
0.297,0.302,U8,MAD_M6C12,4.049853849395924,22.82136815206861,CPG,WPG,0.1,0.41936535773888806,0.21812778104509378,0.7030037498976589,2,-1.6139813796690543,952.2,6.0,21.2
0.297,0.302,U8,MAD_M6C12,4.049857414600463,22.821412282202363,CPG,WPG,0.1,0.4193649381006591,0.21812822933485146,0.7030210818617655,4,-1.613981418481254,952.2,6.0,21.2
0.297,0.302,U8,MAD_M6C12,4.049846474361246,22.821332027573614,CPG,WPG,0.1,0.4193657576380734,0.2181259759728092,0.7029736735739469,0,-1.6139677427217602,952.2,6.0,21.2
0.297,0.302,U8,MAD_M6C12,4.049840899447167,22.821313142598378,CPG,WPG,0.1,0.41936585609304444,0.21812510567429264,0.7029550107907405,0,-1.613970339525773,952.2,6.0,21.2
0.297,0.302,U8,MAD_M6C12,4.049842458294385,22.82131568684925,CPG,WPG,0.1,0.4193656862075195,0.2181261178928825,0.7029743304732756,4,-1.6139801725065315,952.2,6.0,21.2
0.297,0.302,U8,MAD_M6C12,4.049837808599632,22.821210983521524,CPG,WPG,0.1,0.41936657665866084,0.21812641419362222,0.7029681893217408,0,-1.6139807025819906,952.2,6.0,21.2
0.297,0.302,U8,MAD_M6C12,4.049844237032088,22.821375870761894,CPG,WPG,0.1,0.4193651998422099,0.21812771554078086,0.7030277320989184,4,-1.613973496881881,952.2,6.0,21.2
0.297,0.302,U8,MAD_M6C12,4.0498432431408045,22.821427460432922,CPG,WPG,0.1,0.4193648877373222,0.21812976319939928,0.703062417315877,3,-1.6139848462644117,952.2,6.0,21.2
0.297,0.302,U8,MAD_M6C12,4.049846205989,22.82143884558347,CPG,WPG,0.1,0.41936473095631344,0.2181283979586072,0.7030347812121605,4,-1.6139834268764712,952.2,6.0,21.2
0.297,0.302,U8,MAD_M6C12,4.049847880673296,22.821488123441856,CPG,WPG,0.1,0.41936427408722055,0.21812899472912278,0.7030671446443479,5,-1.6139763606447204,952.2,6.0,21.2
0.297,0.302,U8,MAD_M6C12,4.049845717441282,22.821414184954758,CPG,WPG,0.1,0.4193647964704435,0.21812754390970623,0.7030339506436656,5,-1.6139729552652167,952.2,6.0,21.2
0.297,0.302,U8,MAD_M6C12,4.049847445324914,22.821402648116727,CPG,WPG,0.1,0.4193649323993668,0.2181268266553264,0.7030083448679547,4,-1.6139751111158045,952.2,6.0,21.2
0.297,0.302,U8,MAD_M6C12,4.049854528993699,22.821535324162312,CPG,WPG,0.1,0.4193637207002454,0.21812900576308394,0.7030729295114653,6,-1.6139806735863296,952.2,6.0,21.2
0.297,0.302,U8,MAD_M6C12,4.049856504146539,22.821474882458833,CPG,WPG,0.1,0.41936424545600437,0.21812856608364073,0.7030532005157819,0,-1.6139787733686486,952.2,6.0,21.2
0.297,0.302,U8,MAD_M6C12,4.04985223515827,22.821456012191152,CPG,WPG,0.1,0.41936452122912216,0.21812862285569645,0.7030418803770084,3,-1.6139833382560056,952.2,6.0,21.2
0.297,0.302,U8,MAD_M6C12,4.049858187623421,22.821529536511004,CPG,WPG,0.1,0.4193639472066782,0.21813049184672614,0.7030865666408159,0,-1.6139857629059104,952.2,6.0,21.2
0.297,0.302,U8,MAD_M6C12,4.049855215986874,22.821504362899095,CPG,WPG,0.1,0.4193641874268936,0.2181304026383783,0.7030845079709982,4,-1.6139834073845893,952.2,6.0,21.2
0.297,0.302,U8,MAD_M6C12,4.049857078233617,22.821516870143103,CPG,WPG,0.1,0.4193640206991793,0.21813033981998034,0.7030899334163134,6,-1.613981342167806,952.2,6.0,21.2
0.297,0.302,U8,MAD_M6C12,4.049857235836529,22.821480017597946,CPG,WPG,0.1,0.41936429193076424,0.2181313617492049,0.7031022727979259,0,-1.6139878952297515,952.2,6.0,21.2
0.297,0.302,U8,MAD_M6C12,4.049854874588572,22.82145565224895,CPG,WPG,0.1,0.4193645275520052,0.2181296012279884,0.7030627715678044,4,-1.613983327577655,952.2,6.0,21.2
0.297,0.302,U8,MAD_M6C12,4.049858112588766,22.821589099439798,CPG,WPG,0.1,0.41936368201876345,0.21813170271980395,0.7031081235007957,4,-1.6139870228139213,952.2,6.0,21.2
0.297,0.302,U8,MAD_M6C12,4.049857735676482,22.821565638473412,CPG,WPG,0.1,0.41936376054530555,0.21813195078994294,0.7031168665708454,3,-1.6139880357201406,952.2,6.0,21.2
0.297,0.302,U8,MAD_M6C12,4.049856089733184,22.821531254631147,CPG,WPG,0.1,0.4193640724011307,0.2181311547180067,0.7030883392447547,5,-1.6139912607632088,952.2,6.0,21.2
0.297,0.302,U8,MAD_M6C12,4.049855854092244,22.821556286435005,CPG,WPG,0.1,0.41936389673282515,0.2181312165603876,0.7031000785375574,2,-1.6139849351399107,952.2,6.0,21.2
0.297,0.302,U8,MAD_M6C12,4.049863541245216,22.821616257830755,CPG,WPG,0.1,0.4193632490783054,0.218133068469494,0.7031522221655213,4,-1.6139876056247076,952.2,6.0,21.2
0.297,0.302,U8,MAD_M6C12,4.049862073565128,22.821655026774923,CPG,WPG,0.1,0.41936304895725607,0.21813298184512483,0.7031497702488951,5,-1.6139873134986598,952.2,6.0,21.2
0.297,0.302,U8,MAD_M6C12,4.049858318375255,22.82163017729623,CPG,WPG,0.1,0.4193632799411353,0.21813197847682483,0.7031180074393291,1,-1.6139916836831354,952.2,6.0,21.2
0.297,0.302,U8,MAD_M6C12,4.049855969484018,22.821646884168793,CPG,WPG,0.1,0.4193633074807592,0.21813219763686184,0.7031182051704419,3,-1.613990970365828,952.2,6.0,21.2
0.297,0.302,U8,MAD_M6C12,4.04985595146385,22.821641409368794,CPG,WPG,0.1,0.4193634363604774,0.21813296775335755,0.7031270253042345,6,-1.613993649117143,952.2,6.0,21.2
0.297,0.302,U8,MAD_M6C12,4.049861581090494,22.8217242031575,CPG,WPG,0.1,0.4193626747300726,0.21813449603847904,0.7031754068200828,4,-1.6139935874253766,952.2,6.0,21.2
0.297,0.302,U8,MAD_M6C12,4.049862218196604,22.821755299807528,CPG,WPG,0.1,0.41936250686370735,0.2181350129749834,0.7031865634510588,3,-1.613993210400876,952.2,6.0,21.2
0.297,0.302,U8,MAD_M6C12,4.049858519254034,22.821643142961864,CPG,WPG,0.1,0.41936329675834283,0.2181323588011627,0.7031229522837084,5,-1.6139902455640769,952.2,6.0,21.2
0.297,0.302,U8,MAD_M6C12,4.04986393788943,22.821740949167914,CPG,WPG,0.1,0.4193624149868894,0.21813317651046463,0.7031600106280869,3,-1.6139875134748802,952.2,6.0,21.2
0.297,0.302,U8,MAD_M6C12,4.049861809707704,22.821803148479656,CPG,WPG,0.1,0.41936211356379194,0.21813389225419744,0.7031645287698702,2,-1.6139949112865661,952.2,6.0,21.2
0.297,0.302,U8,MAD_M6C12,4.049866426603393,22.821766163755317,CPG,WPG,0.1,0.4193622776660153,0.21813488324161032,0.7031891763511133,0,-1.613993953087503,952.2,6.0,21.2
0.297,0.302,U8,MAD_M6C12,4.049870303628345,22.821921040072684,CPG,WPG,0.1,0.41936108459598653,0.21813651963080705,0.7032387346927309,6,-1.6139960134578342,952.2,6.0,21.2
0.297,0.302,U8,MAD_M6C12,4.04987039775784,22.821980125046732,CPG,WPG,0.1,0.41936066852336096,0.21813620980924459,0.7032334329487742,5,-1.6139972807083254,952.2,6.0,21.2
0.297,0.302,U8,MAD_M6C12,4.049871130150458,22.822009916530103,CPG,WPG,0.1,0.41936052897637266,0.21813724534630585,0.7032533044452416,1,-1.6139986239623259,952.2,6.0,21.2
0.297,0.302,U8,MAD_M6C12,4.049872280484659,22.822077323436794,CPG,WPG,0.1,0.419360056812809,0.2181367439668446,0.7032491246245423,3,-1.6139952678341487,952.2,6.0,21.2
0.297,0.302,U8,MAD_M6C12,4.0498813708551396,22.822152141807447,CPG,WPG,0.1,0.4193592212965462,0.21813748784443487,0.7032808166758073,4,-1.6139971914521762,952.2,6.0,21.2
0.297,0.302,U8,MAD_M6C12,4.04987729705955,22.821993932631855,CPG,WPG,0.1,0.419360465026876,0.21813623129108756,0.7032345933542969,4,-1.6139981058171102,952.2,6.0,21.2
0.297,0.302,U8,MAD_M6C12,4.049883652858203,22.822137796017387,CPG,WPG,0.1,0.4193593508050898,0.21813902050904463,0.7033102118102637,6,-1.6139990992324975,952.2,6.0,21.2
0.297,0.302,U8,MAD_M6C12,4.049885221085338,22.822069360748404,CPG,WPG,0.1,0.41935973724479736,0.21813778051390825,0.7032843414445211,1,-1.613996440988041,952.2,6.0,21.2
0.297,0.302,U8,MAD_M6C12,4.049888094737148,22.822170309300894,CPG,WPG,0.1,0.41935898732283544,0.21813765805841395,0.7032849643803059,5,-1.6139987483077824,952.2,6.0,21.2
0.297,0.302,U8,MAD_M6C12,4.049886706003833,22.822191360537712,CPG,WPG,0.1,0.4193588463088141,0.21813813372884686,0.7032948979550109,6,-1.6140013667177477,952.2,6.0,21.2
0.297,0.302,U8,MAD_M6C12,4.049884916590216,22.82212877558085,CPG,WPG,0.1,0.41935926993201295,0.21813732365867422,0.7032757787958652,6,-1.6140000650335597,952.2,6.0,21.2
0.297,0.302,U8,MAD_M6C12,4.049884785593135,22.82212095933164,CPG,WPG,0.1,0.41935954996180536,0.21813764500690158,0.703271408216807,4,-1.6139982882616977,952.2,6.0,21.2
0.297,0.302,U8,MAD_M6C12,4.049883475243364,22.822097218857568,CPG,WPG,0.1,0.41935961029341434,0.21813699286948612,0.7032634336775687,6,-1.6139972516364232,952.2,6.0,21.2
0.297,0.302,U8,MAD_M6C12,4.049881312415677,22.822160678443684,CPG,WPG,0.1,0.41935921129016573,0.21813836887182822,0.7032948921155473,5,-1.6140005030881017,952.2,6.0,21.2
0.297,0.302,U8,MAD_M6C12,4.049888912841564,22.822248346691513,CPG,WPG,0.1,0.4193584707215883,0.21813936286558724,0.703325785094377,4,-1.614000411622012,952.2,6.0,21.2
0.297,0.302,U8,MAD_M6C12,4.049881049781332,22.822224471088354,CPG,WPG,0.1,0.4193587845522247,0.2181391346937144,0.703317350351079,4,-1.6139996116493514,952.2,6.0,21.2
0.297,0.302,U8,MAD_M6C12,4.049883779574102,22.822290096573788,CPG,WPG,0.1,0.4193583740551089,0.2181395405202257,0.7033245331338218,2,-1.6140005786253369,952.2,6.0,21.2
0.297,0.302,U8,MAD_M6C12,4.04988499246334,22.822316484307777,CPG,WPG,0.1,0.41935806766025396,0.21813936352416782,0.7033251509655036,2,-1.6140031048736692,952.2,6.0,21.2
0.297,0.302,U8,MAD_M6C12,4.049883466021311,22.822363898250252,CPG,WPG,0.1,0.41935780288865726,0.2181402485729062,0.7033469114750188,0,-1.6140026792982027,952.2,6.0,21.2
0.297,0.302,U8,MAD_M6C12,4.049891492453089,22.82253175182433,CPG,WPG,0.1,0.41935650147651343,0.21814131932548358,0.7033917880603648,2,-1.6139969833387298,952.2,6.0,21.2
0.297,0.302,U8,MAD_M6C12,4.049886715554126,22.822529052684658,CPG,WPG,0.1,0.4193567008642688,0.21814250180123476,0.703403387486436,1,-1.6140038556536975,952.2,6.0,21.2
0.297,0.302,U8,MAD_M6C12,4.049886504890527,22.822418957731273,CPG,WPG,0.1,0.4193574050988603,0.21814014475137677,0.7033447384957383,7,-1.6140037124566078,952.2,6.0,21.2
0.297,0.302,U8,MAD_M6C12,4.049895401840126,22.822632528711733,CPG,WPG,0.1,0.4193558316907897,0.21814248323064497,0.7034065601578607,6,-1.614007322226799,952.2,6.0,21.2
0.297,0.302,U8,MAD_M6C12,4.049893783227486,22.82272359117776,CPG,WPG,0.1,0.41935525997234246,0.21814347876142556,0.7034298866286433,6,-1.6140098671984564,952.2,6.0,21.2
0.297,0.302,U8,MAD_M6C12,4.049911383696057,22.823105388094852,CPG,WPG,0.1,0.4193523200636994,0.2181472230855414,0.7035354206862698,1,-1.6140171253012294,952.2,6.0,21.2
0.297,0.302,U8,MAD_M6C12,4.049912239020326,22.823155467219497,CPG,WPG,0.1,0.4193519857199798,0.21814883741498442,0.7035767796497887,2,-1.6140160642312136,952.2,6.0,21.2
0.297,0.302,U8,MAD_M6C12,4.049914510157404,22.823266313275067,CPG,WPG,0.1,0.4193512748194999,0.21814895243754945,0.7035751768048697,5,-1.614020067302647,952.2,6.0,21.2
0.297,0.302,U8,MAD_M6C12,4.0499197467178165,22.823408890501153,CPG,WPG,0.1,0.41935035012964017,0.2181500658077375,0.7035982456405572,2,-1.614022683056044,952.2,6.0,21.2
0.297,0.302,U8,MAD_M6C12,4.049917738747543,22.823298191465025,CPG,WPG,0.1,0.41935105318570026,0.21815033541776313,0.703604270283182,1,-1.614022393183717,952.2,6.0,21.2
0.297,0.302,U8,MAD_M6C12,4.049901710919289,22.8230057444583,CPG,WPG,0.1,0.41935340783544,0.2181476778230427,0.703527498269378,1,-1.614014358593634,952.2,6.0,21.2
0.297,0.302,U8,MAD_M6C12,4.049925586561773,22.82362624721609,CPG,WPG,0.1,0.41934885477221356,0.2181528140017349,0.7036706647688002,1,-1.6140228997209576,952.2,6.0,21.2
0.297,0.302,U8,MAD_M6C12,4.049925060374336,22.823584669957366,CPG,WPG,0.1,0.4193491096040314,0.21815352727365175,0.7036888421433676,3,-1.6140220981864513,952.2,6.0,21.2
0.297,0.302,U8,MAD_M6C12,4.049946995835278,22.824144562312387,CPG,WPG,0.1,0.41934501890614057,0.21816105460373134,0.7038727886806293,1,-1.61403939375173,952.2,6.0,21.2
0.297,0.302,U8,MAD_M6C12,4.0499407339085245,22.823980280223015,CPG,WPG,0.1,0.41934637539646,0.21815769793216774,0.7037772750714888,0,-1.6140375109206015,952.2,6.0,21.2
0.297,0.302,U8,MAD_M6C12,4.04996670524821,22.82449308652177,CPG,WPG,0.1,0.4193424871804012,0.21816539288448134,0.703981850565238,3,-1.6140435662046446,952.2,6.0,21.2
0.297,0.302,U8,MAD_M6C12,4.049965343318678,22.824563219983816,CPG,WPG,0.1,0.41934202413559096,0.2181656741635561,0.7039875869260106,0,-1.6140471370720952,952.2,6.0,21.2
0.297,0.302,U8,MAD_M6C12,4.049960648670712,22.824648691087095,CPG,WPG,0.1,0.41934155187475464,0.2181683563476721,0.7040496911945442,1,-1.614049630699391,952.2,6.0,21.2
0.297,0.302,U8,MAD_M6C12,4.049989270549245,22.825130131062753,CPG,WPG,0.1,0.41933777191466226,0.2181725959714995,0.704188553507032,3,-1.6140452314166893,952.2,6.0,21.2
0.297,0.302,U8,MAD_M6C12,4.049995364378276,22.82519053363675,CPG,WPG,0.1,0.4193373277215875,0.21817317079871723,0.7041931893819942,7,-1.6140520356849724,952.2,6.0,21.2
0.297,0.302,U8,MAD_M6C12,4.049968768636748,22.82490342580719,CPG,WPG,0.1,0.41933997988360916,0.2181715310986029,0.7041229805259253,3,-1.6140485189714706,952.2,6.0,21.2
0.297,0.302,U8,MAD_M6C12,4.049974676998419,22.825035993758096,CPG,WPG,0.1,0.41933867259336843,0.21817299745216218,0.7041780557243724,3,-1.6140536884095038,952.2,6.0,21.2
0.297,0.302,U8,MAD_M6C12,4.049983502089452,22.82513953777126,CPG,WPG,0.1,0.41933791800646547,0.21817635635703228,0.704256040061594,0,-1.6140560335825054,952.2,6.0,21.2
0.297,0.302,U8,MAD_M6C12,4.049979000355042,22.82533598542586,CPG,WPG,0.1,0.4193366571512728,0.21817884015313596,0.7043227317278506,3,-1.6140571928209457,952.2,6.0,21.2
0.297,0.302,U8,MAD_M6C12,4.049982451422321,22.825378118732683,CPG,WPG,0.1,0.4193365740037235,0.21818186791112334,0.7043832035126196,7,-1.6140559558119332,952.2,6.0,21.2
0.297,0.302,U8,MAD_M6C12,4.049984670214868,22.825448273621237,CPG,WPG,0.1,0.4193360041203936,0.21818110426920018,0.7043669747052292,0,-1.6140600366031617,952.2,6.0,21.2
0.297,0.302,U8,MAD_M6C12,4.0499755207476245,22.824823113346014,CPG,WPG,0.1,0.4193402338808724,0.21817119398660023,0.7041223061318949,2,-1.6140493697240057,952.2,6.0,21.2
0.297,0.302,U8,MAD_M6C12,4.049977485358599,22.825001651667023,CPG,WPG,0.1,0.41933892968598896,0.21817647570351356,0.7042543005481403,1,-1.614054591854302,952.2,6.0,21.2
0.297,0.302,U8,MAD_M6C12,4.049973173799146,22.8249604721474,CPG,WPG,0.1,0.41933941521340284,0.21817527482488067,0.7042338111647921,1,-1.6140400731964402,952.2,6.0,21.2
0.297,0.302,U8,MAD_M6C12,4.049984644073867,22.825042769335642,CPG,WPG,0.1,0.4193385020024919,0.21817450370509708,0.7042285675200746,1,-1.6140426241256076,952.2,6.0,21.2
0.297,0.302,U8,MAD_M6C12,4.049967748138987,22.824860861185176,CPG,WPG,0.1,0.4193401162407762,0.218174630003702,0.7042149300037375,5,-1.614041228531807,952.2,6.0,21.2
0.297,0.302,U8,MAD_M6C12,4.049971917578952,22.824925478755365,CPG,WPG,0.1,0.41933961886418836,0.21817658047139765,0.7042561186680718,0,-1.6140477498902701,952.2,6.0,21.2
0.297,0.302,U8,MAD_M6C12,4.049991734886463,22.825614685922517,CPG,WPG,0.1,0.41933466875761793,0.2181844107862964,0.7044631640842534,7,-1.6140584405517142,952.2,6.0,21.2
0.297,0.302,U8,MAD_M6C12,4.049976573046823,22.825199098703195,CPG,WPG,0.1,0.4193379046638799,0.21817736112734418,0.7042690437548256,7,-1.614052572467994,952.2,6.0,21.2
0.297,0.302,U8,MAD_M6C12,4.049976825267507,22.825299717655447,CPG,WPG,0.1,0.41933715524215176,0.21818151858187868,0.7043718857937553,5,-1.6140565136961875,952.2,6.0,21.2
0.297,0.302,U8,MAD_M6C12,4.049987190331012,22.82546153206575,CPG,WPG,0.1,0.4193358300589317,0.21818068623116268,0.7043636599079304,4,-1.6140578883188308,952.2,6.0,21.2
0.297,0.302,U8,MAD_M6C12,4.049989995565522,22.825557449711823,CPG,WPG,0.1,0.41933510395765217,0.21818152622554823,0.7043920931471246,4,-1.6140569090767407,952.2,6.0,21.2
0.297,0.302,U8,MAD_M6C12,4.049996120864498,22.825834385105704,CPG,WPG,0.1,0.4193331749085961,0.21818451516371698,0.7044709364562669,4,-1.6140600044473405,952.2,6.0,21.2
0.297,0.302,U8,MAD_M6C12,4.0499953118723875,22.82604190647414,CPG,WPG,0.1,0.41933199709237856,0.21818892722225286,0.704563591390095,5,-1.6140668838464425,952.2,6.0,21.2
0.297,0.302,U8,MAD_M6C12,4.0499969299211225,22.825859056662015,CPG,WPG,0.1,0.41933305325778913,0.21818578790062507,0.7044927157556828,7,-1.6140646990744205,952.2,6.0,21.2
0.297,0.302,U8,MAD_M6C12,4.049999424208558,22.82588228286514,CPG,WPG,0.1,0.41933280210792134,0.2181845830348109,0.7044739565453209,7,-1.6140608854848058,952.2,6.0,21.2
0.297,0.302,U8,MAD_M6C12,4.049988352813963,22.82560119747918,CPG,WPG,0.1,0.4193348722927324,0.21818189458972112,0.7043912806790971,0,-1.6140636911101875,952.2,6.0,21.2
0.297,0.302,U8,MAD_M6C12,4.049997864424185,22.82589387945542,CPG,WPG,0.1,0.41933284811664784,0.21818431872409577,0.7044575395409671,4,-1.6140640390138916,952.2,6.0,21.2
0.297,0.302,U8,MAD_M6C12,4.0499934396870225,22.825938885424865,CPG,WPG,0.1,0.4193325419209655,0.2181849781157442,0.7044801797188973,3,-1.6140633419923631,952.2,6.0,21.2
0.297,0.302,U8,MAD_M6C12,4.049997089500738,22.82608699329562,CPG,WPG,0.1,0.4193314662304136,0.21818688449451226,0.7045257039348698,3,-1.6140697916506603,952.2,6.0,21.2
0.297,0.302,U8,MAD_M6C12,4.0499928940103125,22.825888884355912,CPG,WPG,0.1,0.41933273547953487,0.21818225154174636,0.7044173463811174,1,-1.6140669537429915,952.2,6.0,21.2
0.297,0.302,U8,MAD_M6C12,4.049998555625586,22.82601543783203,CPG,WPG,0.1,0.4193320340262967,0.21818473450123155,0.704467540485155,6,-1.6140675330029275,952.2,6.0,21.2
0.297,0.302,U8,MAD_M6C12,4.049992966547555,22.825793592002885,CPG,WPG,0.1,0.4193335163002786,0.2181835496803034,0.7044369198446438,3,-1.6140656667194158,952.2,6.0,21.2
0.297,0.302,U8,MAD_M6C12,4.049987516406485,22.82569913789363,CPG,WPG,0.1,0.4193341888877695,0.2181813727538622,0.7043824669228083,5,-1.6140659855853023,952.2,6.0,21.2
0.297,0.302,U8,MAD_M6C12,4.04999341779154,22.82597716112051,CPG,WPG,0.1,0.41933236743960994,0.2181836561639633,0.7044382407357421,6,-1.6140685676583377,952.2,6.0,21.2
0.297,0.302,U8,MAD_M6C12,4.049990254339803,22.82597564088325,CPG,WPG,0.1,0.41933235354643866,0.21818385125724163,0.7044447712451061,4,-1.6140702134847,952.2,6.0,21.2
0.297,0.302,U8,MAD_M6C12,4.049998246252106,22.826169689629296,CPG,WPG,0.1,0.41933089619238534,0.21818607948955918,0.7045038899504288,7,-1.6140744804323628,952.2,6.0,21.2
0.297,0.302,U8,MAD_M6C12,4.049996948887795,22.82612191763075,CPG,WPG,0.1,0.419331221859341,0.21818529905115186,0.7044883898854213,6,-1.6140711246558315,952.2,6.0,21.2
0.297,0.302,U8,MAD_M6C12,4.049997948275946,22.826193203856544,CPG,WPG,0.1,0.41933068721718464,0.21818639558067654,0.704516240310975,1,-1.6140742416669625,952.2,6.0,21.2
0.297,0.302,U8,MAD_M6C12,4.049999607956841,22.826130856574657,CPG,WPG,0.1,0.41933108089355503,0.2181862728343337,0.7045092195406331,7,-1.6140753289947352,952.2,6.0,21.2
0.297,0.302,U8,MAD_M6C12,4.049994659194603,22.826065297714134,CPG,WPG,0.1,0.4193316209882804,0.21818613530439918,0.7045020309905796,6,-1.6140744888075176,952.2,6.0,21.2
0.297,0.302,U8,MAD_M6C12,4.049993960515812,22.82623724119907,CPG,WPG,0.1,0.41933052492232237,0.2181869257689374,0.7045218906791484,1,-1.6140772360321343,952.2,6.0,21.2
0.297,0.302,U8,MAD_M6C12,4.049994605951962,22.826030379170476,CPG,WPG,0.1,0.4193318355514546,0.2181860527077068,0.7044993451893871,6,-1.614074809112342,952.2,6.0,21.2
0.297,0.302,U8,MAD_M6C12,4.049992748103822,22.826023843425713,CPG,WPG,0.1,0.41933194032795706,0.21818575590251213,0.7044907020062983,1,-1.6140740827930955,952.2,6.0,21.2
0.297,0.302,U8,MAD_M6C12,4.049995207471156,22.826019621842185,CPG,WPG,0.1,0.41933187312737563,0.21818532518562833,0.7044856677527505,0,-1.6140729327221912,952.2,6.0,21.2
0.297,0.302,U8,MAD_M6C12,4.049997972454647,22.82611005463853,CPG,WPG,0.1,0.41933125581495434,0.21818662282386833,0.704519912114705,6,-1.6140722627005442,952.2,6.0,21.2
0.297,0.302,U8,MAD_M6C12,4.049998926241167,22.826084231456008,CPG,WPG,0.1,0.41933137594023623,0.2181866857575866,0.704520931998319,3,-1.6140736380551068,952.2,6.0,21.2
0.297,0.302,U8,MAD_M6C12,4.049997849376119,22.82599282039527,CPG,WPG,0.1,0.41933194985713307,0.21818543688605016,0.7044913598046825,3,-1.6140729241180818,952.2,6.0,21.2
0.297,0.302,U8,MAD_M6C12,4.049997382102668,22.82604606630129,CPG,WPG,0.1,0.4193316371913123,0.2181855815985973,0.7044923947130948,5,-1.6140747243427729,952.2,6.0,21.2
0.297,0.302,U8,MAD_M6C12,4.049995658059142,22.826034489960975,CPG,WPG,0.1,0.4193317737847273,0.21818602066568815,0.7044998698532461,7,-1.614074916428919,952.2,6.0,21.2
0.297,0.302,U8,MAD_M6C12,4.049998412794623,22.826074932492418,CPG,WPG,0.1,0.4193314198472514,0.21818638836466517,0.7045130323281552,1,-1.6140751089014262,952.2,6.0,21.2
0.297,0.302,U8,MAD_M6C12,4.049999434659775,22.826130254778693,CPG,WPG,0.1,0.4193310940058165,0.2181874899250583,0.7045384091422577,0,-1.6140748851818856,952.2,6.0,21.2
0.297,0.302,U8,MAD_M6C12,4.0499965435554515,22.82613712627921,CPG,WPG,0.1,0.4193310932223672,0.2181872604474717,0.7045335035118403,1,-1.6140743855753037,952.2,6.0,21.2
0.297,0.302,U8,MAD_M6C12,4.049998276106264,22.826220053437105,CPG,WPG,0.1,0.41933053212913496,0.21818765300977022,0.7045440522892634,3,-1.614075405218264,952.2,6.0,21.2
0.297,0.302,U8,MAD_M6C12,4.049995396665779,22.826191779267543,CPG,WPG,0.1,0.4193307502406437,0.21818808148455804,0.7045524864962514,2,-1.6140762768000396,952.2,6.0,21.2
0.297,0.302,U8,MAD_M6C12,4.0499955004879595,22.826320458325455,CPG,WPG,0.1,0.41932991732740543,0.21818887859597624,0.7045722117957567,7,-1.6140785607255896,952.2,6.0,21.2
0.297,0.302,U8,MAD_M6C12,4.049998214136,22.826365665488908,CPG,WPG,0.1,0.41932954829544655,0.2181890270774558,0.7045787442639568,6,-1.6140791977042834,952.2,6.0,21.2
0.297,0.302,U8,MAD_M6C12,4.049998481572851,22.82647949124826,CPG,WPG,0.1,0.4193288223843772,0.21818994082441043,0.7046026046059759,5,-1.6140795319261585,952.2,6.0,21.2
0.297,0.302,U8,MAD_M6C12,4.049998440546492,22.826432324132675,CPG,WPG,0.1,0.4193291208729887,0.21818939224653938,0.7045866235575975,5,-1.6140809807560181,952.2,6.0,21.2
0.297,0.302,U8,MAD_M6C12,4.049995804317579,22.826417821183124,CPG,WPG,0.1,0.4193292748920598,0.21818912931922085,0.704581229729687,7,-1.614078847233655,952.2,6.0,21.2
0.297,0.302,U8,MAD_M6C12,4.049994667551071,22.82643597629897,CPG,WPG,0.1,0.41932920092851067,0.21818891852147113,0.7045735693795994,3,-1.6140799016279193,952.2,6.0,21.2
0.297,0.302,U8,MAD_M6C12,4.049996948909548,22.82647742994327,CPG,WPG,0.1,0.41932885559280375,0.21818975518997621,0.7045986713230228,1,-1.614079148034035,952.2,6.0,21.2
0.297,0.302,U8,MAD_M6C12,4.049996395596893,22.826487953278058,CPG,WPG,0.1,0.41932879627536274,0.21818974029827792,0.704597887645646,7,-1.614079639428594,952.2,6.0,21.2
0.297,0.302,U8,MAD_M6C12,4.049997496475202,22.826671549504773,CPG,WPG,0.1,0.41932759403504294,0.21819093096450348,0.7046267069879022,5,-1.6140833936935302,952.2,6.0,21.2
0.297,0.302,U8,MAD_M6C12,4.0499981630930195,22.82663940868592,CPG,WPG,0.1,0.41932778669871074,0.21819063263679533,0.7046199961910169,7,-1.6140826699449562,952.2,6.0,21.2
0.297,0.302,U8,MAD_M6C12,4.049996547538276,22.82663756639021,CPG,WPG,0.1,0.41932781638844263,0.2181902860417238,0.7046111435515972,2,-1.6140832462641281,952.2,6.0,21.2
0.297,0.302,U8,MAD_M6C12,4.049997293461208,22.826738585769014,CPG,WPG,0.1,0.4193271146191071,0.2181909055434523,0.7046306588015372,2,-1.6140837293329522,952.2,6.0,21.2
Time taken (seconds)
2026-06-01 14:17:52
