Thigh,Calf,Hip left motor,Hip right motor,Hip left ratio,Hip right ratio,Gearbox left,Gearbox right,Efficiency left,Efficiency right,Torso distance,ik_height,ori_l,ori_theta,Best X velocity,Average energy,Max height,Max distance,Unique id,Cost,ac1,ac2,ac3
0.25882454973770086,0.24338257151051917,U12,MN8014,10.393978896498862,9.30724910923985,CPG,CPG,0.954,0.945,0.12430789885319597,0.342437148848744,0.4612513725002639,0.497160665870624,0.5962794834395672,0.7103695384730836,0.011976154814343538,0.014364687882705732,69568dda,0.09585883122353586,436.7,4.8,28.6
0.25882454973770086,0.24338257151051917,U12,MN8014,10.393978896498862,9.30724910923985,CPG,CPG,0.954,0.945,0.12430789885319597,0.342437148848744,0.4612513725002639,0.497160665870624,0.8886280120526863,0.7103695384730836,0.011976154814343538,0.014364687882705732,69568dda,0.09585883122353586,436.7,4.8,28.6
0.25882454973770086,0.24338257151051917,U12,MN8014,10.393978896498862,9.30724910923985,CPG,CPG,0.954,0.945,0.12430789885319597,0.342437148848744,0.4612513725002639,0.497160665870624,1.0929482974491924,0.7103695384730836,0.011976154814343538,0.014364687882705732,69568dda,0.09585883122353586,436.7,4.8,28.6
0.25882454973770086,0.24338257151051917,U12,MN8014,10.393978896498862,9.30724910923985,CPG,CPG,0.954,0.945,0.12430789885319597,0.342437148848744,0.4612513725002639,0.497160665870624,1.356398564694932,0.7103695384730836,0.011976154814343538,0.014364687882705732,69568dda,0.09585883122353586,436.7,4.8,28.6
0.25882454973770086,0.24338257151051917,U12,MN8014,10.393978896498862,9.30724910923985,CPG,CPG,0.954,0.945,0.12430789885319597,0.342437148848744,0.4612513725002639,0.497160665870624,1.5768088941424807,0.7103695384730836,0.011976154814343538,0.014364687882705732,69568dda,0.09585883122353586,436.7,4.8,28.6
0.2621370721034713,0.24717805674696486,U10,MN8014,6.541268976649997,8.018122297829455,CPG,CPG,0.949,0.951,0.1194685317021096,0.3733158229240089,0.20666627159850556,-0.6023035527754697,4.062463357137909,10.589081711364843,0.18217850251594225,0.35404988660054,2c20a703,-0.294803721782384,569.4,4.9,26.4
0.2621370721034713,0.24717805674696486,U10,MN8014,6.541268976649997,8.018122297829455,CPG,CPG,0.949,0.951,0.1194685317021096,0.3733158229240089,0.20666627159850556,-0.6023035527754697,4.855107386887522,10.589081711364843,0.18217850251594225,0.35404988660054,2c20a703,-0.294803721782384,569.4,4.9,26.4
0.2621370721034713,0.24717805674696486,U10,MN8014,6.541268976649997,8.018122297829455,CPG,CPG,0.949,0.951,0.1194685317021096,0.3733158229240089,0.20666627159850556,-0.6023035527754697,5.896338517245151,10.589081711364843,0.18217850251594225,0.35404988660054,2c20a703,-0.294803721782384,569.4,4.9,26.4
0.2621370721034713,0.24717805674696486,U10,MN8014,6.541268976649997,8.018122297829455,CPG,CPG,0.949,0.951,0.1194685317021096,0.3733158229240089,0.20666627159850556,-0.6023035527754697,5.968189019959132,10.589081711364843,0.18217850251594225,0.35404988660054,2c20a703,-0.294803721782384,569.4,4.9,26.4
0.2621370721034713,0.24717805674696486,U10,MN8014,6.541268976649997,8.018122297829455,CPG,CPG,0.949,0.951,0.1194685317021096,0.3733158229240089,0.20666627159850556,-0.6023035527754697,6.009610792131991,10.589081711364843,0.18217850251594225,0.35404988660054,2c20a703,-0.294803721782384,569.4,4.9,26.4
0.2510219692426619,0.2327947045846144,U12,U12,11.589696184830492,10.065987161939557,CPG,CPG,0.957,0.956,0.1113801549060675,0.36911267096031214,0.20583991678640182,-0.21600796136083744,2.8796403926714413,11.275386430332054,0.12360453208803368,0.2821328125103054,96ce64c4,0.8547180412545727,490.9,4.3,35.1
0.2510219692426619,0.2327947045846144,U12,U12,11.589696184830492,10.065987161939557,CPG,CPG,0.957,0.956,0.1113801549060675,0.36911267096031214,0.20583991678640182,-0.21600796136083744,3.4405432994514324,11.275386430332054,0.12360453208803368,0.2821328125103054,96ce64c4,0.8547180412545727,490.9,4.3,35.1
0.2510219692426619,0.2327947045846144,U12,U12,11.589696184830492,10.065987161939557,CPG,CPG,0.957,0.956,0.1113801549060675,0.36911267096031214,0.20583991678640182,-0.21600796136083744,5.524384510367284,11.275386430332054,0.12360453208803368,0.2821328125103054,96ce64c4,0.8547180412545727,490.9,4.3,35.1
0.2510219692426619,0.2327947045846144,U12,U12,11.589696184830492,10.065987161939557,CPG,CPG,0.957,0.956,0.1113801549060675,0.36911267096031214,0.20583991678640182,-0.21600796136083744,5.11608639880339,11.275386430332054,0.12360453208803368,0.2821328125103054,96ce64c4,0.8547180412545727,490.9,4.3,35.1
0.2510219692426619,0.2327947045846144,U12,U12,11.589696184830492,10.065987161939557,CPG,CPG,0.957,0.956,0.1113801549060675,0.36911267096031214,0.20583991678640182,-0.21600796136083744,4.079985326209752,11.275386430332054,0.12360453208803368,0.2821328125103054,96ce64c4,0.8547180412545727,490.9,4.3,35.1
0.2562418086483112,0.22565148625661263,U10,MN8014,10.632900521176104,10.791805986999929,CPG,CPG,0.951,0.945,0.12677742164267222,0.38263760097237226,0.20569273152504247,-0.17731063243934497,2.0247918768015123,6.207065118307807,0.11432763970355644,0.17294881653571917,4067d4b8,0.25326688778258877,381.9,3.0,30.2
0.2562418086483112,0.22565148625661263,U10,MN8014,10.632900521176104,10.791805986999929,CPG,CPG,0.951,0.945,0.12677742164267222,0.38263760097237226,0.20569273152504247,-0.17731063243934497,1.8351499641799962,6.207065118307807,0.11432763970355644,0.17294881653571917,4067d4b8,0.25326688778258877,381.9,3.0,30.2
0.2562418086483112,0.22565148625661263,U10,MN8014,10.632900521176104,10.791805986999929,CPG,CPG,0.951,0.945,0.12677742164267222,0.38263760097237226,0.20569273152504247,-0.17731063243934497,1.5937776159048942,6.207065118307807,0.11432763970355644,0.17294881653571917,4067d4b8,0.25326688778258877,381.9,3.0,30.2
0.2562418086483112,0.22565148625661263,U10,MN8014,10.632900521176104,10.791805986999929,CPG,CPG,0.951,0.945,0.12677742164267222,0.38263760097237226,0.20569273152504247,-0.17731063243934497,3.223211717095968,6.207065118307807,0.11432763970355644,0.17294881653571917,4067d4b8,0.25326688778258877,381.9,3.0,30.2
0.2562418086483112,0.22565148625661263,U10,MN8014,10.632900521176104,10.791805986999929,CPG,CPG,0.951,0.945,0.12677742164267222,0.38263760097237226,0.20569273152504247,-0.17731063243934497,3.9020974340561216,6.207065118307807,0.11432763970355644,0.17294881653571917,4067d4b8,0.25326688778258877,381.9,3.0,30.2
0.22615858292132743,0.24343801046424915,U12,MN8014,11.357862248319652,11.35899811315165,CPG,CPG,0.955,0.935,0.11915859650369812,0.36539467983018736,0.21456322703266678,0.05222129871291292,0.6483305729066889,6.842446160849633,0.12831889250389453,0.06200568143968971,ad477466,1.8639934584187643,421.1,3.3,27.5
0.22615858292132743,0.24343801046424915,U12,MN8014,11.357862248319652,11.35899811315165,CPG,CPG,0.955,0.935,0.11915859650369812,0.36539467983018736,0.21456322703266678,0.05222129871291292,0.6366697455609649,6.842446160849633,0.12831889250389453,0.06200568143968971,ad477466,1.8639934584187643,421.1,3.3,27.5
0.22615858292132743,0.24343801046424915,U12,MN8014,11.357862248319652,11.35899811315165,CPG,CPG,0.955,0.935,0.11915859650369812,0.36539467983018736,0.21456322703266678,0.05222129871291292,0.8871469524045938,6.842446160849633,0.12831889250389453,0.06200568143968971,ad477466,1.8639934584187643,421.1,3.3,27.5
0.22615858292132743,0.24343801046424915,U12,MN8014,11.357862248319652,11.35899811315165,CPG,CPG,0.955,0.935,0.11915859650369812,0.36539467983018736,0.21456322703266678,0.05222129871291292,0.786729298564961,6.842446160849633,0.12831889250389453,0.06200568143968971,ad477466,1.8639934584187643,421.1,3.3,27.5
0.22615858292132743,0.24343801046424915,U12,MN8014,11.357862248319652,11.35899811315165,CPG,CPG,0.955,0.935,0.11915859650369812,0.36539467983018736,0.21456322703266678,0.05222129871291292,1.050739671956173,6.842446160849633,0.12831889250389453,0.06200568143968971,ad477466,1.8639934584187643,421.1,3.3,27.5
0.253402901591132,0.2543406451470579,U12,MN8014,8.001266756304542,9.272320155518646,CPG,CPG,0.938,0.945,0.1250110174174167,0.34827958156883576,0.20001034781355412,-0.07877904201240105,1.0591648159556601,14.657771016280739,0.2686228865102877,0.09793938192965011,0c93f45a,4.422801712811259,612.1,5.9,26.5
0.253402901591132,0.2543406451470579,U12,MN8014,8.001266756304542,9.272320155518646,CPG,CPG,0.938,0.945,0.1250110174174167,0.34827958156883576,0.20001034781355412,-0.07877904201240105,0.9505714278095911,14.657771016280739,0.2686228865102877,0.09793938192965011,0c93f45a,4.422801712811259,612.1,5.9,26.5
0.253402901591132,0.2543406451470579,U12,MN8014,8.001266756304542,9.272320155518646,CPG,CPG,0.938,0.945,0.1250110174174167,0.34827958156883576,0.20001034781355412,-0.07877904201240105,1.139632968753632,14.657771016280739,0.2686228865102877,0.09793938192965011,0c93f45a,4.422801712811259,612.1,5.9,26.5
0.253402901591132,0.2543406451470579,U12,MN8014,8.001266756304542,9.272320155518646,CPG,CPG,0.938,0.945,0.1250110174174167,0.34827958156883576,0.20001034781355412,-0.07877904201240105,1.2250795263709024,14.657771016280739,0.2686228865102877,0.09793938192965011,0c93f45a,4.422801712811259,612.1,5.9,26.5
0.253402901591132,0.2543406451470579,U12,MN8014,8.001266756304542,9.272320155518646,CPG,CPG,0.938,0.945,0.1250110174174167,0.34827958156883576,0.20001034781355412,-0.07877904201240105,1.8544875688910623,14.657771016280739,0.2686228865102877,0.09793938192965011,0c93f45a,4.422801712811259,612.1,5.9,26.5
0.263753028393501,0.22405242871374406,U10,MN8014,9.1817356442745,11.240074717204159,CPG,CPG,0.95,0.937,0.1283411790449594,0.3308093574489431,0.21608143604935706,-0.7261850695369538,2.0497954475255753,14.9421036020916,0.020438110923134665,0.20792528903802304,a8df03ed,3.1770832527238726,468.0,4.6,26.9
0.263753028393501,0.22405242871374406,U10,MN8014,9.1817356442745,11.240074717204159,CPG,CPG,0.95,0.937,0.1283411790449594,0.3308093574489431,0.21608143604935706,-0.7261850695369538,4.957264907081104,14.9421036020916,0.020438110923134665,0.20792528903802304,a8df03ed,3.1770832527238726,468.0,4.6,26.9
0.263753028393501,0.22405242871374406,U10,MN8014,9.1817356442745,11.240074717204159,CPG,CPG,0.95,0.937,0.1283411790449594,0.3308093574489431,0.21608143604935706,-0.7261850695369538,4.720085468561712,14.9421036020916,0.020438110923134665,0.20792528903802304,a8df03ed,3.1770832527238726,468.0,4.6,26.9
0.263753028393501,0.22405242871374406,U10,MN8014,9.1817356442745,11.240074717204159,CPG,CPG,0.95,0.937,0.1283411790449594,0.3308093574489431,0.21608143604935706,-0.7261850695369538,5.362523728937251,14.9421036020916,0.020438110923134665,0.20792528903802304,a8df03ed,3.1770832527238726,468.0,4.6,26.9
0.263753028393501,0.22405242871374406,U10,MN8014,9.1817356442745,11.240074717204159,CPG,CPG,0.95,0.937,0.1283411790449594,0.3308093574489431,0.21608143604935706,-0.7261850695369538,6.305323265612067,14.9421036020916,0.020438110923134665,0.20792528903802304,a8df03ed,3.1770832527238726,468.0,4.6,26.9
0.231651392429925,0.25705473826832,U10,MN8014,6.899288937997018,8.111010486981455,CPG,CPG,0.958,0.959,0.12068700975159868,0.37992091160615205,0.20094452000599033,-0.6260329987695102,5.0427731658507575,11.964310109240017,0.14228623642329188,0.4521515174740132,6c322f65,-0.9751612463087405,551.6,3.4,35.3
0.231651392429925,0.25705473826832,U10,MN8014,6.899288937997018,8.111010486981455,CPG,CPG,0.958,0.959,0.12068700975159868,0.37992091160615205,0.20094452000599033,-0.6260329987695102,8.006336464505102,11.964310109240017,0.14228623642329188,0.4521515174740132,6c322f65,-0.9751612463087405,551.6,3.4,35.3
0.231651392429925,0.25705473826832,U10,MN8014,6.899288937997018,8.111010486981455,CPG,CPG,0.958,0.959,0.12068700975159868,0.37992091160615205,0.20094452000599033,-0.6260329987695102,9.126639452281218,11.964310109240017,0.14228623642329188,0.4521515174740132,6c322f65,-0.9751612463087405,551.6,3.4,35.3
0.231651392429925,0.25705473826832,U10,MN8014,6.899288937997018,8.111010486981455,CPG,CPG,0.958,0.959,0.12068700975159868,0.37992091160615205,0.20094452000599033,-0.6260329987695102,10.321774512868187,11.964310109240017,0.14228623642329188,0.4521515174740132,6c322f65,-0.9751612463087405,551.6,3.4,35.3
0.231651392429925,0.25705473826832,U10,MN8014,6.899288937997018,8.111010486981455,CPG,CPG,0.958,0.959,0.12068700975159868,0.37992091160615205,0.20094452000599033,-0.6260329987695102,10.270404046223584,11.964310109240017,0.14228623642329188,0.4521515174740132,6c322f65,-0.9751612463087405,551.6,3.4,35.3
0.2414092727776886,0.21953045983432648,U12,U12,9.669471409121918,11.75836217441622,CPG,CPG,0.95,0.957,0.11514552637133879,0.4022992335237739,0.2274366907846448,-0.33038581468764217,1.1839764343914994,6.699316887128068,0.0986645011203422,0.13789277085428397,adf551de,0.8741716063476104,633.7,2.6,31.6
0.2414092727776886,0.21953045983432648,U12,U12,9.669471409121918,11.75836217441622,CPG,CPG,0.95,0.957,0.11514552637133879,0.4022992335237739,0.2274366907846448,-0.33038581468764217,3.2197169789636964,6.699316887128068,0.0986645011203422,0.13789277085428397,adf551de,0.8741716063476104,633.7,2.6,31.6
0.2414092727776886,0.21953045983432648,U12,U12,9.669471409121918,11.75836217441622,CPG,CPG,0.95,0.957,0.11514552637133879,0.4022992335237739,0.2274366907846448,-0.33038581468764217,3.4530855226829145,6.699316887128068,0.0986645011203422,0.13789277085428397,adf551de,0.8741716063476104,633.7,2.6,31.6
0.2414092727776886,0.21953045983432648,U12,U12,9.669471409121918,11.75836217441622,CPG,CPG,0.95,0.957,0.11514552637133879,0.4022992335237739,0.2274366907846448,-0.33038581468764217,3.36569387029409,6.699316887128068,0.0986645011203422,0.13789277085428397,adf551de,0.8741716063476104,633.7,2.6,31.6
0.2414092727776886,0.21953045983432648,U12,U12,9.669471409121918,11.75836217441622,CPG,CPG,0.95,0.957,0.11514552637133879,0.4022992335237739,0.2274366907846448,-0.33038581468764217,2.6569346905113753,6.699316887128068,0.0986645011203422,0.13789277085428397,adf551de,0.8741716063476104,633.7,2.6,31.6
0.26183653977740173,0.23979489535566545,U8,MN8014,6.997959068371834,7.744744477005285,CPG,CPG,0.946,0.947,0.11734272950231102,0.3139988992674407,0.200538619042943,-0.9836576895702506,3.707257132713755,6.453702707647095,0.020224790043931167,0.1300698626365401,92466f24,0.8762138870523297,695.3,3.3,33.1
0.26183653977740173,0.23979489535566545,U8,MN8014,6.997959068371834,7.744744477005285,CPG,CPG,0.946,0.947,0.11734272950231102,0.3139988992674407,0.200538619042943,-0.9836576895702506,1.8338702031883434,6.453702707647095,0.020224790043931167,0.1300698626365401,92466f24,0.8762138870523297,695.3,3.3,33.1
0.26183653977740173,0.23979489535566545,U8,MN8014,6.997959068371834,7.744744477005285,CPG,CPG,0.946,0.947,0.11734272950231102,0.3139988992674407,0.200538619042943,-0.9836576895702506,3.577182626178722,6.453702707647095,0.020224790043931167,0.1300698626365401,92466f24,0.8762138870523297,695.3,3.3,33.1
0.26183653977740173,0.23979489535566545,U8,MN8014,6.997959068371834,7.744744477005285,CPG,CPG,0.946,0.947,0.11734272950231102,0.3139988992674407,0.200538619042943,-0.9836576895702506,4.155356085703225,6.453702707647095,0.020224790043931167,0.1300698626365401,92466f24,0.8762138870523297,695.3,3.3,33.1
0.26183653977740173,0.23979489535566545,U8,MN8014,6.997959068371834,7.744744477005285,CPG,CPG,0.946,0.947,0.11734272950231102,0.3139988992674407,0.200538619042943,-0.9836576895702506,4.622425672418856,6.453702707647095,0.020224790043931167,0.1300698626365401,92466f24,0.8762138870523297,695.3,3.3,33.1
0.2325592376191487,0.2711929218070145,U10,MN8014,9.662368315003135,8.843479767403837,CPG,CPG,0.95,0.948,0.12311713883710464,0.43263377586646967,0.20567192170351842,-0.3247255607657695,3.141004867362195,7.36235996413264,0.1435067101381892,0.17525896289557802,c5eacc03,0.6684991803145146,505.7,2.9,34.2
0.2325592376191487,0.2711929218070145,U10,MN8014,9.662368315003135,8.843479767403837,CPG,CPG,0.95,0.948,0.12311713883710464,0.43263377586646967,0.20567192170351842,-0.3247255607657695,3.4031127478936805,7.36235996413264,0.1435067101381892,0.17525896289557802,c5eacc03,0.6684991803145146,505.7,2.9,34.2
0.2325592376191487,0.2711929218070145,U10,MN8014,9.662368315003135,8.843479767403837,CPG,CPG,0.95,0.948,0.12311713883710464,0.43263377586646967,0.20567192170351842,-0.3247255607657695,3.873764203965907,7.36235996413264,0.1435067101381892,0.17525896289557802,c5eacc03,0.6684991803145146,505.7,2.9,34.2
0.2325592376191487,0.2711929218070145,U10,MN8014,9.662368315003135,8.843479767403837,CPG,CPG,0.95,0.948,0.12311713883710464,0.43263377586646967,0.20567192170351842,-0.3247255607657695,4.171808637197649,7.36235996413264,0.1435067101381892,0.17525896289557802,c5eacc03,0.6684991803145146,505.7,2.9,34.2
0.2325592376191487,0.2711929218070145,U10,MN8014,9.662368315003135,8.843479767403837,CPG,CPG,0.95,0.948,0.12311713883710464,0.43263377586646967,0.20567192170351842,-0.3247255607657695,4.441332413608609,7.36235996413264,0.1435067101381892,0.17525896289557802,c5eacc03,0.6684991803145146,505.7,2.9,34.2
0.2634541448635974,0.23720398152777078,U8,MN8014,4.458994424966545,9.309520685296444,CPG,CPG,0.955,0.945,0.13821311338628084,0.3830553964015433,0.20418115439972026,-0.7386451778096887,0.9338451138960011,5.407993390497573,0.136244027501861,0.07920966313963194,7bb79654,1.101156021403467,623.2,3.5,34.3
0.2634541448635974,0.23720398152777078,U8,MN8014,4.458994424966545,9.309520685296444,CPG,CPG,0.955,0.945,0.13821311338628084,0.3830553964015433,0.20418115439972026,-0.7386451778096887,0.9005849948637337,5.407993390497573,0.136244027501861,0.07920966313963194,7bb79654,1.101156021403467,623.2,3.5,34.3
0.2634541448635974,0.23720398152777078,U8,MN8014,4.458994424966545,9.309520685296444,CPG,CPG,0.955,0.945,0.13821311338628084,0.3830553964015433,0.20418115439972026,-0.7386451778096887,1.431794959188452,5.407993390497573,0.136244027501861,0.07920966313963194,7bb79654,1.101156021403467,623.2,3.5,34.3
0.2634541448635974,0.23720398152777078,U8,MN8014,4.458994424966545,9.309520685296444,CPG,CPG,0.955,0.945,0.13821311338628084,0.3830553964015433,0.20418115439972026,-0.7386451778096887,1.8372370165801817,5.407993390497573,0.136244027501861,0.07920966313963194,7bb79654,1.101156021403467,623.2,3.5,34.3
0.2634541448635974,0.23720398152777078,U8,MN8014,4.458994424966545,9.309520685296444,CPG,CPG,0.955,0.945,0.13821311338628084,0.3830553964015433,0.20418115439972026,-0.7386451778096887,1.956822988250741,5.407993390497573,0.136244027501861,0.07920966313963194,7bb79654,1.101156021403467,623.2,3.5,34.3
0.2490792453041748,0.2562338918656671,U10,MN8014,7.915728195613633,8.833771675394608,CPG,CPG,0.941,0.948,0.13075248039628568,0.38648511961856846,0.23066716772670054,-0.4228044074631341,6.9547029451554625,12.31767312381101,0.18633193294626652,0.4326559637735879,c8f02868,-0.5992864545272099,640.1,2.1,38.2
0.2490792453041748,0.2562338918656671,U10,MN8014,7.915728195613633,8.833771675394608,CPG,CPG,0.941,0.948,0.13075248039628568,0.38648511961856846,0.23066716772670054,-0.4228044074631341,8.617460286345121,12.31767312381101,0.18633193294626652,0.4326559637735879,c8f02868,-0.5992864545272099,640.1,2.1,38.2
0.2490792453041748,0.2562338918656671,U10,MN8014,7.915728195613633,8.833771675394608,CPG,CPG,0.941,0.948,0.13075248039628568,0.38648511961856846,0.23066716772670054,-0.4228044074631341,10.69137968515097,12.31767312381101,0.18633193294626652,0.4326559637735879,c8f02868,-0.5992864545272099,640.1,2.1,38.2
0.2490792453041748,0.2562338918656671,U10,MN8014,7.915728195613633,8.833771675394608,CPG,CPG,0.941,0.948,0.13075248039628568,0.38648511961856846,0.23066716772670054,-0.4228044074631341,11.143394429682804,12.31767312381101,0.18633193294626652,0.4326559637735879,c8f02868,-0.5992864545272099,640.1,2.1,38.2
0.2490792453041748,0.2562338918656671,U10,MN8014,7.915728195613633,8.833771675394608,CPG,CPG,0.941,0.948,0.13075248039628568,0.38648511961856846,0.23066716772670054,-0.4228044074631341,11.208366878598035,12.31767312381101,0.18633193294626652,0.4326559637735879,c8f02868,-0.5992864545272099,640.1,2.1,38.2
0.23742772291095898,0.2711525536162953,U10,MN8014,8.94712938608728,6.351626782240601,CPG,CPG,0.954,0.958,0.11302179632171847,0.42991243797840306,0.2459857973187717,-0.5985567552978182,3.4260643046410753,8.354672972815084,0.10424881969814331,0.3150713323713446,c89a74d8,-0.6727515882729609,458.8,1.1,32.6
0.23742772291095898,0.2711525536162953,U10,MN8014,8.94712938608728,6.351626782240601,CPG,CPG,0.954,0.958,0.11302179632171847,0.42991243797840306,0.2459857973187717,-0.5985567552978182,6.473205729367916,8.354672972815084,0.10424881969814331,0.3150713323713446,c89a74d8,-0.6727515882729609,458.8,1.1,32.6
0.23742772291095898,0.2711525536162953,U10,MN8014,8.94712938608728,6.351626782240601,CPG,CPG,0.954,0.958,0.11302179632171847,0.42991243797840306,0.2459857973187717,-0.5985567552978182,8.566071287404455,8.354672972815084,0.10424881969814331,0.3150713323713446,c89a74d8,-0.6727515882729609,458.8,1.1,32.6
0.23742772291095898,0.2711525536162953,U10,MN8014,8.94712938608728,6.351626782240601,CPG,CPG,0.954,0.958,0.11302179632171847,0.42991243797840306,0.2459857973187717,-0.5985567552978182,10.066308269732328,8.354672972815084,0.10424881969814331,0.3150713323713446,c89a74d8,-0.6727515882729609,458.8,1.1,32.6
0.23742772291095898,0.2711525536162953,U10,MN8014,8.94712938608728,6.351626782240601,CPG,CPG,0.954,0.958,0.11302179632171847,0.42991243797840306,0.2459857973187717,-0.5985567552978182,10.305658925302463,8.354672972815084,0.10424881969814331,0.3150713323713446,c89a74d8,-0.6727515882729609,458.8,1.1,32.6
0.2324549579417215,0.2936613988669185,U10,MN8014,6.87247461626466,6.637319038053928,CPG,CPG,0.958,0.946,0.13009815923456997,0.389676165150217,0.25970700828441906,-0.6435896821450041,6.043862435712343,10.630632763600959,0.09205669553590692,0.3941843005660272,e3365819,-0.7732618858119409,515.1,2.2,32.6
0.2324549579417215,0.2936613988669185,U10,MN8014,6.87247461626466,6.637319038053928,CPG,CPG,0.958,0.946,0.13009815923456997,0.389676165150217,0.25970700828441906,-0.6435896821450041,11.438080532157862,10.630632763600959,0.09205669553590692,0.3941843005660272,e3365819,-0.7732618858119409,515.1,2.2,32.6
0.2324549579417215,0.2936613988669185,U10,MN8014,6.87247461626466,6.637319038053928,CPG,CPG,0.958,0.946,0.13009815923456997,0.389676165150217,0.25970700828441906,-0.6435896821450041,10.370964493575359,10.630632763600959,0.09205669553590692,0.3941843005660272,e3365819,-0.7732618858119409,515.1,2.2,32.6
0.2324549579417215,0.2936613988669185,U10,MN8014,6.87247461626466,6.637319038053928,CPG,CPG,0.958,0.946,0.13009815923456997,0.389676165150217,0.25970700828441906,-0.6435896821450041,10.425899952713097,10.630632763600959,0.09205669553590692,0.3941843005660272,e3365819,-0.7732618858119409,515.1,2.2,32.6
0.2324549579417215,0.2936613988669185,U10,MN8014,6.87247461626466,6.637319038053928,CPG,CPG,0.958,0.946,0.13009815923456997,0.389676165150217,0.25970700828441906,-0.6435896821450041,10.359722220420135,10.630632763600959,0.09205669553590692,0.3941843005660272,e3365819,-0.7732618858119409,515.1,2.2,32.6
0.2385800534230305,0.25946200675332076,U10,MN8014,7.44877364284231,7.62815141005304,CPG,CPG,0.953,0.952,0.11273496545748053,0.4146901460376392,0.2078743593745503,-0.9292203767435467,4.550773257626111,12.216555059137052,0.10967915376907329,0.4520682175642783,aa38c03a,-0.8772604017127588,497.8,1.0,34.4
0.2385800534230305,0.25946200675332076,U10,MN8014,7.44877364284231,7.62815141005304,CPG,CPG,0.953,0.952,0.11273496545748053,0.4146901460376392,0.2078743593745503,-0.9292203767435467,12.434415159144088,12.216555059137052,0.10967915376907329,0.4520682175642783,aa38c03a,-0.8772604017127588,497.8,1.0,34.4
0.2385800534230305,0.25946200675332076,U10,MN8014,7.44877364284231,7.62815141005304,CPG,CPG,0.953,0.952,0.11273496545748053,0.4146901460376392,0.2078743593745503,-0.9292203767435467,14.758258481628937,12.216555059137052,0.10967915376907329,0.4520682175642783,aa38c03a,-0.8772604017127588,497.8,1.0,34.4
0.2385800534230305,0.25946200675332076,U10,MN8014,7.44877364284231,7.62815141005304,CPG,CPG,0.953,0.952,0.11273496545748053,0.4146901460376392,0.2078743593745503,-0.9292203767435467,14.73772537213461,12.216555059137052,0.10967915376907329,0.4520682175642783,aa38c03a,-0.8772604017127588,497.8,1.0,34.4
0.2385800534230305,0.25946200675332076,U10,MN8014,7.44877364284231,7.62815141005304,CPG,CPG,0.953,0.952,0.11273496545748053,0.4146901460376392,0.2078743593745503,-0.9292203767435467,9.707022500961035,12.216555059137052,0.10967915376907329,0.4520682175642783,aa38c03a,-0.8772604017127588,497.8,1.0,34.4
0.2706394178808597,0.2981289403551667,U8,MN8014,7.272819647277951,4.580176889132315,CPG,SSPG,0.949,0.957,0.1273151366648671,0.4039644943314497,0.20499005282748856,-0.6475132778919006,1.4079462924986703,8.654051013121649,0.21396399920786974,0.1527547931347954,555d815f,1.4418019949618244,545.3,2.3,34.8
0.2706394178808597,0.2981289403551667,U8,MN8014,7.272819647277951,4.580176889132315,CPG,SSPG,0.949,0.957,0.1273151366648671,0.4039644943314497,0.20499005282748856,-0.6475132778919006,3.082481957664323,8.654051013121649,0.21396399920786974,0.1527547931347954,555d815f,1.4418019949618244,545.3,2.3,34.8
0.2706394178808597,0.2981289403551667,U8,MN8014,7.272819647277951,4.580176889132315,CPG,SSPG,0.949,0.957,0.1273151366648671,0.4039644943314497,0.20499005282748856,-0.6475132778919006,3.3376225619751976,8.654051013121649,0.21396399920786974,0.1527547931347954,555d815f,1.4418019949618244,545.3,2.3,34.8
0.2706394178808597,0.2981289403551667,U8,MN8014,7.272819647277951,4.580176889132315,CPG,SSPG,0.949,0.957,0.1273151366648671,0.4039644943314497,0.20499005282748856,-0.6475132778919006,3.321083148183667,8.654051013121649,0.21396399920786974,0.1527547931347954,555d815f,1.4418019949618244,545.3,2.3,34.8
0.2706394178808597,0.2981289403551667,U8,MN8014,7.272819647277951,4.580176889132315,CPG,SSPG,0.949,0.957,0.1273151366648671,0.4039644943314497,0.20499005282748856,-0.6475132778919006,3.453163953133798,8.654051013121649,0.21396399920786974,0.1527547931347954,555d815f,1.4418019949618244,545.3,2.3,34.8
0.2540559970844025,0.30042886578600325,U12,MN8014,11.811477195948687,8.916259945793794,CPG,CPG,0.957,0.954,0.11231511400080488,0.3962483045497957,0.200489429977697,-0.6807568476613995,7.357336028163271,22.527588955594048,0.2519583420751348,0.7060916867467446,a19853a2,-0.04662295063725175,641.1,1.6,38.3
0.2540559970844025,0.30042886578600325,U12,MN8014,11.811477195948687,8.916259945793794,CPG,CPG,0.957,0.954,0.11231511400080488,0.3962483045497957,0.200489429977697,-0.6807568476613995,12.681887687884561,22.527588955594048,0.2519583420751348,0.7060916867467446,a19853a2,-0.04662295063725175,641.1,1.6,38.3
0.2540559970844025,0.30042886578600325,U12,MN8014,11.811477195948687,8.916259945793794,CPG,CPG,0.957,0.954,0.11231511400080488,0.3962483045497957,0.200489429977697,-0.6807568476613995,11.989940187562217,22.527588955594048,0.2519583420751348,0.7060916867467446,a19853a2,-0.04662295063725175,641.1,1.6,38.3
0.2540559970844025,0.30042886578600325,U12,MN8014,11.811477195948687,8.916259945793794,CPG,CPG,0.957,0.954,0.11231511400080488,0.3962483045497957,0.200489429977697,-0.6807568476613995,15.792308438499125,22.527588955594048,0.2519583420751348,0.7060916867467446,a19853a2,-0.04662295063725175,641.1,1.6,38.3
0.2540559970844025,0.30042886578600325,U12,MN8014,11.811477195948687,8.916259945793794,CPG,CPG,0.957,0.954,0.11231511400080488,0.3962483045497957,0.200489429977697,-0.6807568476613995,16.164943785996417,22.527588955594048,0.2519583420751348,0.7060916867467446,a19853a2,-0.04662295063725175,641.1,1.6,38.3
0.2705133603263123,0.3119689410931562,U10,MN8014,9.300119707566466,9.52543933680959,CPG,CPG,0.945,0.954,0.09399612872055534,0.38104509974446155,0.3047536273125607,-0.5842238891694637,2.902023831765137,8.548805740556721,0.01036805342153191,0.13905872196097868,a818cfce,1.5701044488235123,605.5,1.4,42.1
0.2705133603263123,0.3119689410931562,U10,MN8014,9.300119707566466,9.52543933680959,CPG,CPG,0.945,0.954,0.09399612872055534,0.38104509974446155,0.3047536273125607,-0.5842238891694637,3.088895705268006,8.548805740556721,0.01036805342153191,0.13905872196097868,a818cfce,1.5701044488235123,605.5,1.4,42.1
0.2705133603263123,0.3119689410931562,U10,MN8014,9.300119707566466,9.52543933680959,CPG,CPG,0.945,0.954,0.09399612872055534,0.38104509974446155,0.3047536273125607,-0.5842238891694637,5.802142311844144,8.548805740556721,0.01036805342153191,0.13905872196097868,a818cfce,1.5701044488235123,605.5,1.4,42.1
0.2705133603263123,0.3119689410931562,U10,MN8014,9.300119707566466,9.52543933680959,CPG,CPG,0.945,0.954,0.09399612872055534,0.38104509974446155,0.3047536273125607,-0.5842238891694637,6.218397076132211,8.548805740556721,0.01036805342153191,0.13905872196097868,a818cfce,1.5701044488235123,605.5,1.4,42.1
0.2705133603263123,0.3119689410931562,U10,MN8014,9.300119707566466,9.52543933680959,CPG,CPG,0.945,0.954,0.09399612872055534,0.38104509974446155,0.3047536273125607,-0.5842238891694637,6.194489562707188,8.548805740556721,0.01036805342153191,0.13905872196097868,a818cfce,1.5701044488235123,605.5,1.4,42.1
0.246177248439632,0.2824410335605142,U8,MN8014,7.035594920901804,6.120326533409287,CPG,SSPG,0.946,0.952,0.10884903699588971,0.40738770573152755,0.20796897544702425,-0.46140961703673455,1.4593588890489109,8.468364224900174,0.2066776857160762,0.10880551695559744,101831b7,1.9119001171969072,591.9,1.3,32.8
0.246177248439632,0.2824410335605142,U8,MN8014,7.035594920901804,6.120326533409287,CPG,SSPG,0.946,0.952,0.10884903699588971,0.40738770573152755,0.20796897544702425,-0.46140961703673455,2.654880945390993,8.468364224900174,0.2066776857160762,0.10880551695559744,101831b7,1.9119001171969072,591.9,1.3,32.8
0.246177248439632,0.2824410335605142,U8,MN8014,7.035594920901804,6.120326533409287,CPG,SSPG,0.946,0.952,0.10884903699588971,0.40738770573152755,0.20796897544702425,-0.46140961703673455,2.7197838718245597,8.468364224900174,0.2066776857160762,0.10880551695559744,101831b7,1.9119001171969072,591.9,1.3,32.8
0.246177248439632,0.2824410335605142,U8,MN8014,7.035594920901804,6.120326533409287,CPG,SSPG,0.946,0.952,0.10884903699588971,0.40738770573152755,0.20796897544702425,-0.46140961703673455,2.7234520611866833,8.468364224900174,0.2066776857160762,0.10880551695559744,101831b7,1.9119001171969072,591.9,1.3,32.8
0.246177248439632,0.2824410335605142,U8,MN8014,7.035594920901804,6.120326533409287,CPG,SSPG,0.946,0.952,0.10884903699588971,0.40738770573152755,0.20796897544702425,-0.46140961703673455,2.857826243441503,8.468364224900174,0.2066776857160762,0.10880551695559744,101831b7,1.9119001171969072,591.9,1.3,32.8
0.2317191836041009,0.304786811811522,U8,MN8014,12.079628096223662,11.156111400533208,CPG,CPG,0.95,0.937,0.10978880146877062,0.4128041003494701,0.20276655661485696,-0.4053830021020097,6.615771488147935,14.730835820786963,0.27835481734541273,0.36458397806692167,2d932028,1.1660674711668246,621.7,3.2,34.5
0.2317191836041009,0.304786811811522,U8,MN8014,12.079628096223662,11.156111400533208,CPG,CPG,0.95,0.937,0.10978880146877062,0.4128041003494701,0.20276655661485696,-0.4053830021020097,7.131851957848107,14.730835820786963,0.27835481734541273,0.36458397806692167,2d932028,1.1660674711668246,621.7,3.2,34.5
0.2317191836041009,0.304786811811522,U8,MN8014,12.079628096223662,11.156111400533208,CPG,CPG,0.95,0.937,0.10978880146877062,0.4128041003494701,0.20276655661485696,-0.4053830021020097,8.45002700791858,14.730835820786963,0.27835481734541273,0.36458397806692167,2d932028,1.1660674711668246,621.7,3.2,34.5
0.2317191836041009,0.304786811811522,U8,MN8014,12.079628096223662,11.156111400533208,CPG,CPG,0.95,0.937,0.10978880146877062,0.4128041003494701,0.20276655661485696,-0.4053830021020097,8.646055938698671,14.730835820786963,0.27835481734541273,0.36458397806692167,2d932028,1.1660674711668246,621.7,3.2,34.5
0.2317191836041009,0.304786811811522,U8,MN8014,12.079628096223662,11.156111400533208,CPG,CPG,0.95,0.937,0.10978880146877062,0.4128041003494701,0.20276655661485696,-0.4053830021020097,8.93189433390576,14.730835820786963,0.27835481734541273,0.36458397806692167,2d932028,1.1660674711668246,621.7,3.2,34.5
0.24642020035062095,0.2940438936288252,U12,MN8014,11.846344322349552,9.780274794620613,CPG,CPG,0.957,0.952,0.10732351526109746,0.36377986278213215,0.200399721269767,-0.7871183132922779,10.594058954135944,19.588511843753164,0.11315781939848561,0.5816737247960378,1cec3788,0.35732935783101283,585.3,1.9,40.6
0.24642020035062095,0.2940438936288252,U12,MN8014,11.846344322349552,9.780274794620613,CPG,CPG,0.957,0.952,0.10732351526109746,0.36377986278213215,0.200399721269767,-0.7871183132922779,10.680040582773021,19.588511843753164,0.11315781939848561,0.5816737247960378,1cec3788,0.35732935783101283,585.3,1.9,40.6
0.24642020035062095,0.2940438936288252,U12,MN8014,11.846344322349552,9.780274794620613,CPG,CPG,0.957,0.952,0.10732351526109746,0.36377986278213215,0.200399721269767,-0.7871183132922779,13.389512326955677,19.588511843753164,0.11315781939848561,0.5816737247960378,1cec3788,0.35732935783101283,585.3,1.9,40.6
0.24642020035062095,0.2940438936288252,U12,MN8014,11.846344322349552,9.780274794620613,CPG,CPG,0.957,0.952,0.10732351526109746,0.36377986278213215,0.200399721269767,-0.7871183132922779,16.164127569712065,19.588511843753164,0.11315781939848561,0.5816737247960378,1cec3788,0.35732935783101283,585.3,1.9,40.6
0.24642020035062095,0.2940438936288252,U12,MN8014,11.846344322349552,9.780274794620613,CPG,CPG,0.957,0.952,0.10732351526109746,0.36377986278213215,0.200399721269767,-0.7871183132922779,17.52015361076983,19.588511843753164,0.11315781939848561,0.5816737247960378,1cec3788,0.35732935783101283,585.3,1.9,40.6
0.23989159023217388,0.2680112457646255,U10,VT8020,10.910689700031316,9.190130409067914,CPG,CPG,0.949,0.95,0.10924823474389216,0.4163633636058489,0.2137276673132468,-0.38302765795992344,3.85013119686618,9.979602090252364,0.16766861055830848,0.26002382370803095,271543dc,0.6294326985021867,561.3,2.8,34.4
0.23989159023217388,0.2680112457646255,U10,VT8020,10.910689700031316,9.190130409067914,CPG,CPG,0.949,0.95,0.10924823474389216,0.4163633636058489,0.2137276673132468,-0.38302765795992344,5.379450146858947,9.979602090252364,0.16766861055830848,0.26002382370803095,271543dc,0.6294326985021867,561.3,2.8,34.4
0.23989159023217388,0.2680112457646255,U10,VT8020,10.910689700031316,9.190130409067914,CPG,CPG,0.949,0.95,0.10924823474389216,0.4163633636058489,0.2137276673132468,-0.38302765795992344,5.416560121350933,9.979602090252364,0.16766861055830848,0.26002382370803095,271543dc,0.6294326985021867,561.3,2.8,34.4
0.23989159023217388,0.2680112457646255,U10,VT8020,10.910689700031316,9.190130409067914,CPG,CPG,0.949,0.95,0.10924823474389216,0.4163633636058489,0.2137276673132468,-0.38302765795992344,5.345254313592712,9.979602090252364,0.16766861055830848,0.26002382370803095,271543dc,0.6294326985021867,561.3,2.8,34.4
0.23989159023217388,0.2680112457646255,U10,VT8020,10.910689700031316,9.190130409067914,CPG,CPG,0.949,0.95,0.10924823474389216,0.4163633636058489,0.2137276673132468,-0.38302765795992344,7.076932326300794,9.979602090252364,0.16766861055830848,0.26002382370803095,271543dc,0.6294326985021867,561.3,2.8,34.4
0.26381512579009614,0.2868516651498703,U10,MN8014,9.205715343436134,11.166996693003309,CPG,CPG,0.95,0.937,0.09931730322662438,0.4100049715524351,0.20048461689853986,-0.2570537093118088,4.968123370998256,15.813953897664483,0.2967529033139254,0.2912537783554531,560d2e29,2.4853936988372185,596.4,2.6,36.5
0.26381512579009614,0.2868516651498703,U10,MN8014,9.205715343436134,11.166996693003309,CPG,CPG,0.95,0.937,0.09931730322662438,0.4100049715524351,0.20048461689853986,-0.2570537093118088,5.418334623616772,15.813953897664483,0.2967529033139254,0.2912537783554531,560d2e29,2.4853936988372185,596.4,2.6,36.5
0.26381512579009614,0.2868516651498703,U10,MN8014,9.205715343436134,11.166996693003309,CPG,CPG,0.95,0.937,0.09931730322662438,0.4100049715524351,0.20048461689853986,-0.2570537093118088,4.648994122463124,15.813953897664483,0.2967529033139254,0.2912537783554531,560d2e29,2.4853936988372185,596.4,2.6,36.5
0.26381512579009614,0.2868516651498703,U10,MN8014,9.205715343436134,11.166996693003309,CPG,CPG,0.95,0.937,0.09931730322662438,0.4100049715524351,0.20048461689853986,-0.2570537093118088,6.595757744255958,15.813953897664483,0.2967529033139254,0.2912537783554531,560d2e29,2.4853936988372185,596.4,2.6,36.5
0.26381512579009614,0.2868516651498703,U10,MN8014,9.205715343436134,11.166996693003309,CPG,CPG,0.95,0.937,0.09931730322662438,0.4100049715524351,0.20048461689853986,-0.2570537093118088,6.937794681800263,15.813953897664483,0.2967529033139254,0.2912537783554531,560d2e29,2.4853936988372185,596.4,2.6,36.5
0.252354353615213,0.28961039409731293,U8,MN8014,13.312515864376492,9.093370219720963,CPG,CPG,0.934,0.945,0.108846730660252,0.3640595840624945,0.27649573149024764,-0.27009614611275246,4.784239058698957,20.45685590907299,0.09845868831980303,0.39458100333678614,10450351,2.995612131773613,536.9,1.3,38.7
0.252354353615213,0.28961039409731293,U8,MN8014,13.312515864376492,9.093370219720963,CPG,CPG,0.934,0.945,0.108846730660252,0.3640595840624945,0.27649573149024764,-0.27009614611275246,7.242317554577976,20.45685590907299,0.09845868831980303,0.39458100333678614,10450351,2.995612131773613,536.9,1.3,38.7
0.252354353615213,0.28961039409731293,U8,MN8014,13.312515864376492,9.093370219720963,CPG,CPG,0.934,0.945,0.108846730660252,0.3640595840624945,0.27649573149024764,-0.27009614611275246,5.806034375452103,20.45685590907299,0.09845868831980303,0.39458100333678614,10450351,2.995612131773613,536.9,1.3,38.7
0.252354353615213,0.28961039409731293,U8,MN8014,13.312515864376492,9.093370219720963,CPG,CPG,0.934,0.945,0.108846730660252,0.3640595840624945,0.27649573149024764,-0.27009614611275246,8.368650444827319,20.45685590907299,0.09845868831980303,0.39458100333678614,10450351,2.995612131773613,536.9,1.3,38.7
0.252354353615213,0.28961039409731293,U8,MN8014,13.312515864376492,9.093370219720963,CPG,CPG,0.934,0.945,0.108846730660252,0.3640595840624945,0.27649573149024764,-0.27009614611275246,9.81859359516066,20.45685590907299,0.09845868831980303,0.39458100333678614,10450351,2.995612131773613,536.9,1.3,38.7
0.22320853632973775,0.2910415757420941,U12,MN8014,9.349395435191632,12.243464224735677,CPG,CPG,0.959,0.949,0.11033087455509011,0.4550365461489221,0.2143260144449808,-0.6889680449478313,4.8189061161049915,8.85961907223932,0.08423307595489864,0.2727229643831983,33abd019,0.04286250645689105,410.6,2.8,37.2
0.22320853632973775,0.2910415757420941,U12,MN8014,9.349395435191632,12.243464224735677,CPG,CPG,0.959,0.949,0.11033087455509011,0.4550365461489221,0.2143260144449808,-0.6889680449478313,9.082329096631145,8.85961907223932,0.08423307595489864,0.2727229643831983,33abd019,0.04286250645689105,410.6,2.8,37.2
0.22320853632973775,0.2910415757420941,U12,MN8014,9.349395435191632,12.243464224735677,CPG,CPG,0.959,0.949,0.11033087455509011,0.4550365461489221,0.2143260144449808,-0.6889680449478313,7.321694789827348,8.85961907223932,0.08423307595489864,0.2727229643831983,33abd019,0.04286250645689105,410.6,2.8,37.2
0.22320853632973775,0.2910415757420941,U12,MN8014,9.349395435191632,12.243464224735677,CPG,CPG,0.959,0.949,0.11033087455509011,0.4550365461489221,0.2143260144449808,-0.6889680449478313,7.985221782927094,8.85961907223932,0.08423307595489864,0.2727229643831983,33abd019,0.04286250645689105,410.6,2.8,37.2
0.22320853632973775,0.2910415757420941,U12,MN8014,9.349395435191632,12.243464224735677,CPG,CPG,0.959,0.949,0.11033087455509011,0.4550365461489221,0.2143260144449808,-0.6889680449478313,7.166333709673073,8.85961907223932,0.08423307595489864,0.2727229643831983,33abd019,0.04286250645689105,410.6,2.8,37.2
0.24010244207838682,0.2897088873720757,U10,MN8014,10.908809717826266,8.715785163382552,CPG,CPG,0.949,0.953,0.10441416421489574,0.39696489240594107,0.24908164295668106,-0.5801055140725164,6.598665761558998,10.629953742888285,0.07257082298353772,0.3417370270238691,b139c0e5,-0.1274247009507974,440.0,2.0,38.6
0.24010244207838682,0.2897088873720757,U10,MN8014,10.908809717826266,8.715785163382552,CPG,CPG,0.949,0.953,0.10441416421489574,0.39696489240594107,0.24908164295668106,-0.5801055140725164,8.772186633746777,10.629953742888285,0.07257082298353772,0.3417370270238691,b139c0e5,-0.1274247009507974,440.0,2.0,38.6
0.24010244207838682,0.2897088873720757,U10,MN8014,10.908809717826266,8.715785163382552,CPG,CPG,0.949,0.953,0.10441416421489574,0.39696489240594107,0.24908164295668106,-0.5801055140725164,9.457428703165272,10.629953742888285,0.07257082298353772,0.3417370270238691,b139c0e5,-0.1274247009507974,440.0,2.0,38.6
0.24010244207838682,0.2897088873720757,U10,MN8014,10.908809717826266,8.715785163382552,CPG,CPG,0.949,0.953,0.10441416421489574,0.39696489240594107,0.24908164295668106,-0.5801055140725164,8.400284704387376,10.629953742888285,0.07257082298353772,0.3417370270238691,b139c0e5,-0.1274247009507974,440.0,2.0,38.6
0.24010244207838682,0.2897088873720757,U10,MN8014,10.908809717826266,8.715785163382552,CPG,CPG,0.949,0.953,0.10441416421489574,0.39696489240594107,0.24908164295668106,-0.5801055140725164,7.565803186018138,10.629953742888285,0.07257082298353772,0.3417370270238691,b139c0e5,-0.1274247009507974,440.0,2.0,38.6
0.24011140886814314,0.29419697998518035,U10,VT8020,13.18851979368732,13.428780319082104,CPG,CPG,0.947,0.939,0.10374405967173031,0.37611441888927655,0.23607403951177264,-0.7555661403001397,10.07433397437294,14.972792717557232,0.10121236317566615,0.47055306917463635,d131c010,-0.04644221598449061,579.9,2.4,34.0
0.24011140886814314,0.29419697998518035,U10,VT8020,13.18851979368732,13.428780319082104,CPG,CPG,0.947,0.939,0.10374405967173031,0.37611441888927655,0.23607403951177264,-0.7555661403001397,12.517315077733372,14.972792717557232,0.10121236317566615,0.47055306917463635,d131c010,-0.04644221598449061,579.9,2.4,34.0
0.24011140886814314,0.29419697998518035,U10,VT8020,13.18851979368732,13.428780319082104,CPG,CPG,0.947,0.939,0.10374405967173031,0.37611441888927655,0.23607403951177264,-0.7555661403001397,10.236204658738934,14.972792717557232,0.10121236317566615,0.47055306917463635,d131c010,-0.04644221598449061,579.9,2.4,34.0
0.24011140886814314,0.29419697998518035,U10,VT8020,13.18851979368732,13.428780319082104,CPG,CPG,0.947,0.939,0.10374405967173031,0.37611441888927655,0.23607403951177264,-0.7555661403001397,10.03509676038243,14.972792717557232,0.10121236317566615,0.47055306917463635,d131c010,-0.04644221598449061,579.9,2.4,34.0
0.24011140886814314,0.29419697998518035,U10,VT8020,13.18851979368732,13.428780319082104,CPG,CPG,0.947,0.939,0.10374405967173031,0.37611441888927655,0.23607403951177264,-0.7555661403001397,12.251648873013272,14.972792717557232,0.10121236317566615,0.47055306917463635,d131c010,-0.04644221598449061,579.9,2.4,34.0
0.2548146210041139,0.300597891202879,U10,VT8020,14.6233471322335,8.25411689489847,CPG,CPG,0.944,0.959,0.11094011492860623,0.3737494595468312,0.26297301605136186,-0.38474007515520237,5.779080184526511,21.868098788420966,0.07850662733004792,0.38746378845474355,96655841,3.625276929719086,519.1,1.9,39.0
0.2548146210041139,0.300597891202879,U10,VT8020,14.6233471322335,8.25411689489847,CPG,CPG,0.944,0.959,0.11094011492860623,0.3737494595468312,0.26297301605136186,-0.38474007515520237,5.904536171761269,21.868098788420966,0.07850662733004792,0.38746378845474355,96655841,3.625276929719086,519.1,1.9,39.0
0.2548146210041139,0.300597891202879,U10,VT8020,14.6233471322335,8.25411689489847,CPG,CPG,0.944,0.959,0.11094011492860623,0.3737494595468312,0.26297301605136186,-0.38474007515520237,6.36105305547095,21.868098788420966,0.07850662733004792,0.38746378845474355,96655841,3.625276929719086,519.1,1.9,39.0
0.2548146210041139,0.300597891202879,U10,VT8020,14.6233471322335,8.25411689489847,CPG,CPG,0.944,0.959,0.11094011492860623,0.3737494595468312,0.26297301605136186,-0.38474007515520237,8.171711323606328,21.868098788420966,0.07850662733004792,0.38746378845474355,96655841,3.625276929719086,519.1,1.9,39.0
0.2548146210041139,0.300597891202879,U10,VT8020,14.6233471322335,8.25411689489847,CPG,CPG,0.944,0.959,0.11094011492860623,0.3737494595468312,0.26297301605136186,-0.38474007515520237,8.8215483203648,21.868098788420966,0.07850662733004792,0.38746378845474355,96655841,3.625276929719086,519.1,1.9,39.0
0.23463020260394848,0.29918755089196414,U10,MN8014,10.508374840491676,12.539069464938981,CPG,CPG,0.944,0.945,0.1004487706495252,0.4055193060901999,0.7224260164201473,0.09344709146744323,1.6296096146296362,1.7409470178448303,0.02338275015779457,0.0272922342728755,65553bcb,0.33239766819575384,495.9,2.0,33.9
0.23463020260394848,0.29918755089196414,U10,MN8014,10.508374840491676,12.539069464938981,CPG,CPG,0.944,0.945,0.1004487706495252,0.4055193060901999,0.7224260164201473,0.09344709146744323,2.035454531191145,1.7409470178448303,0.02338275015779457,0.0272922342728755,65553bcb,0.33239766819575384,495.9,2.0,33.9
0.23463020260394848,0.29918755089196414,U10,MN8014,10.508374840491676,12.539069464938981,CPG,CPG,0.944,0.945,0.1004487706495252,0.4055193060901999,0.7224260164201473,0.09344709146744323,1.7112179890822752,1.7409470178448303,0.02338275015779457,0.0272922342728755,65553bcb,0.33239766819575384,495.9,2.0,33.9
0.23463020260394848,0.29918755089196414,U10,MN8014,10.508374840491676,12.539069464938981,CPG,CPG,0.944,0.945,0.1004487706495252,0.4055193060901999,0.7224260164201473,0.09344709146744323,2.3776493380342463,1.7409470178448303,0.02338275015779457,0.0272922342728755,65553bcb,0.33239766819575384,495.9,2.0,33.9
0.23463020260394848,0.29918755089196414,U10,MN8014,10.508374840491676,12.539069464938981,CPG,CPG,0.944,0.945,0.1004487706495252,0.4055193060901999,0.7224260164201473,0.09344709146744323,2.121579201194655,1.7409470178448303,0.02338275015779457,0.0272922342728755,65553bcb,0.33239766819575384,495.9,2.0,33.9
0.245627216262079,0.30358069666787735,U10,MN8014,11.886027581582496,10.685938257279645,CPG,CPG,0.949,0.948,0.12169947201224786,0.43761639567045146,0.3069828104724211,-0.9291155937904929,5.566030162406586,9.543037133336654,0.04020757646598554,0.23249563035805443,a006d03c,0.8008897406770696,488.0,2.6,37.4
0.245627216262079,0.30358069666787735,U10,MN8014,11.886027581582496,10.685938257279645,CPG,CPG,0.949,0.948,0.12169947201224786,0.43761639567045146,0.3069828104724211,-0.9291155937904929,7.75066249438314,9.543037133336654,0.04020757646598554,0.23249563035805443,a006d03c,0.8008897406770696,488.0,2.6,37.4
0.245627216262079,0.30358069666787735,U10,MN8014,11.886027581582496,10.685938257279645,CPG,CPG,0.949,0.948,0.12169947201224786,0.43761639567045146,0.3069828104724211,-0.9291155937904929,9.234881882601535,9.543037133336654,0.04020757646598554,0.23249563035805443,a006d03c,0.8008897406770696,488.0,2.6,37.4
0.245627216262079,0.30358069666787735,U10,MN8014,11.886027581582496,10.685938257279645,CPG,CPG,0.949,0.948,0.12169947201224786,0.43761639567045146,0.3069828104724211,-0.9291155937904929,10.722141799636155,9.543037133336654,0.04020757646598554,0.23249563035805443,a006d03c,0.8008897406770696,488.0,2.6,37.4
0.245627216262079,0.30358069666787735,U10,MN8014,11.886027581582496,10.685938257279645,CPG,CPG,0.949,0.948,0.12169947201224786,0.43761639567045146,0.3069828104724211,-0.9291155937904929,10.371476685420685,9.543037133336654,0.04020757646598554,0.23249563035805443,a006d03c,0.8008897406770696,488.0,2.6,37.4
0.24088873474618894,0.28101160559850036,U12,VT8020,16.658714435289845,9.85919763423868,CPG,CPG,0.948,0.945,0.11511733747500147,0.4120545846738558,0.2017158246086236,-0.8557885413848924,8.19146012800781,16.649796597459915,0.09385020131856248,0.4563175818703234,8cc7a023,0.7729780921939664,485.6,2.2,39.8
0.24088873474618894,0.28101160559850036,U12,VT8020,16.658714435289845,9.85919763423868,CPG,CPG,0.948,0.945,0.11511733747500147,0.4120545846738558,0.2017158246086236,-0.8557885413848924,12.357452876137325,16.649796597459915,0.09385020131856248,0.4563175818703234,8cc7a023,0.7729780921939664,485.6,2.2,39.8
0.24088873474618894,0.28101160559850036,U12,VT8020,16.658714435289845,9.85919763423868,CPG,CPG,0.948,0.945,0.11511733747500147,0.4120545846738558,0.2017158246086236,-0.8557885413848924,12.916543450798875,16.649796597459915,0.09385020131856248,0.4563175818703234,8cc7a023,0.7729780921939664,485.6,2.2,39.8
0.24088873474618894,0.28101160559850036,U12,VT8020,16.658714435289845,9.85919763423868,CPG,CPG,0.948,0.945,0.11511733747500147,0.4120545846738558,0.2017158246086236,-0.8557885413848924,13.037613224085836,16.649796597459915,0.09385020131856248,0.4563175818703234,8cc7a023,0.7729780921939664,485.6,2.2,39.8
0.24088873474618894,0.28101160559850036,U12,VT8020,16.658714435289845,9.85919763423868,CPG,CPG,0.948,0.945,0.11511733747500147,0.4120545846738558,0.2017158246086236,-0.8557885413848924,14.236030577337793,16.649796597459915,0.09385020131856248,0.4563175818703234,8cc7a023,0.7729780921939664,485.6,2.2,39.8
0.25155267502942885,0.29245740315727287,U10,VT8020,12.232423344269858,7.640994840065456,CPG,CPG,0.949,0.952,0.11450491103570806,0.41607356776136367,0.23026387632125442,-0.23797255308065046,2.480256640987785,10.32151005744115,0.18453232492127622,0.2310386158610562,2b43384c,1.117811228767923,475.0,2.4,33.0
0.25155267502942885,0.29245740315727287,U10,VT8020,12.232423344269858,7.640994840065456,CPG,CPG,0.949,0.952,0.11450491103570806,0.41607356776136367,0.23026387632125442,-0.23797255308065046,5.357575940491676,10.32151005744115,0.18453232492127622,0.2310386158610562,2b43384c,1.117811228767923,475.0,2.4,33.0
0.25155267502942885,0.29245740315727287,U10,VT8020,12.232423344269858,7.640994840065456,CPG,CPG,0.949,0.952,0.11450491103570806,0.41607356776136367,0.23026387632125442,-0.23797255308065046,5.571184097071338,10.32151005744115,0.18453232492127622,0.2310386158610562,2b43384c,1.117811228767923,475.0,2.4,33.0
0.25155267502942885,0.29245740315727287,U10,VT8020,12.232423344269858,7.640994840065456,CPG,CPG,0.949,0.952,0.11450491103570806,0.41607356776136367,0.23026387632125442,-0.23797255308065046,5.614989921663276,10.32151005744115,0.18453232492127622,0.2310386158610562,2b43384c,1.117811228767923,475.0,2.4,33.0
0.25155267502942885,0.29245740315727287,U10,VT8020,12.232423344269858,7.640994840065456,CPG,CPG,0.949,0.952,0.11450491103570806,0.41607356776136367,0.23026387632125442,-0.23797255308065046,5.337068501013342,10.32151005744115,0.18453232492127622,0.2310386158610562,2b43384c,1.117811228767923,475.0,2.4,33.0
0.21269159633206824,0.2714157711339924,U10,U12,13.440546802222105,10.4936375710772,CPG,CPG,0.943,0.944,0.11408652255507067,0.39145089335122824,1.1126769390008444,-0.6899362737444164,0.43958616008123225,4.337407055898483,0.019896162827275844,0.015466882406785015,d13215f2,1.4752446554486278,458.2,2.2,35.1
0.21269159633206824,0.2714157711339924,U10,U12,13.440546802222105,10.4936375710772,CPG,CPG,0.943,0.944,0.11408652255507067,0.39145089335122824,1.1126769390008444,-0.6899362737444164,0.7568519348800431,4.337407055898483,0.019896162827275844,0.015466882406785015,d13215f2,1.4752446554486278,458.2,2.2,35.1
0.21269159633206824,0.2714157711339924,U10,U12,13.440546802222105,10.4936375710772,CPG,CPG,0.943,0.944,0.11408652255507067,0.39145089335122824,1.1126769390008444,-0.6899362737444164,1.1164562480003444,4.337407055898483,0.019896162827275844,0.015466882406785015,d13215f2,1.4752446554486278,458.2,2.2,35.1
0.21269159633206824,0.2714157711339924,U10,U12,13.440546802222105,10.4936375710772,CPG,CPG,0.943,0.944,0.11408652255507067,0.39145089335122824,1.1126769390008444,-0.6899362737444164,0.4163851524153274,4.337407055898483,0.019896162827275844,0.015466882406785015,d13215f2,1.4752446554486278,458.2,2.2,35.1
0.21269159633206824,0.2714157711339924,U10,U12,13.440546802222105,10.4936375710772,CPG,CPG,0.943,0.944,0.11408652255507067,0.39145089335122824,1.1126769390008444,-0.6899362737444164,1.2484182654589333,4.337407055898483,0.019896162827275844,0.015466882406785015,d13215f2,1.4752446554486278,458.2,2.2,35.1
0.2250545424568325,0.28101981729561987,U10,MN8014,12.13432438264164,11.713507946561215,CPG,CPG,0.95,0.939,0.10396617211328116,0.4045609723600101,0.8261318282421581,-0.32995218890969125,0.4237758331014475,2.7708554534526115,0.019472730914850352,0.008909256264460692,d3bfcbff,0.9543939089765843,542.0,0.7,32.8
0.2250545424568325,0.28101981729561987,U10,MN8014,12.13432438264164,11.713507946561215,CPG,CPG,0.95,0.939,0.10396617211328116,0.4045609723600101,0.8261318282421581,-0.32995218890969125,0.16744919222916432,2.7708554534526115,0.019472730914850352,0.008909256264460692,d3bfcbff,0.9543939089765843,542.0,0.7,32.8
0.2250545424568325,0.28101981729561987,U10,MN8014,12.13432438264164,11.713507946561215,CPG,CPG,0.95,0.939,0.10396617211328116,0.4045609723600101,0.8261318282421581,-0.32995218890969125,0.27257105793101527,2.7708554534526115,0.019472730914850352,0.008909256264460692,d3bfcbff,0.9543939089765843,542.0,0.7,32.8
0.2250545424568325,0.28101981729561987,U10,MN8014,12.13432438264164,11.713507946561215,CPG,CPG,0.95,0.939,0.10396617211328116,0.4045609723600101,0.8261318282421581,-0.32995218890969125,0.9037251006566673,2.7708554534526115,0.019472730914850352,0.008909256264460692,d3bfcbff,0.9543939089765843,542.0,0.7,32.8
0.2250545424568325,0.28101981729561987,U10,MN8014,12.13432438264164,11.713507946561215,CPG,CPG,0.95,0.939,0.10396617211328116,0.4045609723600101,0.8261318282421581,-0.32995218890969125,0.9325246852428762,2.7708554534526115,0.019472730914850352,0.008909256264460692,d3bfcbff,0.9543939089765843,542.0,0.7,32.8
0.2357959726271193,0.30910817104169913,U8,MN8014,11.7095548683883,8.938484425196439,CPG,CPG,0.939,0.954,0.1114332355238377,0.44276373085698384,0.34762688249682233,-0.7667952623677934,1.1545114258656484,4.627830967173746,0.010399489100730483,0.1071897449317749,080faf17,0.4568480151285421,394.2,1.5,35.6
0.2357959726271193,0.30910817104169913,U8,MN8014,11.7095548683883,8.938484425196439,CPG,CPG,0.939,0.954,0.1114332355238377,0.44276373085698384,0.34762688249682233,-0.7667952623677934,2.303928870837317,4.627830967173746,0.010399489100730483,0.1071897449317749,080faf17,0.4568480151285421,394.2,1.5,35.6
0.2357959726271193,0.30910817104169913,U8,MN8014,11.7095548683883,8.938484425196439,CPG,CPG,0.939,0.954,0.1114332355238377,0.44276373085698384,0.34762688249682233,-0.7667952623677934,4.3527876298694235,4.627830967173746,0.010399489100730483,0.1071897449317749,080faf17,0.4568480151285421,394.2,1.5,35.6
0.2357959726271193,0.30910817104169913,U8,MN8014,11.7095548683883,8.938484425196439,CPG,CPG,0.939,0.954,0.1114332355238377,0.44276373085698384,0.34762688249682233,-0.7667952623677934,3.981882381463875,4.627830967173746,0.010399489100730483,0.1071897449317749,080faf17,0.4568480151285421,394.2,1.5,35.6
0.2357959726271193,0.30910817104169913,U8,MN8014,11.7095548683883,8.938484425196439,CPG,CPG,0.939,0.954,0.1114332355238377,0.44276373085698384,0.34762688249682233,-0.7667952623677934,5.451910845051455,4.627830967173746,0.010399489100730483,0.1071897449317749,080faf17,0.4568480151285421,394.2,1.5,35.6
0.2503107347058921,0.29105888497525984,U10,MN8014,12.3145466543501,9.985635169439071,CPG,CPG,0.948,0.941,0.11440181712382429,0.4531186217026903,0.3064423303458181,-0.42347479273866684,2.47830564522362,7.681116507595987,0.08530330498501688,0.2781031723507714,5145730c,-0.4760201854469144,465.5,1.2,38.8
0.2503107347058921,0.29105888497525984,U10,MN8014,12.3145466543501,9.985635169439071,CPG,CPG,0.948,0.941,0.11440181712382429,0.4531186217026903,0.3064423303458181,-0.42347479273866684,4.666170286437035,7.681116507595987,0.08530330498501688,0.2781031723507714,5145730c,-0.4760201854469144,465.5,1.2,38.8
0.2503107347058921,0.29105888497525984,U10,MN8014,12.3145466543501,9.985635169439071,CPG,CPG,0.948,0.941,0.11440181712382429,0.4531186217026903,0.3064423303458181,-0.42347479273866684,6.848333479348602,7.681116507595987,0.08530330498501688,0.2781031723507714,5145730c,-0.4760201854469144,465.5,1.2,38.8
0.2503107347058921,0.29105888497525984,U10,MN8014,12.3145466543501,9.985635169439071,CPG,CPG,0.948,0.941,0.11440181712382429,0.4531186217026903,0.3064423303458181,-0.42347479273866684,6.5813336353987335,7.681116507595987,0.08530330498501688,0.2781031723507714,5145730c,-0.4760201854469144,465.5,1.2,38.8
0.2503107347058921,0.29105888497525984,U10,MN8014,12.3145466543501,9.985635169439071,CPG,CPG,0.948,0.941,0.11440181712382429,0.4531186217026903,0.3064423303458181,-0.42347479273866684,7.885782989247623,7.681116507595987,0.08530330498501688,0.2781031723507714,5145730c,-0.4760201854469144,465.5,1.2,38.8
0.24384969489720054,0.2971549386896704,U10,MN8014,13.277379348063493,12.347434182870996,CPG,CPG,0.934,0.948,0.09685669964237709,0.4128806078180628,0.21520796758639626,-0.05327188880814515,0.35698417251286463,11.273748579289299,0.22519689713965496,0.04920058192936997,61e6b24a,3.7235811730881463,523.9,1.3,38.5
0.24384969489720054,0.2971549386896704,U10,MN8014,13.277379348063493,12.347434182870996,CPG,CPG,0.934,0.948,0.09685669964237709,0.4128806078180628,0.21520796758639626,-0.05327188880814515,0.6943826722097938,11.273748579289299,0.22519689713965496,0.04920058192936997,61e6b24a,3.7235811730881463,523.9,1.3,38.5
0.24384969489720054,0.2971549386896704,U10,MN8014,13.277379348063493,12.347434182870996,CPG,CPG,0.934,0.948,0.09685669964237709,0.4128806078180628,0.21520796758639626,-0.05327188880814515,0.9481160441463976,11.273748579289299,0.22519689713965496,0.04920058192936997,61e6b24a,3.7235811730881463,523.9,1.3,38.5
0.24384969489720054,0.2971549386896704,U10,MN8014,13.277379348063493,12.347434182870996,CPG,CPG,0.934,0.948,0.09685669964237709,0.4128806078180628,0.21520796758639626,-0.05327188880814515,1.162165253615166,11.273748579289299,0.22519689713965496,0.04920058192936997,61e6b24a,3.7235811730881463,523.9,1.3,38.5
0.24384969489720054,0.2971549386896704,U10,MN8014,13.277379348063493,12.347434182870996,CPG,CPG,0.934,0.948,0.09685669964237709,0.4128806078180628,0.21520796758639626,-0.05327188880814515,1.1328871823529512,11.273748579289299,0.22519689713965496,0.04920058192936997,61e6b24a,3.7235811730881463,523.9,1.3,38.5
0.2381906468718187,0.3176898817924259,U10,MN8014,16.160524037046493,11.927865265222618,WPG,CPG,0.893,0.949,0.11514773468177548,0.4204268890351734,0.2452340001484149,-0.36987387308143216,2.4704464392188106,10.745239954364154,0.1671424303325556,0.3396982831992481,325de65d,-0.0580337462579843,486.3,2.3,36.3
0.2381906468718187,0.3176898817924259,U10,MN8014,16.160524037046493,11.927865265222618,WPG,CPG,0.893,0.949,0.11514773468177548,0.4204268890351734,0.2452340001484149,-0.36987387308143216,4.3132821559654015,10.745239954364154,0.1671424303325556,0.3396982831992481,325de65d,-0.0580337462579843,486.3,2.3,36.3
0.2381906468718187,0.3176898817924259,U10,MN8014,16.160524037046493,11.927865265222618,WPG,CPG,0.893,0.949,0.11514773468177548,0.4204268890351734,0.2452340001484149,-0.36987387308143216,6.038404906066127,10.745239954364154,0.1671424303325556,0.3396982831992481,325de65d,-0.0580337462579843,486.3,2.3,36.3
0.2381906468718187,0.3176898817924259,U10,MN8014,16.160524037046493,11.927865265222618,WPG,CPG,0.893,0.949,0.11514773468177548,0.4204268890351734,0.2452340001484149,-0.36987387308143216,7.1236687749838215,10.745239954364154,0.1671424303325556,0.3396982831992481,325de65d,-0.0580337462579843,486.3,2.3,36.3
0.2381906468718187,0.3176898817924259,U10,MN8014,16.160524037046493,11.927865265222618,WPG,CPG,0.893,0.949,0.11514773468177548,0.4204268890351734,0.2452340001484149,-0.36987387308143216,8.3094581932135,10.745239954364154,0.1671424303325556,0.3396982831992481,325de65d,-0.0580337462579843,486.3,2.3,36.3
0.2390494521364925,0.30384867925918324,U12,MN8014,14.345537236290124,11.09622795779205,CPG,CPG,0.946,0.941,0.0977758759001996,0.37756830694332083,0.2000466327697464,-0.3953630643323296,4.383345137533721,15.630559132525876,0.15789356387459538,0.47426781421774095,f0c80964,0.1604110314982119,462.7,1.2,34.4
0.2390494521364925,0.30384867925918324,U12,MN8014,14.345537236290124,11.09622795779205,CPG,CPG,0.946,0.941,0.0977758759001996,0.37756830694332083,0.2000466327697464,-0.3953630643323296,4.354615922323444,15.630559132525876,0.15789356387459538,0.47426781421774095,f0c80964,0.1604110314982119,462.7,1.2,34.4
0.2390494521364925,0.30384867925918324,U12,MN8014,14.345537236290124,11.09622795779205,CPG,CPG,0.946,0.941,0.0977758759001996,0.37756830694332083,0.2000466327697464,-0.3953630643323296,7.033059055663214,15.630559132525876,0.15789356387459538,0.47426781421774095,f0c80964,0.1604110314982119,462.7,1.2,34.4
0.2390494521364925,0.30384867925918324,U12,MN8014,14.345537236290124,11.09622795779205,CPG,CPG,0.946,0.941,0.0977758759001996,0.37756830694332083,0.2000466327697464,-0.3953630643323296,8.270924003545527,15.630559132525876,0.15789356387459538,0.47426781421774095,f0c80964,0.1604110314982119,462.7,1.2,34.4
0.2390494521364925,0.30384867925918324,U12,MN8014,14.345537236290124,11.09622795779205,CPG,CPG,0.946,0.941,0.0977758759001996,0.37756830694332083,0.2000466327697464,-0.3953630643323296,9.227181133228166,15.630559132525876,0.15789356387459538,0.47426781421774095,f0c80964,0.1604110314982119,462.7,1.2,34.4
0.23235639590518944,0.28159464087407854,U10,MN8014,12.557323911559735,13.257847073982358,CPG,CPG,0.949,0.934,0.11625559767040727,0.43543285163878626,0.2366579222487017,-0.7208649252767784,6.370299900018962,8.968064816470333,0.09264902294630073,0.3188685711405709,112b0fb8,-0.4839566351152613,428.8,2.6,31.2
0.23235639590518944,0.28159464087407854,U10,MN8014,12.557323911559735,13.257847073982358,CPG,CPG,0.949,0.934,0.11625559767040727,0.43543285163878626,0.2366579222487017,-0.7208649252767784,5.604132073233219,8.968064816470333,0.09264902294630073,0.3188685711405709,112b0fb8,-0.4839566351152613,428.8,2.6,31.2
0.23235639590518944,0.28159464087407854,U10,MN8014,12.557323911559735,13.257847073982358,CPG,CPG,0.949,0.934,0.11625559767040727,0.43543285163878626,0.2366579222487017,-0.7208649252767784,6.112492623086434,8.968064816470333,0.09264902294630073,0.3188685711405709,112b0fb8,-0.4839566351152613,428.8,2.6,31.2
0.23235639590518944,0.28159464087407854,U10,MN8014,12.557323911559735,13.257847073982358,CPG,CPG,0.949,0.934,0.11625559767040727,0.43543285163878626,0.2366579222487017,-0.7208649252767784,9.621880181937863,8.968064816470333,0.09264902294630073,0.3188685711405709,112b0fb8,-0.4839566351152613,428.8,2.6,31.2
0.23235639590518944,0.28159464087407854,U10,MN8014,12.557323911559735,13.257847073982358,CPG,CPG,0.949,0.934,0.11625559767040727,0.43543285163878626,0.2366579222487017,-0.7208649252767784,9.609919548538363,8.968064816470333,0.09264902294630073,0.3188685711405709,112b0fb8,-0.4839566351152613,428.8,2.6,31.2
0.24187354551339996,0.30854230889286693,U8,MN8014,15.447327282814696,13.873733025900963,CPG,CPG,0.941,0.94,0.12206220083921078,0.4475675675779933,0.21841844998018298,-0.30884067920127567,4.480048700245788,9.774438766073269,0.18659250168488656,0.24434790153845004,07e09298,0.7437514090582731,477.8,1.2,38.5
0.24187354551339996,0.30854230889286693,U8,MN8014,15.447327282814696,13.873733025900963,CPG,CPG,0.941,0.94,0.12206220083921078,0.4475675675779933,0.21841844998018298,-0.30884067920127567,4.7086658801702095,9.774438766073269,0.18659250168488656,0.24434790153845004,07e09298,0.7437514090582731,477.8,1.2,38.5
0.24187354551339996,0.30854230889286693,U8,MN8014,15.447327282814696,13.873733025900963,CPG,CPG,0.941,0.94,0.12206220083921078,0.4475675675779933,0.21841844998018298,-0.30884067920127567,5.5333141531294325,9.774438766073269,0.18659250168488656,0.24434790153845004,07e09298,0.7437514090582731,477.8,1.2,38.5
0.24187354551339996,0.30854230889286693,U8,MN8014,15.447327282814696,13.873733025900963,CPG,CPG,0.941,0.94,0.12206220083921078,0.4475675675779933,0.21841844998018298,-0.30884067920127567,4.343329409631669,9.774438766073269,0.18659250168488656,0.24434790153845004,07e09298,0.7437514090582731,477.8,1.2,38.5
0.24187354551339996,0.30854230889286693,U8,MN8014,15.447327282814696,13.873733025900963,CPG,CPG,0.941,0.94,0.12206220083921078,0.4475675675779933,0.21841844998018298,-0.30884067920127567,5.3730097974999325,9.774438766073269,0.18659250168488656,0.24434790153845004,07e09298,0.7437514090582731,477.8,1.2,38.5
0.24063633907968573,0.29148848902913793,U10,MN8014,13.820373720459786,11.263638692884935,CPG,CPG,0.944,0.949,0.12082366819007943,0.43697570724223966,0.28920274626461834,-0.486248352426389,3.8807488745431,10.28589154840705,0.06048471931301659,0.23542521211644843,55cd4436,1.0500934611031996,380.0,2.1,33.4
0.24063633907968573,0.29148848902913793,U10,MN8014,13.820373720459786,11.263638692884935,CPG,CPG,0.944,0.949,0.12082366819007943,0.43697570724223966,0.28920274626461834,-0.486248352426389,4.111253216869228,10.28589154840705,0.06048471931301659,0.23542521211644843,55cd4436,1.0500934611031996,380.0,2.1,33.4
0.24063633907968573,0.29148848902913793,U10,MN8014,13.820373720459786,11.263638692884935,CPG,CPG,0.944,0.949,0.12082366819007943,0.43697570724223966,0.28920274626461834,-0.486248352426389,3.558270273834059,10.28589154840705,0.06048471931301659,0.23542521211644843,55cd4436,1.0500934611031996,380.0,2.1,33.4
0.24063633907968573,0.29148848902913793,U10,MN8014,13.820373720459786,11.263638692884935,CPG,CPG,0.944,0.949,0.12082366819007943,0.43697570724223966,0.28920274626461834,-0.486248352426389,5.170355891554535,10.28589154840705,0.06048471931301659,0.23542521211644843,55cd4436,1.0500934611031996,380.0,2.1,33.4
0.24063633907968573,0.29148848902913793,U10,MN8014,13.820373720459786,11.263638692884935,CPG,CPG,0.944,0.949,0.12082366819007943,0.43697570724223966,0.28920274626461834,-0.486248352426389,5.920536918516085,10.28589154840705,0.06048471931301659,0.23542521211644843,55cd4436,1.0500934611031996,380.0,2.1,33.4
0.25638098940607723,0.2897930172751185,U12,MN8014,13.986953174323514,11.382425281342968,CPG,CPG,0.938,0.935,0.13029287466372239,0.45820847869423,0.23481310955334325,-0.5395429642689427,3.998920050383904,8.815769602653033,0.051065642688912484,0.22921856896238266,c9cad1aa,0.5619527648513052,290.7,1.3,38.0
0.25638098940607723,0.2897930172751185,U12,MN8014,13.986953174323514,11.382425281342968,CPG,CPG,0.938,0.935,0.13029287466372239,0.45820847869423,0.23481310955334325,-0.5395429642689427,3.2482671311392353,8.815769602653033,0.051065642688912484,0.22921856896238266,c9cad1aa,0.5619527648513052,290.7,1.3,38.0
0.25638098940607723,0.2897930172751185,U12,MN8014,13.986953174323514,11.382425281342968,CPG,CPG,0.938,0.935,0.13029287466372239,0.45820847869423,0.23481310955334325,-0.5395429642689427,4.360245632205707,8.815769602653033,0.051065642688912484,0.22921856896238266,c9cad1aa,0.5619527648513052,290.7,1.3,38.0
0.25638098940607723,0.2897930172751185,U12,MN8014,13.986953174323514,11.382425281342968,CPG,CPG,0.938,0.935,0.13029287466372239,0.45820847869423,0.23481310955334325,-0.5395429642689427,4.388287524867849,8.815769602653033,0.051065642688912484,0.22921856896238266,c9cad1aa,0.5619527648513052,290.7,1.3,38.0
0.25638098940607723,0.2897930172751185,U12,MN8014,13.986953174323514,11.382425281342968,CPG,CPG,0.938,0.935,0.13029287466372239,0.45820847869423,0.23481310955334325,-0.5395429642689427,5.43051169896575,8.815769602653033,0.051065642688912484,0.22921856896238266,c9cad1aa,0.5619527648513052,290.7,1.3,38.0
0.22425728667951447,0.30536930112136834,U10,U12,14.715223235222501,13.885630477134036,CPG,CPG,0.942,0.952,0.10116156904889326,0.4180286036110721,0.21453994438265261,-0.2518656789505469,2.9610385364874237,9.933480647094184,0.13635883475755217,0.26011339396686345,57ccd1ee,0.6106163422387305,413.8,2.2,40.5
0.22425728667951447,0.30536930112136834,U10,U12,14.715223235222501,13.885630477134036,CPG,CPG,0.942,0.952,0.10116156904889326,0.4180286036110721,0.21453994438265261,-0.2518656789505469,3.6176921225073655,9.933480647094184,0.13635883475755217,0.26011339396686345,57ccd1ee,0.6106163422387305,413.8,2.2,40.5
0.22425728667951447,0.30536930112136834,U10,U12,14.715223235222501,13.885630477134036,CPG,CPG,0.942,0.952,0.10116156904889326,0.4180286036110721,0.21453994438265261,-0.2518656789505469,4.283786118928817,9.933480647094184,0.13635883475755217,0.26011339396686345,57ccd1ee,0.6106163422387305,413.8,2.2,40.5
0.22425728667951447,0.30536930112136834,U10,U12,14.715223235222501,13.885630477134036,CPG,CPG,0.942,0.952,0.10116156904889326,0.4180286036110721,0.21453994438265261,-0.2518656789505469,4.783364895667729,9.933480647094184,0.13635883475755217,0.26011339396686345,57ccd1ee,0.6106163422387305,413.8,2.2,40.5
0.22425728667951447,0.30536930112136834,U10,U12,14.715223235222501,13.885630477134036,CPG,CPG,0.942,0.952,0.10116156904889326,0.4180286036110721,0.21453994438265261,-0.2518656789505469,6.0045055959888565,9.933480647094184,0.13635883475755217,0.26011339396686345,57ccd1ee,0.6106163422387305,413.8,2.2,40.5
0.2385063693361354,0.25194287886736366,U8,MN8014,14.927692454730789,12.101441115068637,CPG,CPG,0.942,0.95,0.11726632933179094,0.43592767120771414,0.2000863844888934,-0.767393074735194,4.542440256760676,7.5834317680494605,0.05584223958976362,0.248100630917615,f6b8733e,-0.14393470175470346,307.3,2.7,33.5
0.2385063693361354,0.25194287886736366,U8,MN8014,14.927692454730789,12.101441115068637,CPG,CPG,0.942,0.95,0.11726632933179094,0.43592767120771414,0.2000863844888934,-0.767393074735194,6.030001788588393,7.5834317680494605,0.05584223958976362,0.248100630917615,f6b8733e,-0.14393470175470346,307.3,2.7,33.5
0.2385063693361354,0.25194287886736366,U8,MN8014,14.927692454730789,12.101441115068637,CPG,CPG,0.942,0.95,0.11726632933179094,0.43592767120771414,0.2000863844888934,-0.767393074735194,4.48380084909763,7.5834317680494605,0.05584223958976362,0.248100630917615,f6b8733e,-0.14393470175470346,307.3,2.7,33.5
0.2385063693361354,0.25194287886736366,U8,MN8014,14.927692454730789,12.101441115068637,CPG,CPG,0.942,0.95,0.11726632933179094,0.43592767120771414,0.2000863844888934,-0.767393074735194,6.456915827926411,7.5834317680494605,0.05584223958976362,0.248100630917615,f6b8733e,-0.14393470175470346,307.3,2.7,33.5
0.2385063693361354,0.25194287886736366,U8,MN8014,14.927692454730789,12.101441115068637,CPG,CPG,0.942,0.95,0.11726632933179094,0.43592767120771414,0.2000863844888934,-0.767393074735194,7.0973227981194675,7.5834317680494605,0.05584223958976362,0.248100630917615,f6b8733e,-0.14393470175470346,307.3,2.7,33.5
0.2474430828088321,0.26907579037936624,U8,MN8014,16.737750405010168,10.546688423092432,CPG,CPG,0.939,0.944,0.12274852200695897,0.39840022212291215,0.21344800286821303,-0.5117624249861352,2.66910646670079,6.558808337913677,0.01459580046011602,0.14325011954298372,06ed2428,0.7542121195257312,217.2,4.0,30.9
0.2474430828088321,0.26907579037936624,U8,MN8014,16.737750405010168,10.546688423092432,CPG,CPG,0.939,0.944,0.12274852200695897,0.39840022212291215,0.21344800286821303,-0.5117624249861352,3.2680515711071183,6.558808337913677,0.01459580046011602,0.14325011954298372,06ed2428,0.7542121195257312,217.2,4.0,30.9
0.2474430828088321,0.26907579037936624,U8,MN8014,16.737750405010168,10.546688423092432,CPG,CPG,0.939,0.944,0.12274852200695897,0.39840022212291215,0.21344800286821303,-0.5117624249861352,2.38283627429443,6.558808337913677,0.01459580046011602,0.14325011954298372,06ed2428,0.7542121195257312,217.2,4.0,30.9
0.2474430828088321,0.26907579037936624,U8,MN8014,16.737750405010168,10.546688423092432,CPG,CPG,0.939,0.944,0.12274852200695897,0.39840022212291215,0.21344800286821303,-0.5117624249861352,3.442369124730664,6.558808337913677,0.01459580046011602,0.14325011954298372,06ed2428,0.7542121195257312,217.2,4.0,30.9
0.2474430828088321,0.26907579037936624,U8,MN8014,16.737750405010168,10.546688423092432,CPG,CPG,0.939,0.944,0.12274852200695897,0.39840022212291215,0.21344800286821303,-0.5117624249861352,3.926869203819555,6.558808337913677,0.01459580046011602,0.14325011954298372,06ed2428,0.7542121195257312,217.2,4.0,30.9
0.23985547475988267,0.28314638712379747,U10,MN8014,15.077436310106743,12.62307171664381,CPG,CPG,0.94,0.949,0.11854258248670951,0.40771537305838057,0.23258588151898313,-0.6629571019933731,3.5736615675932186,16.509933998710974,0.047036620057720455,0.2606095942687363,ab9bc315,3.130190560408387,333.6,2.6,34.4
0.23985547475988267,0.28314638712379747,U10,MN8014,15.077436310106743,12.62307171664381,CPG,CPG,0.94,0.949,0.11854258248670951,0.40771537305838057,0.23258588151898313,-0.6629571019933731,3.6115398156350573,16.509933998710974,0.047036620057720455,0.2606095942687363,ab9bc315,3.130190560408387,333.6,2.6,34.4
0.23985547475988267,0.28314638712379747,U10,MN8014,15.077436310106743,12.62307171664381,CPG,CPG,0.94,0.949,0.11854258248670951,0.40771537305838057,0.23258588151898313,-0.6629571019933731,4.529119695040016,16.509933998710974,0.047036620057720455,0.2606095942687363,ab9bc315,3.130190560408387,333.6,2.6,34.4
0.23985547475988267,0.28314638712379747,U10,MN8014,15.077436310106743,12.62307171664381,CPG,CPG,0.94,0.949,0.11854258248670951,0.40771537305838057,0.23258588151898313,-0.6629571019933731,5.451342112459106,16.509933998710974,0.047036620057720455,0.2606095942687363,ab9bc315,3.130190560408387,333.6,2.6,34.4
0.23985547475988267,0.28314638712379747,U10,MN8014,15.077436310106743,12.62307171664381,CPG,CPG,0.94,0.949,0.11854258248670951,0.40771537305838057,0.23258588151898313,-0.6629571019933731,7.353847306779722,16.509933998710974,0.047036620057720455,0.2606095942687363,ab9bc315,3.130190560408387,333.6,2.6,34.4
0.25934086582095145,0.2949145340134067,U10,MN8014,17.52006837499719,11.901440523315365,WPG,CPG,0.893,0.949,0.11285256497602042,0.410402130089234,0.20896991004958984,-0.42071516205992365,3.1018650153849054,11.051657371250698,0.12196303377898085,0.3892588025838996,3e0ef76d,-0.5508901756022286,372.4,2.8,38.3
0.25934086582095145,0.2949145340134067,U10,MN8014,17.52006837499719,11.901440523315365,WPG,CPG,0.893,0.949,0.11285256497602042,0.410402130089234,0.20896991004958984,-0.42071516205992365,5.989404543450714,11.051657371250698,0.12196303377898085,0.3892588025838996,3e0ef76d,-0.5508901756022286,372.4,2.8,38.3
0.25934086582095145,0.2949145340134067,U10,MN8014,17.52006837499719,11.901440523315365,WPG,CPG,0.893,0.949,0.11285256497602042,0.410402130089234,0.20896991004958984,-0.42071516205992365,6.936403101037317,11.051657371250698,0.12196303377898085,0.3892588025838996,3e0ef76d,-0.5508901756022286,372.4,2.8,38.3
0.25934086582095145,0.2949145340134067,U10,MN8014,17.52006837499719,11.901440523315365,WPG,CPG,0.893,0.949,0.11285256497602042,0.410402130089234,0.20896991004958984,-0.42071516205992365,8.840772994248601,11.051657371250698,0.12196303377898085,0.3892588025838996,3e0ef76d,-0.5508901756022286,372.4,2.8,38.3
0.25934086582095145,0.2949145340134067,U10,MN8014,17.52006837499719,11.901440523315365,WPG,CPG,0.893,0.949,0.11285256497602042,0.410402130089234,0.20896991004958984,-0.42071516205992365,9.221205453149627,11.051657371250698,0.12196303377898085,0.3892588025838996,3e0ef76d,-0.5508901756022286,372.4,2.8,38.3
0.2375119007026163,0.303301242733798,U10,VT8020,12.948625087055312,14.84035034827728,CPG,CPG,0.947,0.939,0.12699385803591762,0.4538930203285393,0.3067756139728064,-0.2451218480217272,1.7687183869919385,6.63573242157201,0.10435125456776648,0.17919605465057573,abc6818e,0.3409368392642884,489.9,3.0,33.6
0.2375119007026163,0.303301242733798,U10,VT8020,12.948625087055312,14.84035034827728,CPG,CPG,0.947,0.939,0.12699385803591762,0.4538930203285393,0.3067756139728064,-0.2451218480217272,2.1541635129278816,6.63573242157201,0.10435125456776648,0.17919605465057573,abc6818e,0.3409368392642884,489.9,3.0,33.6
0.2375119007026163,0.303301242733798,U10,VT8020,12.948625087055312,14.84035034827728,CPG,CPG,0.947,0.939,0.12699385803591762,0.4538930203285393,0.3067756139728064,-0.2451218480217272,3.2991222365348296,6.63573242157201,0.10435125456776648,0.17919605465057573,abc6818e,0.3409368392642884,489.9,3.0,33.6
0.2375119007026163,0.303301242733798,U10,VT8020,12.948625087055312,14.84035034827728,CPG,CPG,0.947,0.939,0.12699385803591762,0.4538930203285393,0.3067756139728064,-0.2451218480217272,3.2109208884475122,6.63573242157201,0.10435125456776648,0.17919605465057573,abc6818e,0.3409368392642884,489.9,3.0,33.6
0.2375119007026163,0.303301242733798,U10,VT8020,12.948625087055312,14.84035034827728,CPG,CPG,0.947,0.939,0.12699385803591762,0.4538930203285393,0.3067756139728064,-0.2451218480217272,3.7629807786534646,6.63573242157201,0.10435125456776648,0.17919605465057573,abc6818e,0.3409368392642884,489.9,3.0,33.6
0.2221859374565842,0.30630596421641204,U10,VT8020,13.199916210301028,11.897931452970333,CPG,CPG,0.947,0.949,0.12130683032482953,0.4761545741732677,0.36650249863301537,-0.1984567204104397,1.1404825385997943,3.892971746831848,0.032827598376593096,0.15062224292382104,8ebff56b,-0.3604196112077802,422.2,3.9,33.1
0.2221859374565842,0.30630596421641204,U10,VT8020,13.199916210301028,11.897931452970333,CPG,CPG,0.947,0.949,0.12130683032482953,0.4761545741732677,0.36650249863301537,-0.1984567204104397,1.9593448416545327,3.892971746831848,0.032827598376593096,0.15062224292382104,8ebff56b,-0.3604196112077802,422.2,3.9,33.1
0.2221859374565842,0.30630596421641204,U10,VT8020,13.199916210301028,11.897931452970333,CPG,CPG,0.947,0.949,0.12130683032482953,0.4761545741732677,0.36650249863301537,-0.1984567204104397,2.691012186588096,3.892971746831848,0.032827598376593096,0.15062224292382104,8ebff56b,-0.3604196112077802,422.2,3.9,33.1
0.2221859374565842,0.30630596421641204,U10,VT8020,13.199916210301028,11.897931452970333,CPG,CPG,0.947,0.949,0.12130683032482953,0.4761545741732677,0.36650249863301537,-0.1984567204104397,2.9745066904484876,3.892971746831848,0.032827598376593096,0.15062224292382104,8ebff56b,-0.3604196112077802,422.2,3.9,33.1
0.2221859374565842,0.30630596421641204,U10,VT8020,13.199916210301028,11.897931452970333,CPG,CPG,0.947,0.949,0.12130683032482953,0.4761545741732677,0.36650249863301537,-0.1984567204104397,3.4047721691423027,3.892971746831848,0.032827598376593096,0.15062224292382104,8ebff56b,-0.3604196112077802,422.2,3.9,33.1
0.21182517746771906,0.277295370921688,U10,MN8014,14.428317617594063,11.954004158354213,CPG,CPG,0.941,0.944,0.11595342399844723,0.44152336555660415,0.20385608064516647,-0.5920573393258423,3.835000150809329,6.3150527384685144,0.05824783420688123,0.20665257551312916,7aaaddc5,-0.12045707353740509,327.2,3.4,36.8
0.21182517746771906,0.277295370921688,U10,MN8014,14.428317617594063,11.954004158354213,CPG,CPG,0.941,0.944,0.11595342399844723,0.44152336555660415,0.20385608064516647,-0.5920573393258423,4.918450203913246,6.3150527384685144,0.05824783420688123,0.20665257551312916,7aaaddc5,-0.12045707353740509,327.2,3.4,36.8
0.21182517746771906,0.277295370921688,U10,MN8014,14.428317617594063,11.954004158354213,CPG,CPG,0.941,0.944,0.11595342399844723,0.44152336555660415,0.20385608064516647,-0.5920573393258423,4.936799285108216,6.3150527384685144,0.05824783420688123,0.20665257551312916,7aaaddc5,-0.12045707353740509,327.2,3.4,36.8
0.21182517746771906,0.277295370921688,U10,MN8014,14.428317617594063,11.954004158354213,CPG,CPG,0.941,0.944,0.11595342399844723,0.44152336555660415,0.20385608064516647,-0.5920573393258423,6.249828562976938,6.3150527384685144,0.05824783420688123,0.20665257551312916,7aaaddc5,-0.12045707353740509,327.2,3.4,36.8
0.21182517746771906,0.277295370921688,U10,MN8014,14.428317617594063,11.954004158354213,CPG,CPG,0.941,0.944,0.11595342399844723,0.44152336555660415,0.20385608064516647,-0.5920573393258423,5.363537335847847,6.3150527384685144,0.05824783420688123,0.20665257551312916,7aaaddc5,-0.12045707353740509,327.2,3.4,36.8
0.22563382587722197,0.28735445973416285,U10,U12,13.481482678342918,14.478773320311683,CPG,CPG,0.943,0.953,0.11623754063679577,0.4222817342563708,0.21431398635434637,-0.6432286011380196,3.8633506861534865,11.589853747269906,0.06354878840125086,0.28286077711874164,d7f9b184,0.9665214183132291,375.8,2.7,39.2
0.22563382587722197,0.28735445973416285,U10,U12,13.481482678342918,14.478773320311683,CPG,CPG,0.943,0.953,0.11623754063679577,0.4222817342563708,0.21431398635434637,-0.6432286011380196,6.409668976705312,11.589853747269906,0.06354878840125086,0.28286077711874164,d7f9b184,0.9665214183132291,375.8,2.7,39.2
0.22563382587722197,0.28735445973416285,U10,U12,13.481482678342918,14.478773320311683,CPG,CPG,0.943,0.953,0.11623754063679577,0.4222817342563708,0.21431398635434637,-0.6432286011380196,7.332443906207875,11.589853747269906,0.06354878840125086,0.28286077711874164,d7f9b184,0.9665214183132291,375.8,2.7,39.2
0.22563382587722197,0.28735445973416285,U10,U12,13.481482678342918,14.478773320311683,CPG,CPG,0.943,0.953,0.11623754063679577,0.4222817342563708,0.21431398635434637,-0.6432286011380196,6.644362553972639,11.589853747269906,0.06354878840125086,0.28286077711874164,d7f9b184,0.9665214183132291,375.8,2.7,39.2
0.22563382587722197,0.28735445973416285,U10,U12,13.481482678342918,14.478773320311683,CPG,CPG,0.943,0.953,0.11623754063679577,0.4222817342563708,0.21431398635434637,-0.6432286011380196,5.657005139694962,11.589853747269906,0.06354878840125086,0.28286077711874164,d7f9b184,0.9665214183132291,375.8,2.7,39.2
0.20376734867031066,0.2824138206189536,U10,MN8014,19.185641554670223,13.062990335838439,WPG,CPG,0.883,0.938,0.09533930969210745,0.44100576687575654,0.2225925485779124,0.007052339639606053,0.16621057156689717,2.546530451454555,0.06807643101348329,0.010865079951677395,935d77a4,0.8441480999564079,302.5,5.3,36.4
0.20376734867031066,0.2824138206189536,U10,MN8014,19.185641554670223,13.062990335838439,WPG,CPG,0.883,0.938,0.09533930969210745,0.44100576687575654,0.2225925485779124,0.007052339639606053,0.19899066123600104,2.546530451454555,0.06807643101348329,0.010865079951677395,935d77a4,0.8441480999564079,302.5,5.3,36.4
0.20376734867031066,0.2824138206189536,U10,MN8014,19.185641554670223,13.062990335838439,WPG,CPG,0.883,0.938,0.09533930969210745,0.44100576687575654,0.2225925485779124,0.007052339639606053,0.20696514495111157,2.546530451454555,0.06807643101348329,0.010865079951677395,935d77a4,0.8441480999564079,302.5,5.3,36.4
0.20376734867031066,0.2824138206189536,U10,MN8014,19.185641554670223,13.062990335838439,WPG,CPG,0.883,0.938,0.09533930969210745,0.44100576687575654,0.2225925485779124,0.007052339639606053,0.2230079339837254,2.546530451454555,0.06807643101348329,0.010865079951677395,935d77a4,0.8441480999564079,302.5,5.3,36.4
0.20376734867031066,0.2824138206189536,U10,MN8014,19.185641554670223,13.062990335838439,WPG,CPG,0.883,0.938,0.09533930969210745,0.44100576687575654,0.2225925485779124,0.007052339639606053,0.27138138861413674,2.546530451454555,0.06807643101348329,0.010865079951677395,935d77a4,0.8441480999564079,302.5,5.3,36.4
0.25816590431435876,0.2663434824548223,U10,MN8014,15.455789113648352,9.564648145496196,CPG,CPG,0.938,0.951,0.103862444380359,0.4398234184442269,0.2637889123149415,-0.19496125552680565,2.6683022440043627,5.702149467344056,0.1061728018322568,0.15805586717567346,32c34814,0.2428202751963635,405.5,3.2,36.4
0.25816590431435876,0.2663434824548223,U10,MN8014,15.455789113648352,9.564648145496196,CPG,CPG,0.938,0.951,0.103862444380359,0.4398234184442269,0.2637889123149415,-0.19496125552680565,2.5079894976275625,5.702149467344056,0.1061728018322568,0.15805586717567346,32c34814,0.2428202751963635,405.5,3.2,36.4
0.25816590431435876,0.2663434824548223,U10,MN8014,15.455789113648352,9.564648145496196,CPG,CPG,0.938,0.951,0.103862444380359,0.4398234184442269,0.2637889123149415,-0.19496125552680565,4.089007043400787,5.702149467344056,0.1061728018322568,0.15805586717567346,32c34814,0.2428202751963635,405.5,3.2,36.4
0.25816590431435876,0.2663434824548223,U10,MN8014,15.455789113648352,9.564648145496196,CPG,CPG,0.938,0.951,0.103862444380359,0.4398234184442269,0.2637889123149415,-0.19496125552680565,3.517732911933331,5.702149467344056,0.1061728018322568,0.15805586717567346,32c34814,0.2428202751963635,405.5,3.2,36.4
0.25816590431435876,0.2663434824548223,U10,MN8014,15.455789113648352,9.564648145496196,CPG,CPG,0.938,0.951,0.103862444380359,0.4398234184442269,0.2637889123149415,-0.19496125552680565,3.43055595991801,5.702149467344056,0.1061728018322568,0.15805586717567346,32c34814,0.2428202751963635,405.5,3.2,36.4
0.26799619403778474,0.28037983410631745,U8,MN8014,16.677959169669805,10.499536984511195,CPG,CPG,0.939,0.944,0.12758804419480607,0.4487315943586003,0.21199811899931068,-0.26570733957681014,2.797247927800439,8.082048102028228,0.16538559011242066,0.18798557881185846,7070b6eb,0.7881162282006566,412.6,3.8,33.7
0.26799619403778474,0.28037983410631745,U8,MN8014,16.677959169669805,10.499536984511195,CPG,CPG,0.939,0.944,0.12758804419480607,0.4487315943586003,0.21199811899931068,-0.26570733957681014,3.5500135754712594,8.082048102028228,0.16538559011242066,0.18798557881185846,7070b6eb,0.7881162282006566,412.6,3.8,33.7
0.26799619403778474,0.28037983410631745,U8,MN8014,16.677959169669805,10.499536984511195,CPG,CPG,0.939,0.944,0.12758804419480607,0.4487315943586003,0.21199811899931068,-0.26570733957681014,3.6335463861384865,8.082048102028228,0.16538559011242066,0.18798557881185846,7070b6eb,0.7881162282006566,412.6,3.8,33.7
0.26799619403778474,0.28037983410631745,U8,MN8014,16.677959169669805,10.499536984511195,CPG,CPG,0.939,0.944,0.12758804419480607,0.4487315943586003,0.21199811899931068,-0.26570733957681014,3.6649266992637,8.082048102028228,0.16538559011242066,0.18798557881185846,7070b6eb,0.7881162282006566,412.6,3.8,33.7
0.26799619403778474,0.28037983410631745,U8,MN8014,16.677959169669805,10.499536984511195,CPG,CPG,0.939,0.944,0.12758804419480607,0.4487315943586003,0.21199811899931068,-0.26570733957681014,4.2585399144093605,8.082048102028228,0.16538559011242066,0.18798557881185846,7070b6eb,0.7881162282006566,412.6,3.8,33.7
0.2287937696895033,0.28551810993210025,U12,U12,12.240996211387081,12.313779856900169,CPG,CPG,0.958,0.952,0.12114880106684757,0.4059709271951447,0.20139044182820448,-0.39814466170605,3.105579251650937,11.32638120337825,0.08949306166353571,0.2988929295514688,318614dd,0.6678347020128728,381.7,3.9,33.1
0.2287937696895033,0.28551810993210025,U12,U12,12.240996211387081,12.313779856900169,CPG,CPG,0.958,0.952,0.12114880106684757,0.4059709271951447,0.20139044182820448,-0.39814466170605,5.091865389102799,11.32638120337825,0.08949306166353571,0.2988929295514688,318614dd,0.6678347020128728,381.7,3.9,33.1
0.2287937696895033,0.28551810993210025,U12,U12,12.240996211387081,12.313779856900169,CPG,CPG,0.958,0.952,0.12114880106684757,0.4059709271951447,0.20139044182820448,-0.39814466170605,5.199290848043678,11.32638120337825,0.08949306166353571,0.2988929295514688,318614dd,0.6678347020128728,381.7,3.9,33.1
0.2287937696895033,0.28551810993210025,U12,U12,12.240996211387081,12.313779856900169,CPG,CPG,0.958,0.952,0.12114880106684757,0.4059709271951447,0.20139044182820448,-0.39814466170605,4.7240080563929325,11.32638120337825,0.08949306166353571,0.2988929295514688,318614dd,0.6678347020128728,381.7,3.9,33.1
0.2287937696895033,0.28551810993210025,U12,U12,12.240996211387081,12.313779856900169,CPG,CPG,0.958,0.952,0.12114880106684757,0.4059709271951447,0.20139044182820448,-0.39814466170605,7.084356973267652,11.32638120337825,0.08949306166353571,0.2988929295514688,318614dd,0.6678347020128728,381.7,3.9,33.1
0.2193170606167838,0.27786430677440255,U10,MN8014,14.8088783436271,13.883803603758922,CPG,CPG,0.939,0.94,0.09689951971171762,0.45904336053411543,0.3045936394721844,-0.6447249780564497,2.493634149176041,6.015011459085073,0.029682647517157875,0.13198834640689538,36976c16,0.6841007114750783,357.6,3.2,36.5
0.2193170606167838,0.27786430677440255,U10,MN8014,14.8088783436271,13.883803603758922,CPG,CPG,0.939,0.94,0.09689951971171762,0.45904336053411543,0.3045936394721844,-0.6447249780564497,3.018221936047121,6.015011459085073,0.029682647517157875,0.13198834640689538,36976c16,0.6841007114750783,357.6,3.2,36.5
0.2193170606167838,0.27786430677440255,U10,MN8014,14.8088783436271,13.883803603758922,CPG,CPG,0.939,0.94,0.09689951971171762,0.45904336053411543,0.3045936394721844,-0.6447249780564497,2.7552394876114934,6.015011459085073,0.029682647517157875,0.13198834640689538,36976c16,0.6841007114750783,357.6,3.2,36.5
0.2193170606167838,0.27786430677440255,U10,MN8014,14.8088783436271,13.883803603758922,CPG,CPG,0.939,0.94,0.09689951971171762,0.45904336053411543,0.3045936394721844,-0.6447249780564497,4.613942269701185,6.015011459085073,0.029682647517157875,0.13198834640689538,36976c16,0.6841007114750783,357.6,3.2,36.5
0.2193170606167838,0.27786430677440255,U10,MN8014,14.8088783436271,13.883803603758922,CPG,CPG,0.939,0.94,0.09689951971171762,0.45904336053411543,0.3045936394721844,-0.6447249780564497,3.792580954091807,6.015011459085073,0.029682647517157875,0.13198834640689538,36976c16,0.6841007114750783,357.6,3.2,36.5
0.22325487562600846,0.287173684972637,U10,MN8014,15.742806703721092,10.988634536780474,CPG,CPG,0.939,0.951,0.11680462574442803,0.4605750811701623,0.28550418063294475,-0.4719471444427412,2.914697705013924,4.983485561701485,0.0499015464742764,0.16280749378771237,75cf67bb,-0.09171788599937347,353.0,2.0,33.6
0.22325487562600846,0.287173684972637,U10,MN8014,15.742806703721092,10.988634536780474,CPG,CPG,0.939,0.951,0.11680462574442803,0.4605750811701623,0.28550418063294475,-0.4719471444427412,3.2640596271815814,4.983485561701485,0.0499015464742764,0.16280749378771237,75cf67bb,-0.09171788599937347,353.0,2.0,33.6
0.22325487562600846,0.287173684972637,U10,MN8014,15.742806703721092,10.988634536780474,CPG,CPG,0.939,0.951,0.11680462574442803,0.4605750811701623,0.28550418063294475,-0.4719471444427412,3.732293343520079,4.983485561701485,0.0499015464742764,0.16280749378771237,75cf67bb,-0.09171788599937347,353.0,2.0,33.6
0.22325487562600846,0.287173684972637,U10,MN8014,15.742806703721092,10.988634536780474,CPG,CPG,0.939,0.951,0.11680462574442803,0.4605750811701623,0.28550418063294475,-0.4719471444427412,4.422551876064746,4.983485561701485,0.0499015464742764,0.16280749378771237,75cf67bb,-0.09171788599937347,353.0,2.0,33.6
0.22325487562600846,0.287173684972637,U10,MN8014,15.742806703721092,10.988634536780474,CPG,CPG,0.939,0.951,0.11680462574442803,0.4605750811701623,0.28550418063294475,-0.4719471444427412,4.6050167743887,4.983485561701485,0.0499015464742764,0.16280749378771237,75cf67bb,-0.09171788599937347,353.0,2.0,33.6
0.20517547732879848,0.266686664074832,U10,MN8014,14.544113264485468,9.027385341109056,CPG,CPG,0.939,0.939,0.11217243235546423,0.43100875511798925,0.25502981046142714,-0.2532125146218205,1.97789355016654,3.2832521909474828,0.05349683258138939,0.114839663621177,876cfbf8,-0.15377681221589845,357.9,3.4,38.3
0.20517547732879848,0.266686664074832,U10,MN8014,14.544113264485468,9.027385341109056,CPG,CPG,0.939,0.939,0.11217243235546423,0.43100875511798925,0.25502981046142714,-0.2532125146218205,1.9440541334598924,3.2832521909474828,0.05349683258138939,0.114839663621177,876cfbf8,-0.15377681221589845,357.9,3.4,38.3
0.20517547732879848,0.266686664074832,U10,MN8014,14.544113264485468,9.027385341109056,CPG,CPG,0.939,0.939,0.11217243235546423,0.43100875511798925,0.25502981046142714,-0.2532125146218205,2.3939388210280916,3.2832521909474828,0.05349683258138939,0.114839663621177,876cfbf8,-0.15377681221589845,357.9,3.4,38.3
0.20517547732879848,0.266686664074832,U10,MN8014,14.544113264485468,9.027385341109056,CPG,CPG,0.939,0.939,0.11217243235546423,0.43100875511798925,0.25502981046142714,-0.2532125146218205,2.8356693108815225,3.2832521909474828,0.05349683258138939,0.114839663621177,876cfbf8,-0.15377681221589845,357.9,3.4,38.3
0.20517547732879848,0.266686664074832,U10,MN8014,14.544113264485468,9.027385341109056,CPG,CPG,0.939,0.939,0.11217243235546423,0.43100875511798925,0.25502981046142714,-0.2532125146218205,3.2512265221629093,3.2832521909474828,0.05349683258138939,0.114839663621177,876cfbf8,-0.15377681221589845,357.9,3.4,38.3
0.22508632854501495,0.3038411526701239,U10,MN8014,12.958120199820451,10.16817460983415,CPG,CPG,0.936,0.952,0.11266712298216483,0.4304994646710797,0.26282521860074093,-0.5661861198205909,3.3169539406896096,12.601250641536398,0.037190240844378684,0.21346143687552488,f15d1909,2.209878868012463,314.8,3.6,39.0
0.22508632854501495,0.3038411526701239,U10,MN8014,12.958120199820451,10.16817460983415,CPG,CPG,0.936,0.952,0.11266712298216483,0.4304994646710797,0.26282521860074093,-0.5661861198205909,2.8485050205774547,12.601250641536398,0.037190240844378684,0.21346143687552488,f15d1909,2.209878868012463,314.8,3.6,39.0
0.22508632854501495,0.3038411526701239,U10,MN8014,12.958120199820451,10.16817460983415,CPG,CPG,0.936,0.952,0.11266712298216483,0.4304994646710797,0.26282521860074093,-0.5661861198205909,4.530134329770041,12.601250641536398,0.037190240844378684,0.21346143687552488,f15d1909,2.209878868012463,314.8,3.6,39.0
0.22508632854501495,0.3038411526701239,U10,MN8014,12.958120199820451,10.16817460983415,CPG,CPG,0.936,0.952,0.11266712298216483,0.4304994646710797,0.26282521860074093,-0.5661861198205909,4.672871391089569,12.601250641536398,0.037190240844378684,0.21346143687552488,f15d1909,2.209878868012463,314.8,3.6,39.0
0.22508632854501495,0.3038411526701239,U10,MN8014,12.958120199820451,10.16817460983415,CPG,CPG,0.936,0.952,0.11266712298216483,0.4304994646710797,0.26282521860074093,-0.5661861198205909,5.962652982136869,12.601250641536398,0.037190240844378684,0.21346143687552488,f15d1909,2.209878868012463,314.8,3.6,39.0
0.24950658002780823,0.27544948956726756,U10,MN8014,15.436348992421394,12.51342364278261,CPG,CPG,0.941,0.945,0.1207186366310223,0.4381986493843737,0.23641075957526347,-0.4845783453268755,2.6197194726753628,10.689378411686848,0.04849951759963226,0.2222958799270321,5a7fbe3f,1.3667928341872257,278.4,2.7,35.2
0.24950658002780823,0.27544948956726756,U10,MN8014,15.436348992421394,12.51342364278261,CPG,CPG,0.941,0.945,0.1207186366310223,0.4381986493843737,0.23641075957526347,-0.4845783453268755,2.9132941875174834,10.689378411686848,0.04849951759963226,0.2222958799270321,5a7fbe3f,1.3667928341872257,278.4,2.7,35.2
0.24950658002780823,0.27544948956726756,U10,MN8014,15.436348992421394,12.51342364278261,CPG,CPG,0.941,0.945,0.1207186366310223,0.4381986493843737,0.23641075957526347,-0.4845783453268755,4.939507511490686,10.689378411686848,0.04849951759963226,0.2222958799270321,5a7fbe3f,1.3667928341872257,278.4,2.7,35.2
0.24950658002780823,0.27544948956726756,U10,MN8014,15.436348992421394,12.51342364278261,CPG,CPG,0.941,0.945,0.1207186366310223,0.4381986493843737,0.23641075957526347,-0.4845783453268755,5.094201939394026,10.689378411686848,0.04849951759963226,0.2222958799270321,5a7fbe3f,1.3667928341872257,278.4,2.7,35.2
0.24950658002780823,0.27544948956726756,U10,MN8014,15.436348992421394,12.51342364278261,CPG,CPG,0.941,0.945,0.1207186366310223,0.4381986493843737,0.23641075957526347,-0.4845783453268755,6.114264999878488,10.689378411686848,0.04849951759963226,0.2222958799270321,5a7fbe3f,1.3667928341872257,278.4,2.7,35.2
0.2103593122871145,0.23718349357512547,U10,MN8014,11.75987855834981,11.119471174642424,CPG,CPG,0.949,0.941,0.11050578359201679,0.4375428058622399,0.2072485831675666,-0.20073007437965762,0.6191752229745685,0.8022573282512235,0.03447899006971095,0.026589980205870212,dbed0bbd,-0.019455039241232763,380.6,3.2,36.6
0.2103593122871145,0.23718349357512547,U10,MN8014,11.75987855834981,11.119471174642424,CPG,CPG,0.949,0.941,0.11050578359201679,0.4375428058622399,0.2072485831675666,-0.20073007437965762,0.7805494067650387,0.8022573282512235,0.03447899006971095,0.026589980205870212,dbed0bbd,-0.019455039241232763,380.6,3.2,36.6
0.2103593122871145,0.23718349357512547,U10,MN8014,11.75987855834981,11.119471174642424,CPG,CPG,0.949,0.941,0.11050578359201679,0.4375428058622399,0.2072485831675666,-0.20073007437965762,0.6178682803370724,0.8022573282512235,0.03447899006971095,0.026589980205870212,dbed0bbd,-0.019455039241232763,380.6,3.2,36.6
0.2103593122871145,0.23718349357512547,U10,MN8014,11.75987855834981,11.119471174642424,CPG,CPG,0.949,0.941,0.11050578359201679,0.4375428058622399,0.2072485831675666,-0.20073007437965762,0.593118586731135,0.8022573282512235,0.03447899006971095,0.026589980205870212,dbed0bbd,-0.019455039241232763,380.6,3.2,36.6
0.2103593122871145,0.23718349357512547,U10,MN8014,11.75987855834981,11.119471174642424,CPG,CPG,0.949,0.941,0.11050578359201679,0.4375428058622399,0.2072485831675666,-0.20073007437965762,0.6316524998861723,0.8022573282512235,0.03447899006971095,0.026589980205870212,dbed0bbd,-0.019455039241232763,380.6,3.2,36.6
0.2243671639499048,0.25766813834999497,U10,MN8014,11.744807072046875,8.222466297563766,CPG,CPG,0.939,0.942,0.11928405687323933,0.4631875689546946,0.28498661502648165,-0.32994837602477034,1.3483326222172345,2.1103235106974156,0.03305111396389397,0.07329524386662814,297900c0,-0.09245436490964953,320.2,3.0,36.3
0.2243671639499048,0.25766813834999497,U10,MN8014,11.744807072046875,8.222466297563766,CPG,CPG,0.939,0.942,0.11928405687323933,0.4631875689546946,0.28498661502648165,-0.32994837602477034,1.869079965288816,2.1103235106974156,0.03305111396389397,0.07329524386662814,297900c0,-0.09245436490964953,320.2,3.0,36.3
0.2243671639499048,0.25766813834999497,U10,MN8014,11.744807072046875,8.222466297563766,CPG,CPG,0.939,0.942,0.11928405687323933,0.4631875689546946,0.28498661502648165,-0.32994837602477034,1.702700274332727,2.1103235106974156,0.03305111396389397,0.07329524386662814,297900c0,-0.09245436490964953,320.2,3.0,36.3
0.2243671639499048,0.25766813834999497,U10,MN8014,11.744807072046875,8.222466297563766,CPG,CPG,0.939,0.942,0.11928405687323933,0.4631875689546946,0.28498661502648165,-0.32994837602477034,1.88849560794642,2.1103235106974156,0.03305111396389397,0.07329524386662814,297900c0,-0.09245436490964953,320.2,3.0,36.3
0.2243671639499048,0.25766813834999497,U10,MN8014,11.744807072046875,8.222466297563766,CPG,CPG,0.939,0.942,0.11928405687323933,0.4631875689546946,0.28498661502648165,-0.32994837602477034,1.6484931096042827,2.1103235106974156,0.03305111396389397,0.07329524386662814,297900c0,-0.09245436490964953,320.2,3.0,36.3
0.19525373074108254,0.29990516887841256,U10,MN8014,17.07287322083198,9.195846785676377,WPG,CPG,0.904,0.95,0.1056790717996927,0.4777845167692485,0.2904930524784897,-0.5569729159913615,1.9773570945428272,3.565785230750718,0.03412604891755412,0.10678368712819042,b39d5830,0.05397157613763559,374.3,0.2,37.3
0.19525373074108254,0.29990516887841256,U10,MN8014,17.07287322083198,9.195846785676377,WPG,CPG,0.904,0.95,0.1056790717996927,0.4777845167692485,0.2904930524784897,-0.5569729159913615,2.849456337599201,3.565785230750718,0.03412604891755412,0.10678368712819042,b39d5830,0.05397157613763559,374.3,0.2,37.3
0.19525373074108254,0.29990516887841256,U10,MN8014,17.07287322083198,9.195846785676377,WPG,CPG,0.904,0.95,0.1056790717996927,0.4777845167692485,0.2904930524784897,-0.5569729159913615,2.2485340357977477,3.565785230750718,0.03412604891755412,0.10678368712819042,b39d5830,0.05397157613763559,374.3,0.2,37.3
0.19525373074108254,0.29990516887841256,U10,MN8014,17.07287322083198,9.195846785676377,WPG,CPG,0.904,0.95,0.1056790717996927,0.4777845167692485,0.2904930524784897,-0.5569729159913615,2.3821296155502005,3.565785230750718,0.03412604891755412,0.10678368712819042,b39d5830,0.05397157613763559,374.3,0.2,37.3
0.19525373074108254,0.29990516887841256,U10,MN8014,17.07287322083198,9.195846785676377,WPG,CPG,0.904,0.95,0.1056790717996927,0.4777845167692485,0.2904930524784897,-0.5569729159913615,2.422679847334182,3.565785230750718,0.03412604891755412,0.10678368712819042,b39d5830,0.05397157613763559,374.3,0.2,37.3
0.20324754867085743,0.2729577825840708,U10,MN8014,16.75634687452028,11.536648839828892,CPG,CPG,0.939,0.947,0.11575283534946836,0.4434397674874185,0.20003831940899297,-0.6077784523179072,3.272186945992803,4.4173457532494185,0.0634422594080897,0.15134367041921182,c897325d,-0.1679210393588313,392.3,3.3,37.6
0.20324754867085743,0.2729577825840708,U10,MN8014,16.75634687452028,11.536648839828892,CPG,CPG,0.939,0.947,0.11575283534946836,0.4434397674874185,0.20003831940899297,-0.6077784523179072,3.4256769375987277,4.4173457532494185,0.0634422594080897,0.15134367041921182,c897325d,-0.1679210393588313,392.3,3.3,37.6
0.20324754867085743,0.2729577825840708,U10,MN8014,16.75634687452028,11.536648839828892,CPG,CPG,0.939,0.947,0.11575283534946836,0.4434397674874185,0.20003831940899297,-0.6077784523179072,2.2230830676294535,4.4173457532494185,0.0634422594080897,0.15134367041921182,c897325d,-0.1679210393588313,392.3,3.3,37.6
0.20324754867085743,0.2729577825840708,U10,MN8014,16.75634687452028,11.536648839828892,CPG,CPG,0.939,0.947,0.11575283534946836,0.4434397674874185,0.20003831940899297,-0.6077784523179072,5.42548172832463,4.4173457532494185,0.0634422594080897,0.15134367041921182,c897325d,-0.1679210393588313,392.3,3.3,37.6
0.20324754867085743,0.2729577825840708,U10,MN8014,16.75634687452028,11.536648839828892,CPG,CPG,0.939,0.947,0.11575283534946836,0.4434397674874185,0.20003831940899297,-0.6077784523179072,3.7398377601200803,4.4173457532494185,0.0634422594080897,0.15134367041921182,c897325d,-0.1679210393588313,392.3,3.3,37.6
0.22246928492771142,0.273693280095242,U10,VT8020,15.13212809267073,10.726690749016047,CPG,CPG,0.94,0.948,0.10686262340495342,0.47047942744056304,0.2435611399084037,-0.3147632557276008,1.2767356313051077,2.816762268408234,0.0523643636465991,0.0794739244067491,366ca5b1,0.10273827441544026,401.1,4.0,38.0
0.22246928492771142,0.273693280095242,U10,VT8020,15.13212809267073,10.726690749016047,CPG,CPG,0.94,0.948,0.10686262340495342,0.47047942744056304,0.2435611399084037,-0.3147632557276008,1.3897645174312716,2.816762268408234,0.0523643636465991,0.0794739244067491,366ca5b1,0.10273827441544026,401.1,4.0,38.0
0.22246928492771142,0.273693280095242,U10,VT8020,15.13212809267073,10.726690749016047,CPG,CPG,0.94,0.948,0.10686262340495342,0.47047942744056304,0.2435611399084037,-0.3147632557276008,1.6191350002182177,2.816762268408234,0.0523643636465991,0.0794739244067491,366ca5b1,0.10273827441544026,401.1,4.0,38.0
0.22246928492771142,0.273693280095242,U10,VT8020,15.13212809267073,10.726690749016047,CPG,CPG,0.94,0.948,0.10686262340495342,0.47047942744056304,0.2435611399084037,-0.3147632557276008,1.3292252808678875,2.816762268408234,0.0523643636465991,0.0794739244067491,366ca5b1,0.10273827441544026,401.1,4.0,38.0
0.22246928492771142,0.273693280095242,U10,VT8020,15.13212809267073,10.726690749016047,CPG,CPG,0.94,0.948,0.10686262340495342,0.47047942744056304,0.2435611399084037,-0.3147632557276008,3.219162118388818,2.816762268408234,0.0523643636465991,0.0794739244067491,366ca5b1,0.10273827441544026,401.1,4.0,38.0
0.2053087309507557,0.2580025092800654,U10,MN8014,14.483915603675468,10.58113662355711,CPG,CPG,0.939,0.951,0.11066934689933663,0.41591559480265383,0.2526514386582714,-0.10343580612072811,1.1115773315219426,3.129390247002306,0.0547850642776826,0.08899977746638342,484abb15,0.10545406575285843,303.3,4.3,34.1
0.2053087309507557,0.2580025092800654,U10,MN8014,14.483915603675468,10.58113662355711,CPG,CPG,0.939,0.951,0.11066934689933663,0.41591559480265383,0.2526514386582714,-0.10343580612072811,0.9406923486213434,3.129390247002306,0.0547850642776826,0.08899977746638342,484abb15,0.10545406575285843,303.3,4.3,34.1
0.2053087309507557,0.2580025092800654,U10,MN8014,14.483915603675468,10.58113662355711,CPG,CPG,0.939,0.951,0.11066934689933663,0.41591559480265383,0.2526514386582714,-0.10343580612072811,1.3812435621752617,3.129390247002306,0.0547850642776826,0.08899977746638342,484abb15,0.10545406575285843,303.3,4.3,34.1
0.2053087309507557,0.2580025092800654,U10,MN8014,14.483915603675468,10.58113662355711,CPG,CPG,0.939,0.951,0.11066934689933663,0.41591559480265383,0.2526514386582714,-0.10343580612072811,2.109948692213214,3.129390247002306,0.0547850642776826,0.08899977746638342,484abb15,0.10545406575285843,303.3,4.3,34.1
0.2053087309507557,0.2580025092800654,U10,MN8014,14.483915603675468,10.58113662355711,CPG,CPG,0.939,0.951,0.11066934689933663,0.41591559480265383,0.2526514386582714,-0.10343580612072811,2.136760862200125,3.129390247002306,0.0547850642776826,0.08899977746638342,484abb15,0.10545406575285843,303.3,4.3,34.1
0.19539691762703978,0.24240481965130523,U10,MN8014,15.239166188083741,10.81106512729769,WPG,CPG,0.89,0.945,0.11547525445858113,0.42780173727834503,0.3361885327090824,-0.5209579839114438,2.9654281140812944,2.6123479462743164,0.021852189074406794,0.07400943030212302,881552ad,0.09155005687479778,417.3,3.2,34.9
0.19539691762703978,0.24240481965130523,U10,MN8014,15.239166188083741,10.81106512729769,WPG,CPG,0.89,0.945,0.11547525445858113,0.42780173727834503,0.3361885327090824,-0.5209579839114438,2.4603743415783508,2.6123479462743164,0.021852189074406794,0.07400943030212302,881552ad,0.09155005687479778,417.3,3.2,34.9
0.19539691762703978,0.24240481965130523,U10,MN8014,15.239166188083741,10.81106512729769,WPG,CPG,0.89,0.945,0.11547525445858113,0.42780173727834503,0.3361885327090824,-0.5209579839114438,2.4827088229726453,2.6123479462743164,0.021852189074406794,0.07400943030212302,881552ad,0.09155005687479778,417.3,3.2,34.9
0.19539691762703978,0.24240481965130523,U10,MN8014,15.239166188083741,10.81106512729769,WPG,CPG,0.89,0.945,0.11547525445858113,0.42780173727834503,0.3361885327090824,-0.5209579839114438,2.2585713733550334,2.6123479462743164,0.021852189074406794,0.07400943030212302,881552ad,0.09155005687479778,417.3,3.2,34.9
0.19539691762703978,0.24240481965130523,U10,MN8014,15.239166188083741,10.81106512729769,WPG,CPG,0.89,0.945,0.11547525445858113,0.42780173727834503,0.3361885327090824,-0.5209579839114438,2.776945265457631,2.6123479462743164,0.021852189074406794,0.07400943030212302,881552ad,0.09155005687479778,417.3,3.2,34.9
0.1751747268136522,0.2601456666743964,U10,VT8020,14.038181614214732,11.723237778004535,CPG,CPG,0.942,0.939,0.12718143003681615,0.4253203934880486,0.2521770483070906,-0.46527379891437337,2.821064735129149,2.0262262076461672,0.022466806491110092,0.06271605044057786,5fa221ee,0.005573149669031774,258.1,3.3,33.7
0.1751747268136522,0.2601456666743964,U10,VT8020,14.038181614214732,11.723237778004535,CPG,CPG,0.942,0.939,0.12718143003681615,0.4253203934880486,0.2521770483070906,-0.46527379891437337,2.3732423423594144,2.0262262076461672,0.022466806491110092,0.06271605044057786,5fa221ee,0.005573149669031774,258.1,3.3,33.7
0.1751747268136522,0.2601456666743964,U10,VT8020,14.038181614214732,11.723237778004535,CPG,CPG,0.942,0.939,0.12718143003681615,0.4253203934880486,0.2521770483070906,-0.46527379891437337,2.3204645444828245,2.0262262076461672,0.022466806491110092,0.06271605044057786,5fa221ee,0.005573149669031774,258.1,3.3,33.7
0.1751747268136522,0.2601456666743964,U10,VT8020,14.038181614214732,11.723237778004535,CPG,CPG,0.942,0.939,0.12718143003681615,0.4253203934880486,0.2521770483070906,-0.46527379891437337,1.522008095926758,2.0262262076461672,0.022466806491110092,0.06271605044057786,5fa221ee,0.005573149669031774,258.1,3.3,33.7
0.1751747268136522,0.2601456666743964,U10,VT8020,14.038181614214732,11.723237778004535,CPG,CPG,0.942,0.939,0.12718143003681615,0.4253203934880486,0.2521770483070906,-0.46527379891437337,2.150279820057691,2.0262262076461672,0.022466806491110092,0.06271605044057786,5fa221ee,0.005573149669031774,258.1,3.3,33.7
0.20882453516582905,0.24635574106151995,U10,MN8014,15.00959451370168,7.963382650681399,CPG,CPG,0.943,0.951,0.12518343946895114,0.445180276227349,0.2568451779088829,-0.5424692193173082,1.8787342275580257,2.656561953042913,0.02601769672453885,0.07850560054611143,564b4996,0.053142124938583946,309.1,2.1,35.9
0.20882453516582905,0.24635574106151995,U10,MN8014,15.00959451370168,7.963382650681399,CPG,CPG,0.943,0.951,0.12518343946895114,0.445180276227349,0.2568451779088829,-0.5424692193173082,3.8701059494717724,2.656561953042913,0.02601769672453885,0.07850560054611143,564b4996,0.053142124938583946,309.1,2.1,35.9
0.20882453516582905,0.24635574106151995,U10,MN8014,15.00959451370168,7.963382650681399,CPG,CPG,0.943,0.951,0.12518343946895114,0.445180276227349,0.2568451779088829,-0.5424692193173082,2.269916479225687,2.656561953042913,0.02601769672453885,0.07850560054611143,564b4996,0.053142124938583946,309.1,2.1,35.9
0.20882453516582905,0.24635574106151995,U10,MN8014,15.00959451370168,7.963382650681399,CPG,CPG,0.943,0.951,0.12518343946895114,0.445180276227349,0.2568451779088829,-0.5424692193173082,3.314173102169589,2.656561953042913,0.02601769672453885,0.07850560054611143,564b4996,0.053142124938583946,309.1,2.1,35.9
0.20882453516582905,0.24635574106151995,U10,MN8014,15.00959451370168,7.963382650681399,CPG,CPG,0.943,0.951,0.12518343946895114,0.445180276227349,0.2568451779088829,-0.5424692193173082,2.7198311187622957,2.656561953042913,0.02601769672453885,0.07850560054611143,564b4996,0.053142124938583946,309.1,2.1,35.9
0.19649869249121354,0.24073864824383487,U10,U12,14.224859542510952,8.25139571538907,CPG,CPG,0.943,0.962,0.11854442827269934,0.4272373407350484,0.21837814152002555,-0.49295890528238107,2.354322448548457,2.731663882808389,0.027096892992129785,0.07081652373165379,6a78546b,0.17670675834231875,360.9,2.9,40.3
0.19649869249121354,0.24073864824383487,U10,U12,14.224859542510952,8.25139571538907,CPG,CPG,0.943,0.962,0.11854442827269934,0.4272373407350484,0.21837814152002555,-0.49295890528238107,2.07014189163562,2.731663882808389,0.027096892992129785,0.07081652373165379,6a78546b,0.17670675834231875,360.9,2.9,40.3
0.19649869249121354,0.24073864824383487,U10,U12,14.224859542510952,8.25139571538907,CPG,CPG,0.943,0.962,0.11854442827269934,0.4272373407350484,0.21837814152002555,-0.49295890528238107,2.4944658678953457,2.731663882808389,0.027096892992129785,0.07081652373165379,6a78546b,0.17670675834231875,360.9,2.9,40.3
0.19649869249121354,0.24073864824383487,U10,U12,14.224859542510952,8.25139571538907,CPG,CPG,0.943,0.962,0.11854442827269934,0.4272373407350484,0.21837814152002555,-0.49295890528238107,1.7887100059845498,2.731663882808389,0.027096892992129785,0.07081652373165379,6a78546b,0.17670675834231875,360.9,2.9,40.3
0.19649869249121354,0.24073864824383487,U10,U12,14.224859542510952,8.25139571538907,CPG,CPG,0.943,0.962,0.11854442827269934,0.4272373407350484,0.21837814152002555,-0.49295890528238107,2.223248718216844,2.731663882808389,0.027096892992129785,0.07081652373165379,6a78546b,0.17670675834231875,360.9,2.9,40.3
0.20761562297955247,0.2938379573819664,U10,MN8014,15.335786058519249,12.54384556368257,CPG,CPG,0.941,0.945,0.121389293687716,0.4855814351833091,0.22269464347278595,-0.7685629161354345,3.3166231600277505,4.689292838855413,0.04168166120652717,0.12841217552412665,c8deec46,0.2190133244807051,442.5,2.8,41.2
0.20761562297955247,0.2938379573819664,U10,MN8014,15.335786058519249,12.54384556368257,CPG,CPG,0.941,0.945,0.121389293687716,0.4855814351833091,0.22269464347278595,-0.7685629161354345,3.4464866514128714,4.689292838855413,0.04168166120652717,0.12841217552412665,c8deec46,0.2190133244807051,442.5,2.8,41.2
0.20761562297955247,0.2938379573819664,U10,MN8014,15.335786058519249,12.54384556368257,CPG,CPG,0.941,0.945,0.121389293687716,0.4855814351833091,0.22269464347278595,-0.7685629161354345,4.100960912548418,4.689292838855413,0.04168166120652717,0.12841217552412665,c8deec46,0.2190133244807051,442.5,2.8,41.2
0.20761562297955247,0.2938379573819664,U10,MN8014,15.335786058519249,12.54384556368257,CPG,CPG,0.941,0.945,0.121389293687716,0.4855814351833091,0.22269464347278595,-0.7685629161354345,3.813149222994637,4.689292838855413,0.04168166120652717,0.12841217552412665,c8deec46,0.2190133244807051,442.5,2.8,41.2
0.20761562297955247,0.2938379573819664,U10,MN8014,15.335786058519249,12.54384556368257,CPG,CPG,0.941,0.945,0.121389293687716,0.4855814351833091,0.22269464347278595,-0.7685629161354345,5.8610338043369765,4.689292838855413,0.04168166120652717,0.12841217552412665,c8deec46,0.2190133244807051,442.5,2.8,41.2
0.2043573773768734,0.2692062352255762,U10,MN8014,14.246042442368411,8.754410679592699,CPG,CPG,0.943,0.948,0.11663150734959937,0.4342877711880533,0.20043547813631055,-0.4965417564292536,3.5011432989581306,5.266785557909375,0.03822659505305209,0.15216682324337352,50ac49e6,0.14816589797997737,250.2,2.1,39.0
0.2043573773768734,0.2692062352255762,U10,MN8014,14.246042442368411,8.754410679592699,CPG,CPG,0.943,0.948,0.11663150734959937,0.4342877711880533,0.20043547813631055,-0.4965417564292536,4.532750366797873,5.266785557909375,0.03822659505305209,0.15216682324337352,50ac49e6,0.14816589797997737,250.2,2.1,39.0
0.2043573773768734,0.2692062352255762,U10,MN8014,14.246042442368411,8.754410679592699,CPG,CPG,0.943,0.948,0.11663150734959937,0.4342877711880533,0.20043547813631055,-0.4965417564292536,3.5904450148626768,5.266785557909375,0.03822659505305209,0.15216682324337352,50ac49e6,0.14816589797997737,250.2,2.1,39.0
0.2043573773768734,0.2692062352255762,U10,MN8014,14.246042442368411,8.754410679592699,CPG,CPG,0.943,0.948,0.11663150734959937,0.4342877711880533,0.20043547813631055,-0.4965417564292536,4.9261268081982585,5.266785557909375,0.03822659505305209,0.15216682324337352,50ac49e6,0.14816589797997737,250.2,2.1,39.0
0.2043573773768734,0.2692062352255762,U10,MN8014,14.246042442368411,8.754410679592699,CPG,CPG,0.943,0.948,0.11663150734959937,0.4342877711880533,0.20043547813631055,-0.4965417564292536,5.313479598030026,5.266785557909375,0.03822659505305209,0.15216682324337352,50ac49e6,0.14816589797997737,250.2,2.1,39.0
0.18310356508162084,0.23936319754326865,U10,MN8014,14.848218180446187,11.318288921070822,CPG,CPG,0.939,0.949,0.11373257731675793,0.41246676262488946,0.2842925399462145,-0.2051702923051646,1.680067955979173,0.8930800079976535,0.01179214007899031,0.0915081988838668,89fd37e3,-0.7843021249788562,343.8,2.6,37.1
0.18310356508162084,0.23936319754326865,U10,MN8014,14.848218180446187,11.318288921070822,CPG,CPG,0.939,0.949,0.11373257731675793,0.41246676262488946,0.2842925399462145,-0.2051702923051646,1.5157361991453961,0.8930800079976535,0.01179214007899031,0.0915081988838668,89fd37e3,-0.7843021249788562,343.8,2.6,37.1
0.18310356508162084,0.23936319754326865,U10,MN8014,14.848218180446187,11.318288921070822,CPG,CPG,0.939,0.949,0.11373257731675793,0.41246676262488946,0.2842925399462145,-0.2051702923051646,1.7352744316308126,0.8930800079976535,0.01179214007899031,0.0915081988838668,89fd37e3,-0.7843021249788562,343.8,2.6,37.1
0.18310356508162084,0.23936319754326865,U10,MN8014,14.848218180446187,11.318288921070822,CPG,CPG,0.939,0.949,0.11373257731675793,0.41246676262488946,0.2842925399462145,-0.2051702923051646,3.0047614562288962,0.8930800079976535,0.01179214007899031,0.0915081988838668,89fd37e3,-0.7843021249788562,343.8,2.6,37.1
0.18310356508162084,0.23936319754326865,U10,MN8014,14.848218180446187,11.318288921070822,CPG,CPG,0.939,0.949,0.11373257731675793,0.41246676262488946,0.2842925399462145,-0.2051702923051646,3.0586137466442316,0.8930800079976535,0.01179214007899031,0.0915081988838668,89fd37e3,-0.7843021249788562,343.8,2.6,37.1
0.1823483485586807,0.23486339508714932,U10,MN8014,13.63672296629585,11.9629410571625,CPG,CPG,0.944,0.944,0.13249075194810195,0.40721174364583,0.5169868129955519,-0.5573530951061287,2.045607421819042,3.086887167304849,0.01126519675856287,0.05249914296014045,da946127,0.5387820744774571,382.5,3.3,36.6
0.1823483485586807,0.23486339508714932,U10,MN8014,13.63672296629585,11.9629410571625,CPG,CPG,0.944,0.944,0.13249075194810195,0.40721174364583,0.5169868129955519,-0.5573530951061287,2.2316772777091987,3.086887167304849,0.01126519675856287,0.05249914296014045,da946127,0.5387820744774571,382.5,3.3,36.6
0.1823483485586807,0.23486339508714932,U10,MN8014,13.63672296629585,11.9629410571625,CPG,CPG,0.944,0.944,0.13249075194810195,0.40721174364583,0.5169868129955519,-0.5573530951061287,1.6268136774724904,3.086887167304849,0.01126519675856287,0.05249914296014045,da946127,0.5387820744774571,382.5,3.3,36.6
0.1823483485586807,0.23486339508714932,U10,MN8014,13.63672296629585,11.9629410571625,CPG,CPG,0.944,0.944,0.13249075194810195,0.40721174364583,0.5169868129955519,-0.5573530951061287,1.6377639666365855,3.086887167304849,0.01126519675856287,0.05249914296014045,da946127,0.5387820744774571,382.5,3.3,36.6
0.1823483485586807,0.23486339508714932,U10,MN8014,13.63672296629585,11.9629410571625,CPG,CPG,0.944,0.944,0.13249075194810195,0.40721174364583,0.5169868129955519,-0.5573530951061287,1.8679790067381146,3.086887167304849,0.01126519675856287,0.05249914296014045,da946127,0.5387820744774571,382.5,3.3,36.6
0.202694627163078,0.22691853635172857,U10,MN8014,13.033756002905186,11.811452691582282,CPG,CPG,0.936,0.949,0.12559038654076182,0.4196131635148066,0.3034344040499059,-0.34682486766963216,2.6810802749720986,1.6460223605384747,0.02057609232437305,0.06390403681981817,4ac8a59f,-0.15507894201853878,308.2,3.4,37.8
0.202694627163078,0.22691853635172857,U10,MN8014,13.033756002905186,11.811452691582282,CPG,CPG,0.936,0.949,0.12559038654076182,0.4196131635148066,0.3034344040499059,-0.34682486766963216,1.7187218722114963,1.6460223605384747,0.02057609232437305,0.06390403681981817,4ac8a59f,-0.15507894201853878,308.2,3.4,37.8
0.202694627163078,0.22691853635172857,U10,MN8014,13.033756002905186,11.811452691582282,CPG,CPG,0.936,0.949,0.12559038654076182,0.4196131635148066,0.3034344040499059,-0.34682486766963216,1.8155478300741752,1.6460223605384747,0.02057609232437305,0.06390403681981817,4ac8a59f,-0.15507894201853878,308.2,3.4,37.8
0.202694627163078,0.22691853635172857,U10,MN8014,13.033756002905186,11.811452691582282,CPG,CPG,0.936,0.949,0.12559038654076182,0.4196131635148066,0.3034344040499059,-0.34682486766963216,2.126604335593318,1.6460223605384747,0.02057609232437305,0.06390403681981817,4ac8a59f,-0.15507894201853878,308.2,3.4,37.8
0.202694627163078,0.22691853635172857,U10,MN8014,13.033756002905186,11.811452691582282,CPG,CPG,0.936,0.949,0.12559038654076182,0.4196131635148066,0.3034344040499059,-0.34682486766963216,2.3696453682622436,1.6460223605384747,0.02057609232437305,0.06390403681981817,4ac8a59f,-0.15507894201853878,308.2,3.4,37.8
0.1736602607355753,0.2568336380206139,U12,MN8014,13.752222399196516,12.704406166493616,CPG,CPG,0.951,0.939,0.12495537715446296,0.42049389875618914,0.49331225173487814,-0.00288447011340498,0.0245064880710402,0.3868358626037277,0.01955807688490131,0.0008453482883201214,4fe5e8df,0.13815046746914605,324.8,3.4,33.7
0.1736602607355753,0.2568336380206139,U12,MN8014,13.752222399196516,12.704406166493616,CPG,CPG,0.951,0.939,0.12495537715446296,0.42049389875618914,0.49331225173487814,-0.00288447011340498,0.021720991123858942,0.3868358626037277,0.01955807688490131,0.0008453482883201214,4fe5e8df,0.13815046746914605,324.8,3.4,33.7
0.1736602607355753,0.2568336380206139,U12,MN8014,13.752222399196516,12.704406166493616,CPG,CPG,0.951,0.939,0.12495537715446296,0.42049389875618914,0.49331225173487814,-0.00288447011340498,0.016927807173282527,0.3868358626037277,0.01955807688490131,0.0008453482883201214,4fe5e8df,0.13815046746914605,324.8,3.4,33.7
0.1736602607355753,0.2568336380206139,U12,MN8014,13.752222399196516,12.704406166493616,CPG,CPG,0.951,0.939,0.12495537715446296,0.42049389875618914,0.49331225173487814,-0.00288447011340498,0.026046807421758064,0.3868358626037277,0.01955807688490131,0.0008453482883201214,4fe5e8df,0.13815046746914605,324.8,3.4,33.7
0.1736602607355753,0.2568336380206139,U12,MN8014,13.752222399196516,12.704406166493616,CPG,CPG,0.951,0.939,0.12495537715446296,0.42049389875618914,0.49331225173487814,-0.00288447011340498,0.031941621086575604,0.3868358626037277,0.01955807688490131,0.0008453482883201214,4fe5e8df,0.13815046746914605,324.8,3.4,33.7
0.18948378389281006,0.2692985407757678,U10,VT8020,14.283756956244321,12.383483250070935,CPG,CPG,0.934,0.941,0.11800429131424857,0.42951108846993147,0.26384758921210816,-0.2555673698167822,1.1136493987237566,2.605434733671699,0.03593217864251964,0.08242319954562624,df4b49ac,-0.014754185735953662,323.6,3.3,31.4
0.18948378389281006,0.2692985407757678,U10,VT8020,14.283756956244321,12.383483250070935,CPG,CPG,0.934,0.941,0.11800429131424857,0.42951108846993147,0.26384758921210816,-0.2555673698167822,1.43057882091493,2.605434733671699,0.03593217864251964,0.08242319954562624,df4b49ac,-0.014754185735953662,323.6,3.3,31.4
0.18948378389281006,0.2692985407757678,U10,VT8020,14.283756956244321,12.383483250070935,CPG,CPG,0.934,0.941,0.11800429131424857,0.42951108846993147,0.26384758921210816,-0.2555673698167822,1.723850903278175,2.605434733671699,0.03593217864251964,0.08242319954562624,df4b49ac,-0.014754185735953662,323.6,3.3,31.4
0.18948378389281006,0.2692985407757678,U10,VT8020,14.283756956244321,12.383483250070935,CPG,CPG,0.934,0.941,0.11800429131424857,0.42951108846993147,0.26384758921210816,-0.2555673698167822,2.5975111618055053,2.605434733671699,0.03593217864251964,0.08242319954562624,df4b49ac,-0.014754185735953662,323.6,3.3,31.4
0.18948378389281006,0.2692985407757678,U10,VT8020,14.283756956244321,12.383483250070935,CPG,CPG,0.934,0.941,0.11800429131424857,0.42951108846993147,0.26384758921210816,-0.2555673698167822,2.467879439668042,2.605434733671699,0.03593217864251964,0.08242319954562624,df4b49ac,-0.014754185735953662,323.6,3.3,31.4
0.19856489513210177,0.2396489174623287,U10,MN8014,16.256403077932802,14.443758066653983,WPG,CPG,0.884,0.941,0.12106757397771074,0.4282138125944305,0.420900423912162,-0.36293686475494424,0.9919504704743066,0.8696606623652336,0.010644015554069977,0.036292728256713425,04d32aae,-0.11309694201308473,385.5,2.3,32.0
0.19856489513210177,0.2396489174623287,U10,MN8014,16.256403077932802,14.443758066653983,WPG,CPG,0.884,0.941,0.12106757397771074,0.4282138125944305,0.420900423912162,-0.36293686475494424,0.6029602244247428,0.8696606623652336,0.010644015554069977,0.036292728256713425,04d32aae,-0.11309694201308473,385.5,2.3,32.0
0.19856489513210177,0.2396489174623287,U10,MN8014,16.256403077932802,14.443758066653983,WPG,CPG,0.884,0.941,0.12106757397771074,0.4282138125944305,0.420900423912162,-0.36293686475494424,1.1187583438532318,0.8696606623652336,0.010644015554069977,0.036292728256713425,04d32aae,-0.11309694201308473,385.5,2.3,32.0
0.19856489513210177,0.2396489174623287,U10,MN8014,16.256403077932802,14.443758066653983,WPG,CPG,0.884,0.941,0.12106757397771074,0.4282138125944305,0.420900423912162,-0.36293686475494424,0.7923274150043261,0.8696606623652336,0.010644015554069977,0.036292728256713425,04d32aae,-0.11309694201308473,385.5,2.3,32.0
0.19856489513210177,0.2396489174623287,U10,MN8014,16.256403077932802,14.443758066653983,WPG,CPG,0.884,0.941,0.12106757397771074,0.4282138125944305,0.420900423912162,-0.36293686475494424,1.0219789008187108,0.8696606623652336,0.010644015554069977,0.036292728256713425,04d32aae,-0.11309694201308473,385.5,2.3,32.0
0.1911594012113655,0.26573165207985056,U10,VT8020,10.416854612137197,11.614193146351742,CPG,CPG,0.953,0.948,0.13436574875064256,0.4404439397807023,0.3105474257353759,-0.36856548147774393,1.3407760792216092,2.390098381736884,0.028802961819067056,0.06776757834305407,b9c1840b,0.08308848589796725,473.8,3.4,38.1
0.1911594012113655,0.26573165207985056,U10,VT8020,10.416854612137197,11.614193146351742,CPG,CPG,0.953,0.948,0.13436574875064256,0.4404439397807023,0.3105474257353759,-0.36856548147774393,1.275426955018622,2.390098381736884,0.028802961819067056,0.06776757834305407,b9c1840b,0.08308848589796725,473.8,3.4,38.1
0.1911594012113655,0.26573165207985056,U10,VT8020,10.416854612137197,11.614193146351742,CPG,CPG,0.953,0.948,0.13436574875064256,0.4404439397807023,0.3105474257353759,-0.36856548147774393,1.6221398034206789,2.390098381736884,0.028802961819067056,0.06776757834305407,b9c1840b,0.08308848589796725,473.8,3.4,38.1
0.1911594012113655,0.26573165207985056,U10,VT8020,10.416854612137197,11.614193146351742,CPG,CPG,0.953,0.948,0.13436574875064256,0.4404439397807023,0.3105474257353759,-0.36856548147774393,1.2473519237232364,2.390098381736884,0.028802961819067056,0.06776757834305407,b9c1840b,0.08308848589796725,473.8,3.4,38.1
0.1911594012113655,0.26573165207985056,U10,VT8020,10.416854612137197,11.614193146351742,CPG,CPG,0.953,0.948,0.13436574875064256,0.4404439397807023,0.3105474257353759,-0.36856548147774393,1.3803715381886859,2.390098381736884,0.028802961819067056,0.06776757834305407,b9c1840b,0.08308848589796725,473.8,3.4,38.1
0.18926739699299594,0.25553489826687426,U10,MN8014,16.497385942062742,10.72080821843107,CPG,CPG,0.938,0.948,0.12595366002358843,0.4348022952598702,0.31074216975677493,-0.39112345066675025,1.2733142577776515,1.555584397807472,0.01911533955198192,0.06920935898569057,bb24a403,-0.2551679053667625,251.7,2.3,34.1
0.18926739699299594,0.25553489826687426,U10,MN8014,16.497385942062742,10.72080821843107,CPG,CPG,0.938,0.948,0.12595366002358843,0.4348022952598702,0.31074216975677493,-0.39112345066675025,1.0231032715296864,1.555584397807472,0.01911533955198192,0.06920935898569057,bb24a403,-0.2551679053667625,251.7,2.3,34.1
0.18926739699299594,0.25553489826687426,U10,MN8014,16.497385942062742,10.72080821843107,CPG,CPG,0.938,0.948,0.12595366002358843,0.4348022952598702,0.31074216975677493,-0.39112345066675025,1.2091937234962111,1.555584397807472,0.01911533955198192,0.06920935898569057,bb24a403,-0.2551679053667625,251.7,2.3,34.1
0.18926739699299594,0.25553489826687426,U10,MN8014,16.497385942062742,10.72080821843107,CPG,CPG,0.938,0.948,0.12595366002358843,0.4348022952598702,0.31074216975677493,-0.39112345066675025,2.097314398236503,1.555584397807472,0.01911533955198192,0.06920935898569057,bb24a403,-0.2551679053667625,251.7,2.3,34.1
0.18926739699299594,0.25553489826687426,U10,MN8014,16.497385942062742,10.72080821843107,CPG,CPG,0.938,0.948,0.12595366002358843,0.4348022952598702,0.31074216975677493,-0.39112345066675025,1.8225287628463667,1.555584397807472,0.01911533955198192,0.06920935898569057,bb24a403,-0.2551679053667625,251.7,2.3,34.1
0.19752188061991297,0.25689644114055404,U10,MN8014,12.228097842683743,12.624389045527254,CPG,CPG,0.949,0.949,0.12703376106712816,0.444418321760467,0.21364987649765058,-0.2997850388570502,0.781572504083906,1.1682429449062401,0.026930654755510357,0.045674328338744706,fcaef2ee,-0.11399834781375456,292.8,3.9,37.8
0.19752188061991297,0.25689644114055404,U10,MN8014,12.228097842683743,12.624389045527254,CPG,CPG,0.949,0.949,0.12703376106712816,0.444418321760467,0.21364987649765058,-0.2997850388570502,0.7235029988538215,1.1682429449062401,0.026930654755510357,0.045674328338744706,fcaef2ee,-0.11399834781375456,292.8,3.9,37.8
0.19752188061991297,0.25689644114055404,U10,MN8014,12.228097842683743,12.624389045527254,CPG,CPG,0.949,0.949,0.12703376106712816,0.444418321760467,0.21364987649765058,-0.2997850388570502,0.8614973087700747,1.1682429449062401,0.026930654755510357,0.045674328338744706,fcaef2ee,-0.11399834781375456,292.8,3.9,37.8
0.19752188061991297,0.25689644114055404,U10,MN8014,12.228097842683743,12.624389045527254,CPG,CPG,0.949,0.949,0.12703376106712816,0.444418321760467,0.21364987649765058,-0.2997850388570502,1.003462440867788,1.1682429449062401,0.026930654755510357,0.045674328338744706,fcaef2ee,-0.11399834781375456,292.8,3.9,37.8
0.19752188061991297,0.25689644114055404,U10,MN8014,12.228097842683743,12.624389045527254,CPG,CPG,0.949,0.949,0.12703376106712816,0.444418321760467,0.21364987649765058,-0.2997850388570502,1.3963076848119176,1.1682429449062401,0.026930654755510357,0.045674328338744706,fcaef2ee,-0.11399834781375456,292.8,3.9,37.8
