thigh_length,calf_length,motor_left_name,motor_right_name,gear_left_ratio,gear_right_ratio,gearbox_left,gearbox_right,torso_distance,ik_height,ori_l,ori_theta,best_index,best_cost,ac1,ac2,ac3
0.25882454973770086,0.24338257151051917,U12,MN8014,10.393978896498862,9.30724910923985,CPG,CPG,0.12430789885319597,0.342437148848744,0.4612513725002639,0.497160665870624,0,0.14571206613101192,436.7,4.8,28.6
0.2400247597235342,0.2384683704873432,U12,MN8014,9.3676930843685,7.318880678973156,CPG,SSPG,0.1320861064353181,0.3775261900998252,0.290992720694567,-0.2328720734517098,0,1000000.0,488.7,3.9,33.9
0.2621370721034713,0.24717805674696486,U10,MN8014,6.541268976649997,8.018122297829455,CPG,CPG,0.1194685317021096,0.3733158229240089,0.20666627159850556,-0.6023035527754697,0,0.5881701480030959,569.4,4.9,26.4
0.231651392429925,0.25705473826832,U10,MN8014,6.899288937997018,8.111010486981455,CPG,CPG,0.12068700975159868,0.37992091160615205,0.20094452000599033,-0.6260329987695102,2,0.07457555641351021,551.6,3.4,35.3
0.2325592376191487,0.2711929218070145,U10,MN8014,9.662368315003135,8.843479767403837,CPG,CPG,0.12311713883710464,0.43263377586646967,0.20567192170351842,-0.3247255607657695,2,1.2115501152400632,505.7,2.9,34.2
0.23742772291095898,0.2711525536162953,U10,MN8014,8.94712938608728,6.351626782240601,CPG,CPG,0.11302179632171847,0.42991243797840306,0.2459857973187717,-0.5985567552978182,1,0.05961370975053004,458.8,1.1,32.6
0.2324549579417215,0.2936613988669185,U10,MN8014,6.87247461626466,6.637319038053928,CPG,CPG,0.13009815923456997,0.389676165150217,0.25970700828441906,-0.6435896821450041,6,0.15189862337088567,515.1,2.2,32.6
0.2317069168313323,0.30787770358478617,U8,MN8014,6.19773496734304,7.411199139913585,CPG,CPG,0.11737517547332622,0.37972034369330776,0.235213583742221,-0.5258897618148206,0,-0.37384052162135806,525.2,2.4,33.6
0.2126530404337074,0.3036363890474172,U8,MN8014,9.169559257555377,6.395889271138612,CPG,CPG,0.1204888088574756,0.3653524688772597,0.2074358961862557,-0.7761894675582668,6,-0.5898214848231893,592.5,1.5,32.1
0.19880764068545667,0.32171093914485427,U12,MN8014,13.71059712761965,6.4608654697830925,CPG,CPG,0.10875513335547105,0.3578664008770853,0.20004239323629677,-0.9274514388262216,5,1.0389739459952914,665.4,0.6,32.2
0.23411507833543235,0.29456752174972567,U10,MN8014,16.212873313382808,7.413998564346608,WPG,CPG,0.11363636907123646,0.378526340687901,0.27642304991741407,-1.0101320636133648,4,1.1531411083607825,560.1,0.3,33.2
0.22209985580652916,0.29720583037403303,U10,VT8020,11.042456222906312,7.455002635282959,CPG,CPG,0.10882424824364431,0.37563900151104074,0.20994898541015136,-0.4877364931360979,7,0.32051484760312654,542.5,0.1,38.3
0.23612542728780045,0.33081632031813235,U8,VT8020,14.848060596576849,6.825518722935945,CPG,CPG,0.12714295365660683,0.3739956464946117,0.22383395437513662,-0.5745830571317125,3,0.45195044810195295,589.4,0.3,30.0
0.22276552665250335,0.3389674879983486,U8,MN8014,13.140570519879205,7.161060780136259,CPG,SSPG,0.12347856201128533,0.35788645742533104,0.2780540539354695,-1.005241708040514,0,0.9893505931062625,601.6,1.4,37.7
0.24161570152361,0.33372897795039325,U8,MN8014,12.907635426470053,5.732648383096266,CPG,SSPG,0.12015197403559917,0.3655638180716078,0.20316288522476406,-0.7889452378641256,3,-0.8554061133404289,596.4,0.6,39.4
0.22797975747287616,0.29863444873394596,U8,MN8014,13.257465471567286,4.761594822079361,CPG,SSPG,0.11972764229228537,0.3920803207639937,0.2404730882813051,-0.5454930854993825,1,-0.5209840161096873,589.5,0.5,36.6
0.23607149254057103,0.30316190074706884,U10,U12,10.944702456673523,7.891516870066432,CPG,CPG,0.12931266569030114,0.3798418116637634,0.5661363740781815,-0.21617913581086867,6,0.4481697861623549,639.8,1.9,38.5
0.21634292953375822,0.34144431191169455,U8,U12,9.720335159670348,9.146560761128633,CPG,CPG,0.13439762656977278,0.39831937431205683,0.5478985727772847,-0.04778273669699229,2,-0.10524873367827953,557.3,0.4,35.4
0.24004345514667147,0.3020139239887297,U8,MN8014,11.63197881146817,5.817393936542561,CPG,SSPG,0.13778222119250824,0.3982901977212301,0.3220734980648692,-0.9877024612183242,7,0.7745029058552009,558.9,1.1,33.3
0.25850307163176617,0.29556732033214994,U8,MN8014,11.807791286332517,6.58254724984327,CPG,CPG,0.12248001736959323,0.41058699765242523,0.228021504590149,-1.024256499388788,7,0.10861983747927173,483.3,1.2,35.2
0.25921158537219385,0.2965882572693479,U8,MN8014,12.2932612173898,5.679255308913018,CPG,SSPG,0.13663520190429185,0.38101647544216977,0.20048129736421158,-0.9617891319089009,4,-0.15451010801242226,481.2,1.0,32.5
0.2589024440908717,0.2964610988278633,U10,MN8014,13.156489313323167,6.541980028001522,CPG,CPG,0.12935249168491209,0.3951956942795666,0.214471143270614,-0.9956518718824127,2,0.38888702449748447,483.5,0.9,31.1
0.25391694641168006,0.3022546840957219,U8,MN8014,13.667810093619238,6.273444513571183,CPG,SSPG,0.1251110080599552,0.39657730758756793,0.2136774048194961,-0.5959481083791105,6,-0.3851948283034172,467.0,2.4,30.8
0.25469663404974197,0.3034193257072899,U8,MN8014,13.25778536860555,7.064451780388879,CPG,CPG,0.12398996688631353,0.372229964210232,0.23975099581425413,-0.44350198709952626,5,-0.05926313296498886,568.8,2.7,29.6
0.25464040006217414,0.28545500605722174,U8,MN8014,13.98989154704309,7.523219523819346,CPG,CPG,0.12596833190025608,0.3794176602511122,0.20075069596707518,-0.7869941043631782,3,-0.3349333582004226,500.4,2.0,28.8
0.23199784259242454,0.29004577356517214,U8,MN8014,11.157385292647222,7.192468279483846,CPG,SSPG,0.12283027834432378,0.395628448448749,0.2369097020249188,-0.741592760277054,2,-0.45067694750416987,522.4,1.4,35.4
0.2513525509139617,0.31411024244451746,U8,MN8014,11.369634784866427,7.942640033688504,CPG,CPG,0.130225968065871,0.36741304235397887,0.20131639313147348,-0.7408685166146497,7,-0.44934147631396115,536.1,1.6,35.4
0.23561163004920732,0.3158285753800806,U8,MN8014,11.902686803615637,7.546741413193061,CPG,CPG,0.1226176586464977,0.3816727509812391,0.2169035839597754,-0.77143332499903,7,-0.5914438786956184,566.2,1.0,33.1
0.2343410762078977,0.3083438890320993,U8,MN8014,10.750419590316124,8.875344269384513,CPG,CPG,0.12913015665522504,0.38988899976440333,0.22020427899790232,-0.7072614037335642,4,-0.4046376799942042,516.2,1.3,35.5
0.2327788161331635,0.3046581849465552,U8,MN8014,11.972145591884665,6.684248854978532,CPG,CPG,0.12190194670025803,0.36568557345662916,0.20003401003451501,-0.6672314075593987,5,-0.5031774629502088,602.6,1.8,32.0
0.23769474526686568,0.2973690368208016,U8,MN8014,10.83648889241629,7.806699689042999,CPG,CPG,0.11690635256046095,0.366351034371688,0.20767757951443938,-0.8123994592712619,7,-0.44462527282269537,540.7,1.2,31.4
0.24192569776252718,0.30652389683815806,U8,MN8014,10.010162598342681,6.8107559485338225,CPG,CPG,0.11802857001361984,0.3561026654091953,0.2177006505627819,-0.6773449121950917,5,-0.5236428763873588,565.2,0.5,33.5
0.22405483463146372,0.309829750403263,U8,MN8014,10.46746154785934,6.979233148695414,CPG,SSPG,0.12432939269732869,0.366317085290782,0.22755339930442356,-0.5964732954786609,3,-0.6219367507767481,560.6,0.8,29.7
0.20258602760454875,0.3067367555364825,U8,MN8014,9.308780111566376,8.169694011537548,CPG,CPG,0.12425851402307729,0.35283505196208487,0.2243761542898744,-0.6753993649652443,0,-0.5765250107269679,584.6,1.2,32.9
0.2106080980970147,0.30546578054468676,U8,MN8014,8.741812019736429,7.780454248673438,CPG,CPG,0.12013499105118547,0.37448215940127383,0.20211581082924446,-0.7421112022522632,7,-0.5328086160373209,604.5,0.7,33.9
0.21933039000082324,0.30657488736082217,U8,MN8014,8.89873388467388,7.041728631164222,CPG,SSPG,0.12946375592256493,0.36507147192314504,0.21723016913737292,-0.5762283111530256,0,-0.5630899171896937,595.8,0.3,33.5
0.2178011998100884,0.31206003120335873,U8,MN8014,9.04737436438942,7.1349566601406185,CPG,CPG,0.13028681896481092,0.35385572132446486,0.21157112519446375,-0.7636252327806359,0,-0.7634423834861588,672.7,0.1,33.7
0.210272850336234,0.30870665427396327,U8,MN8014,9.302077802523748,6.626283914065409,CPG,CPG,0.1296218377854495,0.36727755791290023,0.2126377051420221,-0.8121610465475787,1,-0.7717513007599868,594.2,0.2,32.4
0.20407735116781184,0.3192886337577987,U8,MN8014,8.782345988088343,7.205484154537581,CPG,SSPG,0.1340653653065494,0.37107125200011115,0.2185612334682373,-0.8469313623533561,5,-0.7351988068992261,661.5,0.0,36.1
0.20623162492785194,0.31682230691503954,U8,MN8014,8.828804124782778,6.087964273166488,CPG,SSPG,0.13047036678170626,0.3883818827592074,0.2143013858444882,-0.8863839833028109,0,-0.7163946054099277,633.1,0.1,35.9
0.20104989684113783,0.3170506708698716,U8,MN8014,9.035051664384433,6.281585040200367,CPG,SSPG,0.13679650196388377,0.3824780528357719,0.20098701043083853,-1.0428929377887217,1,-0.6983793928028277,671.2,0.4,37.4
0.209729115899139,0.3168724826515143,U8,MN8014,10.712288567978156,6.005949549592634,CPG,SSPG,0.12617150666136007,0.3808555024828194,0.20033931436688435,-1.0197062837993771,7,-0.8070563647307747,621.0,0.1,34.2
0.1971219954249669,0.32307554737139177,U8,MN8014,8.96545539663477,5.487872098771938,CPG,SSPG,0.12374026477334778,0.37200913482545234,0.2008195046227534,-1.0728478361366438,7,-0.725179909509821,697.3,0.0,36.2
0.19505315735596698,0.31516445996100306,U8,MN8014,9.006659818582943,5.2526340513006415,CPG,CPG,0.12561667190729475,0.362078770524578,0.20902142365889173,-0.8018978304226949,5,-0.8611063744841463,661.8,0.1,35.0
0.19234382667162078,0.3199055423667785,U8,MN8014,8.783093094931079,4.157822363516656,CPG,SSPG,0.13184479627560097,0.38456972683887847,0.23366555440043912,-0.7683052503689419,1,-0.7267002280868722,725.2,0.3,38.4
0.19622073736219267,0.3156127174772815,U8,MN8014,8.913220781791328,4.099279444082976,CPG,SSPG,0.12169662299043348,0.3729668429162428,0.20416446259486884,-0.9206777775445526,7,-0.766615561301335,708.3,0.2,37.1
0.20555502518714622,0.31008617439156144,U8,MN8014,9.06118978671477,4.26113293443346,CPG,CPG,0.12347395707980725,0.37186857200931256,0.20052400553897623,-0.8859673965416441,0,-0.7486336147848656,631.6,0.4,37.7
0.21350354112889786,0.3300079507225254,U8,MN8014,9.101545591307781,4.194310063713395,CPG,SSPG,0.12269510778991179,0.39474452133349064,0.2299017610025543,-0.9008132233840428,1,-0.7661480234500777,648.6,0.2,38.3
0.22283429754693268,0.3163662343923992,U8,MN8014,10.486210296829327,4.3230079469744895,CPG,CPG,0.12162389559811113,0.3904644592126846,0.202583164400323,-0.9804055024654444,6,-0.7833120315205226,673.7,0.8,39.0
0.22467212485957794,0.3138735356165029,U8,MN8014,10.153189255417606,4.000008735413721,CPG,SSPG,0.11877741723486954,0.3766982250720301,0.2032452203696071,-0.9064422517400214,1,-0.8179228416638749,662.6,0.8,37.0
0.21086459457711063,0.3141426830151391,U8,MN8014,8.887299869664119,4.260877876947399,CPG,CPG,0.11651185522513877,0.3809296038264933,0.2001227436662715,-0.8643064544160807,1,-0.7902047239868715,621.1,0.9,36.0
0.22114096582012455,0.31274447546757767,U8,MN8014,9.954675108045159,4.117090824097938,CPG,SSPG,0.10848454592111462,0.3794220630530675,0.2018835987143773,-0.9331718781609055,7,-0.7821215081956634,603.4,0.9,36.8
0.22273134710855688,0.31990385063227417,U8,MN8014,9.573011414714351,4.417072247927936,CPG,SSPG,0.10857419319470354,0.37429822139436686,0.20252260374209546,-0.8957115292356385,6,-0.8384867354045111,639.2,0.4,36.6
0.21268182089196416,0.29741465996641886,U8,MN8014,9.991250154724705,4.937851093000187,CPG,CPG,0.10537503147511873,0.37023668161913115,0.20392908591456077,-0.9180385570421754,1,-0.8111456959257879,617.6,0.6,34.3
0.22305423894152926,0.30819452445774376,U8,MN8014,9.96626754834794,4.229009112454244,CPG,SSPG,0.11341839404864149,0.3709031969382157,0.2021912235992968,-0.9115951316239187,2,-0.8965718262021527,630.0,1.1,34.4
0.21327068775352218,0.30258075013255525,U8,MN8014,9.680410853728443,4.428318289449922,CPG,SSPG,0.11455539502481421,0.3578545583671112,0.20064670275585908,-0.7595060694286005,4,-0.9361199923113759,621.9,0.3,34.5
0.21053592661680745,0.3065942969447217,U8,MN8014,11.205678623766095,4.052184628404143,CPG,SSPG,0.11743311509811451,0.36210937795918524,0.21880092191249342,-0.8368228136051361,0,-0.9411163920681407,696.0,0.2,34.1
0.21813517407256927,0.3044942400547298,U8,MN8014,11.244109890412684,4.18442132882947,CPG,SSPG,0.11278902668522724,0.36439327053112497,0.2000786209729365,-0.891155332636335,0,-1.0065056785961763,658.0,0.6,34.3
0.2131662961106482,0.3010210479572758,U8,MN8014,10.366275200597926,4.170463551126437,CPG,SSPG,0.11012670865753299,0.356813837487425,0.20202514946302863,-0.8497299337991912,5,-0.9465769516460991,632.1,0.6,31.4
0.21267842594008174,0.3037529335250987,U8,MN8014,10.11502585149205,4.000100228010895,CPG,SSPG,0.11057756610011088,0.35266448059250743,0.20301784560016845,-0.8071418824458678,4,-0.9624103474509234,664.9,0.4,32.1
0.20832811585010313,0.3040694734917504,U8,MN8014,10.902770411506289,4.49779412053429,CPG,SSPG,0.11370109855494982,0.350478755970235,0.2000037310121566,-0.7947082017717028,2,-0.9805595218863825,643.5,0.6,31.2
0.20440617597368432,0.30230328215696634,U8,MN8014,10.069233602797413,4.445836679896718,CPG,SSPG,0.10858331628439541,0.346375479579529,0.20388161031576768,-0.8155328354062249,0,-1.024183101132147,653.5,1.1,31.7
0.19895917041481906,0.30694439673963714,U8,MN8014,9.703831290412266,4.534740876151698,CPG,SSPG,0.10083876358245712,0.34596615847727935,0.2037145612756595,-0.8433271734348352,0,-1.0002588655315847,638.8,1.1,30.6
0.19658636892773085,0.3181142849192993,U8,MN8014,10.426226780313192,4.368231764105856,CPG,SSPG,0.10929167710660467,0.3550515370713513,0.2000071907611122,-0.9093444817839175,7,-1.0415826399136652,648.8,1.4,31.6
0.20428666450846455,0.31598389505683017,U8,MN8014,10.107915292853658,4.163462745183021,CPG,SSPG,0.10132130961870288,0.354353083059383,0.20789564905957322,-0.9309641818419837,3,-1.0735456314086553,657.1,1.0,29.5
0.20143744289944815,0.32028290229509937,U8,MN8014,10.877907936693438,4.228537716244311,CPG,SSPG,0.0983274316044077,0.35572505711341207,0.20616903996223973,-0.9484188087757119,7,-1.1042941841923826,684.7,1.0,30.6
0.20804504200282925,0.31339278855501196,U8,MN8014,10.967946436326262,4.5905851386308045,CPG,SSPG,0.09595504170035367,0.3583475445485449,0.20135399443895347,-0.9401081645111313,5,-1.114883938929121,648.5,0.9,31.2
0.2119548725996812,0.3286804589510247,U8,MN8014,11.472132267490068,4.020893488977438,CPG,SSPG,0.09635408554252473,0.3592220613034785,0.20142549312907057,-1.0026120725498915,2,-1.0359872721418153,659.2,1.4,30.4
0.21025974902288191,0.3247409603454455,U8,MN8014,11.161926042394638,4.00300751815652,CPG,SSPG,0.10084626306394248,0.3637555465981205,0.20178941307974016,-0.9923402302461355,4,-1.0550655645901852,617.8,1.6,30.7
0.2214687963838789,0.3238285182074574,U8,MN8014,11.378256724371438,4.551548742985356,CPG,SSPG,0.09990509987855642,0.35451819174378707,0.20066351777807448,-0.9523598879901631,5,-1.0358162742427535,594.3,0.6,30.3
0.21540108752364262,0.3169804501033019,U8,MN8014,12.039229497432887,4.211230232501856,CPG,SSPG,0.09889380731162176,0.3533560237563752,0.20000635621014998,-0.916985235320079,2,-1.117416567396246,616.6,1.1,29.1
0.2126891364391509,0.3295451531971783,U8,MN8014,9.860277031855826,4.167725027438167,CPG,SSPG,0.09523080381968388,0.3529112489087174,0.2054463421661695,-0.905816788007058,0,-1.0340695328232599,586.3,0.7,28.2
0.2058511003451589,0.3283044223479483,U8,MN8014,10.883397056891924,4.2465394584802105,CPG,SSPG,0.09447150787946183,0.3571051728982797,0.20991163095481635,-0.8833866470427199,0,-1.0314743706952942,593.6,1.1,27.8
0.22143858103824288,0.32489004094869184,U8,MN8014,11.670965355230447,4.414928715159563,CPG,SSPG,0.10016158371454113,0.3621680270422219,0.20000122333571835,-0.9273438262065151,3,-1.0201235034650784,559.5,1.3,29.9
0.21720220279470456,0.33077113786542445,U8,MN8014,11.581269444694613,4.208042176092596,CPG,SSPG,0.09454832283310838,0.36371855192412583,0.2000000089944309,-0.9091145732665993,6,-0.9991687042856174,557.2,1.7,28.9
0.22539119127084944,0.32902096995962793,U8,MN8014,12.030483470735158,4.028492578163809,CPG,SSPG,0.09612012517811305,0.359319965534441,0.20741035745603298,-0.9339868644753406,6,-1.0075392709900939,616.9,1.3,27.4
0.21973945589071367,0.33505086575202614,U8,MN8014,10.955497338223102,4.092081660719937,CPG,SSPG,0.10194537849757224,0.3664156643195129,0.20001015391507984,-0.9284238584861705,4,-0.996527846937008,552.7,2.2,28.5
0.21296678075926562,0.3409516255978068,U8,MN8014,10.997951243614672,4.837596166958878,CPG,SSPG,0.10078232879944174,0.364120035312271,0.20893106643902506,-0.950883211193688,7,-1.1058249216738245,591.6,2.2,29.2
0.209872250934064,0.3353774959704253,U8,MN8014,10.060018438226505,4.540988867873624,CPG,SSPG,0.10266108886674383,0.34825671249268414,0.20365911525774116,-1.0475097768513195,1,-1.044111139017108,641.0,2.1,27.9
0.20581302663423706,0.3384125564525207,U8,MN8014,11.005270874318555,4.993125944132711,CPG,SSPG,0.10280896485148655,0.3559811952976477,0.20003896233890925,-1.08857493000138,1,-1.1300087267949568,658.0,2.5,28.1
0.19869406858060243,0.34811785824038344,U8,MN8014,9.666424323840186,4.7616947742561155,CPG,SSPG,0.09863952005967472,0.34397482317905104,0.20039550730193423,-0.9927277551598471,5,-1.090730609736326,644.3,2.3,28.2
0.20161302412106827,0.34298601365114145,U8,MN8014,9.322756617625995,4.481266148029754,CPG,SSPG,0.10850555155432634,0.34868089087001236,0.2001405485556058,-0.9885473267309735,1,-1.0722298292223558,648.7,1.8,29.0
0.20397744721370184,0.3352452454302115,U8,MN8014,9.274718810068347,4.261526265723034,CPG,CPG,0.09914661240417184,0.33857926441019287,0.20657479641506757,-0.9334247728800487,6,-1.0790329856065526,675.0,1.8,28.0
0.19850813556106006,0.3377929904453691,U8,MN8014,10.206607481851936,4.357598223204247,CPG,SSPG,0.09913939895771258,0.34451553432455684,0.2000067719086934,-0.9608963633953072,5,-1.12283045634892,649.6,2.0,27.9
0.20651555707406166,0.3389519392726421,U8,MN8014,10.028442587217908,4.454091073170071,CPG,SSPG,0.09571504983826146,0.3383449541892528,0.20193778381804628,-0.8788156226640358,0,-1.1223743035965983,638.1,1.7,26.5
0.2080068064296272,0.3392786709828837,U8,MN8014,9.632442703382738,4.358758446655465,CPG,SSPG,0.09650811728385317,0.34095886717219803,0.20081498443970514,-0.9323091188140014,6,-1.0810419267717855,636.9,2.2,27.5
0.20933910516952645,0.3365170403275149,U8,MN8014,9.913489046980034,4.502670143661121,CPG,SSPG,0.09101733939127396,0.3454343446905928,0.20230846633513896,-0.9411705899502281,4,-1.0709640213526361,624.3,2.0,25.8
0.2028824717423483,0.3463575436141843,U8,MN8014,9.581384336244735,4.351082470848191,CPG,SSPG,0.09351955355894112,0.3515369591667856,0.20033331947058547,-1.0209849575076184,5,-1.0542871322117708,638.9,2.4,27.1
0.20478116048385367,0.34192724486013715,U8,MN8014,10.516836667563613,4.2775841265967305,CPG,CPG,0.09544150086349659,0.35566972519696843,0.2002949724175062,-1.0583237445375984,7,-1.0640332539071542,668.6,2.5,29.1
0.20343787247539855,0.3381677096082499,U8,MN8014,10.130738259762726,5.11726359324402,CPG,SSPG,0.09989709943380617,0.3485776093351756,0.20115447083187496,-1.0700431945406093,1,-1.0972155185880785,697.1,3.0,28.4
0.19751185700505863,0.3371051194759632,U8,MN8014,10.117346425482637,4.1785101266087885,CPG,SSPG,0.09925187397174062,0.34142714432022897,0.20005602481914864,-0.9723837648258238,7,-1.1408455326282025,725.6,2.8,29.4
0.20345456835989872,0.3363566397372185,U8,MN8014,10.70462811675964,4.491836949357893,CPG,SSPG,0.09970417866518025,0.34122638189842674,0.20019808272719744,-1.081763966378393,3,-1.1202630250529966,701.2,2.9,28.1
0.20370736829988262,0.3368118680607703,U8,MN8014,10.549578910135875,4.2867476338485355,CPG,CPG,0.10245396988584415,0.33880704017938473,0.20015007048612796,-1.0639357548444885,0,-1.1305801518404923,733.1,2.8,28.3
0.1963418682534985,0.3400971180326441,U8,MN8014,9.976539519492407,4.045814307335097,CPG,SSPG,0.09902802447696965,0.3430373391721485,0.2021591310186214,-0.9976020859734096,0,-1.1524663936273223,759.0,3.0,31.1
0.2003055586511398,0.3371754879431466,U8,MN8014,10.021489664649678,4.0009536787990205,CPG,SSPG,0.09880419598616602,0.3457103790571749,0.20065474772718603,-1.0174322526895596,7,-1.1445862718760909,729.9,2.8,30.3
0.2056817533701068,0.3290090661404509,U8,MN8014,10.253407818183499,4.00096197085158,CPG,SSPG,0.10404178741124465,0.33557278483126696,0.2001372008284198,-0.9521983322945811,1,-1.1186059938891644,707.1,2.4,29.2
0.20444652765056273,0.3323181782395282,U8,MN8014,11.172182973538709,4.005585353027223,CPG,SSPG,0.10297785655376676,0.33604064290478686,0.2008238338628778,-0.9506589140363547,7,-1.2326739919589063,768.6,2.7,31.3
0.20722713801619325,0.3389802198957128,U8,MN8014,11.572484371403405,4.000656100490809,CPG,SSPG,0.10299146818429103,0.34871152294065066,0.20074234151837392,-1.0028296076726697,3,-1.1243414138076302,734.7,3.0,31.4
0.21020647485122246,0.33629948606827215,U8,MN8014,11.522234266965903,4.033120434709969,CPG,SSPG,0.10090806274596231,0.33932189501513876,0.20056852918182888,-1.0302334152293449,5,-1.1576270776527435,767.6,2.4,31.4
0.21319341544153125,0.3476169040323882,U8,MN8014,11.412312999702516,4.000314862458727,CPG,SSPG,0.09810897827819229,0.3380958089479386,0.20008217321976934,-1.0723758358641144,5,-1.19883775094962,734.6,2.8,29.6
0.21299446703714942,0.339055192028816,U8,MN8014,11.654712632651684,4.3370006627762585,CPG,CPG,0.10284671546633134,0.33424697338846265,0.20039097438388614,-0.9291141980708615,2,-1.0914705480797426,737.0,2.7,31.4
0.2145500471109127,0.33759067188657654,U8,MN8014,11.38267076263968,4.183168247907496,CPG,SSPG,0.09706799056798929,0.33277791298056153,0.20109971242324698,-0.9925761896395947,2,-1.167821255377305,709.2,1.9,30.0
0.21390398263875282,0.3324636265490332,U8,MN8014,12.018916851686713,4.166768828231064,CPG,SSPG,0.09893542297729577,0.341703683753397,0.202985100510689,-0.9595014329193454,2,-1.2179458406871824,715.2,2.0,31.7
0.21121899657830392,0.33568523962414,U8,MN8014,11.958717562195847,4.3617915228499085,CPG,SSPG,0.09639077225120578,0.334215562270555,0.20008309722356277,-0.9740600783097022,7,-1.1835891961260518,722.4,2.1,31.2
0.21524449026910242,0.33352883689063406,U8,MN8014,12.739179514187873,4.333607853869171,CPG,CPG,0.0959783895788747,0.3341142877390639,0.20002886097540504,-0.9704433391843588,2,-1.140562145152928,729.6,1.8,31.2
0.20593232013010526,0.3445940874365452,U8,MN8014,11.980964611187261,4.010515285930201,CPG,SSPG,0.09850957485610765,0.34735399655513977,0.20000024108305067,-1.026985944059832,3,-1.2225995994246581,701.5,2.4,30.5
0.20260557267625182,0.3429509503804138,U8,MN8014,12.52674197646657,4.015015623567996,CPG,SSPG,0.10280287457926121,0.33394442206364605,0.20028660326649733,-0.94339032756018,5,-1.1764539141841404,751.1,2.1,30.8
0.20604701140575254,0.33921170583565746,U8,MN8014,12.365381362897663,4.31898388274579,CPG,CPG,0.10456944856907247,0.3436268107889664,0.20140071777635912,-1.0246737281614962,5,-1.1803119217431233,753.5,3.4,31.1
0.1970685284201028,0.3452987736917006,U8,MN8014,12.229275767398454,4.012223393358366,CPG,SSPG,0.10566971754386706,0.33523911446564447,0.20281548679745512,-0.9483252754313067,1,-1.1658519974415098,759.8,2.9,31.2
0.19914041406171365,0.34542924053182034,U8,MN8014,11.743835551321263,4.070159405930053,CPG,SSPG,0.1105693399732107,0.3432431030883304,0.20500863021570936,-1.0401247398384823,7,-1.12589844151782,776.0,2.9,31.4
0.19349549487253628,0.34561007883740047,U8,MN8014,10.54485097163441,4.014270211682457,CPG,SSPG,0.10347739256756064,0.3355045477240242,0.20169946546611733,-0.9915920020962574,1,-1.1562469355326268,808.4,2.9,31.7
0.20042752383684476,0.3453164842922469,U8,MN8014,10.994127543260607,4.027128248500963,CPG,SSPG,0.10349899547525318,0.3397261856465719,0.20829860664663946,-0.9878197652497447,7,-1.2314130910203192,761.7,2.8,30.3
0.20219798481022114,0.3499943974636302,U8,MN8014,11.851326198027778,4.029213084100549,CPG,SSPG,0.10770545261768122,0.35132738996792995,0.21472188686728663,-1.0166558484059136,7,-1.1347791577431785,799.4,3.3,33.1
0.19479961913519087,0.34769267944237775,U8,MN8014,11.182030176243508,4.013997490257239,CPG,SSPG,0.10327184717324103,0.3509114955477147,0.2162053300600263,-1.0244337852674603,5,-1.1918678540940864,798.4,3.1,31.9
0.1968368511093583,0.3482118140620296,U8,MN8014,11.021369298223412,4.003457308706454,CPG,SSPG,0.0987583625829607,0.3381220193635325,0.21482186055205738,-0.9654136116107805,2,-1.1947962936557488,790.8,3.1,30.2
0.20852911157320125,0.3461092420100239,U8,MN8014,12.17882593326275,4.007869428389917,CPG,SSPG,0.10570418561182379,0.34202837082496074,0.20826095342172024,-0.9760725559512522,3,-1.16699703489361,788.6,2.5,31.7
0.20600847149989449,0.34749541647860793,U8,MN8014,11.882100567206217,4.204371482620778,CPG,SSPG,0.09891853939018769,0.33869138415791605,0.20804162745266602,-0.9951654843044576,2,-1.197303223573754,778.8,2.3,30.8
0.19983768387351003,0.33934984646428773,U8,MN8014,12.035945696777945,4.003580323081969,CPG,SSPG,0.09876669002603902,0.3372797621339577,0.20459994548942143,-1.03367859732208,7,-1.2887243720565031,806.7,2.6,31.1
0.1963603602243838,0.3453522751731745,U8,MN8014,11.301239919276782,4.030677100951484,CPG,SSPG,0.09788183850569412,0.33128302157446227,0.2018944493968402,-1.01833358237573,6,-1.2029418882671123,784.8,2.6,29.3
0.18442884668310822,0.34241907307887187,U8,MN8014,11.362880190402517,4.028597891576048,CPG,SSPG,0.0961776922929789,0.3269319084901868,0.2000077067660758,-1.0923238614103132,5,-1.2040395196828175,775.3,2.7,28.6
0.18933097059661094,0.3415922867487983,U8,MN8014,10.962881620921067,4.012712122927185,CPG,SSPG,0.09832616467227606,0.32637044351392996,0.20007938911714723,-1.0971507381281693,5,-1.2488054156192314,799.6,3.0,28.3
0.19406811525882386,0.3410249848816126,U8,MN8014,11.238813722751512,4.001302019922353,CPG,SSPG,0.10032008354094413,0.33227485883197955,0.20197645735668265,-1.142477003361705,4,-1.2330887272992923,781.3,2.7,28.6
0.196030336920774,0.34053598066917906,U8,MN8014,10.827426895962729,4.0138040461354425,CPG,SSPG,0.09945126111425885,0.3387121533387919,0.20116257595472992,-1.0568778535462573,4,-1.145754859811979,789.2,2.9,29.1
0.19058319078122712,0.3422432078241492,U8,MN8014,10.33939394437859,4.002386183842685,CPG,SSPG,0.10140601231741797,0.3231168362031329,0.200019420973522,-1.0486205433648617,7,-1.1979457376579719,805.4,2.7,27.6
0.1963445829689826,0.34116458294241603,U8,MN8014,11.199233328372532,4.032750424539403,CPG,SSPG,0.10210005780254489,0.3218479339642162,0.20168573926468847,-1.037804869010683,5,-1.2682642414721865,813.0,2.3,28.5
0.20408814733008376,0.3385703666727996,U8,MN8014,11.689202398446582,4.03140869931915,CPG,SSPG,0.10143956229156997,0.3260544819319704,0.20078380735002607,-1.0688940785155505,7,-1.2463939932374508,806.6,2.1,27.5
0.19919479925790712,0.34225468116357455,U8,MN8014,10.973954400113907,4.0353879477931525,CPG,SSPG,0.10416354844375424,0.34122246184836724,0.20050584257016832,-1.1025166145401402,0,-1.188841398867809,807.5,2.6,30.3
0.20067480355010486,0.3426864267665896,U8,MN8014,12.001469653585309,4.010315869860682,CPG,SSPG,0.09873185166999976,0.3237680388695441,0.20001657319780178,-0.9794559233265003,5,-1.2666221137507438,817.1,1.9,29.8
0.192281133384913,0.3376074111516164,U8,MN8014,11.510116325436364,4.219295217468477,CPG,SSPG,0.10441511817399345,0.3262930397996705,0.2002627712127041,-1.0322685902240232,1,-1.2548356758631964,822.4,2.1,29.8
0.20080953268482243,0.34087512363222305,U8,MN8014,12.451716546307823,4.191506960790094,CPG,SSPG,0.10507195791140583,0.32775318819092036,0.20073568057416466,-1.0563875632027986,4,-1.2725829616566422,792.1,2.1,29.3
0.19617699012367862,0.34566497423310977,U8,MN8014,11.440410665584857,4.3954227879851455,CPG,SSPG,0.10532932628124483,0.3279373493258773,0.20065322388132803,-1.0157383151168893,6,-1.2706251821357082,824.5,2.2,30.0
0.19442469831021933,0.3475113835268217,U8,MN8014,12.022351200470457,4.329451905894748,CPG,CPG,0.10631685893806468,0.32083574362679507,0.20004091639371493,-1.0819404070970025,0,-1.2214163693096953,846.2,2.3,29.6
0.19742837864264806,0.3357281228886051,U8,MN8014,12.649095912180535,4.020492550778113,CPG,SSPG,0.10945179806893955,0.32424595297428044,0.20001546329040004,-1.0426440978203844,6,-1.2567083451699474,835.0,2.0,29.9
0.19655374193469202,0.3421266318768641,U8,MN8014,11.927453689432149,4.216782496902781,CPG,SSPG,0.10847143205234927,0.3279588009524726,0.20002151274094296,-1.064539807798482,3,-1.2571739724671387,833.4,2.4,29.8
0.196043850370224,0.3378890826914102,U8,MN8014,11.465034141679254,4.244670369388079,CPG,SSPG,0.11052299248381184,0.32481166136360684,0.20094035010884959,-1.053272918851404,4,-1.2347923921198563,836.7,2.3,29.2
0.19545745735981637,0.34575514707964816,U8,MN8014,11.575805360018794,4.220663119871349,CPG,SSPG,0.10834465401425261,0.33171859830366346,0.20034979649924753,-1.0486276875547405,4,-1.1804818577447662,838.2,2.7,30.9
0.19733428287082042,0.3438481810487951,U8,MN8014,11.38662142330494,4.222012114983611,CPG,SSPG,0.11347346262139744,0.33863278143140624,0.20186181615050855,-1.0488901703106484,7,-1.2512871245303652,825.4,2.5,31.8
0.19350795725211695,0.3448579489293575,U8,MN8014,11.195596169155557,4.300294104126385,CPG,CPG,0.11109542844407966,0.3334440244683997,0.2004852208298341,-1.0665917889068766,7,-1.2213169284787977,816.1,2.4,30.5
0.18768467545693432,0.3470197874569874,U8,MN8014,11.026336041005356,4.378505549870301,CPG,SSPG,0.1104311537434769,0.33318416553545865,0.20000000208373211,-1.1120118352938626,0,-1.2704385133431728,843.2,3.0,30.8
0.18640142457273134,0.34443552992792026,U8,MN8014,12.04247829389545,4.400394571832901,CPG,SSPG,0.11307521144267703,0.3334102618746883,0.20050226270986823,-1.1026130579696547,1,-1.3066394807716808,858.3,2.9,31.4
0.19442624736294342,0.34934625880287207,U8,MN8014,11.966356651017168,4.406022716602832,CPG,SSPG,0.11323890190287031,0.3460521356095186,0.20114561505963463,-1.0806758615448375,6,-1.2135322019122992,809.7,3.1,32.0
0.1993491665351664,0.34657232129952564,U8,MN8014,12.953699764737376,4.248042305431012,CPG,SSPG,0.11154148352548857,0.341709851137595,0.20353925311493726,-1.0661375747333444,7,-1.2469389786709364,807.5,2.8,31.8
0.19384995748198958,0.34606005159414543,U8,MN8014,12.393127082926993,4.306277646357106,CPG,CPG,0.1101342426403363,0.3319819445456563,0.20267979264975416,-1.0553040658431558,7,-1.2263312463473035,843.6,3.1,31.2
0.19962641770746176,0.34686600097867115,U8,MN8014,12.838039746529287,4.442111736791108,CPG,SSPG,0.10767395969432,0.3356324552359817,0.2006876794041385,-1.0885591826471062,7,-1.2476252115466355,846.5,2.7,31.2
0.19883115895949627,0.3476165188803247,U8,MN8014,12.370963178856316,4.400494778904572,CPG,SSPG,0.11029865352716989,0.33948146293796916,0.2003684098141949,-1.0541928242621168,1,-1.2411336120042247,828.1,2.7,31.5
0.19464807393120828,0.34867592287700366,U8,MN8014,12.166440721756457,4.646501573564422,CPG,SSPG,0.1119825688604976,0.337240058713532,0.20086171311968518,-1.082935774514793,3,-1.1967167049235972,872.5,3.3,32.7
0.19925081732135186,0.3458699804889759,U8,MN8014,12.668751194367,4.353611301392518,CPG,SSPG,0.11488960715487041,0.33803893022531606,0.20293981095194535,-1.1056498161955257,1,-1.2131506437792403,817.5,2.9,31.7
0.19735231340203657,0.3427457741987031,U8,MN8014,12.661978463643434,4.21840225563743,CPG,SSPG,0.11066770680523225,0.3382771464478558,0.20682993516665754,-1.1281899397502406,1,-1.2122318373469927,837.3,2.9,31.9
0.19633016366336498,0.34514867423884765,U8,MN8014,12.49956088918125,4.422379612561367,CPG,SSPG,0.11358624000374788,0.3424062751053086,0.2013273547492951,-1.054285456994689,7,-1.279223207619264,809.1,2.9,32.1
0.19428961204405878,0.34051980528062264,U8,MN8014,12.446570899051506,4.198524913786426,CPG,SSPG,0.11509557597671567,0.34126226233067664,0.2018211046695645,-1.090173042408583,6,-1.2444012547075296,848.0,3.0,32.7
0.19292434871921227,0.3459843077155175,U8,MN8014,13.079114830705933,4.364844256381445,CPG,SSPG,0.11275634055138378,0.3327952071877281,0.2003740131303478,-1.0714478395946498,4,-1.304812669817169,870.1,3.1,32.4
0.1907465736155271,0.34254800151987036,U8,MN8014,13.34545354538544,4.2116908547034155,CPG,SSPG,0.11164526753173087,0.3385205464884013,0.20090377599689016,-1.108824338100272,1,-1.2551684348563263,860.5,3.4,32.8
0.19638887706178615,0.3422948911834803,U8,MN8014,13.66149299400145,4.29987507726598,CPG,CPG,0.1109426051846411,0.34077649273301047,0.20000334369675232,-1.1071982623950296,2,-1.2510160070016632,834.0,3.0,32.5
0.19210679616724424,0.34464826503784013,U8,MN8014,13.625344597330283,4.01399369964139,CPG,SSPG,0.10870687107860141,0.335286689835475,0.20050172633546903,-1.0564653840313518,5,-1.2544068351839552,849.2,2.7,32.2
0.19059706352005976,0.3408473739501521,U8,MN8014,13.41371714357424,4.02965339567278,CPG,SSPG,0.10956471928891776,0.336095941205787,0.2008868259815546,-1.1076501098053166,6,-1.2701077428371779,852.5,3.3,32.3
0.18948126528143272,0.34423474115543995,U8,MN8014,13.73179579636474,4.007591364512211,CPG,SSPG,0.10595087924133965,0.33241482273298734,0.20265276148268024,-1.1653089891893373,5,-1.2762411850400266,887.2,3.2,32.4
0.18582916080952191,0.34682021308266814,U8,MN8014,13.289218970690586,4.027677980504345,CPG,SSPG,0.10922866898915468,0.32873594305036136,0.20177230140814967,-1.1145904466837468,0,-1.3038490169269341,908.7,3.6,32.7
0.17928089227138908,0.3477160752523897,U8,MN8014,13.216041239002909,4.011625800266527,CPG,SSPG,0.11050852254755655,0.3302567437928952,0.20663820797431312,-1.0869230740337135,2,-1.2381782276027753,931.4,3.9,33.7
0.187676672019249,0.3460695522920108,U8,MN8014,13.678611996761108,4.00899367992344,CPG,SSPG,0.10732294156242425,0.3278823148449357,0.20420552098181805,-1.0364018433163096,4,-1.3035364181083011,921.1,3.6,33.6
0.19499529546427352,0.3461753246439925,U8,MN8014,14.014295257668378,4.013390309565359,CPG,SSPG,0.10390059749705563,0.3306646648939538,0.20093299777819618,-1.0649158190385153,0,-1.2716065806177816,893.0,3.3,32.9
0.19504588278983775,0.34531018451443146,U8,MN8014,13.823086596663183,4.007406660404554,CPG,SSPG,0.10633543411354524,0.32558426052957407,0.20026635736831538,-0.9999086115444517,0,-1.2612358672068833,884.9,3.3,33.6
0.19821884945381152,0.3451372820454174,U8,MN8014,14.252774534616677,4.017179987476878,CPG,SSPG,0.10368912159771514,0.3344517002134686,0.2053358432610939,-1.0285061304699474,5,-1.2866719338827242,871.9,3.7,33.4
0.19930408099562472,0.3433310561409728,U8,MN8014,13.660583524394616,4.015521698172615,CPG,SSPG,0.10028142394002604,0.3351425211842742,0.20890449364857433,-1.0761180960103964,2,-1.2515653858138407,853.0,3.3,31.4
0.2037514369979567,0.3464536282912745,U8,MN8014,14.309163553342037,4.039647186313972,CPG,SSPG,0.10000997054271331,0.34146256277711157,0.22002107633668205,-1.0403744033441482,2,-1.1786766383339415,870.6,3.6,34.1
0.202844986321079,0.34213150896266165,U8,MN8014,13.902912736748661,4.04034788017021,CPG,SSPG,0.10006503150020446,0.33110409268779845,0.2083133694553879,-1.0111206156117118,4,-1.287410796600577,873.7,3.0,33.7
0.20622258149832265,0.3460334142410491,U8,MN8014,13.648945108992889,4.020129771518203,CPG,SSPG,0.10310347872893855,0.33615506022446157,0.20460391190985872,-1.0071291501174389,3,-1.2795583023281,870.6,3.2,34.5
0.2078469929925419,0.3483951445110012,U8,MN8014,13.609674929261335,4.002020024274599,CPG,SSPG,0.10311980046748104,0.33624038976174164,0.2062666873621518,-1.046267906751911,7,-1.273939653508947,841.2,3.2,32.6
0.20361869760400095,0.3465351115097263,U8,MN8014,13.468275382163556,4.011015172407375,CPG,SSPG,0.10235657532519046,0.3334970415284762,0.20416625326971474,-1.091153703528336,5,-1.2792433506213605,895.5,3.7,33.6
0.2011366013456951,0.3454301941361315,U8,MN8014,13.726413543551757,4.0096498325245395,CPG,SSPG,0.10434194061446198,0.3342652079143244,0.2060242243130129,-1.0370850714184359,1,-1.3156235319904361,894.3,3.4,34.1
0.20088600204815846,0.3439941860505365,U8,MN8014,13.195265948252091,4.000027144901928,CPG,SSPG,0.10591731845615947,0.3342504161261656,0.20272650249588198,-1.0492294095837758,7,-1.3020651206164686,870.3,3.4,33.4
0.20429408009956437,0.34387091730193753,U8,MN8014,13.726135364433368,4.003253100713683,CPG,SSPG,0.10687652390245309,0.33353051522260124,0.20064929934556225,-1.021047687302814,7,-1.3303483378225422,886.4,3.4,34.3
0.20339192530621558,0.34328037980070203,U8,MN8014,13.58715476456031,4.006691355417354,CPG,SSPG,0.10927717297362,0.3339227199109907,0.2008254411122988,-0.9984911315041306,0,-1.3006162332312918,868.3,3.1,35.3
0.2018302249570797,0.34275447648633917,U8,MN8014,13.520578652178353,4.002479535706883,CPG,SSPG,0.10972787481356486,0.3322423802873166,0.20228015787309195,-1.0126235128346583,5,-1.2800698966847808,908.9,3.4,35.3
0.20527679078847658,0.3440546693482742,U8,MN8014,13.660238878300328,4.0017318453580115,CPG,SSPG,0.11099123816213322,0.33549660021920147,0.20125255112614315,-1.0021973312649632,2,-1.312809693075046,876.9,3.1,36.2
0.19934569070171548,0.3459544955698447,U8,MN8014,13.722281627056207,4.000453255675343,CPG,SSPG,0.11051551147957259,0.329600667638383,0.20073778069240214,-0.9907742385973144,2,-1.3424530749199342,901.5,3.4,35.6
0.19878966191954725,0.34725136489368214,U8,MN8014,13.744824216699707,4.024950408478374,CPG,SSPG,0.110906946619582,0.3353910713154549,0.20506409626144748,-0.9963150201636313,0,-1.3166856964905413,897.0,3.6,36.0
0.20244424379591933,0.34575885490253633,U8,MN8014,13.673672169130333,4.000578666493294,CPG,SSPG,0.11228591084514056,0.3367976221892718,0.20643706450324165,-0.9565930098815543,6,-1.303227402669096,888.4,3.3,36.4
0.20029448250106835,0.347464906721129,U8,MN8014,14.20292803397644,4.000065558763159,CPG,SSPG,0.11171571721005297,0.33697187661966743,0.2077587468287505,-1.0095878066693385,6,-1.3040132532385087,902.4,3.6,35.7
0.20100315028183727,0.34729189185006853,U8,MN8014,14.272875742083526,4.016260912758709,CPG,SSPG,0.11067008690037165,0.33730485292371365,0.2124599722211835,-0.9775496310255699,0,-1.2718415684394753,896.4,3.4,36.3
0.20032582835739338,0.3456514713058235,U8,MN8014,13.899664171911942,4.039784168134366,CPG,SSPG,0.10837764212365394,0.3338813206797251,0.20813541067724142,-0.9993284269172775,0,-1.346860331076126,914.6,3.4,35.7
0.20204078785098856,0.34593005262899046,U8,MN8014,14.31228686943498,4.02125968884027,CPG,SSPG,0.11073886472223936,0.3335723591454155,0.20158047267394094,-1.0213010092217445,7,-1.3557144843715552,928.7,3.5,37.1
0.1985963823107065,0.3474115742781885,U8,MN8014,14.329100186355804,4.019601110156549,CPG,SSPG,0.11266419753895508,0.334045165226841,0.20040139486816422,-1.0125344607010591,5,-1.383728833227476,941.1,3.7,37.3
0.20046470186281212,0.34698521922399017,U8,MN8014,13.68510407949645,4.017116915550814,CPG,SSPG,0.11230711110285646,0.33215588975324406,0.20004890812287507,-1.007711114667958,5,-1.3223174225838203,919.6,3.3,36.7
0.2002094822898931,0.34374249469238544,U8,MN8014,13.925357365576767,4.004015677246692,CPG,SSPG,0.11171939523740973,0.3247772893363368,0.20291842314057557,-1.0230963997834994,4,-1.3593223141558486,935.8,3.1,36.1
0.20289679947864867,0.34272985795430594,U8,MN8014,13.995229231977184,4.000207305032209,CPG,SSPG,0.10830859811230052,0.33144697409546714,0.2039260191107075,-1.0107329987295102,7,-1.3276002887881546,918.0,2.9,36.3
0.1960527292328484,0.3446815993990822,U8,MN8014,14.116130697213999,4.022247289886039,CPG,SSPG,0.10971656656115264,0.3268412871532898,0.20193402080469738,-1.0351183324385806,5,-1.3370187449448991,967.3,3.1,37.0
0.20439764365060348,0.34691978538608753,U8,MN8014,14.053974805386702,4.000588561680848,CPG,SSPG,0.1098557167489953,0.3309668515760672,0.20388393752083586,-0.9994319931653103,4,-1.295167921423463,899.7,2.9,35.3
0.19525838036138848,0.34586907210333684,U8,MN8014,14.492345507288395,4.029650260340935,CPG,SSPG,0.11139379055914632,0.3301697849678324,0.20410399299109833,-1.021215762799415,0,-1.344977890252892,956.5,3.6,37.0
0.19930263098344275,0.3481360596688161,U8,MN8014,14.218223451230228,4.006914460116468,CPG,SSPG,0.10658791809441565,0.3305242610803276,0.20445424914011587,-1.012038569881317,5,-1.3574132606903255,944.0,3.0,36.3
0.1976465351616108,0.34617968201273885,U8,MN8014,13.95507472480829,4.048925876531743,CPG,SSPG,0.10118462523768537,0.3308275796698347,0.2055053010192488,-1.0547430243568685,6,-1.2999005117378903,947.9,3.4,35.9
0.19687658823899123,0.3495025010383549,U8,MN8014,14.052746149835977,4.025822030276199,CPG,SSPG,0.10017291891696456,0.33096462592518866,0.20008438475911622,-1.073438436083908,0,-1.3314513011230815,961.8,3.5,35.7
0.19929118899874365,0.34720852748082676,U8,MN8014,13.610303007990357,4.03218647480086,CPG,SSPG,0.10240321544572788,0.3315570914100182,0.20269196491748145,-1.0520490986606141,6,-1.3338151155770763,940.8,3.4,36.0
0.19432594632097355,0.3476211747284391,U8,MN8014,13.668930568059183,4.16727973699221,CPG,SSPG,0.09839931663309956,0.32833105778658284,0.2008408160503524,-1.0332360352758394,5,-1.3631630453565329,959.6,3.4,36.2
0.18890377002185305,0.3486937205119223,U8,MN8014,14.141707786050596,4.001242192237802,CPG,SSPG,0.10312987223323539,0.3284794498894431,0.20054035960753416,-1.0101217426370588,4,-1.2920209665751763,978.9,4.0,37.4
0.19145996995258252,0.3452680533525739,U8,MN8014,14.46020518664585,4.000009735606474,CPG,SSPG,0.09764798753267917,0.3249673960921325,0.20078963001686922,-1.0498243217729963,6,-1.384185634543611,965.1,3.8,36.0
0.19473567493091987,0.34630249845498284,U8,MN8014,14.307330786699547,4.026221728277308,CPG,SSPG,0.09348854532875606,0.3261962883061374,0.20026307257996762,-1.089219158521301,1,-1.395227434409902,981.8,3.8,35.9
0.2013374481692982,0.34712189246988306,U8,MN8014,15.063513129476187,4.00069469277803,CPG,SSPG,0.09693591966899541,0.335592483054447,0.2008044744826796,-1.076508796774621,4,-1.358926376740671,980.6,3.8,37.9
0.19158848941953574,0.34542259524370567,U8,MN8014,13.70809317880197,4.002124433706711,CPG,SSPG,0.09977797056170135,0.3322268290639136,0.20072207904132572,-1.073689481244944,0,-1.363914280920845,987.0,4.0,37.3
0.19827432571574988,0.3419320281888326,U8,MN8014,14.54741935374765,4.006378694872805,CPG,SSPG,0.10209616728267698,0.3317871951864249,0.20089789288737642,-1.0377083481266407,6,-1.4111087499097064,984.6,3.5,38.2
0.19875257000524993,0.3416711758721612,U8,MN8014,14.87272135717212,4.000410604178785,CPG,SSPG,0.10210449829150252,0.33058237746569136,0.20182876247068413,-0.9892266684575908,1,-1.358335990337034,978.5,3.7,37.6
0.1960660072573723,0.34147110841018735,U8,MN8014,15.035984412902986,4.005597809278509,CPG,SSPG,0.10551999741994565,0.33692717190600174,0.20027070551395196,-1.0094768962883989,5,-1.353229005616413,984.2,3.7,39.1
0.2016750511007322,0.341946899137215,U8,MN8014,16.076283536956524,4.006031505026114,WPG,SSPG,0.0983837031176964,0.33620007561712406,0.20008844628978326,-1.0064634765273004,3,-1.457753022722592,991.8,3.5,40.0
0.19833970942823959,0.33690795535640305,U8,MN8014,15.316147982325457,4.0048305961972925,CPG,SSPG,0.10097502311355487,0.3303340504104666,0.20014499892461476,-1.0678984973383772,2,-1.3621604717368179,994.5,3.1,38.9
0.20083336756287354,0.33214598457117483,U8,MN8014,15.539038625777993,4.033914817389257,CPG,SSPG,0.10046831952761556,0.33362754499481956,0.20011462062854557,-1.0514591745159214,3,-1.341974115443934,993.1,3.1,40.3
0.19406684718158257,0.33367718906997307,U8,MN8014,14.907665855380959,4.0062038831979585,CPG,SSPG,0.109830827081264,0.33663085980253743,0.2001212653544481,-1.034754549311602,1,-1.397014477800404,978.3,3.0,40.2
0.19510719374029772,0.33486444971533774,U8,MN8014,14.520720152442234,4.001610888055566,CPG,SSPG,0.10456578805660625,0.3415637359191137,0.20269310613363775,-1.110246045029084,2,-1.3448944276360564,949.8,3.0,37.9
0.19839799086283222,0.32991421258966985,U8,MN8014,14.983511831115022,4.000816327670799,CPG,SSPG,0.1067824962160919,0.33924681485918073,0.2000390777254519,-1.052478908612778,3,-1.36492954803931,963.1,2.8,39.0
0.19848960237981672,0.33180347638161556,U8,MN8014,15.176976925752445,4.030667034498226,WPG,SSPG,0.10696261902481105,0.3319144051915627,0.2034910130234499,-1.029899319893112,6,-1.326244397848841,963.4,2.6,38.7
0.20160586175794548,0.3385767402837083,U8,MN8014,15.167835477475291,4.002212746364601,WPG,SSPG,0.1062580476601824,0.33495014561189035,0.2000705806310584,-1.0151699486619568,6,-1.3362210568256074,969.8,3.0,38.7
0.19556093373642708,0.3343377189623053,U8,MN8014,14.920474510850681,4.001482849922725,CPG,SSPG,0.10355347534888414,0.33632700478083405,0.20000404988716153,-1.05699987841228,1,-1.369476313530459,971.4,3.0,38.2
0.1989868984690717,0.33363944250635186,U8,MN8014,15.211859156503316,4.007907706570478,WPG,SSPG,0.10332932040389625,0.32914379125566695,0.20149799427713092,-1.0467295456738823,4,-1.3769731448560858,983.2,3.0,38.2
0.2014667819119124,0.33348217422194126,U8,MN8014,15.247188538043332,4.000793584694188,WPG,SSPG,0.10310699739099208,0.33178304143550386,0.20003842359003499,-1.0857032905214454,6,-1.3601901535941767,979.8,2.7,38.3
0.20100564239063234,0.3291573078878366,U8,MN8014,15.176218418760142,4.0381988112971925,WPG,SSPG,0.10552492491624088,0.33693058973641865,0.20028890683413314,-1.071212920886925,3,-1.3592855211823665,963.3,2.8,38.1
0.20375797839425597,0.3335795288925092,U8,MN8014,15.643080259326005,4.0193756860151835,CPG,SSPG,0.10513491462285278,0.3338522044993311,0.20004070205680385,-1.0527984995778628,7,-1.367379272727499,969.7,2.9,38.2
0.20508305244366892,0.33006132097327245,U8,MN8014,15.028745938173461,4.005276271432997,CPG,SSPG,0.10321772800917997,0.32862956166562346,0.20061456807507577,-1.0582570225774064,2,-1.3668669913340548,976.9,2.6,37.8
0.20069278537777743,0.33216077634920116,U8,MN8014,15.107598566255232,4.004671295133149,CPG,SSPG,0.10493770943576894,0.3299401140373195,0.20027185687360552,-1.0374967332778269,3,-1.3936926383474528,983.2,2.8,38.0
0.20304174478844203,0.3354408889447284,U8,MN8014,14.996571600329558,4.002504562892663,CPG,SSPG,0.10501729602798308,0.33000896882776354,0.20059099281502404,-1.0043095020458135,5,-1.396597079178738,968.4,2.7,37.8
0.19645530505163974,0.33377827354796386,U8,MN8014,14.902763440317093,4.010418518738612,CPG,SSPG,0.10652375923359583,0.32738885562050074,0.20060640675818245,-1.0062728012879631,4,-1.3999163223842217,987.6,2.7,38.1
0.1992941895195864,0.33259900829753014,U8,MN8014,15.151054340887635,4.038353222449222,WPG,SSPG,0.11079183102725418,0.32678209853872353,0.20226664865534205,-0.974918917430193,5,-1.3796798427881747,982.4,2.4,38.7
0.19643342903037628,0.33439841433995016,U8,MN8014,15.223633462843663,4.01472881590906,WPG,SSPG,0.10673712377300784,0.3287125102879457,0.20030040131639265,-1.0007403821495313,5,-1.379417861207692,980.1,2.6,38.8
0.1990699570019587,0.3359047490626423,U8,MN8014,15.477436667141745,4.001135704000743,CPG,SSPG,0.10808803879838186,0.32770394063975167,0.20082347461125977,-1.0026956554746382,7,-1.3752958569548142,989.4,2.5,39.2
0.19808104317297565,0.3350401543640569,U8,MN8014,15.27728085752047,4.0103627818182925,CPG,SSPG,0.10765014264594479,0.33073461927474845,0.20000126404107843,-1.0397497212952325,5,-1.3875740684041507,990.9,2.7,39.1
0.1959489696164904,0.3372014957173466,U8,MN8014,15.30660061615727,4.017572845057719,CPG,SSPG,0.1104000300266588,0.3340450529979042,0.20111099793652942,-1.0248233942288176,3,-1.3530118070275616,988.3,3.0,39.4
0.19959529191158473,0.3340514806333022,U8,MN8014,14.943894482097079,4.030960144055593,CPG,SSPG,0.10885496324904881,0.333109198535501,0.20001181547553754,-1.050034723146519,3,-1.367467025668935,966.7,2.5,37.9
0.2012344192326062,0.32884185294464313,U8,MN8014,15.15870001910594,4.019451449521723,WPG,SSPG,0.10977233330203526,0.3329786919653952,0.20021305779694235,-1.0300550405714015,3,-1.3973122678630752,971.5,2.1,38.5
0.20125019984630288,0.3258960817587494,U8,MN8014,15.519830023534151,4.036039889876604,CPG,SSPG,0.10888444321452162,0.3336136928424435,0.20002193726258297,-1.0163244151493078,6,-1.350616855099375,968.0,2.1,38.4
0.2014097779633509,0.33129237574979997,U8,MN8014,15.13418479190743,4.016617744828831,CPG,SSPG,0.10642972566001735,0.3329892295262027,0.20002413169622563,-1.037734679160332,1,-1.374490071540345,973.9,2.4,38.1
0.20216924818337795,0.3284776527824036,U8,MN8014,15.181637129450467,4.0048563657736596,WPG,SSPG,0.10654849412296916,0.3346542073445111,0.20250099552793374,-1.0271888896455539,6,-1.3624433392661164,959.0,1.8,37.7
0.20207413463101842,0.3237228955469895,U8,MN8014,15.638575467081916,4.02334286817194,CPG,SSPG,0.1079672815957245,0.3384141166104802,0.20049162907957438,-1.0499378482887685,2,-1.3640202841583555,954.8,2.0,38.6
0.20409147465206467,0.32332813898686685,U8,MN8014,15.443482317062566,4.022299266683715,CPG,SSPG,0.10703045303617334,0.3312263524073929,0.20200734868567613,-1.0509583345345985,7,-1.2962740236990644,952.5,2.0,37.7
0.19808413989055879,0.32732120205573334,U8,MN8014,15.345862872364567,4.0488742437777345,CPG,SSPG,0.10443330841795725,0.33110086959327717,0.20011343253130567,-1.0658809241826184,2,-1.389971215691368,977.7,2.0,37.7
0.20166488108959876,0.32633503406924935,U8,MN8014,15.624806834984128,4.005176283429855,CPG,SSPG,0.10887413500303292,0.3285972300621176,0.20037163627173846,-1.0235253050644648,5,-1.393279610640942,971.7,2.1,37.6
0.20644442941627023,0.32458333390692484,U8,MN8014,16.059123808600372,4.007837179738337,WPG,SSPG,0.10728287086077037,0.3299626620683174,0.20108432090239112,-0.9711083063089918,0,-1.416531191329872,942.8,1.5,37.9
0.20144166413713294,0.3248590800139675,U8,MN8014,16.08645994905218,4.002083433021336,WPG,SSPG,0.10970399525229207,0.33047865358819617,0.20029919171514016,-0.9738228596733939,7,-1.4470673325174417,970.9,2.0,38.8
0.2004749265891122,0.32671311530883407,U8,MN8014,16.116814367746848,4.000020656171168,WPG,SSPG,0.10980994017240125,0.32782965229111355,0.2003577303938969,-0.9711585399021624,4,-1.5028139180086715,987.7,2.3,39.8
0.1980860213507692,0.32820119306451395,U8,MN8014,16.243166754619615,4.0035949323660756,WPG,SSPG,0.11398057617297687,0.3324821887291362,0.20000235194072483,-0.9814496724069777,7,-1.4398958476348653,997.0,2.5,42.0
0.20182127968909724,0.328123971503687,U8,MN8014,16.14556533429812,4.000029774364757,WPG,SSPG,0.11126465240386935,0.33322976878336796,0.2017488727325547,-0.9806089187795988,4,-1.4994345843112598,995.1,2.6,41.9
0.19914559310689894,0.3307887402241881,U8,MN8014,16.059561768352587,4.016359111425897,WPG,SSPG,0.1113209266034493,0.328197463435001,0.20045386248379013,-0.9907770722247167,1,-1.4596655772113003,999.9,2.8,41.5
0.20059083818368315,0.32875823227803364,U8,MN8014,16.536702398911004,4.0024602655803285,CPG,SSPG,0.10985309766168988,0.3302735081463332,0.20005319502351365,-1.0145487441277896,0,-1.3326064546942469,999.0,2.9,40.6
0.20270031731105623,0.32595183496333513,U8,MN8014,17.036669861160007,4.008557756845275,WPG,SSPG,0.10930447214968736,0.33390643020794086,0.2004772217065919,-1.0116301100634644,1,-1.3584519889913889,999.8,2.7,42.2
0.21010533274654178,0.3221601203200429,U8,MN8014,17.369104666873273,4.000056607655601,WPG,SSPG,0.10902009566110314,0.33471477007388145,0.20000219148036655,-1.0188987458397754,6,-1.4188504154432113,994.7,2.2,40.9
0.2119078649490993,0.3228904300203051,U8,MN8014,17.505857051852583,4.029958831981496,WPG,SSPG,0.10579507809733361,0.33079794558679027,0.20088413874480382,-0.9932943006582933,2,-1.4498029693570107,999.9,2.5,41.4
0.21151595762922348,0.32385792252532386,U8,MN8014,17.788693268874432,4.035171031603117,WPG,SSPG,0.10519675033472708,0.3367002043153444,0.20071814849144617,-1.0385833869707306,3,-1.3915466635619378,999.9,2.3,41.2
0.21111449507137314,0.319487814506017,U8,MN8014,17.45616667230332,4.035789640258845,WPG,SSPG,0.10267459856985738,0.33247166105940557,0.202457310692102,-1.0181355715708418,3,-1.4253483932058408,996.5,2.1,40.3
0.21283541967164749,0.3305466120207242,U8,MN8014,16.9717851848592,4.00206308228396,WPG,SSPG,0.1032024889153576,0.33377898666046973,0.20024694503233464,-1.004076899945742,1,-1.438303345060472,997.8,2.4,40.4
0.2120077273829572,0.32904564459066776,U8,MN8014,16.223188079018815,4.011645352480902,WPG,SSPG,0.1024001449631278,0.3264986355983541,0.2005899650197874,-0.9652211070699144,6,-1.460957309886778,979.1,1.9,37.3
0.2057163953085147,0.3277464193986569,U8,MN8014,16.862632092876858,4.004732254453486,WPG,SSPG,0.10560000023849289,0.3273320374566723,0.20009481012761474,-0.9501092087580354,7,-1.3559141064216256,995.5,2.5,39.4
0.20723649764051286,0.33437124348186115,U8,MN8014,16.232614764528563,4.012128899701559,WPG,SSPG,0.1047361349365164,0.3308192866166071,0.2017004762087672,-0.9829946614623528,6,-1.4816078970590656,994.6,2.9,39.3
0.20887299044695698,0.33101100210007744,U8,MN8014,16.211256704159496,4.00008417860789,WPG,SSPG,0.1095822345705727,0.33344720825050966,0.20000072684554876,-0.9768046909179295,6,-1.506514753806801,999.8,2.7,41.2
0.20816637257003648,0.3320438953075695,U8,MN8014,16.072370142607213,4.001231644254279,WPG,SSPG,0.1063938051464443,0.33106972393585943,0.2010892943253267,-1.0082660821107883,2,-1.4968998666417193,999.6,2.5,40.5
0.209750236589843,0.3333945606392795,U8,MN8014,15.998917802233459,4.000576160298776,CPG,SSPG,0.10769037331450565,0.33286815763183153,0.20389228375054094,-1.0177478475618904,0,-1.3663412521707148,994.7,2.7,40.4
0.20753833529221272,0.33657095074823484,U8,MN8014,16.245377027661448,4.000077970196172,WPG,SSPG,0.10583831822459439,0.3295678841298871,0.2015903748809355,-1.0397524608338515,0,-1.5510932392520242,997.8,2.6,38.7
0.2059607097394084,0.3321170132439339,U8,MN8014,16.085689657812644,4.009503872577928,WPG,SSPG,0.10687372322708763,0.33289631544164966,0.20000015071129154,-1.029169252890292,7,-1.4665550945255728,995.4,2.6,39.0
0.20929162746701663,0.33228835677944935,U8,MN8014,16.053087664051453,4.048799055329223,WPG,SSPG,0.10561082479346617,0.33344726537523584,0.20016688806029417,-1.046753670242559,0,-1.452886101600651,982.6,2.3,38.3
0.212507257333455,0.3303600273666299,U8,MN8014,16.24223022529936,4.000187291051809,WPG,SSPG,0.10791786416109422,0.33174229267284994,0.20033830559904856,-1.0057593892259642,7,-1.5187288930962488,996.7,2.4,39.5
0.21405801518500212,0.3298320346164927,U8,MN8014,16.148137491300297,4.006418798872759,WPG,SSPG,0.10654126562370128,0.3316139017690237,0.2010423960608601,-1.0027556981691146,4,-1.4378885085209259,992.7,2.2,38.7
0.21607030442217723,0.3257915653338152,U8,MN8014,16.231285122817898,4.005201459189317,WPG,SSPG,0.1029244715574053,0.330530313992481,0.2014208022882146,-1.0356478649214254,5,-1.4602858499860503,992.6,2.0,38.5
0.21930727646844247,0.3302097119541456,U8,MN8014,16.245047212873345,4.002934600222984,WPG,SSPG,0.10297222813870407,0.33133139856392985,0.20250805932615598,-0.9919251555885876,5,-1.461802024117521,992.3,2.5,38.5
0.21337896225169134,0.3291388522370289,U8,MN8014,16.16865473934697,4.004689148341942,WPG,SSPG,0.10235443864212165,0.32901636713373256,0.2017146390953557,-1.0065865615520024,7,-1.5016770960010586,980.4,2.2,37.4
0.2151131515879417,0.3247331872905702,U8,MN8014,16.11249689185752,4.005228093308552,WPG,SSPG,0.10141725295912998,0.33412258254922966,0.20000143244280771,-1.0252984690766014,1,-1.4396740861582984,970.2,1.9,37.1
0.21634751612163353,0.3239995251045982,U8,MN8014,16.18064395161589,4.0011048612008615,WPG,SSPG,0.1042635465327924,0.3320668467401487,0.200213157108738,-0.9934635229410763,0,-1.514610038912732,967.7,1.9,37.9
0.21361642297016276,0.32899313142891745,U8,MN8014,16.23137286364522,4.00951870606241,WPG,SSPG,0.10360554015170137,0.3351928839904688,0.2000003488513939,-0.9915835339532827,6,-1.410140908709261,971.3,2.3,37.9
0.2114613323473394,0.33180654134851834,U8,MN8014,16.231710137669555,4.007844176499021,WPG,SSPG,0.10467359576516494,0.3299177714707372,0.20002372691047818,-0.9860228926762761,3,-1.4553084069689444,990.1,2.5,38.4
0.21176003148464834,0.32519024749960473,U8,MN8014,16.18358888841945,4.0003787831326045,WPG,SSPG,0.10369334046311993,0.33164003202040804,0.20171429597423554,-0.9974028258983952,0,-1.4467628308341727,988.2,2.2,37.7
0.21214759993596882,0.32526067219442045,U8,MN8014,16.133973590033474,4.001145785671002,WPG,SSPG,0.10062513520241984,0.3339274081359066,0.20002467008432892,-1.039347921152474,6,-1.4887887937350985,982.0,2.3,37.2
0.2140856205010869,0.32737132591615736,U8,MN8014,16.111218475847117,4.0184695917774045,WPG,SSPG,0.10125917919898196,0.3358441851514452,0.20069082245099412,-1.0476185479506643,3,-1.4071190237604583,978.5,2.4,37.4
0.21249660200728163,0.32977850274529574,U8,MN8014,16.217636993551153,4.0084873550520115,WPG,SSPG,0.10345748593238843,0.3355434325941234,0.2001726327864155,-1.0478345196760768,4,-1.4790479533854217,983.0,2.6,37.6
0.21148522676686066,0.3318919419551695,U8,MN8014,16.16733168600173,4.030652261868203,WPG,SSPG,0.10652972324568048,0.33441171526904073,0.20000005109139424,-0.9816120803235723,2,-1.3784338195018613,979.7,2.6,38.2
0.21048248180404994,0.33111302088286926,U8,MN8014,16.177065256705355,4.000706446057512,WPG,SSPG,0.10729232411988586,0.3316272034194363,0.2000055184638799,-0.9874763647871689,5,-1.497280056265975,994.8,2.8,39.4
0.21238037407616892,0.3331148143919911,U8,MN8014,16.078436583251953,4.010224057611497,WPG,SSPG,0.10645323199931714,0.3324098806420733,0.20076560941770386,-1.0084880481407148,3,-1.5031149455251231,995.3,2.8,39.4
0.21152186022943595,0.3305684999894283,U8,MN8014,16.10110232490552,4.003286882448494,WPG,SSPG,0.10427681643886821,0.3304413211280425,0.2001314545217214,-1.0171912187142533,4,-1.4997468525340238,996.4,2.7,38.8
0.21061713115343544,0.33312006573492725,U8,MN8014,16.154697582087056,4.012052426167041,WPG,SSPG,0.10628401189692246,0.33070089685402015,0.2005820311884337,-1.0071361242937922,6,-1.5263090473279899,991.3,2.7,38.7
0.21014864519841886,0.3308200691852644,U8,MN8014,16.23089610217348,4.001375443681785,WPG,SSPG,0.1030143065114772,0.3284503837923963,0.20000206582827504,-1.029478872903042,0,-1.5309844878011774,996.6,2.7,38.0
0.21084350611298813,0.3331964577784439,U8,MN8014,16.218064289204655,4.00036366537747,WPG,SSPG,0.10434281159671585,0.3293329378549634,0.20010462897524148,-1.023993902486758,2,-1.5391781058405574,995.9,2.8,37.9
0.20783230738415948,0.3303772717049729,U8,MN8014,16.134418226595074,4.000784947843303,WPG,SSPG,0.10363994267255261,0.3272301538204676,0.20008554022098132,-1.020697446887726,6,-1.4982910295716287,992.5,2.7,37.3
0.2054561248552837,0.3327037685265252,U8,MN8014,16.248012062799553,4.008764465956379,WPG,SSPG,0.10495089462596056,0.3231451870230815,0.2005746850210858,-1.0063119853284175,7,-1.43418207184056,997.4,2.9,37.3
0.20277177363804252,0.33164581775824264,U8,MN8014,16.194370239509496,4.001025728552657,WPG,SSPG,0.10265192760150824,0.32496840592956056,0.20051046262716643,-1.0352151151856974,4,-1.5429452783908886,994.5,2.8,36.5
0.20534117449829273,0.33018826375686006,U8,MN8014,16.053271451426298,4.005587060921992,WPG,SSPG,0.0993940792854312,0.32232507831743457,0.20074639819691353,-1.044432383733834,5,-1.4459725200529547,996.8,2.7,35.8
0.20413028113321963,0.3321551759192483,U8,MN8014,16.13299788030494,4.007476526490665,WPG,SSPG,0.09999319766138792,0.32679731160796543,0.2002186050670445,-1.0413400258529943,1,-1.4675044606634362,993.0,2.8,35.8
0.20844245146830792,0.32801698650370426,U8,MN8014,16.119776079370475,4.0319466436144396,WPG,SSPG,0.09728224159682594,0.3231990503908446,0.20046837221554234,-1.040143341392712,0,-1.4930241010363012,990.3,2.4,35.3
0.204867263243028,0.3292409629610367,U8,MN8014,16.233048744333956,4.014210836263425,WPG,SSPG,0.09795976982162835,0.3188985809268278,0.20072532372884638,-1.05923033266831,3,-1.4809722647095018,996.9,2.6,34.8
0.20264506580552655,0.328013807585263,U8,MN8014,16.17504683213123,4.012663225690668,WPG,SSPG,0.09669954292732802,0.3154305141980378,0.2014143189526972,-1.0581613212367151,4,-1.4452605086762471,991.3,2.5,33.5
0.20544120049370912,0.33075320386354284,U8,MN8014,16.10017601401004,4.017655517360552,WPG,SSPG,0.10027320992395294,0.3193295613155049,0.200097456381089,-1.0379333749068191,1,-1.3844193880760365,993.5,2.5,35.1
0.20820125234061562,0.3313552105197481,U8,MN8014,16.14351149230263,4.000440854137008,WPG,SSPG,0.09995335422649379,0.3206106704877423,0.20001398210246019,-1.0254912894796844,3,-1.4063744960017868,997.1,2.6,35.6
0.20401746257610187,0.3309123093311354,U8,MN8014,16.142313102580385,4.002024528459092,WPG,SSPG,0.1001025656211577,0.32289745665478803,0.20002065307519565,-1.0544192856232013,1,-1.4813877203606935,994.8,2.7,35.2
0.20296220743011975,0.3308306918693005,U8,MN8014,15.918242400659594,4.000268134543807,CPG,SSPG,0.09967558480808733,0.32039266432157704,0.200083112339764,-1.044447181617564,6,-1.3699059154702589,996.0,2.6,34.9
0.202786489168482,0.3334636186708936,U8,MN8014,16.179680062427316,4.00033567508076,WPG,SSPG,0.10005900840991366,0.32320139745643,0.20054086733915605,-1.0458211032508307,5,-1.544418968081665,998.9,2.8,36.3
0.2026481015240355,0.3307879477706217,U8,MN8014,16.114704939863863,4.000423695290262,WPG,SSPG,0.09737431547798478,0.320642907415598,0.200650631812639,-1.0474651434778082,7,-1.4993624254483926,997.3,2.4,35.0
0.20019341156094958,0.3330063863759867,U8,MN8014,16.090366389914603,4.00085270310044,WPG,SSPG,0.09934688768227001,0.3169347760797138,0.20175426842116234,-1.016897482308984,3,-1.4391393681192586,997.6,2.6,34.9
0.20291851467741162,0.33166025117293335,U8,MN8014,16.198739496344924,4.008186206648146,WPG,SSPG,0.10062407986276198,0.3188350470364852,0.20073590355383986,-1.025655591263206,1,-1.5081834151238223,998.6,2.4,35.6
0.20248739212292044,0.3325198896155054,U8,MN8014,16.192062901943263,4.000473098185231,WPG,SSPG,0.09935705880209834,0.3227415496086886,0.200014181280296,-1.056935027682883,1,-1.5142257653372369,995.2,2.5,34.7
0.200573840681938,0.3328234530501111,U8,MN8014,16.203715990647368,4.000218802073051,WPG,SSPG,0.09874728994976673,0.3211806565297841,0.20007056660724012,-1.0415655588173351,0,-1.5092481542981808,995.4,2.4,34.7
0.19984382252822683,0.33392261445935195,U8,MN8014,15.847902276301891,4.002995796939461,CPG,SSPG,0.09936433232801994,0.31874232144331,0.20061622812741056,-1.0422635901748898,0,-1.3618823597561622,997.7,2.5,34.6
0.20093438699711702,0.33442182612945526,U8,MN8014,16.107465020960483,4.00647483467749,WPG,SSPG,0.10022895464083448,0.3222080424455399,0.200080754462253,-1.0295895092398013,0,-1.4754315116328343,998.8,2.5,35.9
0.20149775112084714,0.3316762656871556,U8,MN8014,16.10969951652576,4.004742675641955,WPG,SSPG,0.09996868906548678,0.32136065804773534,0.2001614174924898,-1.0365895240679062,3,-1.4640026037273248,998.1,2.4,35.8
0.20307383992495562,0.3346543640980047,U8,MN8014,16.246477262533315,4.001215674073861,WPG,SSPG,0.10204474924581772,0.319909272350588,0.20002389412260024,-1.012295994993961,7,-1.5247094985767298,999.9,2.5,36.3
0.20147538531764198,0.334145466108371,U8,MN8014,16.22726675741515,4.001270849271047,WPG,SSPG,0.10093082951481566,0.3186610967918401,0.20016970169715984,-1.01406840028264,3,-1.522126508647947,999.9,2.6,35.8
0.20044964625389272,0.33414361415459803,U8,MN8014,16.234471781598064,4.00004026646905,WPG,SSPG,0.10191536751239988,0.32048342547549685,0.20035767600440377,-1.0193684214250045,0,-1.4965260038427086,999.8,2.7,35.9
0.20388302970608602,0.3333988395738261,U8,MN8014,16.238104013056912,4.003465002119387,WPG,SSPG,0.10217114523929487,0.3211004297684252,0.20079592985067898,-1.0088975694017006,5,-1.5214727826341754,999.9,2.6,36.5
0.2016068630821279,0.3320311283767885,U8,MN8014,16.17202851797927,4.00038269156143,WPG,SSPG,0.10065565456809998,0.3196993092320959,0.20058751623904322,-1.0205182907846035,7,-1.5104185794237441,999.6,2.5,35.7
0.20321586572280195,0.33426818748530956,U8,MN8014,16.201150941187663,4.00000083541587,WPG,SSPG,0.10061074250394672,0.322393648372054,0.20015109468846934,-1.024116176395633,6,-1.5203960993898331,999.7,2.8,36.1
0.20369086693224156,0.3326918406301178,U8,MN8014,16.16888464968548,4.002688879746353,WPG,SSPG,0.09940116521412144,0.320616776890192,0.20013628910287232,-1.0255887552490717,4,-1.5431982161640505,999.7,2.6,35.5
0.20162374075706535,0.3316718628452108,U8,MN8014,16.17847959153171,4.0008381685669505,WPG,SSPG,0.09775349839566444,0.3179364886347327,0.2000127122497499,-1.0287729603291251,0,-1.5344332420534883,1000.0,2.8,35.2
0.20229886657097806,0.33125874095313645,U8,MN8014,16.242435210514536,4.000288522273796,WPG,SSPG,0.09816401181655593,0.32008230877446914,0.20036355564832087,-1.0365092538067644,2,-1.4977718814884131,999.7,2.8,35.8
0.20383953531684207,0.3310166315232219,U8,MN8014,16.162113255401636,4.001077878323723,WPG,SSPG,0.09767622836834303,0.3208052250735045,0.201652899646224,-1.042927910838248,3,-1.5419800743799659,998.5,2.8,35.1
0.20228650120616765,0.33294802707457494,U8,MN8014,16.21625050751026,4.000592206529339,WPG,SSPG,0.09912901463702979,0.319848123127611,0.20096431750657984,-1.0290466938318321,0,-1.5080389765585451,999.9,2.8,35.5
0.20272003156283316,0.33205881504911505,U8,MN8014,16.217894410484128,4.00012001920282,WPG,SSPG,0.09786187533369267,0.31938463113555154,0.20150192496535246,-1.03994398362626,4,-1.5240854134909725,999.6,2.9,35.2
0.20280476735288652,0.33267062477601406,U8,MN8014,16.236256046256155,4.005572945734927,WPG,SSPG,0.09974185521980852,0.3193996040579776,0.20042937222594487,-1.0316185465416023,2,-1.5332182588922567,999.1,2.9,35.3
0.2036936863220909,0.3298882934291709,U8,MN8014,16.211384931221662,4.003546215858628,WPG,SSPG,0.10008554320529803,0.3197754422587138,0.20046508204574004,-1.026097457347246,2,-1.5315233891961935,998.8,2.7,35.5
0.2036096700226582,0.32973940412300706,U8,MN8014,16.24418352356412,4.006443297657796,WPG,SSPG,0.1000453039105377,0.320051215894981,0.20049232192984698,-1.0213451485596825,0,-1.535431373347631,999.3,2.7,35.6
0.20280134562430852,0.32948486587238374,U8,MN8014,16.205712105554944,4.001535481803809,WPG,SSPG,0.10127180021854253,0.31967518742592366,0.20031720230356068,-1.0221518679163362,5,-1.5322796581153,997.5,2.7,35.4
0.20303419343348517,0.3292780365204489,U8,MN8014,16.170909517413403,4.000001160150106,WPG,SSPG,0.09929544755016402,0.31984527735180035,0.20068737383058527,-1.0410462666265863,5,-1.5289342245002242,997.8,2.7,35.1
0.2038654405191505,0.3300978447544093,U8,MN8014,16.061271386959973,4.006769475533199,WPG,SSPG,0.09892406506218158,0.3223921417674657,0.20130796191947634,-1.0455710790247117,0,-1.5114983695140776,995.9,2.7,35.3
0.20303815843497142,0.3274616672042215,U8,MN8014,16.205791840771745,4.005253621622835,WPG,SSPG,0.09908102198611568,0.32519852396748133,0.2015550191149341,-1.0567781733423138,0,-1.5477146580506211,996.6,2.7,35.6
0.20527320297735793,0.32802986019666225,U8,MN8014,16.16395829360173,4.023620970301341,WPG,SSPG,0.09631734597972674,0.3262353707148811,0.20140015587664448,-1.0663648931716467,7,-1.5205271685133166,994.8,2.7,35.1
0.20328264295883483,0.3287585419617231,U8,MN8014,16.246748257640427,4.009266532917321,WPG,SSPG,0.09618041427687749,0.32326033597827325,0.2006101152269622,-1.0619762935997996,7,-1.511706067514302,995.6,2.6,34.6
0.20231628343488,0.32995308421343744,U8,MN8014,16.170077139084803,4.012140110919444,WPG,SSPG,0.09668756390583408,0.3219804618182478,0.2003014977190854,-1.051538166190301,4,-1.5093639744148089,994.9,2.8,34.6
0.20316005426843575,0.3313709217041813,U8,MN8014,16.108557958350158,4.009055709527849,WPG,SSPG,0.09671363069712208,0.3240283129203883,0.20035722912974221,-1.0500182358736474,2,-1.5041868493008685,994.3,2.9,34.9
0.20259295528990812,0.3308708924496235,U8,MN8014,16.18807210242767,4.019843152822721,WPG,SSPG,0.09486267229388895,0.32328655494978487,0.200080133509637,-1.0627362688892528,6,-1.5268213023554686,993.9,2.7,34.2
0.20150792642317827,0.33160586103372497,U8,MN8014,16.24041178581114,4.0095511934658115,WPG,SSPG,0.09552296936633645,0.32250779709110505,0.20000836914440132,-1.0590738496800944,4,-1.5052085303383134,995.7,2.7,34.2
0.20008485912137644,0.3310098931723487,U8,MN8014,16.08628050893316,4.018432909809544,WPG,SSPG,0.0949479613935385,0.32107623634499693,0.20028715846524506,-1.0625184521418933,4,-1.4762845862241498,997.7,2.8,34.2
0.2017756955026196,0.3331995046891446,U8,MN8014,16.16188725977324,4.005954011623931,WPG,SSPG,0.09539214744923294,0.3244818696436921,0.20008670916993976,-1.0824068945399512,3,-1.5560006186693176,998.2,2.9,34.9
0.20405215969922358,0.33142979929384614,U8,MN8014,16.185569562677216,4.0003102244723205,WPG,SSPG,0.0974041789830602,0.3253001810678347,0.20000804936300315,-1.0743712817929514,2,-1.5643860079542016,997.1,2.7,35.5
0.2031620986569858,0.3299999233566513,U8,MN8014,16.240903043263202,4.001715365052218,WPG,SSPG,0.09527259232875493,0.3238992375137574,0.20000564209302882,-1.0681212853970483,2,-1.576570311294594,999.1,2.7,35.1
0.2035358207429556,0.33024677704573757,U8,MN8014,16.216408855217573,4.00004386012576,WPG,SSPG,0.09551165872681086,0.32556688001928746,0.20000959206930463,-1.0697025807944036,0,-1.5569691758662927,998.9,2.6,35.6
0.20188680309842585,0.33137422253225957,U8,MN8014,16.097735862808868,4.010026491947824,WPG,SSPG,0.09814693533524,0.32275446676668723,0.20000640770149686,-1.0746169131960812,5,-1.514441984043092,999.5,2.7,35.6
0.20221936205082125,0.33141356450340914,U8,MN8014,16.16865172903483,4.009409687502479,WPG,SSPG,0.09934672486670376,0.32604969098427605,0.20004923063012733,-1.059349940432935,7,-1.5282759855415424,999.6,2.7,36.3
0.2044111245899202,0.33073044308370875,U8,MN8014,16.17484302409428,4.005630318590258,WPG,SSPG,0.09821348607597283,0.32645611676000424,0.2000774869591534,-1.0614265719869405,4,-1.5546964503690859,998.2,2.5,35.7
0.20478125150635063,0.3321390991249883,U8,MN8014,16.11021207036344,4.010140944258733,WPG,SSPG,0.09740125370102048,0.3273264643690624,0.20026201552236841,-1.0734670825517596,0,-1.5166935633328738,998.4,2.5,36.0
0.20555647758406334,0.32798489404057274,U8,MN8014,16.195826093006467,4.010798424275009,WPG,SSPG,0.09744582774886931,0.3271045829272678,0.20001667916531968,-1.0692710947197424,4,-1.5540748799544062,999.7,2.5,36.5
0.20517305120296347,0.33116446113997644,U8,MN8014,16.1681251509188,4.009865757566167,WPG,SSPG,0.09775054360594317,0.32537105592389703,0.20003570727210765,-1.0734964754410394,6,-1.555449091669038,998.9,2.4,35.8
0.20522923628377404,0.3304695438283888,U8,MN8014,16.17480309164211,4.000847334030216,WPG,SSPG,0.09393464377748886,0.3238429822918437,0.20048666922035654,-1.0861972810175706,6,-1.52037105054446,996.8,2.4,34.4
0.2046991979307026,0.33113422327099884,U8,MN8014,16.16054310531016,4.013235709481467,WPG,SSPG,0.09484720972076047,0.3258017720256834,0.20000030612504688,-1.0956512250236932,2,-1.5448518788355337,999.0,2.4,35.1
0.20558474429143295,0.33005480061135667,U8,MN8014,16.218514999413106,4.003026143346305,WPG,SSPG,0.09204241373626838,0.3265577071505203,0.200217582348943,-1.095131139127527,4,-1.5717711427906007,997.6,2.3,34.9
0.2065765768398967,0.32547292407681394,U8,MN8014,16.24862060618468,4.0003112280587825,WPG,SSPG,0.09258758606316514,0.32472405901991047,0.20006489194642685,-1.070137591996138,6,-1.5381366590153807,999.6,2.2,35.3
0.20776140464957088,0.32627365605949776,U8,MN8014,16.22793317492906,4.000701373274909,WPG,SSPG,0.09119742238249429,0.32434005360545004,0.20006314474065143,-1.0886398885917563,7,-1.5286772004758316,1000.0,2.2,35.3
0.20672694004170075,0.329574137846684,U8,MN8014,16.19413304152413,4.005194387785913,WPG,SSPG,0.09345656391781129,0.3258723501859447,0.20003386292407796,-1.1008129373903959,6,-1.57634827573348,999.9,2.4,35.8
0.2078036214257991,0.32823871623154044,U8,MN8014,16.23554120028742,4.00152672634809,WPG,SSPG,0.09075695002684793,0.3249781548575953,0.20008752464093094,-1.0947039592865773,5,-1.5334153583141337,1000.0,2.3,35.3
0.21040299747255617,0.3285276631523251,U8,MN8014,16.182436769982658,4.00675583749097,WPG,SSPG,0.09099941374544254,0.32615094997194255,0.20044369560526454,-1.0807742294784695,3,-1.5650296385623292,999.9,2.2,35.6
0.21024104718613934,0.3297147957154615,U8,MN8014,16.169366938136946,4.010572662645521,WPG,SSPG,0.0896609899655615,0.3283661931074914,0.20005606385203117,-1.08691265333982,7,-1.5463486912982205,999.7,2.3,35.7
0.21030924866777795,0.329269376816364,U8,MN8014,16.19278668042485,4.003567682147147,WPG,SSPG,0.08890038202013037,0.3270401378027051,0.2000115534269437,-1.084367514605844,5,-1.5675880351127116,997.9,2.4,35.2
0.20886854707693364,0.32891050465267907,U8,MN8014,16.214118735162998,4.000102750416784,WPG,SSPG,0.0898913557180516,0.3286459949829641,0.20006844050051817,-1.082600661465969,4,-1.5159559833906364,997.2,2.4,35.4
0.20792439085557035,0.32810593135151433,U8,MN8014,16.229632474736817,4.00042214944643,WPG,SSPG,0.09026385978510049,0.3269528137974536,0.20004674707945455,-1.0848109623648035,4,-1.5335116724134448,999.1,2.5,35.4
0.20862443307257172,0.32797901066645296,U8,MN8014,16.18686554502638,4.001285620957047,WPG,SSPG,0.08999264845693801,0.3266411051002711,0.2000011322536167,-1.0797455649884402,3,-1.552050172984158,998.2,2.2,35.3
0.2091957075089009,0.3276091586264414,U8,MN8014,16.19561030783877,4.001422881761368,WPG,SSPG,0.08983506311285956,0.32747541522326407,0.20001356481712634,-1.0771055348457228,0,-1.5475323548718958,997.8,2.1,35.4
0.20798248765725835,0.3276760086407177,U8,MN8014,16.151134507055875,4.001428169369845,WPG,SSPG,0.08819079376791637,0.32615306164296504,0.2000136793971115,-1.095243494522901,2,-1.5477617602599576,997.0,2.3,34.7
0.20848979477137053,0.32806295750515707,U8,MN8014,16.201351920020514,4.000799059599867,WPG,SSPG,0.08875190727145468,0.32702488068262414,0.20002578157336323,-1.0822062008862345,4,-1.547917957096189,997.3,2.3,35.1
0.20743107546069356,0.32923426875262135,U8,MN8014,16.18510808695602,4.000197748742232,WPG,SSPG,0.09044642826887231,0.3259115898387047,0.20000627567782697,-1.075378895598881,4,-1.5450518178043549,997.2,2.4,35.2
0.20712570271540506,0.32770154009707686,U8,MN8014,16.189106392180484,4.003183027606633,WPG,SSPG,0.09032534748764187,0.3245967229426585,0.200000456067582,-1.0717583958791779,7,-1.5620880310888907,997.5,2.2,35.0
0.20964231923446175,0.3276392166759028,U8,MN8014,16.176589428142986,4.005001840636585,WPG,SSPG,0.08719169543137328,0.3241561035630577,0.2001680310070938,-1.0769021347643872,4,-1.5325618046387603,994.7,2.2,34.1
0.20860308937999097,0.3292872694454313,U8,MN8014,16.206610496156877,4.000264015051925,WPG,SSPG,0.08898510997109545,0.32616176188101864,0.20069024916277778,-1.0828414708837781,5,-1.550447080282142,996.3,2.2,34.9
0.20684983772222365,0.32804703229867027,U8,MN8014,16.151801329916715,4.002504903974117,WPG,SSPG,0.08789368999939333,0.32482139527247333,0.20061387044676934,-1.0918671288208972,2,-1.5502800105189642,996.2,2.3,34.3
0.20659045336782272,0.3279376453330715,U8,MN8014,16.16702002083217,4.002668636730949,WPG,SSPG,0.08672019888799168,0.32413382297602134,0.20012776460102102,-1.0896793126474003,1,-1.5370299228884754,996.9,2.3,34.3
0.20641810250195525,0.3288790892046753,U8,MN8014,16.216030476804484,4.0001931233900585,WPG,SSPG,0.08874895989609134,0.32372190641419,0.20023729818240243,-1.0784118894230876,4,-1.534782160339816,996.7,2.4,34.5
0.2061603951456752,0.3291330004294939,U8,MN8014,16.173917681563214,4.000217968754276,WPG,SSPG,0.0873249189551861,0.3220521538760847,0.20017591585030114,-1.0797386591210651,3,-1.5737093348732891,997.4,2.4,33.9
0.20567920561154707,0.33043502406720676,U8,MN8014,16.187860659780736,4.001252034740825,WPG,SSPG,0.08804802768433184,0.3235624994236678,0.2001932183802225,-1.074504048808749,5,-1.5497071280352728,997.4,2.4,34.2
0.20621979426548304,0.32956319785517724,U8,MN8014,16.177436471869544,4.006506952325912,WPG,SSPG,0.08877763070675652,0.3235103546846068,0.20017060682428378,-1.079208259459613,7,-1.5526127266774044,997.4,2.4,34.3
0.2051645502428382,0.32904212355384915,U8,MN8014,16.168299059500164,4.013230668365954,WPG,SSPG,0.08761317858053738,0.32288759654232035,0.20058052150816852,-1.084178831851483,6,-1.5636431536541266,994.8,2.4,33.7
0.2059335435887874,0.3308454506582668,U8,MN8014,16.199594806332932,4.003699148287825,WPG,SSPG,0.08988790203953155,0.32395689444575443,0.20069405144757832,-1.0757596069266055,4,-1.5521115583783924,996.9,2.4,34.4
0.20784626326605737,0.32941944600865003,U8,MN8014,16.237366946277135,4.001388759298496,WPG,SSPG,0.08873161313876159,0.3265001755953056,0.20053568098155522,-1.081350593179412,3,-1.5444775818538687,997.1,2.4,34.7
0.20937546600455265,0.33074979980929137,U8,MN8014,16.211372193889332,4.000802657421779,WPG,SSPG,0.08935228525958565,0.32762417073433653,0.20040250750305355,-1.0722105365320447,3,-1.5509632265392188,998.0,2.3,35.3
0.2090116460335455,0.3303204957863675,U8,MN8014,16.194192421394796,4.0047011504794705,WPG,SSPG,0.08834674633558386,0.3277963623114693,0.20049349856371637,-1.0877448660180726,2,-1.5529763219632429,995.4,2.4,34.9
0.20838726823447173,0.331266939107385,U8,MN8014,16.207766435442263,4.001953085751025,WPG,SSPG,0.08911732143503912,0.3277843321592199,0.20075560172226978,-1.0869767337306744,1,-1.5496730526253089,994.4,2.3,34.8
0.20984547389122551,0.3317720124322981,U8,MN8014,16.179032357676004,4.000574933568274,WPG,SSPG,0.08990386149441863,0.329059428550058,0.20011263825982697,-1.0768489791037894,2,-1.5364536330068486,996.9,2.4,35.5
0.20803805879143053,0.3299755771432318,U8,MN8014,16.215454386234594,4.000317752229557,WPG,SSPG,0.08847752337625728,0.32684170296251847,0.20067069720286626,-1.0914425172591473,2,-1.5491084730941918,996.8,2.4,34.8
0.20858046523433205,0.3307278748456342,U8,MN8014,16.192006406762992,4.000098427518636,WPG,SSPG,0.08894505934206248,0.32679599467817544,0.2000895791399112,-1.0873203723822549,0,-1.5588883313603823,996.4,2.3,34.7
0.20849342839366913,0.32916460073667636,U8,MN8014,16.222621239155032,4.004395229787393,WPG,SSPG,0.0878608667221608,0.3259748238894443,0.20018742863806435,-1.0904930556519448,6,-1.5464900441655445,996.2,2.3,34.7
0.20816105158544235,0.32975705065135963,U8,MN8014,16.21432228539095,4.000608002453028,WPG,SSPG,0.09004022142103277,0.32565683584642935,0.20020361051159427,-1.08068230063774,3,-1.561167447833732,996.9,2.3,34.9
0.20816859093546675,0.3271594924648357,U8,MN8014,16.218963414666597,4.002663520717494,WPG,SSPG,0.0879755856286955,0.32569386627436053,0.20037820549346044,-1.0940123711353344,7,-1.5636620925512599,997.4,2.2,34.6
0.2076838419588735,0.32844583939729793,U8,MN8014,16.249390828232745,4.0041441508234845,WPG,SSPG,0.08753030184838181,0.3255176253273673,0.20026576460663725,-1.0955873458564924,0,-1.5463230696959762,997.4,2.2,34.3
0.20741773814444844,0.3283867510284679,U8,MN8014,16.228312698291525,4.006551066368131,WPG,SSPG,0.08849419176531337,0.32479453450367946,0.20022081892053575,-1.097455792397898,1,-1.558553549494226,998.4,2.3,34.4
0.20592086514983252,0.3287668937635258,U8,MN8014,16.192053507884673,4.009844241222572,WPG,SSPG,0.08945456670090972,0.32509740992019953,0.2004214707432131,-1.101581388988535,7,-1.576193790950402,998.5,2.4,34.6
0.2048889581157476,0.32981512049903616,U8,MN8014,16.181214505578975,4.009712012775738,WPG,SSPG,0.08904085513718185,0.32476201994342846,0.2002030258159748,-1.0969834466013133,6,-1.5681764646682606,998.9,2.4,34.6
0.20528322526414627,0.33001607869948313,U8,MN8014,16.199691510001557,4.002497203237801,WPG,SSPG,0.08988522781222177,0.3256024408405778,0.2000404652986039,-1.09548928649309,5,-1.5811528948283051,999.5,2.5,34.9
0.20630675389337588,0.3292349869486362,U8,MN8014,16.173342238773174,4.013567479574038,WPG,SSPG,0.09069565155083048,0.32723978895348504,0.20020963569772174,-1.0904524456768758,7,-1.5684822538280958,998.2,2.4,35.0
0.20616577053180923,0.32902296345018334,U8,MN8014,16.21155486837068,4.0038233756364905,WPG,SSPG,0.08921886170480622,0.32770990526472793,0.20012605159964955,-1.103476389773205,7,-1.5757344955837649,997.5,2.4,34.7
0.20563064826575206,0.3272979668859909,U8,MN8014,16.215541609540587,4.009479513390051,WPG,SSPG,0.08949132155872402,0.32471412266212935,0.20000321700752197,-1.0910096578050226,3,-1.5890945486855088,999.5,2.3,34.7
0.2039265886410217,0.3266428732460739,U8,MN8014,16.176020983678093,4.016951000038063,WPG,SSPG,0.08893933057429308,0.3239751212316851,0.20011847326513885,-1.1039910959379964,6,-1.5745541637806042,999.4,2.3,34.4
0.20305927402499976,0.3271198139005265,U8,MN8014,16.215579352414125,4.028809071654383,WPG,SSPG,0.08755691325982494,0.32341421033942674,0.20003569532973003,-1.1091271624103745,6,-1.5791293731736378,998.8,2.4,33.7
0.2045432576552454,0.32865591071894595,U8,MN8014,16.182991507973703,4.031199311163651,WPG,SSPG,0.08984962914224462,0.32447803617291066,0.20002553507289017,-1.097523902138125,0,-1.5792422250849913,999.6,2.4,34.7
0.2043442119368914,0.3285649079327009,U8,MN8014,16.184688786323914,4.017526715309471,WPG,SSPG,0.09016094172061452,0.3241250734584798,0.20005927395261328,-1.0900553054994204,4,-1.5813850301402947,998.3,2.4,34.6
0.2042292106690082,0.3282064957760608,U8,MN8014,16.182795517433732,4.026195928141878,WPG,SSPG,0.0892651572172788,0.3246663205699255,0.20002117999665564,-1.0958588637868047,7,-1.571751506939318,998.5,2.4,34.4
0.20325048407493923,0.3283191920103396,U8,MN8014,16.188488701302262,4.025214205357049,WPG,SSPG,0.08848867084712801,0.3237042741628119,0.20008360278684492,-1.104785886820137,7,-1.5647281390858154,999.2,2.4,34.0
0.2049184711723507,0.3291173559093161,U8,MN8014,16.190122343440695,4.029293950417061,WPG,SSPG,0.08823533251818413,0.3249731934293699,0.20017114223669677,-1.0990595203455231,5,-1.5855756695236707,998.8,2.4,34.4
0.2028971770056776,0.3270862864382136,U8,MN8014,16.193606836046627,4.040547409842825,WPG,SSPG,0.08761366473275968,0.32250569894356873,0.20000446737961244,-1.1144297799919172,2,-1.5750827851292257,998.9,2.4,33.6
0.20429022035447586,0.3289957097317692,U8,MN8014,16.243337647723497,4.011365439176573,WPG,SSPG,0.0880110846780538,0.32441391411820797,0.20000124155231955,-1.0987520863669715,4,-1.5845583767247557,998.9,2.4,34.2
0.20333610619624337,0.3275345824028579,U8,MN8014,16.232223465944635,4.018489730189263,WPG,SSPG,0.08883171002083445,0.3229857518063271,0.20000529654475308,-1.0956764219478632,2,-1.5862752383044807,999.2,2.3,34.3
0.20504930932910742,0.3279466040867637,U8,MN8014,16.239924527048387,4.008377124510377,WPG,SSPG,0.08874651338344264,0.32495304527117147,0.20009616197772515,-1.0985443503571997,5,-1.5832767609015281,999.0,2.3,34.4
0.20494174477471305,0.32695738973691213,U8,MN8014,16.222110679360323,4.004421136772454,WPG,SSPG,0.08842916948756017,0.3244953191577825,0.20008217123696923,-1.097655375413163,7,-1.5740302434388393,999.7,2.4,34.6
0.2033765845725103,0.32853224655298385,U8,MN8014,16.172487720749658,4.006828928069084,WPG,SSPG,0.08851776786367482,0.32384954915564185,0.20001163103170735,-1.0990124373393564,6,-1.5772253701184038,999.7,2.4,34.4
0.20439526414549378,0.32779838651099424,U8,MN8014,16.212959032577647,4.010157880362472,WPG,SSPG,0.08840486024017183,0.3241651002328877,0.20002360537950536,-1.0933582124983703,1,-1.5862753610999878,999.8,2.4,34.5
0.2046891646640507,0.32823255563006704,U8,MN8014,16.179658063585872,4.004934451110039,WPG,SSPG,0.08848721362871756,0.3248220057903609,0.20026971177102815,-1.0925882983987842,7,-1.5842046278825634,999.7,2.4,34.7
0.20555901097884513,0.32778847488339635,U8,MN8014,16.187730589596008,4.00821805125146,WPG,SSPG,0.0879837051150732,0.32521076583843106,0.20025371777475381,-1.087718196097764,6,-1.5981880037289997,999.6,2.4,34.7
0.20434210366966954,0.32866738019751074,U8,MN8014,16.155837965791516,4.006295851150842,WPG,SSPG,0.08912190502661314,0.32436761578367385,0.20013927983172072,-1.0866380582145376,0,-1.5756088328800484,999.9,2.4,34.7
0.20592026899858398,0.3278608530994181,U8,MN8014,16.16758581268627,4.003902423729844,WPG,SSPG,0.08802744512330606,0.32583705240458577,0.2005023012925364,-1.0937128083551595,4,-1.5889710651894742,998.9,2.4,34.7
0.20349349263353672,0.32791126250448677,U8,MN8014,16.181864194592563,4.01186780497446,WPG,SSPG,0.087730263685473,0.32447355695665925,0.20021690966700578,-1.1020993357421565,0,-1.558935427379831,999.5,2.4,34.2
0.20418169419544524,0.32888074246851806,U8,MN8014,16.177470825879286,4.008542051289609,WPG,SSPG,0.08864242258853587,0.32431151208754916,0.2001531555663293,-1.0890073854788587,5,-1.5889405382303412,999.8,2.4,34.6
0.20518977003647615,0.32920043446025776,U8,MN8014,16.169909988343885,4.000514669346114,WPG,SSPG,0.09034552563591769,0.32500871924191344,0.20031915551176765,-1.0810115945796643,6,-1.5839390028259217,999.9,2.3,35.2
0.20544252407349223,0.3296392037085591,U8,MN8014,16.189847560561653,4.00069726692653,WPG,SSPG,0.08995772090115944,0.3251037767958251,0.20011738298306747,-1.083465407925312,5,-1.57230239842362,999.6,2.4,35.1
0.20577992483159946,0.3304118923042294,U8,MN8014,16.205934900997583,4.000247116347221,WPG,SSPG,0.08946926267764527,0.3263023253314045,0.20010004211947688,-1.0869127233948714,1,-1.5842272921757985,999.3,2.4,35.1
0.20624532935939086,0.33015751663774573,U8,MN8014,16.19776191118457,4.000085029991625,WPG,SSPG,0.09106757224867378,0.32577805619712225,0.2001265495832595,-1.0786886398923967,4,-1.5905523963470323,999.4,2.4,35.4
0.20609703135175758,0.3302529023642219,U8,MN8014,16.199550668523628,4.0001334471592465,WPG,SSPG,0.09064667918993817,0.3255966910439331,0.20012730411543075,-1.082805689071889,2,-1.586509956832641,999.6,2.4,35.2
0.20562095013798287,0.3297426097130932,U8,MN8014,16.178128985382052,4.000272780917591,WPG,SSPG,0.0898695611055126,0.32496112687101153,0.20015819575477709,-1.0831138196425711,6,-1.593505150756096,999.4,2.3,35.1
0.20539092843145956,0.32879518219165366,U8,MN8014,16.187704266635734,4.0006898250100615,WPG,SSPG,0.08990441406382695,0.3249441073440073,0.2000595056307941,-1.0822626873444359,0,-1.569223311405171,999.6,2.4,35.1
0.20507236026078174,0.32945473085679816,U8,MN8014,16.190422905085875,4.001073194126298,WPG,SSPG,0.08926567240518231,0.32485862687833483,0.2000340609409222,-1.0852009141924892,0,-1.5939413224297656,999.2,2.3,34.8
0.20489263581736114,0.3290167162396438,U8,MN8014,16.201722072971794,4.00072069280371,WPG,SSPG,0.08988197414409906,0.32452906365061746,0.20001002899535775,-1.0848889614131207,2,-1.5846261511126034,999.7,2.3,34.9
0.20588003418245565,0.32902414643932143,U8,MN8014,16.2026016783121,4.00000304736991,WPG,SSPG,0.09012690767821827,0.32551376210494826,0.20001322187168516,-1.0800674103455805,0,-1.5893745036396218,999.7,2.4,35.2
0.20547355921090735,0.3296301804190056,U8,MN8014,16.189267517403373,4.000003491088382,WPG,SSPG,0.08991932162666744,0.3246741029261709,0.20000107561880115,-1.0802548710485436,6,-1.5870942067702334,999.7,2.4,35.1
0.20585976801242936,0.3290296340586457,U8,MN8014,16.188416730158533,4.000828170918507,WPG,SSPG,0.08898405251098619,0.32568828874189,0.20000943118514955,-1.0811475419613221,0,-1.5910618337664317,999.6,2.4,35.1
0.2061333570071635,0.3299603368186048,U8,MN8014,16.185653973748423,4.000168647761497,WPG,SSPG,0.08963514427998218,0.3257755844234041,0.20000884272634273,-1.0782940847842373,7,-1.5950464627296377,999.7,2.4,35.2
0.205172641652067,0.3302700218216204,U8,MN8014,16.189136824625013,4.000018989472011,WPG,SSPG,0.08941083790648023,0.32527859296278777,0.2000472579350379,-1.0804616494446782,4,-1.5740112111442883,999.4,2.4,35.0
0.20504551586472533,0.32915292693347853,U8,MN8014,16.197844801623418,4.0006629398322815,WPG,SSPG,0.08972028105086817,0.3249462174263353,0.20001279533021904,-1.079694374592425,0,-1.5903861055463153,999.7,2.4,35.0
0.20479885793351077,0.3296592484634112,U8,MN8014,16.196391997174825,4.000093085335548,WPG,SSPG,0.08903410878289401,0.32494982890801116,0.20002437747691046,-1.0869095675449514,6,-1.588989370029374,999.4,2.4,34.7
0.20481595720482593,0.32873756320647124,U8,MN8014,16.19676820744435,4.001188516635192,WPG,SSPG,0.0891792109767215,0.32494527913277754,0.2000567997083979,-1.0847671968519477,6,-1.5807251967368323,999.2,2.4,34.7
0.20516394993563894,0.3293226065443766,U8,MN8014,16.18347439228232,4.000314274722231,WPG,SSPG,0.08892597492522564,0.3253726774093724,0.20001104789763882,-1.0851052328319777,1,-1.5737191755110356,999.4,2.4,34.8
0.20455664095592135,0.3289813844664311,U8,MN8014,16.196860539673274,4.00040073081104,WPG,SSPG,0.08888789746037135,0.3244694128483536,0.20004332666773503,-1.0882445550053235,2,-1.5881019053031444,999.4,2.4,34.6
0.2046823437583942,0.3289756564333379,U8,MN8014,16.199032222663615,4.002748031746469,WPG,SSPG,0.08871547565279707,0.3252195662044147,0.20011742236225444,-1.090641085852968,3,-1.5852292255661737,999.4,2.4,34.6
0.20517247952184844,0.32945614050428307,U8,MN8014,16.18009605567728,4.000196137751962,WPG,SSPG,0.08901011004927291,0.3249932155341026,0.2000051517180511,-1.0836564755748594,4,-1.5911269695216355,999.6,2.4,34.9
0.205393063647978,0.32901903481451167,U8,MN8014,16.197755002516068,4.000937308168887,WPG,SSPG,0.08885549216730781,0.32554824623138395,0.20002749569523684,-1.0859123032377074,2,-1.5926623364035901,999.5,2.4,34.8
0.20556415336204892,0.32832468050143987,U8,MN8014,16.206121412563434,4.000983117410722,WPG,SSPG,0.08837292358180386,0.32580289329778356,0.20008516740637966,-1.0889110150531474,3,-1.591591587691072,999.2,2.4,34.7
0.20526474008876,0.32861002296237524,U8,MN8014,16.198810138500146,4.00220100225079,WPG,SSPG,0.0884222774269943,0.3257015191649779,0.20012502169860447,-1.0908923736060183,0,-1.5864892604165686,999.3,2.4,34.6
0.20513217057133876,0.32821341030989015,U8,MN8014,16.204457235430233,4.00208948397223,WPG,SSPG,0.08812624874415122,0.3252675293042765,0.20009618159646891,-1.091878919537936,7,-1.5827272203756007,999.5,2.4,34.6
0.2053640324739631,0.3281059778906652,U8,MN8014,16.233257027188642,4.003879546084347,WPG,SSPG,0.08862843698808406,0.32537972705165075,0.2001032246402261,-1.0909087585430342,4,-1.5910831594926051,999.2,2.3,34.6
0.2059471543428465,0.32823699943214407,U8,MN8014,16.23337310673192,4.0025868713232695,WPG,SSPG,0.08898121093004331,0.32593003310386776,0.2000816441468704,-1.0849804217291825,2,-1.586457383633574,999.5,2.3,34.9
0.20560624544751738,0.32776880795593955,U8,MN8014,16.237186449472887,4.003310326457565,WPG,SSPG,0.08887106382163994,0.3255121601121543,0.20006596165711785,-1.0856883091019927,4,-1.588244739238677,999.6,2.3,34.8
0.2052623185976773,0.32817543372996894,U8,MN8014,16.224638385645797,4.005180743341638,WPG,SSPG,0.08912551927182447,0.32562512594891063,0.2001274846728938,-1.0860416415979273,2,-1.5888468621850542,999.0,2.3,34.7
0.20567799892409858,0.3284862804167834,U8,MN8014,16.214732077694322,4.00317235562261,WPG,SSPG,0.08940230693548767,0.32553506524697456,0.20011132432145315,-1.0829605691716924,1,-1.5913201514592128,999.3,2.3,34.9
0.20594631937918484,0.3285165449728284,U8,MN8014,16.2195670903468,4.0020931102137105,WPG,SSPG,0.08891800777116611,0.32554930542717564,0.20008350942332825,-1.0834576000143006,1,-1.5926093668009642,999.3,2.3,34.9
0.20500062582638884,0.3285312195075322,U8,MN8014,16.22167792657315,4.002962718961819,WPG,SSPG,0.08894851348124079,0.3252341541071235,0.20006268457311566,-1.0869765347286913,4,-1.5879793153372557,999.3,2.4,34.7
0.20561818641019353,0.3284197796755631,U8,MN8014,16.237494021407148,4.00408813520323,WPG,SSPG,0.08902092509923595,0.3257171768607835,0.2001627912860141,-1.0877344630848442,6,-1.5906789110346775,998.9,2.3,34.7
0.2053139078839584,0.32826241218910535,U8,MN8014,16.21530017931621,4.002475931578194,WPG,SSPG,0.08902227960539534,0.32555062508673704,0.2001070788351126,-1.0856397100233564,2,-1.5896547495716487,999.3,2.3,34.7
0.2058092028439223,0.3289089806281442,U8,MN8014,16.2192290407093,4.0007521481389405,WPG,SSPG,0.09009389892837576,0.3259304085776775,0.20010708610262176,-1.0791312593983813,2,-1.583217399705875,999.3,2.3,35.1
0.2056254081272897,0.3285410271070519,U8,MN8014,16.219575289878694,4.001876556770516,WPG,SSPG,0.08940197995994852,0.32566025956034705,0.20011436712800215,-1.0782003019023598,4,-1.589863391342961,999.5,2.3,35.0
0.20535125826725734,0.32908178033207397,U8,MN8014,16.198763022564005,4.00099080939828,WPG,SSPG,0.08976575538333592,0.3253028778728652,0.20004855520980425,-1.079678730362072,7,-1.5916043125955213,999.7,2.4,35.0
0.20556860387911885,0.3287285158047587,U8,MN8014,16.22138613974137,4.001980318190374,WPG,SSPG,0.08959253567589379,0.32578334167116674,0.20013334600874702,-1.0796631461611026,4,-1.586589052583161,999.4,2.4,35.0
0.20578778781449686,0.32879456533401996,U8,MN8014,16.215113929226213,4.000519993407576,WPG,SSPG,0.0896192175949327,0.3256785101583626,0.20003007201430933,-1.077402663588959,1,-1.5883260250039957,999.8,2.3,35.1
0.2054872554294603,0.32885628880972173,U8,MN8014,16.221267108892416,4.001070908662622,WPG,SSPG,0.08992631793513632,0.32600938176636546,0.2000906851856955,-1.080428228013393,5,-1.5810066434043097,999.6,2.4,35.0
0.20534589745149906,0.32870235408039483,U8,MN8014,16.20666301638179,4.001672702481677,WPG,SSPG,0.0898625391673476,0.3253980722132432,0.20007720843506413,-1.0793915693644367,5,-1.5868948326195103,999.6,2.3,35.0
0.20462392727257828,0.32872594578834374,U8,MN8014,16.202726509902497,4.004046826335336,WPG,SSPG,0.08987543881561261,0.3250253547974548,0.2000656801002867,-1.081999373763007,3,-1.5872125345920551,999.6,2.3,34.8
0.2052065551914219,0.32846696098096945,U8,MN8014,16.206939511740615,4.002258844615026,WPG,SSPG,0.08956296247714603,0.32518232544149356,0.20002808102328007,-1.0809759863747574,5,-1.5853292931099912,999.8,2.3,35.0
0.20538549207822288,0.3283301663320982,U8,MN8014,16.197359272029857,4.00149630456153,WPG,SSPG,0.08940344573087662,0.3252903894290805,0.20001547428968838,-1.0813191305427958,1,-1.5935240784999554,999.8,2.3,34.9
0.20534226627072644,0.32868403580265027,U8,MN8014,16.189718425858928,4.00086107431241,WPG,SSPG,0.08961214273285714,0.32508835140422343,0.20000096742139203,-1.0793356261324172,0,-1.5901644484767843,999.9,2.4,35.0
0.20509650603637258,0.3281269731997816,U8,MN8014,16.206240280576907,4.002484497255184,WPG,SSPG,0.08919509199488464,0.3250184415308053,0.20001105275330794,-1.083696033062269,4,-1.5851266441130551,999.8,2.3,34.8
0.20514526282133028,0.32820520630741057,U8,MN8014,16.201184719803152,4.001945015976064,WPG,SSPG,0.0894547439484123,0.3253631829145544,0.2000653687105764,-1.0846043323221681,3,-1.5785335767982573,999.8,2.3,34.9
0.20530065335233305,0.3281846302492168,U8,MN8014,16.188026185369495,4.001492880299228,WPG,SSPG,0.08943945970199657,0.3251650711824366,0.20000664858908765,-1.0826503591470698,3,-1.5896097748201576,999.9,2.3,34.9
0.205195480789093,0.32807961768299343,U8,MN8014,16.197582420320565,4.001704184597713,WPG,SSPG,0.08926825408667706,0.32509028568007664,0.2000385791820858,-1.0843071453121156,2,-1.589807564430263,999.8,2.3,34.8
0.20535932782405766,0.32813860339476486,U8,MN8014,16.17743076807595,4.000843485100826,WPG,SSPG,0.08918182209399823,0.32521125657194333,0.20002702264404168,-1.0822864695346164,3,-1.5934680722784424,1000.0,2.4,34.9
0.20535763768732848,0.32804286761745605,U8,MN8014,16.18459200514638,4.002455447375058,WPG,SSPG,0.08913886500288189,0.32515297708492047,0.20003696772406848,-1.084752155808156,4,-1.5929759061415911,999.9,2.3,34.8
0.20573559036824302,0.3279175550293538,U8,MN8014,16.191544070022246,4.001927459756588,WPG,SSPG,0.08953370017983325,0.32522840465259556,0.20007218841191327,-1.081922056227791,2,-1.5937414613384764,999.8,2.3,35.0
0.20550949019427295,0.3282561993019777,U8,MN8014,16.18420039362441,4.001555082540827,WPG,SSPG,0.08977515396491459,0.32521007607493296,0.20002171763124277,-1.0794621822166084,4,-1.5920311193991168,999.9,2.3,35.0
0.20533748429356613,0.3281102658888936,U8,MN8014,16.199121239611927,4.002582138721915,WPG,SSPG,0.0894304342650376,0.3251271261992044,0.20002186194060384,-1.0824513420493083,7,-1.5927134856602585,999.9,2.3,34.9
0.2052788422336042,0.3275875499506451,U8,MN8014,16.19216134352207,4.003199388354022,WPG,SSPG,0.08935864361666976,0.3248053310157197,0.20002334687154205,-1.082747853431688,6,-1.5970588724648174,999.9,2.3,34.8
0.20536667422778365,0.3277574725284435,U8,MN8014,16.199276986877216,4.00149122181026,WPG,SSPG,0.0894907528897927,0.32487514269353523,0.2000061779784738,-1.0815183591419548,7,-1.5948792614091207,999.9,2.3,34.9
0.2059018387253475,0.32769494190700005,U8,MN8014,16.19762911532701,4.000937786831767,WPG,SSPG,0.08940746855002757,0.3252621086806567,0.2000001033527025,-1.079107768420863,6,-1.5982480091949576,1000.0,2.3,35.0
0.20572320510338327,0.3274294334744119,U8,MN8014,16.199783259109125,4.001991201131278,WPG,SSPG,0.08884209861458524,0.3252759172781517,0.20001444250211012,-1.084547123705343,3,-1.5942470355530922,999.9,2.3,34.8
0.20579765999956526,0.3273603337914996,U8,MN8014,16.2041102529746,4.001692949653432,WPG,SSPG,0.08888361319088446,0.3251560151227288,0.20002184022740005,-1.086092602863123,3,-1.591135431061657,999.9,2.3,34.8
0.20608196947062493,0.3272984549017023,U8,MN8014,16.203178854518423,4.000869240231725,WPG,SSPG,0.08902435155871322,0.32527413642077607,0.20001259540203808,-1.0840555436530013,0,-1.5932448248055984,999.9,2.3,34.9
0.20564771548883262,0.3273818776723071,U8,MN8014,16.204878156456733,4.002291758119144,WPG,SSPG,0.08897722875618794,0.3252438827496839,0.20000815435746574,-1.084953673159028,1,-1.596475827411263,999.9,2.3,34.8
0.20553034149960336,0.3275897779686133,U8,MN8014,16.194377012350202,4.001268160745408,WPG,SSPG,0.08905372777150095,0.32512138873399027,0.20000094812631986,-1.0838074909388737,6,-1.5971503985547653,1000.0,2.3,34.8
0.20533267145784231,0.3273779833814169,U8,MN8014,16.199962159471127,4.001087955362405,WPG,SSPG,0.08880835344468237,0.3251088352525636,0.200000157413544,-1.0866769082028591,1,-1.594037138702289,1000.0,2.3,34.7
0.20542812880753425,0.32709237446218564,U8,MN8014,16.199709108940127,4.002107236109577,WPG,SSPG,0.0886520191202336,0.3250486051091084,0.20000555039747098,-1.0874692568578963,5,-1.595517201213216,1000.0,2.3,34.6
0.2052051753073469,0.3270800403188418,U8,MN8014,16.19540423363243,4.002469222817883,WPG,SSPG,0.08877171026624811,0.3248127105853385,0.2000010070666388,-1.0863765020567933,0,-1.585017517284241,1000.0,2.3,34.6
0.20572034731394256,0.3268474192755518,U8,MN8014,16.20559280246358,4.001157758096166,WPG,SSPG,0.08869699661325078,0.3254134778502296,0.20003753828388657,-1.0885802803832105,2,-1.5953022913155124,1000.0,2.3,34.7
0.20508608818915436,0.32669948044231306,U8,MN8014,16.20939228635639,4.002251185060528,WPG,SSPG,0.08852224614700992,0.3248946549598168,0.20002657287430387,-1.0920792596272448,0,-1.5920058271714783,1000.0,2.3,34.5
0.205718625322083,0.32721986220029337,U8,MN8014,16.202968924186504,4.000290836056209,WPG,SSPG,0.08845105698772768,0.32515180066814114,0.20000177766582006,-1.089390081721013,3,-1.5968445118151404,1000.0,2.3,34.6
0.20586305257322549,0.32702775861694283,U8,MN8014,16.20782613559678,4.000751166477748,WPG,SSPG,0.08825346204291877,0.3253347973777141,0.20000613694796654,-1.0913764096479102,2,-1.5953144526076208,1000.0,2.3,34.6
0.20576411540177708,0.32688091731636887,U8,MN8014,16.224776613584392,4.000779547317714,WPG,SSPG,0.08840337668274932,0.32527288884218053,0.20001985038453454,-1.093593259344479,7,-1.5935453657600576,999.9,2.3,34.5
0.20531410743566625,0.32684690748174905,U8,MN8014,16.20071939814721,4.000906535401856,WPG,SSPG,0.08822456525699222,0.3248551438985945,0.20001403650537763,-1.0950158406439716,7,-1.5966941864101898,1000.0,2.3,34.4
0.20539166047321986,0.3272094956773259,U8,MN8014,16.18256218749142,4.001079964033905,WPG,SSPG,0.08814485839662124,0.32512720667273937,0.2000005382824341,-1.0919154154804238,7,-1.5949814997025324,1000.0,2.3,34.5
0.20539546721134494,0.32680526490078765,U8,MN8014,16.196816168612177,4.000695826587806,WPG,SSPG,0.0877362418968204,0.325107570392349,0.2000169979474204,-1.0969589582789379,6,-1.5942145416768145,999.9,2.3,34.3
0.2049097313231841,0.32590434203561647,U8,MN8014,16.21002405504249,4.003205800719817,WPG,SSPG,0.08738808859994439,0.32447058623489605,0.20005019465565246,-1.1038641637366444,3,-1.5889045312953538,1000.0,2.3,34.1
0.2048294366485755,0.3260459817186889,U8,MN8014,16.211798734027518,4.002433761590668,WPG,SSPG,0.08767628812817077,0.32427377510021044,0.20001795561374033,-1.0991073610802322,2,-1.5941152813029955,1000.0,2.3,34.2
0.20523808900174556,0.32603501548792735,U8,MN8014,16.21225563396204,4.001238306476265,WPG,SSPG,0.08708673227735508,0.32464790455629483,0.2000011052647466,-1.1026816241253552,4,-1.5895662281363112,1000.0,2.3,34.1
0.20531493996277722,0.32562804740138385,U8,MN8014,16.218852833449077,4.001728261401129,WPG,SSPG,0.08705861768902176,0.3243410156610873,0.20000012450996046,-1.101971921724526,7,-1.5992523350570345,1000.0,2.3,34.1
0.20523245112612679,0.32609984993137764,U8,MN8014,16.221995888102107,4.001354605264702,WPG,SSPG,0.08764064441433093,0.32449655913608366,0.20000864294417026,-1.0986876285315332,0,-1.5993109695887426,999.9,2.3,34.2
0.20486207685800156,0.3258315662141152,U8,MN8014,16.22166025546859,4.003423741533503,WPG,SSPG,0.08762780281603011,0.32398919915594154,0.20000513578130144,-1.0991100283540436,0,-1.5980967015143062,1000.0,2.3,34.2
0.2057884813434876,0.32549343647320456,U8,MN8014,16.211750442007748,4.00112096524696,WPG,SSPG,0.087347075770768,0.32438157142039564,0.20000539605909828,-1.100525081477567,4,-1.5876252548863015,1000.0,2.3,34.3
0.20561992232977805,0.3260163687654494,U8,MN8014,16.238992434551882,4.00144054391574,WPG,SSPG,0.08843807413530465,0.3245270579970284,0.20001792536628085,-1.0960602560837858,6,-1.5942496755361457,999.9,2.2,34.4
0.20557768179569058,0.3257608360748481,U8,MN8014,16.22653267109761,4.002719460599882,WPG,SSPG,0.08747867695867817,0.3245428542467748,0.20000556186419105,-1.0991855039914094,7,-1.5969490034987412,1000.0,2.2,34.3
0.20552794315909292,0.32537850294574433,U8,MN8014,16.231163581468532,4.003185425103564,WPG,SSPG,0.08712072906045323,0.3244144242232738,0.20000907406610782,-1.1030677403882496,1,-1.5934996733228335,999.9,2.2,34.2
0.20591273798012572,0.3253273528922012,U8,MN8014,16.245376038668688,4.00139026579048,WPG,SSPG,0.0874081384815765,0.3247291088953173,0.20000001827577182,-1.0969569220319562,2,-1.5945044930750605,1000.0,2.2,34.4
0.20578078700001212,0.32550806738886906,U8,MN8014,16.242489370283984,4.001768796897817,WPG,SSPG,0.08703689096485147,0.3248959662152608,0.2000000005831159,-1.1028125570360277,5,-1.5870786599799818,1000.0,2.3,34.3
0.20567146000789244,0.3250651666898344,U8,MN8014,16.2402570034638,4.0034606744644154,WPG,SSPG,0.08683597043800276,0.3247607030667623,0.20000633754509908,-1.1065568416450515,2,-1.5893763585627845,1000.0,2.2,34.1
0.20604364853990761,0.32474533491269425,U8,MN8014,16.222655427344066,4.001172399451571,WPG,SSPG,0.08558772500343867,0.3246589206414047,0.20000001846715104,-1.111357050844946,6,-1.6042583658345926,1000.0,2.3,34.0
0.20568054700189847,0.32433124117353657,U8,MN8014,16.232882450373715,4.002130260114519,WPG,SSPG,0.08548050852775943,0.3242220171979409,0.2000026735273439,-1.1113548425588353,4,-1.6031625911889087,1000.0,2.3,33.9
0.20582081982293104,0.3248165370588055,U8,MN8014,16.239654260432175,4.00174600087499,WPG,SSPG,0.08621722907718793,0.32450512371793144,0.20000006750653193,-1.110086041662482,7,-1.606121877424215,1000.0,2.2,33.9
0.20555459319184205,0.32368249025004864,U8,MN8014,16.2417057316283,4.002950605684982,WPG,SSPG,0.08519730733800379,0.3239686451856424,0.20000051765706836,-1.1159924871120166,0,-1.5953687004489865,1000.0,2.2,33.7
0.20609806067945766,0.32508988227588664,U8,MN8014,16.242615577047026,4.002507743580165,WPG,SSPG,0.08599916436292618,0.32477020165191195,0.20002443499013778,-1.1073243941375543,1,-1.6022602349800046,1000.0,2.2,34.1
0.20585494069367302,0.324218381050217,U8,MN8014,16.21097904546997,4.001960389364281,WPG,SSPG,0.08562578558104585,0.3242628922463636,0.20000041163278684,-1.1110553162153491,2,-1.5997837763573486,999.9,2.2,34.0
0.20608574908346547,0.3246074144603479,U8,MN8014,16.233427109983715,4.001315876147824,WPG,SSPG,0.08576623067561202,0.3243750409953197,0.20000502268840903,-1.1081091676733534,0,-1.6055140269725285,1000.0,2.2,34.1
0.2058075488064915,0.3238553828819849,U8,MN8014,16.217035778497536,4.001303279878818,WPG,SSPG,0.08498083292034793,0.3239860819941195,0.20000003331753963,-1.1135620247888443,3,-1.6012540743297734,999.9,2.2,33.9
0.20594363404909133,0.32350197865804525,U8,MN8014,16.22495803880145,4.001855626161377,WPG,SSPG,0.08477217103770536,0.3243977344588712,0.2000073668668587,-1.1180719960183227,5,-1.5976889195628807,1000.0,2.2,33.8
0.20607227765560954,0.3238349624973029,U8,MN8014,16.21941091827599,4.001370560734658,WPG,SSPG,0.08478803967241497,0.3244002124010792,0.2000000453381124,-1.1153482813843267,2,-1.6070525680039704,1000.0,2.2,33.8
0.20589868507485004,0.3231930699903348,U8,MN8014,16.225445454219024,4.003249622764295,WPG,SSPG,0.08450927333893668,0.3238686310743854,0.20000660494261882,-1.1208903419756295,6,-1.6002391071207072,1000.0,2.2,33.7
0.20574502691635788,0.3230728248585335,U8,MN8014,16.227239476341055,4.001601230323726,WPG,SSPG,0.08405751031406702,0.3241095206393601,0.20005333504851136,-1.1266724383429265,2,-1.5984694628957836,1000.0,2.2,33.5
0.20609732229608846,0.32359904258004374,U8,MN8014,16.22385623493613,4.001057224021753,WPG,SSPG,0.08408464842432174,0.3240346437068426,0.20015135816477148,-1.125971116475537,7,-1.6027655903603844,999.9,2.2,33.6
0.20554087482190306,0.32379261332133236,U8,MN8014,16.216721453065304,4.000904488677283,WPG,SSPG,0.08424667471788105,0.32371402673675165,0.20014232485302225,-1.1228708224575066,0,-1.5987473577119893,1000.0,2.3,33.7
0.20557021812400983,0.32371865598880856,U8,MN8014,16.202809935903986,4.001350110832607,WPG,SSPG,0.08414464861445371,0.323760592780273,0.200059559520141,-1.1271022993398336,1,-1.5951817391960095,1000.0,2.3,33.6
0.20555262439125085,0.324416027615567,U8,MN8014,16.192105553869048,4.000396431977715,WPG,SSPG,0.0852472952848567,0.3239293853793704,0.2000734952301882,-1.1166019217648402,5,-1.5970330045013164,999.9,2.3,33.9
0.20572221772884397,0.32421676518371867,U8,MN8014,16.185909893030136,4.000267958108008,WPG,SSPG,0.08448709610707014,0.32388388195144935,0.20003626864098178,-1.1239796163582343,1,-1.5983126682186235,1000.0,2.3,33.8
0.20592917954608092,0.3249008085860104,U8,MN8014,16.19092549585467,4.000036094653472,WPG,SSPG,0.08502413588617104,0.3239475335265186,0.20002383741375804,-1.1187026181856674,3,-1.6059654727276396,1000.0,2.3,33.8
0.20609555038669103,0.32502504059016585,U8,MN8014,16.190163965262318,4.00000261103465,WPG,SSPG,0.08422847547095443,0.32438566996862517,0.20006970607143754,-1.124656266596735,4,-1.6051637498756044,1000.0,2.3,33.7
0.2060471452193415,0.3251258456593092,U8,MN8014,16.209501927661357,4.000002269374444,WPG,SSPG,0.08464195376983229,0.32427593262459825,0.2000900507054542,-1.1227335738186153,3,-1.590732499810958,1000.0,2.3,33.8
0.20590458173383852,0.3252285074852281,U8,MN8014,16.192665188119552,4.000352031130331,WPG,SSPG,0.08527914199679898,0.32410622544930245,0.20014827231379603,-1.1167017984627554,5,-1.6034862374077736,999.9,2.3,33.9
0.20619169891654357,0.3249495911630167,U8,MN8014,16.179266012085897,4.000068784732679,WPG,SSPG,0.08452089013608893,0.3243495408245086,0.20005098470928318,-1.1157461799379949,2,-1.6064889441863563,1000.0,2.3,33.9
0.20586092770285955,0.32388200375000686,U8,MN8014,16.178851463408602,4.00000360808632,WPG,SSPG,0.0830937255026018,0.3241091190205729,0.20006227814333316,-1.1312992827296222,1,-1.6006668179944068,1000.0,2.3,33.5
0.20551955792503498,0.3226487167200911,U8,MN8014,16.192648367039574,4.000565773069343,WPG,SSPG,0.08314426751530388,0.32346416546295853,0.2000835324687675,-1.1335391263354062,0,-1.5973715460383175,999.9,2.3,33.4
0.20568618832198982,0.32232447147721854,U8,MN8014,16.19251612113023,4.000456956098372,WPG,SSPG,0.08227856837353364,0.32318272875904525,0.20004186172476165,-1.1362208530049178,3,-1.6011239669502757,999.9,2.3,33.3
0.20600458320285586,0.322069261931274,U8,MN8014,16.199165883541596,4.00007030333305,WPG,SSPG,0.08198569722947768,0.3231962254606135,0.2000095926579264,-1.1381545947483431,6,-1.6001119301370235,999.8,2.3,33.2
0.20586275653268005,0.3224652626431008,U8,MN8014,16.221657338451443,4.000053707303069,WPG,SSPG,0.08234329517200961,0.3235116366091541,0.20000262561803162,-1.1383996733567743,2,-1.6048335029879297,1000.0,2.2,33.1
0.20595124866649872,0.3221749816174223,U8,MN8014,16.1815082415837,4.0003570064945535,WPG,SSPG,0.08167408738090069,0.32312092072895354,0.20000566473926965,-1.1379687270087502,7,-1.6074447955693731,999.9,2.3,33.2
0.20640372151974137,0.32242099209388647,U8,MN8014,16.17110983470306,4.00085841062026,WPG,SSPG,0.08166264227954839,0.32335414510291394,0.20000101990719044,-1.136945507826323,3,-1.60742656336779,999.7,2.3,33.3
0.2060715398140738,0.3225038351059569,U8,MN8014,16.19900054285844,4.000105494396175,WPG,SSPG,0.08275979479828724,0.32342922477459324,0.2000725544164842,-1.1352311794757362,5,-1.6023812294632531,1000.0,2.3,33.3
0.20617199455373567,0.32284181370446163,U8,MN8014,16.216421876643352,4.000013259005664,WPG,SSPG,0.0826456632179486,0.3235282383315149,0.20005537359859393,-1.135796079688816,2,-1.6085632707699684,1000.0,2.3,33.3
0.20584249471240965,0.32292962139392545,U8,MN8014,16.197791043811804,4.000000862610188,WPG,SSPG,0.08299026734474464,0.32348685399111016,0.2000441291472907,-1.1328774936451254,1,-1.597050807201171,999.9,2.3,33.3
0.20613407907563103,0.32278152183827935,U8,MN8014,16.180448425062913,4.000502723172012,WPG,SSPG,0.08215300017018663,0.3233092986772479,0.20000077760025173,-1.1341657830137053,6,-1.6082660119278351,999.7,2.3,33.3
0.2064723543855495,0.3231082136161939,U8,MN8014,16.18548428269861,4.001737891503805,WPG,SSPG,0.08229656173468988,0.32391493711169933,0.20002223638901104,-1.136211999871567,1,-1.59914737488959,999.9,2.3,33.4
0.20610659633736847,0.3233398038437321,U8,MN8014,16.166037073613598,4.000440227122348,WPG,SSPG,0.08227072952915013,0.3236869822284738,0.20000123155520663,-1.136510628113219,0,-1.6024500365811143,999.8,2.4,33.3
0.20616106425320838,0.3237999342920538,U8,MN8014,16.1740953768363,4.000855231527133,WPG,SSPG,0.08283737868502464,0.323737354288823,0.20001701983146278,-1.1320888424043836,1,-1.6100833479204066,999.8,2.4,33.4
0.20595634991956968,0.32299264196578353,U8,MN8014,16.187964855373423,4.000089448073092,WPG,SSPG,0.08278843856578469,0.32320814816460286,0.2000000652951848,-1.1347476743499776,6,-1.6082630631571266,999.8,2.3,33.3
0.20573743723241045,0.32307270668337057,U8,MN8014,16.18010699550973,4.000062509032707,WPG,SSPG,0.08288692391279048,0.32319811743593374,0.2000000002794381,-1.1342070498116534,1,-1.6044065441983069,999.7,2.3,33.3
0.2054771732406756,0.32242794946983094,U8,MN8014,16.17228458767262,4.000036573836623,WPG,SSPG,0.08245573444293962,0.32254384312550466,0.20000012974669265,-1.1358930436389636,3,-1.5951309603153039,999.5,2.3,33.2
0.20559190360449256,0.3224875056931742,U8,MN8014,16.17338000850527,4.000013847055459,WPG,SSPG,0.08230464568342258,0.32289717012739644,0.20000842776159342,-1.1381536369118792,3,-1.602113242454239,999.2,2.3,33.2
0.20574790533228365,0.3225793379759322,U8,MN8014,16.168974992910172,4.000614144282423,WPG,SSPG,0.08217718280530804,0.3229725941957159,0.20001009364633218,-1.1385920714846076,0,-1.6021519205938652,999.3,2.4,33.2
0.2057729308243623,0.32247688148191805,U8,MN8014,16.184412492206015,4.000153308490054,WPG,SSPG,0.08199760819514201,0.32311864189671446,0.20000019255401752,-1.139012256533062,0,-1.6045717300464055,999.6,2.3,33.2
0.20617164448242747,0.32328478808481564,U8,MN8014,16.17475507514429,4.000915507983774,WPG,SSPG,0.08252190622554675,0.32339112066477843,0.20000522566066986,-1.1322892591807325,5,-1.5996656835323382,999.4,2.4,33.5
0.206142462215631,0.32296907984236245,U8,MN8014,16.183783722276964,4.00086608395225,WPG,SSPG,0.0825791028131139,0.32331202795541036,0.2000232806207432,-1.134842925799068,1,-1.605781687495437,999.2,2.3,33.4
0.2062559721858227,0.32387136350464407,U8,MN8014,16.17381751959801,4.001340910176521,WPG,SSPG,0.08288708630136667,0.323571853293536,0.20004800677628223,-1.1327634167657046,7,-1.6065691625321676,999.2,2.4,33.5
0.20617065362557996,0.3231406509523539,U8,MN8014,16.174254008035824,4.001502516526441,WPG,SSPG,0.0824567655611181,0.32336509481110154,0.20007448807665074,-1.1339926857950726,4,-1.607597024831131,998.8,2.3,33.4
0.2062008033213616,0.32237043864638626,U8,MN8014,16.19055878857221,4.000364377414356,WPG,SSPG,0.08197164530334537,0.32322590929379,0.20008306019436048,-1.1352303172323364,1,-1.5940520023077553,999.0,2.3,33.3
0.20626781463022154,0.32259085769661355,U8,MN8014,16.192902950367774,4.000557118354826,WPG,SSPG,0.08194040781996577,0.32341924149605716,0.20001774595384225,-1.1376338436441495,6,-1.5959856054489734,999.4,2.3,33.3
0.20616495512800462,0.32223462450777957,U8,MN8014,16.19064003819441,4.000890960033065,WPG,SSPG,0.08184651990842409,0.3231590092965498,0.200099011358574,-1.1387534214714492,0,-1.6004624805845307,999.2,2.3,33.2
0.2060003046378257,0.32271555981522426,U8,MN8014,16.182342533917335,4.000529048173541,WPG,SSPG,0.08209127624879939,0.3233600408908813,0.20003841793569527,-1.1368596805395217,4,-1.6043272020840913,999.4,2.3,33.2
0.20621880849277346,0.32195521729816146,U8,MN8014,16.181439757982105,4.0010817730369,WPG,SSPG,0.08098951125298136,0.32322403662426935,0.20007836610788413,-1.1420621406842764,5,-1.6081051083311397,998.9,2.4,33.1
0.2063731919860502,0.3220246723477374,U8,MN8014,16.177026689480435,4.001494835653849,WPG,SSPG,0.08121908040531609,0.32335845883036546,0.2001080976138767,-1.140380055054011,4,-1.5889637587258356,998.6,2.4,33.2
0.2061974184376301,0.3217745078910481,U8,MN8014,16.176230610118623,4.001370058186118,WPG,SSPG,0.08069514943748203,0.3230517576762956,0.200165070564754,-1.1424129815439852,5,-1.594986299806811,998.4,2.4,33.1
0.20607387443303993,0.3216442080005637,U8,MN8014,16.161930976492727,4.001791351708848,WPG,SSPG,0.0805344050677247,0.3230539086771736,0.20009832966607322,-1.1444361687988063,0,-1.6097768104501604,998.5,2.4,33.0
0.2064293464435205,0.32193759737030136,U8,MN8014,16.161425132932663,4.003782660373629,WPG,SSPG,0.0803354372931056,0.32357099177827353,0.20012419816802537,-1.1439603904862703,7,-1.6075041102701473,998.3,2.4,33.1
0.20628860167945495,0.32168657205475537,U8,MN8014,16.164238712586176,4.0022074722914684,WPG,SSPG,0.08030745550937118,0.3233911432176604,0.20004586676518957,-1.146992450667132,1,-1.608660103348143,998.5,2.3,33.0
0.2062123127438807,0.321903106710081,U8,MN8014,16.164383591751267,4.003443220665511,WPG,SSPG,0.08031349478109306,0.32329489496151825,0.20013513113427003,-1.1472939036049319,7,-1.6047961396489825,998.1,2.4,33.0
0.20617617765468194,0.3218801082304319,U8,MN8014,16.159433006493614,4.002138748657937,WPG,SSPG,0.08093838447543009,0.32308590807625187,0.2000566920744296,-1.1425957864585357,3,-1.6020516206978819,998.3,2.4,33.2
0.20649903094381034,0.32197709326653257,U8,MN8014,16.151558392560574,4.002171057527818,WPG,SSPG,0.08040046319658502,0.3234643009060199,0.2000144208250147,-1.143654956883494,2,-1.6003983426486617,998.3,2.4,33.2
0.20648114597213263,0.32148145868658734,U8,MN8014,16.165626720596798,4.002897947188251,WPG,SSPG,0.08034579541535722,0.32334985160293006,0.20000464781883082,-1.1464271724920785,7,-1.6061705373439867,998.4,2.3,33.1
0.2063730585795649,0.32219775085886426,U8,MN8014,16.16119848610499,4.001992974248228,WPG,SSPG,0.08110163103354324,0.3235453607829871,0.20001160144027516,-1.1397397433727892,1,-1.6042638221016574,998.2,2.3,33.3
0.20621363071611498,0.32239485839803617,U8,MN8014,16.167235305070186,4.001725540836359,WPG,SSPG,0.0812694449969132,0.32374138300246147,0.20001297801529602,-1.1390637244289827,6,-1.6008476190077339,998.3,2.4,33.3
0.2064810730511612,0.32231481625516867,U8,MN8014,16.16802836096224,4.002421562176165,WPG,SSPG,0.08090733822427121,0.32394308238460007,0.20002781308387602,-1.1411715373016271,1,-1.6097898117018818,998.2,2.4,33.2
0.20643101355643204,0.3227670223952135,U8,MN8014,16.15652255157447,4.001411003095401,WPG,SSPG,0.08132481038275746,0.32405163704684464,0.20000200913836755,-1.13844939501459,3,-1.6094167204625887,999.0,2.4,33.3
0.20640525996689082,0.3221241277850697,U8,MN8014,16.160329197000358,4.002192668666236,WPG,SSPG,0.0806457299606404,0.32378762760885266,0.2000103671453578,-1.143629319178124,1,-1.6105659667843106,998.8,2.3,33.1
0.2062940280594406,0.32153884477128886,U8,MN8014,16.15034592139658,4.003514993361973,WPG,SSPG,0.07996704335902287,0.3235789887521136,0.20003213691138924,-1.1477707461792903,1,-1.6059696343726948,998.1,2.3,33.0
0.20659719989697228,0.32215569404179734,U8,MN8014,16.156427281463095,4.003498095160491,WPG,SSPG,0.08049640907975077,0.32386644804104425,0.20000341649915274,-1.1440696189793762,1,-1.602030590932774,998.7,2.3,33.2
0.20634216418652318,0.3221363306024373,U8,MN8014,16.157893000081742,4.002609896599514,WPG,SSPG,0.08079422612959031,0.32354683841951076,0.20000167874055116,-1.1435264308666133,7,-1.6061211732918927,998.8,2.3,33.1
0.20640414289797987,0.32177176250695033,U8,MN8014,16.17753316172923,4.003719572558584,WPG,SSPG,0.0804726903427112,0.32360123066113594,0.20001402896247544,-1.1469724931910243,7,-1.6057275250169045,998.6,2.3,33.0
0.2064755983801226,0.32163429415202743,U8,MN8014,16.162414472782913,4.004129407632318,WPG,SSPG,0.0802177004512524,0.32348434119219954,0.20003171269561026,-1.147458743721646,5,-1.611080391827258,998.4,2.4,33.0
0.2064173527172259,0.32188059488412435,U8,MN8014,16.16555988975714,4.003884349017162,WPG,SSPG,0.08050191936455107,0.3234592313564573,0.2000391092749794,-1.1484665898178483,1,-1.6057742585994461,998.8,2.4,33.0
0.20630063969658488,0.3215648949709885,U8,MN8014,16.177608719406784,4.00330500834948,WPG,SSPG,0.08063524684552657,0.3234628311401387,0.20001007447432967,-1.1492103234387312,4,-1.6106018664653288,999.1,2.4,32.9
0.20640742684707447,0.3213660172708567,U8,MN8014,16.157151377093804,4.004409823118745,WPG,SSPG,0.07964666366823295,0.32367541486520424,0.20001570117092726,-1.1527988549916264,3,-1.6086558170755403,998.7,2.4,32.8
0.20594166833063796,0.3206448596319988,U8,MN8014,16.176147500080837,4.002695065086555,WPG,SSPG,0.07968388049287291,0.32315189913892634,0.20002331051809397,-1.15555193412682,4,-1.6046305667601217,998.5,2.4,32.7
0.20605966704274306,0.3212347112227894,U8,MN8014,16.167959228406552,4.0024668912698,WPG,SSPG,0.08033588686691423,0.32331262208798667,0.2000362829941181,-1.152634659086443,1,-1.607827049750762,998.9,2.4,32.8
0.20616925041778716,0.3209590957276557,U8,MN8014,16.16574532294475,4.004568015913592,WPG,SSPG,0.07967642052526165,0.32357259441477315,0.20005833246407623,-1.156325613441323,2,-1.5987686112559611,998.5,2.4,32.7
0.2062866198479545,0.3208056133543117,U8,MN8014,16.172818988999076,4.004178251544331,WPG,SSPG,0.07964851804604597,0.32341303925718407,0.20002997678765855,-1.155667139738931,5,-1.604220682701147,998.8,2.3,32.7
0.20637426548852308,0.32123996171362706,U8,MN8014,16.162559208317735,4.004016699014202,WPG,SSPG,0.08009461282254954,0.32342902149785197,0.200002304226594,-1.1501273699590153,0,-1.6064525990580165,999.0,2.4,32.9
0.20637531317728924,0.3216831644301284,U8,MN8014,16.154187176324065,4.002658522932543,WPG,SSPG,0.08030137998573295,0.32352700932976275,0.20000957316015822,-1.149099000587716,0,-1.6008604562155622,999.2,2.4,33.0
0.20605350103304237,0.320593374954957,U8,MN8014,16.16480339461942,4.003322804660873,WPG,SSPG,0.0794549474588706,0.32321049826192916,0.20002424235784846,-1.1551699857479893,2,-1.6062125550084971,998.4,2.4,32.7
0.20644908539505352,0.32122855232529723,U8,MN8014,16.163570816967813,4.004161610871576,WPG,SSPG,0.07963478055943132,0.323793761821116,0.2000016764218246,-1.1505940517894162,5,-1.6046305808549377,998.7,2.4,32.9
0.20640721199078887,0.32046117443086897,U8,MN8014,16.17539598105457,4.0037123182200975,WPG,SSPG,0.0792325175300819,0.32353860532030454,0.20000035324228485,-1.1552223561970378,3,-1.6013087504889558,998.7,2.4,32.7
0.2062975283378208,0.32063307526013357,U8,MN8014,16.176208640842717,4.004090597145195,WPG,SSPG,0.07908531474172231,0.3235383550615531,0.2000000288638708,-1.1572389979071749,3,-1.6052828424657957,998.6,2.4,32.7
0.2061684643164626,0.3201405731076976,U8,MN8014,16.173459816554885,4.004434550029692,WPG,SSPG,0.0785702978878926,0.3234543811170855,0.20004078911690804,-1.1610099298037206,2,-1.6048283492684305,998.2,2.4,32.6
0.20616949510298366,0.32021176004862606,U8,MN8014,16.18904521734744,4.003295929314414,WPG,SSPG,0.07871546099571491,0.3232624987694597,0.20000130093690152,-1.1606610284465995,0,-1.6057859890407524,998.6,2.4,32.6
0.20619613732493283,0.32016164891691645,U8,MN8014,16.186035494292533,4.004159932795385,WPG,SSPG,0.07873418414136249,0.32343513000279794,0.20000035524747767,-1.1624907487490974,7,-1.6086445871826616,998.6,2.4,32.5
0.20632897204184797,0.3203679528505182,U8,MN8014,16.180369335568486,4.004863988862643,WPG,SSPG,0.07883692431951275,0.32341194756479763,0.20000419931085098,-1.1583879270234756,1,-1.6058445229618759,998.3,2.4,32.7
0.20631958643220033,0.3208428592528828,U8,MN8014,16.17456023246187,4.005946558951576,WPG,SSPG,0.07909580529322888,0.3232716688123559,0.20000170191982422,-1.1585785350201436,0,-1.607641896761061,998.6,2.4,32.7
0.20622211471556956,0.320788017144142,U8,MN8014,16.182719009364305,4.004552574318589,WPG,SSPG,0.07916299322338419,0.32339835345202383,0.20000841049460036,-1.156014528401946,1,-1.601968425635281,998.3,2.4,32.8
0.20630022901943854,0.32064324829122687,U8,MN8014,16.1878219014365,4.0058026744595745,WPG,SSPG,0.0788166375557291,0.3234969610882107,0.20000166034139114,-1.160219826575136,5,-1.6004422963570732,998.0,2.4,32.7
0.2064174670142922,0.32080972761694726,U8,MN8014,16.187370366790987,4.005423885307157,WPG,SSPG,0.07875737911105621,0.32366365834854594,0.2000022225511822,-1.1594427692110316,2,-1.6063539208011335,998.0,2.4,32.7
0.20640878189900214,0.32109138711109675,U8,MN8014,16.189896072643403,4.006368573514724,WPG,SSPG,0.07931331687368422,0.3236282028953216,0.20001837169222794,-1.1551928834581278,5,-1.6025774710745981,997.3,2.4,32.9
0.20623338842576486,0.3216464088454816,U8,MN8014,16.19836010073287,4.005714965645843,WPG,SSPG,0.07996550109587594,0.3236297749857554,0.20000315298017704,-1.151863869097198,4,-1.605070550866202,998.4,2.4,32.9
0.20646564395708333,0.32103413959744914,U8,MN8014,16.198353504665526,4.005364818120965,WPG,SSPG,0.07919870221215979,0.32343122704739324,0.20000378116374962,-1.1544009629181617,7,-1.604303757879487,998.2,2.4,32.9
0.20641287446093753,0.32129879012932094,U8,MN8014,16.210281406454627,4.003146421353674,WPG,SSPG,0.07995469666934166,0.3238258965052435,0.20000859901103854,-1.1550785065461453,2,-1.6072397402701384,999.1,2.4,32.8
0.20639856435582207,0.3215437388433665,U8,MN8014,16.211345811279337,4.004125549029783,WPG,SSPG,0.08020039510694671,0.32360577261980106,0.2000000922487857,-1.1527416758955513,6,-1.608920560718655,999.3,2.4,32.8
0.20633819513807158,0.3214351533194891,U8,MN8014,16.216344865235033,4.004285422536541,WPG,SSPG,0.07973830066950116,0.32363140545388414,0.20000004548922776,-1.156363015553806,7,-1.6062453940489085,999.2,2.4,32.7
0.20635376018520094,0.3216766773309752,U8,MN8014,16.217895258760855,4.004376169454747,WPG,SSPG,0.08022662465409497,0.3238980372302238,0.20000497601368258,-1.153368609949413,1,-1.5988738269869085,999.0,2.4,32.9
0.20626448496572347,0.32203923606988394,U8,MN8014,16.22437421717155,4.003363030780151,WPG,SSPG,0.08082771645775222,0.3240646964898941,0.20000126760798362,-1.1504617839222584,3,-1.6045592451441983,999.3,2.4,32.9
0.206216977009391,0.3216682552063203,U8,MN8014,16.220128515089733,4.002542920411865,WPG,SSPG,0.08071610447926747,0.32376867791554426,0.20003311853448835,-1.1518919238996026,1,-1.6044154256470708,999.6,2.4,32.8
0.2060813208678757,0.32196616475214285,U8,MN8014,16.228369333589555,4.001353877135264,WPG,SSPG,0.0812515858275657,0.3236380379858812,0.20004903527281628,-1.1526327218807335,2,-1.6071875522945778,999.8,2.4,32.8
0.20605612377120194,0.32166006383190815,U8,MN8014,16.23028799117191,4.001644440133278,WPG,SSPG,0.08078768370548822,0.32342837377849454,0.20010998321942716,-1.156465497414963,4,-1.6083957630184713,999.9,2.3,32.7
0.2062053176531085,0.32141930578773453,U8,MN8014,16.22325953125671,4.00317554722473,WPG,SSPG,0.07979390788830738,0.3234586652958037,0.20004471405410795,-1.159518135347529,4,-1.6028464343518696,999.5,2.3,32.7
0.20620088552650792,0.3214105029308039,U8,MN8014,16.2139053205511,4.002702853408551,WPG,SSPG,0.08024963840971973,0.32344955789152974,0.2000928863427775,-1.1595523886352779,6,-1.6062775912967773,999.9,2.3,32.7
0.2059034755192273,0.3215836829698505,U8,MN8014,16.233081361488964,4.001087267045459,WPG,SSPG,0.08089005974519212,0.32347155351048673,0.20014827494724233,-1.156869645850247,7,-1.6057391960577192,1000.0,2.3,32.7
0.2062109243162809,0.3220326504642576,U8,MN8014,16.22820482933445,4.0030904539018985,WPG,SSPG,0.08077475967664835,0.3233751868247946,0.200050603569419,-1.1538116988756701,5,-1.6105377587888032,999.8,2.3,32.8
0.20641767385627727,0.3219216072518228,U8,MN8014,16.230878547724654,4.003762185783407,WPG,SSPG,0.08019828378946732,0.32334887548991365,0.2000642233601556,-1.1573466193115811,0,-1.608854729784042,999.9,2.3,32.8
0.2064049789836506,0.32198000630113965,U8,MN8014,16.2308655221621,4.002626302886279,WPG,SSPG,0.08018375617855232,0.3236217258035686,0.20010585407117581,-1.1601375415617454,5,-1.6048223582017815,1000.0,2.3,32.7
0.20633895237452343,0.3218202148049735,U8,MN8014,16.239405005469987,4.002376583514564,WPG,SSPG,0.08018823355201288,0.32348556463107725,0.20028478710131678,-1.1600164606998105,6,-1.6083553879022041,1000.0,2.3,32.7
0.20638247748162383,0.32134241311528144,U8,MN8014,16.21745578357394,4.003333331303405,WPG,SSPG,0.07936211142730998,0.32348213897513395,0.20006604835218333,-1.1622081242639006,2,-1.6025047830674257,999.7,2.3,32.6
0.2063529745654628,0.3212677181926441,U8,MN8014,16.232859857021765,4.003064837693414,WPG,SSPG,0.07934856308955034,0.3232071947355061,0.20013084433117298,-1.166577429938344,6,-1.6032064115962292,1000.0,2.3,32.5
0.20642382741711762,0.32157369276562664,U8,MN8014,16.2149020537576,4.004652472019898,WPG,SSPG,0.0790212158517333,0.3235055240529462,0.20004168039848538,-1.1635995062451672,4,-1.6058238585916094,999.6,2.4,32.6
0.2063982646806769,0.3219038717980479,U8,MN8014,16.225987250774494,4.003185482537558,WPG,SSPG,0.07958789563896407,0.3232882967229568,0.20005364497966835,-1.1638224203353,4,-1.6054116380962853,999.8,2.4,32.7
0.20617468416673312,0.3212721839412198,U8,MN8014,16.219353723980845,4.002770455249736,WPG,SSPG,0.07915206339873987,0.32312671871667425,0.2000742312066462,-1.1661547858614818,4,-1.6066891622744706,999.8,2.3,32.5
0.2064457446809654,0.32142406030427484,U8,MN8014,16.209158224652093,4.004034631068661,WPG,SSPG,0.07895093265101615,0.32328693823505883,0.20014990684227493,-1.1670963979984934,4,-1.6032549459401686,999.8,2.4,32.6
0.20608254858981,0.3211404518645657,U8,MN8014,16.19798875132276,4.003077364625011,WPG,SSPG,0.0789642072348081,0.32293522280343695,0.2000533407834511,-1.1653473815443056,5,-1.6051969887562993,999.8,2.4,32.5
0.20636858079074194,0.3215074439396462,U8,MN8014,16.189032329833893,4.004287336494659,WPG,SSPG,0.0790483180999698,0.32325687805106135,0.20002768031747512,-1.16161027590397,5,-1.601628184987666,999.7,2.4,32.6
0.20634382891757977,0.3218685535484624,U8,MN8014,16.186532990316394,4.005250256843869,WPG,SSPG,0.07916794016406167,0.3233001990656564,0.20003164487006583,-1.1610738326834673,2,-1.6060719863047517,999.6,2.4,32.7
0.20661613189712155,0.32122674759985065,U8,MN8014,16.196182772726004,4.005986059683576,WPG,SSPG,0.07875864622288078,0.3234886680483239,0.20008367615806255,-1.1647671969601205,5,-1.6060195896702734,999.8,2.4,32.6
0.20643611833663847,0.3214791755730987,U8,MN8014,16.197176417124638,4.005050861184197,WPG,SSPG,0.0790004523887093,0.3234861856053948,0.20012529999999457,-1.1659550363316753,0,-1.6029889538414626,1000.0,2.4,32.6
0.20656015463586003,0.3212631229396042,U8,MN8014,16.208100966700336,4.0042067613947125,WPG,SSPG,0.078957397951995,0.32340545712489216,0.2001219085953248,-1.1644467863190977,4,-1.6053767139565753,999.9,2.3,32.6
0.2064914285059584,0.32164084480251176,U8,MN8014,16.199071083307068,4.005293072390544,WPG,SSPG,0.07907618934701013,0.3233631899448795,0.20008817474108842,-1.161230152785111,5,-1.608810768775209,999.7,2.4,32.7
0.20654750574908584,0.32147530943535957,U8,MN8014,16.200758619152353,4.006424884057676,WPG,SSPG,0.07869684198214658,0.3233995069148613,0.20001421724607563,-1.1616307925613736,4,-1.608069944264594,999.4,2.4,32.7
0.2065066251120486,0.32100244714921844,U8,MN8014,16.20310901986719,4.004686393357499,WPG,SSPG,0.07884242571984343,0.32293843549771456,0.2000325073170662,-1.161376965429951,2,-1.6123774096885661,999.6,2.3,32.6
0.20654283052119587,0.3205679793718321,U8,MN8014,16.20059752679959,4.004173267438445,WPG,SSPG,0.07826956443922498,0.3228087389029374,0.20003367581079748,-1.1655708307139152,5,-1.6096315670857066,999.7,2.3,32.5
0.206609981521991,0.3212350632006181,U8,MN8014,16.203140347367082,4.003647888730436,WPG,SSPG,0.07922756562443516,0.32311602355846053,0.2000116564515523,-1.1577550607805462,6,-1.6070101210893135,999.7,2.3,32.8
0.2067230493594577,0.3211274840349349,U8,MN8014,16.20343096419864,4.006090826080867,WPG,SSPG,0.07859872542864002,0.322978258314113,0.20000041184168024,-1.1622183254574905,4,-1.604343819938963,999.4,2.3,32.7
0.2065698406344141,0.32117487716293797,U8,MN8014,16.20384288632547,4.0044936009037055,WPG,SSPG,0.078904779440654,0.3228371824645801,0.20001765098060523,-1.164581672473353,3,-1.6112545717226912,999.9,2.3,32.5
0.20647160584563734,0.32071859962839533,U8,MN8014,16.198527294141847,4.003907543450361,WPG,SSPG,0.07857479787174626,0.3225483041238329,0.2000129801851749,-1.1625644935199932,4,-1.6086417238082351,999.5,2.3,32.6
0.20648291654667245,0.3207338399152359,U8,MN8014,16.192287815515744,4.004481853655266,WPG,SSPG,0.07845447634814029,0.3225441034592566,0.20000319773470285,-1.1624068773990037,7,-1.609493405656309,999.5,2.3,32.6
0.20658644043759106,0.32127719684760536,U8,MN8014,16.176620161595274,4.005688324078712,WPG,SSPG,0.07847032943365836,0.3228988247001357,0.2000034035589698,-1.1620103515055755,4,-1.6028212587172845,999.3,2.4,32.6
0.20669950945048593,0.32149917671071104,U8,MN8014,16.18139251857125,4.007380661553914,WPG,SSPG,0.07853771811704371,0.32291470799027955,0.2000434618710444,-1.160165798825046,2,-1.612563545060656,999.1,2.4,32.7
0.20679824959435963,0.32179544836901036,U8,MN8014,16.18027242210983,4.007534077735107,WPG,SSPG,0.07903402066102067,0.32302586315997023,0.20004979395205316,-1.1537287661680204,1,-1.6058568079227804,999.0,2.4,32.9
0.2068222120992862,0.32181457413569003,U8,MN8014,16.173483599603944,4.00820753868988,WPG,SSPG,0.0787637137316778,0.3230364699191085,0.2000645164257035,-1.1548030442969985,4,-1.6118354320585588,999.1,2.4,32.9
0.20676355949664763,0.3220400630717085,U8,MN8014,16.150468504836656,4.0107937716231685,WPG,SSPG,0.07890109492658695,0.3228992104164605,0.20008093373820127,-1.1514796317260727,2,-1.608276562547955,998.8,2.4,33.0
0.20657880577299292,0.32180244199735497,U8,MN8014,16.17314541545972,4.006412462621329,WPG,SSPG,0.0792114253022367,0.3228864765611553,0.20003906919966963,-1.1528339666205025,5,-1.605323047732389,999.2,2.3,32.9
0.20667609483079818,0.32132147351232665,U8,MN8014,16.182001892735585,4.005633420987564,WPG,SSPG,0.0790643186981215,0.323102889531837,0.20000011464197595,-1.1581065935845642,1,-1.5991686229937567,999.7,2.3,32.7
0.2066960455502252,0.32118022077049824,U8,MN8014,16.17562549009321,4.007247841405012,WPG,SSPG,0.078310890935376,0.3231287621466976,0.20000502142169221,-1.158847449635799,1,-1.608596770704409,999.5,2.3,32.7
0.20663543257168066,0.3213187443232266,U8,MN8014,16.18023721553313,4.005984041839667,WPG,SSPG,0.07853699594308028,0.32299377115604333,0.20000569716725244,-1.158257064461849,1,-1.6105418268489071,999.7,2.3,32.7
0.20644888582865895,0.3216401066174685,U8,MN8014,16.164314249589125,4.004915316152167,WPG,SSPG,0.07881754158197907,0.32315840987022293,0.20000460842998427,-1.1576056329982736,4,-1.6120214239237356,999.7,2.3,32.7
0.20662199405460177,0.32060613096741625,U8,MN8014,16.157078627580052,4.0067900330046635,WPG,SSPG,0.07755452864184523,0.3226797199600597,0.20000000014349462,-1.1656689762171468,2,-1.6101766884299664,999.6,2.3,32.5
0.20642432790505452,0.32014148434730333,U8,MN8014,16.160926600342584,4.004801594366492,WPG,SSPG,0.07736051712266671,0.32254106693333806,0.20000014474300504,-1.1660020183549527,5,-1.612349798952204,999.6,2.3,32.4
0.20658499368149758,0.3210843430585242,U8,MN8014,16.16438660063592,4.006265942154956,WPG,SSPG,0.07803978835717677,0.3229881134591174,0.20000093290192333,-1.162695673770399,0,-1.5989838037588449,999.5,2.3,32.6
0.20657169876546397,0.3205797383745698,U8,MN8014,16.157049530059496,4.004946195381781,WPG,SSPG,0.07747503872007434,0.32303380124854625,0.2000000431196269,-1.1622621847080943,6,-1.611964543010096,999.0,2.3,32.6
0.20677698962561392,0.3209097125557242,U8,MN8014,16.16069199292116,4.008809006038231,WPG,SSPG,0.07773535247877028,0.3230416350808857,0.2000018539715057,-1.1596223049641594,1,-1.6118362085047142,999.1,2.3,32.7
0.20662586885578438,0.3212687038447071,U8,MN8014,16.16234502360585,4.008397191434166,WPG,SSPG,0.07776716491087135,0.32302983804982977,0.20000991285247044,-1.161083307444843,4,-1.6070858135459272,999.2,2.3,32.7
0.20669635927300006,0.3214212983391955,U8,MN8014,16.151378948592026,4.010454002671562,WPG,SSPG,0.0778649661460947,0.32299622966996744,0.2000041440514045,-1.1605171238713232,6,-1.608110820957208,999.3,2.3,32.7
0.20671530642999242,0.32181450248914,U8,MN8014,16.153235593250947,4.0078849619603965,WPG,SSPG,0.07827610513026398,0.3230992399729658,0.2000051083714622,-1.1553104607109392,2,-1.6020189201018358,999.2,2.3,32.9
0.206620593131999,0.321327259367574,U8,MN8014,16.157117112253303,4.008576641481114,WPG,SSPG,0.0778118877747139,0.3229238182656626,0.20004612269652877,-1.1623966160050068,6,-1.6115321803321958,999.1,2.3,32.6
0.206775893984749,0.3218359848826159,U8,MN8014,16.151772691905173,4.009324964565479,WPG,SSPG,0.07819215249024065,0.3231263392811624,0.2000243684895136,-1.156181528499923,1,-1.60772764463732,999.1,2.3,32.9
0.2067506926490911,0.32134859836272966,U8,MN8014,16.1562262018484,4.00897907526122,WPG,SSPG,0.07779253277107129,0.323005359701206,0.20003877957689722,-1.1597807930551252,6,-1.6112651929106772,999.1,2.3,32.7
0.206708006271138,0.32081163200818913,U8,MN8014,16.167846762919982,4.007715299035892,WPG,SSPG,0.07749846900436727,0.32291577760818146,0.200016269449138,-1.165657490517585,4,-1.6119167004391102,999.4,2.3,32.5
0.2065480044483439,0.3206963755959641,U8,MN8014,16.170897184682012,4.006248396650265,WPG,SSPG,0.07757742225331356,0.3229092412357642,0.20000641259154428,-1.1662873068279405,6,-1.6093210857788662,999.6,2.3,32.5
0.20664756956093241,0.32084485157003556,U8,MN8014,16.166893063314575,4.007748632018139,WPG,SSPG,0.0773717647177042,0.32293181961766976,0.20001229631185113,-1.165773748714356,1,-1.6113984101285457,999.2,2.3,32.5
0.20656272724100402,0.32118371635301046,U8,MN8014,16.17240624021906,4.007430914401081,WPG,SSPG,0.07799217886036794,0.322999476573979,0.200002349089963,-1.1648077259452632,1,-1.6040892816951242,999.3,2.3,32.6
0.20649375523592378,0.3215858803828663,U8,MN8014,16.170395780168192,4.006325961040466,WPG,SSPG,0.07830735118129824,0.32314582180787554,0.20000231859618461,-1.1608206950333753,4,-1.603742557829877,999.5,2.3,32.7
0.2065675315269189,0.32112681619522,U8,MN8014,16.167331523100888,4.007384559794879,WPG,SSPG,0.0778345772647178,0.32303203494403904,0.20001068310743644,-1.1650257341643622,4,-1.612526813775773,999.5,2.3,32.5
0.20651121207339462,0.32151720838542,U8,MN8014,16.159772802534235,4.006818316122596,WPG,SSPG,0.07824884485994635,0.3229886747987803,0.20001155536311213,-1.1618995963061547,2,-1.6130691263381944,999.5,2.3,32.6
0.20646263678911198,0.321057978693321,U8,MN8014,16.15919912489591,4.006860525358642,WPG,SSPG,0.07776049374120433,0.32305222029844,0.20001069183798426,-1.1645585371931073,3,-1.6117811854125552,999.4,2.3,32.5
0.20650799349282525,0.32114575027895936,U8,MN8014,16.16356533322982,4.0065648399908875,WPG,SSPG,0.07788440952957577,0.32324561584042677,0.2000000214792597,-1.1648313221420596,6,-1.6142030551417168,999.6,2.3,32.5
0.20657882172615935,0.3215880025232802,U8,MN8014,16.16710990912344,4.007108357361845,WPG,SSPG,0.0785774610121379,0.32338154782837175,0.20000370923684824,-1.160549638262805,1,-1.6165408123224871,999.6,2.3,32.6
0.20666932042812103,0.32172243912819865,U8,MN8014,16.157236814691803,4.007067108729111,WPG,SSPG,0.07846282770028117,0.323526525352544,0.20000430181317488,-1.1584447382891567,7,-1.6129271667908913,999.6,2.3,32.7
0.20639715875369022,0.32142798733168865,U8,MN8014,16.163520283693543,4.0052703182095915,WPG,SSPG,0.07864769149463555,0.32327257437488244,0.20000685966494836,-1.1622982919242126,3,-1.6158904859884622,999.8,2.3,32.5
0.2065818589641223,0.32087991046344194,U8,MN8014,16.16652381487885,4.006764573220938,WPG,SSPG,0.07767708780801086,0.3232241826359424,0.20000118638472922,-1.1633879563374374,2,-1.61650408432015,999.6,2.3,32.5
0.20646834613210305,0.32155564074323384,U8,MN8014,16.165029347341665,4.005502833428119,WPG,SSPG,0.07873860340647446,0.32340675168210037,0.20001857561124597,-1.1603820713590651,7,-1.6110892091034934,999.8,2.3,32.6
0.20657921902507417,0.3217922039245929,U8,MN8014,16.162392573962926,4.006657827916704,WPG,SSPG,0.07868562662676523,0.3234789827848656,0.20000290061733675,-1.1589690145457405,4,-1.6116833131341792,999.8,2.3,32.7
0.20649927022859285,0.32163557579935365,U8,MN8014,16.15616400415307,4.007446989401709,WPG,SSPG,0.07866819682133,0.3233727407635129,0.200019497163372,-1.1578997958511414,7,-1.604508309134765,999.5,2.4,32.7
0.2066809385403836,0.3217551865858393,U8,MN8014,16.166856014739025,4.007689327481195,WPG,SSPG,0.07884817226461194,0.3236401298080344,0.20000119659372434,-1.1586469735436968,2,-1.5961474293890898,999.8,2.3,32.7
0.20658414563316804,0.32100283446029576,U8,MN8014,16.164885326585566,4.007684599826909,WPG,SSPG,0.07803086664570513,0.32327300342598436,0.20000100879538674,-1.163471214554961,6,-1.6114510793375558,999.5,2.3,32.5
0.20667922373268913,0.3221855348494985,U8,MN8014,16.163992494570365,4.00868387590739,WPG,SSPG,0.0790479226759061,0.32369051877585037,0.20000566398019295,-1.1558612122480507,7,-1.6151841975308745,999.7,2.3,32.8
0.20667547298053504,0.3213083774373896,U8,MN8014,16.168116670171187,4.009359161805307,WPG,SSPG,0.07814839283314216,0.3232020257970458,0.20000353434749743,-1.1631020220148816,5,-1.6046692034116674,999.6,2.4,32.6
0.2067021656419009,0.3213945236334657,U8,MN8014,16.167212890629333,4.009893567053065,WPG,SSPG,0.07781043825522202,0.32324988181307984,0.20000206766978335,-1.1646873892968719,3,-1.616227307975251,999.5,2.4,32.5
0.2066527801915337,0.3214951876481239,U8,MN8014,16.16781966978705,4.0096525263731175,WPG,SSPG,0.07793522993695098,0.32309238119282346,0.2000000000198574,-1.1639956819157817,1,-1.6105797228210808,999.6,2.3,32.6
0.20678473315188411,0.32158462372398594,U8,MN8014,16.167761576612264,4.011644027380976,WPG,SSPG,0.07783463191339855,0.32341261818312095,0.2000020448563186,-1.163550566097493,7,-1.6141186175258806,999.2,2.4,32.6
0.20684980844832318,0.321285508012472,U8,MN8014,16.165594809737296,4.012805423722168,WPG,SSPG,0.07742660310758506,0.3234104508655408,0.20000563817164566,-1.1661547429003212,7,-1.617601588483879,999.2,2.4,32.5
0.20705841935580796,0.32168448831034646,U8,MN8014,16.163003417473302,4.015341802412987,WPG,SSPG,0.07734095990161213,0.32332128475526317,0.20002154137195577,-1.1651832114386622,2,-1.613097918207547,999.1,2.4,32.6
0.20697240699806374,0.3217918326314965,U8,MN8014,16.168128325502547,4.015242425433242,WPG,SSPG,0.0776979412876183,0.32339022313534543,0.20002677740017547,-1.1629832123990549,3,-1.6109493072583572,998.9,2.4,32.7
0.2070366347064063,0.32179476655156114,U8,MN8014,16.173064540204805,4.012809473894358,WPG,SSPG,0.07789690247706588,0.32348077536652664,0.2000000145081945,-1.161809333562363,3,-1.6162301200325704,999.2,2.4,32.7
0.2068417045564519,0.32183823435138686,U8,MN8014,16.1799708215223,4.010307928017098,WPG,SSPG,0.07852104700695454,0.3235829534580637,0.20000238839437057,-1.1586847034464376,3,-1.608387995373855,999.4,2.4,32.7
0.20703445746163573,0.32243658321655816,U8,MN8014,16.16224105978457,4.012484634502494,WPG,SSPG,0.07851581250032898,0.32369749472227105,0.20000347548412883,-1.1549207056054829,5,-1.6166525316128357,999.1,2.4,32.9
0.20715880754716673,0.32258059980836856,U8,MN8014,16.160825540981236,4.014849529000241,WPG,SSPG,0.07839171813791773,0.3238421913340885,0.20001626866590638,-1.156371276182948,2,-1.6147461441927558,998.8,2.4,32.9
0.20719985442632924,0.3222490921784851,U8,MN8014,16.16202863971622,4.015872190106347,WPG,SSPG,0.07767273368306479,0.3237618139744522,0.20001043090779894,-1.1617534129890408,0,-1.6104347407150037,998.8,2.4,32.8
0.20697844710424698,0.3220014780104798,U8,MN8014,16.165303486351714,4.012402249538216,WPG,SSPG,0.07807073715500625,0.32362617936243293,0.2000178123836583,-1.1603140014446256,0,-1.5961134348785908,999.1,2.4,32.7
0.20682600369661336,0.3220916534597532,U8,MN8014,16.16928985854581,4.01117566175229,WPG,SSPG,0.0780991989503108,0.32369214285722814,0.20001449987640557,-1.1614512350364221,7,-1.6105987567281872,999.3,2.4,32.7
0.20667365146639577,0.32231892182788097,U8,MN8014,16.161454278413473,4.009552389299943,WPG,SSPG,0.07849190417327645,0.323693589180005,0.20000827668427562,-1.1585868600685507,6,-1.617177552715722,999.3,2.4,32.7
0.20690170700107227,0.3228951076496547,U8,MN8014,16.167005634171737,4.012339509233028,WPG,SSPG,0.07870856037279797,0.32400408051386126,0.2000017581949565,-1.1566045042664972,6,-1.6102633089495395,999.4,2.4,32.8
0.2066992325292509,0.3223946713957316,U8,MN8014,16.177638994719025,4.007774481783268,WPG,SSPG,0.07882058475092633,0.32382924596239104,0.20000203438185657,-1.1575537028404326,2,-1.6124666411635875,999.7,2.4,32.7
0.20690129122349699,0.32220451015371976,U8,MN8014,16.17099377226765,4.011383884972204,WPG,SSPG,0.07822343539516856,0.3238631116630816,0.20000452046472966,-1.1612386497102296,6,-1.615352471815756,999.4,2.4,32.7
0.20670863463973638,0.32239476146465,U8,MN8014,16.167054594398568,4.008684692826341,WPG,SSPG,0.07874283152496665,0.32388232359232577,0.20000151160640142,-1.1576817369304866,6,-1.6116501501659695,999.7,2.4,32.7
0.20684320553356866,0.3219167982026152,U8,MN8014,16.167546700247378,4.008911946795527,WPG,SSPG,0.07816993863190014,0.32377926846340993,0.2000000884128771,-1.1585701500158638,5,-1.617058266469522,999.4,2.4,32.7
0.20691290562035952,0.32213209057384684,U8,MN8014,16.156620364239107,4.00855951337972,WPG,SSPG,0.07835018514171617,0.32387431710353926,0.2000001436141397,-1.1561413654749362,3,-1.6150295134176407,999.4,2.4,32.8
0.20688529559212188,0.321888309927021,U8,MN8014,16.1634831568322,4.009519089322196,WPG,SSPG,0.07806540696835587,0.32366563772488866,0.20000380509797536,-1.1601463671951788,6,-1.6126957264129818,999.4,2.4,32.7
0.20691539835610628,0.32223852287138016,U8,MN8014,16.151418886575804,4.010283022825161,WPG,SSPG,0.0781325038029233,0.3237047706535445,0.2000076228952063,-1.1571912361419474,7,-1.6160563220091948,999.0,2.4,32.8
0.20686566503871864,0.32227776604704017,U8,MN8014,16.15899545824763,4.010488915766411,WPG,SSPG,0.07844282738037504,0.3238069858621447,0.20000114365550917,-1.1558330579508649,5,-1.6179206926218477,999.2,2.4,32.8
0.2067492121238703,0.32217966875166737,U8,MN8014,16.166548203658863,4.008650690498467,WPG,SSPG,0.07845154850317612,0.3236853953080381,0.200000410057144,-1.1583639077132306,4,-1.61778201394279,999.4,2.4,32.7
0.20670734497350693,0.3220027020385461,U8,MN8014,16.160381592609138,4.009265104438078,WPG,SSPG,0.07830237839630436,0.32359300368202115,0.200001984403709,-1.1593679332854412,4,-1.6105896961248316,999.4,2.4,32.7
0.20708360042891022,0.322099582100085,U8,MN8014,16.153717966501013,4.012776344542006,WPG,SSPG,0.07775758037485933,0.3238488407636481,0.20000965556557998,-1.1592548982858288,5,-1.61630046020254,999.1,2.4,32.8
0.20704227187556842,0.32221560444243164,U8,MN8014,16.15913050050773,4.012996217199516,WPG,SSPG,0.07792379864504578,0.3239147140271179,0.20000949357253203,-1.159849271300239,5,-1.6074042802204698,999.1,2.4,32.8
0.20701828571146105,0.32235816013918933,U8,MN8014,16.15559694320469,4.012508786906655,WPG,SSPG,0.07814420275451119,0.3240490132187741,0.20000486768503067,-1.1587646887001957,3,-1.6125004042659743,999.1,2.4,32.8
0.20708843544639988,0.3228681045496761,U8,MN8014,16.159924725166757,4.014181875691062,WPG,SSPG,0.07852010909589167,0.3242970206275985,0.2000053568543076,-1.1574468486791674,7,-1.6107845438299613,999.4,2.4,32.9
0.20695709005823845,0.32230648652343363,U8,MN8014,16.164189785984444,4.010026657485502,WPG,SSPG,0.07821925492270472,0.32392842098920765,0.20001567487750968,-1.1584255491154165,0,-1.6163236966027696,999.4,2.4,32.8
0.20692375309301062,0.32248163990685225,U8,MN8014,16.158959147874658,4.0094952168758535,WPG,SSPG,0.07855704597771603,0.3240705862779568,0.2000265982154354,-1.1567341493852972,4,-1.6161899425193607,999.6,2.4,32.8
0.2069577696694219,0.32251103034013107,U8,MN8014,16.16769050672705,4.0104867709348735,WPG,SSPG,0.0784222221747467,0.3240617875692213,0.20001620189819394,-1.1576553290971496,1,-1.6173798904776095,999.6,2.4,32.8
0.20687737688691987,0.3230944063139396,U8,MN8014,16.16125158551693,4.010019020457395,WPG,SSPG,0.07900568682175478,0.32427006153525934,0.200050913429218,-1.1541488924957033,3,-1.6155370931647468,999.6,2.4,32.9
0.2067678898281403,0.32258994261846136,U8,MN8014,16.165426725869963,4.00857551897529,WPG,SSPG,0.0786999525703339,0.3239359813802292,0.2000126064929534,-1.1559762782238128,0,-1.6163702933773347,999.6,2.4,32.8
0.2068964785869316,0.3225352445201136,U8,MN8014,16.16067328949915,4.009937131522774,WPG,SSPG,0.07840288233977966,0.32408030554850525,0.20000295458380266,-1.1572883908765812,3,-1.6145472685688773,999.5,2.4,32.8
0.20692342748068876,0.32247388934230153,U8,MN8014,16.167706643530085,4.009831365388692,WPG,SSPG,0.07818355506161934,0.32396023147517305,0.20000667355507762,-1.1598869129776161,4,-1.619004798924097,999.6,2.4,32.7
0.20677796280828165,0.3221447593178892,U8,MN8014,16.162493845488434,4.0090865964925895,WPG,SSPG,0.07812489675715074,0.3238249895144899,0.20000011969438108,-1.1604184128191795,6,-1.6150555405306708,999.5,2.4,32.7
0.20695984226970907,0.32244975138195076,U8,MN8014,16.165639992292043,4.010123028431115,WPG,SSPG,0.0781289605830501,0.32404274635008884,0.20000282127035415,-1.1602538108557414,2,-1.6157241303161847,999.5,2.4,32.7
0.2070944110824476,0.3221899798484511,U8,MN8014,16.160277006502454,4.011951784217948,WPG,SSPG,0.07781280670727102,0.32396114004968374,0.2000015988975017,-1.1621120387349242,4,-1.6166473110376796,999.5,2.4,32.7
0.2070548246329199,0.3222216872582806,U8,MN8014,16.16554352224111,4.010673710138825,WPG,SSPG,0.0780612188645543,0.32401419032149387,0.20000947755590145,-1.1598561032679608,5,-1.6193161803651943,999.6,2.3,32.7
0.20702484462596743,0.32213812832100097,U8,MN8014,16.164324057725004,4.009826790825136,WPG,SSPG,0.0777952548532102,0.32387449179825284,0.2000054338097782,-1.1616953745536667,7,-1.615401240267298,999.7,2.3,32.7
0.20680939278902946,0.3222537758599164,U8,MN8014,16.17156716730218,4.007450497416183,WPG,SSPG,0.07827170309702117,0.32375098070084,0.2000424308781639,-1.1600395296493513,5,-1.6109429345815762,999.9,2.3,32.7
0.20675300753875808,0.32157883879141497,U8,MN8014,16.168728888967507,4.006798167307851,WPG,SSPG,0.07759805437526475,0.32353449012440694,0.20002381056598398,-1.1629031917983397,4,-1.6151395630264869,999.8,2.3,32.6
0.20672489757171333,0.32206356795705604,U8,MN8014,16.16477307076775,4.007604725302147,WPG,SSPG,0.07803103036316046,0.323718254597656,0.2000166055809728,-1.1593292369234367,7,-1.6155815853593065,999.7,2.3,32.7
0.20667042978162498,0.32166815899460477,U8,MN8014,16.167336874345985,4.005601360332569,WPG,SSPG,0.07778189654310037,0.3234691199707601,0.20004659971201386,-1.1617272615578786,4,-1.6126116631630865,1000.0,2.3,32.6
0.20685036072295349,0.3218520908361662,U8,MN8014,16.1722219134989,4.007909346023686,WPG,SSPG,0.07764681834914702,0.3236919710449615,0.2000121536605591,-1.1625494392334894,1,-1.6169134997927355,999.9,2.3,32.6
0.2066847115759789,0.32191692210441647,U8,MN8014,16.174569245973714,4.00575977346384,WPG,SSPG,0.07831658796793362,0.3235880750903517,0.20001298074160354,-1.1579212896724367,7,-1.6176351045986017,999.9,2.3,32.7
0.2067553501509466,0.32234055316871263,U8,MN8014,16.169897240725838,4.006061342635859,WPG,SSPG,0.07847167911971964,0.32390218138429133,0.2000065076344232,-1.1583889872705406,0,-1.6084591230705882,999.9,2.3,32.7
0.2067480476438091,0.32179860221183176,U8,MN8014,16.17872377531897,4.006562629713313,WPG,SSPG,0.07817442991305813,0.32369933386523775,0.20002485739644743,-1.16240307771001,1,-1.613201687955014,999.9,2.3,32.6
0.20671152407907986,0.32178639051968316,U8,MN8014,16.18879051550227,4.004777572606881,WPG,SSPG,0.07869791240840804,0.32377329563292195,0.2000583381795454,-1.1596606482964908,6,-1.6172679394183582,1000.0,2.3,32.6
0.20668625381177025,0.32239637373157426,U8,MN8014,16.18310281946217,4.005399707895024,WPG,SSPG,0.07904755307548274,0.3238689773623921,0.20013080095661911,-1.158742151000621,7,-1.6166379804650859,1000.0,2.3,32.7
0.20678912199199112,0.32189225306501157,U8,MN8014,16.179500974223675,4.005784919135612,WPG,SSPG,0.07847020651676131,0.3239374722157135,0.2000675602349037,-1.1617325192955366,4,-1.6141430789878761,1000.0,2.3,32.6
0.20680669511425404,0.3217153904037225,U8,MN8014,16.171668675960426,4.00691834768501,WPG,SSPG,0.07813635595054355,0.3236769986268303,0.20002260110228226,-1.164435846448327,6,-1.6122764125073754,999.9,2.3,32.5
0.2069685142782293,0.32174331259399774,U8,MN8014,16.183014656705993,4.007655127951792,WPG,SSPG,0.07780977819603334,0.3237578037486257,0.2000047003658145,-1.1638338144869746,3,-1.618042463554648,999.8,2.3,32.6
0.2070433485794938,0.322221965865937,U8,MN8014,16.180356781075556,4.0091854912735885,WPG,SSPG,0.0780976289037109,0.3239506024371091,0.20004129940591725,-1.163413216491706,4,-1.6177317371523685,999.9,2.3,32.6
0.20699583018817636,0.32161561515276343,U8,MN8014,16.188508420069894,4.008819342500636,WPG,SSPG,0.07767950563501215,0.3238598538921853,0.20012236635818897,-1.1671576871183071,2,-1.6172607691962249,999.9,2.3,32.5
0.20694741082445345,0.32189661596364155,U8,MN8014,16.184529873470524,4.008963759582055,WPG,SSPG,0.07786658228511027,0.3238903870028246,0.2000498442002197,-1.1652953498160907,0,-1.6187341931957775,999.9,2.3,32.5
0.20695413951495475,0.32155207586346923,U8,MN8014,16.1975712883391,4.008292959788161,WPG,SSPG,0.07757562149742125,0.323917855024574,0.20015176327069398,-1.167666379143742,7,-1.6141758732425195,999.9,2.3,32.5
0.20688818695903166,0.32104870133358954,U8,MN8014,16.19573177351169,4.0094491404891235,WPG,SSPG,0.07694361758033674,0.32358864510995644,0.20007205006616197,-1.1737110444509544,1,-1.615529039366038,999.8,2.3,32.3
0.20679344470066938,0.321385228880027,U8,MN8014,16.200453381017734,4.006536135095998,WPG,SSPG,0.07772127808532081,0.32378968793826507,0.20014111132686063,-1.1689752518554,2,-1.6115994472830426,1000.0,2.3,32.4
0.20697409491739108,0.3212007442906047,U8,MN8014,16.194361976566515,4.010002668072763,WPG,SSPG,0.077024673629153,0.32357507380120265,0.20010965139852344,-1.1727400307784912,4,-1.6155411906664217,999.8,2.3,32.3
0.2068539829746528,0.3213436506211381,U8,MN8014,16.190574702039086,4.007138178804325,WPG,SSPG,0.0778001454931465,0.3236989899290309,0.20011084035194945,-1.1675200408982973,0,-1.6177894554104135,999.9,2.3,32.4
0.2070894474312034,0.32096281672483956,U8,MN8014,16.195512326826737,4.010565046883844,WPG,SSPG,0.07660405663930957,0.3237019456839394,0.20009620987734913,-1.1748594464861841,5,-1.618443949735159,999.8,2.3,32.3
0.20704681525185398,0.3213904900933955,U8,MN8014,16.19983697920477,4.011183937284853,WPG,SSPG,0.07700664485442492,0.3237733034142877,0.2001028411609476,-1.1734856335021733,0,-1.6203462190140119,999.8,2.3,32.3
0.20693724177906014,0.3214029767162673,U8,MN8014,16.20054886585967,4.00817878229931,WPG,SSPG,0.07756923029206715,0.32377636829314815,0.20009629389463632,-1.1685740860511,4,-1.6108467020848352,999.9,2.3,32.4
0.20700224246839194,0.3215027038617857,U8,MN8014,16.201459710238673,4.008246099532622,WPG,SSPG,0.07761658029858783,0.3237358981270504,0.2000804030371008,-1.1688576245303879,0,-1.6134232782780913,999.9,2.3,32.4
0.2070604910950319,0.3217165223147233,U8,MN8014,16.194178145846145,4.00927186069904,WPG,SSPG,0.07766902441853743,0.32393429696517084,0.20004017768900806,-1.1658893149579428,5,-1.620608273244228,999.8,2.3,32.5
0.2069852525357949,0.32192767321626736,U8,MN8014,16.19767082641638,4.008129994478163,WPG,SSPG,0.07812887819597816,0.3240249669983267,0.2000642439870742,-1.1625110768585314,7,-1.610465413260993,999.7,2.3,32.6
0.20695004258223937,0.32158181791448703,U8,MN8014,16.204463729847234,4.008111352143072,WPG,SSPG,0.07777461657451445,0.32386365289863234,0.2000615312514844,-1.1682953663574542,7,-1.6196846696352445,999.8,2.3,32.4
0.20702063292395836,0.3214737951384581,U8,MN8014,16.196273943774425,4.009215760175929,WPG,SSPG,0.0773087790520483,0.32368421807711345,0.20001401051466267,-1.1689898203656381,4,-1.6193372331433586,999.6,2.3,32.4
0.20704341361490045,0.3218683295166314,U8,MN8014,16.198663832037262,4.008446039159335,WPG,SSPG,0.07790069750131315,0.3240028383955781,0.2000725390238265,-1.1663605657024791,4,-1.6140880215152187,999.8,2.3,32.5
0.20700858349989434,0.3220176628120296,U8,MN8014,16.197137931194234,4.008431783920139,WPG,SSPG,0.07818734567035081,0.32397042136534077,0.20003926856340434,-1.1641481426577966,7,-1.61799865013964,999.8,2.3,32.6
0.206940006046049,0.32211614345184975,U8,MN8014,16.19658424078821,4.007330627678346,WPG,SSPG,0.0782677297732394,0.3238907392483249,0.20001333957120576,-1.1623410853371934,0,-1.6129847998155036,999.7,2.3,32.6
0.20698837391323816,0.3224007527862584,U8,MN8014,16.20069358405867,4.0071913084689905,WPG,SSPG,0.07866016013706448,0.3240621408417822,0.20001947479234072,-1.1589451230437016,3,-1.6181791657112612,999.7,2.3,32.7
0.2069992115772622,0.32209325124918675,U8,MN8014,16.204898406232665,4.008546366208687,WPG,SSPG,0.07819128051640556,0.3238705068360743,0.20001058363774873,-1.1633994669011356,5,-1.6183626924987564,999.7,2.3,32.6
0.2068912342001725,0.3216154530039297,U8,MN8014,16.20021353305919,4.0083199456940495,WPG,SSPG,0.07783390294600548,0.3236328538469865,0.20000055430258004,-1.1659015543719398,6,-1.6180145440380915,999.7,2.3,32.5
0.20689292568608422,0.3217919836697417,U8,MN8014,16.204023754761522,4.0068934640556035,WPG,SSPG,0.07806777468650525,0.3237241072354839,0.20000018595926153,-1.1646541271728146,5,-1.6157532334811844,999.7,2.3,32.6
0.20694183188645315,0.32187523157502945,U8,MN8014,16.204639853360852,4.008089127822671,WPG,SSPG,0.07801989844206517,0.3238100657966381,0.20000719435458797,-1.1652585388594532,7,-1.616967752812176,999.8,2.3,32.5
0.20694369194986123,0.3219007679461387,U8,MN8014,16.2006003707247,4.008340950892258,WPG,SSPG,0.07785010038819618,0.32380139340969855,0.20000729050150146,-1.1649143079912025,0,-1.6172382870828272,999.8,2.3,32.5
0.2069203838929983,0.32208124645405306,U8,MN8014,16.20228678347526,4.007923973614038,WPG,SSPG,0.07820694346274543,0.32386415375540406,0.20001765784866096,-1.1632045094903907,5,-1.6181876832978315,999.7,2.3,32.6
0.20690388956233968,0.32247927472302523,U8,MN8014,16.20268677727048,4.006759946142402,WPG,SSPG,0.07860757005901285,0.3239324182669463,0.20001899361078315,-1.161079424081137,5,-1.6079228157286742,999.9,2.3,32.7
0.20680665724097913,0.3223513069853713,U8,MN8014,16.198858639585133,4.00596832277836,WPG,SSPG,0.07853777929922162,0.3238073133604951,0.20001836445032217,-1.1594602113006007,5,-1.6159391765845097,999.8,2.3,32.7
0.2068311853010892,0.3225114174793846,U8,MN8014,16.196122821389565,4.006841334019005,WPG,SSPG,0.07857563560712005,0.32384806127712484,0.20001526602514727,-1.1602253968818679,0,-1.6131511666326208,999.8,2.3,32.7
0.20683190314760436,0.3222767189220735,U8,MN8014,16.208600453006504,4.00689760584488,WPG,SSPG,0.07834830951134247,0.3238020927152125,0.20000849496012182,-1.161912183033464,4,-1.6081361916723846,999.8,2.3,32.6
0.20689818167168741,0.3227999823785158,U8,MN8014,16.20831103304573,4.0081957177498575,WPG,SSPG,0.078718320108943,0.32396538559107546,0.20000411421645328,-1.1600556448920207,3,-1.6166239915727143,999.8,2.3,32.7
0.2069118217309312,0.3220683596804655,U8,MN8014,16.208445122079112,4.00871549753558,WPG,SSPG,0.07775637061733592,0.32376965087067694,0.20000720265773086,-1.1662635734832687,7,-1.619475404731899,999.8,2.3,32.5
0.20693947012157018,0.3223242858771032,U8,MN8014,16.208009674686824,4.00839526137959,WPG,SSPG,0.07835317755014612,0.3237479258059694,0.2000153335064696,-1.1630893786223147,7,-1.6193771276425348,999.9,2.3,32.6
0.20696807548087695,0.3222433698358824,U8,MN8014,16.20233116804264,4.009752371790849,WPG,SSPG,0.07784386939569898,0.3237105491915254,0.20001208171254703,-1.166037497340093,6,-1.6157420933789197,999.8,2.3,32.6
0.20698763003048581,0.3223329376351514,U8,MN8014,16.209575275310524,4.009459481664074,WPG,SSPG,0.07807196069423981,0.323904436112065,0.2000459014500019,-1.1650318145857645,6,-1.6163258881325149,999.9,2.3,32.6
0.20687803315664113,0.3221593548701737,U8,MN8014,16.21061790972827,4.008707272139147,WPG,SSPG,0.07802955988984701,0.3237971286549315,0.2000716197853543,-1.166684910648148,1,-1.6188361896147239,1000.0,2.3,32.5
0.20704398646192368,0.3225568038850597,U8,MN8014,16.19491089699237,4.010296847129148,WPG,SSPG,0.07822874664075753,0.32393276561961254,0.20007122725903348,-1.1641150794233177,1,-1.6134712224385979,999.9,2.3,32.6
0.20701654464200023,0.3225588934465387,U8,MN8014,16.20359194598921,4.010777467316611,WPG,SSPG,0.07822007052224189,0.32394151973441637,0.2000501155549422,-1.1659334741167358,7,-1.6150312974338412,999.9,2.3,32.6
0.20688461567820185,0.32261173638630664,U8,MN8014,16.194303052431728,4.008904030754558,WPG,SSPG,0.07837479634143017,0.32387979135709105,0.20006761618738197,-1.164623854386822,0,-1.615906239604172,999.9,2.3,32.6
0.2069451054760588,0.32220170542911264,U8,MN8014,16.196941589634385,4.010071285805818,WPG,SSPG,0.07803573468677966,0.32388837270908266,0.20002987236001118,-1.167193375126081,4,-1.614655218112068,999.9,2.3,32.5
0.20699858625911033,0.32198403879975385,U8,MN8014,16.199576834906733,4.011402091776618,WPG,SSPG,0.07751863105597794,0.3238848960009353,0.20007146511439566,-1.1702798494541147,0,-1.6203957909360405,999.9,2.3,32.4
0.20695687566093843,0.3222355919154284,U8,MN8014,16.195218772615803,4.011170271422834,WPG,SSPG,0.07790321124635166,0.32383441544482866,0.20002474115664523,-1.1666671931085322,6,-1.618536048273489,999.8,2.3,32.5
0.20704640421590434,0.32228288020720053,U8,MN8014,16.190848239327092,4.012338148784804,WPG,SSPG,0.07765544429590032,0.3239468939266317,0.20006046455131427,-1.1681298831717983,0,-1.6189628421734739,999.9,2.3,32.5
0.20703969119451335,0.3221125976963266,U8,MN8014,16.191101388698954,4.012303811014718,WPG,SSPG,0.07757105709528962,0.323889381365202,0.20008420722636813,-1.1701513451131325,3,-1.6135144327796418,999.9,2.3,32.5
0.20706820126707087,0.3219288265008461,U8,MN8014,16.18822154140545,4.013766116173089,WPG,SSPG,0.077092150421227,0.3237665095409508,0.20005431013410224,-1.1721011331870803,0,-1.6192517804098543,999.9,2.3,32.4
0.2071357585598086,0.32188488418310734,U8,MN8014,16.184477255641347,4.014310596162219,WPG,SSPG,0.07699344637812197,0.3238564234212598,0.20009178192628557,-1.17244344132525,5,-1.6195589273466737,999.9,2.3,32.4
0.20706019219943111,0.32236652861956305,U8,MN8014,16.1859090132242,4.012623439679051,WPG,SSPG,0.07766752600664636,0.324039972523768,0.20005101821211504,-1.1690719112760333,7,-1.6170999904828598,999.9,2.4,32.5
0.20705150259855182,0.3220370902551836,U8,MN8014,16.19101430659762,4.0136503598598745,WPG,SSPG,0.07727775854988995,0.32388978846626254,0.20007125325445124,-1.172418732764008,4,-1.6069067544482554,999.9,2.3,32.4
0.20694016158153244,0.32222404956195955,U8,MN8014,16.189966145867047,4.011334916268061,WPG,SSPG,0.07766170780271717,0.32382371288496076,0.2000831002464888,-1.1695954917258042,3,-1.6199141908654209,1000.0,2.3,32.4
0.20695631591965982,0.32214543526903366,U8,MN8014,16.19266549026831,4.011522040706679,WPG,SSPG,0.0775847521439028,0.323899671218306,0.2000517770077481,-1.1707753555377307,2,-1.6172401683238924,999.9,2.3,32.4
0.20692814451961547,0.3221513581423206,U8,MN8014,16.195064378988604,4.0111428974354375,WPG,SSPG,0.07757107550713845,0.3238365238628145,0.2000331830023318,-1.1703702463562404,0,-1.6181242756972516,999.9,2.3,32.4
0.20699212439431985,0.3223717078688525,U8,MN8014,16.189538936388438,4.011671568678702,WPG,SSPG,0.07766304528512175,0.32391159738966,0.20001707469537416,-1.1685459789887478,7,-1.6173133645395001,999.9,2.3,32.5
0.2069683706693156,0.32250203267102495,U8,MN8014,16.192775740761924,4.010749411806221,WPG,SSPG,0.0778640496756832,0.3239333712278402,0.20005360485123808,-1.169017435469432,2,-1.6150678267607823,1000.0,2.3,32.5
0.20691486115464372,0.32218199473384257,U8,MN8014,16.197029869567903,4.010817946483961,WPG,SSPG,0.07769628956366796,0.3237872433312642,0.20001751458133052,-1.1698944129760451,1,-1.6189467392929728,999.8,2.3,32.4
0.20698390918205908,0.322054920980505,U8,MN8014,16.19187050011677,4.012561087621476,WPG,SSPG,0.07732802588706553,0.323867655824144,0.20006086032907935,-1.17284936276283,5,-1.6112274161946907,999.9,2.4,32.4
0.2069806497333459,0.3224067570588275,U8,MN8014,16.189402722954462,4.012336121468257,WPG,SSPG,0.07760634774402478,0.3238413264617961,0.20006341856309043,-1.170350554399337,4,-1.6135070957672006,999.9,2.4,32.5
0.20692829447301064,0.32262337044001643,U8,MN8014,16.188331994298213,4.01065924223068,WPG,SSPG,0.07800982712855987,0.3239152546483295,0.2000943478685305,-1.1675481122375957,0,-1.6123135780585596,1000.0,2.3,32.5
0.20690932992475183,0.3221880052096301,U8,MN8014,16.190893506772646,4.011647464933133,WPG,SSPG,0.07749274189706713,0.3236995997499934,0.20005155230649177,-1.1717524016881964,6,-1.6137587887812117,999.9,2.3,32.4
0.20690707082571383,0.3224949503997907,U8,MN8014,16.192738821948183,4.011354421422829,WPG,SSPG,0.07787573915887862,0.32383091343062337,0.20007646240192242,-1.1701679059478216,1,-1.613651551896048,1000.0,2.3,32.4
0.2068915784112809,0.32247456735354413,U8,MN8014,16.194873063461785,4.011338702130802,WPG,SSPG,0.07783505276452943,0.32385422222697985,0.2001063735413014,-1.1712238628110905,2,-1.6182833527870457,1000.0,2.3,32.4
0.2068578114994845,0.32250301362022277,U8,MN8014,16.19653883964651,4.010605224026633,WPG,SSPG,0.07792467099455119,0.323809141708047,0.2001019340879459,-1.1704861624565872,6,-1.6170952146473887,1000.0,2.3,32.4
0.2068340976137442,0.32241334354248263,U8,MN8014,16.196418870949778,4.010011837998828,WPG,SSPG,0.07790251245432944,0.3237646044618872,0.20006042119821318,-1.1702004090093527,7,-1.6174934688660283,1000.0,2.3,32.4
0.20694416389581752,0.32235427000918637,U8,MN8014,16.199475992617383,4.01113596653158,WPG,SSPG,0.07778238531492841,0.3238532932616313,0.2000684606103172,-1.1715346429372802,1,-1.618221823009824,1000.0,2.3,32.4
0.20683373385672194,0.3223832229532395,U8,MN8014,16.200055870567834,4.009371756492904,WPG,SSPG,0.07805843285429635,0.32382378570214854,0.20008255417088164,-1.1700440222983333,7,-1.6126634009556913,1000.0,2.3,32.4
0.20679777964260526,0.32232994296096085,U8,MN8014,16.19723773720225,4.009550416751459,WPG,SSPG,0.07801942080780888,0.32378240865915014,0.20007250203932556,-1.1702004214392312,0,-1.6176138057658491,1000.0,2.3,32.4
0.2068244852668553,0.322428147417843,U8,MN8014,16.19297991475844,4.010674112257971,WPG,SSPG,0.07788835250293137,0.32373892072174904,0.20004524840401347,-1.169739970592556,7,-1.6184524734437566,999.9,2.3,32.4
0.2067827473117042,0.322426395516119,U8,MN8014,16.194791016572808,4.010532314534463,WPG,SSPG,0.07808880858512551,0.32374435683687647,0.2000821931504384,-1.1693120925906821,0,-1.6168333768365528,1000.0,2.3,32.4
0.20680309595898813,0.32242786645935056,U8,MN8014,16.190488348351366,4.010314791907472,WPG,SSPG,0.07814069124347475,0.32367481560706374,0.20007568746513987,-1.1680956904899669,0,-1.6122699717587423,999.9,2.3,32.5
0.20687811941298,0.32236085332016573,U8,MN8014,16.195160282549487,4.010907539885084,WPG,SSPG,0.07788423722233709,0.3237551125591294,0.20006594921714785,-1.1691604347154787,1,-1.6098350703137783,999.9,2.3,32.5
0.2069206525550676,0.32246459662044535,U8,MN8014,16.18996277133517,4.011615002426152,WPG,SSPG,0.07787295246650311,0.32376100760982085,0.2000695721665174,-1.169073877144899,7,-1.609805776767507,999.9,2.3,32.5
0.2069698159720056,0.32244518961063046,U8,MN8014,16.19478396029934,4.012933640010691,WPG,SSPG,0.07773229685944953,0.3236767032125092,0.20005351018209278,-1.1693935388319014,6,-1.6175277746681136,999.9,2.3,32.5
0.20699233394894717,0.32250637348098266,U8,MN8014,16.19138767218446,4.012884762057588,WPG,SSPG,0.07762548212210117,0.32370670287148706,0.20004735922025,-1.1694164079111053,7,-1.614593418793227,999.9,2.3,32.5
0.20697624453490535,0.32247514927431264,U8,MN8014,16.191722462872114,4.013564703863048,WPG,SSPG,0.07760208741188487,0.32370816494673094,0.20003973715006748,-1.1698993456910847,0,-1.6159866084576162,999.9,2.3,32.5
0.20699401989394356,0.32264556613997003,U8,MN8014,16.188888891448357,4.01250427514153,WPG,SSPG,0.0778329443142612,0.323782832969067,0.20001712038096056,-1.1674937070540257,3,-1.6194061423591766,999.9,2.3,32.5
0.20699024626879559,0.32261088826267953,U8,MN8014,16.18693444491239,4.013517861661755,WPG,SSPG,0.07774180923296123,0.32368185283480916,0.20004485369101332,-1.1686142387276544,0,-1.6124807906475382,999.9,2.3,32.5
0.20697425832136124,0.32254164218414616,U8,MN8014,16.187590358131388,4.013409324057903,WPG,SSPG,0.07762352465580144,0.32369079723982475,0.2000412504067591,-1.169071673950018,3,-1.6154768035998774,999.8,2.3,32.5
0.2070450031392109,0.3225607799082444,U8,MN8014,16.18807206317225,4.01420356275163,WPG,SSPG,0.07755737245951567,0.3236855852159239,0.20005574987381333,-1.168801467983535,3,-1.6159330136089771,999.9,2.3,32.5
0.20698162358586047,0.3224304493513476,U8,MN8014,16.18819463892185,4.012836288371622,WPG,SSPG,0.07763826972773827,0.32368182780263827,0.2000500996147007,-1.168123956020497,7,-1.6140871820877845,999.9,2.3,32.5
0.20694102137675335,0.32260126388379295,U8,MN8014,16.190855401014907,4.01208254905753,WPG,SSPG,0.07789712880433997,0.32370715547558754,0.2000537558590097,-1.166553370984158,1,-1.616720611759753,999.9,2.3,32.6
0.20701652147909233,0.3223153615279663,U8,MN8014,16.19454605778964,4.012823470643015,WPG,SSPG,0.07760003026681803,0.32366964613676696,0.20002581758055824,-1.1687234963284796,4,-1.6178659840234726,999.8,2.3,32.5
0.20699285772031423,0.3224142538636462,U8,MN8014,16.192540949498138,4.013386919808619,WPG,SSPG,0.07754910610607003,0.32366755617780985,0.2000361742515421,-1.1693469449134835,3,-1.6185027688606386,999.9,2.3,32.5
0.20696292873000757,0.32245881075268346,U8,MN8014,16.188978159824572,4.0125311589620996,WPG,SSPG,0.0776496039404118,0.32367554466565723,0.20003931791900853,-1.1680496034203585,4,-1.6120256257033319,999.9,2.3,32.5
0.2069950621438153,0.3224281206445827,U8,MN8014,16.191601314920256,4.013158612649776,WPG,SSPG,0.07759070302101277,0.32367095648391836,0.200042484456002,-1.16885064229221,7,-1.6167190692960958,999.9,2.3,32.5
0.2069691230414089,0.3223560437302373,U8,MN8014,16.192281300754885,4.012334983213357,WPG,SSPG,0.07759365181404136,0.3236694095263445,0.20003519032861808,-1.1686707853869023,0,-1.616087799866314,999.9,2.3,32.5
0.2070192765530496,0.3222103074691367,U8,MN8014,16.190106992166896,4.013805194453775,WPG,SSPG,0.07717846164695162,0.3236194245154669,0.20001920897312872,-1.1711437425804416,3,-1.6192857680302684,999.8,2.3,32.4
0.20703820360252034,0.32221954306719763,U8,MN8014,16.190136229377423,4.013950024548335,WPG,SSPG,0.0771996611465809,0.3236230503804377,0.20003071272790948,-1.1711456955276263,2,-1.6189622211673473,999.9,2.3,32.4
0.20707817399314762,0.3224608263180292,U8,MN8014,16.19065622034998,4.014373256188027,WPG,SSPG,0.07739825542202171,0.32367155252067153,0.20002611637723283,-1.1689974999647785,7,-1.6185765644795254,999.8,2.3,32.5
0.207043023728926,0.3224686661127208,U8,MN8014,16.19234611118604,4.013332392009445,WPG,SSPG,0.07748858966857934,0.323669177833456,0.20002237813546533,-1.1688737892196597,0,-1.615038877261238,999.9,2.3,32.5
0.20699402603610068,0.3223713131541547,U8,MN8014,16.193171979953007,4.0125797053022145,WPG,SSPG,0.07753949381166386,0.32367025146957656,0.2000332091812773,-1.1688477762720797,3,-1.6165314336837309,999.9,2.3,32.5
0.20704148407893458,0.32219208978996383,U8,MN8014,16.192932989200123,4.013702200692092,WPG,SSPG,0.07722189386146125,0.3235975008221713,0.20002490627975647,-1.1710015079261185,3,-1.621211787838071,999.8,2.3,32.4
0.20702077547631892,0.3224242694840324,U8,MN8014,16.19173464295696,4.013320840043726,WPG,SSPG,0.07750699844635578,0.3236602477086512,0.20003414040490722,-1.1687271755771333,7,-1.6170293554193655,999.9,2.3,32.5
0.20702651696485216,0.3222311887723708,U8,MN8014,16.193901207952273,4.013483317395905,WPG,SSPG,0.07729184858102525,0.3236338605197763,0.20002749382576884,-1.170795291328391,1,-1.6143046949329332,999.9,2.3,32.4
0.2070247573501405,0.32218783787041144,U8,MN8014,16.195898380827153,4.013781703237309,WPG,SSPG,0.07727884198366808,0.3236042059555879,0.20002800471537638,-1.1714223013344633,0,-1.6200627991462682,999.9,2.3,32.4
0.20702563111720407,0.3222425856822055,U8,MN8014,16.19458052978603,4.01357666131129,WPG,SSPG,0.07729050572202596,0.3236398315649478,0.20003485593740522,-1.1711730735756056,7,-1.6155883092686967,999.9,2.3,32.4
0.2070404581407699,0.32218685100009037,U8,MN8014,16.193750298538824,4.014009414221423,WPG,SSPG,0.07718450429969215,0.32361257724598314,0.2000204504363539,-1.1714295410076214,1,-1.6210139525260256,999.8,2.3,32.4
0.2070493448792726,0.3221625998047651,U8,MN8014,16.19202283158087,4.01391760907249,WPG,SSPG,0.07717041980177818,0.3236310776101583,0.20002267540092064,-1.1713557560656078,0,-1.6204644854192,999.8,2.3,32.4
0.2070282720303575,0.32225432265927306,U8,MN8014,16.190868856864547,4.013844719143752,WPG,SSPG,0.07730145940692798,0.3235889008736576,0.20001490027764993,-1.1704895519120386,6,-1.6094069643354327,999.8,2.3,32.5
0.2070859277727197,0.32240051513052026,U8,MN8014,16.191367223065296,4.014144291486285,WPG,SSPG,0.07738123087048476,0.32367517290502246,0.20001236495778538,-1.1692629264740528,3,-1.6192632141748842,999.8,2.3,32.5
0.20708369762994505,0.3224210758518691,U8,MN8014,16.19223118826382,4.014318442984766,WPG,SSPG,0.07743458744177426,0.323676035198639,0.2000116367719651,-1.1691550395963521,6,-1.6178559482309698,999.8,2.3,32.5
0.20712985116056182,0.3224331827664498,U8,MN8014,16.19217313499319,4.01464350013876,WPG,SSPG,0.07736163194790899,0.3236899154603933,0.20001457464958783,-1.1696147754570496,0,-1.6196250288930916,999.8,2.3,32.5
0.2071213598204317,0.3224123178770955,U8,MN8014,16.19345363559013,4.014537090704856,WPG,SSPG,0.07738404062720222,0.3237016983855424,0.200012130383543,-1.1692893701091824,1,-1.6166815278751745,999.8,2.3,32.5
0.2071426369280062,0.32244908956303403,U8,MN8014,16.192243183147067,4.014921858468857,WPG,SSPG,0.07735686270222696,0.32370494823877893,0.2000122864185519,-1.1697502655195897,1,-1.6184944353727069,999.8,2.3,32.5
0.20709785402104025,0.32245491614817956,U8,MN8014,16.19279344712212,4.014293523381864,WPG,SSPG,0.07741016926890704,0.32365419856534416,0.20000662825981258,-1.1691886419951363,6,-1.6189999050520836,999.8,2.3,32.5
0.2071059320694058,0.32240917202267666,U8,MN8014,16.192305247981523,4.014434043792712,WPG,SSPG,0.07737975162127225,0.32370549399936305,0.20001507798663345,-1.1699088527515453,4,-1.6193881389492297,999.8,2.3,32.5
0.20717892490241036,0.3224734095894987,U8,MN8014,16.19186104643492,4.015253743174092,WPG,SSPG,0.07727701596442646,0.32371975192269503,0.20001023280473793,-1.1700544725946722,0,-1.6186550109030868,999.8,2.3,32.5
0.20718811829205655,0.32238658370143003,U8,MN8014,16.192678972788258,4.014915032848554,WPG,SSPG,0.07723840087863083,0.32372743351521793,0.2000067990102966,-1.1698392355290395,3,-1.6184419821286458,999.8,2.3,32.5
0.20720047124185964,0.32249895932479344,U8,MN8014,16.191195251748738,4.015076917002507,WPG,SSPG,0.0772557787672394,0.3237517158546206,0.20000972627414715,-1.1695313462560342,4,-1.6135010412688011,999.8,2.3,32.5
0.20711635326535544,0.3224420986477927,U8,MN8014,16.18984471907872,4.014060421692946,WPG,SSPG,0.07729030083060733,0.32370123957011276,0.20001245047190047,-1.1696510535638778,0,-1.617505283470111,999.9,2.3,32.5
0.2071421398466763,0.32240583460082683,U8,MN8014,16.191947083042322,4.014364816990412,WPG,SSPG,0.07725809708836484,0.3237017748031298,0.20001417313823608,-1.1699182587931585,5,-1.6194101895279491,999.9,2.3,32.5
0.20719866580349228,0.32243993148855277,U8,MN8014,16.1941709706396,4.0152744708803905,WPG,SSPG,0.07721395307810912,0.3237249729345053,0.2000085162731149,-1.1702591787177017,1,-1.6192560731183718,999.8,2.3,32.5
0.20715285246313234,0.32246014677064894,U8,MN8014,16.19152331453559,4.014400526366594,WPG,SSPG,0.07723311834451871,0.323701768378479,0.20001012835411958,-1.1698529928014174,7,-1.6192966077549258,999.8,2.3,32.5
0.2071677447300888,0.3224998226606852,U8,MN8014,16.193927750635883,4.014837585476612,WPG,SSPG,0.07718749135482439,0.323719596774792,0.20001725164221193,-1.170717842290601,1,-1.6193864732483707,999.9,2.3,32.5
0.20712590619959456,0.3225131388887578,U8,MN8014,16.192273486803575,4.014198311411412,WPG,SSPG,0.07726660887977913,0.32369023401883384,0.20002337906012047,-1.170115927304005,5,-1.6194876264371256,999.9,2.3,32.5
0.2071360930758026,0.3225453477459245,U8,MN8014,16.190915627587188,4.014280917236013,WPG,SSPG,0.07726638441742217,0.32369560313473567,0.20001942682442128,-1.1699666299760274,7,-1.6179687589437695,999.9,2.3,32.5
0.20717182894782338,0.32258517497702627,U8,MN8014,16.191787617642863,4.0144340242960075,WPG,SSPG,0.07723546797963794,0.3237398114404539,0.20003054783379204,-1.1705104411619247,4,-1.6168710759163112,999.9,2.3,32.5
0.2071289952904261,0.3225657614920184,U8,MN8014,16.192698447399952,4.013811642996697,WPG,SSPG,0.077293118543297,0.3237256390647626,0.20004072447909546,-1.1703915277039325,6,-1.6178032178238393,999.9,2.3,32.5
0.2071542708511261,0.3228027802291815,U8,MN8014,16.192143492529524,4.014103043868332,WPG,SSPG,0.07756047332778984,0.32379424343755786,0.20003145182176824,-1.1684059512383156,6,-1.614505805755714,999.9,2.3,32.6
0.20705975592015932,0.322668581854907,U8,MN8014,16.18923691323263,4.013081239169683,WPG,SSPG,0.07754478678774303,0.323699252821591,0.20003198876865205,-1.1692375600649259,2,-1.6118807138912672,999.9,2.3,32.5
0.20705851099450107,0.32278870720739683,U8,MN8014,16.187999945286965,4.013110582332871,WPG,SSPG,0.07763457879956366,0.32374809215567113,0.2000176936779345,-1.1677942140928144,2,-1.6157543750063752,999.8,2.3,32.6
0.20709730866831444,0.32284252019016163,U8,MN8014,16.185078630124156,4.013496822212745,WPG,SSPG,0.07762979653090629,0.32374192423460535,0.20001762549393434,-1.1668557053872903,1,-1.6117024047718633,999.9,2.3,32.6
0.20716644622669117,0.32279439063359855,U8,MN8014,16.18773242366475,4.01416241685286,WPG,SSPG,0.07746727958984351,0.3237960718784964,0.20000616090980314,-1.168056895227497,5,-1.6136819517104009,999.8,2.3,32.6
0.20713093712310743,0.3227969894109839,U8,MN8014,16.18214212836849,4.014329097724079,WPG,SSPG,0.07747923022437486,0.3237686324150191,0.2000108223449135,-1.1677314807019024,1,-1.6163668095964496,999.8,2.3,32.6
0.20715546156770934,0.3227936108947701,U8,MN8014,16.18541743250609,4.014493303589387,WPG,SSPG,0.07757295631101661,0.32377533752007,0.20002390048052862,-1.1677664669551182,6,-1.6166370731876842,999.8,2.3,32.6
0.2072075198940478,0.322842563706213,U8,MN8014,16.185493912066967,4.015155653965982,WPG,SSPG,0.07745436783489212,0.3237818128018248,0.20001628606378408,-1.1684077278222735,7,-1.6181819321787145,999.8,2.3,32.6
0.20718850789787463,0.3228301029661192,U8,MN8014,16.1907627189688,4.014989923724163,WPG,SSPG,0.07748760899550472,0.3238116249209703,0.20002376233590063,-1.1691925586751972,5,-1.616186798870876,999.9,2.3,32.6
0.20714577976980736,0.3228446827252147,U8,MN8014,16.187871773914367,4.014354496121811,WPG,SSPG,0.07754746502331666,0.3237573585448808,0.20001742048667787,-1.1683011290479783,5,-1.6165628524607758,999.9,2.3,32.6
0.20721061569255128,0.32270114678935985,U8,MN8014,16.18963048964893,4.015588893238851,WPG,SSPG,0.077275501145141,0.3237614053080286,0.20003145902516414,-1.1708108191855673,0,-1.6153536625371636,999.9,2.3,32.5
0.20721619248868137,0.3227147564230569,U8,MN8014,16.19499590603671,4.015660265661642,WPG,SSPG,0.07725393520260496,0.3237336025756783,0.20002639403405015,-1.1714015841408782,3,-1.6180396608394023,999.9,2.3,32.5
0.2072208788434158,0.32264796820785446,U8,MN8014,16.194129560379707,4.015720258168954,WPG,SSPG,0.07723275923175409,0.3237436736888045,0.20002750998963004,-1.1711623316440511,0,-1.6179908208412552,999.9,2.3,32.5
0.2071902438690567,0.3226316234165157,U8,MN8014,16.191227269779922,4.015458022562328,WPG,SSPG,0.07720266693370914,0.3237051024998361,0.20002100442166326,-1.1707402574056642,5,-1.6198429728895967,999.9,2.3,32.5
0.20718209117956263,0.32262708216453984,U8,MN8014,16.194069280439333,4.015130027716467,WPG,SSPG,0.077242646197758,0.32371695917227955,0.200021778633419,-1.1711415442343265,7,-1.619458237308013,999.9,2.3,32.5
0.20713131711132882,0.3226362055320503,U8,MN8014,16.19459514837125,4.014591826986252,WPG,SSPG,0.07729047486198724,0.3237076164195145,0.20002441460278617,-1.1710339461105002,0,-1.618604933221425,999.9,2.3,32.5
0.20715273498285094,0.3224255877669455,U8,MN8014,16.192953234768495,4.015221364103767,WPG,SSPG,0.07702570335272214,0.32365812375768893,0.20002337432094813,-1.173062832508466,4,-1.6204687073667774,999.9,2.3,32.4
0.20715365434101457,0.32246390206000414,U8,MN8014,16.189851262276832,4.015395074994313,WPG,SSPG,0.0770464562199251,0.32365939888311707,0.20001964962167929,-1.172733737074848,6,-1.6188410642686364,999.9,2.3,32.4
0.20708243940858884,0.3225057877302095,U8,MN8014,16.19071073962411,4.014648447898261,WPG,SSPG,0.07722071641723481,0.32367236356661555,0.20005132508940654,-1.172172346325894,4,-1.6154396323191786,999.9,2.3,32.4
0.20708230714509032,0.3224387611255631,U8,MN8014,16.193621481057285,4.013997800007562,WPG,SSPG,0.07726967542518542,0.32369566669156924,0.20005510662044973,-1.1722917444099246,6,-1.6145272777001605,999.9,2.3,32.4
0.2070981395551684,0.32247790560691597,U8,MN8014,16.18952867351384,4.014483364081685,WPG,SSPG,0.07714895771366531,0.3236705949766832,0.20002969957423414,-1.1726915012587322,2,-1.6171131383920674,999.9,2.3,32.4
0.2070828927588922,0.32257717753561965,U8,MN8014,16.190704746930543,4.014288353833951,WPG,SSPG,0.07727110227010492,0.3237013058956418,0.20006278535982308,-1.173402046009027,0,-1.6162592346529205,1000.0,2.3,32.4
0.20705732079010825,0.3227497430301601,U8,MN8014,16.19028592683355,4.01359748706027,WPG,SSPG,0.07754539225092047,0.3237146808681148,0.20005954294932854,-1.170606870458784,2,-1.615519360300027,1000.0,2.3,32.5
0.2071086171580071,0.3224704803922859,U8,MN8014,16.19207923763795,4.0145820972587805,WPG,SSPG,0.0771220972843286,0.32372000705804466,0.2000604636388313,-1.1738095099890533,3,-1.6184144787821424,1000.0,2.3,32.4
0.20709062744800436,0.32247058274654233,U8,MN8014,16.192554229239896,4.014080608451821,WPG,SSPG,0.07719303319582914,0.32370650255396805,0.20004260404499813,-1.1735433683719396,5,-1.6162469583700876,1000.0,2.3,32.4
0.20708833055640444,0.3225482666867988,U8,MN8014,16.193463453518625,4.014154863923398,WPG,SSPG,0.07722021922756744,0.32369042166188217,0.20006367662115715,-1.1734426792432464,5,-1.617351004719355,1000.0,2.3,32.4
0.20709672193958834,0.3223315514187228,U8,MN8014,16.19767065392626,4.013809961376573,WPG,SSPG,0.07699572168545435,0.32366066596207355,0.200068548641119,-1.1756325529041975,1,-1.6163778007401017,1000.0,2.3,32.3
0.20713503526493612,0.3224569709057643,U8,MN8014,16.198116379238108,4.014049809075554,WPG,SSPG,0.07711449765929754,0.3237080899890449,0.20005298447842207,-1.1742271916396685,2,-1.6194341619207346,1000.0,2.3,32.4
0.20715224309976138,0.3223538778891491,U8,MN8014,16.198724685144963,4.0148390592458165,WPG,SSPG,0.07687301192603281,0.32366033330896943,0.20007240343129867,-1.1762999585199587,1,-1.6200766843041006,1000.0,2.3,32.3
0.20709629648704883,0.32234112879137516,U8,MN8014,16.199191695318113,4.014375410101488,WPG,SSPG,0.07700826478211183,0.32363194563817727,0.20007925542130423,-1.1759534381165528,5,-1.6207627071510675,1000.0,2.3,32.3
0.20713948847118216,0.3222657300110267,U8,MN8014,16.203823264862947,4.014567670641144,WPG,SSPG,0.07700710039874561,0.3236929054232926,0.2000553709380688,-1.1762483047336467,6,-1.6149509723395177,1000.0,2.3,32.3
0.20721821489174228,0.32223657974104797,U8,MN8014,16.20291127925239,4.01582472729724,WPG,SSPG,0.07677222719129893,0.3236777163722468,0.2000431220745319,-1.1769960914003286,3,-1.6211521767261203,1000.0,2.3,32.3
0.20725633442921554,0.3221361017971994,U8,MN8014,16.202441382354436,4.016762718291526,WPG,SSPG,0.0765060836587948,0.3236734564406662,0.20005345133245186,-1.1789951595389798,7,-1.6087637720294659,1000.0,2.3,32.3
0.20728270851592456,0.32199497179047415,U8,MN8014,16.206877805824277,4.016514422439898,WPG,SSPG,0.07641545147898511,0.3236669533768177,0.20003450808173806,-1.1799829041377015,6,-1.6222975456161084,1000.0,2.3,32.2
0.20727252889721937,0.3220451113535855,U8,MN8014,16.20789388690195,4.016208560852617,WPG,SSPG,0.07649594999082389,0.32369004096307086,0.20005881590557617,-1.179367972587988,3,-1.6097255294583235,1000.0,2.3,32.3
0.20714210073950498,0.32204891033641886,U8,MN8014,16.207346782188793,4.015228925239467,WPG,SSPG,0.07673089037391863,0.32363614368412935,0.20007758957305424,-1.1789882167190684,4,-1.6206286615987775,1000.0,2.3,32.2
0.20723851346378483,0.32206689530067906,U8,MN8014,16.21085311346698,4.015615643445119,WPG,SSPG,0.0765108336200718,0.32368088190102356,0.20005143068835324,-1.1797552637982496,1,-1.6177526578653065,1000.0,2.3,32.2
0.20721586143504228,0.3219650690370328,U8,MN8014,16.211661976998762,4.015603376002842,WPG,SSPG,0.07642268948238898,0.3236272376918619,0.20006657222089588,-1.1819869463002899,0,-1.609636295943794,1000.0,2.3,32.2
0.20727338285404584,0.32214222790951125,U8,MN8014,16.2116541611233,4.01599791889399,WPG,SSPG,0.0764739433202841,0.32367265643306214,0.2000583543400208,-1.1805797764462098,1,-1.6216339935591115,1000.0,2.3,32.2
0.20726423587847073,0.32212227352534734,U8,MN8014,16.209152417260462,4.016619923518378,WPG,SSPG,0.07650914563197905,0.3236494673441376,0.20005362316961134,-1.179813637749652,4,-1.6211697914422771,1000.0,2.3,32.2
0.20732187065654456,0.3221220309504466,U8,MN8014,16.212842420189702,4.0165301118546815,WPG,SSPG,0.07640365353960447,0.32373914611998,0.2000580042519023,-1.1810428029413487,7,-1.6184189566010598,1000.0,2.3,32.2
0.20724562783590486,0.3220658144679907,U8,MN8014,16.213093266583797,4.015288523359968,WPG,SSPG,0.07655157211414965,0.3236986138103409,0.20006371483419233,-1.180397656126591,1,-1.6194102537365023,1000.0,2.3,32.2
0.20728307012821762,0.3220348068497271,U8,MN8014,16.21466268025648,4.016597696068158,WPG,SSPG,0.07654630611083722,0.3236998999336564,0.20003772331770941,-1.18109869555416,3,-1.6207363762004157,1000.0,2.3,32.2
0.20725407854416683,0.32232864852320087,U8,MN8014,16.211175526183503,4.015615119680278,WPG,SSPG,0.07680168523199091,0.32373873604240044,0.20005395612297722,-1.1783918036735606,6,-1.6184270993422807,1000.0,2.3,32.3
0.20725908510354427,0.32220532604777513,U8,MN8014,16.2140923460751,4.0149934968669605,WPG,SSPG,0.07656751981081819,0.3236791386661915,0.2000762429445881,-1.1803549375088709,5,-1.6192828494720501,1000.0,2.3,32.2
0.2073859133230787,0.3221689236995413,U8,MN8014,16.209344707828457,4.017938617671423,WPG,SSPG,0.07646470812833434,0.3237841745433325,0.20000921406837102,-1.178462339801642,4,-1.6171654859671225,1000.0,2.3,32.3
0.20738273602459265,0.32209613699354306,U8,MN8014,16.21272246545177,4.018031987770155,WPG,SSPG,0.07637053819424203,0.3236937727317668,0.20003455904447373,-1.180749969471285,7,-1.6211677639321032,1000.0,2.3,32.2
0.20723731772222762,0.3220476416912038,U8,MN8014,16.204384529859077,4.016518040243993,WPG,SSPG,0.0765517369726405,0.32355914270399855,0.200016475427872,-1.1793279562694057,2,-1.6181268687705082,1000.0,2.3,32.3
0.2073193811243152,0.3223236472397095,U8,MN8014,16.20157075790971,4.017055128795333,WPG,SSPG,0.07672433993518639,0.32370456048156665,0.20000715899751978,-1.177179712794311,6,-1.6168317492194682,1000.0,2.3,32.3
0.2073752515768197,0.32207615853609645,U8,MN8014,16.20563575576982,4.018270743238974,WPG,SSPG,0.07634507731252775,0.32370991829506357,0.20002736923361714,-1.180734485269987,5,-1.6215514745017483,1000.0,2.3,32.2
0.20744884647048123,0.3221349364328384,U8,MN8014,16.213274945730365,4.018134146238895,WPG,SSPG,0.07619852032785068,0.3236960377925216,0.20002544430774188,-1.1814651662697127,4,-1.623627056629287,1000.0,2.3,32.2
0.2074091555741478,0.3222738915359652,U8,MN8014,16.210495481901177,4.018007390276294,WPG,SSPG,0.07626452152322283,0.32367359050847716,0.20002553155301572,-1.1815811244089471,5,-1.6233456383755431,1000.0,2.3,32.2
0.2075142925698224,0.3222906104888887,U8,MN8014,16.214697069976097,4.01929345001,WPG,SSPG,0.07625370398329406,0.3237583878623251,0.20001710735801592,-1.1815156608434692,5,-1.614826312002986,1000.0,2.3,32.2
0.2074516354272642,0.3220708661474978,U8,MN8014,16.211313491945173,4.019253258984165,WPG,SSPG,0.0760858862196526,0.3236814971443637,0.20000687435364753,-1.1808977485139778,2,-1.6229029132284598,1000.0,2.3,32.2
0.20739120747373507,0.322373896785886,U8,MN8014,16.20493811497387,4.01793084101276,WPG,SSPG,0.07648068027307843,0.3237235528772253,0.20000402467476758,-1.1779681378596663,3,-1.6175546436150672,1000.0,2.3,32.3
0.20737285296631439,0.32238185917337797,U8,MN8014,16.206213394681292,4.01731333293264,WPG,SSPG,0.07648166007414842,0.32371676473557687,0.20002390933226064,-1.17844518770728,1,-1.6211312749436484,1000.0,2.3,32.3
0.2073594486383008,0.3223102613358766,U8,MN8014,16.206821737244393,4.0177201379679355,WPG,SSPG,0.07650438003747348,0.3236946295150277,0.20000629107842535,-1.1782447753412686,0,-1.6216742466524892,1000.0,2.3,32.3
0.2073067374722923,0.32214706549329375,U8,MN8014,16.213949897239868,4.016367421326326,WPG,SSPG,0.07651939681946551,0.3237069550993397,0.2000200350086634,-1.1798800158451939,3,-1.6115683272939254,1000.0,2.3,32.2
0.20736470693995745,0.32232686700969215,U8,MN8014,16.20698565235743,4.017564989369749,WPG,SSPG,0.0764853820336423,0.3237185893784299,0.2000043298767167,-1.178544998583192,6,-1.6202180593487316,1000.0,2.3,32.3
0.20739188232416308,0.3221186849600816,U8,MN8014,16.21645277873739,4.017468131359677,WPG,SSPG,0.07629771794995384,0.32369979679928185,0.20000798954901064,-1.1807685674340986,3,-1.6165881911277342,1000.0,2.3,32.2
0.2074011655617341,0.32227783025389967,U8,MN8014,16.21016819920554,4.017656163844568,WPG,SSPG,0.07647446102611885,0.32372626573582153,0.2000063714485982,-1.1785722380341475,0,-1.620584136124986,1000.0,2.3,32.3
0.2073852162209695,0.32229611106846356,U8,MN8014,16.21079608139282,4.017844553958121,WPG,SSPG,0.07648254598679005,0.32372236735209686,0.2000004461194148,-1.1780228884269848,0,-1.6183905892479942,999.9,2.3,32.3
0.20741551143738912,0.32231772160178934,U8,MN8014,16.214015215359645,4.017999282851202,WPG,SSPG,0.07641485805634851,0.32377245857137005,0.20001086892698855,-1.179644783219139,3,-1.6194092089453136,1000.0,2.3,32.3
0.2074089511995868,0.32235785765500724,U8,MN8014,16.21062068418785,4.017937109081554,WPG,SSPG,0.07644603497096941,0.3237534878191308,0.2000094002421801,-1.1788952660722485,1,-1.6180139438680232,1000.0,2.3,32.3
0.20742212288978765,0.32227934080402815,U8,MN8014,16.210918882214557,4.018702380190461,WPG,SSPG,0.07635827367637903,0.3237337128574319,0.20000484634999577,-1.1790344172509601,5,-1.6219108658217234,1000.0,2.3,32.3
0.20742996404058428,0.3223154385663338,U8,MN8014,16.21033709703276,4.018857174201519,WPG,SSPG,0.07633515354996312,0.32375182796150875,0.2000008093445074,-1.1792015617843397,3,-1.621452330627955,999.9,2.3,32.3
0.20747620443328882,0.3223695413487986,U8,MN8014,16.21351267286621,4.01906249617014,WPG,SSPG,0.07628951459880111,0.3237505795954205,0.20000212679932058,-1.1793929457276295,2,-1.620018383047439,1000.0,2.3,32.3
0.207443557728552,0.32237811761874163,U8,MN8014,16.209431093180953,4.01896319936487,WPG,SSPG,0.07631205513212425,0.3237284668044127,0.2000015507099708,-1.1788008986604275,7,-1.6213090889208086,999.9,2.3,32.3
0.20743163818094965,0.32241080594309357,U8,MN8014,16.208316053700646,4.018658106288423,WPG,SSPG,0.07637284624181793,0.32371666825528667,0.2000066885258577,-1.1787170635625126,2,-1.6219673200676645,999.9,2.3,32.3
0.20746059340519626,0.32236435247336515,U8,MN8014,16.21006660433127,4.019122217324696,WPG,SSPG,0.07634996543768248,0.32373034159362407,0.2000006652987824,-1.1784494676239943,7,-1.6199999379302916,999.9,2.3,32.3
0.20744195280349065,0.32236331712307054,U8,MN8014,16.209242998736066,4.0188401958054385,WPG,SSPG,0.07634218551503225,0.32371423774184843,0.2000018875392604,-1.1787032914385822,7,-1.6226051341236936,999.9,2.3,32.3
0.20745980497499755,0.3223118890167539,U8,MN8014,16.210014066380147,4.019192115734085,WPG,SSPG,0.07631615365615962,0.3237109307900248,0.20000015650426492,-1.178471188383471,7,-1.62299413110288,999.9,2.3,32.3
0.2074387118877085,0.32234160480337654,U8,MN8014,16.21243350391654,4.018627820211044,WPG,SSPG,0.07636909252161933,0.3237551907653591,0.2000016129012439,-1.1787762862355415,2,-1.6183208212325386,999.9,2.3,32.3
0.20743407000813724,0.3223672099120992,U8,MN8014,16.21215650688196,4.018760352990678,WPG,SSPG,0.07637774132645289,0.3237176903237136,0.20000145251771922,-1.1790247776527987,5,-1.6223495100905883,999.9,2.3,32.3
0.20751284698744316,0.3223793005981539,U8,MN8014,16.212402630402618,4.020000578885311,WPG,SSPG,0.07624668146126218,0.3237727148420694,0.20000030852871747,-1.1789241567417397,0,-1.6180707363949853,999.9,2.3,32.3
0.20742620295867492,0.32233613966022834,U8,MN8014,16.21003546698932,4.0186190061373,WPG,SSPG,0.0764100859074157,0.3237676607611031,0.20000330061542484,-1.1783709420154325,6,-1.6162190578426419,999.9,2.3,32.3
0.20738216706514295,0.3225593272930711,U8,MN8014,16.20928486007484,4.017419716987352,WPG,SSPG,0.07673285105222935,0.3238092952964414,0.20000837542895086,-1.1765364058700718,7,-1.6151274510579263,1000.0,2.3,32.4
0.20730532462699394,0.32246477714289595,U8,MN8014,16.211052015219764,4.015825029984463,WPG,SSPG,0.07686195889707473,0.3237622078004128,0.20000924063357448,-1.1763469162320412,0,-1.6184925212552113,1000.0,2.3,32.4
0.2074060719721183,0.322576492994133,U8,MN8014,16.20920186455044,4.0175029608676835,WPG,SSPG,0.07668610678951232,0.323805322264677,0.20000409689830848,-1.1761477002140668,6,-1.6149528395636246,999.9,2.3,32.4
0.20738105812330143,0.322565474694985,U8,MN8014,16.20952830380181,4.017302711767129,WPG,SSPG,0.07668963336759034,0.32377749638730247,0.2000065237632357,-1.1767781781440612,7,-1.618747616957986,1000.0,2.3,32.4
0.20738840500829187,0.32255249420431836,U8,MN8014,16.208338209425264,4.017803079395706,WPG,SSPG,0.07665534335911348,0.3237721528944843,0.2000065280469711,-1.1766529492634141,2,-1.6195696193872902,1000.0,2.3,32.4
0.20733337602836283,0.32258631201603316,U8,MN8014,16.207759701849326,4.017139740475769,WPG,SSPG,0.07678204785166966,0.32376133226233794,0.20000466549036494,-1.1758048171863988,3,-1.6163217880664273,999.9,2.3,32.4
0.2073593879148091,0.32262131386198556,U8,MN8014,16.20873621306335,4.017424637538307,WPG,SSPG,0.07680582278128328,0.3237647000504301,0.200004770422824,-1.1755519359021154,3,-1.613123953413993,1000.0,2.3,32.4
0.2073949018819853,0.32263068536762696,U8,MN8014,16.20996634081995,4.0185088283515835,WPG,SSPG,0.07671204892907184,0.32373465903279564,0.20000022793991007,-1.1754745451487127,2,-1.6167049062893852,999.9,2.3,32.4
0.20735210645531962,0.3225418435791907,U8,MN8014,16.20763365905313,4.01716193661704,WPG,SSPG,0.07669957153584686,0.32373317556158415,0.2000060346712891,-1.1760307674417523,3,-1.6201824701929777,1000.0,2.3,32.4
0.207389534041039,0.32254499958477756,U8,MN8014,16.21205246376158,4.0180648283957465,WPG,SSPG,0.07660714680850238,0.32378959196492907,0.20000090353116703,-1.1768248071181642,4,-1.6170446574799318,1000.0,2.3,32.4
0.20744471370414072,0.3227769477679135,U8,MN8014,16.21181732200801,4.0190434233484424,WPG,SSPG,0.07678212617919418,0.3238238947584798,0.20000179698820558,-1.1744886826954122,3,-1.6185510141039643,999.9,2.3,32.5
0.2074340682555178,0.32280140341498464,U8,MN8014,16.211214370111207,4.01821192563878,WPG,SSPG,0.07684952189287594,0.3238467824324985,0.20000096413803373,-1.1745491201529377,2,-1.6146965918509064,1000.0,2.3,32.5
0.207525125696308,0.3224820903605541,U8,MN8014,16.214738217681692,4.020237142354781,WPG,SSPG,0.07624279476515969,0.32380837299499754,0.2000000668677217,-1.1787997419931653,4,-1.6114498706023976,999.9,2.3,32.3
0.20746511097899106,0.3225085798990636,U8,MN8014,16.21427537039593,4.0189325832700815,WPG,SSPG,0.07650746905839358,0.3237882061911032,0.20000010057811893,-1.1769299452156332,3,-1.6205954522862633,999.9,2.3,32.4
0.20744868644644218,0.3222853000075862,U8,MN8014,16.215011359646773,4.018788772162241,WPG,SSPG,0.07635019931056389,0.3237242256241431,0.20000033555465965,-1.1788728911652466,3,-1.6207627921961798,1000.0,2.3,32.3
0.20754251820025113,0.3222980091413683,U8,MN8014,16.2148864877787,4.020683361022245,WPG,SSPG,0.07615424874830333,0.3237456737080089,0.20000247057239526,-1.1791638387689147,5,-1.623415247354016,999.9,2.3,32.3
0.2074907821293573,0.32229538290500714,U8,MN8014,16.214510753875494,4.019115191636637,WPG,SSPG,0.07630592294465141,0.32376968517227944,0.2000013934287869,-1.17865343280074,5,-1.6165460684372572,1000.0,2.3,32.3
0.20745613306951433,0.32227127416185675,U8,MN8014,16.21554263870514,4.019296420560579,WPG,SSPG,0.07619970244747902,0.32374720131331125,0.20000023269114406,-1.1795026327939382,4,-1.6215781720055595,1000.0,2.3,32.3
0.20746930776804628,0.32228722817901745,U8,MN8014,16.21258209447922,4.0198333184839585,WPG,SSPG,0.07623684406370547,0.32369619990310855,0.20000000047561775,-1.1782369599837972,1,-1.623247396140199,999.9,2.3,32.3
0.20756477637265083,0.3223519322097926,U8,MN8014,16.214689510748343,4.021370018595312,WPG,SSPG,0.07611334843612509,0.32376156217874097,0.20000230714508413,-1.1791015254185797,0,-1.6210650760780716,999.9,2.3,32.3
0.20747549480795663,0.3222960933025158,U8,MN8014,16.21327767653108,4.01992565679497,WPG,SSPG,0.07620956855043995,0.3237215492689329,0.20000000008967359,-1.1789804510989497,5,-1.6224303007354308,1000.0,2.3,32.3
0.20743567464456344,0.32233606213761723,U8,MN8014,16.21019666989308,4.019515490053506,WPG,SSPG,0.07632427924359436,0.32368871063400984,0.2000059358867888,-1.1779411219482223,5,-1.6222690176049959,999.9,2.3,32.3
0.20748952799586906,0.3225251241886692,U8,MN8014,16.21256259982095,4.019549316887911,WPG,SSPG,0.07653712712078144,0.323776709526191,0.20000459019745973,-1.1766131060425291,6,-1.6215370453024374,999.9,2.3,32.4
0.2074960178373834,0.3223049771711214,U8,MN8014,16.21074739149871,4.019537556617252,WPG,SSPG,0.07630387769704937,0.3237129582777856,0.20000244039694562,-1.1785287639940265,3,-1.6226670721327388,1000.0,2.3,32.3
0.20746903449543022,0.3223279934527117,U8,MN8014,16.211322077048756,4.019175906934178,WPG,SSPG,0.07631401940286246,0.32371036649474105,0.20000331756757814,-1.1786475512713153,0,-1.622211555291372,1000.0,2.3,32.3
0.20750080854300057,0.32229806756108004,U8,MN8014,16.215002903535094,4.01882966211749,WPG,SSPG,0.0762859435222676,0.32375947862345694,0.2000016853750038,-1.1793452140883733,4,-1.6204941097052235,1000.0,2.3,32.3
0.20741313005699627,0.3225526703279551,U8,MN8014,16.211313296816346,4.018021527465722,WPG,SSPG,0.0766681412602189,0.3237441020826528,0.20000239993046565,-1.1763400385615401,2,-1.6200210463265954,1000.0,2.3,32.4
0.2073739704571839,0.32231978721390203,U8,MN8014,16.211154434422788,4.017236561066769,WPG,SSPG,0.0764778743486233,0.3236901597379855,0.20000004918299671,-1.1783273613055474,7,-1.6205022149223574,1000.0,2.3,32.3
0.20734000416043352,0.3225806690833785,U8,MN8014,16.20949445447598,4.0158277958278035,WPG,SSPG,0.0768749348814059,0.3237259570630194,0.2000006628806056,-1.1757120280363806,0,-1.61722680807107,1000.0,2.3,32.4
0.207387802820251,0.3223184063795526,U8,MN8014,16.21158270703466,4.0175914722577035,WPG,SSPG,0.07651401346229225,0.32368695417273236,0.20000000085861427,-1.1782314980402022,7,-1.6205802779938647,1000.0,2.3,32.3
0.20741877234493178,0.32228832348437325,U8,MN8014,16.21596630438293,4.017717868342124,WPG,SSPG,0.0765128694425891,0.3237232621350476,0.20000103327841456,-1.1790339095465507,6,-1.620516396879399,1000.0,2.3,32.3
0.20739472002591475,0.3222761188126758,U8,MN8014,16.216659444348103,4.017501903419127,WPG,SSPG,0.07652525450804835,0.32372374571913015,0.20000220334099894,-1.1788207374084638,1,-1.6191532495414158,1000.0,2.3,32.3
0.20737820322991768,0.3219726318488934,U8,MN8014,16.218683836341945,4.017472336936547,WPG,SSPG,0.07632602417770733,0.32368592658493756,0.20000364225740508,-1.1809281022227116,1,-1.6201782958665927,1000.0,2.3,32.2
0.20740591433700076,0.3222914629354467,U8,MN8014,16.214094034545347,4.017432999812208,WPG,SSPG,0.07646820084379516,0.3237301818916793,0.20000036146527864,-1.1790447976437686,6,-1.6201342515399322,1000.0,2.3,32.3
0.207447292661371,0.32198316277786393,U8,MN8014,16.21697458907863,4.018383895790798,WPG,SSPG,0.07610908900895103,0.32371392626018597,0.20000479109699407,-1.1816490550257441,7,-1.6226659158472305,1000.0,2.3,32.2
0.20746470185064858,0.32202296227392313,U8,MN8014,16.218252780417643,4.018665441932296,WPG,SSPG,0.07616506100471893,0.3237229367156838,0.20000009250087897,-1.1809832426028104,2,-1.617626707039884,1000.0,2.3,32.2
0.20744722442364968,0.3219540530140477,U8,MN8014,16.223212091004264,4.017862504157292,WPG,SSPG,0.07619219230756812,0.3237365493841896,0.2000059148407074,-1.1823515643530924,6,-1.622102172869747,1000.0,2.3,32.2
0.2073695526181951,0.3220041536318329,U8,MN8014,16.219872438859603,4.0172009149852155,WPG,SSPG,0.07628856291665567,0.3236703087875917,0.2000004334986129,-1.181422605946563,7,-1.622189316857492,1000.0,2.3,32.2
0.20744171543695608,0.32178471010184345,U8,MN8014,16.22686458141927,4.018193501656685,WPG,SSPG,0.07603236890255306,0.32370560468442156,0.20000484809038307,-1.1844038576981262,7,-1.618766475056935,1000.0,2.3,32.1
0.20743086713081432,0.32202521450471017,U8,MN8014,16.216381645301283,4.018550164237312,WPG,SSPG,0.07617260037544317,0.3236987369514358,0.20000178226233314,-1.180833136948844,3,-1.6192681121474894,1000.0,2.3,32.2
0.20737128797926813,0.32224972738111934,U8,MN8014,16.21441241251502,4.017435217995333,WPG,SSPG,0.0765236847917986,0.32370231261071886,0.20000039644400458,-1.1782171308685456,6,-1.6192251040205328,1000.0,2.3,32.3
0.20735194145651875,0.32197327685957533,U8,MN8014,16.21791046142205,4.017009422398131,WPG,SSPG,0.07632450451585006,0.32365714854000605,0.20000622480352453,-1.1806312667241603,3,-1.6215417250774564,1000.0,2.3,32.2
0.20745009767304184,0.3219668582725884,U8,MN8014,16.214726796317336,4.018611457172117,WPG,SSPG,0.0761188537506365,0.323679327312123,0.20000112059053268,-1.1808743333454226,6,-1.62345444517962,1000.0,2.3,32.2
0.20741144131313874,0.32202604450098854,U8,MN8014,16.216564139698733,4.018201578395727,WPG,SSPG,0.07623589592149771,0.3236998150536535,0.20000507713956828,-1.1810152863379457,5,-1.61973187604449,1000.0,2.3,32.2
0.2074545676746356,0.3220237641399162,U8,MN8014,16.216406107953453,4.018823129978781,WPG,SSPG,0.07612287956157984,0.32369425863525114,0.20000182255543483,-1.1812403232143007,6,-1.621994008091887,1000.0,2.3,32.2
0.20744650863880815,0.32202910866966344,U8,MN8014,16.22005509403155,4.0181972589293675,WPG,SSPG,0.07618621773148748,0.32372595243132146,0.2000060471311977,-1.181729112257909,6,-1.619939634202936,1000.0,2.3,32.2
0.20741654594375708,0.3220658385157185,U8,MN8014,16.215896410987575,4.018314302233904,WPG,SSPG,0.0761713422930486,0.3236633410503046,0.2000013110142864,-1.1806614138012865,5,-1.6208201135549416,1000.0,2.3,32.2
0.20744315805400015,0.3219857001826078,U8,MN8014,16.220021574403233,4.018096086372665,WPG,SSPG,0.0761111423965826,0.323714518264697,0.20000508285547386,-1.181755608233443,0,-1.6219078435860812,1000.0,2.3,32.2
0.20746889578320268,0.32198779710556497,U8,MN8014,16.21967299305922,4.018628082745456,WPG,SSPG,0.07611570072253918,0.32369174176140214,0.20000107200759015,-1.1814819242160228,1,-1.6231609168392982,1000.0,2.3,32.2
0.20745834825003653,0.3220207902811456,U8,MN8014,16.220870253845717,4.018616312764195,WPG,SSPG,0.07609563132426271,0.32370630015158186,0.2000014765374045,-1.181807131590987,5,-1.6218691502025298,1000.0,2.3,32.2
0.2073977323458589,0.32198099282803966,U8,MN8014,16.2194158670733,4.017689537004251,WPG,SSPG,0.07621081699866503,0.32366677321225,0.20000022742088538,-1.1812492758594226,3,-1.6230606517486734,1000.0,2.3,32.2
0.20741464254288564,0.3220746887907264,U8,MN8014,16.220974322799805,4.018145776189955,WPG,SSPG,0.0761957222843313,0.32372077505798763,0.20000142967595122,-1.1814005663457061,1,-1.616588780850332,1000.0,2.3,32.2
0.20740935281262962,0.3222930846436498,U8,MN8014,16.219438182648133,4.017779075330014,WPG,SSPG,0.07644721627252543,0.32371867793355336,0.20000003686764642,-1.179311486340395,0,-1.6205523825650552,1000.0,2.3,32.3
0.2074470837133006,0.3220581368406669,U8,MN8014,16.220407303598922,4.018540328080637,WPG,SSPG,0.07618076602071737,0.32371713213059283,0.20000256765571403,-1.181733204154478,1,-1.6197347679103977,1000.0,2.3,32.2
0.2074897836396013,0.32206568150364473,U8,MN8014,16.221427862496505,4.018884517191225,WPG,SSPG,0.07608680114915264,0.3237402478524449,0.20000102956284038,-1.1821869251911028,3,-1.619804079002451,1000.0,2.3,32.2
0.2074702024219623,0.3220394267051555,U8,MN8014,16.220432769782402,4.0186602305976225,WPG,SSPG,0.0760586342064228,0.32375094561490053,0.20000364599607007,-1.1825931214031953,0,-1.6212334687289172,1000.0,2.3,32.2
0.2074760741396897,0.3220566189924363,U8,MN8014,16.22286984897784,4.018688144247794,WPG,SSPG,0.0760769217478972,0.3237286997476228,0.20000297015262578,-1.1826994884734805,5,-1.6226562133507123,1000.0,2.3,32.2
0.20749937874710378,0.3220183155942525,U8,MN8014,16.224723893075478,4.018712892320622,WPG,SSPG,0.07604002862572151,0.32376316598561033,0.20000358110746683,-1.1830665547848225,3,-1.6217324156177728,1000.0,2.3,32.2
0.2075233012662397,0.32207032891871024,U8,MN8014,16.22280960564583,4.0191723494978335,WPG,SSPG,0.07598467824236746,0.3237610060119968,0.20000414006781378,-1.1830291406412476,7,-1.6219294601873901,1000.0,2.3,32.2
0.20745904566912218,0.32209999116059085,U8,MN8014,16.22051444431714,4.017878637030567,WPG,SSPG,0.07614754521866123,0.32372981713996,0.20001428046473954,-1.182446385172763,5,-1.6220506133007202,1000.0,2.3,32.2
0.20745585362643526,0.32208324012031114,U8,MN8014,16.220197391443282,4.0181776287773205,WPG,SSPG,0.07614656041312848,0.3237105531090526,0.2000115911305093,-1.1821253002897247,4,-1.6226361855411948,1000.0,2.3,32.2
0.2074211498719237,0.3220790518066933,U8,MN8014,16.21870771024919,4.017629701472084,WPG,SSPG,0.07614314706238054,0.3236899326589345,0.20001047210111378,-1.1817575429701568,6,-1.6227267840169333,1000.0,2.3,32.2
0.2074629107068556,0.32208969835446316,U8,MN8014,16.221647355212824,4.018020800133191,WPG,SSPG,0.07608062757121224,0.3237313182783785,0.20001623999783635,-1.1823666780257271,5,-1.621690444280718,1000.0,2.3,32.2
0.20745933710525394,0.32212215197008165,U8,MN8014,16.222880479096723,4.017952337553667,WPG,SSPG,0.07611445324688809,0.3237562863765342,0.2000091183208488,-1.182236143347039,3,-1.6168975117953774,1000.0,2.3,32.2
0.20744508957887398,0.32211587208927367,U8,MN8014,16.22325698173739,4.017579093469263,WPG,SSPG,0.07613881562661774,0.32374642334264936,0.2000165763033196,-1.182671501194906,1,-1.6200784811035778,1000.0,2.3,32.2
0.20748334567300555,0.3221367192586267,U8,MN8014,16.21969931815491,4.018627276536532,WPG,SSPG,0.07602814366628345,0.32373137001655145,0.20000806333889676,-1.1822250715773404,5,-1.6204319941227237,1000.0,2.3,32.2
0.207466045888772,0.32206457236228425,U8,MN8014,16.221170811794813,4.018186265826885,WPG,SSPG,0.0760720279644944,0.32373970448268147,0.20001652104832568,-1.1825615305921882,5,-1.6225206257708535,1000.0,2.3,32.2
0.20745019849278007,0.32208803140199427,U8,MN8014,16.220212352396004,4.01808100801298,WPG,SSPG,0.0760905338218533,0.3237140774382148,0.2000122536002708,-1.1819125192685316,2,-1.6212387159750694,1000.0,2.3,32.2
0.20745280134443853,0.3221087992326407,U8,MN8014,16.220076777617084,4.017964800390236,WPG,SSPG,0.0760738475456855,0.32372296926083044,0.20001324279152197,-1.1822285455530175,5,-1.6215065824934882,1000.0,2.3,32.2
0.2074624745265804,0.3220873134672416,U8,MN8014,16.219796467202997,4.018633383835172,WPG,SSPG,0.07603323147500614,0.32371814933231374,0.20000894414796588,-1.1821892295389391,0,-1.6221560534563029,1000.0,2.3,32.2
0.2074478473684927,0.32209578008718026,U8,MN8014,16.22099618096218,4.018467801908151,WPG,SSPG,0.07604133794258697,0.3237160932237269,0.20000732218675776,-1.182044752768639,3,-1.6206614003400972,1000.0,2.3,32.2
0.2074489520903916,0.3221083531405036,U8,MN8014,16.21894777143645,4.018672953750281,WPG,SSPG,0.07603359570765225,0.32370912963042775,0.20000821888066553,-1.181866156372708,1,-1.6211025633571499,1000.0,2.3,32.2
0.20746060875539601,0.3220905910985489,U8,MN8014,16.218950479476213,4.018648446759083,WPG,SSPG,0.07601877053201561,0.3236933552876705,0.2000095723176433,-1.1818620073224428,7,-1.6233448319161745,1000.0,2.3,32.2
0.20747456099929795,0.3220794207297198,U8,MN8014,16.219169498351178,4.019084116174224,WPG,SSPG,0.0759647307556202,0.32370482568583325,0.20000786089988556,-1.1820779707982625,3,-1.6235005236547924,1000.0,2.3,32.2
0.20746014511250335,0.3220632774189087,U8,MN8014,16.219388039077465,4.019057342908489,WPG,SSPG,0.076053011207732,0.3236918010479695,0.20000482706136466,-1.1817699295088622,2,-1.6230559130773283,1000.0,2.3,32.2
0.20745660319639442,0.32205860786576135,U8,MN8014,16.216860623050614,4.019285370467083,WPG,SSPG,0.07601242097071385,0.32367919290746594,0.20000356649125597,-1.1812635400706348,0,-1.6228570769504351,1000.0,2.3,32.2
0.2074436245230591,0.3220957477534857,U8,MN8014,16.215244179755846,4.019143807582703,WPG,SSPG,0.07607324395494464,0.3236546051416268,0.20000365028269027,-1.1809966841280006,2,-1.6235123320855003,1000.0,2.3,32.2
0.20742273793705518,0.3221507359230175,U8,MN8014,16.2154414074243,4.018781965980842,WPG,SSPG,0.07611809641251484,0.3236542265795838,0.20000673983635686,-1.1806732784778822,1,-1.6207585729493417,1000.0,2.3,32.2
0.20742651883021385,0.3220970480415766,U8,MN8014,16.215509266591724,4.019060483072163,WPG,SSPG,0.07607481495471745,0.32366112162149674,0.2000046584184461,-1.1812950139163378,7,-1.623760538307133,1000.0,2.3,32.2
0.20740111712536147,0.32198513415781455,U8,MN8014,16.21402366135053,4.018773894367619,WPG,SSPG,0.07604233229161995,0.3236282628906497,0.20000656495157434,-1.1809811546054154,2,-1.6025536198638175,1000.0,2.3,32.2
0.20741094095814924,0.3220940093255819,U8,MN8014,16.216314386985147,4.018731910067474,WPG,SSPG,0.07609840179843815,0.3236694479621893,0.20000870079929237,-1.1808646946039096,1,-1.620968039190041,1000.0,2.3,32.2
0.20742772487421102,0.3220414972319864,U8,MN8014,16.214927722188506,4.019089964016685,WPG,SSPG,0.07604766042835845,0.32367648478588085,0.20000914902382758,-1.1811838226794795,3,-1.6236751971791286,1000.0,2.3,32.2
0.20742101324144724,0.32202717248928153,U8,MN8014,16.216607669142945,4.018794328423188,WPG,SSPG,0.0760947157221416,0.32368484465152336,0.20001121993735474,-1.1813581904007022,6,-1.6233993391048411,1000.0,2.3,32.2
0.20741071451198018,0.3220353305276155,U8,MN8014,16.215853617380503,4.018397212051331,WPG,SSPG,0.07609537348640284,0.3236714852285072,0.2000111065166531,-1.1809543913584584,5,-1.6227838037888613,1000.0,2.3,32.2
0.2074307623816575,0.322017135795154,U8,MN8014,16.217700224288244,4.018578302485627,WPG,SSPG,0.07609358895243314,0.32370518399861853,0.20001236355597782,-1.1815119326934824,4,-1.6223029373309892,1000.0,2.3,32.2
0.20743398964224236,0.32202874210792454,U8,MN8014,16.215044243871382,4.01875231294997,WPG,SSPG,0.0760477662979929,0.32368671469590243,0.20001304971309772,-1.1811933258964022,3,-1.6234963420581234,1000.0,2.3,32.2
0.20741445278974951,0.32203776852587435,U8,MN8014,16.21374257575551,4.018384432520619,WPG,SSPG,0.07607693040202175,0.3236742375004783,0.2000105261147806,-1.1810754961981216,5,-1.623737130338787,1000.0,2.3,32.2
0.20743756779986577,0.3220525819240276,U8,MN8014,16.215461223323615,4.018738889083903,WPG,SSPG,0.07606227809872258,0.3236838815101319,0.20001417645259367,-1.181279182637894,0,-1.6236691610108167,1000.0,2.3,32.2
0.20742219695254138,0.3220618509766883,U8,MN8014,16.216137837866345,4.018267934461241,WPG,SSPG,0.07610005965072213,0.323689713881703,0.20001508914841362,-1.1814930395684748,4,-1.6233370750102196,1000.0,2.3,32.2
0.20741529377945567,0.32205096894138396,U8,MN8014,16.21371527155368,4.018321517886833,WPG,SSPG,0.0761095684336938,0.32367136177132566,0.20001320588148902,-1.1809519333185912,7,-1.6234839965410668,1000.0,2.3,32.2
0.20739232542051902,0.3220369952907334,U8,MN8014,16.212957355442455,4.018019693661672,WPG,SSPG,0.07616112342675042,0.3236594839262364,0.20001017253113,-1.180718056933047,0,-1.6233459739764058,1000.0,2.3,32.2
0.20740835627863605,0.3220089593674153,U8,MN8014,16.212020716949485,4.018308035167158,WPG,SSPG,0.076109409275097,0.3236694843691838,0.20000946266564543,-1.1807439839741294,0,-1.6237252150394124,1000.0,2.3,32.2
0.20736771562656,0.3221253102841498,U8,MN8014,16.212779048313962,4.017638911068154,WPG,SSPG,0.076230883144154,0.32367037549086763,0.20001020907733288,-1.1803289852169794,7,-1.6182875100525944,1000.0,2.3,32.2
0.2074078605238337,0.3220664426212198,U8,MN8014,16.213595409332164,4.018274729729937,WPG,SSPG,0.07610895967740323,0.3236745344251646,0.20001142418164178,-1.1810761346186776,4,-1.6230872406640575,1000.0,2.3,32.2
0.20741422928822584,0.3220619437799353,U8,MN8014,16.214267699070835,4.0184854147900255,WPG,SSPG,0.07613063279138627,0.3236713537890008,0.2000107274435992,-1.1810791626935964,3,-1.6233395420226024,1000.0,2.3,32.2
0.20741392515127088,0.3220715433307808,U8,MN8014,16.21085256507351,4.018909870973905,WPG,SSPG,0.07611854594534599,0.3236425059448639,0.20000449992786368,-1.1804499066745129,2,-1.623738437155545,1000.0,2.3,32.2
0.20739381474776683,0.32207890227477576,U8,MN8014,16.2110570165394,4.018266861790816,WPG,SSPG,0.0761649290909647,0.3236606504511176,0.20000698218515361,-1.1802582221833586,6,-1.6122806872803963,1000.0,2.3,32.3
0.20739895909330144,0.3220286212927572,U8,MN8014,16.211428036423513,4.0184420084117285,WPG,SSPG,0.07616112218360341,0.32364323930266725,0.2000079172735009,-1.1803015456464465,2,-1.6237361971689506,1000.0,2.3,32.2
0.20740660752657186,0.3220426544049618,U8,MN8014,16.21177006626978,4.0185473401271,WPG,SSPG,0.07613988224678844,0.3236497006267636,0.2000097099492843,-1.18044557177548,3,-1.6236742758080442,1000.0,2.3,32.2
0.20741177774236624,0.32201479986803894,U8,MN8014,16.21198437848461,4.018614733468005,WPG,SSPG,0.07613429939303992,0.3236544239967426,0.20001081669280116,-1.1805286356307985,0,-1.6243227598861196,1000.0,2.3,32.2
Time taken (seconds)
2026-05-31 23:05:19
