thigh_length,calf_length,motor_left_name,motor_right_name,gear_left_ratio,gear_right_ratio,gearbox_left,gearbox_right,torso_distance,ik_height,ori_l,ori_theta,best_index,best_cost,ac1,ac2,ac3
0.25882454973770086,0.24338257151051917,U12,MN8014,10.393978896498862,9.30724910923985,CPG,CPG,0.12430789885319597,0.342437148848744,0.4612513725002639,0.497160665870624,0,0.14768743945734386,436.7,4.8,28.6
0.2400247597235342,0.2384683704873432,U12,MN8014,9.3676930843685,7.318880678973156,CPG,SSPG,0.1320861064353181,0.3775261900998252,0.290992720694567,-0.2328720734517098,0,1000000.0,488.7,3.9,33.9
0.2621370721034713,0.24717805674696486,U10,MN8014,6.541268976649997,8.018122297829455,CPG,CPG,0.1194685317021096,0.3733158229240089,0.20666627159850556,-0.6023035527754697,0,0.623156905300982,569.4,4.9,26.4
0.231651392429925,0.25705473826832,U10,MN8014,6.899288937997018,8.111010486981455,CPG,CPG,0.12068700975159868,0.37992091160615205,0.20094452000599033,-0.6260329987695102,2,0.11617009052177885,551.6,3.4,35.3
0.2325592376191487,0.2711929218070145,U10,MN8014,9.662368315003135,8.843479767403837,CPG,CPG,0.12311713883710464,0.43263377586646967,0.20567192170351842,-0.3247255607657695,2,1.2330678428997115,505.7,2.9,34.2
0.23742772291095898,0.2711525536162953,U10,MN8014,8.94712938608728,6.351626782240601,CPG,CPG,0.11302179632171847,0.42991243797840306,0.2459857973187717,-0.5985567552978182,1,0.08863278699861032,458.8,1.1,32.6
0.2324549579417215,0.2936613988669185,U10,MN8014,6.87247461626466,6.637319038053928,CPG,CPG,0.13009815923456997,0.389676165150217,0.25970700828441906,-0.6435896821450041,6,0.18855697454523224,515.1,2.2,32.6
0.2317069168313323,0.30787770358478617,U8,MN8014,6.19773496734304,7.411199139913585,CPG,CPG,0.11737517547332622,0.37972034369330776,0.235213583742221,-0.5258897618148206,0,-0.34769097559436624,525.2,2.4,33.6
0.2126530404337074,0.3036363890474172,U8,MN8014,9.169559257555377,6.395889271138612,CPG,CPG,0.1204888088574756,0.3653524688772597,0.2074358961862557,-0.7761894675582668,6,-0.5474054993617754,592.5,1.5,32.1
0.19880764068545667,0.32171093914485427,U12,MN8014,13.71059712761965,6.4608654697830925,CPG,CPG,0.10875513335547105,0.3578664008770853,0.20004239323629677,-0.9274514388262216,5,1.1039685571567661,665.4,0.6,32.2
0.23411507833543235,0.29456752174972567,U10,MN8014,16.212873313382808,7.413998564346608,WPG,CPG,0.11363636907123646,0.378526340687901,0.27642304991741407,-1.0101320636133648,4,1.1720089764723198,560.1,0.3,33.2
0.22209985580652916,0.29720583037403303,U10,VT8020,11.042456222906312,7.455002635282959,CPG,CPG,0.10882424824364431,0.37563900151104074,0.20994898541015136,-0.4877364931360979,7,0.3676458994464342,542.5,0.1,38.3
0.23612542728780045,0.33081632031813235,U8,VT8020,14.848060596576849,6.825518722935945,CPG,CPG,0.12714295365660683,0.3739956464946117,0.22383395437513662,-0.5745830571317125,3,0.5083619569331823,589.4,0.3,30.0
0.22276552665250335,0.3389674879983486,U8,MN8014,13.140570519879205,7.161060780136259,CPG,SSPG,0.12347856201128533,0.35788645742533104,0.2780540539354695,-1.005241708040514,0,1.0086392078983561,601.6,1.4,37.7
0.24161570152361,0.33372897795039325,U8,MN8014,12.907635426470053,5.732648383096266,CPG,SSPG,0.12015197403559917,0.3655638180716078,0.20316288522476406,-0.7889452378641256,3,-0.7953692630549236,596.4,0.6,39.4
0.22797975747287616,0.29863444873394596,U8,MN8014,13.257465471567286,4.761594822079361,CPG,SSPG,0.11972764229228537,0.3920803207639937,0.2404730882813051,-0.5454930854993825,1,-0.47571747223518024,589.5,0.5,36.6
0.23607149254057103,0.30316190074706884,U10,U12,10.944702456673523,7.891516870066432,CPG,CPG,0.12931266569030114,0.3798418116637634,0.5661363740781815,-0.21617913581086867,6,0.45148252876316464,639.8,1.9,38.5
0.21634292953375822,0.34144431191169455,U8,U12,9.720335159670348,9.146560761128633,CPG,CPG,0.13439762656977278,0.39831937431205683,0.5478985727772847,-0.04778273669699229,2,-0.10252628905838285,557.3,0.4,35.4
0.24004345514667147,0.3020139239887297,U8,MN8014,11.63197881146817,5.817393936542561,CPG,SSPG,0.13778222119250824,0.3982901977212301,0.3220734980648692,-0.9877024612183242,7,0.7896432533938158,558.9,1.1,33.3
0.25850307163176617,0.29556732033214994,U8,MN8014,11.807791286332517,6.58254724984327,CPG,CPG,0.12248001736959323,0.41058699765242523,0.228021504590149,-1.024256499388788,7,0.1504528692590199,483.3,1.2,35.2
0.25921158537219385,0.2965882572693479,U8,MN8014,12.2932612173898,5.679255308913018,CPG,SSPG,0.13663520190429185,0.38101647544216977,0.20048129736421158,-0.9617891319089009,4,-0.10713652574889387,481.2,1.0,32.5
0.2589024440908717,0.2964610988278633,U10,MN8014,13.156489313323167,6.541980028001522,CPG,CPG,0.12935249168491209,0.3951956942795666,0.214471143270614,-0.9956518718824127,2,0.4433160437911763,483.5,0.9,31.1
0.25391694641168006,0.3022546840957219,U8,MN8014,13.667810093619238,6.273444513571183,CPG,SSPG,0.1251110080599552,0.39657730758756793,0.2136774048194961,-0.5959481083791105,6,-0.3387763357537432,467.0,2.4,30.8
0.25469663404974197,0.3034193257072899,U8,MN8014,13.25778536860555,7.064451780388879,CPG,CPG,0.12398996688631353,0.372229964210232,0.23975099581425413,-0.44350198709952626,5,-0.012821134712068805,568.8,2.7,29.6
0.25464040006217414,0.28545500605722174,U8,MN8014,13.98989154704309,7.523219523819346,CPG,CPG,0.12596833190025608,0.3794176602511122,0.20075069596707518,-0.7869941043631782,3,-0.28134031280169935,500.4,2.0,28.8
0.23199784259242454,0.29004577356517214,U8,MN8014,11.157385292647222,7.192468279483846,CPG,SSPG,0.12283027834432378,0.395628448448749,0.2369097020249188,-0.741592760277054,2,-0.4055602265199214,522.4,1.4,35.4
0.2513525509139617,0.31411024244451746,U8,MN8014,11.369634784866427,7.942640033688504,CPG,CPG,0.130225968065871,0.36741304235397887,0.20131639313147348,-0.7408685166146497,7,-0.40137404489962325,536.1,1.6,35.4
0.23561163004920732,0.3158285753800806,U8,MN8014,11.902686803615637,7.546741413193061,CPG,CPG,0.1226176586464977,0.3816727509812391,0.2169035839597754,-0.77143332499903,7,-0.5372473551050811,566.2,1.0,33.1
0.2343410762078977,0.3083438890320993,U8,MN8014,10.750419590316124,8.875344269384513,CPG,CPG,0.12913015665522504,0.38988899976440333,0.22020427899790232,-0.7072614037335642,4,-0.35876000984939616,516.2,1.3,35.5
0.2327788161331635,0.3046581849465552,U8,MN8014,11.972145591884665,6.684248854978532,CPG,CPG,0.12190194670025803,0.36568557345662916,0.20003401003451501,-0.6672314075593987,5,-0.4473945055286386,602.6,1.8,32.0
0.23769474526686568,0.2973690368208016,U8,MN8014,10.83648889241629,7.806699689042999,CPG,CPG,0.11690635256046095,0.366351034371688,0.20767757951443938,-0.8123994592712619,7,-0.39870214733940035,540.7,1.2,31.4
0.24192569776252718,0.30652389683815806,U8,MN8014,10.010162598342681,6.8107559485338225,CPG,CPG,0.11802857001361984,0.3561026654091953,0.2177006505627819,-0.6773449121950917,5,-0.4817877663563719,565.2,0.5,33.5
0.22405483463146372,0.309829750403263,U8,MN8014,10.46746154785934,6.979233148695414,CPG,SSPG,0.12432939269732869,0.366317085290782,0.22755339930442356,-0.5964732954786609,3,-0.5759167636243161,560.6,0.8,29.7
0.20258602760454875,0.3067367555364825,U8,MN8014,9.308780111566376,8.169694011537548,CPG,CPG,0.12425851402307729,0.35283505196208487,0.2243761542898744,-0.6753993649652443,0,-0.5339501864383243,584.6,1.2,32.9
0.2106080980970147,0.30546578054468676,U8,MN8014,8.741812019736429,7.780454248673438,CPG,CPG,0.12013499105118547,0.37448215940127383,0.20211581082924446,-0.7421112022522632,7,-0.49289339538448207,604.5,0.7,33.9
0.21933039000082324,0.30657488736082217,U8,MN8014,8.89873388467388,7.041728631164222,CPG,SSPG,0.12946375592256493,0.36507147192314504,0.21723016913737292,-0.5762283111530256,0,-0.5217499404946455,595.8,0.3,33.5
0.2178011998100884,0.31206003120335873,U8,MN8014,9.04737436438942,7.1349566601406185,CPG,CPG,0.13028681896481092,0.35385572132446486,0.21157112519446375,-0.7636252327806359,0,-0.721169430837084,672.7,0.1,33.7
0.210272850336234,0.30870665427396327,U8,MN8014,9.302077802523748,6.626283914065409,CPG,CPG,0.1296218377854495,0.36727755791290023,0.2126377051420221,-0.8121610465475787,1,-0.7288666778755388,594.2,0.2,32.4
0.20407735116781184,0.3192886337577987,U8,MN8014,8.782345988088343,7.205484154537581,CPG,SSPG,0.1340653653065494,0.37107125200011115,0.2185612334682373,-0.8469313623533561,5,-0.6945040890673324,661.5,0.0,36.1
0.20623162492785194,0.31682230691503954,U8,MN8014,8.828804124782778,6.087964273166488,CPG,SSPG,0.13047036678170626,0.3883818827592074,0.2143013858444882,-0.8863839833028109,0,-0.6755152440445356,633.1,0.1,35.9
0.20104989684113783,0.3170506708698716,U8,MN8014,9.035051664384433,6.281585040200367,CPG,SSPG,0.13679650196388377,0.3824780528357719,0.20098701043083853,-1.0428929377887217,1,-0.6575943425227369,671.2,0.4,37.4
0.209729115899139,0.3168724826515143,U8,MN8014,10.712288567978156,6.005949549592634,CPG,SSPG,0.12617150666136007,0.3808555024828194,0.20033931436688435,-1.0197062837993771,7,-0.7564695078379193,621.0,0.1,34.2
0.1971219954249669,0.32307554737139177,U8,MN8014,8.96545539663477,5.487872098771938,CPG,SSPG,0.12374026477334778,0.37200913482545234,0.2008195046227534,-1.0728478361366438,7,-0.6832855780288822,697.3,0.0,36.2
0.19505315735596698,0.31516445996100306,U8,MN8014,9.006659818582943,5.2526340513006415,CPG,CPG,0.12561667190729475,0.362078770524578,0.20902142365889173,-0.8018978304226949,5,-0.8170316264808868,661.8,0.1,35.0
0.19234382667162078,0.3199055423667785,U8,MN8014,8.783093094931079,4.157822363516656,CPG,SSPG,0.13184479627560097,0.38456972683887847,0.23366555440043912,-0.7683052503689419,1,-0.6835403247513119,725.2,0.3,38.4
0.19622073736219267,0.3156127174772815,U8,MN8014,8.913220781791328,4.099279444082976,CPG,SSPG,0.12169662299043348,0.3729668429162428,0.20416446259486884,-0.9206777775445526,7,-0.7235129802097706,708.3,0.2,37.1
0.20555502518714622,0.31008617439156144,U8,MN8014,9.06118978671477,4.26113293443346,CPG,CPG,0.12347395707980725,0.37186857200931256,0.20052400553897623,-0.8859673965416441,0,-0.7068708594086042,631.6,0.4,37.7
0.21350354112889786,0.3300079507225254,U8,MN8014,9.101545591307781,4.194310063713395,CPG,SSPG,0.12269510778991179,0.39474452133349064,0.2299017610025543,-0.9008132233840428,1,-0.7252683808102729,648.6,0.2,38.3
0.22283429754693268,0.3163662343923992,U8,MN8014,10.486210296829327,4.3230079469744895,CPG,CPG,0.12162389559811113,0.3904644592126846,0.202583164400323,-0.9804055024654444,6,-0.7358204264772761,673.7,0.8,39.0
0.22467212485957794,0.3138735356165029,U8,MN8014,10.153189255417606,4.000008735413721,CPG,SSPG,0.11877741723486954,0.3766982250720301,0.2032452203696071,-0.9064422517400214,1,-0.7705207159551009,662.6,0.8,37.0
0.21086459457711063,0.3141426830151391,U8,MN8014,8.887299869664119,4.260877876947399,CPG,CPG,0.11651185522513877,0.3809296038264933,0.2001227436662715,-0.8643064544160807,1,-0.749143614532132,621.1,0.9,36.0
0.21675174214781293,0.3088959241790532,U8,MN8014,10.037098200314295,4.497417664237981,CPG,SSPG,0.1172530429777535,0.36184194960981364,0.2015738509781893,-0.9826777806457289,5,-0.8325513489615481,698.9,0.0,36.7
0.22524314407178983,0.2972661419606903,U8,MN8014,9.915253828270401,4.820169052417048,CPG,SSPG,0.11393549903255659,0.3679786897152363,0.21946635329002895,-0.8510109830670946,3,-0.7207787097025635,665.1,0.0,35.9
0.22025347723417696,0.3022391510172606,U8,MN8014,10.692928692730927,4.21981633449618,CPG,SSPG,0.11217276067393553,0.3605346996997624,0.21000047180017775,-0.8616027766464763,5,-0.837906510822406,715.4,0.0,35.8
0.22005933086826035,0.30882734304171144,U8,MN8014,11.113431313918339,4.997260846243636,CPG,SSPG,0.11158721379602984,0.362881228365605,0.22592257623954975,-0.8490746917370494,4,-0.7529243708069169,699.9,0.0,36.6
0.22337907284168335,0.3144336397967272,U8,MN8014,10.664756359436552,4.211186708743744,CPG,SSPG,0.11129872034963278,0.34558803111119313,0.21538074596107157,-0.6875120977906121,1,-0.9146392458303252,678.6,0.0,35.9
0.22120786168633483,0.3129382848209513,U8,MN8014,11.424362999655262,5.194294086490979,CPG,SSPG,0.11116109311701731,0.3436065001657342,0.21214633329786992,-0.7545809272193684,4,-0.9409311434299088,695.7,0.1,33.5
0.20933959584340445,0.318390196377814,U8,MN8014,9.520451204658348,4.324185427482825,CPG,CPG,0.11560862476355598,0.34895386138499035,0.20327092607392355,-0.8561020683512021,3,-0.7773353709795332,690.7,0.7,37.0
0.20886544640858024,0.32085923958840423,U8,MN8014,10.320580079821571,4.412806121619868,CPG,SSPG,0.11897745801805483,0.36979740661341465,0.2078307626795411,-0.8516578339896863,1,-0.859324539397007,678.0,0.4,36.9
0.21650997983041745,0.31994547312116345,U8,MN8014,11.07379830773968,4.167737686923225,CPG,SSPG,0.11148441476150975,0.36462294400540973,0.21166339562559408,-0.8195894759602178,7,-0.9293568968061665,691.8,0.7,36.8
0.21764161175373384,0.3127080355799391,U8,MN8014,12.5220134785753,4.2051509860177525,CPG,SSPG,0.11768649305332364,0.3629902286429872,0.20957366278326484,-0.8313543564930889,6,-1.0028544014697829,691.7,0.6,35.2
0.22154172939988623,0.33452779571343183,U8,MN8014,11.657987804864073,4.044290898220835,CPG,SSPG,0.11440567757039037,0.36508970164569055,0.2080515002196972,-0.9289029341693448,5,-0.9838290679366617,712.4,0.7,36.8
0.2196956037385734,0.32300134467163405,U8,MN8014,11.41621874330449,4.043052774323401,CPG,SSPG,0.11456784572878655,0.36028046576185474,0.20334401028628807,-0.9075023117360987,4,-0.9777423522076489,671.5,0.5,33.9
0.21244217586490594,0.33840642968975954,U8,MN8014,11.01284012966882,4.021169490020324,CPG,SSPG,0.113013686112017,0.3664763490433083,0.20128706322873158,-0.9539773491698337,2,-0.9880399048676027,675.5,0.7,35.4
0.22017510276236285,0.32962893222235046,U8,MN8014,12.580442065042694,4.000306741192434,CPG,SSPG,0.11117596449690417,0.35782551728739587,0.20855265600302653,-0.8994057044030913,7,-0.9884507692981943,666.5,0.3,32.4
0.2169508256883304,0.33627437645080166,U8,MN8014,11.702973083045805,4.34087761624931,CPG,CPG,0.10962264579402226,0.36082841490867834,0.20191381246529197,-1.039451816902202,6,-0.9685007512380883,695.3,1.2,33.4
0.2177549036826535,0.33289865681533143,U8,MN8014,12.044020866337416,4.0015470917162865,CPG,SSPG,0.10876343196863811,0.3554130050861277,0.20146637194854794,-0.9573695787045624,5,-1.0973412859660314,679.5,0.8,32.5
0.21485279399264728,0.3342045328941784,U8,MN8014,12.467032795468334,4.006571957034958,CPG,SSPG,0.11144947288660398,0.35744240005794664,0.20366632271328203,-0.8813940571651556,6,-1.0340721309724792,654.0,0.6,32.3
0.20781372973533035,0.3353630697358788,U8,MN8014,12.30649772884892,4.003576440876946,CPG,SSPG,0.10764940802107664,0.34995141408448377,0.21595654083385266,-0.873769902227284,2,-0.9485123374549662,669.9,0.2,32.6
0.20865910449344394,0.33331151378582713,U8,MN8014,12.072281996915846,4.00948072885947,CPG,SSPG,0.11139043819359509,0.354842689498377,0.2001723306777213,-0.8510692737913146,7,-0.9501999937900019,680.0,0.2,33.7
0.20922476412108418,0.33136192131481396,U8,MN8014,12.274044162014727,4.000699241467863,CPG,SSPG,0.11062657791257821,0.34510486300835697,0.20022836902082597,-0.9584768482732047,2,-1.052313523283675,681.6,0.1,32.5
0.20915574182775098,0.3387635094926589,U8,MN8014,12.009537015561522,4.008211717261124,CPG,SSPG,0.1105647661161313,0.34928640624706764,0.20714249377963487,-0.8942609718375617,2,-1.1090908031719913,677.9,0.5,33.1
0.2122079332547778,0.3402849927004679,U8,MN8014,12.404474520622202,4.00041893759466,CPG,SSPG,0.10994125425333284,0.35310345671372056,0.20000023211557055,-0.9172925019467358,2,-1.0333758520799803,691.6,0.4,32.6
0.2031517638524561,0.34043472915295464,U8,MN8014,12.022219686549024,4.026267742589384,CPG,SSPG,0.11071847103267078,0.3428213043297092,0.20697956594630895,-0.880420516982124,3,-1.1197786376947185,730.4,0.1,32.9
0.2068390879610719,0.3329778940503296,U8,MN8014,12.016463123939063,4.000540679224739,CPG,SSPG,0.11178487906015727,0.3438438040873862,0.20000000105941043,-0.9636612439000347,1,-1.1631857826701504,714.9,0.2,32.1
0.20072994735792202,0.3409322688463836,U8,MN8014,12.441950843310039,4.15724937752519,CPG,SSPG,0.10989472691307858,0.3482667242310573,0.2028891642992581,-1.0787474937179153,3,-1.0960380342194185,776.9,0.6,32.9
0.19644574254694352,0.34549056103299236,U8,MN8014,12.004060631179163,4.000147817964325,CPG,SSPG,0.11221835767172747,0.33810666064466893,0.2035058269194276,-0.9725229092120803,0,-1.1601207452007962,746.3,0.9,32.7
0.21456609525387946,0.33085593636189337,U8,MN8014,12.391048864335993,4.017641188683302,CPG,SSPG,0.10742516279533752,0.3406513211464217,0.20327330710215583,-0.9627774603217324,4,-1.1157592543669717,740.3,0.0,32.1
0.20675239818016455,0.33927940743727236,U8,MN8014,12.828285626709297,4.0069459094756885,CPG,SSPG,0.10464058673848911,0.3423392699891648,0.20498532068327704,-0.9899692403588766,3,-1.1249876229183347,742.0,0.1,31.8
0.19907462023788774,0.34563020010551243,U8,MN8014,11.963437491978018,4.002930958367618,CPG,SSPG,0.10715719582692651,0.3448237471237637,0.20006440548648288,-0.9828791309066798,1,-1.167553410427499,746.8,0.2,32.8
0.20159048028685822,0.3475185883274145,U8,MN8014,12.025762608899273,4.024669231001552,CPG,SSPG,0.10451673892468502,0.3403635686153039,0.20000268978493296,-1.0826433006340652,5,-1.1430316959195466,808.2,0.4,32.1
0.19265930846921026,0.34513946366451026,U8,MN8014,11.418706178960917,4.035885474015565,CPG,SSPG,0.10665093569644535,0.33810818661578557,0.20267543036172891,-1.0377817469848873,1,-1.1711785246412898,801.0,0.1,32.1
0.19519260300888203,0.3499958098835085,U8,MN8014,12.530049337462133,4.1617324133752644,CPG,SSPG,0.10442261338108935,0.3349386033836431,0.20074403961044615,-0.9940509527332213,0,-1.1478404533911988,825.5,0.1,32.2
0.2004780716886333,0.34899860578014524,U8,MN8014,11.58147245892701,4.032878622637893,CPG,SSPG,0.10277608930359089,0.33818800072061445,0.2004520342359737,-1.022337604123471,5,-1.1124235936590479,790.6,0.1,32.0
0.2049822452410179,0.34258112689714615,U8,MN8014,12.436157257068944,4.010579704375518,CPG,SSPG,0.10682201439200789,0.3414023076988145,0.20024912578372636,-1.0577010845044756,3,-1.1556802761116138,807.6,0.2,31.6
0.20242630280020107,0.3487527621334435,U8,MN8014,12.0374663072243,4.007192087238132,CPG,SSPG,0.10502600059642189,0.33224544045815685,0.2013441125477082,-0.9457614620781601,6,-1.197846299596529,807.5,0.1,32.6
0.20271269889539334,0.3458759669901432,U8,MN8014,12.887688601871764,4.0131452294976615,CPG,SSPG,0.10550828325578546,0.33558716087455615,0.20076171646827773,-1.0159537216446068,6,-1.1608096459516979,786.2,0.2,32.5
0.19777348656349547,0.34867655254262486,U8,MN8014,12.542569298852214,4.004580108052888,CPG,SSPG,0.10478020407285302,0.32522223754155216,0.20006574364864432,-0.9978504090581123,0,-1.2225430953890175,822.6,0.2,31.2
0.1886788983392537,0.34943100099371965,U8,MN8014,11.965503835659518,4.229076288545144,CPG,SSPG,0.10555505053219083,0.3244829650460402,0.2002485736229501,-0.9718222447239289,5,-1.189823867109702,822.8,0.3,32.1
0.20021206110593343,0.34912808679322727,U8,MN8014,12.31629245451098,4.039770258091798,CPG,SSPG,0.10648721917417903,0.32596581511012557,0.20087534316029176,-1.0718486807655139,0,-1.0781517845178996,836.6,0.3,31.9
0.1916998846915709,0.34997472927932705,U8,MN8014,12.171980249769382,4.0239989618572425,CPG,SSPG,0.10690906173894842,0.3317296205838819,0.20137017652147732,-1.0694775044887597,0,-1.1527002419880592,843.8,0.1,32.1
0.20134348362122156,0.34962463825655415,U8,MN8014,12.496592497897378,4.000975212193242,CPG,SSPG,0.10480758334663856,0.3320165023765393,0.2011751547820916,-1.0982714844862786,0,-1.2067431404281592,831.9,0.3,31.9
0.1999476418353463,0.3491239993215555,U8,MN8014,12.39439894710794,4.006852222248144,CPG,SSPG,0.1070974479832082,0.3335306801936564,0.20160207886447407,-1.111970476322245,0,-1.2061297859893187,824.7,0.4,31.4
0.19969133420221288,0.3460744570696669,U8,MN8014,12.59579610134124,4.017471560971671,CPG,SSPG,0.10685340498156036,0.33540570564431343,0.2057853739437556,-1.096382052750125,1,-1.1642746115977491,844.6,0.2,31.7
0.19474694696289674,0.3479344263998904,U8,MN8014,12.747531331525693,4.019846786645511,CPG,SSPG,0.11026348234070064,0.329984503213194,0.20006866079176083,-1.0682688854465843,0,-1.2201171532686832,848.5,0.2,31.6
0.19536036793590433,0.34696874062210364,U8,MN8014,12.452512006576297,4.029533013500751,CPG,SSPG,0.10945454463938223,0.32895721336737616,0.20002096814484946,-1.1266390408652458,5,-1.232336712268248,859.9,0.4,31.9
0.19871906997891994,0.34459620881708936,U8,MN8014,12.482222686824432,4.025153240466483,CPG,SSPG,0.10792623625443526,0.3298122453338816,0.20196251869410062,-1.0839583707810865,1,-1.2313429852617723,826.4,0.1,30.7
0.19723665821150105,0.3467224436360635,U8,MN8014,12.588122917667473,4.015230390355648,CPG,SSPG,0.10763535270737334,0.329272741802354,0.2001007559486297,-1.0678504211357138,0,-1.1853582950917332,843.2,0.3,31.2
0.19892722355618622,0.3468149461444627,U8,MN8014,12.46191987209799,4.001346660261014,CPG,SSPG,0.10649300526326361,0.32561111448815006,0.20004855622668677,-1.0454695438289243,5,-1.2269003673548777,836.9,0.3,31.9
0.1955912978906016,0.346248794880661,U8,MN8014,12.42044476804636,4.002478934390307,CPG,SSPG,0.106774474467176,0.32377016943312364,0.20044163157603687,-1.0326598182218056,0,-1.203868451299856,849.1,0.4,31.8
0.20418076368817972,0.34462633235711543,U8,MN8014,12.675814003973654,4.00465717638124,CPG,SSPG,0.10598673063213859,0.3304612187175029,0.20028532417425624,-1.0573108166290526,0,-1.2159292289238923,819.6,0.4,31.8
0.2043435186057259,0.34416054988388045,U8,MN8014,12.263401819958027,4.036329608972529,CPG,SSPG,0.10741992241116205,0.3337796198966237,0.20180220651665717,-1.0257954957405893,7,-1.158403281385727,815.7,0.1,31.7
0.20219993670424086,0.34168759298067586,U8,MN8014,12.709698706230036,4.016821194856748,CPG,SSPG,0.107262320284924,0.3313969512550778,0.20097208945160636,-1.0697950440684747,0,-1.2215790408141913,825.0,0.2,32.1
0.2009900444340098,0.3410513087166382,U8,MN8014,12.586924826432746,4.005198304941899,CPG,SSPG,0.10735120381699313,0.333818568432503,0.20073258999322013,-1.0602268670137471,1,-1.2051349484344485,825.3,0.4,32.2
0.20191978953151934,0.3443121649352133,U8,MN8014,12.71841499231016,4.016686111385317,CPG,SSPG,0.10618933649232651,0.3352933013595706,0.20002012319593493,-1.064144379468071,5,-1.216083083207053,833.8,0.4,31.9
0.20196834512945958,0.3397960768684855,U8,MN8014,12.484741312634366,4.001047911548458,CPG,SSPG,0.10631778469601519,0.3363381598533213,0.20010761288109166,-1.0329745516260678,4,-1.250766314964622,807.3,0.3,32.4
0.20210394187111325,0.3439988119229904,U8,MN8014,12.462153785177915,4.001225026008213,CPG,SSPG,0.10651588990505051,0.33499643131851975,0.20332241150470223,-1.0557472669877643,1,-1.2467483423811867,816.8,0.4,32.3
0.19437249934289688,0.34185815307437994,U8,MN8014,12.387977949081042,4.000065817709946,CPG,SSPG,0.10872506796873718,0.33485306743124965,0.20004467701219317,-1.056071657550115,0,-1.2036208332753588,817.1,0.3,32.0
0.19628839665533607,0.34406430795581444,U8,MN8014,12.411695165738559,4.0043870496443725,CPG,SSPG,0.10951950065265634,0.3387302101095465,0.20118564277095663,-1.0880371475462065,5,-1.2217365760789871,825.7,0.5,32.3
0.19645088320007442,0.3476257141321438,U8,MN8014,12.617106726161046,4.007257369641354,CPG,SSPG,0.10840940561655915,0.33528651718176117,0.20078212554452377,-1.0842754828707637,1,-1.188292940688621,841.0,0.4,31.7
0.1966799666349469,0.34482906074425534,U8,MN8014,12.561789263039056,4.007388886042848,CPG,SSPG,0.11068400109167231,0.335800595077443,0.201110788214833,-1.0921680314388609,7,-1.186727111189338,837.4,0.5,31.7
0.20066025486326697,0.34506025721676475,U8,MN8014,12.680730282057768,4.0046209607323275,CPG,SSPG,0.10856082864831322,0.3349413592636738,0.20034483497109698,-1.0828517837156217,7,-1.217984288572156,838.1,0.3,31.4
0.1930873473539395,0.3448240133253373,U8,MN8014,12.511114062111828,4.000330298785102,CPG,SSPG,0.10864700071731317,0.33584428499124624,0.200043741451589,-1.089500195372085,5,-1.2312247996378893,841.4,0.5,32.0
0.19679509876232673,0.3432338112716415,U8,MN8014,12.51047149183128,4.0009962601314495,CPG,SSPG,0.10819861410477832,0.33315524848534983,0.20145427866336077,-1.0997958190015384,2,-1.2346012977760328,832.7,0.5,31.4
0.19602757553402522,0.34393451767539795,U8,MN8014,12.463179039603196,4.002039818510012,CPG,SSPG,0.1078088123997668,0.333327658424319,0.20289870326359613,-1.0689343177466806,5,-1.2566317266451659,841.0,0.3,31.2
0.19938390851459373,0.34486301475872094,U8,MN8014,12.46151737625445,4.0101514281521755,CPG,SSPG,0.10707231070281983,0.33518181748268044,0.20080344218232332,-1.076846421230616,5,-1.218722224324086,835.3,0.3,31.5
0.20070256711602236,0.34253176157383947,U8,MN8014,12.484268845925834,4.033586618717031,CPG,SSPG,0.10795896614599612,0.3337461962766156,0.2015291798292314,-1.0606027195155077,2,-1.251908095499866,831.0,0.2,31.0
0.19732218009840616,0.340996503530172,U8,MN8014,12.387076243889062,4.0343083419566685,CPG,SSPG,0.10869440309356765,0.3329420644670188,0.2010795127940034,-1.058695456661945,0,-1.211013514633759,831.9,0.2,31.2
0.1970077871650533,0.3423684090117359,U8,MN8014,12.489701084774632,4.026130905481006,CPG,SSPG,0.10712228908166292,0.3340239189570232,0.20077171941443653,-1.080204975782353,0,-1.2605140457138777,834.8,0.3,31.4
0.1980687459627115,0.3424750968450804,U8,MN8014,12.486406329794617,4.002717548823717,CPG,SSPG,0.10709352012135456,0.33481706639377534,0.20074743300460077,-1.0773857003369487,4,-1.2651317461960971,835.4,0.4,31.6
0.19765214309144294,0.34297042113237425,U8,MN8014,12.48104879166977,4.006232057463073,CPG,SSPG,0.10816345034584238,0.33307598754434387,0.200025432876824,-1.065345950598146,2,-1.2730369231968268,836.0,0.3,31.7
0.1985806432534611,0.34298210746664765,U8,MN8014,12.537774486913243,4.000249209248668,CPG,SSPG,0.10722220178627473,0.3344081819073344,0.20006671795913245,-1.0711920327632216,4,-1.2719669842350552,837.1,0.4,32.0
0.1985226948303471,0.34329795048999373,U8,MN8014,12.520364106737023,4.0053960257127414,CPG,SSPG,0.10949908808919531,0.33517151674797024,0.2000163800750016,-1.07299245459395,6,-1.259735021687943,826.1,0.3,32.2
0.19830302168250846,0.3451639553426128,U8,MN8014,12.462557295050896,4.0025415449664745,CPG,SSPG,0.10755656379518479,0.335010603604875,0.20000135758606785,-1.0721524947888352,3,-1.2644676891226254,831.7,0.4,32.2
0.19901940764646142,0.345730826341291,U8,MN8014,12.52553326589355,4.002282799288528,CPG,SSPG,0.10730714975308592,0.33438697850728555,0.2000106778810317,-1.082356903595274,6,-1.2615565697869027,843.3,0.3,32.3
0.1986117499679791,0.3463679609744422,U8,MN8014,12.499125512762253,4.0011612638373775,CPG,SSPG,0.10792154287970362,0.33479737001359755,0.20086888056801358,-1.0969236496548858,3,-1.2348537158865973,843.6,0.5,32.5
0.1977269003952059,0.3455972896139902,U8,MN8014,12.49897676133118,4.018721722583944,CPG,SSPG,0.10762742349612558,0.33301634505003513,0.2001948357314196,-1.061899107066874,2,-1.2449310668560738,828.6,0.3,32.2
0.19845764820376974,0.3455915317159827,U8,MN8014,12.548307940686449,4.022809288582509,CPG,SSPG,0.10893292526396828,0.33433280629492174,0.20000872620800464,-1.0806563977875037,7,-1.2441357949410499,831.7,0.3,32.0
0.1980568860305485,0.3448431781804622,U8,MN8014,12.503294482864707,4.011262606607448,CPG,SSPG,0.10856676224543975,0.3341332192778391,0.20001940255462217,-1.0682710720083741,6,-1.2520191724252534,832.7,0.3,32.1
0.19858038383702692,0.3435022719851716,U8,MN8014,12.48201491078395,4.00657640570066,CPG,SSPG,0.10851273749614496,0.33194821860091556,0.20006392255750138,-1.0890946969697757,7,-1.256774609180063,840.6,0.2,31.6
0.19944025613193153,0.3449737245167569,U8,MN8014,12.529349528448076,4.000226651551468,CPG,SSPG,0.10865124130933371,0.3333689863039523,0.20008568161956328,-1.0854330261386214,5,-1.2569685816320266,835.9,0.3,32.2
0.1985548162741556,0.3431816372810924,U8,MN8014,12.458055297577225,4.00276311653792,CPG,SSPG,0.10876143401246294,0.3334744128515522,0.20001447295112432,-1.0924524576249448,0,-1.257254779098032,844.4,0.3,32.1
0.19859566965245054,0.3443653995548348,U8,MN8014,12.536817931209066,4.0029893987004534,CPG,SSPG,0.1089704081667221,0.33389294116694174,0.20007042782022288,-1.10123512367856,5,-1.2615057222360644,837.8,0.3,31.8
0.19811549410527066,0.34461617228648445,U8,MN8014,12.50665104544509,4.003048696347487,CPG,SSPG,0.1087448003026804,0.3332599372195223,0.20009988975814474,-1.0959103150724876,5,-1.2459882888094018,846.3,0.3,31.9
0.19853872001889888,0.34369699420757827,U8,MN8014,12.465373727401234,4.007310759904982,CPG,SSPG,0.10886835544012255,0.33413031032457235,0.20010458009897492,-1.0916513446688298,4,-1.2529259801973325,841.8,0.3,32.4
0.19750218021127589,0.34366201124572626,U8,MN8014,12.47383497068209,4.0085237407695375,CPG,SSPG,0.1078462925995341,0.3326530946046748,0.20020285885229025,-1.0757158407905563,7,-1.2438236819079105,842.6,0.3,32.0
0.1974135326602219,0.3452799303349467,U8,MN8014,12.499036845825824,4.013041404951412,CPG,SSPG,0.10851753044733811,0.3337280701362974,0.20008183967688722,-1.0918830317756991,3,-1.2513561832654574,850.5,0.3,32.1
0.197974074146365,0.34474435112577784,U8,MN8014,12.530309321344134,4.008645774242236,CPG,SSPG,0.10857877899394508,0.33355151861896454,0.20002507301688546,-1.0814835434734105,7,-1.260580018994638,844.5,0.3,32.0
0.19752051960993602,0.3450832381741171,U8,MN8014,12.475370107620623,4.0426436682449625,CPG,SSPG,0.10903959720701027,0.33457784566159104,0.2001822006387835,-1.097783723329654,5,-1.2379995120178986,848.4,0.3,32.3
0.19910682507070684,0.3455348730027102,U8,MN8014,12.529757279886036,4.034962582711985,CPG,SSPG,0.10840282408685509,0.3343169138870476,0.20019515471123125,-1.0891582032074476,3,-1.2603857544068955,845.4,0.3,32.3
0.19899550744164513,0.3454427622785653,U8,MN8014,12.543776975175986,4.028490280572879,CPG,SSPG,0.10819742545662862,0.3345708998100731,0.200099672002804,-1.0854678505092679,2,-1.264679379206628,845.8,0.3,32.1
0.19925687639296494,0.34668795524592305,U8,MN8014,12.546045819875053,4.02238694779226,CPG,SSPG,0.1084795097317947,0.33545549938777885,0.20062017186352493,-1.0873897195953874,6,-1.2592586315242578,839.7,0.4,32.5
0.19863333181358628,0.3455444108354862,U8,MN8014,12.492402734329678,4.006609603794976,CPG,SSPG,0.10839727083971298,0.3350035788427378,0.20045053179582853,-1.0860131312024492,2,-1.2611065310798235,839.6,0.3,32.3
0.1986067117737959,0.34521618591228853,U8,MN8014,12.539061596704983,4.017997795586292,CPG,SSPG,0.10813411617732285,0.3350541868268679,0.20044664153234124,-1.07409065215277,7,-1.2478248787903201,841.1,0.3,32.4
0.19893601028775665,0.34483125728241737,U8,MN8014,12.515147936276087,4.0164762393187114,CPG,SSPG,0.1083139901717245,0.33590718067039577,0.20043962420435416,-1.0838894138059496,7,-1.2628525681110663,839.6,0.3,32.5
0.19845486951208186,0.34355697345334707,U8,MN8014,12.511795721844917,4.007013533916352,CPG,SSPG,0.10811181853969956,0.3360499846359548,0.2002119456613756,-1.0800110739056343,5,-1.249615497831794,841.6,0.2,32.2
0.1980866930195055,0.34462671886018764,U8,MN8014,12.49015323301904,4.008610751972954,CPG,SSPG,0.10827614179029332,0.33565530033229474,0.2004297686032998,-1.0937580961067381,2,-1.2575698951858456,849.1,0.3,32.3
0.19793777901057916,0.3444766181292427,U8,MN8014,12.460319927638846,4.009128276361459,CPG,SSPG,0.10815650530583865,0.33477032871050194,0.20060508160605695,-1.096425262399519,3,-1.2547208051155447,849.8,0.3,32.5
0.19781522060392587,0.3435222616688952,U8,MN8014,12.534077133761253,4.010245871352573,CPG,SSPG,0.10760865655870755,0.3356506420494728,0.2006952991123438,-1.0912866339721397,2,-1.2559329078341008,848.7,0.2,32.1
0.19846418935080698,0.3438084007629855,U8,MN8014,12.472748434204878,4.007232309327577,CPG,SSPG,0.10841430376897732,0.33511407273696947,0.20038270057536342,-1.0937218608501895,7,-1.2630293608025482,842.2,0.3,32.3
0.1983611319579201,0.34240574854506167,U8,MN8014,12.541217883263066,4.019279922965939,CPG,SSPG,0.10789459754103484,0.33502135354762014,0.20076654798739707,-1.1024864754263723,1,-1.253904140872164,846.3,0.2,32.2
0.19856677700499697,0.34349917238204836,U8,MN8014,12.485809404386355,4.0215139756874585,CPG,SSPG,0.1086108462785978,0.3342291170146209,0.2001257230349779,-1.0942196390739503,3,-1.2507507024234137,844.7,0.3,32.2
0.19855154020580174,0.34333409890280137,U8,MN8014,12.50368513566839,4.023055820368531,CPG,SSPG,0.10870965135118338,0.3349348676440925,0.20017872502649003,-1.0995125282243803,0,-1.253445052417213,846.0,0.3,32.3
0.19880473017936884,0.34247413475880806,U8,MN8014,12.49674332597025,4.019830348708576,CPG,SSPG,0.10790709081512417,0.335298215868866,0.20070004341619288,-1.0999467727473518,2,-1.2703840112269127,849.4,0.2,32.3
0.199392377055068,0.34393620846654865,U8,MN8014,12.541003376126046,4.036061092117701,CPG,SSPG,0.10846569588564352,0.33511944956456935,0.20030111002881978,-1.1047847020663304,0,-1.263227836480798,847.4,0.3,32.3
0.19790542164941982,0.34278882881731004,U8,MN8014,12.454552780720398,4.015132092639587,CPG,SSPG,0.1082280499535476,0.33504880091461164,0.20003806126428944,-1.0989337442342253,1,-1.26721302491541,852.4,0.3,32.1
0.19782155943013607,0.3433430620312261,U8,MN8014,12.451981420555162,4.024963497021555,CPG,SSPG,0.1088402804065188,0.3366279560203065,0.2002474531913155,-1.098582762850418,0,-1.25805860499133,849.7,0.3,32.5
0.1987966517495461,0.3431702291460707,U8,MN8014,12.49658087911442,4.0040563199938655,CPG,SSPG,0.10850947629894106,0.33492329969524404,0.20006378636243446,-1.0930016375958092,3,-1.2565924723337538,847.4,0.2,32.3
0.1981220059789584,0.3429288348638707,U8,MN8014,12.46321292503471,4.002875698409185,CPG,SSPG,0.10828322064359155,0.3355857137565751,0.2000853962878778,-1.0971757827883146,4,-1.2518682685660707,848.2,0.3,32.4
0.1981088083096079,0.3421496668557643,U8,MN8014,12.459827509055117,4.003198348268213,CPG,SSPG,0.10809863101163551,0.3354057692828118,0.2003532490616466,-1.091042428569996,6,-1.2642992466706566,849.5,0.2,32.4
0.19817348934703363,0.34250736473093196,U8,MN8014,12.520602936970914,4.0023809229422005,CPG,SSPG,0.10754018938576229,0.3358907714476127,0.20031890467330343,-1.0899479379681607,2,-1.2503454213004606,846.4,0.3,32.3
0.19819191423790802,0.34215759090178904,U8,MN8014,12.48817117842914,4.000008031461516,CPG,SSPG,0.10749093460248946,0.33499133508750095,0.20037646020562902,-1.0866589563100928,3,-1.2665039087931333,846.2,0.2,32.2
0.19788705537432183,0.3421800439557182,U8,MN8014,12.474765726345826,4.000678649447399,CPG,SSPG,0.10748633500014464,0.33550614306947,0.20003151526667814,-1.086549055709823,4,-1.257032573426141,844.5,0.2,32.2
0.1976639941788832,0.34174973911520135,U8,MN8014,12.518060900475046,4.000637842438545,CPG,SSPG,0.10725375352180402,0.33486063063570104,0.20019574149648453,-1.088620147596112,5,-1.2581632647403058,846.2,0.2,32.0
0.19805594225463952,0.34281420315777666,U8,MN8014,12.485771442046847,4.000834842161482,CPG,SSPG,0.10763808323435478,0.33488906679125807,0.20017985768858068,-1.0876211615332698,7,-1.2641834969923895,842.0,0.2,32.2
0.1986300738518322,0.34235041504318175,U8,MN8014,12.523770900660832,4.00003162017471,CPG,SSPG,0.10739464092836362,0.33438856168289,0.2003046956326401,-1.0824785262278058,5,-1.2497961939336868,841.5,0.2,32.2
0.19917440139417794,0.3421302327228934,U8,MN8014,12.520228252220981,4.002026770136931,CPG,SSPG,0.10753673105775716,0.3348791054001655,0.20013982029379251,-1.0879403465358792,6,-1.2587499117842995,839.8,0.3,32.3
0.1983142761048668,0.34168933476811625,U8,MN8014,12.52253933852189,4.0027748857111,CPG,SSPG,0.10738574123103331,0.3339289626210166,0.2000483393431384,-1.080224460479934,4,-1.26957059750635,846.4,0.2,32.2
0.19809774067940394,0.34087849028489675,U8,MN8014,12.505750237332137,4.000545309259748,CPG,SSPG,0.10743647839971698,0.3333212726065368,0.20019851460892107,-1.0773428700144991,5,-1.2684697561736904,848.5,0.2,32.0
0.19815612297498453,0.3414695630297608,U8,MN8014,12.533889836418446,4.0031423571101294,CPG,SSPG,0.10781706803563051,0.33313557226008983,0.20014321053569742,-1.082652185993117,6,-1.2580166337819634,847.9,0.2,32.0
0.1984292474562011,0.3393717095450137,U8,MN8014,12.50965220198274,4.01802453777352,CPG,SSPG,0.10760588761345752,0.334091016868732,0.20023429356316422,-1.0852469121446893,4,-1.2694313536484234,850.5,0.2,32.1
0.19819008381325232,0.3392130467978579,U8,MN8014,12.536482547556606,4.00279446034932,CPG,SSPG,0.1074575523430184,0.33369907185724657,0.200620444569354,-1.07023220443924,3,-1.269982585443767,848.1,0.2,31.9
0.19823192565455122,0.3389642792585915,U8,MN8014,12.468439242986284,4.002625416551759,CPG,SSPG,0.1079661720079047,0.3338325953192075,0.20012695696736926,-1.0809954546278877,6,-1.270582833205463,854.2,0.2,32.1
0.19878906993038606,0.34014651509418325,U8,MN8014,12.540978338618379,4.008754213056611,CPG,SSPG,0.10791516937738366,0.3337137784909148,0.20015930441041666,-1.0843457862959507,6,-1.2706282280770473,853.2,0.2,32.2
0.19854576706445712,0.34037050312604067,U8,MN8014,12.541943675697313,4.009052067174761,CPG,SSPG,0.10816193373935176,0.33400411637025584,0.2002866045727598,-1.0776830727100961,7,-1.2732634403323253,852.5,0.2,32.1
0.19797231381359312,0.34040665554034777,U8,MN8014,12.542987713785491,4.0098533872633215,CPG,SSPG,0.10799928527884081,0.33253459625564885,0.20000035634145202,-1.0761349550912556,3,-1.258516956373576,856.3,0.2,32.0
0.1981076944821531,0.3389855806128035,U8,MN8014,12.481343081012273,4.001118735066072,CPG,SSPG,0.10814980595589932,0.3323787764220696,0.20035558276314624,-1.0634996333030418,2,-1.2642398433642903,847.7,0.1,32.0
0.19867873209473982,0.33910118069772976,U8,MN8014,12.536747659598559,4.002387822833603,CPG,SSPG,0.10739154826957642,0.3310590285625691,0.20000000188568887,-1.0775892135774088,7,-1.2811558619299053,860.8,0.2,31.9
0.19910576538906768,0.33798186764648885,U8,MN8014,12.525461214095154,4.009726133105336,CPG,SSPG,0.10776516561199953,0.3318039894903764,0.20000882193819794,-1.0647045182010457,3,-1.2906627519886502,854.8,0.1,31.9
0.19888179870763667,0.3403121114589282,U8,MN8014,12.532138777806578,4.000177515479124,CPG,SSPG,0.10756852025232524,0.33171044418891904,0.20002266725169418,-1.0669051134135883,4,-1.273676359626526,855.9,0.2,31.9
0.19913180534448977,0.3389618840660612,U8,MN8014,12.538490717358206,4.001771625317517,CPG,SSPG,0.1071483403350213,0.3308422268298643,0.20000322866068462,-1.0639796777122468,1,-1.2751108604127364,855.8,0.1,31.9
0.1987485067380913,0.3389695643568811,U8,MN8014,12.538857514209708,4.000091141437404,CPG,SSPG,0.10756132468097743,0.33082386792788376,0.2000044215595109,-1.069140922426258,1,-1.2803792077200384,855.2,0.2,31.8
0.19866580410173867,0.3389019013206853,U8,MN8014,12.526593363957517,4.000593296305545,CPG,SSPG,0.10790329064902902,0.3315098241787068,0.20006987730741083,-1.0642451873089316,4,-1.2846209568442237,851.0,0.1,31.9
0.1981666569079733,0.3387569541415326,U8,MN8014,12.513448597072305,4.000614879348604,CPG,SSPG,0.10761058211671035,0.3304675572480057,0.20010942467550366,-1.0596609422613974,0,-1.2821398345083423,852.8,0.1,31.8
0.1982840088987768,0.33769778785112187,U8,MN8014,12.49176669117551,4.000293822734422,CPG,SSPG,0.10771398645683095,0.3298044638114094,0.20011607141323068,-1.0636194239465695,5,-1.2884298200401325,855.8,0.1,31.7
0.1985354416813857,0.337863244248064,U8,MN8014,12.502110627458148,4.001542200030536,CPG,SSPG,0.10694578110440332,0.32911081773516165,0.2002409769360358,-1.0611854379566552,2,-1.292626873633603,856.8,0.1,31.7
0.19827171520548284,0.3393345811786966,U8,MN8014,12.4966855658942,4.000881141944248,CPG,SSPG,0.10804483588745459,0.3309214698760289,0.2003295747696602,-1.0550544064112435,5,-1.28411185195875,848.9,0.1,31.9
0.19836509565255583,0.3383719434004576,U8,MN8014,12.5265682016579,4.000287574065448,CPG,SSPG,0.10812289524683792,0.3292424831921499,0.20015333579912692,-1.054097238803581,7,-1.2932710707348516,855.2,0.1,31.8
0.19852220879545332,0.33754391107491005,U8,MN8014,12.51501248621949,4.0011266491991,CPG,SSPG,0.10840581930334614,0.32947117922214875,0.20015472302400839,-1.059393964483232,5,-1.283085185881104,853.8,0.1,31.8
0.19805702295327204,0.3395739441255803,U8,MN8014,12.515094317237091,4.006292141766451,CPG,SSPG,0.10765020112435197,0.32848492735468987,0.20007233989903153,-1.0561072543614634,6,-1.2907553059813637,858.0,0.1,31.7
0.1983705251651228,0.3379734219488497,U8,MN8014,12.535058148449611,4.004207603051192,CPG,SSPG,0.10760500370361153,0.3287529953037763,0.20004156412077043,-1.064429464838272,4,-1.291087495406634,857.3,0.1,31.6
0.19845837531491278,0.33829674489823747,U8,MN8014,12.506279725483637,4.002119535272944,CPG,SSPG,0.10768254517524331,0.32902884199294447,0.2001350303411358,-1.0650946158325316,6,-1.2968494039657408,855.1,0.1,31.6
0.1984768289346547,0.33811043423438547,U8,MN8014,12.51335851191881,4.000001171268269,CPG,SSPG,0.10835061768863584,0.3283382574399234,0.20023944443922156,-1.0585732624812532,4,-1.2949327313294887,858.3,0.1,31.8
0.19813856404305744,0.3387703711231529,U8,MN8014,12.520756435061505,4.0000010331582425,CPG,SSPG,0.10848569842967734,0.32834776759594436,0.20025615324353255,-1.0569551096381118,5,-1.2755769280754503,860.8,0.1,31.8
0.19799474332088945,0.3380869049780454,U8,MN8014,12.519920700889141,4.001468000078073,CPG,SSPG,0.10772510618627695,0.32793698658409487,0.20010364346084106,-1.0554380902871876,0,-1.292455706955856,861.8,0.1,31.6
0.19816708260393273,0.33663718101491585,U8,MN8014,12.50628740235557,4.000001686010476,CPG,SSPG,0.10746780700451367,0.32821936933053847,0.20021994281842997,-1.05670224414972,0,-1.297991553936221,860.8,0.1,31.6
0.19817193682300968,0.33689155883825744,U8,MN8014,12.495835487514697,4.000732403502952,CPG,SSPG,0.10787061313510732,0.3283924119987367,0.20027909938844754,-1.054995206462529,0,-1.2970919672118395,859.5,0.1,31.6
0.19806966894820122,0.33678580607893804,U8,MN8014,12.50591776211215,4.000257199861228,CPG,SSPG,0.10765457318888211,0.3280022531933949,0.20026867745322913,-1.0558527261895585,5,-1.299217608065284,865.4,0.1,31.6
0.1982196438322001,0.3370704148054338,U8,MN8014,12.509684159341317,4.000058072170062,CPG,SSPG,0.10795153854413196,0.32732981236980924,0.20018262152053654,-1.0559833719887026,1,-1.2934766184251103,865.1,0.1,31.6
0.19833553484926977,0.3379844431619122,U8,MN8014,12.530181309880653,4.000018749227596,CPG,SSPG,0.10796458243858896,0.3284305326170835,0.20039432745645946,-1.0537585967613046,0,-1.2946220607337597,859.6,0.1,31.8
0.19794712752148813,0.3368265957355845,U8,MN8014,12.496768829121256,4.000716573222812,CPG,SSPG,0.107663361079052,0.32830540204653313,0.20038351645186922,-1.0485960562764491,2,-1.2947884079138436,860.8,0.0,31.7
0.19811669895586762,0.33778041670855163,U8,MN8014,12.496548686702862,4.000003383142332,CPG,SSPG,0.10790708931693432,0.3284463182233845,0.20027175697160107,-1.0532554014029207,6,-1.298548002002594,860.0,0.1,31.7
0.19813014650442654,0.3376930587285343,U8,MN8014,12.489001007006298,4.000489005247787,CPG,SSPG,0.10785218118486992,0.32855210458323586,0.20023442202954073,-1.0546415619119107,1,-1.2937531885902125,862.5,0.1,31.8
0.19786964846547117,0.3371279812028201,U8,MN8014,12.472446255068142,4.0002600398648065,CPG,SSPG,0.10759626561970001,0.32769183494143717,0.20044185504424866,-1.0526031717461086,1,-1.3002305399486538,862.5,0.0,31.7
0.19771466309957147,0.3375036185612245,U8,MN8014,12.469275357491398,4.000000031675441,CPG,SSPG,0.10779368252329649,0.32816323975128014,0.20032049670613042,-1.0531781526169428,7,-1.29350548762846,859.1,0.1,31.7
0.19803152624886844,0.3371702163468912,U8,MN8014,12.481649648767469,4.000115405975272,CPG,SSPG,0.1079261418938039,0.32792221208896144,0.20042678148307835,-1.0530684696610848,0,-1.2999236675148271,861.2,0.0,31.7
0.1978118094922327,0.33654951593697996,U8,MN8014,12.471691054370343,4.0003118257511,CPG,SSPG,0.1076294358983152,0.32762771074742286,0.20064767816601384,-1.0557194319304033,4,-1.2941819620006516,863.4,0.0,31.6
0.19822611730570347,0.3370823824032643,U8,MN8014,12.478818179690538,4.001582794692294,CPG,SSPG,0.10770796682106029,0.32854276462476273,0.20082730816590166,-1.0543821472768646,5,-1.2962794298840326,861.4,0.0,31.8
0.19835798722454248,0.33679573780330563,U8,MN8014,12.490714597340565,4.001810312807559,CPG,SSPG,0.10776027339124736,0.3282607345590575,0.20080129873342073,-1.057726868100064,3,-1.2952806141046818,863.2,0.0,31.7
0.1983360517444415,0.3363236198070486,U8,MN8014,12.508476152303519,4.0017751893138165,CPG,SSPG,0.10753619575958517,0.3280724246234557,0.20052640808648617,-1.0538650057116863,4,-1.301637553801557,864.3,0.0,31.7
0.19843766916241518,0.3360973443968816,U8,MN8014,12.505406201089153,4.003717419921575,CPG,SSPG,0.10775296328462707,0.3280525674026454,0.2007657762539187,-1.0545791152101511,7,-1.3019464747490197,867.1,0.0,31.7
0.198554946949894,0.33668945827404206,U8,MN8014,12.527123904733989,4.002662368007116,CPG,SSPG,0.10767615853744592,0.32773479949432105,0.20063440659854567,-1.057540701213525,6,-1.3035100989150248,867.5,0.0,31.7
0.1981630843181595,0.33606154831017565,U8,MN8014,12.48999414289815,4.002005291598316,CPG,SSPG,0.10785972407147876,0.3274513571988457,0.2006554487619129,-1.0557201777618164,1,-1.302816220440807,866.8,0.0,31.6
0.19839663854162026,0.33586949884826284,U8,MN8014,12.496165582976769,4.0009358152509975,CPG,SSPG,0.10781762519231064,0.3277623405992819,0.20101829719664058,-1.0554436807940968,2,-1.3027712887541512,867.4,0.0,31.7
0.19810780929249258,0.33655892300395934,U8,MN8014,12.512585115154788,4.000335209751536,CPG,SSPG,0.10743634827941559,0.3272351081703449,0.20070807077886343,-1.0539982663471141,5,-1.3009754350491232,867.6,0.0,31.6
0.19826940237334764,0.33640282985897974,U8,MN8014,12.517014789725728,4.001816606902686,CPG,SSPG,0.1074325162967883,0.326985894463831,0.20083786491514644,-1.0547829480941995,4,-1.3021726979053234,866.6,0.0,31.6
0.19791570638810957,0.3360656321717985,U8,MN8014,12.500119577773498,4.0001886756810725,CPG,SSPG,0.10717499423895192,0.32753871875025464,0.20061143313647695,-1.0526799075057958,4,-1.300893398573205,865.6,0.0,31.6
0.1976771235299353,0.3358164890075688,U8,MN8014,12.482585513506606,4.001175718068595,CPG,SSPG,0.10719536180678202,0.3272519265195405,0.2007983726688803,-1.056782351878467,5,-1.2946095073163804,867.9,0.0,31.5
0.1980906043282653,0.3363230136910196,U8,MN8014,12.510062330385388,4.000842430365684,CPG,SSPG,0.10710181100873878,0.32775639112719834,0.20047896820927025,-1.0576838176605547,0,-1.3002656150625373,867.7,0.0,31.5
0.19792149271540616,0.3358986303914909,U8,MN8014,12.495677960334216,4.000012911334695,CPG,SSPG,0.10719647177293126,0.32770853680220163,0.20043462990629732,-1.0574502066170202,0,-1.2951999051884364,867.1,0.0,31.5
0.1979424353539404,0.336304713063837,U8,MN8014,12.502908730294024,4.0001188446657645,CPG,SSPG,0.1069747578162934,0.3279901149338781,0.20053854011221975,-1.0535683580938062,3,-1.2993721578935897,866.5,0.0,31.6
0.19800941941741068,0.3356829527308135,U8,MN8014,12.510723544203882,4.000031817256695,CPG,SSPG,0.10708090441757301,0.32783794512624514,0.200930382765266,-1.0542642657636647,1,-1.302336960525528,867.2,0.0,31.5
0.19792044953711957,0.3355882177922077,U8,MN8014,12.516956126118565,4.000000436024507,CPG,SSPG,0.10695626948056292,0.32788952275689326,0.20075651434586295,-1.0522953350457063,5,-1.2996408387856881,866.8,0.0,31.5
0.19825686242820426,0.3360926281088696,U8,MN8014,12.525876101023721,4.0003590346047915,CPG,SSPG,0.10719757800373936,0.3284420230179618,0.20057222995227902,-1.0528684749700556,3,-1.30098488577263,865.7,0.0,31.6
0.19791806072496393,0.3365298127768255,U8,MN8014,12.518713764380738,4.000016535471448,CPG,SSPG,0.10716384933284201,0.3277493623328007,0.20054826241258794,-1.0511944747709956,0,-1.303189541983624,865.7,0.0,31.5
0.19817983744788534,0.33627251688184967,U8,MN8014,12.520509406425202,4.000487196759488,CPG,SSPG,0.10711838063844734,0.32794877354813406,0.20058959585586356,-1.0546602873310533,6,-1.297363121793829,867.6,0.0,31.6
0.19843451523121067,0.3361021492108087,U8,MN8014,12.534911099091053,4.000543850398375,CPG,SSPG,0.1071666287822413,0.32773339628964987,0.2005451730932389,-1.0550310123957414,4,-1.2998052681453842,868.9,0.0,31.6
0.19822029098563781,0.3365770222870407,U8,MN8014,12.513578673168796,4.000137810388658,CPG,SSPG,0.10718231536812947,0.32767834779914096,0.20042333437934898,-1.0567682559578266,1,-1.301424763026084,867.0,0.0,31.5
0.19820617750199054,0.3359753731649691,U8,MN8014,12.503860111306365,4.000185286696251,CPG,SSPG,0.10723444275233732,0.3276820598050375,0.20047529445302306,-1.0560738361138016,3,-1.2979149852317793,868.9,0.0,31.5
0.1983045927141448,0.3366695445070538,U8,MN8014,12.519816792614039,4.0001670548297765,CPG,SSPG,0.10722112237886831,0.32767204158935564,0.20039779839322772,-1.0575591167585585,6,-1.2989598233752346,868.9,0.0,31.6
0.19830179194836273,0.33571735062437263,U8,MN8014,12.528730566385342,4.000041619691354,CPG,SSPG,0.10721668082774266,0.32794762542678085,0.2004683513982128,-1.056600361440995,4,-1.2995038462357442,868.9,0.0,31.5
0.1983309833633062,0.33617151861138317,U8,MN8014,12.514991598866871,4.00006990262226,CPG,SSPG,0.10739242400820659,0.32776423838693997,0.2004048412866866,-1.057713684143347,6,-1.3032501300307153,869.7,0.0,31.5
0.19856982618834257,0.3364593280913072,U8,MN8014,12.52985117297231,4.000682993328934,CPG,SSPG,0.1073621661388127,0.3275782286277088,0.20037418222976455,-1.0584002059847237,2,-1.2941904841404437,869.1,0.0,31.5
0.19841922390084207,0.33653973487645183,U8,MN8014,12.543980421623337,4.000224545924548,CPG,SSPG,0.10736757097505145,0.32784281286999634,0.20028177507918554,-1.0557271871460496,1,-1.3038126387816185,867.6,0.0,31.5
0.19843025321677474,0.3364088233019381,U8,MN8014,12.535142117111066,4.000123322267633,CPG,SSPG,0.10742925111270607,0.32778634219625835,0.2004341534083839,-1.0558645215449687,7,-1.298428903996891,867.8,0.0,31.6
0.19842723927792014,0.335940451281055,U8,MN8014,12.523324557377428,4.000548205497731,CPG,SSPG,0.10740885705333014,0.32747610870218025,0.2004900538007924,-1.0555093472112373,2,-1.3040502453271756,868.8,0.0,31.6
0.19854237648235323,0.33614569676637984,U8,MN8014,12.519281069654964,4.0006696815989375,CPG,SSPG,0.10729195059804059,0.32744978137481096,0.20033387801136185,-1.0590238639601266,0,-1.3073866252964894,869.8,0.0,31.5
0.19848927294352775,0.33605454799782564,U8,MN8014,12.523118341629768,4.000810750836791,CPG,SSPG,0.10727689831930784,0.32716872126366336,0.20030312934900749,-1.0609752365830911,2,-1.3040357555696556,870.3,0.0,31.5
0.1985759907203434,0.3358221535922059,U8,MN8014,12.522014759216397,4.000844221449603,CPG,SSPG,0.10737613669111731,0.32690221573767536,0.20026841454114622,-1.0612864200125207,2,-1.3078286401237325,870.2,0.0,31.5
0.19834625433562753,0.3362640600660277,U8,MN8014,12.519448637507063,4.000013265393565,CPG,SSPG,0.10730968886723624,0.32766939719921984,0.20031207275201293,-1.0599446266376154,7,-1.3015438405422692,868.5,0.0,31.5
0.19836657007728506,0.3363520829835083,U8,MN8014,12.531445618414265,4.000001504115339,CPG,SSPG,0.10723388979921178,0.3274553267795546,0.20042195213199135,-1.0603344749205088,3,-1.3025101925645615,867.8,0.0,31.5
0.1983890050591378,0.33656510798786576,U8,MN8014,12.52683763592435,4.000079926445685,CPG,SSPG,0.10735591168557976,0.3277140520288633,0.2003956788131288,-1.0575607404197225,3,-1.298331076638556,867.1,0.0,31.5
0.1983786161353552,0.336491331626912,U8,MN8014,12.514715389508062,4.00007164048733,CPG,SSPG,0.10752989698721357,0.32778335654874985,0.2002865327555971,-1.0581900277236151,4,-1.3020184237504413,866.7,0.0,31.5
0.1983956216505506,0.3363818890429161,U8,MN8014,12.527984325787171,4.0000687141131985,CPG,SSPG,0.10735840893502557,0.3275949790508342,0.2003155804613119,-1.0581465648466382,4,-1.3017552976028828,867.6,0.0,31.5
0.19842304314965747,0.3365149245636819,U8,MN8014,12.52560023777609,4.000047826041354,CPG,SSPG,0.10741902453165,0.32752666727423596,0.20026989935457956,-1.0574848098802048,6,-1.3047213722819375,867.1,0.0,31.5
0.19851547233818878,0.3365423351893029,U8,MN8014,12.53189985705825,4.000004718658434,CPG,SSPG,0.10738689878951055,0.3274477474115639,0.20028825432521552,-1.0590366020492357,5,-1.306874915068974,868.1,0.0,31.5
0.19850782192522715,0.3364460051065205,U8,MN8014,12.53688467659898,4.000001544246129,CPG,SSPG,0.10751562276156687,0.326905255892956,0.20025145773224354,-1.0600118049315217,0,-1.3061327025650904,869.9,0.0,31.4
0.19825292172820924,0.3361744418993685,U8,MN8014,12.526287000994014,4.000036926323595,CPG,SSPG,0.10725866503587247,0.3269937257326179,0.20029396909885228,-1.0585796807606886,7,-1.3073254133457741,869.2,0.0,31.4
0.19821495839878167,0.3360088710989101,U8,MN8014,12.516965921242582,4.000090534353454,CPG,SSPG,0.10722108656584277,0.32725565871324563,0.20036801606017451,-1.0586145815110537,4,-1.303491920531437,869.1,0.0,31.4
0.19800244395293579,0.3362482098707791,U8,MN8014,12.519942504650595,4.000078794141488,CPG,SSPG,0.10709784922680343,0.3269616941631986,0.2004111666464912,-1.0575140354167742,5,-1.3052609726553346,869.3,0.0,31.4
0.1982147718974841,0.3358924593036145,U8,MN8014,12.517088576563037,4.000128374896629,CPG,SSPG,0.10702481804165345,0.32708555617850876,0.20030672003746122,-1.0574697426818083,0,-1.3039007380764023,869.4,0.0,31.4
0.19825933052934902,0.3361443819078449,U8,MN8014,12.52388905071163,4.000045551247147,CPG,SSPG,0.10726072281109726,0.3268827927499274,0.2002362157120747,-1.061134414283417,2,-1.3057565268993923,871.0,0.0,31.4
0.1981197717012691,0.3358680000370183,U8,MN8014,12.524363558489043,4.000014515715452,CPG,SSPG,0.10697919736244998,0.3268262422672322,0.20032178978329007,-1.0596755911873292,2,-1.303163539940071,871.9,0.0,31.3
0.1981576949611528,0.33564277842091705,U8,MN8014,12.528569808438894,4.000585149845651,CPG,SSPG,0.1072829419228831,0.32659393711289725,0.2003529998262825,-1.0562495470333266,4,-1.299254800851088,872.3,0.0,31.4
0.19807072490320543,0.335766900930544,U8,MN8014,12.53596767872045,4.000137040797514,CPG,SSPG,0.10703257567724854,0.3266182238915034,0.2003253461854459,-1.0552775442635247,7,-1.3080453609235576,872.3,0.0,31.3
0.1982731608230485,0.3359564629797012,U8,MN8014,12.53157234612032,4.0008318253885795,CPG,SSPG,0.10715188274742468,0.3267932556763903,0.20030322281742705,-1.0581191222745978,3,-1.3087325592567165,872.7,0.0,31.3
0.19808704765045979,0.3356761649805712,U8,MN8014,12.536728362546963,4.000285465091756,CPG,SSPG,0.10705489056583731,0.32651913684874345,0.20022573245424147,-1.0574896042976178,3,-1.3062652079881492,873.6,0.0,31.3
0.19813935753296114,0.3360175258508304,U8,MN8014,12.541034838213637,4.000003430231297,CPG,SSPG,0.10688902964701608,0.32665696006843864,0.2002289996958563,-1.057411713005231,1,-1.3088852440339593,871.8,0.0,31.3
0.1981806880179214,0.33581325601574274,U8,MN8014,12.54619082277334,4.0000801762449365,CPG,SSPG,0.10692680282909342,0.3267226563527526,0.20031994332687045,-1.0581606486647923,2,-1.3072657914644061,872.7,0.0,31.3
0.19806693724177066,0.33567947418998245,U8,MN8014,12.546774527357176,4.000072883075613,CPG,SSPG,0.10695024663437158,0.32647133907924614,0.200342655429434,-1.0553990023133277,7,-1.305832682180064,873.2,0.0,31.3
0.19799948114906554,0.33511449101934576,U8,MN8014,12.549572277631269,4.0007075924059485,CPG,SSPG,0.10683787520027865,0.32633275237752757,0.20036925120848165,-1.0543407895297299,4,-1.307695410243836,874.7,0.0,31.2
0.19802822513725085,0.33496694223868484,U8,MN8014,12.544201206092236,4.000465464985872,CPG,SSPG,0.10688884747833471,0.326049993228136,0.20036307835265837,-1.0552550708035313,5,-1.3105435411116275,874.8,0.0,31.3
0.1980838203271581,0.3354401160328964,U8,MN8014,12.53382708204206,4.000565628019317,CPG,SSPG,0.10700439374001162,0.3260563429166351,0.2004328246499382,-1.0553134857575752,7,-1.311346335007702,874.9,0.0,31.3
0.19819635597506774,0.3352252421063967,U8,MN8014,12.530851799103917,4.000065129225755,CPG,SSPG,0.10698106565662993,0.32619777504431124,0.20032390158898883,-1.055909173133176,0,-1.3097774213017974,874.6,0.0,31.3
0.19814691044169205,0.3349127161375044,U8,MN8014,12.538496894491821,4.000662182266463,CPG,SSPG,0.10696816338557466,0.326247034960061,0.20036071214081833,-1.0548586363225065,7,-1.309319339415337,874.2,0.0,31.3
0.19813412291519933,0.33477812421725306,U8,MN8014,12.532746969388846,4.000939083942495,CPG,SSPG,0.106848219454721,0.3263773026578206,0.20040644614673933,-1.0534733144148807,0,-1.3020459651922902,874.2,0.0,31.3
0.19822629247530582,0.3348261669661574,U8,MN8014,12.545121771569054,4.000724992076108,CPG,SSPG,0.1067861264327451,0.3265044794091035,0.20041743984106955,-1.0529235733585647,5,-1.3055171204713911,874.5,0.0,31.3
0.19815902340200092,0.3346517975851041,U8,MN8014,12.544166107173005,4.000498822776876,CPG,SSPG,0.10673582025968419,0.3265811142975683,0.20032448882483697,-1.054283132305148,0,-1.3099382137579294,874.2,0.0,31.2
0.19802820724531717,0.33427403833200864,U8,MN8014,12.538083531276374,4.000860237043079,CPG,SSPG,0.10656149746110004,0.32596473217146715,0.200325580525348,-1.055382604912712,5,-1.3103725870933776,877.1,0.0,31.2
0.19809175512389332,0.3342375572010535,U8,MN8014,12.54454606630949,4.000966907157541,CPG,SSPG,0.10670723290657469,0.3260366119975659,0.20040260782173525,-1.0536123049320119,2,-1.3093752494628799,876.4,0.0,31.2
0.19799444706793518,0.3346692591639532,U8,MN8014,12.529475102953768,4.000831040976757,CPG,SSPG,0.1066458418764138,0.32619395922219174,0.2002801729166257,-1.0559258766700537,4,-1.3082856078673117,875.4,0.0,31.2
0.19820936552476145,0.3347073611784916,U8,MN8014,12.538279931047287,4.001173558016615,CPG,SSPG,0.10675366465892702,0.3262616641749471,0.2002756437087462,-1.0564864163655978,6,-1.3088580926155604,876.9,0.0,31.3
0.1979877036100271,0.33407062950539534,U8,MN8014,12.536512558510692,4.001348702719412,CPG,SSPG,0.10662498556377524,0.3259125512518266,0.20041784071990204,-1.0540327236839686,1,-1.3110659575037058,877.7,0.0,31.2
0.19806983915012152,0.3339694412168478,U8,MN8014,12.534468227870423,4.001143262023834,CPG,SSPG,0.10669631873539343,0.3261238951719865,0.2003826457681305,-1.0537053165098784,7,-1.305793523586285,877.0,0.0,31.2
0.198100526123192,0.3338024541532439,U8,MN8014,12.541365164290974,4.002674764022934,CPG,SSPG,0.10660084316356183,0.3257098158088554,0.20029536487848534,-1.0554465810688742,5,-1.3120626151879957,879.3,0.0,31.2
0.1981023061952107,0.33396471725063165,U8,MN8014,12.5414443149832,4.002749988066035,CPG,SSPG,0.10655090772335052,0.32567471958545513,0.2002868953386447,-1.0555235731315082,7,-1.3107969292422474,879.3,0.0,31.2
0.1980193002663859,0.33396685781173413,U8,MN8014,12.540304619666776,4.0010298676710345,CPG,SSPG,0.10664224523233201,0.3255482906871933,0.20042568681498749,-1.054564843420719,7,-1.311709940529088,878.3,0.0,31.2
0.198060872425797,0.333611820141481,U8,MN8014,12.535682802403105,4.002411779340378,CPG,SSPG,0.10645000535835558,0.32545131484073675,0.20038295217518265,-1.0546783408350504,1,-1.314662832179625,879.4,0.0,31.2
0.19818151921426883,0.33386461635025694,U8,MN8014,12.538849303229847,4.002256646463514,CPG,SSPG,0.1065961693015373,0.3260332363876704,0.20038582446089787,-1.0527571615848217,2,-1.309056985169093,876.8,0.0,31.3
0.1979443269624257,0.3339269859933598,U8,MN8014,12.537501746249538,4.003150186062028,CPG,SSPG,0.1066255999489355,0.3256689792634748,0.2003522352247781,-1.0534726771840128,5,-1.3128601996696947,878.5,0.0,31.2
0.19790946916570262,0.3341339796190874,U8,MN8014,12.536271805500602,4.001943161261799,CPG,SSPG,0.10648615685649165,0.3258422761067799,0.20034082528859715,-1.0538838217742157,5,-1.3094944489075555,877.4,0.0,31.2
0.19790699608445184,0.33447108471449305,U8,MN8014,12.5279655377623,4.001934288368713,CPG,SSPG,0.10672910481280366,0.3259538884888179,0.20033444118941732,-1.0537656359453857,4,-1.3039269661788762,876.5,0.0,31.3
0.19794540513583614,0.3341894200935833,U8,MN8014,12.538302911935908,4.002166055125304,CPG,SSPG,0.1066120336472969,0.3260051895402176,0.2004306374713898,-1.0547085724605059,6,-1.308644593136341,877.3,0.0,31.2
0.19790989059323047,0.3344596171574192,U8,MN8014,12.541812395047005,4.002813660386979,CPG,SSPG,0.10667418741096238,0.32592214517696083,0.20041797370620087,-1.05397896901605,1,-1.3047319633660113,877.0,0.0,31.2
0.1979289389054091,0.3339921278819036,U8,MN8014,12.540680033503556,4.002590502321908,CPG,SSPG,0.10659555479097982,0.325578082797834,0.20042597153282707,-1.0538221447320248,0,-1.3115606711072942,877.5,0.0,31.2
0.197900880449424,0.334129454292172,U8,MN8014,12.54367671497187,4.002888119409252,CPG,SSPG,0.10669544824582193,0.325842598651209,0.20046840243713712,-1.053087609815099,0,-1.3119535926393429,877.3,0.0,31.2
0.19799379907485268,0.3337128002775755,U8,MN8014,12.5480268962381,4.003641265641137,CPG,SSPG,0.1066676009993076,0.3257263238274043,0.2004379845275503,-1.0530709718347706,1,-1.3124243329632623,878.6,0.0,31.2
0.19788592595950794,0.33353884053574256,U8,MN8014,12.5354669142566,4.004887246095125,CPG,SSPG,0.10654201929275789,0.3257935804242549,0.20040003504186651,-1.0536010330091907,0,-1.311129717071319,878.9,0.0,31.2
0.19799392773328184,0.3336459804629871,U8,MN8014,12.542631785059191,4.005447098555751,CPG,SSPG,0.10652985738769755,0.3258199656304374,0.2004611249877261,-1.0552761672987132,0,-1.3090891071577957,879.8,0.0,31.2
0.1979644529637117,0.3337428801933456,U8,MN8014,12.540023956531229,4.003718598170168,CPG,SSPG,0.10653252074260469,0.3258983864833783,0.2004644836009509,-1.0536358464349145,1,-1.3098513573848702,878.4,0.0,31.2
0.19791906945948878,0.3335876979231693,U8,MN8014,12.543200526053802,4.004850885129005,CPG,SSPG,0.10650351217192643,0.32582776883310693,0.20053145370962086,-1.052676869693434,2,-1.3117576616527558,878.7,0.0,31.2
0.19798923423804987,0.3335571017658635,U8,MN8014,12.538058134944858,4.00604004886885,CPG,SSPG,0.10649379893354742,0.3257643909987968,0.20044393569156707,-1.052799988881203,1,-1.310244537466044,879.2,0.0,31.2
0.19799160582273356,0.333526285435151,U8,MN8014,12.540119577930314,4.005575056193422,CPG,SSPG,0.10649979429865808,0.32575017040354914,0.20045597804017565,-1.0519855020212037,4,-1.3111370194993484,878.9,0.0,31.2
0.19799107656904916,0.3334734285396167,U8,MN8014,12.548658144004127,4.0061496584334995,CPG,SSPG,0.10642364825071157,0.32566299922170217,0.2005350488218538,-1.0537137257213778,5,-1.3100218654077374,880.5,0.0,31.2
0.1979981286379175,0.3336080488544353,U8,MN8014,12.543095342423108,4.005880111075681,CPG,SSPG,0.10647401219147196,0.32579053590228746,0.20060736155477535,-1.053201355517076,4,-1.3130834131140912,879.7,0.0,31.2
0.1980239772555119,0.33364975792066454,U8,MN8014,12.539865528286374,4.005634424188771,CPG,SSPG,0.10654543839915052,0.32581565827618053,0.20055923744200102,-1.0528370930085398,5,-1.3121763172152878,879.3,0.0,31.2
0.1980170981571664,0.3336856733384528,U8,MN8014,12.541879973337466,4.0051167396512435,CPG,SSPG,0.10658626260603868,0.32585848102279535,0.20063132978489195,-1.05141206627831,7,-1.3121020951832811,878.7,0.0,31.2
0.19799926353728628,0.33375787560101927,U8,MN8014,12.54238217102061,4.004337436268415,CPG,SSPG,0.10655656848496868,0.32588784368887747,0.20068242367241862,-1.0523330976627867,1,-1.3114049716388578,879.1,0.0,31.2
0.1979964074872624,0.3335117234169765,U8,MN8014,12.541305508410971,4.00589021276057,CPG,SSPG,0.10650913833400699,0.3258487780954728,0.2006508751424516,-1.0523252646462327,0,-1.3129706070925717,879.5,0.0,31.2
0.19800432559301318,0.3333480471149096,U8,MN8014,12.540915246582935,4.006136825392856,CPG,SSPG,0.10648601833429194,0.3257650039281049,0.20055084630141035,-1.0521689051665248,1,-1.3113544527595735,879.8,0.0,31.2
0.1980604285854785,0.33320929968331003,U8,MN8014,12.547111070643727,4.006131427934533,CPG,SSPG,0.10644814158631938,0.32586813340300236,0.20064941053628577,-1.0521727666553304,1,-1.3114264919307992,879.9,0.0,31.2
0.19800340076333062,0.33312424463499823,U8,MN8014,12.547423410408696,4.006094034183727,CPG,SSPG,0.10646855413710823,0.3258114728224209,0.20065485983137293,-1.052115931802518,4,-1.313957962101746,880.4,0.0,31.1
0.19808418717951617,0.33322533095719237,U8,MN8014,12.544599445150993,4.006053805067768,CPG,SSPG,0.10652922546441523,0.32595311433462976,0.20065219227774023,-1.0535860145230411,3,-1.3122406161680686,880.1,0.0,31.2
0.19802926127795592,0.3331825030485456,U8,MN8014,12.540940494566408,4.006279743822175,CPG,SSPG,0.10654617461086684,0.32596007412081607,0.2006451431639573,-1.052083252880884,2,-1.3105020683503934,879.6,0.0,31.2
0.19809273301217267,0.33295195076976525,U8,MN8014,12.541232485688337,4.007229453618823,CPG,SSPG,0.10650760723603207,0.32593837761256067,0.20062747934819283,-1.0524001333583828,2,-1.3088392842857726,880.5,0.0,31.2
0.19803461832105038,0.33277742088317813,U8,MN8014,12.542083817574984,4.008419684597463,CPG,SSPG,0.10642209608507917,0.32586208498257485,0.2006444925135024,-1.0523077165311883,0,-1.313029569279438,880.8,0.0,31.2
0.1980254624491886,0.33290621842989143,U8,MN8014,12.540878443778219,4.00781560803672,CPG,SSPG,0.10650184892944944,0.32588875414514606,0.2006258729039538,-1.0516610070811252,6,-1.3132611937416439,880.0,0.0,31.2
0.1980207025194107,0.33306456901132864,U8,MN8014,12.538846003182785,4.008204065199473,CPG,SSPG,0.10646453558461375,0.3258747819493886,0.20055319521738393,-1.053203054370679,1,-1.3137316347806856,880.4,0.0,31.1
0.1980158329031188,0.3328354732606221,U8,MN8014,12.54726057579417,4.00941422537474,CPG,SSPG,0.10642777451258259,0.3258371439772752,0.20063929378387763,-1.0522704056252228,0,-1.3114537105543782,881.0,0.0,31.1
0.19799681103369532,0.3329421749993362,U8,MN8014,12.545900200733254,4.009543962048358,CPG,SSPG,0.10643077583810745,0.3259262677295087,0.20073081255168224,-1.0519015372346576,5,-1.3093664265384426,880.5,0.0,31.2
0.19793929483487332,0.33273551396711387,U8,MN8014,12.545649526381126,4.010170078420763,CPG,SSPG,0.10637792644115762,0.325766527350119,0.20070643131268437,-1.0521552620514374,7,-1.3134608813629374,881.7,0.0,31.1
0.1979378618410803,0.3325853550612745,U8,MN8014,12.544031301538206,4.012032853269509,CPG,SSPG,0.10635929289297923,0.32574685123521946,0.2006467426162875,-1.0512076722416852,7,-1.310877956454549,881.6,0.0,31.1
0.1979571595079108,0.33239880959414125,U8,MN8014,12.543287439169411,4.012681885034534,CPG,SSPG,0.1062779699957369,0.32583432751024877,0.20068676357126652,-1.0508484527370041,7,-1.3117460536689478,881.5,0.0,31.1
0.19795465588934857,0.33242786165210675,U8,MN8014,12.543821023809492,4.0111189747624865,CPG,SSPG,0.10624744629127389,0.3257831146434015,0.2006574411168839,-1.0507193878280305,3,-1.3127875751280342,881.4,0.0,31.1
0.19798060155679942,0.3324631779837176,U8,MN8014,12.543367384801442,4.010183289039472,CPG,SSPG,0.10622377063574331,0.32574700813287955,0.2006007247876687,-1.0505669423831983,5,-1.3095648667503212,881.5,0.0,31.1
0.1979366600914418,0.33223054573998273,U8,MN8014,12.546450823352917,4.012077630942531,CPG,SSPG,0.10616112263409905,0.32564497129544884,0.2007372399464067,-1.0490328117406285,4,-1.3154145677948321,882.0,0.0,31.1
0.19790088113336268,0.33242563878643944,U8,MN8014,12.546184184299333,4.0107502499905365,CPG,SSPG,0.10620148944603214,0.3256898404871576,0.20067380407136365,-1.0503453307864412,6,-1.3136784732702882,881.6,0.0,31.1
0.1979530535695535,0.3323755856231575,U8,MN8014,12.548055848719999,4.0108974990948045,CPG,SSPG,0.10627727263080143,0.3258303913064663,0.20074418307645278,-1.0497225289944898,7,-1.3141859945638856,881.0,0.0,31.1
0.19798814354283972,0.33249920165480407,U8,MN8014,12.546857740385757,4.010350482302311,CPG,SSPG,0.10627613856576473,0.3258106694862488,0.2006737363634249,-1.0504274524196011,3,-1.3141926571288902,880.9,0.0,31.1
0.19791142372351753,0.33263660952792673,U8,MN8014,12.54257904180696,4.01033034538577,CPG,SSPG,0.10627428527592685,0.32580564620354274,0.2006824316802093,-1.0501989963987266,7,-1.3133544890273186,880.7,0.0,31.1
0.1978668561258987,0.3325491350856521,U8,MN8014,12.54183787023871,4.009858473518481,CPG,SSPG,0.10622259903958176,0.32583043630978226,0.20064111789196273,-1.0503060191685896,2,-1.3122690782614619,880.5,0.0,31.1
0.19789169919209193,0.332508396109959,U8,MN8014,12.548154662911566,4.0109863327392,CPG,SSPG,0.10624523054925716,0.3258020329299273,0.2006702138111064,-1.0499143434925908,1,-1.312781832769744,880.5,0.0,31.1
0.19792100067972887,0.3324629770941945,U8,MN8014,12.542793622446897,4.009831995249255,CPG,SSPG,0.10622211820170413,0.3257910562932645,0.20061354698802827,-1.0503646402609905,0,-1.3140269741522417,880.7,0.0,31.1
0.1978628719959404,0.3325881899892637,U8,MN8014,12.540973582824627,4.0102878572003595,CPG,SSPG,0.10621499626326124,0.3258044477004382,0.20064476609884865,-1.0502398795903725,1,-1.313564162329433,880.5,0.0,31.1
0.19791054953143072,0.3325567646447998,U8,MN8014,12.5428260840161,4.009260474553999,CPG,SSPG,0.10624896497705971,0.3257831406975266,0.20057178698630554,-1.0503362356814965,3,-1.3136866965640976,880.3,0.0,31.1
0.19786137081473792,0.33272863458094903,U8,MN8014,12.539318121045493,4.008199514562526,CPG,SSPG,0.10624572255308248,0.32578137188646794,0.2005443952561449,-1.0509295080886274,4,-1.3103525197418406,880.4,0.0,31.1
0.19788050134285506,0.3328792172915594,U8,MN8014,12.53982875974634,4.007722997737802,CPG,SSPG,0.10624638842370104,0.32579944916476117,0.20050752359305693,-1.0511151385944495,4,-1.3135878441160713,879.6,0.0,31.1
0.1978916100125249,0.3327839922525334,U8,MN8014,12.538717480492135,4.008684344572746,CPG,SSPG,0.10629227606041852,0.325746591336821,0.20050933218114933,-1.0513933469387948,7,-1.3138314700182079,880.3,0.0,31.1
0.19788046999800749,0.3326061635133548,U8,MN8014,12.539646435053214,4.009188597909347,CPG,SSPG,0.1062993931514139,0.3257727475456266,0.2005469334122322,-1.050998907522486,7,-1.3133930349197556,880.5,0.0,31.1
0.1979114242160924,0.3326452089839589,U8,MN8014,12.540710346527074,4.009442112301808,CPG,SSPG,0.10627036210180252,0.32569953123612727,0.20052005711082965,-1.0510041476497487,7,-1.3139282642459822,880.7,0.0,31.1
0.19800700168498073,0.33289960308940086,U8,MN8014,12.541231149417536,4.0088640722064115,CPG,SSPG,0.1064416168418966,0.3258621545264405,0.20054262476730653,-1.0521708433507493,2,-1.3139654415024768,880.1,0.0,31.1
0.19798198904555409,0.3329116361509459,U8,MN8014,12.5398410631214,4.009518196927702,CPG,SSPG,0.10641788802956031,0.32582629170699284,0.20051564976011751,-1.0519351046498564,0,-1.3096390413732362,880.4,0.0,31.1
0.19799101331604463,0.33304601038656534,U8,MN8014,12.54038694809045,4.0081591020625345,CPG,SSPG,0.10644494081609578,0.3258240235843238,0.20051395015638931,-1.0525675196042998,7,-1.3122913045610396,880.2,0.0,31.1
0.19798910784751822,0.3327131127670182,U8,MN8014,12.541031271939858,4.009606340303627,CPG,SSPG,0.10640989124016459,0.32577803222248336,0.20052387192066673,-1.0511953305772872,0,-1.3126403055309126,880.5,0.0,31.1
0.19802480884388973,0.33294735467570996,U8,MN8014,12.541182317758736,4.008630781191412,CPG,SSPG,0.10647442078952798,0.3257529247656002,0.20047210438642854,-1.0522749695635154,2,-1.3144239106836118,880.3,0.0,31.1
0.19800389935335752,0.3329023115165324,U8,MN8014,12.54544057895987,4.008559501689272,CPG,SSPG,0.1064673295773009,0.3257468882832664,0.20050697207662488,-1.0516396255393503,1,-1.3134617495065193,880.2,0.0,31.1
0.19800674177964464,0.332932151046589,U8,MN8014,12.544959364024727,4.008513186357409,CPG,SSPG,0.1064729239541876,0.32583330304259556,0.20052785049334415,-1.0518552748807735,0,-1.314183838470333,879.8,0.0,31.1
0.19805777945533762,0.33304361234465657,U8,MN8014,12.548951023878738,4.008327200740905,CPG,SSPG,0.10649761578819691,0.32589663060149027,0.20053835365437175,-1.0521248693814726,4,-1.3134632193270068,879.4,0.0,31.1
0.1980269548755492,0.33308753414675957,U8,MN8014,12.54808310126627,4.0083762022383675,CPG,SSPG,0.10649255604505584,0.3258401100996264,0.2004995040541114,-1.052417090998493,1,-1.3124244672451937,879.6,0.0,31.1
0.1980270361214172,0.332863626075534,U8,MN8014,12.546945129444625,4.009077380162223,CPG,SSPG,0.10642656224472828,0.32589059654224994,0.2005056617591904,-1.0526106540196127,0,-1.3132561677898789,879.8,0.0,31.1
0.19804700303076078,0.33272528465805895,U8,MN8014,12.545439029866936,4.009832493402916,CPG,SSPG,0.10640792899908896,0.3257998279273008,0.2004923452502348,-1.0526130579406945,2,-1.3116214444517826,880.8,0.0,31.1
0.19807935064688859,0.33295300835276215,U8,MN8014,12.54839516818287,4.009989519778973,CPG,SSPG,0.10648920268576956,0.32575853756945194,0.20050305937836813,-1.0527464072930246,4,-1.3141117515506888,880.5,0.0,31.1
0.19805441485758832,0.33251893249499137,U8,MN8014,12.548579636485997,4.011051659982977,CPG,SSPG,0.10641997647103488,0.3257025351319882,0.20052523579098597,-1.051944006836787,3,-1.3148759711500766,881.3,0.0,31.1
0.19803319287188112,0.33279467082131764,U8,MN8014,12.545035389078507,4.009406884978457,CPG,SSPG,0.10638885995132849,0.32579565501983726,0.2004588072882187,-1.0531953475986704,2,-1.3130004179693806,880.6,0.0,31.1
0.19801905337332582,0.3326765061088929,U8,MN8014,12.547186113853805,4.009818337256587,CPG,SSPG,0.106366338723686,0.3256824754266747,0.20049207144055872,-1.0528742888499476,3,-1.3136922370853927,881.4,0.0,31.1
0.19801906636992264,0.33254571834870283,U8,MN8014,12.546432034099373,4.010348094538053,CPG,SSPG,0.10632134783517744,0.3257223440908032,0.20049534241250322,-1.053092628474614,1,-1.313053967878517,881.6,0.0,31.1
0.19795268229925353,0.33259841936678347,U8,MN8014,12.54590698325395,4.010662817061829,CPG,SSPG,0.10636517921566571,0.32564405415903724,0.20048163379450262,-1.052427977248625,0,-1.3137834133291602,881.4,0.0,31.1
0.19796259527139645,0.33265347791783195,U8,MN8014,12.545639788463,4.0111921878704715,CPG,SSPG,0.10637033894242418,0.32566830000143754,0.2004732552067823,-1.0526563641364945,4,-1.3118474989322948,881.4,0.0,31.1
0.19810766289294413,0.3328238694375056,U8,MN8014,12.54928720526471,4.010437301986625,CPG,SSPG,0.10650627320127107,0.32570593975537626,0.20046125791157277,-1.0537717012163252,1,-1.3139623010285462,881.3,0.0,31.1
0.19807636207161744,0.33272250286377,U8,MN8014,12.544297728479346,4.010466831727249,CPG,SSPG,0.10647293218514162,0.3256844487790811,0.200400470267396,-1.053933112257118,7,-1.3134795675346567,881.5,0.0,31.1
0.19805410471062318,0.33269306596834347,U8,MN8014,12.54515638582051,4.00987628221119,CPG,SSPG,0.10641621405274324,0.3257488149854372,0.20041942505301763,-1.0540372727705283,3,-1.3136835603253498,881.2,0.0,31.1
0.19805272234188587,0.33300500023277646,U8,MN8014,12.546941316427922,4.009169255025644,CPG,SSPG,0.10653270743905521,0.3258053516906346,0.2003968010305932,-1.0543008921003096,4,-1.310878817297235,880.4,0.0,31.1
0.19799011656453094,0.33279916882448224,U8,MN8014,12.543065512090578,4.009455813118068,CPG,SSPG,0.10643710171862875,0.32576172928959085,0.2004140028665646,-1.0532718274858852,5,-1.3133580582401052,880.5,0.0,31.1
0.1979971434406868,0.3326445706739369,U8,MN8014,12.54065112800401,4.00996036665079,CPG,SSPG,0.10640506249896725,0.3257743957976318,0.20040732046017204,-1.0534888876218953,2,-1.3133144962608583,880.9,0.0,31.1
0.19799300149281668,0.3326849795672061,U8,MN8014,12.54260445480293,4.010351322457747,CPG,SSPG,0.1064312389542639,0.32572386191110386,0.20036794589921322,-1.0533739076346482,2,-1.3125878186123554,880.8,0.0,31.1
0.19799286490075751,0.33271206861425984,U8,MN8014,12.542035953407108,4.009826632239695,CPG,SSPG,0.10641601418193355,0.32572729868840594,0.20039973712702555,-1.0536233378771036,4,-1.3133447879745503,881.0,0.0,31.1
0.19797674447237465,0.33253784148682075,U8,MN8014,12.543535565335437,4.010712551534424,CPG,SSPG,0.10634274012182224,0.3257269367668094,0.20043223843290572,-1.0526930943042703,1,-1.3139156277138184,881.3,0.0,31.0
0.19801583885041754,0.332654271448158,U8,MN8014,12.544223979123458,4.0108359509153315,CPG,SSPG,0.10641241890740813,0.325725006341159,0.20040258845653233,-1.053406937450374,2,-1.315001085599313,881.2,0.0,31.0
0.19797919026217595,0.33269546176843223,U8,MN8014,12.543634783622334,4.0103825919336415,CPG,SSPG,0.10638746365544809,0.32570484411659656,0.20037566086408945,-1.0533179398010013,7,-1.314648366840503,881.0,0.0,31.0
0.19791886272191864,0.33257764793264843,U8,MN8014,12.542986884561524,4.010602985027917,CPG,SSPG,0.10634019216675261,0.32569146643777874,0.20041131270160617,-1.0530707701980548,1,-1.3133862055520371,881.4,0.0,31.0
0.19794922408894988,0.33264451775222176,U8,MN8014,12.544856319899326,4.010812310349255,CPG,SSPG,0.10641069435667275,0.32565850114835343,0.2003565006443159,-1.0532245182802153,7,-1.3133688678170063,881.2,0.0,31.0
0.19795745119456148,0.3326156719418919,U8,MN8014,12.545519237111561,4.01107485001684,CPG,SSPG,0.10635373055866482,0.32564337220937745,0.2003957087966516,-1.0526755631107745,7,-1.3150494021112031,881.2,0.0,31.0
0.19789904637718406,0.3326800993715714,U8,MN8014,12.544518089359844,4.01167380397848,CPG,SSPG,0.10633543233302978,0.32561764040997626,0.20044287723526744,-1.0524314988973407,3,-1.313061254757251,881.5,0.0,31.0
0.19792327552235972,0.3328961882607375,U8,MN8014,12.546858296932399,4.0104525017185795,CPG,SSPG,0.10637778169489152,0.32560224267520255,0.2004164549368058,-1.0531780534519124,4,-1.314354531738596,881.2,0.0,31.0
0.19786271995238547,0.332693045411255,U8,MN8014,12.545028118087822,4.01150549403178,CPG,SSPG,0.10636454513523372,0.32549642000225487,0.20044915532741867,-1.0522309025187604,0,-1.3150182720365322,881.9,0.0,31.0
0.19787288185503532,0.3326774902625097,U8,MN8014,12.543488014748085,4.0119995202208045,CPG,SSPG,0.10634303141484235,0.32547563621712955,0.20040500083211274,-1.0526588839311999,5,-1.3145537234627032,882.1,0.0,31.0
0.19790466500258133,0.33263611118338543,U8,MN8014,12.546519884640528,4.012027233569749,CPG,SSPG,0.10640454531425975,0.32548721158889266,0.20036867609983502,-1.0530600373571821,2,-1.3145186197591805,882.0,0.0,31.0
0.19780520735791143,0.3326707513739353,U8,MN8014,12.544646622906672,4.012893474441619,CPG,SSPG,0.10630902094001086,0.3254891691132038,0.20040993031364765,-1.0523607454218837,0,-1.3133775095863403,881.8,0.0,31.0
0.1978847975941401,0.3328655061416085,U8,MN8014,12.548112374408918,4.01107963655845,CPG,SSPG,0.10643159098832558,0.3255263755047899,0.20040117787727704,-1.053289973881086,0,-1.3123770494234908,881.7,0.0,31.0
0.19789097398942498,0.3327333980292735,U8,MN8014,12.546219493793576,4.011445350478148,CPG,SSPG,0.10639602899654405,0.325581903376161,0.20039980262521426,-1.0525850335922815,5,-1.3144703078922877,881.2,0.0,31.0
0.197891834951279,0.3328161103591194,U8,MN8014,12.546199561143649,4.011172704573699,CPG,SSPG,0.10639445909298156,0.3255852526182428,0.20038876028062544,-1.0524522961171157,6,-1.3144727668637106,880.9,0.0,31.0
0.19792907039994145,0.332886386264854,U8,MN8014,12.54818063368738,4.010927631439889,CPG,SSPG,0.10640516505740616,0.32563169259668207,0.20040913657334813,-1.0526185673851403,3,-1.3143559138947687,880.7,0.0,31.0
0.1979017661816271,0.3327999171987529,U8,MN8014,12.547772269123024,4.011425164478037,CPG,SSPG,0.1063943410140756,0.32552311752235263,0.20036747068663838,-1.0528138413784782,7,-1.3144142612639627,881.3,0.0,31.0
0.19796199709036438,0.3327886533505601,U8,MN8014,12.548377496181102,4.012174559824998,CPG,SSPG,0.10645176124482675,0.32557825896236947,0.20035037361119018,-1.0530050862957527,6,-1.3142317063686626,881.1,0.0,31.0
0.19795534991835878,0.33266819440560336,U8,MN8014,12.548577579937227,4.012269520920027,CPG,SSPG,0.10641449009481377,0.325530867039208,0.20038319790763814,-1.0529871953316292,2,-1.3152955336754193,881.7,0.0,31.0
0.19799572853646183,0.3327485463185058,U8,MN8014,12.548136668638882,4.011345521289711,CPG,SSPG,0.10646588133553525,0.325583907921702,0.20036467573319658,-1.0531973486468682,3,-1.3155415588920967,881.3,0.0,31.0
0.19800268119409484,0.33272881549509803,U8,MN8014,12.548297839258492,4.0119868788708315,CPG,SSPG,0.1064665397116084,0.32557607783682446,0.20037904922470162,-1.0531637376311442,1,-1.3152333295585823,881.5,0.0,31.0
0.19794398352442044,0.33271554282795635,U8,MN8014,12.549238288859302,4.012130402013328,CPG,SSPG,0.10642807539802873,0.3255284757841268,0.2003612324724649,-1.0530420800906073,3,-1.3147454810376846,881.5,0.0,31.0
0.19795559100219523,0.3326328229245927,U8,MN8014,12.549008574983029,4.013297883055372,CPG,SSPG,0.10643173789330665,0.32552677861043905,0.20035059543275055,-1.0531244631975396,5,-1.3144371298743902,881.7,0.0,31.0
0.19793487311734478,0.3327077356753722,U8,MN8014,12.54978676510557,4.012263213553147,CPG,SSPG,0.1064177550643047,0.3255000922151598,0.20037996567616487,-1.053189775890833,4,-1.3150518477228186,881.8,0.0,31.0
0.1979371025078484,0.332704630542947,U8,MN8014,12.548728335718874,4.012338775076918,CPG,SSPG,0.10643127768672869,0.3255960998609561,0.20041337456184546,-1.0529921266461824,0,-1.3149018226089222,881.4,0.0,31.0
0.1980185459798327,0.33274112106838505,U8,MN8014,12.549402799256523,4.012580643364774,CPG,SSPG,0.10648242756489426,0.3256296127888192,0.2003839928025955,-1.0536027302465734,4,-1.314752811688999,881.4,0.0,31.0
0.1979923069515083,0.3328217562591925,U8,MN8014,12.548818666570599,4.012296825286315,CPG,SSPG,0.10650981047518843,0.3256090582488934,0.20036580218912456,-1.0538603052422584,2,-1.3151553810621817,881.3,0.0,31.0
0.19799557044214042,0.33265862301827176,U8,MN8014,12.54852265979439,4.012610362053066,CPG,SSPG,0.10645423814132077,0.3256199110414087,0.20039557300562852,-1.053716119007033,2,-1.3149259560835969,881.7,0.0,31.0
0.19799329549283298,0.33264368873783934,U8,MN8014,12.547537409778611,4.012854475148462,CPG,SSPG,0.1064184407352142,0.3255965122069097,0.20038522349040702,-1.053638670748263,4,-1.3150506317552715,881.8,0.0,31.0
0.19801787416646557,0.33268058568224407,U8,MN8014,12.54695298373198,4.012445439283917,CPG,SSPG,0.10643875200205066,0.3256612995140296,0.2003549582541995,-1.0537326090175014,7,-1.3146702418866152,881.3,0.0,31.0
0.1980130997997543,0.3327116708014493,U8,MN8014,12.548437090463123,4.012662794920224,CPG,SSPG,0.1064580211565157,0.32562566215341127,0.20037465837692123,-1.0537155169559893,7,-1.3147199302041965,881.5,0.0,31.0
0.19799519687868336,0.33272051415719595,U8,MN8014,12.548571636016476,4.012439717384007,CPG,SSPG,0.1064639683159426,0.3256228800695361,0.20038312096911248,-1.0533548240893473,7,-1.315237939167007,881.3,0.0,31.0
0.19803182372543268,0.33278280325732784,U8,MN8014,12.547931782824955,4.01190097766033,CPG,SSPG,0.10648898784472124,0.32569716006664357,0.20037518858463912,-1.0538181633395611,4,-1.315223334184049,881.0,0.0,31.0
0.1980139097754483,0.33272560456980327,U8,MN8014,12.546839042114968,4.0120173090922755,CPG,SSPG,0.10647150714101114,0.3256963136861952,0.20038113863683754,-1.053652000758889,2,-1.3149726336767174,881.1,0.0,31.0
0.1980117699983808,0.3327939158011977,U8,MN8014,12.54752621525948,4.012039535395965,CPG,SSPG,0.10648609243561954,0.325646537242167,0.2003919174402389,-1.0537969827965226,3,-1.314743526457832,881.4,0.0,31.0
0.1980389929322729,0.3327595824674687,U8,MN8014,12.548386130853167,4.012311501235256,CPG,SSPG,0.10649047191174532,0.32568189907930045,0.20038761426486446,-1.0537611332762546,2,-1.3151154745177323,881.2,0.0,31.0
0.19803927545297384,0.3327294775623931,U8,MN8014,12.549139130369564,4.012276203986687,CPG,SSPG,0.10648093261887948,0.3256675203210404,0.2003896545366686,-1.0535542921335757,6,-1.3143587897694378,881.3,0.0,31.0
0.19805056610200053,0.3328116395535589,U8,MN8014,12.54814018721924,4.011808235142971,CPG,SSPG,0.10650256742953576,0.32568600298235706,0.20037277620488425,-1.0541272862718656,7,-1.3149459598341924,881.2,0.0,31.0
0.19802461465745408,0.3327652935351206,U8,MN8014,12.549562802173417,4.012003495276309,CPG,SSPG,0.10646842407316874,0.3256529874811346,0.2003872956100298,-1.053643121230599,5,-1.3153948895447432,881.2,0.0,31.0
0.19802505760881736,0.33274495729021863,U8,MN8014,12.549013017733762,4.011756742957276,CPG,SSPG,0.10647690853035671,0.3256533062748244,0.20038003535814747,-1.0537641990276696,3,-1.3150360160753696,881.3,0.0,31.0
0.19801212005189545,0.3327251429113207,U8,MN8014,12.548396578949035,4.012063184939545,CPG,SSPG,0.1064761609414131,0.3256244431649803,0.20037732961897273,-1.0535952644404847,3,-1.315267133024662,881.4,0.0,31.0
0.19802444320000218,0.3327592042899188,U8,MN8014,12.54929945142616,4.012135548765821,CPG,SSPG,0.10648175433257812,0.32563264692632593,0.20038380914782017,-1.0535287658605648,3,-1.315146163741442,881.3,0.0,31.0
0.19804132847364947,0.3328027548387758,U8,MN8014,12.54889443156186,4.011528100418621,CPG,SSPG,0.10650439740843118,0.3256605900908994,0.20035938945856,-1.0536441084495647,1,-1.3151872463131582,881.0,0.0,31.0
0.19802477333192925,0.3327570769339922,U8,MN8014,12.548915387627838,4.0115939357396115,CPG,SSPG,0.10648130206730963,0.3256486138793031,0.20036113489051297,-1.0535543940303227,4,-1.3150236209401047,881.1,0.0,31.0
0.19804412336660002,0.33274482952374396,U8,MN8014,12.549029196309847,4.011766160358694,CPG,SSPG,0.10649927692117503,0.32566919607715633,0.20036990232407703,-1.053636138185209,5,-1.3153939380065154,881.1,0.0,31.0
0.19803492196985703,0.3327869698023192,U8,MN8014,12.548688228273983,4.01133946744088,CPG,SSPG,0.10649886243746545,0.32566947968589854,0.20036441486625522,-1.0536843580092041,3,-1.3153670935687352,881.0,0.0,31.0
0.1980389742501666,0.332752569765509,U8,MN8014,12.548392422450023,4.011451259943007,CPG,SSPG,0.10648412928182649,0.32568447470680995,0.20037304532355302,-1.053532252482289,7,-1.3151577361438616,881.0,0.0,31.0
0.1980478014785543,0.3327383998292015,U8,MN8014,12.549388752526855,4.01138880962831,CPG,SSPG,0.10648293667721581,0.3256557530069791,0.20036738814036162,-1.0536609528349934,7,-1.3151981525711331,881.2,0.0,31.0
0.19803166226255145,0.3327642767488567,U8,MN8014,12.549060608896195,4.011565772077303,CPG,SSPG,0.10648478571847972,0.3256673548954261,0.20037448155484286,-1.0536796893386717,6,-1.3152648461864427,881.1,0.0,31.0
0.19804189244005554,0.332738460710001,U8,MN8014,12.549238385351309,4.0116525638283616,CPG,SSPG,0.10648057609903366,0.3256800606882228,0.20038057598858766,-1.053607390395186,5,-1.3151979347264628,881.1,0.0,31.0
0.1980282444016685,0.3327657342760393,U8,MN8014,12.549841044989,4.011459313075688,CPG,SSPG,0.10646942333447233,0.3256550169353541,0.2003715061829375,-1.0536731645573867,3,-1.3153496330010732,881.1,0.0,31.0
0.1980345008547072,0.33276344124918555,U8,MN8014,12.549778964836655,4.011420387471869,CPG,SSPG,0.10646596484528814,0.32565918090298623,0.20036025494831047,-1.0538035211006163,2,-1.3151479015207368,881.1,0.0,31.0
0.19804618253123835,0.33281324024432923,U8,MN8014,12.548635129673503,4.011210585025745,CPG,SSPG,0.10647971386537033,0.3256813008965042,0.2003575024645799,-1.0539948726513386,3,-1.3153643158355415,881.0,0.0,31.0
0.19802580956947727,0.3328159492014995,U8,MN8014,12.548931032396453,4.011401128454165,CPG,SSPG,0.1064687832606668,0.3256404729951686,0.2003645511368255,-1.0536579380740405,6,-1.315137296687844,881.1,0.0,31.0
0.19803547692997192,0.3327959728504019,U8,MN8014,12.548714295845363,4.0112409610340825,CPG,SSPG,0.10648660129299883,0.3256521702647066,0.2003411423263598,-1.0539980424395796,7,-1.3151323379593336,881.1,0.0,31.0
0.1980602869642249,0.33280820567108005,U8,MN8014,12.549796209469918,4.011355131451256,CPG,SSPG,0.10649245287131565,0.3256354300247576,0.2003511360215656,-1.0539497982633814,4,-1.3155987345244782,881.2,0.0,31.0
0.19803066015228876,0.3327546813497675,U8,MN8014,12.549432559552594,4.011302753517635,CPG,SSPG,0.1064738375454092,0.3256270494282971,0.20034201877748886,-1.053779889984996,0,-1.3151074466467225,881.2,0.0,31.0
0.19802490259111521,0.3327512469370054,U8,MN8014,12.548830968785426,4.0115808546322,CPG,SSPG,0.1064731892768706,0.3256164240845747,0.20034402911200114,-1.0538285672611742,7,-1.315325095836073,881.3,0.0,31.0
0.19804617883940911,0.33276769528826083,U8,MN8014,12.549032937925798,4.011330713500536,CPG,SSPG,0.10647976562433696,0.3256539009497585,0.2003442934588844,-1.053995681978944,6,-1.3148295465579132,881.2,0.0,31.0
0.19805224191985712,0.3327454455299929,U8,MN8014,12.549290869841835,4.011581020430842,CPG,SSPG,0.10647756090681276,0.3256519465910534,0.20034861425133837,-1.0536770864429963,1,-1.3153594112843834,881.1,0.0,31.0
0.19804904900458006,0.33271173617300387,U8,MN8014,12.548257218419643,4.011768619154647,CPG,SSPG,0.10648076802904696,0.3256417478844864,0.20032922208492737,-1.05384244014266,6,-1.3155143661168331,881.2,0.0,31.0
0.19804196287963044,0.3327148632980298,U8,MN8014,12.54837611700313,4.012069725171866,CPG,SSPG,0.10647833192175146,0.32561591205731205,0.2003231844478532,-1.053967867558617,6,-1.314911870014484,881.4,0.0,31.0
0.19803625414856918,0.33271113927814966,U8,MN8014,12.547913912964933,4.0120550356695315,CPG,SSPG,0.10648122049903368,0.3256099000434536,0.2003434821446098,-1.0536247096363507,0,-1.3152589604685492,881.4,0.0,31.0
0.19806908115422847,0.3327703272223155,U8,MN8014,12.548026932271139,4.011652802449269,CPG,SSPG,0.10649846387803694,0.3256725632342113,0.2003327498002094,-1.0540682949557953,5,-1.315328525233026,881.1,0.0,31.0
0.1980502005673237,0.33281776420763753,U8,MN8014,12.5478867556815,4.011389221703132,CPG,SSPG,0.10649960673983704,0.3256530641703824,0.200319253141643,-1.0542142373253336,2,-1.3149677204098342,881.1,0.0,31.0
0.19804734165561352,0.33273020852774504,U8,MN8014,12.547572936784736,4.011893214224412,CPG,SSPG,0.1064810942474452,0.3256181872097764,0.20032291313477796,-1.0540389150788074,7,-1.3153404931682005,881.4,0.0,31.0
0.19807466849570876,0.33274299345537145,U8,MN8014,12.547877912363536,4.01140251982719,CPG,SSPG,0.10649086406358149,0.32565719667241966,0.20031560277509572,-1.0541365300389152,2,-1.3151903645181608,881.2,0.0,31.0
0.19803352980643782,0.3327016437900492,U8,MN8014,12.54808576411793,4.01192050440415,CPG,SSPG,0.10645899389207802,0.32561495129617246,0.20034101984499092,-1.053719574853074,3,-1.3152082348520366,881.4,0.0,31.0
0.1980426121451338,0.3327609000996088,U8,MN8014,12.548115186170316,4.011930260520669,CPG,SSPG,0.10648414325144745,0.32564491947640173,0.20035230019686373,-1.0537795713237004,5,-1.3154958620861503,881.2,0.0,31.0
0.1980252432296252,0.3327658697981898,U8,MN8014,12.547802187984304,4.011666372991195,CPG,SSPG,0.10646177782712252,0.32562638668838595,0.2003356879496803,-1.053819675723227,7,-1.315331638406077,881.2,0.0,31.0
0.19804586514126804,0.33269917032523305,U8,MN8014,12.54854252550526,4.012241403918279,CPG,SSPG,0.10645403815663373,0.3256210085290842,0.20034141850468704,-1.0538017882617443,2,-1.3153974482856245,881.4,0.0,31.0
0.19803867617409826,0.33269782121064173,U8,MN8014,12.548388985641681,4.0125343750453295,CPG,SSPG,0.10646032947818955,0.32562893091674455,0.20036081843128967,-1.0536522433212148,3,-1.3153955423297585,881.4,0.0,31.0
0.19804485675658723,0.33272890182156406,U8,MN8014,12.547844860929795,4.011912199491035,CPG,SSPG,0.1064519357371749,0.32566281872897085,0.200349468377822,-1.053645570749814,3,-1.3153498933333356,881.1,0.0,31.0
0.19806644292866082,0.3327028216384462,U8,MN8014,12.547670685304332,4.011993296840961,CPG,SSPG,0.10647717758166922,0.3256726944165475,0.20034036030615557,-1.053825198281657,0,-1.31503515348974,881.2,0.0,31.0
0.19806780963952225,0.3327128703793312,U8,MN8014,12.547752297414762,4.012154665118964,CPG,SSPG,0.10647473301199331,0.3256792256345427,0.20034080477072183,-1.053813998500189,4,-1.3154771116396162,881.1,0.0,31.0
0.19805050817676467,0.3327117762798535,U8,MN8014,12.548279005734686,4.012139834954806,CPG,SSPG,0.10645707677981409,0.32565634403084626,0.20033537312759345,-1.0536991319360953,6,-1.3153637219960217,881.1,0.0,31.0
0.19805501974957843,0.33269377632488456,U8,MN8014,12.548611514516097,4.012124367730687,CPG,SSPG,0.10645468633488261,0.32562830823774425,0.20032431216700125,-1.0536615554645468,2,-1.3155724205412263,881.2,0.0,31.0
0.19803765988107974,0.3327335159268434,U8,MN8014,12.548312125375888,4.011997994105703,CPG,SSPG,0.10645132400195238,0.3256204690797625,0.20032661750491573,-1.0537293403193637,3,-1.3154293877820322,881.2,0.0,31.0
0.19807846830358317,0.33271600958221603,U8,MN8014,12.548924635915466,4.012031180373845,CPG,SSPG,0.10647690074611055,0.3256489805252842,0.20033220260712936,-1.0538733670795495,2,-1.3158111399171322,881.2,0.0,31.0
0.19806879034216365,0.33275527879971134,U8,MN8014,12.54877050208918,4.011829459612363,CPG,SSPG,0.10647710720336084,0.32563702578053044,0.2003239902846285,-1.0539836722444957,0,-1.3155743624319172,881.2,0.0,31.0
0.1980810225843732,0.3327638688248457,U8,MN8014,12.54979968664636,4.0119362986891725,CPG,SSPG,0.10649042492951714,0.325623270942539,0.2003114669358758,-1.0542793320332933,6,-1.3156351612518158,881.3,0.0,31.0
0.1980979910337028,0.3327290110024755,U8,MN8014,12.549494896439255,4.01188145846205,CPG,SSPG,0.10649364247370656,0.3256585789778747,0.20031669657639573,-1.054202144160766,4,-1.3156592432777412,881.2,0.0,31.0
0.1980822922979778,0.3327354577620252,U8,MN8014,12.54976216361458,4.011926834700597,CPG,SSPG,0.10648343149571587,0.3256487222664537,0.20030867839187852,-1.0540757959716038,0,-1.3155422752835406,881.1,0.0,31.0
0.19808619277603473,0.33273889809383905,U8,MN8014,12.549195657522795,4.011671511783867,CPG,SSPG,0.10648302049210068,0.3256451283537261,0.20029391140568753,-1.0541943140886532,0,-1.3156525591103012,881.1,0.0,31.0
0.19806757232663158,0.3327373963729383,U8,MN8014,12.5494093983397,4.011863673347357,CPG,SSPG,0.10647948776364394,0.3256137974215553,0.2002987814829922,-1.0540274874015627,5,-1.3156299679040906,881.2,0.0,31.0
0.19806782939897383,0.3327408298131882,U8,MN8014,12.549662817065522,4.011813500345437,CPG,SSPG,0.10647484458152917,0.3256342776848251,0.20031230567914557,-1.0541623637102528,6,-1.3144730441955517,881.3,0.0,31.0
0.19807203054140604,0.3327217930062417,U8,MN8014,12.549864207740544,4.011922398880098,CPG,SSPG,0.10647798820747814,0.325625870274562,0.20030488616030015,-1.0540772220240013,4,-1.315688400465156,881.2,0.0,31.0
0.19807117473325422,0.3327238718472156,U8,MN8014,12.549804116269396,4.012032103129934,CPG,SSPG,0.10648458000039929,0.3256373611641827,0.2003140507281481,-1.0540937808597022,0,-1.315582863368519,881.2,0.0,31.0
0.19806188204433287,0.3327486973804509,U8,MN8014,12.549409815839295,4.0120237804985,CPG,SSPG,0.10649402197997068,0.32562704402732123,0.20030482624899645,-1.0541513119208927,3,-1.3153399600426159,881.2,0.0,31.0
0.1980685285799887,0.3327212621132246,U8,MN8014,12.549867418416051,4.011911913798481,CPG,SSPG,0.1064795923133722,0.32560726618626623,0.20029251135580892,-1.0541472245902668,1,-1.3152234554600497,881.3,0.0,31.0
0.198067919458495,0.3327493512291509,U8,MN8014,12.5491802235241,4.011947725792585,CPG,SSPG,0.1064844366435571,0.32563406483326945,0.20030050167049607,-1.0540672381536316,6,-1.3155290888508002,881.1,0.0,31.0
0.1980813150554829,0.3327171709841703,U8,MN8014,12.549103966679933,4.011907666732974,CPG,SSPG,0.10649494433853196,0.3256384880322383,0.20030130815058864,-1.0541089547913345,2,-1.3154634576790496,881.2,0.0,31.0
0.19807265158181547,0.33273870591510596,U8,MN8014,12.548856909525162,4.011807715925194,CPG,SSPG,0.10649230510439073,0.3256487614467902,0.2003086368646693,-1.0540722422285609,1,-1.315637317056881,881.1,0.0,31.0
0.19808051662886092,0.33275949528049364,U8,MN8014,12.549233754471285,4.011814163498848,CPG,SSPG,0.10650676294059323,0.3256665468983114,0.20030832378188945,-1.054086064445277,5,-1.3151635139829203,881.0,0.0,31.0
0.19807071170109264,0.33273846529003426,U8,MN8014,12.549104635317097,4.011927749150055,CPG,SSPG,0.10649307324543722,0.32564045044085205,0.20030232525177183,-1.054030729234902,6,-1.3153815905313895,881.1,0.0,31.0
0.19807302059261112,0.3327408971937499,U8,MN8014,12.549118178457983,4.012011637511977,CPG,SSPG,0.1065027107575173,0.32565050727384615,0.20031215180934817,-1.0540412236224945,2,-1.3154485562680591,881.1,0.0,31.0
0.19806782325119177,0.33277444483661,U8,MN8014,12.549192633719429,4.0116623252286345,CPG,SSPG,0.10650234048418292,0.3256541056722544,0.20030246367347795,-1.0539887172710511,6,-1.315609736987824,880.9,0.0,31.0
0.1980848823497772,0.33277601449272454,U8,MN8014,12.549792829874288,4.011695511280484,CPG,SSPG,0.10650786802173523,0.325647631411222,0.20029837681716983,-1.054153477922556,6,-1.3156210127485686,881.0,0.0,31.0
0.19807960400545668,0.33277950134350287,U8,MN8014,12.549451740362176,4.011688735576177,CPG,SSPG,0.10650471646231835,0.3256560887815246,0.2002985283181066,-1.0540709060439357,5,-1.3157046004756072,880.9,0.0,31.0
0.19807485226932475,0.33275267408167436,U8,MN8014,12.54900815769356,4.011842164833914,CPG,SSPG,0.10649772025599519,0.32564287706224354,0.2003012845484271,-1.0539332670208161,3,-1.3156683612422349,881.0,0.0,31.0
0.1980718194895601,0.33275883960306385,U8,MN8014,12.549124305813516,4.011862000010735,CPG,SSPG,0.10650285159032839,0.32566237807347503,0.2003136827535786,-1.053857401458068,4,-1.3156667532299036,880.9,0.0,31.0
0.19806586565013634,0.33275105574673614,U8,MN8014,12.54865254832996,4.011737247923739,CPG,SSPG,0.10649732122382227,0.3256617621270001,0.20030379263480874,-1.0538590374928745,2,-1.3152235235460221,880.9,0.0,31.0
0.19806746585399396,0.33273537380779844,U8,MN8014,12.548711113049107,4.011863613386619,CPG,SSPG,0.10648948599478433,0.32566542658343184,0.20030698283721773,-1.0538529631353986,3,-1.3155105284227453,880.9,0.0,31.0
0.1980646173184875,0.33274087705462024,U8,MN8014,12.548960620846051,4.01193989724809,CPG,SSPG,0.10649231816059757,0.3256579609480248,0.2003135181072772,-1.0537297315829952,6,-1.315575604071153,880.9,0.0,31.0
0.19805928833791955,0.33273847986732624,U8,MN8014,12.549251466663561,4.011922621990342,CPG,SSPG,0.10648686805070683,0.32565590241516906,0.20031137353643805,-1.053767389514976,4,-1.3154912245938153,880.9,0.0,31.0
0.19805509566567414,0.3327468292631419,U8,MN8014,12.549395488670248,4.011971040426999,CPG,SSPG,0.10649033589550869,0.32564109764003163,0.20031793461453765,-1.05377986356053,7,-1.3155695340982199,881.0,0.0,31.0
0.19805813713292728,0.3327572189801393,U8,MN8014,12.548769474693145,4.0118665987569075,CPG,SSPG,0.10649104706868467,0.3256493811648317,0.2003165899705734,-1.0538142069764447,5,-1.3152445881416437,881.0,0.0,31.0
0.19804793988202998,0.33273467858755834,U8,MN8014,12.548728733334425,4.011980178922201,CPG,SSPG,0.1064841581994707,0.3256386982831589,0.20031727551055378,-1.053674338106652,7,-1.3155510111281075,881.0,0.0,31.0
0.19804759484449883,0.3327371132084826,U8,MN8014,12.548872053214431,4.01198209181753,CPG,SSPG,0.1064824039183161,0.3256417093045004,0.20031989521676724,-1.0536521563716994,1,-1.3152767260820823,881.0,0.0,31.0
0.19805548454448318,0.3327577149622022,U8,MN8014,12.549527214924288,4.01189397350964,CPG,SSPG,0.10649005940533124,0.3256314633987132,0.20031284870400248,-1.0537758624612863,0,-1.3155796134262054,881.0,0.0,31.0
0.19804814876624688,0.3327509555604024,U8,MN8014,12.54926133583651,4.011939323802201,CPG,SSPG,0.10648500993605206,0.32563070923164084,0.20032185587644205,-1.0536415282472804,5,-1.3156778732500207,881.0,0.0,31.0
0.1980539438881382,0.3327302665783881,U8,MN8014,12.54934384022976,4.01196076662845,CPG,SSPG,0.10648362267182176,0.32562305719419604,0.20031881228810133,-1.0536982634314036,0,-1.3157098189810803,881.1,0.0,31.0
0.1980674331858699,0.3327464214868235,U8,MN8014,12.549259628712562,4.011855080928456,CPG,SSPG,0.10649501323159927,0.3256432742430379,0.20031029338240977,-1.0538506280954403,6,-1.3156623381052963,881.0,0.0,31.0
0.1980589198999956,0.33273131843643133,U8,MN8014,12.549001618519727,4.011970167843317,CPG,SSPG,0.10648934715150882,0.3256464062514268,0.200318323016894,-1.0537330803090545,1,-1.3156320691070444,881.0,0.0,31.0
0.19805907275334328,0.33272677020113395,U8,MN8014,12.548993332423757,4.012015971887565,CPG,SSPG,0.10648838693389806,0.32563344512208325,0.20031602763356857,-1.053770196306441,7,-1.315535090341676,881.1,0.0,31.0
0.19805918112003898,0.3327389829617348,U8,MN8014,12.549220966514667,4.01202424903802,CPG,SSPG,0.10648963950754611,0.32563285783124707,0.20031866726970762,-1.0537964533750945,3,-1.3155275295097422,881.1,0.0,31.0
0.19806153138278737,0.332741637280122,U8,MN8014,12.549280561146979,4.0119718517376235,CPG,SSPG,0.1064938382565086,0.3256318462778066,0.20031767469555348,-1.0538046151025036,6,-1.3155542711654338,881.1,0.0,31.0
0.19805694876551486,0.3327267037750242,U8,MN8014,12.54947125165765,4.011969714585361,CPG,SSPG,0.10648621550005694,0.3256242050512896,0.20031392032449402,-1.0537630134388132,1,-1.3156957902711603,881.1,0.0,31.0
0.19806319732856154,0.3327248152913112,U8,MN8014,12.549571777740148,4.011945365091266,CPG,SSPG,0.10649123000822203,0.3256342915851995,0.20031710813447806,-1.0538035249859663,4,-1.315587011570777,881.1,0.0,31.0
0.19805627707608786,0.3327214050203003,U8,MN8014,12.549324822834413,4.011947802910863,CPG,SSPG,0.10648678328508776,0.3256227255614195,0.20031358302850907,-1.0537185295773446,5,-1.3157235079184026,881.1,0.0,31.0
0.19805349887284976,0.3327160281786729,U8,MN8014,12.549380836952396,4.012108059143329,CPG,SSPG,0.10648114775050826,0.32562868464091005,0.20032056580572272,-1.0536772117939321,6,-1.315597504969828,881.1,0.0,31.0
0.1980624019635181,0.3327221753453586,U8,MN8014,12.549500000801372,4.012159787520402,CPG,SSPG,0.1064933190111275,0.3256341622510113,0.2003247684258581,-1.0536810795638498,6,-1.3156138098749928,881.1,0.0,31.0
0.19805252241734048,0.3327198333358713,U8,MN8014,12.54969668068038,4.012109742533756,CPG,SSPG,0.10648709057318964,0.3256153129961492,0.2003221390103648,-1.0536665327161758,2,-1.3151969176260092,881.2,0.0,31.0
0.1980494585536458,0.3327103780726456,U8,MN8014,12.549608630905833,4.012135463254402,CPG,SSPG,0.1064877194695377,0.3256243015359462,0.2003249603841091,-1.0535687084494936,6,-1.3155741275952977,881.1,0.0,31.0
0.1980556212087012,0.33271358557710334,U8,MN8014,12.549514882824953,4.012181153735926,CPG,SSPG,0.10648716734800232,0.3256306804647187,0.2003241675815452,-1.0536486316648959,4,-1.3156245234529678,881.1,0.0,31.0
0.19807251531693773,0.332708160272281,U8,MN8014,12.549930990124732,4.012190698010032,CPG,SSPG,0.10649852575073418,0.32564015616042163,0.20032224653068664,-1.0537531382862513,6,-1.3157421331007235,881.1,0.0,31.0
0.19806311047303798,0.33271780791961836,U8,MN8014,12.549655044873191,4.012054605181362,CPG,SSPG,0.10649208014974595,0.3256346709900957,0.20031955053566547,-1.0537507286827905,6,-1.3155775455622294,881.1,0.0,31.0
0.19806348095634607,0.33271225848672625,U8,MN8014,12.54958583214287,4.0121463982161325,CPG,SSPG,0.10649217212149001,0.3256334154370713,0.20031993616734584,-1.0537139641225077,7,-1.3156770963121893,881.1,0.0,31.0
0.19806642115941014,0.3327187049588649,U8,MN8014,12.549753292349966,4.012087930538913,CPG,SSPG,0.10649039630616185,0.32563540257909823,0.20031772020157176,-1.053758913268291,6,-1.3154599199401957,881.1,0.0,31.0
0.19807184855142457,0.332715409341406,U8,MN8014,12.549845781909246,4.012085114586759,CPG,SSPG,0.10649545357998652,0.32563955409385115,0.20031983106342147,-1.0537801619967597,3,-1.3156117236126388,881.1,0.0,31.0
0.19807237888171386,0.33271035419945943,U8,MN8014,12.549644809134683,4.012011850373937,CPG,SSPG,0.10649291221875817,0.32563948578711305,0.20031878021871208,-1.0537449062132045,5,-1.3155893022078136,881.1,0.0,31.0
0.19807247832781277,0.33272050266911374,U8,MN8014,12.54998395160365,4.012048481274918,CPG,SSPG,0.10649428210278447,0.3256474363881388,0.20031974354996948,-1.0537236335897664,3,-1.3157444009548058,881.0,0.0,31.0
0.19807224043353508,0.3327331330342556,U8,MN8014,12.549735016414994,4.011862052743094,CPG,SSPG,0.10649737680851289,0.32564805375677397,0.20031512752960362,-1.0538073481105288,4,-1.315637461330919,881.0,0.0,31.0
0.1980739590015436,0.3327338221412023,U8,MN8014,12.549711432478938,4.011882887253648,CPG,SSPG,0.10649904914957348,0.3256467713803038,0.20031684699147576,-1.0537710494458188,0,-1.3157237136029405,881.0,0.0,31.0
0.19807446373909324,0.33271980661291134,U8,MN8014,12.549660138230182,4.011907549006834,CPG,SSPG,0.10649989752365567,0.3256510824591295,0.2003158379951955,-1.0537671244886933,0,-1.3156616056917123,881.0,0.0,31.0
0.19806911666638657,0.3327146829229648,U8,MN8014,12.54985097796674,4.011988702000167,CPG,SSPG,0.10649563599926148,0.325639245124362,0.20032235485475014,-1.0536739054566042,5,-1.3152155513752675,881.1,0.0,31.0
0.19807112770707216,0.3327283072773268,U8,MN8014,12.549560057359752,4.011858007243543,CPG,SSPG,0.1064984836302119,0.32564933505941657,0.2003154343001969,-1.053751623813468,7,-1.3154491833940138,881.0,0.0,31.0
0.1980756809537768,0.33271610497667525,U8,MN8014,12.549957413558605,4.011923475711366,CPG,SSPG,0.10649803573090968,0.32563780104605883,0.20031628090435108,-1.0537794491207295,0,-1.3155177981945787,881.1,0.0,31.0
0.19807264240566072,0.33270997567992633,U8,MN8014,12.549993932584435,4.012081129725053,CPG,SSPG,0.10649258429299316,0.32563997146800766,0.20032038137100586,-1.0537732724700284,2,-1.3156481158287079,881.1,0.0,31.0
0.19807031875806078,0.3327191049405629,U8,MN8014,12.549827991079567,4.011925456678016,CPG,SSPG,0.10649464132772046,0.3256409082878765,0.20031701849470887,-1.053816653996748,1,-1.3153752955611022,881.1,0.0,31.0
0.19807332878302905,0.33271662812004155,U8,MN8014,12.54948755536708,4.01198657475894,CPG,SSPG,0.10649404846166803,0.32564052501067475,0.20031995311115586,-1.0537877428145648,4,-1.3157933569865872,881.1,0.0,31.0
0.1980705855782964,0.3327111512976606,U8,MN8014,12.549324871290898,4.011963867702515,CPG,SSPG,0.10649083366456866,0.32564554169895205,0.20032021634392477,-1.053763743711815,5,-1.315448219148685,881.1,0.0,31.0
0.1980792594890904,0.33271057494467227,U8,MN8014,12.549731089901258,4.01194758331893,CPG,SSPG,0.10649814969729929,0.32564638051312944,0.20031621403505506,-1.053882187895517,5,-1.31575603706764,881.1,0.0,31.0
0.19807595575766657,0.33271211453419713,U8,MN8014,12.549547472379595,4.011933563231715,CPG,SSPG,0.10650280750886407,0.3256452891306512,0.2003193016426801,-1.0538289300835493,7,-1.3157598896805869,881.1,0.0,31.0
0.19807791335916583,0.3327120723094994,U8,MN8014,12.549520158694337,4.0120308765468655,CPG,SSPG,0.10650127268579518,0.32565199654053517,0.20032549891482065,-1.0538251818346005,6,-1.315786091304945,881.1,0.0,31.0
0.198072854432837,0.33270526974833703,U8,MN8014,12.54958090907225,4.012118845601872,CPG,SSPG,0.10649969427835745,0.3256495008219121,0.20032758482927698,-1.05375605762084,4,-1.3157313807419122,881.1,0.0,31.0
0.1980776361968556,0.33270456313395586,U8,MN8014,12.549409843607961,4.012069997780568,CPG,SSPG,0.10650269263969886,0.32565246405183523,0.20032160554375797,-1.0538220536049336,2,-1.3156615793114348,881.1,0.0,31.0
0.19807962469558876,0.33269732935172147,U8,MN8014,12.549668456724419,4.012172813304131,CPG,SSPG,0.10649977734571564,0.32565251809566326,0.20032413700804352,-1.0537857895648712,4,-1.3157384368984069,881.1,0.0,31.0
0.1980744379856017,0.332693615851774,U8,MN8014,12.549754733163788,4.012094152389686,CPG,SSPG,0.10649068699474881,0.3256464523115534,0.2003198250305248,-1.053783497674679,5,-1.3157192042279071,881.1,0.0,31.0
0.19806920809684528,0.3326923271830894,U8,MN8014,12.549537429732041,4.012133344286724,CPG,SSPG,0.10648955943123437,0.32564805068828495,0.20032420181990565,-1.0537194932258986,6,-1.3155862033529786,881.1,0.0,31.0
0.19807849982741685,0.33267321364580343,U8,MN8014,12.549888684316597,4.012181675913709,CPG,SSPG,0.10649471197838797,0.32564461617685714,0.20031526143422757,-1.0537159561490905,1,-1.3156674186581814,881.1,0.0,31.0
0.198075587247969,0.33266588006318176,U8,MN8014,12.549975880984553,4.01221679166736,CPG,SSPG,0.10648768851134491,0.32565085036196,0.20032215860402353,-1.0536778751687073,5,-1.3155520461839725,881.1,0.0,31.0
0.1980726207082919,0.3326637816936754,U8,MN8014,12.54994811532565,4.012226474160402,CPG,SSPG,0.10648700141387585,0.32564930680884974,0.2003253702397406,-1.053615800055844,6,-1.3155561194017658,881.1,0.0,31.0
0.198073135933194,0.33265386127068386,U8,MN8014,12.549834805741508,4.012272005008304,CPG,SSPG,0.10649024435024271,0.32565081000172263,0.20032619294923384,-1.0535974008563023,7,-1.3157042144830484,881.1,0.0,31.0
0.19806644175910176,0.3326621929517562,U8,MN8014,12.549815722325937,4.012353413454101,CPG,SSPG,0.10648546335776282,0.325643940428336,0.2003290670545512,-1.0535429008259118,6,-1.3157628595860693,881.1,0.0,31.0
0.19806766247581484,0.33267209588410374,U8,MN8014,12.549810181668166,4.012246460721793,CPG,SSPG,0.1064896527108668,0.3256437865999701,0.20032464471894232,-1.0535804119662804,5,-1.3154692525230818,881.1,0.0,31.0
0.19807124587458347,0.3326711060418845,U8,MN8014,12.54963957053624,4.012201017475599,CPG,SSPG,0.10649370792381938,0.32564737300422036,0.20032331655058122,-1.0536007147134718,6,-1.3154364994408247,881.1,0.0,31.0
0.1980662483363755,0.33267207817576794,U8,MN8014,12.549881550530383,4.012216702447085,CPG,SSPG,0.10648948528028485,0.32563429202867666,0.20032234680705188,-1.0535500777474849,5,-1.3157517597051065,881.1,0.0,31.0
0.19806698725476318,0.33267426851755966,U8,MN8014,12.549653775102152,4.012203515812928,CPG,SSPG,0.10649274329458545,0.32563463211855803,0.20031917832342577,-1.0535717278835526,1,-1.3157002051800024,881.1,0.0,31.0
0.19805969271532575,0.33269100298395693,U8,MN8014,12.549844465222723,4.012153556747933,CPG,SSPG,0.10648543688315924,0.3256234422921626,0.20031886885541314,-1.0535505408177048,3,-1.3156949343875244,881.1,0.0,31.0
0.19805998442057174,0.3326781012779517,U8,MN8014,12.549646748605577,4.012290832288644,CPG,SSPG,0.10648760059855164,0.3256309678816643,0.20032237924257196,-1.0535243604333981,1,-1.3156681503104384,881.1,0.0,31.0
0.19806696079115754,0.3326746987665612,U8,MN8014,12.549766300035097,4.012184793243432,CPG,SSPG,0.10648856288966008,0.32563694277639715,0.20032031251491395,-1.053574145102592,5,-1.315557857857927,881.1,0.0,31.0
0.1980650393390394,0.33268495722082675,U8,MN8014,12.549912258030444,4.012233865253522,CPG,SSPG,0.1064914215011443,0.3256309274000477,0.20032184200021497,-1.053551220945685,7,-1.3156365550907818,881.1,0.0,31.0
0.19806440565757488,0.3326793838822671,U8,MN8014,12.549939603017336,4.012288406535252,CPG,SSPG,0.10648633119613149,0.3256358735423121,0.20032455184192052,-1.0535595462717233,5,-1.3156035720517956,881.1,0.0,31.0
0.1980721109175694,0.332682381744953,U8,MN8014,12.549962629245336,4.012131685349787,CPG,SSPG,0.10649340104845315,0.32563567775622354,0.20032017597746204,-1.0536172977053937,2,-1.3157476298217219,881.1,0.0,31.0
0.1980681909643844,0.33268355927467963,U8,MN8014,12.549919987136542,4.012187728963613,CPG,SSPG,0.10648629807732729,0.32564008524033927,0.20032256332693474,-1.0536254838570582,6,-1.315521239439315,881.1,0.0,31.0
0.19806191742795778,0.33267553813746004,U8,MN8014,12.549877854102535,4.012225109582395,CPG,SSPG,0.10648374147532658,0.3256286194357907,0.2003200257028715,-1.0535463565558858,0,-1.3157648286645216,881.1,0.0,31.0
0.19806797981752777,0.33267309899780534,U8,MN8014,12.549830716799438,4.012251763898339,CPG,SSPG,0.10648632530576313,0.32563857475591856,0.20032147373255121,-1.053614451395012,0,-1.3157579889374311,881.1,0.0,31.0
0.19807229035028506,0.33266064355935815,U8,MN8014,12.549892103379264,4.012243193140695,CPG,SSPG,0.10648507890221985,0.3256412828946534,0.20031723973517712,-1.0536234947770704,3,-1.3156607082458152,881.1,0.0,31.0
0.19807475052935533,0.33265502351447157,U8,MN8014,12.549734400955737,4.01219669407169,CPG,SSPG,0.10648652548561435,0.32564420690933754,0.20031576792784453,-1.0536431594071018,3,-1.3157183734657778,881.1,0.0,31.0
0.19807385319905768,0.3326667660700011,U8,MN8014,12.549669706439513,4.012109906489198,CPG,SSPG,0.10648582521428676,0.3256411850462089,0.2003143826883616,-1.0536771263094302,5,-1.31576067735371,881.1,0.0,31.0
0.19807927268585732,0.33266285038256094,U8,MN8014,12.549715807570575,4.012071442226769,CPG,SSPG,0.10649324939388499,0.3256431889299551,0.20031350900272235,-1.0536862090070769,3,-1.3158255569551702,881.1,0.0,31.0
0.19808015508839957,0.33266013669232625,U8,MN8014,12.549643236087087,4.012121309850423,CPG,SSPG,0.10649287058557413,0.3256463131582469,0.20031555894124417,-1.0536759539275757,5,-1.3158216096057487,881.1,0.0,31.0
0.1980865552836426,0.33265820160106935,U8,MN8014,12.549684191348629,4.012098214351184,CPG,SSPG,0.1064981036350093,0.32565444855243775,0.20031531778362316,-1.053740461285169,5,-1.3157587946610843,881.1,0.0,31.0
0.19808108229760735,0.33265240290225356,U8,MN8014,12.549726369103201,4.012150411000215,CPG,SSPG,0.10649102681678443,0.325651737458781,0.20031719284114938,-1.053693191368823,3,-1.3157861498138885,881.1,0.0,31.0
0.19808588549031808,0.3326558522863704,U8,MN8014,12.54962707764019,4.012087095124623,CPG,SSPG,0.10649498796595223,0.3256542654238558,0.20031416504707703,-1.0537453246187916,3,-1.3157695526911528,881.1,0.0,31.0
0.19808629013635207,0.33265302397439783,U8,MN8014,12.5496763665075,4.0120640789093684,CPG,SSPG,0.10649554483278449,0.32565500769644085,0.20031449196454976,-1.0537438415589073,1,-1.315779840131345,881.1,0.0,31.0
