thigh_length,calf_length,motor_left_name,motor_right_name,gear_left_ratio,gear_right_ratio,gearbox_left,gearbox_right,torso_distance,ik_height,ori_l,ori_theta,best_index,best_cost,ac1,ac2,ac3
0.25882454973770086,0.24338257151051917,U12,MN8014,10.393978896498862,9.30724910923985,CPG,CPG,0.12430789885319597,0.342437148848744,0.4612513725002639,0.497160665870624,0,0.14579187919470218,436.7,4.8,28.6
0.2400247597235342,0.2384683704873432,U12,MN8014,9.3676930843685,7.318880678973156,CPG,SSPG,0.1320861064353181,0.3775261900998252,0.290992720694567,-0.2328720734517098,0,1000000.0,488.7,3.9,33.9
0.2621370721034713,0.24717805674696486,U10,MN8014,6.541268976649997,8.018122297829455,CPG,CPG,0.1194685317021096,0.3733158229240089,0.20666627159850556,-0.6023035527754697,0,0.5895837543585678,569.4,4.9,26.4
0.231651392429925,0.25705473826832,U10,MN8014,6.899288937997018,8.111010486981455,CPG,CPG,0.12068700975159868,0.37992091160615205,0.20094452000599033,-0.6260329987695102,2,0.07625614365021072,551.6,3.4,35.3
0.2325592376191487,0.2711929218070145,U10,MN8014,9.662368315003135,8.843479767403837,CPG,CPG,0.12311713883710464,0.43263377586646967,0.20567192170351842,-0.3247255607657695,2,1.2124195183778272,505.7,2.9,34.2
0.23742772291095898,0.2711525536162953,U10,MN8014,8.94712938608728,6.351626782240601,CPG,CPG,0.11302179632171847,0.42991243797840306,0.2459857973187717,-0.5985567552978182,1,0.0607861977201507,458.8,1.1,32.6
0.2324549579417215,0.2936613988669185,U10,MN8014,6.87247461626466,6.637319038053928,CPG,CPG,0.13009815923456997,0.389676165150217,0.25970700828441906,-0.6435896821450041,6,0.15337976887288018,515.1,2.2,32.6
0.2317069168313323,0.30787770358478617,U8,MN8014,6.19773496734304,7.411199139913585,CPG,CPG,0.11737517547332622,0.37972034369330776,0.235213583742221,-0.5258897618148206,0,-0.3727839743071355,525.2,2.4,33.6
0.2126530404337074,0.3036363890474172,U8,MN8014,9.169559257555377,6.395889271138612,CPG,CPG,0.1204888088574756,0.3653524688772597,0.2074358961862557,-0.7761894675582668,6,-0.5881077076328269,592.5,1.5,32.1
0.19880764068545667,0.32171093914485427,U12,MN8014,13.71059712761965,6.4608654697830925,CPG,CPG,0.10875513335547105,0.3578664008770853,0.20004239323629677,-0.9274514388262216,5,1.041599990890706,665.4,0.6,32.2
0.23411507833543235,0.29456752174972567,U10,MN8014,16.212873313382808,7.413998564346608,WPG,CPG,0.11363636907123646,0.378526340687901,0.27642304991741407,-1.0101320636133648,4,1.1539034464662998,560.1,0.3,33.2
0.22209985580652916,0.29720583037403303,U10,VT8020,11.042456222906312,7.455002635282959,CPG,CPG,0.10882424824364431,0.37563900151104074,0.20994898541015136,-0.4877364931360979,7,0.32241913252608967,542.5,0.1,38.3
0.23612542728780045,0.33081632031813235,U8,VT8020,14.848060596576849,6.825518722935945,CPG,CPG,0.12714295365660683,0.3739956464946117,0.22383395437513662,-0.5745830571317125,3,0.45422970098402615,589.4,0.3,30.0
0.22276552665250335,0.3389674879983486,U8,MN8014,13.140570519879205,7.161060780136259,CPG,SSPG,0.12347856201128533,0.35788645742533104,0.2780540539354695,-1.005241708040514,0,0.990129931077661,601.6,1.4,37.7
0.24161570152361,0.33372897795039325,U8,MN8014,12.907635426470053,5.732648383096266,CPG,SSPG,0.12015197403559917,0.3655638180716078,0.20316288522476406,-0.7889452378641256,3,-0.85298038201576,596.4,0.6,39.4
0.22797975747287616,0.29863444873394596,U8,MN8014,13.257465471567286,4.761594822079361,CPG,SSPG,0.11972764229228537,0.3920803207639937,0.2404730882813051,-0.5454930854993825,1,-0.5191550648420282,589.5,0.5,36.6
0.23607149254057103,0.30316190074706884,U10,U12,10.944702456673523,7.891516870066432,CPG,CPG,0.12931266569030114,0.3798418116637634,0.5661363740781815,-0.21617913581086867,6,0.4483036343482463,639.8,1.9,38.5
0.21634292953375822,0.34144431191169455,U8,U12,9.720335159670348,9.146560761128633,CPG,CPG,0.13439762656977278,0.39831937431205683,0.5478985727772847,-0.04778273669699229,2,-0.10513873591585937,557.3,0.4,35.4
0.24004345514667147,0.3020139239887297,U8,MN8014,11.63197881146817,5.817393936542561,CPG,SSPG,0.13778222119250824,0.3982901977212301,0.3220734980648692,-0.9877024612183242,7,0.7751146370688828,558.9,1.1,33.3
0.25850307163176617,0.29556732033214994,U8,MN8014,11.807791286332517,6.58254724984327,CPG,CPG,0.12248001736959323,0.41058699765242523,0.228021504590149,-1.024256499388788,7,0.11031006098552609,483.3,1.2,35.2
0.25921158537219385,0.2965882572693479,U8,MN8014,12.2932612173898,5.679255308913018,CPG,SSPG,0.13663520190429185,0.38101647544216977,0.20048129736421158,-0.9617891319089009,4,-0.1525960238805597,481.2,1.0,32.5
0.2589024440908717,0.2964610988278633,U10,MN8014,13.156489313323167,6.541980028001522,CPG,CPG,0.12935249168491209,0.3951956942795666,0.214471143270614,-0.9956518718824127,2,0.3910861767921814,483.5,0.9,31.1
0.25391694641168006,0.3022546840957219,U8,MN8014,13.667810093619238,6.273444513571183,CPG,SSPG,0.1251110080599552,0.39657730758756793,0.2136774048194961,-0.5959481083791105,6,-0.38331933365494386,467.0,2.4,30.8
0.25469663404974197,0.3034193257072899,U8,MN8014,13.25778536860555,7.064451780388879,CPG,CPG,0.12398996688631353,0.372229964210232,0.23975099581425413,-0.44350198709952626,5,-0.05738668859113094,568.8,2.7,29.6
0.25464040006217414,0.28545500605722174,U8,MN8014,13.98989154704309,7.523219523819346,CPG,CPG,0.12596833190025608,0.3794176602511122,0.20075069596707518,-0.7869941043631782,3,-0.33276798262875484,500.4,2.0,28.8
0.23199784259242454,0.29004577356517214,U8,MN8014,11.157385292647222,7.192468279483846,CPG,SSPG,0.12283027834432378,0.395628448448749,0.2369097020249188,-0.741592760277054,2,-0.4488540496866227,522.4,1.4,35.4
0.2513525509139617,0.31411024244451746,U8,MN8014,11.369634784866427,7.942640033688504,CPG,CPG,0.130225968065871,0.36741304235397887,0.20131639313147348,-0.7408685166146497,7,-0.44740339827701625,536.1,1.6,35.4
0.23561163004920732,0.3158285753800806,U8,MN8014,11.902686803615637,7.546741413193061,CPG,CPG,0.1226176586464977,0.3816727509812391,0.2169035839597754,-0.77143332499903,7,-0.5892541201667063,566.2,1.0,33.1
0.2343410762078977,0.3083438890320993,U8,MN8014,10.750419590316124,8.875344269384513,CPG,CPG,0.12913015665522504,0.38988899976440333,0.22020427899790232,-0.7072614037335642,4,-0.40278403675602803,516.2,1.3,35.5
0.2327788161331635,0.3046581849465552,U8,MN8014,11.972145591884665,6.684248854978532,CPG,CPG,0.12190194670025803,0.36568557345662916,0.20003401003451501,-0.6672314075593987,5,-0.5009236060846884,602.6,1.8,32.0
0.23769474526686568,0.2973690368208016,U8,MN8014,10.83648889241629,7.806699689042999,CPG,CPG,0.11690635256046095,0.366351034371688,0.20767757951443938,-0.8123994592712619,7,-0.44276979300518704,540.7,1.2,31.4
0.24192569776252718,0.30652389683815806,U8,MN8014,10.010162598342681,6.8107559485338225,CPG,CPG,0.11802857001361984,0.3561026654091953,0.2177006505627819,-0.6773449121950917,5,-0.5219517608305493,565.2,0.5,33.5
0.22405483463146372,0.309829750403263,U8,MN8014,10.46746154785934,6.979233148695414,CPG,SSPG,0.12432939269732869,0.366317085290782,0.22755339930442356,-0.5964732954786609,3,-0.620077357356446,560.6,0.8,29.7
0.20258602760454875,0.3067367555364825,U8,MN8014,9.308780111566376,8.169694011537548,CPG,CPG,0.12425851402307729,0.35283505196208487,0.2243761542898744,-0.6753993649652443,0,-0.5748048158062122,584.6,1.2,32.9
0.2106080980970147,0.30546578054468676,U8,MN8014,8.741812019736429,7.780454248673438,CPG,CPG,0.12013499105118547,0.37448215940127383,0.20211581082924446,-0.7421112022522632,7,-0.5311958798493253,604.5,0.7,33.9
0.21933039000082324,0.30657488736082217,U8,MN8014,8.89873388467388,7.041728631164222,CPG,SSPG,0.12946375592256493,0.36507147192314504,0.21723016913737292,-0.5762283111530256,0,-0.5614196151010038,595.8,0.3,33.5
0.2178011998100884,0.31206003120335873,U8,MN8014,9.04737436438942,7.1349566601406185,CPG,CPG,0.13028681896481092,0.35385572132446486,0.21157112519446375,-0.7636252327806359,0,-0.7617343853993255,672.7,0.1,33.7
0.210272850336234,0.30870665427396327,U8,MN8014,9.302077802523748,6.626283914065409,CPG,CPG,0.1296218377854495,0.36727755791290023,0.2126377051420221,-0.8121610465475787,1,-0.7700185887242492,594.2,0.2,32.4
0.20407735116781184,0.3192886337577987,U8,MN8014,8.782345988088343,7.205484154537581,CPG,SSPG,0.1340653653065494,0.37107125200011115,0.2185612334682373,-0.8469313623533561,5,-0.733554575875714,661.5,0.0,36.1
0.20623162492785194,0.31682230691503954,U8,MN8014,8.828804124782778,6.087964273166488,CPG,SSPG,0.13047036678170626,0.3883818827592074,0.2143013858444882,-0.8863839833028109,0,-0.7147429140416275,633.1,0.1,35.9
0.20104989684113783,0.3170506708698716,U8,MN8014,9.035051664384433,6.281585040200367,CPG,SSPG,0.13679650196388377,0.3824780528357719,0.20098701043083853,-1.0428929377887217,1,-0.6967315119834279,671.2,0.4,37.4
0.209729115899139,0.3168724826515143,U8,MN8014,10.712288567978156,6.005949549592634,CPG,SSPG,0.12617150666136007,0.3808555024828194,0.20033931436688435,-1.0197062837993771,7,-0.8050124513209607,621.0,0.1,34.2
0.1971219954249669,0.32307554737139177,U8,MN8014,8.96545539663477,5.487872098771938,CPG,SSPG,0.12374026477334778,0.37200913482545234,0.2008195046227534,-1.0728478361366438,7,-0.7234872092479625,697.3,0.0,36.2
0.19505315735596698,0.31516445996100306,U8,MN8014,9.006659818582943,5.2526340513006415,CPG,CPG,0.12561667190729475,0.362078770524578,0.20902142365889173,-0.8018978304226949,5,-0.8593255765850225,661.8,0.1,35.0
0.19234382667162078,0.3199055423667785,U8,MN8014,8.783093094931079,4.157822363516656,CPG,SSPG,0.13184479627560097,0.38456972683887847,0.23366555440043912,-0.7683052503689419,1,-0.7249563936086663,725.2,0.3,38.4
0.19622073736219267,0.3156127174772815,U8,MN8014,8.913220781791328,4.099279444082976,CPG,SSPG,0.12169662299043348,0.3729668429162428,0.20416446259486884,-0.9206777775445526,7,-0.7648740428733918,708.3,0.2,37.1
0.20555502518714622,0.31008617439156144,U8,MN8014,9.06118978671477,4.26113293443346,CPG,CPG,0.12347395707980725,0.37186857200931256,0.20052400553897623,-0.8859673965416441,0,-0.7469462307292583,631.6,0.4,37.7
0.21350354112889786,0.3300079507225254,U8,MN8014,9.101545591307781,4.194310063713395,CPG,SSPG,0.12269510778991179,0.39474452133349064,0.2299017610025543,-0.9008132233840428,1,-0.7644963207171545,648.6,0.2,38.3
0.22283429754693268,0.3163662343923992,U8,MN8014,10.486210296829327,4.3230079469744895,CPG,CPG,0.12162389559811113,0.3904644592126846,0.202583164400323,-0.9804055024654444,6,-0.7813931787915003,673.7,0.8,39.0
0.22467212485957794,0.3138735356165029,U8,MN8014,10.153189255417606,4.000008735413721,CPG,SSPG,0.11877741723486954,0.3766982250720301,0.2032452203696071,-0.9064422517400214,1,-0.8160076042614985,662.6,0.8,37.0
0.21086459457711063,0.3141426830151391,U8,MN8014,8.887299869664119,4.260877876947399,CPG,CPG,0.11651185522513877,0.3809296038264933,0.2001227436662715,-0.8643064544160807,1,-0.7885456892614258,621.1,0.9,36.0
0.22114096582012455,0.31274447546757767,U8,MN8014,9.954675108045159,4.117090824097938,CPG,SSPG,0.10848454592111462,0.3794220630530675,0.2018835987143773,-0.9331718781609055,7,-0.7803545122535889,603.4,0.9,36.8
0.22273134710855688,0.31990385063227417,U8,MN8014,9.573011414714351,4.417072247927936,CPG,SSPG,0.10857419319470354,0.37429822139436686,0.20252260374209546,-0.8957115292356385,6,-0.8366901603345758,639.2,0.4,36.6
0.21268182089196416,0.29741465996641886,U8,MN8014,9.991250154724705,4.937851093000187,CPG,CPG,0.10537503147511873,0.37023668161913115,0.20392908591456077,-0.9180385570421754,1,-0.8093299425166558,617.6,0.6,34.3
0.22305423894152926,0.30819452445774376,U8,MN8014,9.96626754834794,4.229009112454244,CPG,SSPG,0.11341839404864149,0.3709031969382157,0.2021912235992968,-0.9115951316239187,2,-0.8947181433205982,630.0,1.1,34.4
0.21327068775352218,0.30258075013255525,U8,MN8014,9.680410853728443,4.428318289449922,CPG,SSPG,0.11455539502481421,0.3578545583671112,0.20064670275585908,-0.7595060694286005,4,-0.9342699581006171,621.9,0.3,34.5
0.21053592661680745,0.3065942969447217,U8,MN8014,11.205678623766095,4.052184628404143,CPG,SSPG,0.11743311509811451,0.36210937795918524,0.21880092191249342,-0.8368228136051361,0,-0.9389424256950223,696.0,0.2,34.1
0.21813517407256927,0.3044942400547298,U8,MN8014,11.244109890412684,4.18442132882947,CPG,SSPG,0.11278902668522724,0.36439327053112497,0.2000786209729365,-0.891155332636335,0,-1.00436522181921,658.0,0.6,34.3
0.2131662961106482,0.3010210479572758,U8,MN8014,10.366275200597926,4.170463551126437,CPG,SSPG,0.11012670865753299,0.356813837487425,0.20202514946302863,-0.8497299337991912,5,-0.944571054998808,632.1,0.6,31.4
0.21267842594008174,0.3037529335250987,U8,MN8014,10.11502585149205,4.000100228010895,CPG,SSPG,0.11057756610011088,0.35266448059250743,0.20301784560016845,-0.8071418824458678,4,-0.9604159863988029,664.9,0.4,32.1
0.20832811585010313,0.3040694734917504,U8,MN8014,10.902770411506289,4.49779412053429,CPG,SSPG,0.11370109855494982,0.350478755970235,0.2000037310121566,-0.7947082017717028,2,-0.9783395916305846,643.5,0.6,31.2
0.20440617597368432,0.30230328215696634,U8,MN8014,10.069233602797413,4.445836679896718,CPG,SSPG,0.10858331628439541,0.346375479579529,0.20388161031576768,-0.8155328354062249,0,-1.022150547085391,653.5,1.1,31.7
0.19895917041481906,0.30694439673963714,U8,MN8014,9.703831290412266,4.534740876151698,CPG,SSPG,0.10083876358245712,0.34596615847727935,0.2037145612756595,-0.8433271734348352,0,-0.9982804203377098,638.8,1.1,30.6
0.19658636892773085,0.3181142849192993,U8,MN8014,10.426226780313192,4.368231764105856,CPG,SSPG,0.10929167710660467,0.3550515370713513,0.2000071907611122,-0.9093444817839175,7,-1.039402775247348,648.8,1.4,31.6
0.20428666450846455,0.31598389505683017,U8,MN8014,10.107915292853658,4.163462745183021,CPG,SSPG,0.10132130961870288,0.354353083059383,0.20789564905957322,-0.9309641818419837,3,-1.0714928100750116,657.1,1.0,29.5
0.20143744289944815,0.32028290229509937,U8,MN8014,10.877907936693438,4.228537716244311,CPG,SSPG,0.0983274316044077,0.35572505711341207,0.20616903996223973,-0.9484188087757119,7,-1.102027224343538,684.7,1.0,30.6
0.20804504200282925,0.31339278855501196,U8,MN8014,10.967946436326262,4.5905851386308045,CPG,SSPG,0.09595504170035367,0.3583475445485449,0.20135399443895347,-0.9401081645111313,5,-1.1127023144369126,648.5,0.9,31.2
0.2119548725996812,0.3286804589510247,U8,MN8014,11.472132267490068,4.020893488977438,CPG,SSPG,0.09635408554252473,0.3592220613034785,0.20142549312907057,-1.0026120725498915,2,-1.0336040685956878,659.2,1.4,30.4
0.21025974902288191,0.3247409603454455,U8,MN8014,11.161926042394638,4.00300751815652,CPG,SSPG,0.10084626306394248,0.3637555465981205,0.20178941307974016,-0.9923402302461355,4,-1.0528215038847755,617.8,1.6,30.7
0.2214687963838789,0.3238285182074574,U8,MN8014,11.378256724371438,4.551548742985356,CPG,SSPG,0.09990509987855642,0.35451819174378707,0.20066351777807448,-0.9523598879901631,5,-1.0336230543024172,594.3,0.6,30.3
0.21540108752364262,0.3169804501033019,U8,MN8014,12.039229497432887,4.211230232501856,CPG,SSPG,0.09889380731162176,0.3533560237563752,0.20000635621014998,-0.916985235320079,2,-1.1150046427660714,616.6,1.1,29.1
0.2126891364391509,0.3295451531971783,U8,MN8014,9.860277031855826,4.167725027438167,CPG,SSPG,0.09523080381968388,0.3529112489087174,0.2054463421661695,-0.905816788007058,0,-1.032095079070431,586.3,0.7,28.2
0.2058511003451589,0.3283044223479483,U8,MN8014,10.883397056891924,4.2465394584802105,CPG,SSPG,0.09447150787946183,0.3571051728982797,0.20991163095481635,-0.8833866470427199,0,-1.0292782662162985,593.6,1.1,27.8
0.22143858103824288,0.32489004094869184,U8,MN8014,11.670965355230447,4.414928715159563,CPG,SSPG,0.10016158371454113,0.3621680270422219,0.20000122333571835,-0.9273438262065151,3,-1.0178736815560931,559.5,1.3,29.9
0.21720220279470456,0.33077113786542445,U8,MN8014,11.581269444694613,4.208042176092596,CPG,SSPG,0.09454832283310838,0.36371855192412583,0.2000000089944309,-0.9091145732665993,6,-0.9968648492055223,557.2,1.7,28.9
0.22539119127084944,0.32902096995962793,U8,MN8014,12.030483470735158,4.028492578163809,CPG,SSPG,0.09612012517811305,0.359319965534441,0.20741035745603298,-0.9339868644753406,6,-1.0050991703595056,616.9,1.3,27.4
0.21973945589071367,0.33505086575202614,U8,MN8014,10.955497338223102,4.092081660719937,CPG,SSPG,0.10194537849757224,0.3664156643195129,0.20001015391507984,-0.9284238584861705,4,-0.9943695092858835,552.7,2.2,28.5
0.21296678075926562,0.3409516255978068,U8,MN8014,10.997951243614672,4.837596166958878,CPG,SSPG,0.10078232879944174,0.364120035312271,0.20893106643902506,-0.950883211193688,7,-1.1035927590485635,591.6,2.2,29.2
0.209872250934064,0.3353774959704253,U8,MN8014,10.060018438226505,4.540988867873624,CPG,SSPG,0.10266108886674383,0.34825671249268414,0.20365911525774116,-1.0475097768513195,1,-1.0420556814374917,641.0,2.1,27.9
0.20581302663423706,0.3384125564525207,U8,MN8014,11.005270874318555,4.993125944132711,CPG,SSPG,0.10280896485148655,0.3559811952976477,0.20003896233890925,-1.08857493000138,1,-1.1276874150273413,658.0,2.5,28.1
0.19869406858060243,0.34811785824038344,U8,MN8014,9.666424323840186,4.7616947742561155,CPG,SSPG,0.09863952005967472,0.34397482317905104,0.20039550730193423,-0.9927277551598471,5,-1.0886126406570815,644.3,2.3,28.2
0.20161302412106827,0.34298601365114145,U8,MN8014,9.322756617625995,4.481266148029754,CPG,SSPG,0.10850555155432634,0.34868089087001236,0.2001405485556058,-0.9885473267309735,1,-1.0702630677748646,648.7,1.8,29.0
0.20397744721370184,0.3352452454302115,U8,MN8014,9.274718810068347,4.261526265723034,CPG,CPG,0.09914661240417184,0.33857926441019287,0.20657479641506757,-0.9334247728800487,6,-1.0770913494637755,675.0,1.8,28.0
0.19850813556106006,0.3377929904453691,U8,MN8014,10.206607481851936,4.357598223204247,CPG,SSPG,0.09913939895771258,0.34451553432455684,0.2000067719086934,-0.9608963633953072,5,-1.1206072408687762,649.6,2.0,27.9
0.20651555707406166,0.3389519392726421,U8,MN8014,10.028442587217908,4.454091073170071,CPG,SSPG,0.09571504983826146,0.3383449541892528,0.20193778381804628,-0.8788156226640358,0,-1.120223989647366,638.1,1.7,26.5
0.2080068064296272,0.3392786709828837,U8,MN8014,9.632442703382738,4.358758446655465,CPG,SSPG,0.09650811728385317,0.34095886717219803,0.20081498443970514,-0.9323091188140014,6,-1.0790056977015734,636.9,2.2,27.5
0.20933910516952645,0.3365170403275149,U8,MN8014,9.913489046980034,4.502670143661121,CPG,SSPG,0.09101733939127396,0.3454343446905928,0.20230846633513896,-0.9411705899502281,4,-1.0688607987471235,624.3,2.0,25.8
0.2028824717423483,0.3463575436141843,U8,MN8014,9.581384336244735,4.351082470848191,CPG,SSPG,0.09351955355894112,0.3515369591667856,0.20033331947058547,-1.0209849575076184,5,-1.052234092219515,638.9,2.4,27.1
0.20478116048385367,0.34192724486013715,U8,MN8014,10.516836667563613,4.2775841265967305,CPG,CPG,0.09544150086349659,0.35566972519696843,0.2002949724175062,-1.0583237445375984,7,-1.061801052765488,668.6,2.5,29.1
0.20343787247539855,0.3381677096082499,U8,MN8014,10.130738259762726,5.11726359324402,CPG,SSPG,0.09989709943380617,0.3485776093351756,0.20115447083187496,-1.0700431945406093,1,-1.0950630396464396,697.1,3.0,28.4
0.19751185700505863,0.3371051194759632,U8,MN8014,10.117346425482637,4.1785101266087885,CPG,SSPG,0.09925187397174062,0.34142714432022897,0.20005602481914864,-0.9723837648258238,7,-1.1385950729377656,725.6,2.8,29.4
0.20345456835989872,0.3363566397372185,U8,MN8014,10.70462811675964,4.491836949357893,CPG,SSPG,0.09970417866518025,0.34122638189842674,0.20019808272719744,-1.081763966378393,3,-1.1179703135788461,701.2,2.9,28.1
0.20370736829988262,0.3368118680607703,U8,MN8014,10.549578910135875,4.2867476338485355,CPG,CPG,0.10245396988584415,0.33880704017938473,0.20015007048612796,-1.0639357548444885,0,-1.128304150357974,733.1,2.8,28.3
0.1963418682534985,0.3400971180326441,U8,MN8014,9.976539519492407,4.045814307335097,CPG,SSPG,0.09902802447696965,0.3430373391721485,0.2021591310186214,-0.9976020859734096,0,-1.1502557864606953,759.0,3.0,31.1
0.2003055586511398,0.3371754879431466,U8,MN8014,10.021489664649678,4.0009536787990205,CPG,SSPG,0.09880419598616602,0.3457103790571749,0.20065474772718603,-1.0174322526895596,7,-1.14240922380323,729.9,2.8,30.3
0.2056817533701068,0.3290090661404509,U8,MN8014,10.253407818183499,4.00096197085158,CPG,SSPG,0.10404178741124465,0.33557278483126696,0.2001372008284198,-0.9521983322945811,1,-1.1164092685485674,707.1,2.4,29.2
0.20444652765056273,0.3323181782395282,U8,MN8014,11.172182973538709,4.005585353027223,CPG,SSPG,0.10297785655376676,0.33604064290478686,0.2008238338628778,-0.9506589140363547,7,-1.2302148342967003,768.6,2.7,31.3
0.20722713801619325,0.3389802198957128,U8,MN8014,11.572484371403405,4.000656100490809,CPG,SSPG,0.10299146818429103,0.34871152294065066,0.20074234151837392,-1.0028296076726697,3,-1.1218235683868292,734.7,3.0,31.4
0.21020647485122246,0.33629948606827215,U8,MN8014,11.522234266965903,4.033120434709969,CPG,SSPG,0.10090806274596231,0.33932189501513876,0.20056852918182888,-1.0302334152293449,5,-1.1551488292190104,767.6,2.4,31.4
0.21319341544153125,0.3476169040323882,U8,MN8014,11.412312999702516,4.000314862458727,CPG,SSPG,0.09810897827819229,0.3380958089479386,0.20008217321976934,-1.0723758358641144,5,-1.1963688665414063,734.6,2.8,29.6
0.21299446703714942,0.339055192028816,U8,MN8014,11.654712632651684,4.3370006627762585,CPG,CPG,0.10284671546633134,0.33424697338846265,0.20039097438388614,-0.9291141980708615,2,-1.0889309726438032,737.0,2.7,31.4
0.2145500471109127,0.33759067188657654,U8,MN8014,11.38267076263968,4.183168247907496,CPG,SSPG,0.09706799056798929,0.33277791298056153,0.20109971242324698,-0.9925761896395947,2,-1.165429258887781,709.2,1.9,30.0
0.21390398263875282,0.3324636265490332,U8,MN8014,12.018916851686713,4.166768828231064,CPG,SSPG,0.09893542297729577,0.341703683753397,0.202985100510689,-0.9595014329193454,2,-1.215404245032107,715.2,2.0,31.7
0.21121899657830392,0.33568523962414,U8,MN8014,11.958717562195847,4.3617915228499085,CPG,SSPG,0.09639077225120578,0.334215562270555,0.20008309722356277,-0.9740600783097022,7,-1.1810043103973245,722.4,2.1,31.2
0.21524449026910242,0.33352883689063406,U8,MN8014,12.739179514187873,4.333607853869171,CPG,CPG,0.0959783895788747,0.3341142877390639,0.20002886097540504,-0.9704433391843588,2,-1.1378756150713647,729.6,1.8,31.2
0.20593232013010526,0.3445940874365452,U8,MN8014,11.980964611187261,4.010515285930201,CPG,SSPG,0.09850957485610765,0.34735399655513977,0.20000024108305067,-1.026985944059832,3,-1.2199565056229478,701.5,2.4,30.5
0.20260557267625182,0.3429509503804138,U8,MN8014,12.52674197646657,4.015015623567996,CPG,SSPG,0.10280287457926121,0.33394442206364605,0.20028660326649733,-0.94339032756018,5,-1.1736105144011244,751.1,2.1,30.8
0.20604701140575254,0.33921170583565746,U8,MN8014,12.365381362897663,4.31898388274579,CPG,CPG,0.10456944856907247,0.3436268107889664,0.20140071777635912,-1.0246737281614962,5,-1.1775772664098092,753.5,3.4,31.1
0.1970685284201028,0.3452987736917006,U8,MN8014,12.229275767398454,4.012223393358366,CPG,SSPG,0.10566971754386706,0.33523911446564447,0.20281548679745512,-0.9483252754313067,1,-1.1630830129467098,759.8,2.9,31.2
0.19914041406171365,0.34542924053182034,U8,MN8014,11.743835551321263,4.070159405930053,CPG,SSPG,0.1105693399732107,0.3432431030883304,0.20500863021570936,-1.0401247398384823,7,-1.1232904020974495,776.0,2.9,31.4
0.19349549487253628,0.34561007883740047,U8,MN8014,10.54485097163441,4.014270211682457,CPG,SSPG,0.10347739256756064,0.3355045477240242,0.20169946546611733,-0.9915920020962574,1,-1.1538091942741033,808.4,2.9,31.7
0.20042752383684476,0.3453164842922469,U8,MN8014,10.994127543260607,4.027128248500963,CPG,SSPG,0.10349899547525318,0.3397261856465719,0.20829860664663946,-0.9878197652497447,7,-1.228943245586744,761.7,2.8,30.3
0.20219798481022114,0.3499943974636302,U8,MN8014,11.851326198027778,4.029213084100549,CPG,SSPG,0.10770545261768122,0.35132738996792995,0.21472188686728663,-1.0166558484059136,7,-1.1321204490852264,799.4,3.3,33.1
0.19479961913519087,0.34769267944237775,U8,MN8014,11.182030176243508,4.013997490257239,CPG,SSPG,0.10327184717324103,0.3509114955477147,0.2162053300600263,-1.0244337852674603,5,-1.189386368520398,798.4,3.1,31.9
0.1968368511093583,0.3482118140620296,U8,MN8014,11.021369298223412,4.003457308706454,CPG,SSPG,0.0987583625829607,0.3381220193635325,0.21482186055205738,-0.9654136116107805,2,-1.192276681840129,790.8,3.1,30.2
0.20852911157320125,0.3461092420100239,U8,MN8014,12.17882593326275,4.007869428389917,CPG,SSPG,0.10570418561182379,0.34202837082496074,0.20826095342172024,-0.9760725559512522,3,-1.1642530174429764,788.6,2.5,31.7
0.20600847149989449,0.34749541647860793,U8,MN8014,11.882100567206217,4.204371482620778,CPG,SSPG,0.09891853939018769,0.33869138415791605,0.20804162745266602,-0.9951654843044576,2,-1.1946374456345765,778.8,2.3,30.8
0.19983768387351003,0.33934984646428773,U8,MN8014,12.035945696777945,4.003580323081969,CPG,SSPG,0.09876669002603902,0.3372797621339577,0.20459994548942143,-1.03367859732208,7,-1.2859810540333463,806.7,2.6,31.1
0.1963603602243838,0.3453522751731745,U8,MN8014,11.301239919276782,4.030677100951484,CPG,SSPG,0.09788183850569412,0.33128302157446227,0.2018944493968402,-1.01833358237573,6,-1.2003184237252587,784.8,2.6,29.3
0.18442884668310822,0.34241907307887187,U8,MN8014,11.362880190402517,4.028597891576048,CPG,SSPG,0.0961776922929789,0.3269319084901868,0.2000077067660758,-1.0923238614103132,5,-1.2014341287983692,775.3,2.7,28.6
0.18933097059661094,0.3415922867487983,U8,MN8014,10.962881620921067,4.012712122927185,CPG,SSPG,0.09832616467227606,0.32637044351392996,0.20007938911714723,-1.0971507381281693,5,-1.2462383625845064,799.6,3.0,28.3
0.19406811525882386,0.3410249848816126,U8,MN8014,11.238813722751512,4.001302019922353,CPG,SSPG,0.10032008354094413,0.33227485883197955,0.20197645735668265,-1.142477003361705,4,-1.230570198899648,781.3,2.7,28.6
0.196030336920774,0.34053598066917906,U8,MN8014,10.827426895962729,4.0138040461354425,CPG,SSPG,0.09945126111425885,0.3387121533387919,0.20116257595472992,-1.0568778535462573,4,-1.1432894779647285,789.2,2.9,29.1
0.19058319078122712,0.3422432078241492,U8,MN8014,10.33939394437859,4.002386183842685,CPG,SSPG,0.10140601231741797,0.3231168362031329,0.200019420973522,-1.0486205433648617,7,-1.1955001253708044,805.4,2.7,27.6
0.1963445829689826,0.34116458294241603,U8,MN8014,11.199233328372532,4.032750424539403,CPG,SSPG,0.10210005780254489,0.3218479339642162,0.20168573926468847,-1.037804869010683,5,-1.2656865417291634,813.0,2.3,28.5
0.20408814733008376,0.3385703666727996,U8,MN8014,11.689202398446582,4.03140869931915,CPG,SSPG,0.10143956229156997,0.3260544819319704,0.20078380735002607,-1.0688940785155505,7,-1.2437636835552182,806.6,2.1,27.5
0.19919479925790712,0.34225468116357455,U8,MN8014,10.973954400113907,4.0353879477931525,CPG,SSPG,0.10416354844375424,0.34122246184836724,0.20050584257016832,-1.1025166145401402,0,-1.1863638662456903,807.5,2.6,30.3
0.20067480355010486,0.3426864267665896,U8,MN8014,12.001469653585309,4.010315869860682,CPG,SSPG,0.09873185166999976,0.3237680388695441,0.20001657319780178,-0.9794559233265003,5,-1.2638324256491984,817.1,1.9,29.8
0.192281133384913,0.3376074111516164,U8,MN8014,11.510116325436364,4.219295217468477,CPG,SSPG,0.10441511817399345,0.3262930397996705,0.2002627712127041,-1.0322685902240232,1,-1.2521650387396575,822.4,2.1,29.8
0.20080953268482243,0.34087512363222305,U8,MN8014,12.451716546307823,4.191506960790094,CPG,SSPG,0.10507195791140583,0.32775318819092036,0.20073568057416466,-1.0563875632027986,4,-1.2697529558251173,792.1,2.1,29.3
0.19617699012367862,0.34566497423310977,U8,MN8014,11.440410665584857,4.3954227879851455,CPG,SSPG,0.10532932628124483,0.3279373493258773,0.20065322388132803,-1.0157383151168893,6,-1.267944843747629,824.5,2.2,30.0
0.19442469831021933,0.3475113835268217,U8,MN8014,12.022351200470457,4.329451905894748,CPG,CPG,0.10631685893806468,0.32083574362679507,0.20004091639371493,-1.0819404070970025,0,-1.2185735226299723,846.2,2.3,29.6
0.19742837864264806,0.3357281228886051,U8,MN8014,12.649095912180535,4.020492550778113,CPG,SSPG,0.10945179806893955,0.32424595297428044,0.20001546329040004,-1.0426440978203844,6,-1.253804043854645,835.0,2.0,29.9
0.19655374193469202,0.3421266318768641,U8,MN8014,11.927453689432149,4.216782496902781,CPG,SSPG,0.10847143205234927,0.3279588009524726,0.20002151274094296,-1.064539807798482,3,-1.2543917528347839,833.4,2.4,29.8
0.196043850370224,0.3378890826914102,U8,MN8014,11.465034141679254,4.244670369388079,CPG,SSPG,0.11052299248381184,0.32481166136360684,0.20094035010884959,-1.053272918851404,4,-1.2321325623915644,836.7,2.3,29.2
0.19545745735981637,0.34575514707964816,U8,MN8014,11.575805360018794,4.220663119871349,CPG,SSPG,0.10834465401425261,0.33171859830366346,0.20034979649924753,-1.0486276875547405,4,-1.1777344937325074,838.2,2.7,30.9
0.19733428287082042,0.3438481810487951,U8,MN8014,11.38662142330494,4.222012114983611,CPG,SSPG,0.11347346262139744,0.33863278143140624,0.20186181615050855,-1.0488901703106484,7,-1.2487195511671239,825.4,2.5,31.8
0.19350795725211695,0.3448579489293575,U8,MN8014,11.195596169155557,4.300294104126385,CPG,CPG,0.11109542844407966,0.3334440244683997,0.2004852208298341,-1.0665917889068766,7,-1.218741227595764,816.1,2.4,30.5
0.18768467545693432,0.3470197874569874,U8,MN8014,11.026336041005356,4.378505549870301,CPG,SSPG,0.1104311537434769,0.33318416553545865,0.20000000208373211,-1.1120118352938626,0,-1.2678423219258947,843.2,3.0,30.8
0.18640142457273134,0.34443552992792026,U8,MN8014,12.04247829389545,4.400394571832901,CPG,SSPG,0.11307521144267703,0.3334102618746883,0.20050226270986823,-1.1026130579696547,1,-1.3037561255573724,858.3,2.9,31.4
0.19442624736294342,0.34934625880287207,U8,MN8014,11.966356651017168,4.406022716602832,CPG,SSPG,0.11323890190287031,0.3460521356095186,0.20114561505963463,-1.0806758615448375,6,-1.2107232591532622,809.7,3.1,32.0
0.1993491665351664,0.34657232129952564,U8,MN8014,12.953699764737376,4.248042305431012,CPG,SSPG,0.11154148352548857,0.341709851137595,0.20353925311493726,-1.0661375747333444,7,-1.2439819208699898,807.5,2.8,31.8
0.19384995748198958,0.34606005159414543,U8,MN8014,12.393127082926993,4.306277646357106,CPG,CPG,0.1101342426403363,0.3319819445456563,0.20267979264975416,-1.0553040658431558,7,-1.2234428974563567,843.6,3.1,31.2
0.19962641770746176,0.34686600097867115,U8,MN8014,12.838039746529287,4.442111736791108,CPG,SSPG,0.10767395969432,0.3356324552359817,0.2006876794041385,-1.0885591826471062,7,-1.2445905456788733,846.5,2.7,31.2
0.19883115895949627,0.3476165188803247,U8,MN8014,12.370963178856316,4.400494778904572,CPG,SSPG,0.11029865352716989,0.33948146293796916,0.2003684098141949,-1.0541928242621168,1,-1.2382525881832311,828.1,2.7,31.5
0.19464807393120828,0.34867592287700366,U8,MN8014,12.166440721756457,4.646501573564422,CPG,SSPG,0.1119825688604976,0.337240058713532,0.20086171311968518,-1.082935774514793,3,-1.1938373663666475,872.5,3.3,32.7
0.19925081732135186,0.3458699804889759,U8,MN8014,12.668751194367,4.353611301392518,CPG,SSPG,0.11488960715487041,0.33803893022531606,0.20293981095194535,-1.1056498161955257,1,-1.2102343293629296,817.5,2.9,31.7
0.19735231340203657,0.3427457741987031,U8,MN8014,12.661978463643434,4.21840225563743,CPG,SSPG,0.11066770680523225,0.3382771464478558,0.20682993516665754,-1.1281899397502406,1,-1.2093577826241493,837.3,2.9,31.9
0.19633016366336498,0.34514867423884765,U8,MN8014,12.49956088918125,4.422379612561367,CPG,SSPG,0.11358624000374788,0.3424062751053086,0.2013273547492951,-1.054285456994689,7,-1.276303504278136,809.1,2.9,32.1
0.19428961204405878,0.34051980528062264,U8,MN8014,12.446570899051506,4.198524913786426,CPG,SSPG,0.11509557597671567,0.34126226233067664,0.2018211046695645,-1.090173042408583,6,-1.2415051161185122,848.0,3.0,32.7
0.19292434871921227,0.3459843077155175,U8,MN8014,13.079114830705933,4.364844256381445,CPG,SSPG,0.11275634055138378,0.3327952071877281,0.2003740131303478,-1.0714478395946498,4,-1.3016969644850942,870.1,3.1,32.4
0.1907465736155271,0.34254800151987036,U8,MN8014,13.34545354538544,4.2116908547034155,CPG,SSPG,0.11164526753173087,0.3385205464884013,0.20090377599689016,-1.108824338100272,1,-1.252022754153538,860.5,3.4,32.8
0.19638887706178615,0.3422948911834803,U8,MN8014,13.66149299400145,4.29987507726598,CPG,CPG,0.1109426051846411,0.34077649273301047,0.20000334369675232,-1.1071982623950296,2,-1.247875468866809,834.0,3.0,32.5
0.19210679616724424,0.34464826503784013,U8,MN8014,13.625344597330283,4.01399369964139,CPG,SSPG,0.10870687107860141,0.335286689835475,0.20050172633546903,-1.0564653840313518,5,-1.2511955187612003,849.2,2.7,32.2
0.19059706352005976,0.3408473739501521,U8,MN8014,13.41371714357424,4.02965339567278,CPG,SSPG,0.10956471928891776,0.336095941205787,0.2008868259815546,-1.1076501098053166,6,-1.2669575166026839,852.5,3.3,32.3
0.18948126528143272,0.34423474115543995,U8,MN8014,13.73179579636474,4.007591364512211,CPG,SSPG,0.10595087924133965,0.33241482273298734,0.20265276148268024,-1.1653089891893373,5,-1.2730110063530944,887.2,3.2,32.4
0.18582916080952191,0.34682021308266814,U8,MN8014,13.289218970690586,4.027677980504345,CPG,SSPG,0.10922866898915468,0.32873594305036136,0.20177230140814967,-1.1145904466837468,0,-1.3006832021195738,908.7,3.6,32.7
0.17928089227138908,0.3477160752523897,U8,MN8014,13.216041239002909,4.011625800266527,CPG,SSPG,0.11050852254755655,0.3302567437928952,0.20663820797431312,-1.0869230740337135,2,-1.2349561439217531,931.4,3.9,33.7
0.187676672019249,0.3460695522920108,U8,MN8014,13.678611996761108,4.00899367992344,CPG,SSPG,0.10732294156242425,0.3278823148449357,0.20420552098181805,-1.0364018433163096,4,-1.300291259667702,921.1,3.6,33.6
0.19499529546427352,0.3461753246439925,U8,MN8014,14.014295257668378,4.013390309565359,CPG,SSPG,0.10390059749705563,0.3306646648939538,0.20093299777819618,-1.0649158190385153,0,-1.268272245303173,893.0,3.3,32.9
0.19504588278983775,0.34531018451443146,U8,MN8014,13.823086596663183,4.007406660404554,CPG,SSPG,0.10633543411354524,0.32558426052957407,0.20026635736831538,-0.9999086115444517,0,-1.2579895810507882,884.9,3.3,33.6
0.19821884945381152,0.3451372820454174,U8,MN8014,14.252774534616677,4.017179987476878,CPG,SSPG,0.10368912159771514,0.3344517002134686,0.2053358432610939,-1.0285061304699474,5,-1.283408008366612,871.9,3.7,33.4
0.19930408099562472,0.3433310561409728,U8,MN8014,13.660583524394616,4.015521698172615,CPG,SSPG,0.10028142394002604,0.3351425211842742,0.20890449364857433,-1.0761180960103964,2,-1.248485305028531,853.0,3.3,31.4
0.2037514369979567,0.3464536282912745,U8,MN8014,14.309163553342037,4.039647186313972,CPG,SSPG,0.10000997054271331,0.34146256277711157,0.22002107633668205,-1.0403744033441482,2,-1.1755516327003157,870.6,3.6,34.1
0.202844986321079,0.34213150896266165,U8,MN8014,13.902912736748661,4.04034788017021,CPG,SSPG,0.10006503150020446,0.33110409268779845,0.2083133694553879,-1.0111206156117118,4,-1.2842557239343524,873.7,3.0,33.7
0.20622258149832265,0.3460334142410491,U8,MN8014,13.648945108992889,4.020129771518203,CPG,SSPG,0.10310347872893855,0.33615506022446157,0.20460391190985872,-1.0071291501174389,3,-1.2763944368189133,870.6,3.2,34.5
0.2078469929925419,0.3483951445110012,U8,MN8014,13.609674929261335,4.002020024274599,CPG,SSPG,0.10311980046748104,0.33624038976174164,0.2062666873621518,-1.046267906751911,7,-1.2708386656312438,841.2,3.2,32.6
0.20361869760400095,0.3465351115097263,U8,MN8014,13.468275382163556,4.011015172407375,CPG,SSPG,0.10235657532519046,0.3334970415284762,0.20416625326971474,-1.091153703528336,5,-1.2761237090031532,895.5,3.7,33.6
0.2011366013456951,0.3454301941361315,U8,MN8014,13.726413543551757,4.0096498325245395,CPG,SSPG,0.10434194061446198,0.3342652079143244,0.2060242243130129,-1.0370850714184359,1,-1.3124314408599638,894.3,3.4,34.1
0.20088600204815846,0.3439941860505365,U8,MN8014,13.195265948252091,4.000027144901928,CPG,SSPG,0.10591731845615947,0.3342504161261656,0.20272650249588198,-1.0492294095837758,7,-1.2989931314325833,870.3,3.4,33.4
0.20429408009956437,0.34387091730193753,U8,MN8014,13.726135364433368,4.003253100713683,CPG,SSPG,0.10687652390245309,0.33353051522260124,0.20064929934556225,-1.021047687302814,7,-1.3271740936991527,886.4,3.4,34.3
0.20339192530621558,0.34328037980070203,U8,MN8014,13.58715476456031,4.006691355417354,CPG,SSPG,0.10927717297362,0.3339227199109907,0.2008254411122988,-0.9984911315041306,0,-1.2974683824054765,868.3,3.1,35.3
0.2018302249570797,0.34275447648633917,U8,MN8014,13.520578652178353,4.002479535706883,CPG,SSPG,0.10972787481356486,0.3322423802873166,0.20228015787309195,-1.0126235128346583,5,-1.2768853011799823,908.9,3.4,35.3
0.20527679078847658,0.3440546693482742,U8,MN8014,13.660238878300328,4.0017318453580115,CPG,SSPG,0.11099123816213322,0.33549660021920147,0.20125255112614315,-1.0021973312649632,2,-1.3096768851975344,876.9,3.1,36.2
0.19934569070171548,0.3459544955698447,U8,MN8014,13.722281627056207,4.000453255675343,CPG,SSPG,0.11051551147957259,0.329600667638383,0.20073778069240214,-0.9907742385973144,2,-1.3392593949243192,901.5,3.4,35.6
0.19878966191954725,0.34725136489368214,U8,MN8014,13.744824216699707,4.024950408478374,CPG,SSPG,0.110906946619582,0.3353910713154549,0.20506409626144748,-0.9963150201636313,0,-1.313484205205203,897.0,3.6,36.0
0.20244424379591933,0.34575885490253633,U8,MN8014,13.673672169130333,4.000578666493294,CPG,SSPG,0.11228591084514056,0.3367976221892718,0.20643706450324165,-0.9565930098815543,6,-1.3000883907210508,888.4,3.3,36.4
0.20029448250106835,0.347464906721129,U8,MN8014,14.20292803397644,4.000065558763159,CPG,SSPG,0.11171571721005297,0.33697187661966743,0.2077587468287505,-1.0095878066693385,6,-1.3007009075497322,902.4,3.6,35.7
0.20100315028183727,0.34729189185006853,U8,MN8014,14.272875742083526,4.016260912758709,CPG,SSPG,0.11067008690037165,0.33730485292371365,0.2124599722211835,-0.9775496310255699,0,-1.2685949734385424,896.4,3.4,36.3
0.20032582835739338,0.3456514713058235,U8,MN8014,13.899664171911942,4.039784168134366,CPG,SSPG,0.10837764212365394,0.3338813206797251,0.20813541067724142,-0.9993284269172775,0,-1.3436311059874946,914.6,3.4,35.7
0.20204078785098856,0.34593005262899046,U8,MN8014,14.31228686943498,4.02125968884027,CPG,SSPG,0.11073886472223936,0.3335723591454155,0.20158047267394094,-1.0213010092217445,7,-1.3523616460420644,928.7,3.5,37.1
0.1985963823107065,0.3474115742781885,U8,MN8014,14.329100186355804,4.019601110156549,CPG,SSPG,0.11266419753895508,0.334045165226841,0.20040139486816422,-1.0125344607010591,5,-1.3803357223468424,941.1,3.7,37.3
0.20046470186281212,0.34698521922399017,U8,MN8014,13.68510407949645,4.017116915550814,CPG,SSPG,0.11230711110285646,0.33215588975324406,0.20004890812287507,-1.007711114667958,5,-1.3190615235863223,919.6,3.3,36.7
0.2002094822898931,0.34374249469238544,U8,MN8014,13.925357365576767,4.004015677246692,CPG,SSPG,0.11171939523740973,0.3247772893363368,0.20291842314057557,-1.0230963997834994,4,-1.3560907012172905,935.8,3.1,36.1
0.20289679947864867,0.34272985795430594,U8,MN8014,13.995229231977184,4.000207305032209,CPG,SSPG,0.10830859811230052,0.33144697409546714,0.2039260191107075,-1.0107329987295102,7,-1.3243503481554306,918.0,2.9,36.3
0.1960527292328484,0.3446815993990822,U8,MN8014,14.116130697213999,4.022247289886039,CPG,SSPG,0.10971656656115264,0.3268412871532898,0.20193402080469738,-1.0351183324385806,5,-1.3336191196487786,967.3,3.1,37.0
0.20439764365060348,0.34691978538608753,U8,MN8014,14.053974805386702,4.000588561680848,CPG,SSPG,0.1098557167489953,0.3309668515760672,0.20388393752083586,-0.9994319931653103,4,-1.2919054852529577,899.7,2.9,35.3
0.19525838036138848,0.34586907210333684,U8,MN8014,14.492345507288395,4.029650260340935,CPG,SSPG,0.11139379055914632,0.3301697849678324,0.20410399299109833,-1.021215762799415,0,-1.3415034491977096,956.5,3.6,37.0
0.19930263098344275,0.3481360596688161,U8,MN8014,14.218223451230228,4.006914460116468,CPG,SSPG,0.10658791809441565,0.3305242610803276,0.20445424914011587,-1.012038569881317,5,-1.3540430654964162,944.0,3.0,36.3
0.1976465351616108,0.34617968201273885,U8,MN8014,13.95507472480829,4.048925876531743,CPG,SSPG,0.10118462523768537,0.3308275796698347,0.2055053010192488,-1.0547430243568685,6,-1.296576304798668,947.9,3.4,35.9
0.19687658823899123,0.3495025010383549,U8,MN8014,14.052746149835977,4.025822030276199,CPG,SSPG,0.10017291891696456,0.33096462592518866,0.20008438475911622,-1.073438436083908,0,-1.3280288999191132,961.8,3.5,35.7
0.19929118899874365,0.34720852748082676,U8,MN8014,13.610303007990357,4.03218647480086,CPG,SSPG,0.10240321544572788,0.3315570914100182,0.20269196491748145,-1.0520490986606141,6,-1.3305890783248326,940.8,3.4,36.0
0.19432594632097355,0.3476211747284391,U8,MN8014,13.668930568059183,4.16727973699221,CPG,SSPG,0.09839931663309956,0.32833105778658284,0.2008408160503524,-1.0332360352758394,5,-1.3598913312866596,959.6,3.4,36.2
0.18890377002185305,0.3486937205119223,U8,MN8014,14.141707786050596,4.001242192237802,CPG,SSPG,0.10312987223323539,0.3284794498894431,0.20054035960753416,-1.0101217426370588,4,-1.2885074265967305,978.9,4.0,37.4
0.19145996995258252,0.3452680533525739,U8,MN8014,14.46020518664585,4.000009735606474,CPG,SSPG,0.09764798753267917,0.3249673960921325,0.20078963001686922,-1.0498243217729963,6,-1.380716649533026,965.1,3.8,36.0
0.19473567493091987,0.34630249845498284,U8,MN8014,14.307330786699547,4.026221728277308,CPG,SSPG,0.09348854532875606,0.3261962883061374,0.20026307257996762,-1.089219158521301,1,-1.3917991799458704,981.8,3.8,35.9
0.2013374481692982,0.34712189246988306,U8,MN8014,15.063513129476187,4.00069469277803,CPG,SSPG,0.09693591966899541,0.335592483054447,0.2008044744826796,-1.076508796774621,4,-1.3553452037737106,980.6,3.8,37.9
0.19158848941953574,0.34542259524370567,U8,MN8014,13.70809317880197,4.002124433706711,CPG,SSPG,0.09977797056170135,0.3322268290639136,0.20072207904132572,-1.073689481244944,0,-1.360619474482755,987.0,4.0,37.3
0.19827432571574988,0.3419320281888326,U8,MN8014,14.54741935374765,4.006378694872805,CPG,SSPG,0.10209616728267698,0.3317871951864249,0.20089789288737642,-1.0377083481266407,6,-1.407620696868067,984.6,3.5,38.2
0.19875257000524993,0.3416711758721612,U8,MN8014,14.87272135717212,4.000410604178785,CPG,SSPG,0.10210449829150252,0.33058237746569136,0.20182876247068413,-0.9892266684575908,1,-1.3547623134982327,978.5,3.7,37.6
0.1960660072573723,0.34147110841018735,U8,MN8014,15.035984412902986,4.005597809278509,CPG,SSPG,0.10551999741994565,0.33692717190600174,0.20027070551395196,-1.0094768962883989,5,-1.349605352245808,984.2,3.7,39.1
0.2016750511007322,0.341946899137215,U8,MN8014,16.076283536956524,4.006031505026114,WPG,SSPG,0.0983837031176964,0.33620007561712406,0.20008844628978326,-1.0064634765273004,3,-1.4540853432639036,991.8,3.5,40.0
0.19833970942823959,0.33690795535640305,U8,MN8014,15.316147982325457,4.0048305961972925,CPG,SSPG,0.10097502311355487,0.3303340504104666,0.20014499892461476,-1.0678984973383772,2,-1.3585293902130182,994.5,3.1,38.9
0.20083336756287354,0.33214598457117483,U8,MN8014,15.539038625777993,4.033914817389257,CPG,SSPG,0.10046831952761556,0.33362754499481956,0.20011462062854557,-1.0514591745159214,3,-1.3383594039365754,993.1,3.1,40.3
0.19406684718158257,0.33367718906997307,U8,MN8014,14.907665855380959,4.0062038831979585,CPG,SSPG,0.109830827081264,0.33663085980253743,0.2001212653544481,-1.034754549311602,1,-1.3934799820821215,978.3,3.0,40.2
0.19510719374029772,0.33486444971533774,U8,MN8014,14.520720152442234,4.001610888055566,CPG,SSPG,0.10456578805660625,0.3415637359191137,0.20269310613363775,-1.110246045029084,2,-1.3415153810522256,949.8,3.0,37.9
0.19839799086283222,0.32991421258966985,U8,MN8014,14.983511831115022,4.000816327670799,CPG,SSPG,0.1067824962160919,0.33924681485918073,0.2000390777254519,-1.052478908612778,3,-1.3614397365531072,963.1,2.8,39.0
0.19848960237981672,0.33180347638161556,U8,MN8014,15.176976925752445,4.030667034498226,WPG,SSPG,0.10696261902481105,0.3319144051915627,0.2034910130234499,-1.029899319893112,6,-1.322959214816624,963.4,2.6,38.7
0.20160586175794548,0.3385767402837083,U8,MN8014,15.167835477475291,4.002212746364601,WPG,SSPG,0.1062580476601824,0.33495014561189035,0.2000705806310584,-1.0151699486619568,6,-1.3328244645212877,969.8,3.0,38.7
0.19556093373642708,0.3343377189623053,U8,MN8014,14.920474510850681,4.001482849922725,CPG,SSPG,0.10355347534888414,0.33632700478083405,0.20000404988716153,-1.05699987841228,1,-1.3659014034391372,971.4,3.0,38.2
0.1989868984690717,0.33363944250635186,U8,MN8014,15.211859156503316,4.007907706570478,WPG,SSPG,0.10332932040389625,0.32914379125566695,0.20149799427713092,-1.0467295456738823,4,-1.3736338796091054,983.2,3.0,38.2
0.2014667819119124,0.33348217422194126,U8,MN8014,15.247188538043332,4.000793584694188,WPG,SSPG,0.10310699739099208,0.33178304143550386,0.20003842359003499,-1.0857032905214454,6,-1.3568357811212834,979.8,2.7,38.3
0.20100564239063234,0.3291573078878366,U8,MN8014,15.176218418760142,4.0381988112971925,WPG,SSPG,0.10552492491624088,0.33693058973641865,0.20028890683413314,-1.071212920886925,3,-1.3559700638701404,963.3,2.8,38.1
0.20375797839425597,0.3335795288925092,U8,MN8014,15.643080259326005,4.0193756860151835,CPG,SSPG,0.10513491462285278,0.3338522044993311,0.20004070205680385,-1.0527984995778628,7,-1.3637133455760768,969.7,2.9,38.2
0.20508305244366892,0.33006132097327245,U8,MN8014,15.028745938173461,4.005276271432997,CPG,SSPG,0.10321772800917997,0.32862956166562346,0.20061456807507577,-1.0582570225774064,2,-1.3634275183783675,976.9,2.6,37.8
0.20069278537777743,0.33216077634920116,U8,MN8014,15.107598566255232,4.004671295133149,CPG,SSPG,0.10493770943576894,0.3299401140373195,0.20027185687360552,-1.0374967332778269,3,-1.3901698849524777,983.2,2.8,38.0
0.20304174478844203,0.3354408889447284,U8,MN8014,14.996571600329558,4.002504562892663,CPG,SSPG,0.10501729602798308,0.33000896882776354,0.20059099281502404,-1.0043095020458135,5,-1.3930859658507284,968.4,2.7,37.8
0.19645530505163974,0.33377827354796386,U8,MN8014,14.902763440317093,4.010418518738612,CPG,SSPG,0.10652375923359583,0.32738885562050074,0.20060640675818245,-1.0062728012879631,4,-1.396357525102756,987.6,2.7,38.1
0.1992941895195864,0.33259900829753014,U8,MN8014,15.151054340887635,4.038353222449222,WPG,SSPG,0.11079183102725418,0.32678209853872353,0.20226664865534205,-0.974918917430193,5,-1.3763753587757979,982.4,2.4,38.7
0.19643342903037628,0.33439841433995016,U8,MN8014,15.223633462843663,4.01472881590906,WPG,SSPG,0.10673712377300784,0.3287125102879457,0.20030040131639265,-1.0007403821495313,5,-1.37604808962476,980.1,2.6,38.8
0.1990699570019587,0.3359047490626423,U8,MN8014,15.477436667141745,4.001135704000743,CPG,SSPG,0.10808803879838186,0.32770394063975167,0.20082347461125977,-1.0026956554746382,7,-1.3716774846406796,989.4,2.5,39.2
0.19808104317297565,0.3350401543640569,U8,MN8014,15.27728085752047,4.0103627818182925,CPG,SSPG,0.10765014264594479,0.33073461927474845,0.20000126404107843,-1.0397497212952325,5,-1.383970416680052,990.9,2.7,39.1
0.1959489696164904,0.3372014957173466,U8,MN8014,15.30660061615727,4.017572845057719,CPG,SSPG,0.1104000300266588,0.3340450529979042,0.20111099793652942,-1.0248233942288176,3,-1.349349159087275,988.3,3.0,39.4
0.19959529191158473,0.3340514806333022,U8,MN8014,14.943894482097079,4.030960144055593,CPG,SSPG,0.10885496324904881,0.333109198535501,0.20001181547553754,-1.050034723146519,3,-1.363920176921516,966.7,2.5,37.9
0.2012344192326062,0.32884185294464313,U8,MN8014,15.15870001910594,4.019451449521723,WPG,SSPG,0.10977233330203526,0.3329786919653952,0.20021305779694235,-1.0300550405714015,3,-1.3940225448962753,971.5,2.1,38.5
0.20125019984630288,0.3258960817587494,U8,MN8014,15.519830023534151,4.036039889876604,CPG,SSPG,0.10888444321452162,0.3336136928424435,0.20002193726258297,-1.0163244151493078,6,-1.3470283304181958,968.0,2.1,38.4
0.2014097779633509,0.33129237574979997,U8,MN8014,15.13418479190743,4.016617744828831,CPG,SSPG,0.10642972566001735,0.3329892295262027,0.20002413169622563,-1.037734679160332,1,-1.370966910627308,973.9,2.4,38.1
0.20216924818337795,0.3284776527824036,U8,MN8014,15.181637129450467,4.0048563657736596,WPG,SSPG,0.10654849412296916,0.3346542073445111,0.20250099552793374,-1.0271888896455539,6,-1.3591359774737342,959.0,1.8,37.7
0.20207413463101842,0.3237228955469895,U8,MN8014,15.638575467081916,4.02334286817194,CPG,SSPG,0.1079672815957245,0.3384141166104802,0.20049162907957438,-1.0499378482887685,2,-1.3604209609875682,954.8,2.0,38.6
0.20409147465206467,0.32332813898686685,U8,MN8014,15.443482317062566,4.022299266683715,CPG,SSPG,0.10703045303617334,0.3312263524073929,0.20200734868567613,-1.0509583345345985,7,-1.2927724861593841,952.5,2.0,37.7
0.19808413989055879,0.32732120205573334,U8,MN8014,15.345862872364567,4.0488742437777345,CPG,SSPG,0.10443330841795725,0.33110086959327717,0.20011343253130567,-1.0658809241826184,2,-1.3863929645066264,977.7,2.0,37.7
0.20166488108959876,0.32633503406924935,U8,MN8014,15.624806834984128,4.005176283429855,CPG,SSPG,0.10887413500303292,0.3285972300621176,0.20037163627173846,-1.0235253050644648,5,-1.389684732833194,971.7,2.1,37.6
0.20644442941627023,0.32458333390692484,U8,MN8014,16.059123808600372,4.007837179738337,WPG,SSPG,0.10728287086077037,0.3299626620683174,0.20108432090239112,-0.9711083063089918,0,-1.4130916980913604,942.8,1.5,37.9
0.20144166413713294,0.3248590800139675,U8,MN8014,16.08645994905218,4.002083433021336,WPG,SSPG,0.10970399525229207,0.33047865358819617,0.20029919171514016,-0.9738228596733939,7,-1.4435262176208887,970.9,2.0,38.8
0.2004749265891122,0.32671311530883407,U8,MN8014,16.116814367746848,4.000020656171168,WPG,SSPG,0.10980994017240125,0.32782965229111355,0.2003577303938969,-0.9711585399021624,4,-1.4993021287475994,987.7,2.3,39.8
0.1980860213507692,0.32820119306451395,U8,MN8014,16.243166754619615,4.0035949323660756,WPG,SSPG,0.11398057617297687,0.3324821887291362,0.20000235194072483,-0.9814496724069777,7,-1.4362222213626517,997.0,2.5,42.0
0.20182127968909724,0.328123971503687,U8,MN8014,16.14556533429812,4.000029774364757,WPG,SSPG,0.11126465240386935,0.33322976878336796,0.2017488727325547,-0.9806089187795988,4,-1.4959025782639088,995.1,2.6,41.9
0.19914559310689894,0.3307887402241881,U8,MN8014,16.059561768352587,4.016359111425897,WPG,SSPG,0.1113209266034493,0.328197463435001,0.20045386248379013,-0.9907770722247167,1,-1.4561237939806428,999.9,2.8,41.5
0.20059083818368315,0.32875823227803364,U8,MN8014,16.536702398911004,4.0024602655803285,CPG,SSPG,0.10985309766168988,0.3302735081463332,0.20005319502351365,-1.0145487441277896,0,-1.3287419052754483,999.0,2.9,40.6
0.20270031731105623,0.32595183496333513,U8,MN8014,17.036669861160007,4.008557756845275,WPG,SSPG,0.10930447214968736,0.33390643020794086,0.2004772217065919,-1.0116301100634644,1,-1.3545780504323197,999.8,2.7,42.2
0.21010533274654178,0.3221601203200429,U8,MN8014,17.369104666873273,4.000056607655601,WPG,SSPG,0.10902009566110314,0.33471477007388145,0.20000219148036655,-1.0188987458397754,6,-1.4150186105521474,994.7,2.2,40.9
0.2119078649490993,0.3228904300203051,U8,MN8014,17.505857051852583,4.029958831981496,WPG,SSPG,0.10579507809733361,0.33079794558679027,0.20088413874480382,-0.9932943006582933,2,-1.4460606326413483,999.9,2.5,41.4
0.21151595762922348,0.32385792252532386,U8,MN8014,17.788693268874432,4.035171031603117,WPG,SSPG,0.10519675033472708,0.3367002043153444,0.20071814849144617,-1.0385833869707306,3,-1.3876496237558058,999.9,2.3,41.2
0.21111449507137314,0.319487814506017,U8,MN8014,17.45616667230332,4.035789640258845,WPG,SSPG,0.10267459856985738,0.33247166105940557,0.202457310692102,-1.0181355715708418,3,-1.4216243572245233,996.5,2.1,40.3
0.21283541967164749,0.3305466120207242,U8,MN8014,16.9717851848592,4.00206308228396,WPG,SSPG,0.1032024889153576,0.33377898666046973,0.20024694503233464,-1.004076899945742,1,-1.4345044220244851,997.8,2.4,40.4
0.2120077273829572,0.32904564459066776,U8,MN8014,16.223188079018815,4.011645352480902,WPG,SSPG,0.1024001449631278,0.3264986355983541,0.2005899650197874,-0.9652211070699144,6,-1.4574279095243803,979.1,1.9,37.3
0.2057163953085147,0.3277464193986569,U8,MN8014,16.862632092876858,4.004732254453486,WPG,SSPG,0.10560000023849289,0.3273320374566723,0.20009481012761474,-0.9501092087580354,7,-1.3523131604526775,995.5,2.5,39.4
0.20723649764051286,0.33437124348186115,U8,MN8014,16.232614764528563,4.012128899701559,WPG,SSPG,0.1047361349365164,0.3308192866166071,0.2017004762087672,-0.9829946614623528,6,-1.478006531562615,994.6,2.9,39.3
0.20887299044695698,0.33101100210007744,U8,MN8014,16.211256704159496,4.00008417860789,WPG,SSPG,0.1095822345705727,0.33344720825050966,0.20000072684554876,-0.9768046909179295,6,-1.5029534855977076,999.8,2.7,41.2
0.20816637257003648,0.3320438953075695,U8,MN8014,16.072370142607213,4.001231644254279,WPG,SSPG,0.1063938051464443,0.33106972393585943,0.2010892943253267,-1.0082660821107883,2,-1.493394569632084,999.6,2.5,40.5
0.209750236589843,0.3333945606392795,U8,MN8014,15.998917802233459,4.000576160298776,CPG,SSPG,0.10769037331450565,0.33286815763183153,0.20389228375054094,-1.0177478475618904,0,-1.3626946032393246,994.7,2.7,40.4
0.20753833529221272,0.33657095074823484,U8,MN8014,16.245377027661448,4.000077970196172,WPG,SSPG,0.10583831822459439,0.3295678841298871,0.2015903748809355,-1.0397524608338515,0,-1.54753567518852,997.8,2.6,38.7
0.2059607097394084,0.3321170132439339,U8,MN8014,16.085689657812644,4.009503872577928,WPG,SSPG,0.10687372322708763,0.33289631544164966,0.20000015071129154,-1.029169252890292,7,-1.4629899216995383,995.4,2.6,39.0
0.20929162746701663,0.33228835677944935,U8,MN8014,16.053087664051453,4.048799055329223,WPG,SSPG,0.10561082479346617,0.33344726537523584,0.20016688806029417,-1.046753670242559,0,-1.449331718952605,982.6,2.3,38.3
0.212507257333455,0.3303600273666299,U8,MN8014,16.24223022529936,4.000187291051809,WPG,SSPG,0.10791786416109422,0.33174229267284994,0.20033830559904856,-1.0057593892259642,7,-1.5151791403226724,996.7,2.4,39.5
0.21405801518500212,0.3298320346164927,U8,MN8014,16.148137491300297,4.006418798872759,WPG,SSPG,0.10654126562370128,0.3316139017690237,0.2010423960608601,-1.0027556981691146,4,-1.4343655975235095,992.7,2.2,38.7
0.21607030442217723,0.3257915653338152,U8,MN8014,16.231285122817898,4.005201459189317,WPG,SSPG,0.1029244715574053,0.330530313992481,0.2014208022882146,-1.0356478649214254,5,-1.4567696841922881,992.6,2.0,38.5
0.21930727646844247,0.3302097119541456,U8,MN8014,16.245047212873345,4.002934600222984,WPG,SSPG,0.10297222813870407,0.33133139856392985,0.20250805932615598,-0.9919251555885876,5,-1.458297021487569,992.3,2.5,38.5
0.21337896225169134,0.3291388522370289,U8,MN8014,16.16865473934697,4.004689148341942,WPG,SSPG,0.10235443864212165,0.32901636713373256,0.2017146390953557,-1.0065865615520024,7,-1.4982077572247654,980.4,2.2,37.4
0.2151131515879417,0.3247331872905702,U8,MN8014,16.11249689185752,4.005228093308552,WPG,SSPG,0.10141725295912998,0.33412258254922966,0.20000143244280771,-1.0252984690766014,1,-1.4362163972627169,970.2,1.9,37.1
0.21634751612163353,0.3239995251045982,U8,MN8014,16.18064395161589,4.0011048612008615,WPG,SSPG,0.1042635465327924,0.3320668467401487,0.200213157108738,-0.9934635229410763,0,-1.5111812233203654,967.7,1.9,37.9
0.21361642297016276,0.32899313142891745,U8,MN8014,16.23137286364522,4.00951870606241,WPG,SSPG,0.10360554015170137,0.3351928839904688,0.2000003488513939,-0.9915835339532827,6,-1.4065928038473317,971.3,2.3,37.9
0.2114613323473394,0.33180654134851834,U8,MN8014,16.231710137669555,4.007844176499021,WPG,SSPG,0.10467359576516494,0.3299177714707372,0.20002372691047818,-0.9860228926762761,3,-1.4517147824030303,990.1,2.5,38.4
0.21176003148464834,0.32519024749960473,U8,MN8014,16.18358888841945,4.0003787831326045,WPG,SSPG,0.10369334046311993,0.33164003202040804,0.20171429597423554,-0.9974028258983952,0,-1.4432231432676605,988.2,2.2,37.7
0.21214759993596882,0.32526067219442045,U8,MN8014,16.133973590033474,4.001145785671002,WPG,SSPG,0.10062513520241984,0.3339274081359066,0.20002467008432892,-1.039347921152474,6,-1.485310263024063,982.0,2.3,37.2
0.2140856205010869,0.32737132591615736,U8,MN8014,16.111218475847117,4.0184695917774045,WPG,SSPG,0.10125917919898196,0.3358441851514452,0.20069082245099412,-1.0476185479506643,3,-1.403593224966066,978.5,2.4,37.4
0.21249660200728163,0.32977850274529574,U8,MN8014,16.217636993551153,4.0084873550520115,WPG,SSPG,0.10345748593238843,0.3355434325941234,0.2001726327864155,-1.0478345196760768,4,-1.4755041102028095,983.0,2.6,37.6
0.21148522676686066,0.3318919419551695,U8,MN8014,16.16733168600173,4.030652261868203,WPG,SSPG,0.10652972324568048,0.33441171526904073,0.20000005109139424,-0.9816120803235723,2,-1.3748465391460396,979.7,2.6,38.2
0.21048248180404994,0.33111302088286926,U8,MN8014,16.177065256705355,4.000706446057512,WPG,SSPG,0.10729232411988586,0.3316272034194363,0.2000055184638799,-0.9874763647871689,5,-1.493722558308832,994.8,2.8,39.4
0.21238037407616892,0.3331148143919911,U8,MN8014,16.078436583251953,4.010224057611497,WPG,SSPG,0.10645323199931714,0.3324098806420733,0.20076560941770386,-1.0084880481407148,3,-1.4996207170610756,995.3,2.8,39.4
0.21152186022943595,0.3305684999894283,U8,MN8014,16.10110232490552,4.003286882448494,WPG,SSPG,0.10427681643886821,0.3304413211280425,0.2001314545217214,-1.0171912187142533,4,-1.4962429949218503,996.4,2.7,38.8
0.21061713115343544,0.33312006573492725,U8,MN8014,16.154697582087056,4.012052426167041,WPG,SSPG,0.10628401189692246,0.33070089685402015,0.2005820311884337,-1.0071361242937922,6,-1.5227749848367687,991.3,2.7,38.7
0.21014864519841886,0.3308200691852644,U8,MN8014,16.23089610217348,4.001375443681785,WPG,SSPG,0.1030143065114772,0.3284503837923963,0.20000206582827504,-1.029478872903042,0,-1.5274223399759492,996.6,2.7,38.0
0.21084350611298813,0.3331964577784439,U8,MN8014,16.218064289204655,4.00036366537747,WPG,SSPG,0.10434281159671585,0.3293329378549634,0.20010462897524148,-1.023993902486758,2,-1.5356294776057418,995.9,2.8,37.9
0.20783230738415948,0.3303772717049729,U8,MN8014,16.134418226595074,4.000784947843303,WPG,SSPG,0.10363994267255261,0.3272301538204676,0.20008554022098132,-1.020697446887726,6,-1.4947821448789629,992.5,2.7,37.3
0.2054561248552837,0.3327037685265252,U8,MN8014,16.248012062799553,4.008764465956379,WPG,SSPG,0.10495089462596056,0.3231451870230815,0.2005746850210858,-1.0063119853284175,7,-1.4305700243852844,997.4,2.9,37.3
0.20277177363804252,0.33164581775824264,U8,MN8014,16.194370239509496,4.001025728552657,WPG,SSPG,0.10265192760150824,0.32496840592956056,0.20051046262716643,-1.0352151151856974,4,-1.5393954675537191,994.5,2.8,36.5
0.20534117449829273,0.33018826375686006,U8,MN8014,16.053271451426298,4.005587060921992,WPG,SSPG,0.0993940792854312,0.32232507831743457,0.20074639819691353,-1.044432383733834,5,-1.4424379407477232,996.8,2.7,35.8
0.20413028113321963,0.3321551759192483,U8,MN8014,16.13299788030494,4.007476526490665,WPG,SSPG,0.09999319766138792,0.32679731160796543,0.2002186050670445,-1.0413400258529943,1,-1.4639002549284896,993.0,2.8,35.8
0.20844245146830792,0.32801698650370426,U8,MN8014,16.119776079370475,4.0319466436144396,WPG,SSPG,0.09728224159682594,0.3231990503908446,0.20046837221554234,-1.040143341392712,0,-1.4895510800766996,990.3,2.4,35.3
0.204867263243028,0.3292409629610367,U8,MN8014,16.233048744333956,4.014210836263425,WPG,SSPG,0.09795976982162835,0.3188985809268278,0.20072532372884638,-1.05923033266831,3,-1.4774536100369335,996.9,2.6,34.8
0.20264506580552655,0.328013807585263,U8,MN8014,16.17504683213123,4.012663225690668,WPG,SSPG,0.09669954292732802,0.3154305141980378,0.2014143189526972,-1.0581613212367151,4,-1.4418385930030784,991.3,2.5,33.5
0.20544120049370912,0.33075320386354284,U8,MN8014,16.10017601401004,4.017655517360552,WPG,SSPG,0.10027320992395294,0.3193295613155049,0.200097456381089,-1.0379333749068191,1,-1.380866576393796,993.5,2.5,35.1
0.20820125234061562,0.3313552105197481,U8,MN8014,16.14351149230263,4.000440854137008,WPG,SSPG,0.09995335422649379,0.3206106704877423,0.20001398210246019,-1.0254912894796844,3,-1.4028189074509498,997.1,2.6,35.6
0.20401746257610187,0.3309123093311354,U8,MN8014,16.142313102580385,4.002024528459092,WPG,SSPG,0.1001025656211577,0.32289745665478803,0.20002065307519565,-1.0544192856232013,1,-1.4778391174936072,994.8,2.7,35.2
0.20296220743011975,0.3308306918693005,U8,MN8014,15.918242400659594,4.000268134543807,CPG,SSPG,0.09967558480808733,0.32039266432157704,0.200083112339764,-1.044447181617564,6,-1.3662202483348178,996.0,2.6,34.9
0.202786489168482,0.3334636186708936,U8,MN8014,16.179680062427316,4.00033567508076,WPG,SSPG,0.10005900840991366,0.32320139745643,0.20054086733915605,-1.0458211032508307,5,-1.5408761194939373,998.9,2.8,36.3
0.2026481015240355,0.3307879477706217,U8,MN8014,16.114704939863863,4.000423695290262,WPG,SSPG,0.09737431547798478,0.320642907415598,0.200650631812639,-1.0474651434778082,7,-1.4958565266985993,997.3,2.4,35.0
0.20019341156094958,0.3330063863759867,U8,MN8014,16.090366389914603,4.00085270310044,WPG,SSPG,0.09934688768227001,0.3169347760797138,0.20175426842116234,-1.016897482308984,3,-1.43566270317182,997.6,2.6,34.9
0.20291851467741162,0.33166025117293335,U8,MN8014,16.198739496344924,4.008186206648146,WPG,SSPG,0.10062407986276198,0.3188350470364852,0.20073590355383986,-1.025655591263206,1,-1.504687326782502,998.6,2.4,35.6
0.20248739212292044,0.3325198896155054,U8,MN8014,16.192062901943263,4.000473098185231,WPG,SSPG,0.09935705880209834,0.3227415496086886,0.200014181280296,-1.056935027682883,1,-1.5106405729031174,995.2,2.5,34.7
0.200573840681938,0.3328234530501111,U8,MN8014,16.203715990647368,4.000218802073051,WPG,SSPG,0.09874728994976673,0.3211806565297841,0.20007056660724012,-1.0415655588173351,0,-1.5056846901159897,995.4,2.4,34.7
0.19984382252822683,0.33392261445935195,U8,MN8014,15.847902276301891,4.002995796939461,CPG,SSPG,0.09936433232801994,0.31874232144331,0.20061622812741056,-1.0422635901748898,0,-1.3582220288061677,997.7,2.5,34.6
0.20093438699711702,0.33442182612945526,U8,MN8014,16.107465020960483,4.00647483467749,WPG,SSPG,0.10022895464083448,0.3222080424455399,0.200080754462253,-1.0295895092398013,0,-1.4718396564056544,998.8,2.5,35.9
0.20149775112084714,0.3316762656871556,U8,MN8014,16.10969951652576,4.004742675641955,WPG,SSPG,0.09996868906548678,0.32136065804773534,0.2001614174924898,-1.0365895240679062,3,-1.4604368760537767,998.1,2.4,35.8
0.20307383992495562,0.3346543640980047,U8,MN8014,16.246477262533315,4.001215674073861,WPG,SSPG,0.10204474924581772,0.319909272350588,0.20002389412260024,-1.012295994993961,7,-1.521149133201595,999.9,2.5,36.3
0.20147538531764198,0.334145466108371,U8,MN8014,16.22726675741515,4.001270849271047,WPG,SSPG,0.10093082951481566,0.3186610967918401,0.20016970169715984,-1.01406840028264,3,-1.5185956994972756,999.9,2.6,35.8
0.20044964625389272,0.33414361415459803,U8,MN8014,16.234471781598064,4.00004026646905,WPG,SSPG,0.10191536751239988,0.32048342547549685,0.20035767600440377,-1.0193684214250045,0,-1.4929413373056786,999.8,2.7,35.9
0.20388302970608602,0.3333988395738261,U8,MN8014,16.238104013056912,4.003465002119387,WPG,SSPG,0.10217114523929487,0.3211004297684252,0.20079592985067898,-1.0088975694017006,5,-1.517924660279725,999.9,2.6,36.5
0.2016068630821279,0.3320311283767885,U8,MN8014,16.17202851797927,4.00038269156143,WPG,SSPG,0.10065565456809998,0.3196993092320959,0.20058751623904322,-1.0205182907846035,7,-1.5068901717641374,999.6,2.5,35.7
0.20321586572280195,0.33426818748530956,U8,MN8014,16.201150941187663,4.00000083541587,WPG,SSPG,0.10061074250394672,0.322393648372054,0.20015109468846934,-1.024116176395633,6,-1.5168009601692898,999.7,2.8,36.1
0.20369086693224156,0.3326918406301178,U8,MN8014,16.16888464968548,4.002688879746353,WPG,SSPG,0.09940116521412144,0.320616776890192,0.20013628910287232,-1.0255887552490717,4,-1.5396697727684021,999.7,2.6,35.5
0.20162374075706535,0.3316718628452108,U8,MN8014,16.17847959153171,4.0008381685669505,WPG,SSPG,0.09775349839566444,0.3179364886347327,0.2000127122497499,-1.0287729603291251,0,-1.5309297963199455,1000.0,2.8,35.2
0.20229886657097806,0.33125874095313645,U8,MN8014,16.242435210514536,4.000288522273796,WPG,SSPG,0.09816401181655593,0.32008230877446914,0.20036355564832087,-1.0365092538067644,2,-1.494200547101931,999.7,2.8,35.8
0.20383953531684207,0.3310166315232219,U8,MN8014,16.162113255401636,4.001077878323723,WPG,SSPG,0.09767622836834303,0.3208052250735045,0.201652899646224,-1.042927910838248,3,-1.5384878293170292,998.5,2.8,35.1
0.20228650120616765,0.33294802707457494,U8,MN8014,16.21625050751026,4.000592206529339,WPG,SSPG,0.09912901463702979,0.319848123127611,0.20096431750657984,-1.0290466938318321,0,-1.5045148530186019,999.9,2.8,35.5
0.20272003156283316,0.33205881504911505,U8,MN8014,16.217894410484128,4.00012001920282,WPG,SSPG,0.09786187533369267,0.31938463113555154,0.20150192496535246,-1.03994398362626,4,-1.5205855617719877,999.6,2.9,35.2
0.20280476735288652,0.33267062477601406,U8,MN8014,16.236256046256155,4.005572945734927,WPG,SSPG,0.09974185521980852,0.3193996040579776,0.20042937222594487,-1.0316185465416023,2,-1.5296990549926406,999.1,2.9,35.3
0.2036936863220909,0.3298882934291709,U8,MN8014,16.211384931221662,4.003546215858628,WPG,SSPG,0.10008554320529803,0.3197754422587138,0.20046508204574004,-1.026097457347246,2,-1.52801941186096,998.8,2.7,35.5
0.2036096700226582,0.32973940412300706,U8,MN8014,16.24418352356412,4.006443297657796,WPG,SSPG,0.1000453039105377,0.320051215894981,0.20049232192984698,-1.0213451485596825,0,-1.5319172962792642,999.3,2.7,35.6
0.20280134562430852,0.32948486587238374,U8,MN8014,16.205712105554944,4.001535481803809,WPG,SSPG,0.10127180021854253,0.31967518742592366,0.20031720230356068,-1.0221518679163362,5,-1.52877855005541,997.5,2.7,35.4
0.20303419343348517,0.3292780365204489,U8,MN8014,16.170909517413403,4.000001160150106,WPG,SSPG,0.09929544755016402,0.31984527735180035,0.20068737383058527,-1.0410462666265863,5,-1.5254308765080822,997.8,2.7,35.1
0.2038654405191505,0.3300978447544093,U8,MN8014,16.061271386959973,4.006769475533199,WPG,SSPG,0.09892406506218158,0.3223921417674657,0.20130796191947634,-1.0455710790247117,0,-1.508003338141945,995.9,2.7,35.3
0.20303815843497142,0.3274616672042215,U8,MN8014,16.205791840771745,4.005253621622835,WPG,SSPG,0.09908102198611568,0.32519852396748133,0.2015550191149341,-1.0567781733423138,0,-1.544191490109709,996.6,2.7,35.6
0.20527320297735793,0.32802986019666225,U8,MN8014,16.16395829360173,4.023620970301341,WPG,SSPG,0.09631734597972674,0.3262353707148811,0.20140015587664448,-1.0663648931716467,7,-1.517006996845339,994.8,2.7,35.1
0.20328264295883483,0.3287585419617231,U8,MN8014,16.246748257640427,4.009266532917321,WPG,SSPG,0.09618041427687749,0.32326033597827325,0.2006101152269622,-1.0619762935997996,7,-1.5081309142655517,995.6,2.6,34.6
0.20231628343488,0.32995308421343744,U8,MN8014,16.170077139084803,4.012140110919444,WPG,SSPG,0.09668756390583408,0.3219804618182478,0.2003014977190854,-1.051538166190301,4,-1.50582231298152,994.9,2.8,34.6
0.20316005426843575,0.3313709217041813,U8,MN8014,16.108557958350158,4.009055709527849,WPG,SSPG,0.09671363069712208,0.3240283129203883,0.20035722912974221,-1.0500182358736474,2,-1.5006379889170987,994.3,2.9,34.9
0.20259295528990812,0.3308708924496235,U8,MN8014,16.18807210242767,4.019843152822721,WPG,SSPG,0.09486267229388895,0.32328655494978487,0.200080133509637,-1.0627362688892528,6,-1.5232508122011872,993.9,2.7,34.2
0.20150792642317827,0.33160586103372497,U8,MN8014,16.24041178581114,4.0095511934658115,WPG,SSPG,0.09552296936633645,0.32250779709110505,0.20000836914440132,-1.0590738496800944,4,-1.5016258081699565,995.7,2.7,34.2
0.20008485912137644,0.3310098931723487,U8,MN8014,16.08628050893316,4.018432909809544,WPG,SSPG,0.0949479613935385,0.32107623634499693,0.20028715846524506,-1.0625184521418933,4,-1.4727496549413708,997.7,2.8,34.2
0.2017756955026196,0.3331995046891446,U8,MN8014,16.16188725977324,4.005954011623931,WPG,SSPG,0.09539214744923294,0.3244818696436921,0.20008670916993976,-1.0824068945399512,3,-1.5524234186097932,998.2,2.9,34.9
0.20405215969922358,0.33142979929384614,U8,MN8014,16.185569562677216,4.0003102244723205,WPG,SSPG,0.0974041789830602,0.3253001810678347,0.20000804936300315,-1.0743712817929514,2,-1.560817667711257,997.1,2.7,35.5
0.2031620986569858,0.3299999233566513,U8,MN8014,16.240903043263202,4.001715365052218,WPG,SSPG,0.09527259232875493,0.3238992375137574,0.20000564209302882,-1.0681212853970483,2,-1.5730171133488273,999.1,2.7,35.1
0.2035358207429556,0.33024677704573757,U8,MN8014,16.216408855217573,4.00004386012576,WPG,SSPG,0.09551165872681086,0.32556688001928746,0.20000959206930463,-1.0697025807944036,0,-1.553380338771234,998.9,2.6,35.6
0.20188680309842585,0.33137422253225957,U8,MN8014,16.097735862808868,4.010026491947824,WPG,SSPG,0.09814693533524,0.32275446676668723,0.20000640770149686,-1.0746169131960812,5,-1.5109012438543044,999.5,2.7,35.6
0.20221936205082125,0.33141356450340914,U8,MN8014,16.16865172903483,4.009409687502479,WPG,SSPG,0.09934672486670376,0.32604969098427605,0.20004923063012733,-1.059349940432935,7,-1.524655693232642,999.6,2.7,36.3
0.2044111245899202,0.33073044308370875,U8,MN8014,16.17484302409428,4.005630318590258,WPG,SSPG,0.09821348607597283,0.32645611676000424,0.2000774869591534,-1.0614265719869405,4,-1.551128289480328,998.2,2.5,35.7
0.20478125150635063,0.3321390991249883,U8,MN8014,16.11021207036344,4.010140944258733,WPG,SSPG,0.09740125370102048,0.3273264643690624,0.20026201552236841,-1.0734670825517596,0,-1.5131266200064495,998.4,2.5,36.0
0.20555647758406334,0.32798489404057274,U8,MN8014,16.195826093006467,4.010798424275009,WPG,SSPG,0.09744582774886931,0.3271045829272678,0.20001667916531968,-1.0692710947197424,4,-1.5505382758826833,999.7,2.5,36.5
0.20517305120296347,0.33116446113997644,U8,MN8014,16.1681251509188,4.009865757566167,WPG,SSPG,0.09775054360594317,0.32537105592389703,0.20003570727210765,-1.0734964754410394,6,-1.5518875881508318,998.9,2.4,35.8
0.20522923628377404,0.3304695438283888,U8,MN8014,16.17480309164211,4.000847334030216,WPG,SSPG,0.09393464377748886,0.3238429822918437,0.20048666922035654,-1.0861972810175706,6,-1.51679277059519,996.8,2.4,34.4
0.2046991979307026,0.33113422327099884,U8,MN8014,16.16054310531016,4.013235709481467,WPG,SSPG,0.09484720972076047,0.3258017720256834,0.20000030612504688,-1.0956512250236932,2,-1.5412764841066053,999.0,2.4,35.1
0.20558474429143295,0.33005480061135667,U8,MN8014,16.218514999413106,4.003026143346305,WPG,SSPG,0.09204241373626838,0.3265577071505203,0.200217582348943,-1.095131139127527,4,-1.568200905459804,997.6,2.3,34.9
0.2065765768398967,0.32547292407681394,U8,MN8014,16.24862060618468,4.0003112280587825,WPG,SSPG,0.09258758606316514,0.32472405901991047,0.20006489194642685,-1.070137591996138,6,-1.5345865902394582,999.6,2.2,35.3
0.20776140464957088,0.32627365605949776,U8,MN8014,16.22793317492906,4.000701373274909,WPG,SSPG,0.09119742238249429,0.32434005360545004,0.20006314474065143,-1.0886398885917563,7,-1.5251338559456276,1000.0,2.2,35.3
0.20672694004170075,0.329574137846684,U8,MN8014,16.19413304152413,4.005194387785913,WPG,SSPG,0.09345656391781129,0.3258723501859447,0.20003386292407796,-1.1008129373903959,6,-1.5728285353978357,999.9,2.4,35.8
0.2078036214257991,0.32823871623154044,U8,MN8014,16.23554120028742,4.00152672634809,WPG,SSPG,0.09075695002684793,0.3249781548575953,0.20008752464093094,-1.0947039592865773,5,-1.529851439441524,1000.0,2.3,35.3
0.21040299747255617,0.3285276631523251,U8,MN8014,16.182436769982658,4.00675583749097,WPG,SSPG,0.09099941374544254,0.32615094997194255,0.20044369560526454,-1.0807742294784695,3,-1.5615199931718085,999.9,2.2,35.6
0.21024104718613934,0.3297147957154615,U8,MN8014,16.169366938136946,4.010572662645521,WPG,SSPG,0.0896609899655615,0.3283661931074914,0.20005606385203117,-1.08691265333982,7,-1.5427965285665746,999.7,2.3,35.7
0.21030924866777795,0.329269376816364,U8,MN8014,16.19278668042485,4.003567682147147,WPG,SSPG,0.08890038202013037,0.3270401378027051,0.2000115534269437,-1.084367514605844,5,-1.5640662137026524,997.9,2.4,35.2
0.20886854707693364,0.32891050465267907,U8,MN8014,16.214118735162998,4.000102750416784,WPG,SSPG,0.0898913557180516,0.3286459949829641,0.20006844050051817,-1.082600661465969,4,-1.5123872215703642,997.2,2.4,35.4
0.20792439085557035,0.32810593135151433,U8,MN8014,16.229632474736817,4.00042214944643,WPG,SSPG,0.09026385978510049,0.3269528137974536,0.20004674707945455,-1.0848109623648035,4,-1.5299360787814251,999.1,2.5,35.4
0.20862443307257172,0.32797901066645296,U8,MN8014,16.18686554502638,4.001285620957047,WPG,SSPG,0.08999264845693801,0.3266411051002711,0.2000011322536167,-1.0797455649884402,3,-1.5485082861753945,998.2,2.2,35.3
0.2091957075089009,0.3276091586264414,U8,MN8014,16.19561030783877,4.001422881761368,WPG,SSPG,0.08983506311285956,0.32747541522326407,0.20001356481712634,-1.0771055348457228,0,-1.543990012396229,997.8,2.1,35.4
0.20798248765725835,0.3276760086407177,U8,MN8014,16.151134507055875,4.001428169369845,WPG,SSPG,0.08819079376791637,0.32615306164296504,0.2000136793971115,-1.095243494522901,2,-1.544230500834999,997.0,2.3,34.7
0.20848979477137053,0.32806295750515707,U8,MN8014,16.201351920020514,4.000799059599867,WPG,SSPG,0.08875190727145468,0.32702488068262414,0.20002578157336323,-1.0822062008862345,4,-1.5443718391058692,997.3,2.3,35.1
0.20743107546069356,0.32923426875262135,U8,MN8014,16.18510808695602,4.000197748742232,WPG,SSPG,0.09044642826887231,0.3259115898387047,0.20000627567782697,-1.075378895598881,4,-1.5415083779669114,997.2,2.4,35.2
0.20712570271540506,0.32770154009707686,U8,MN8014,16.189106392180484,4.003183027606633,WPG,SSPG,0.09032534748764187,0.3245967229426585,0.200000456067582,-1.0717583958791779,7,-1.5585674258404936,997.5,2.2,35.0
0.20964231923446175,0.3276392166759028,U8,MN8014,16.176589428142986,4.005001840636585,WPG,SSPG,0.08719169543137328,0.3241561035630577,0.2001680310070938,-1.0769021347643872,4,-1.5290371852091855,994.7,2.2,34.1
0.20860308937999097,0.3292872694454313,U8,MN8014,16.206610496156877,4.000264015051925,WPG,SSPG,0.08898510997109545,0.32616176188101864,0.20069024916277778,-1.0828414708837781,5,-1.5469317280454042,996.3,2.2,34.9
0.20684983772222365,0.32804703229867027,U8,MN8014,16.151801329916715,4.002504903974117,WPG,SSPG,0.08789368999939333,0.32482139527247333,0.20061387044676934,-1.0918671288208972,2,-1.5467785350684409,996.2,2.3,34.3
0.20659045336782272,0.3279376453330715,U8,MN8014,16.16702002083217,4.002668636730949,WPG,SSPG,0.08672019888799168,0.32413382297602134,0.20012776460102102,-1.0896793126474003,1,-1.5334630630844455,996.9,2.3,34.3
0.20641810250195525,0.3288790892046753,U8,MN8014,16.216030476804484,4.0001931233900585,WPG,SSPG,0.08874895989609134,0.32372190641419,0.20023729818240243,-1.0784118894230876,4,-1.5312174207110232,996.7,2.4,34.5
0.2061603951456752,0.3291330004294939,U8,MN8014,16.173917681563214,4.000217968754276,WPG,SSPG,0.0873249189551861,0.3220521538760847,0.20017591585030114,-1.0797386591210651,3,-1.5701900612993676,997.4,2.4,33.9
0.20567920561154707,0.33043502406720676,U8,MN8014,16.187860659780736,4.001252034740825,WPG,SSPG,0.08804802768433184,0.3235624994236678,0.2001932183802225,-1.074504048808749,5,-1.5461475727442284,997.4,2.4,34.2
0.20621979426548304,0.32956319785517724,U8,MN8014,16.177436471869544,4.006506952325912,WPG,SSPG,0.08877763070675652,0.3235103546846068,0.20017060682428378,-1.079208259459613,7,-1.5490558569468984,997.4,2.4,34.3
0.2051645502428382,0.32904212355384915,U8,MN8014,16.168299059500164,4.013230668365954,WPG,SSPG,0.08761317858053738,0.32288759654232035,0.20058052150816852,-1.084178831851483,6,-1.5601176720219154,994.8,2.4,33.7
0.2059335435887874,0.3308454506582668,U8,MN8014,16.199594806332932,4.003699148287825,WPG,SSPG,0.08988790203953155,0.32395689444575443,0.20069405144757832,-1.0757596069266055,4,-1.5485497732321267,996.9,2.4,34.4
0.20784626326605737,0.32941944600865003,U8,MN8014,16.237366946277135,4.001388759298496,WPG,SSPG,0.08873161313876159,0.3265001755953056,0.20053568098155522,-1.081350593179412,3,-1.5409417265221634,997.1,2.4,34.7
0.20937546600455265,0.33074979980929137,U8,MN8014,16.211372193889332,4.000802657421779,WPG,SSPG,0.08935228525958565,0.32762417073433653,0.20040250750305355,-1.0722105365320447,3,-1.5474253490432623,998.0,2.3,35.3
0.2090116460335455,0.3303204957863675,U8,MN8014,16.194192421394796,4.0047011504794705,WPG,SSPG,0.08834674633558386,0.3277963623114693,0.20049349856371637,-1.0877448660180726,2,-1.5494397786994245,995.4,2.4,34.9
0.20838726823447173,0.331266939107385,U8,MN8014,16.207766435442263,4.001953085751025,WPG,SSPG,0.08911732143503912,0.3277843321592199,0.20075560172226978,-1.0869767337306744,1,-1.546131251015069,994.4,2.3,34.8
0.20984547389122551,0.3317720124322981,U8,MN8014,16.179032357676004,4.000574933568274,WPG,SSPG,0.08990386149441863,0.329059428550058,0.20011263825982697,-1.0768489791037894,2,-1.5329005314896822,996.9,2.4,35.5
0.20803805879143053,0.3299755771432318,U8,MN8014,16.215454386234594,4.000317752229557,WPG,SSPG,0.08847752337625728,0.32684170296251847,0.20067069720286626,-1.0914425172591473,2,-1.5455627318337495,996.8,2.4,34.8
0.20858046523433205,0.3307278748456342,U8,MN8014,16.192006406762992,4.000098427518636,WPG,SSPG,0.08894505934206248,0.32679599467817544,0.2000895791399112,-1.0873203723822549,0,-1.55535173719856,996.4,2.3,34.7
0.20849342839366913,0.32916460073667636,U8,MN8014,16.222621239155032,4.004395229787393,WPG,SSPG,0.0878608667221608,0.3259748238894443,0.20018742863806435,-1.0904930556519448,6,-1.5429610837096757,996.2,2.3,34.7
0.20816105158544235,0.32975705065135963,U8,MN8014,16.21432228539095,4.000608002453028,WPG,SSPG,0.09004022142103277,0.32565683584642935,0.20020361051159427,-1.08068230063774,3,-1.5576388304236772,996.9,2.3,34.9
0.20816859093546675,0.3271594924648357,U8,MN8014,16.218963414666597,4.002663520717494,WPG,SSPG,0.0879755856286955,0.32569386627436053,0.20037820549346044,-1.0940123711353344,7,-1.5601340264785115,997.4,2.2,34.6
0.2076838419588735,0.32844583939729793,U8,MN8014,16.249390828232745,4.0041441508234845,WPG,SSPG,0.08753030184838181,0.3255176253273673,0.20026576460663725,-1.0955873458564924,0,-1.542787735661884,997.4,2.2,34.3
0.20741773814444844,0.3283867510284679,U8,MN8014,16.228312698291525,4.006551066368131,WPG,SSPG,0.08849419176531337,0.32479453450367946,0.20022081892053575,-1.097455792397898,1,-1.5550188530902034,998.4,2.3,34.4
0.20592086514983252,0.3287668937635258,U8,MN8014,16.192053507884673,4.009844241222572,WPG,SSPG,0.08945456670090972,0.32509740992019953,0.2004214707432131,-1.101581388988535,7,-1.5726638561225954,998.5,2.4,34.6
0.2048889581157476,0.32981512049903616,U8,MN8014,16.181214505578975,4.009712012775738,WPG,SSPG,0.08904085513718185,0.32476201994342846,0.2002030258159748,-1.0969834466013133,6,-1.5646353689935264,998.9,2.4,34.6
0.20528322526414627,0.33001607869948313,U8,MN8014,16.199691510001557,4.002497203237801,WPG,SSPG,0.08988522781222177,0.3256024408405778,0.2000404652986039,-1.09548928649309,5,-1.577585773133272,999.5,2.5,34.9
0.20630675389337588,0.3292349869486362,U8,MN8014,16.173342238773174,4.013567479574038,WPG,SSPG,0.09069565155083048,0.32723978895348504,0.20020963569772174,-1.0904524456768758,7,-1.5649282770419894,998.2,2.4,35.0
0.20616577053180923,0.32902296345018334,U8,MN8014,16.21155486837068,4.0038233756364905,WPG,SSPG,0.08921886170480622,0.32770990526472793,0.20012605159964955,-1.103476389773205,7,-1.5721574770748177,997.5,2.4,34.7
0.20563064826575206,0.3272979668859909,U8,MN8014,16.215541609540587,4.009479513390051,WPG,SSPG,0.08949132155872402,0.32471412266212935,0.20000321700752197,-1.0910096578050226,3,-1.5855581673671342,999.5,2.3,34.7
0.2039265886410217,0.3266428732460739,U8,MN8014,16.176020983678093,4.016951000038063,WPG,SSPG,0.08893933057429308,0.3239751212316851,0.20011847326513885,-1.1039910959379964,6,-1.5710102244871837,999.4,2.3,34.4
0.20305927402499976,0.3271198139005265,U8,MN8014,16.215579352414125,4.028809071654383,WPG,SSPG,0.08755691325982494,0.32341421033942674,0.20003569532973003,-1.1091271624103745,6,-1.5755947548344036,998.8,2.4,33.7
0.2045432576552454,0.32865591071894595,U8,MN8014,16.182991507973703,4.031199311163651,WPG,SSPG,0.08984962914224462,0.32447803617291066,0.20002553507289017,-1.097523902138125,0,-1.575689554530035,999.6,2.4,34.7
0.2043442119368914,0.3285649079327009,U8,MN8014,16.184688786323914,4.017526715309471,WPG,SSPG,0.09016094172061452,0.3241250734584798,0.20005927395261328,-1.0900553054994204,4,-1.5778522882065182,998.3,2.4,34.6
0.2042292106690082,0.3282064957760608,U8,MN8014,16.182795517433732,4.026195928141878,WPG,SSPG,0.0892651572172788,0.3246663205699255,0.20002117999665564,-1.0958588637868047,7,-1.5682101930292376,998.5,2.4,34.4
0.20325048407493923,0.3283191920103396,U8,MN8014,16.188488701302262,4.025214205357049,WPG,SSPG,0.08848867084712801,0.3237042741628119,0.20008360278684492,-1.104785886820137,7,-1.5611898396755226,999.2,2.4,34.0
0.2049184711723507,0.3291173559093161,U8,MN8014,16.190122343440695,4.029293950417061,WPG,SSPG,0.08823533251818413,0.3249731934293699,0.20017114223669677,-1.0990595203455231,5,-1.5820338289181723,998.8,2.4,34.4
0.2028971770056776,0.3270862864382136,U8,MN8014,16.193606836046627,4.040547409842825,WPG,SSPG,0.08761366473275968,0.32250569894356873,0.20000446737961244,-1.1144297799919172,2,-1.5715612562645145,998.9,2.4,33.6
0.20429022035447586,0.3289957097317692,U8,MN8014,16.243337647723497,4.011365439176573,WPG,SSPG,0.0880110846780538,0.32441391411820797,0.20000124155231955,-1.0987520863669715,4,-1.581008539354988,998.9,2.4,34.2
0.20333610619624337,0.3275345824028579,U8,MN8014,16.232223465944635,4.018489730189263,WPG,SSPG,0.08883171002083445,0.3229857518063271,0.20000529654475308,-1.0956764219478632,2,-1.5827357174642707,999.2,2.3,34.3
0.20504930932910742,0.3279466040867637,U8,MN8014,16.239924527048387,4.008377124510377,WPG,SSPG,0.08874651338344264,0.32495304527117147,0.20009616197772515,-1.0985443503571997,5,-1.5797271687051193,999.0,2.3,34.4
0.20494174477471305,0.32695738973691213,U8,MN8014,16.222110679360323,4.004421136772454,WPG,SSPG,0.08842916948756017,0.3244953191577825,0.20008217123696923,-1.097655375413163,7,-1.5704840627750212,999.7,2.4,34.6
0.2033765845725103,0.32853224655298385,U8,MN8014,16.172487720749658,4.006828928069084,WPG,SSPG,0.08851776786367482,0.32384954915564185,0.20001163103170735,-1.0990124373393564,6,-1.5736753080747246,999.7,2.4,34.4
0.20439526414549378,0.32779838651099424,U8,MN8014,16.212959032577647,4.010157880362472,WPG,SSPG,0.08840486024017183,0.3241651002328877,0.20002360537950536,-1.0933582124983703,1,-1.582731999136323,999.8,2.4,34.5
0.2046891646640507,0.32823255563006704,U8,MN8014,16.179658063585872,4.004934451110039,WPG,SSPG,0.08848721362871756,0.3248220057903609,0.20026971177102815,-1.0925882983987842,7,-1.5806612515616756,999.7,2.4,34.7
0.20555901097884513,0.32778847488339635,U8,MN8014,16.187730589596008,4.00821805125146,WPG,SSPG,0.0879837051150732,0.32521076583843106,0.20025371777475381,-1.087718196097764,6,-1.5946565741007674,999.6,2.4,34.7
0.20434210366966954,0.32866738019751074,U8,MN8014,16.155837965791516,4.006295851150842,WPG,SSPG,0.08912190502661314,0.32436761578367385,0.20013927983172072,-1.0866380582145376,0,-1.5720764051186915,999.9,2.4,34.7
0.20592026899858398,0.3278608530994181,U8,MN8014,16.16758581268627,4.003902423729844,WPG,SSPG,0.08802744512330606,0.32583705240458577,0.2005023012925364,-1.0937128083551595,4,-1.5854421092394464,998.9,2.4,34.7
0.20349349263353672,0.32791126250448677,U8,MN8014,16.181864194592563,4.01186780497446,WPG,SSPG,0.087730263685473,0.32447355695665925,0.20021690966700578,-1.1020993357421565,0,-1.5553889251196544,999.5,2.4,34.2
0.20418169419544524,0.32888074246851806,U8,MN8014,16.177470825879286,4.008542051289609,WPG,SSPG,0.08864242258853587,0.32431151208754916,0.2001531555663293,-1.0890073854788587,5,-1.5854008817334986,999.8,2.4,34.6
0.20518977003647615,0.32920043446025776,U8,MN8014,16.169909988343885,4.000514669346114,WPG,SSPG,0.09034552563591769,0.32500871924191344,0.20031915551176765,-1.0810115945796643,6,-1.5803966361460393,999.9,2.3,35.2
0.20544252407349223,0.3296392037085591,U8,MN8014,16.189847560561653,4.00069726692653,WPG,SSPG,0.08995772090115944,0.3251037767958251,0.20011738298306747,-1.083465407925312,5,-1.5687573120786507,999.6,2.4,35.1
0.20577992483159946,0.3304118923042294,U8,MN8014,16.205934900997583,4.000247116347221,WPG,SSPG,0.08946926267764527,0.3263023253314045,0.20010004211947688,-1.0869127233948714,1,-1.580659796560413,999.3,2.4,35.1
0.20624532935939086,0.33015751663774573,U8,MN8014,16.19776191118457,4.000085029991625,WPG,SSPG,0.09106757224867378,0.32577805619712225,0.2001265495832595,-1.0786886398923967,4,-1.5870016873499697,999.4,2.4,35.4
0.20609703135175758,0.3302529023642219,U8,MN8014,16.199550668523628,4.0001334471592465,WPG,SSPG,0.09064667918993817,0.3255966910439331,0.20012730411543075,-1.082805689071889,2,-1.5829609051373517,999.6,2.4,35.2
0.20562095013798287,0.3297426097130932,U8,MN8014,16.178128985382052,4.000272780917591,WPG,SSPG,0.0898695611055126,0.32496112687101153,0.20015819575477709,-1.0831138196425711,6,-1.5899655844237603,999.4,2.3,35.1
0.20539092843145956,0.32879518219165366,U8,MN8014,16.187704266635734,4.0006898250100615,WPG,SSPG,0.08990441406382695,0.3249441073440073,0.2000595056307941,-1.0822626873444359,0,-1.565682640689806,999.6,2.4,35.1
0.20507236026078174,0.32945473085679816,U8,MN8014,16.190422905085875,4.001073194126298,WPG,SSPG,0.08926567240518231,0.32485862687833483,0.2000340609409222,-1.0852009141924892,0,-1.5903986966340309,999.2,2.3,34.8
0.20489263581736114,0.3290167162396438,U8,MN8014,16.201722072971794,4.00072069280371,WPG,SSPG,0.08988197414409906,0.32452906365061746,0.20001002899535775,-1.0848889614131207,2,-1.5810799005362313,999.7,2.3,34.9
0.20588003418245565,0.32902414643932143,U8,MN8014,16.2026016783121,4.00000304736991,WPG,SSPG,0.09012690767821827,0.32551376210494826,0.20001322187168516,-1.0800674103455805,0,-1.5858250048377638,999.7,2.4,35.2
0.20547355921090735,0.3296301804190056,U8,MN8014,16.189267517403373,4.000003491088382,WPG,SSPG,0.08991932162666744,0.3246741029261709,0.20000107561880115,-1.0802548710485436,6,-1.5835552497950331,999.7,2.4,35.1
0.20585976801242936,0.3290296340586457,U8,MN8014,16.188416730158533,4.000828170918507,WPG,SSPG,0.08898405251098619,0.32568828874189,0.20000943118514955,-1.0811475419613221,0,-1.587514736739962,999.6,2.4,35.1
0.2061333570071635,0.3299603368186048,U8,MN8014,16.185653973748423,4.000168647761497,WPG,SSPG,0.08963514427998218,0.3257755844234041,0.20000884272634273,-1.0782940847842373,7,-1.5915004876377221,999.7,2.4,35.2
0.205172641652067,0.3302700218216204,U8,MN8014,16.189136824625013,4.000018989472011,WPG,SSPG,0.08941083790648023,0.32527859296278777,0.2000472579350379,-1.0804616494446782,4,-1.570464008172797,999.4,2.4,35.0
0.20504551586472533,0.32915292693347853,U8,MN8014,16.197844801623418,4.0006629398322815,WPG,SSPG,0.08972028105086817,0.3249462174263353,0.20001279533021904,-1.079694374592425,0,-1.5868393797486409,999.7,2.4,35.0
0.20479885793351077,0.3296592484634112,U8,MN8014,16.196391997174825,4.000093085335548,WPG,SSPG,0.08903410878289401,0.32494982890801116,0.20002437747691046,-1.0869095675449514,6,-1.5854415621918072,999.4,2.4,34.7
0.20481595720482593,0.32873756320647124,U8,MN8014,16.19676820744435,4.001188516635192,WPG,SSPG,0.0891792109767215,0.32494527913277754,0.2000567997083979,-1.0847671968519477,6,-1.5771848342660864,999.2,2.4,34.7
0.20441206529012804,0.32899336589907197,U8,MN8014,16.202114666259824,4.000013894356205,WPG,SSPG,0.09002571204073193,0.32442580769456114,0.2000378154258868,-1.0812563247177605,3,-1.5869811886162868,999.1,2.4,34.8
0.2038429350306133,0.32835110317276356,U8,MN8014,16.202583399711138,4.000620653370417,WPG,SSPG,0.09006242770167647,0.3236592090985358,0.2000118667097761,-1.0839109551944421,1,-1.5745284027008886,999.5,2.3,34.7
0.20403561654874322,0.3284613203876132,U8,MN8014,16.199609271756277,4.0000572075892675,WPG,SSPG,0.09008793897854858,0.323612716052372,0.20001123942049068,-1.0834959237720905,1,-1.5803331359390498,999.7,2.4,34.7
0.20341580078195592,0.32855007183339513,U8,MN8014,16.200705730986495,4.000857586796258,WPG,SSPG,0.08905158289269449,0.32366376905896405,0.2000532190951028,-1.0876090109914718,5,-1.5805096351989931,999.4,2.4,34.5
0.2043447852653327,0.32736851551705864,U8,MN8014,16.186395680516775,4.001380777121477,WPG,SSPG,0.08798999324029529,0.3246616677858472,0.20011754513772723,-1.093494529652934,7,-1.5746876386411692,999.4,2.4,34.4
0.20421890318414565,0.3283420891132426,U8,MN8014,16.170896394307228,4.00151430970492,WPG,SSPG,0.08822543284282462,0.3250710182751185,0.20003593522840504,-1.0923540381632992,3,-1.5838520099090356,999.1,2.5,34.4
0.20369397861630106,0.3273184369391397,U8,MN8014,16.201656544248507,4.002819135222181,WPG,SSPG,0.08771133752091231,0.3239422808866238,0.20004192134947202,-1.096539485174183,1,-1.5887692162477443,999.2,2.4,34.1
0.2045635127314683,0.32743595358981215,U8,MN8014,16.20324640909369,4.004176828668842,WPG,SSPG,0.0875532783651439,0.32519337176604984,0.20009770156959286,-1.0969300905620052,6,-1.5818148578745408,998.9,2.4,34.2
0.2041254124907801,0.3272748957744522,U8,MN8014,16.20887207898252,4.0053029133703655,WPG,SSPG,0.0877328655849962,0.3244453279008406,0.2000482186030584,-1.0965688597344148,6,-1.5845947760863925,999.2,2.3,34.2
0.20489255061977643,0.3279803398815628,U8,MN8014,16.21153607737888,4.002432760349994,WPG,SSPG,0.08825838292139356,0.3251259726527149,0.20010806731518585,-1.0923231644613127,1,-1.589314921090967,999.2,2.4,34.4
0.20396059166702718,0.32736000312154595,U8,MN8014,16.214902483077378,4.006058057718337,WPG,SSPG,0.08757256803527676,0.32429910308893123,0.20002218742754296,-1.0956866280511945,7,-1.5875338201413793,999.3,2.4,34.2
0.20450306553919198,0.32728911279657136,U8,MN8014,16.217899367672494,4.006804876765962,WPG,SSPG,0.08740758063103275,0.32501590913367834,0.20008077821589976,-1.0976202239386503,6,-1.5776953201585737,998.6,2.4,34.2
0.20477915008194297,0.32773883075781707,U8,MN8014,16.229291703590345,4.00335136339021,WPG,SSPG,0.08725010408890481,0.3254568699185408,0.20002166169812277,-1.096008808005684,0,-1.583900241484523,998.8,2.4,34.2
0.2050553870365454,0.3271429269181908,U8,MN8014,16.221895320770653,4.003821505841141,WPG,SSPG,0.08675043823531103,0.3255273153884288,0.20011344621976893,-1.0978857828246842,3,-1.5908049117697765,998.9,2.4,34.2
0.20600375236560892,0.3260892801675791,U8,MN8014,16.238835804529067,4.006177557675152,WPG,SSPG,0.08562175331543245,0.3264231800733683,0.20015198821986604,-1.1044250011925525,2,-1.5908156313832684,998.4,2.4,34.1
0.20459094722776364,0.3264193529705586,U8,MN8014,16.22296390190751,4.00657652839242,WPG,SSPG,0.08679063230190773,0.3254790666530628,0.20010923923839238,-1.0998890393023117,4,-1.5831650514572377,999.1,2.4,34.2
0.20554934442667464,0.32698035683836735,U8,MN8014,16.210957044191417,4.004116410839712,WPG,SSPG,0.08601386996451786,0.326567432036682,0.20009182222437777,-1.1042797803598972,6,-1.58457359677654,998.9,2.4,34.2
0.20459999731438694,0.32729897891896076,U8,MN8014,16.203520747158578,4.002535966551404,WPG,SSPG,0.08732511581986518,0.3256001140376106,0.20012988539486373,-1.0996488181210726,7,-1.5802863097413766,998.8,2.4,34.3
0.2051868100287945,0.3274452779139003,U8,MN8014,16.22044593914739,4.001172632294519,WPG,SSPG,0.08723997547308565,0.32556245392988936,0.20003987372746618,-1.093323829028704,5,-1.5852876213269624,999.1,2.4,34.4
0.20532064046162973,0.3276978320941805,U8,MN8014,16.205581501972027,4.001614269637786,WPG,SSPG,0.08707563699016736,0.3261445268751473,0.20008447331389445,-1.0978375715737916,4,-1.5845656271101891,998.9,2.4,34.4
0.20504254849984607,0.327031913210209,U8,MN8014,16.204215592076142,4.002953413137719,WPG,SSPG,0.08684660933917446,0.32574867810005,0.20007696856849227,-1.100798091314005,6,-1.5861853430615298,999.0,2.4,34.2
0.2053585021578583,0.3270758161347921,U8,MN8014,16.212590917913307,4.001842709392331,WPG,SSPG,0.08685868475851934,0.3260247633181346,0.2000507901261986,-1.0995200042572788,1,-1.5819238419047448,999.4,2.4,34.4
0.20511101167113197,0.32712215342949774,U8,MN8014,16.210589458265794,4.003288347417771,WPG,SSPG,0.08719748337075228,0.32588960976022635,0.20013014367168364,-1.0959313233692087,7,-1.582606297648713,999.2,2.4,34.4
0.20548421657713029,0.32756356002256437,U8,MN8014,16.203996216848886,4.002006930886237,WPG,SSPG,0.08709102254114583,0.32624266664100815,0.20010784893970873,-1.0954119332214107,4,-1.585307819115119,999.2,2.4,34.5
0.20493803979767475,0.32760290264201,U8,MN8014,16.20114808099772,4.001741638652488,WPG,SSPG,0.08747452254877888,0.3253738859772242,0.2000675678382805,-1.0909411329486878,7,-1.585658559252364,999.6,2.4,34.4
0.20493904971307164,0.3271490508311322,U8,MN8014,16.19551103367315,4.002919200687707,WPG,SSPG,0.08714153224092042,0.3255897782754277,0.20007477625704945,-1.0959847212290148,7,-1.5813703776093249,999.3,2.4,34.4
0.20549945637733952,0.3274134731477214,U8,MN8014,16.201099397114525,4.002772236378202,WPG,SSPG,0.08721176640741522,0.32610741681572686,0.2000557889835444,-1.0933573415208733,1,-1.583712976734235,999.5,2.4,34.5
0.2054933543922553,0.3272028735131807,U8,MN8014,16.20126734736288,4.002390554572328,WPG,SSPG,0.08729274682595983,0.32589212798361433,0.2000664549609459,-1.0930152821048833,3,-1.5856418973410875,999.4,2.4,34.5
0.20522043853698896,0.3272119716258975,U8,MN8014,16.197857156983872,4.001419208671167,WPG,SSPG,0.08734132791310341,0.3252656951201399,0.20003723653637195,-1.0921072079420442,5,-1.5915233819076793,999.5,2.4,34.4
0.2056266748808218,0.32707920006614893,U8,MN8014,16.201964118585124,4.001783898288081,WPG,SSPG,0.0870889296972626,0.3259677699067751,0.20003811454813147,-1.0927147386594167,6,-1.5806161921851558,999.3,2.4,34.5
0.20558489710340103,0.327637671081245,U8,MN8014,16.200440329050505,4.000981725719524,WPG,SSPG,0.08772755645652981,0.3258682251117177,0.20001907547716846,-1.0878196078433278,6,-1.5899314988472177,999.5,2.4,34.6
0.20593363694816363,0.3279477201712125,U8,MN8014,16.202430981522088,4.000653036387636,WPG,SSPG,0.08798323290074564,0.32618760337000885,0.2000446123175439,-1.086633271636806,6,-1.5886439281147329,999.6,2.4,34.8
0.20568125764651374,0.32838617283085086,U8,MN8014,16.19636077922238,4.0004979217672725,WPG,SSPG,0.08781191274937433,0.32604942992113234,0.20000283365897592,-1.0862259425219039,6,-1.589524966390469,999.6,2.4,34.7
0.2055564902228844,0.327904137173986,U8,MN8014,16.199299048276167,4.0010129030925645,WPG,SSPG,0.08735997699428208,0.3257933075276407,0.20001084919312517,-1.0878747804208462,4,-1.5906499038923148,999.5,2.4,34.6
0.20536961230571588,0.32787866115948905,U8,MN8014,16.19077733861361,4.001756278482713,WPG,SSPG,0.08709682013101161,0.32580562282112907,0.20001481758278844,-1.0897136720203888,7,-1.5852280809321293,999.2,2.4,34.5
0.2052936255322756,0.3279391498537513,U8,MN8014,16.197251612281462,4.001271354633832,WPG,SSPG,0.08751318779813608,0.3255914603732599,0.20004713927467818,-1.0881357270297498,0,-1.5901143561460351,999.4,2.5,34.6
0.20508067613248415,0.3277496244952611,U8,MN8014,16.195814864076468,4.001537567789427,WPG,SSPG,0.08725384186332018,0.3254843327683007,0.20002569506050621,-1.0890656920344628,7,-1.5824099811431562,999.4,2.4,34.5
0.20484375783256298,0.327960676607999,U8,MN8014,16.18160670774688,4.001833651247109,WPG,SSPG,0.08769631821247822,0.3253530720039138,0.20003570095460366,-1.087615225219463,4,-1.5879985884341128,999.4,2.5,34.5
0.20462937300370249,0.3278717519577695,U8,MN8014,16.189300583408425,4.0021630489571605,WPG,SSPG,0.0874370092306535,0.3251479722790747,0.2000198153306626,-1.0892896344074456,3,-1.589356431739084,999.4,2.4,34.4
0.20493463087762254,0.32806190440401733,U8,MN8014,16.195352235272257,4.0029522010382035,WPG,SSPG,0.08731241377969118,0.3255019679300131,0.20003965124436673,-1.089946986492879,1,-1.5801317784616735,999.4,2.5,34.5
0.20496048509502318,0.32804278269875126,U8,MN8014,16.187220863244562,4.00202641126348,WPG,SSPG,0.08750444228637955,0.3253471077030596,0.20002208523938134,-1.0881860783833464,5,-1.5874942835907824,999.5,2.5,34.5
0.20461787682950394,0.3278883109024434,U8,MN8014,16.199684712666524,4.003109661367133,WPG,SSPG,0.08724112392897435,0.32527671464918123,0.20003884147646134,-1.0903488788689224,7,-1.5818777892330562,999.5,2.5,34.4
0.20478720591128333,0.32771111772453076,U8,MN8014,16.193489299868254,4.0027921955496435,WPG,SSPG,0.08710502465009332,0.32537419720685257,0.20001568287935353,-1.089069887722328,5,-1.5879771323805674,999.7,2.5,34.5
0.20456139344856364,0.32799009693022685,U8,MN8014,16.193899897090162,4.003386802280194,WPG,SSPG,0.08722509720336089,0.32547146618218437,0.20005326013551317,-1.0903297921067443,2,-1.5796946874589235,999.5,2.5,34.5
0.20458483214642165,0.3279013684307002,U8,MN8014,16.19449532461053,4.003352032704304,WPG,SSPG,0.08695829350633699,0.3252756762412568,0.20001420468645062,-1.0908535436098392,3,-1.5826184510161454,999.5,2.5,34.4
0.20434145457823882,0.32789438305412544,U8,MN8014,16.18926229594299,4.002167323018079,WPG,SSPG,0.08734249629874971,0.3248248172354027,0.2000237033778387,-1.0889935636389891,7,-1.5886691236915755,999.7,2.5,34.4
0.20450146936934996,0.32792297972191925,U8,MN8014,16.192019075941538,4.003186714201546,WPG,SSPG,0.08724818494921541,0.32504174349575277,0.2000105907430861,-1.0889788747838993,1,-1.5849262644848814,999.7,2.5,34.5
0.20450102920448995,0.327694848605838,U8,MN8014,16.192492208933917,4.003852197538589,WPG,SSPG,0.08671199309387324,0.3251138005702584,0.2000365489246236,-1.0935044361496205,7,-1.5727762319062784,999.7,2.5,34.3
0.20431070569679652,0.3278286035064275,U8,MN8014,16.193079330956316,4.002853311515302,WPG,SSPG,0.08695619592047747,0.3247707930493173,0.20001079835080432,-1.0917207400583935,7,-1.5888286780574674,999.7,2.5,34.3
0.20441772432047672,0.3279936636870062,U8,MN8014,16.18773239464447,4.0036650918415,WPG,SSPG,0.0867624505979687,0.3249943246004693,0.20002242647877705,-1.0912139424523897,1,-1.582194631253893,999.7,2.5,34.4
0.20418209275278104,0.32802647970318394,U8,MN8014,16.19145099791278,4.003105804234591,WPG,SSPG,0.08670977642778506,0.324878718299994,0.20001613749623695,-1.091317287460127,5,-1.5844360587794917,999.9,2.5,34.4
0.2040044865369131,0.3279680897624565,U8,MN8014,16.19655648494559,4.00414436144108,WPG,SSPG,0.08670190097565754,0.32482600636673975,0.2000298011387509,-1.0936222521751473,3,-1.5828115781202161,999.8,2.5,34.3
0.2039129424021325,0.3278103294817873,U8,MN8014,16.190261065595212,4.003449616346932,WPG,SSPG,0.08657801080550406,0.3245030409319345,0.20001064528556928,-1.0942114352323744,4,-1.5788173862316253,999.7,2.5,34.2
0.2046572545974292,0.32767074247627787,U8,MN8014,16.20346217270108,4.002903757662654,WPG,SSPG,0.08650029680236104,0.32500427436340573,0.2000043819029424,-1.09144307448243,2,-1.589324339957253,999.6,2.5,34.4
0.2046801004676683,0.32796033725298906,U8,MN8014,16.200388533477735,4.001772948453227,WPG,SSPG,0.08722987225356674,0.324963646359765,0.20000326437252924,-1.0873385141796783,6,-1.583702358829072,999.7,2.5,34.5
0.20482480803018996,0.3279708512735747,U8,MN8014,16.20207002152974,4.00183243802909,WPG,SSPG,0.0869773560774208,0.32526656681209476,0.20001557372439585,-1.0918791686035088,1,-1.5885159607008266,999.6,2.5,34.4
0.20488513708166356,0.32764389373421304,U8,MN8014,16.19734508222769,4.001314220219324,WPG,SSPG,0.08689454178583303,0.32499179552162394,0.20000803225488528,-1.0917289612590153,1,-1.5871584428902654,999.7,2.4,34.5
0.20446471128886018,0.32740908283504416,U8,MN8014,16.19157861178757,4.002096315038965,WPG,SSPG,0.08644911418260375,0.32481291008826396,0.20000952654994048,-1.0948654773472593,7,-1.5884571801543323,999.7,2.5,34.3
0.20502563377890604,0.3271807182567931,U8,MN8014,16.20388876370112,4.002063206840752,WPG,SSPG,0.08635663853315943,0.3253116868969039,0.2000274765476519,-1.0944390214066657,1,-1.589729331863401,999.7,2.4,34.4
0.2046715608449131,0.3280312477759013,U8,MN8014,16.195784527389133,4.001351413627006,WPG,SSPG,0.08692057480917217,0.32484841024251404,0.20000389630908197,-1.0900043993200295,5,-1.5830122225842231,999.7,2.5,34.5
0.20461643937562352,0.3274270128274883,U8,MN8014,16.2052527553544,4.0021472882136235,WPG,SSPG,0.08682080416011884,0.32484408511003887,0.20007081273984487,-1.091981210105128,2,-1.5899282624191358,999.6,2.4,34.4
0.205062763702704,0.32742407263298245,U8,MN8014,16.20557406035072,4.001514078222982,WPG,SSPG,0.08696775945305366,0.3252355095138074,0.20003597493960001,-1.0901271248709377,1,-1.5896726333735174,999.6,2.4,34.5
0.20470526411830386,0.3271231056899095,U8,MN8014,16.200130619600724,4.00263942108993,WPG,SSPG,0.08624431055774553,0.32485531216295943,0.20001951506530055,-1.093960682223626,5,-1.5839113524168003,999.8,2.4,34.3
0.2049582350376498,0.3268807890484764,U8,MN8014,16.20359762349232,4.00182758903794,WPG,SSPG,0.08628874246468599,0.325109160016807,0.2000341615517169,-1.0932892945053019,1,-1.585380474883351,999.7,2.4,34.4
0.20496199955703487,0.32688315153020553,U8,MN8014,16.207344129114837,4.002296951365269,WPG,SSPG,0.08606919072235913,0.32516298787714426,0.20002972807446012,-1.094134354219284,7,-1.5899238174831467,999.7,2.4,34.3
0.20474422369392528,0.3265873223341886,U8,MN8014,16.20048168595519,4.0026881967236525,WPG,SSPG,0.08585945937933359,0.3249471592515497,0.20009588430852776,-1.096068823567784,3,-1.5897231615589504,999.7,2.4,34.2
0.20516721746619357,0.3261521810969421,U8,MN8014,16.208418867626687,4.002568852033139,WPG,SSPG,0.08561237120245256,0.32519779954048195,0.2001230578547221,-1.0948023851739364,6,-1.5942846034617553,999.7,2.4,34.3
0.20502129641483524,0.3263339184843298,U8,MN8014,16.19966852775557,4.00262976663205,WPG,SSPG,0.0858346688963208,0.3251677071310937,0.20007353073356096,-1.093630553686093,5,-1.5836633635207864,999.6,2.4,34.3
0.2049903315715073,0.32683747093971943,U8,MN8014,16.20582752210258,4.003184541312559,WPG,SSPG,0.08583408073435038,0.3253501367372403,0.2000941653672571,-1.0956327971612865,7,-1.5877711712610054,999.7,2.4,34.3
0.20565624792341336,0.32613393378953137,U8,MN8014,16.211732806035407,4.003770867954468,WPG,SSPG,0.08505722804644743,0.3258612534722041,0.20014463146552594,-1.098235690888453,6,-1.5911094773285832,999.6,2.4,34.2
0.2054883728696881,0.32646902825472146,U8,MN8014,16.207555714639007,4.003405864128869,WPG,SSPG,0.08568095298885961,0.32562511462018506,0.20013175586222476,-1.0977036630788921,7,-1.594077708602601,999.6,2.4,34.3
0.2054263485106679,0.3264359582622717,U8,MN8014,16.20616558095081,4.003622238656202,WPG,SSPG,0.08579098621595875,0.3255768928419091,0.2001315045599609,-1.0961557396936035,4,-1.5903630222441905,999.6,2.4,34.3
0.20546252519291602,0.3262711309311648,U8,MN8014,16.223070702186334,4.003876080151752,WPG,SSPG,0.08566032145032569,0.3254429939768919,0.2001477034232149,-1.0970986903582216,1,-1.5946036416076819,999.4,2.4,34.2
0.20478956913179672,0.32676246076758225,U8,MN8014,16.20670009499847,4.002849299856225,WPG,SSPG,0.08607005525113146,0.32489912950509686,0.20008092939287045,-1.09650029749324,0,-1.5930330913735702,999.5,2.4,34.2
0.20531698302707024,0.32632406398123603,U8,MN8014,16.207045463325265,4.002975527323637,WPG,SSPG,0.0859501373942164,0.3253988294808207,0.20013229741434585,-1.0972779983960608,0,-1.5904588837204372,999.5,2.4,34.3
0.20534256866696393,0.32599260916106787,U8,MN8014,16.21524975620063,4.003871583599619,WPG,SSPG,0.085767097530969,0.3254670151062493,0.20016655412467682,-1.0973694420589748,3,-1.5926837010583803,999.5,2.4,34.3
0.20506571329876308,0.32621800818662344,U8,MN8014,16.205346318006583,4.004536431498638,WPG,SSPG,0.0857171073490715,0.3254485373169048,0.2001079827670886,-1.0980000334413857,4,-1.5905026584641888,999.6,2.4,34.2
0.2052241243907955,0.3260435223817709,U8,MN8014,16.207459738097583,4.003736565503909,WPG,SSPG,0.08545101880653883,0.3256047396152272,0.20011889125325344,-1.099231654295411,2,-1.5885900285466672,999.6,2.4,34.2
0.20536526724662796,0.32643839219824977,U8,MN8014,16.199919198682096,4.002825156126858,WPG,SSPG,0.08551200246120284,0.3258126072150272,0.2000681351114899,-1.0970280812686675,4,-1.5910610285640594,999.6,2.4,34.3
0.2055050880371274,0.3263869854168878,U8,MN8014,16.203612652288516,4.003596265864214,WPG,SSPG,0.08547740953760026,0.3259110958533515,0.20008676160742442,-1.097544843100759,4,-1.5886336018573513,999.6,2.4,34.3
0.2053419265932625,0.3262121164280447,U8,MN8014,16.195179767559463,4.003042817698126,WPG,SSPG,0.08532971379392841,0.32566619449981316,0.20005524756734225,-1.0969455091467977,6,-1.5905768157881681,999.7,2.4,34.2
0.20546418381188228,0.32592629511925,U8,MN8014,16.19833293013137,4.00346951591725,WPG,SSPG,0.08554550201642697,0.3256898115735922,0.20008095953182795,-1.0959036829398134,7,-1.5866148357082412,999.7,2.4,34.3
0.2052426432046075,0.32596115273347986,U8,MN8014,16.189385657652515,4.003966418996519,WPG,SSPG,0.08522638886728459,0.32563797023664254,0.2001499173546726,-1.0983714813959984,0,-1.5896278449272394,999.8,2.4,34.2
0.20536878606855005,0.3258009528714567,U8,MN8014,16.185916808919384,4.0030590680723,WPG,SSPG,0.08506196635484417,0.32553058395319673,0.200051695446541,-1.0973297282476508,6,-1.5920781549841614,999.8,2.4,34.2
0.20513474839888524,0.3254914911636654,U8,MN8014,16.187885206426287,4.0050757334373674,WPG,SSPG,0.08498283952622043,0.32533994941977923,0.20014133430733694,-1.0999006529036304,2,-1.5935877467545776,999.7,2.4,34.1
0.20560803056225613,0.32600185796310965,U8,MN8014,16.196438795715718,4.004522791282869,WPG,SSPG,0.08546733623617077,0.3259232768029874,0.20008883376756578,-1.095752377755837,3,-1.5904077575359494,999.7,2.4,34.3
0.20542436110657836,0.32615196328200374,U8,MN8014,16.187222124816763,4.003860497465464,WPG,SSPG,0.08563996373918462,0.3257008565124338,0.2001066079907318,-1.0969266005609541,1,-1.5910106686999264,999.7,2.4,34.3
0.20491340406575725,0.32592518838079765,U8,MN8014,16.186093912243443,4.004960013203067,WPG,SSPG,0.08557963488551297,0.3251101194892514,0.2000794427995712,-1.095882791159569,0,-1.5921847668359668,999.8,2.4,34.2
0.20545310995967225,0.32582407031319904,U8,MN8014,16.18910874640897,4.004161117167032,WPG,SSPG,0.08530837053654391,0.32572609999567786,0.2001529753009226,-1.0990323533363382,5,-1.5934977366820977,999.7,2.4,34.2
0.2053850920305373,0.3257964939243668,U8,MN8014,16.1823618302981,4.00464682893102,WPG,SSPG,0.08510844474700846,0.3256078289983902,0.20010293489037181,-1.0977543271189107,2,-1.5939423459518878,999.8,2.4,34.2
0.20561635793459754,0.3260537087553659,U8,MN8014,16.182756168565678,4.003537016505406,WPG,SSPG,0.08555710848391365,0.3258061499352339,0.20013918913365175,-1.0972890476451522,5,-1.5934303312145115,999.7,2.4,34.3
0.20524341868423895,0.32574075719726214,U8,MN8014,16.178151841870235,4.005100072164633,WPG,SSPG,0.08544213307326262,0.3254688070963635,0.20018263676339101,-1.0976072129894956,2,-1.5909913292223372,999.7,2.4,34.2
0.20495732387906157,0.3257521565270077,U8,MN8014,16.16844352160205,4.006088835094679,WPG,SSPG,0.08550896284702131,0.32505109018194256,0.20014899598299202,-1.0961530841274563,6,-1.5918638536786212,999.8,2.4,34.2
0.20495585347257528,0.3253376975453869,U8,MN8014,16.180324088471664,4.009577141749624,WPG,SSPG,0.08512734830231071,0.3250779011349659,0.20020173414015857,-1.0986181172702583,3,-1.5946515497640643,999.8,2.4,34.1
0.20500734495270914,0.3259114508114893,U8,MN8014,16.167453378501122,4.005723547580277,WPG,SSPG,0.08544664369194424,0.32498045759082017,0.2001110730749576,-1.0961536927559634,1,-1.594449885852109,999.7,2.4,34.2
0.20506613134470303,0.3258618721212831,U8,MN8014,16.180234725254646,4.007591812142,WPG,SSPG,0.08529400926888861,0.32502912601421174,0.20009400247443232,-1.0979875110935406,4,-1.5941432075074342,999.8,2.4,34.2
0.2054368733520427,0.32576810302992576,U8,MN8014,16.176017662713473,4.005397627258348,WPG,SSPG,0.0850536089761042,0.3254756636077894,0.20013821424621067,-1.0989581872330576,5,-1.5917692981999352,999.8,2.3,34.2
0.20571795124861347,0.3255444897783524,U8,MN8014,16.18607930929234,4.005305391906706,WPG,SSPG,0.0855007507463359,0.32564230353393925,0.2002626313574638,-1.0998607932247884,1,-1.5932216921266367,999.7,2.3,34.3
0.20583894516624382,0.32590118741499025,U8,MN8014,16.16587860670064,4.00403697617308,WPG,SSPG,0.08562613072620705,0.3259243472507733,0.20014250940842862,-1.0971057513916798,2,-1.5935990585504278,999.8,2.4,34.3
0.2059769011558511,0.3253856863125272,U8,MN8014,16.1759515813889,4.004448414733948,WPG,SSPG,0.08504044817580678,0.32582582953777617,0.20025972724952623,-1.1000729402849547,1,-1.5948118609355042,999.8,2.3,34.2
0.2062798922191709,0.3254054071192897,U8,MN8014,16.166738425808,4.0036469016714085,WPG,SSPG,0.0855469270396676,0.32605434203123146,0.20019108713289185,-1.0973366012930013,2,-1.5959614247034786,999.8,2.3,34.4
0.2059172892142521,0.3257655802250978,U8,MN8014,16.160640859943292,4.003605071100096,WPG,SSPG,0.08543100653561322,0.32601553938336414,0.20018264064616306,-1.0973842890235765,4,-1.5942107051511627,999.7,2.3,34.3
0.20581654203806757,0.3260218877037799,U8,MN8014,16.15644795453279,4.003217709834948,WPG,SSPG,0.08568136713929349,0.3258688344554363,0.2001103040178195,-1.0939892678050507,2,-1.5927160928634194,999.9,2.3,34.4
0.2055825867872858,0.3254710124833476,U8,MN8014,16.153041146150784,4.0060338399053546,WPG,SSPG,0.08529742057665858,0.32554938211337126,0.20015785644349707,-1.0965076988990103,2,-1.5909188800765577,999.8,2.3,34.2
0.20612090149636805,0.3255236470050146,U8,MN8014,16.166858877152514,4.003119534797038,WPG,SSPG,0.08562900225455458,0.32609012668668325,0.20021702257605425,-1.0968656926511504,4,-1.5864606081806052,999.8,2.3,34.4
0.20608891886162356,0.32555633526516414,U8,MN8014,16.167972737847904,4.003652460159931,WPG,SSPG,0.08518752422437362,0.32620345148388136,0.20016179197342196,-1.100515024792977,5,-1.5923124155674362,999.9,2.3,34.3
0.20597110285598905,0.3256944450355947,U8,MN8014,16.177538196492,4.003886076238539,WPG,SSPG,0.08547721074362466,0.32617263902984445,0.20021659492128763,-1.0992752955907592,1,-1.5884838922839144,999.7,2.3,34.3
0.2058548500613599,0.32543694795097367,U8,MN8014,16.163730838448334,4.003312879322779,WPG,SSPG,0.08566667207985613,0.3257119751905796,0.2001664174426107,-1.0961760205351003,0,-1.5949888767573892,999.8,2.3,34.3
0.2056865393632062,0.32564799356872853,U8,MN8014,16.174233113791892,4.004077772824773,WPG,SSPG,0.08586668888021823,0.3257312095480631,0.20023097522857522,-1.097217671174684,7,-1.5942333144170462,999.7,2.3,34.3
0.20585773605519012,0.32584867770272846,U8,MN8014,16.16661162137769,4.0032401803170865,WPG,SSPG,0.08574900575963942,0.32592968809482425,0.20017949447149938,-1.0970083928994345,4,-1.5952953235168934,999.7,2.3,34.3
0.20609603978072927,0.32564290002166674,U8,MN8014,16.178944976200345,4.003040136344491,WPG,SSPG,0.08547693873610937,0.3261382975360918,0.20018597779215877,-1.0979818828081358,0,-1.58581022399588,999.7,2.3,34.3
0.2061374841006395,0.32553566267039347,U8,MN8014,16.18496785092978,4.003901524459559,WPG,SSPG,0.08536716329661276,0.3261441700209193,0.20017482440000461,-1.0994377324253655,2,-1.5926479741327206,999.7,2.3,34.3
0.20593952980015365,0.3253726108199755,U8,MN8014,16.18632797844051,4.004198163129568,WPG,SSPG,0.08562935004271031,0.32599245227198864,0.20020373339759648,-1.100310898250181,1,-1.5884962381127892,999.7,2.3,34.3
0.20595260091666875,0.3255065448048397,U8,MN8014,16.188424857647853,4.004625065779797,WPG,SSPG,0.08560553735999943,0.3258406117490523,0.2002085025964141,-1.0982368469096673,2,-1.5917821151642233,999.6,2.3,34.3
0.20633208617524124,0.3253567864398387,U8,MN8014,16.193308198888253,4.003789860612969,WPG,SSPG,0.0856957870890745,0.326132766728789,0.20027480101137057,-1.1003900938461233,3,-1.5903095277830612,999.6,2.3,34.3
0.20608420248281922,0.3254543680872708,U8,MN8014,16.192393658021636,4.005204728780855,WPG,SSPG,0.08577289593421962,0.3258390334859188,0.20021988281231634,-1.0969477125262632,4,-1.590138391795664,999.5,2.3,34.3
0.2063003910437271,0.3251081303865354,U8,MN8014,16.18948292890732,4.003655945364675,WPG,SSPG,0.08528705493253387,0.32612299328261896,0.2002796909088578,-1.100777297498105,0,-1.596080294888388,999.6,2.2,34.3
0.20625146740805195,0.32529378185729907,U8,MN8014,16.18981562417341,4.003172461061093,WPG,SSPG,0.08558098027950757,0.32598359327351645,0.2002462679815215,-1.0991956355920713,3,-1.5970754704482815,999.6,2.3,34.3
0.2062624330731477,0.3255251308256767,U8,MN8014,16.188437893887777,4.003399338843472,WPG,SSPG,0.08562456337771107,0.3262428749553943,0.20026766468674254,-1.0991277748202712,1,-1.5938240186663801,999.6,2.3,34.3
0.20629053193456195,0.32526161826424443,U8,MN8014,16.186804534906216,4.004289939415482,WPG,SSPG,0.08522562892201874,0.3262218923918814,0.20029270719755266,-1.0996458315230022,2,-1.5816236756304782,999.7,2.3,34.3
0.20611233780781443,0.3253220402331196,U8,MN8014,16.189377027866776,4.003856259027962,WPG,SSPG,0.08536812213698126,0.32594462666231533,0.20023381554468592,-1.0985625553963472,4,-1.5915929184459525,999.7,2.3,34.3
0.20589600490349638,0.32538871923592666,U8,MN8014,16.188079285283507,4.0042639327379135,WPG,SSPG,0.08544002240672256,0.3258394960133846,0.20022579159317255,-1.0985770691281496,6,-1.5953738174100263,999.7,2.3,34.3
0.20596540932605012,0.32543265905212326,U8,MN8014,16.18942415706215,4.003835834765638,WPG,SSPG,0.08544382444893658,0.32575556628794505,0.20017009459807378,-1.0982528710453765,5,-1.595252348751842,999.8,2.3,34.3
0.20594890031783367,0.32542129874529896,U8,MN8014,16.183152884965715,4.003505426789906,WPG,SSPG,0.08552935615478138,0.3257650474675972,0.20018770905736294,-1.0976959274090086,4,-1.5953018624326365,999.8,2.3,34.3
0.20622067880507666,0.3254521753377093,U8,MN8014,16.1859088139894,4.003101532806337,WPG,SSPG,0.0855688519471571,0.32602046610278124,0.20021075403523367,-1.097559333470372,5,-1.5949355047732787,999.7,2.3,34.4
0.20608798928704955,0.3254842434789229,U8,MN8014,16.182879027818792,4.003604244364386,WPG,SSPG,0.08561976298876624,0.32591751411690983,0.20019613456612356,-1.0968286106049807,5,-1.595968018315519,999.8,2.3,34.4
0.20585697314311147,0.32553295496840384,U8,MN8014,16.18597884885635,4.004135258069604,WPG,SSPG,0.08564551575270354,0.32570742174637457,0.2001981601641584,-1.0969720858420495,5,-1.5944849002257175,999.7,2.3,34.3
0.206059716755143,0.32554127575199077,U8,MN8014,16.185485665104267,4.003674582172845,WPG,SSPG,0.08560543941719909,0.32588923611441967,0.2002016542229152,-1.098277550597769,7,-1.5877479340513592,999.7,2.3,34.3
0.20574786935367004,0.3253582024477592,U8,MN8014,16.182109662937116,4.00446794404351,WPG,SSPG,0.08558324390479224,0.32551268818767937,0.20019955375962997,-1.0978831633688517,6,-1.5961163064849853,999.7,2.3,34.3
0.20574339161869223,0.3253093775129044,U8,MN8014,16.179214345815396,4.004695420695654,WPG,SSPG,0.08550366661791234,0.3255263577280522,0.200189848799878,-1.0978953145701857,5,-1.594373755627581,999.8,2.3,34.3
0.20565035201693083,0.32539301080256294,U8,MN8014,16.181146176785923,4.005016876992157,WPG,SSPG,0.08567977590207389,0.3254757199666385,0.2002015245987468,-1.0977617937296484,0,-1.5954127799537101,999.8,2.3,34.3
0.2057256424788274,0.3251698250614712,U8,MN8014,16.18879152195935,4.005783308382141,WPG,SSPG,0.08540276206420397,0.32542116027463797,0.20022076127724106,-1.0991036476861875,4,-1.5962329325125637,999.8,2.3,34.2
0.20592054404494728,0.32529787117223713,U8,MN8014,16.186785149604418,4.004557529058079,WPG,SSPG,0.08539915667872401,0.32571916171690046,0.20023669845895117,-1.0992216309115725,0,-1.5894829826700878,999.7,2.3,34.3
0.2056890328133216,0.3252566328875284,U8,MN8014,16.185984397922415,4.005073482914209,WPG,SSPG,0.0853443159249813,0.3254307685548342,0.20021308290008197,-1.0990012639276874,7,-1.593658598769876,999.7,2.3,34.2
0.2058118233569278,0.3251576751483734,U8,MN8014,16.18841432757722,4.005116235597757,WPG,SSPG,0.08544668187830112,0.32543471461995654,0.20020481177943822,-1.0989456682548084,5,-1.5955156345479242,999.7,2.3,34.2
0.20575624183976599,0.3252470594210403,U8,MN8014,16.1857203956244,4.0055033808015885,WPG,SSPG,0.08535968930117538,0.3254281055745319,0.20019723412611445,-1.0990972834666843,4,-1.5939002578113897,999.7,2.3,34.2
0.20565863101353987,0.32524658995539457,U8,MN8014,16.18739885674402,4.005778106521633,WPG,SSPG,0.08542091490406344,0.32532189333710054,0.20017429734587847,-1.0985305426625565,7,-1.5967089562474346,999.7,2.3,34.2
0.2056646207261808,0.3251348837257147,U8,MN8014,16.191607572916283,4.006099760902911,WPG,SSPG,0.08553812782937063,0.32531645903546275,0.2001754312049257,-1.0983506089331594,3,-1.5976234562811875,999.7,2.3,34.2
0.20572551794472738,0.32552704140420013,U8,MN8014,16.186581060318915,4.004860692567645,WPG,SSPG,0.08570340056879291,0.32541434391338303,0.2001456854985144,-1.0972403104245356,4,-1.5916979408692828,999.7,2.3,34.3
0.20562186526228543,0.32539518523201166,U8,MN8014,16.183922318700326,4.005568290078086,WPG,SSPG,0.08567307079019093,0.32522664926094524,0.20014003958347956,-1.0977027194700337,1,-1.595787615458697,999.7,2.3,34.2
0.20538227450145952,0.325343599019127,U8,MN8014,16.188553022338215,4.006603093332799,WPG,SSPG,0.08574853861589235,0.32511748152064524,0.20017461598458589,-1.098776381972857,3,-1.5865582518482366,999.6,2.3,34.2
0.20510190335772238,0.3252002278283682,U8,MN8014,16.187803612740513,4.0081059700278265,WPG,SSPG,0.08568146055853397,0.32481954104644223,0.20018278939705714,-1.0984113146301344,2,-1.59379873348586,999.7,2.3,34.1
0.20519727328899448,0.32548673751518165,U8,MN8014,16.191451959239263,4.006641696365226,WPG,SSPG,0.08583441350515744,0.3249508510396564,0.20014978965770822,-1.0977353298451393,4,-1.58760595816333,999.6,2.3,34.2
0.20538506878757007,0.32526073082865825,U8,MN8014,16.185264517226628,4.006193906568966,WPG,SSPG,0.08573251361340635,0.32509158476571753,0.20018689415916938,-1.0982778620353564,3,-1.5895173854645481,999.7,2.3,34.2
0.20518018247483777,0.32545310644784614,U8,MN8014,16.187563246614687,4.00687182327091,WPG,SSPG,0.08594386219827885,0.3249729658811525,0.20018159236996205,-1.0986338079916687,4,-1.5944721161153463,999.6,2.3,34.2
0.2052098168940782,0.325179572499662,U8,MN8014,16.18861551744019,4.007256616203678,WPG,SSPG,0.08577388915394063,0.3249901416047034,0.20021056846925206,-1.0982710695855975,6,-1.5950494974156797,999.7,2.2,34.2
0.20527994557545293,0.3252550447159753,U8,MN8014,16.190376815639507,4.006882756451214,WPG,SSPG,0.08588579785150872,0.3250464729287712,0.20019973816865227,-1.098260822850119,4,-1.5875693214685889,999.7,2.2,34.2
0.20547926922499862,0.32528662804042885,U8,MN8014,16.190985583007055,4.005756157606674,WPG,SSPG,0.0858848232338219,0.32519351852820017,0.20017026433590407,-1.097893154476814,3,-1.5947783641772837,999.8,2.2,34.2
0.20568935131458344,0.3251257218011263,U8,MN8014,16.187762355215007,4.005466571784507,WPG,SSPG,0.08569095964171212,0.3253719959823883,0.20020022270266558,-1.0992969174614147,2,-1.5967124607243424,999.8,2.2,34.2
0.20579392646039674,0.3251797875206641,U8,MN8014,16.18542215037335,4.004994083865281,WPG,SSPG,0.08581187002713098,0.32554055374863755,0.20019742976474206,-1.098626097323042,5,-1.5953393027750273,999.8,2.2,34.3
0.20567355519633393,0.32512214350935525,U8,MN8014,16.18867957351528,4.005954729705942,WPG,SSPG,0.08585190699939604,0.32535789328902365,0.20021513701574362,-1.0992822039076042,1,-1.592228236361514,999.7,2.2,34.3
0.205823569861392,0.32484826022859004,U8,MN8014,16.180006517412235,4.00592235435727,WPG,SSPG,0.08552415185547395,0.3255877776175983,0.20021244121064954,-1.100756904268564,1,-1.5950616697773068,999.8,2.2,34.2
0.2061817185285008,0.3250772565688841,U8,MN8014,16.185555203967873,4.004909841140628,WPG,SSPG,0.08549975518646595,0.32583203829433666,0.2002081921929062,-1.1009346114867962,7,-1.5899284369509523,999.8,2.2,34.3
0.20587872215882247,0.32535449090437607,U8,MN8014,16.18625396583256,4.00468623362904,WPG,SSPG,0.08559443933919758,0.32554668678667986,0.20015410650992235,-1.0995388778225197,5,-1.5941123033553133,999.7,2.2,34.3
0.2056771354076467,0.3250829494155976,U8,MN8014,16.188851225098624,4.005168239898251,WPG,SSPG,0.08571418797574598,0.32537541065935804,0.20015781131056454,-1.0988352521015132,5,-1.5915403134067336,999.7,2.2,34.2
0.20549531410084948,0.32533186160519245,U8,MN8014,16.180937223412855,4.0056191332581275,WPG,SSPG,0.08596663821991601,0.32524471056924775,0.2001579671024571,-1.0982277713462885,0,-1.5948031051136944,999.7,2.2,34.2
0.2054928862612316,0.3248922486567587,U8,MN8014,16.177357586623963,4.006425472492113,WPG,SSPG,0.08567413107882096,0.3252345492816705,0.20019254498196995,-1.0995921097566046,1,-1.5914781628535284,999.7,2.2,34.2
0.20546644276099688,0.32501833632165195,U8,MN8014,16.179230803902954,4.005915830574278,WPG,SSPG,0.08566167738044766,0.32519902254819255,0.20017865544661584,-1.1004760344176556,6,-1.5939585819287352,999.7,2.2,34.2
0.20549311197450235,0.3249255024993679,U8,MN8014,16.177196285714917,4.007132275262799,WPG,SSPG,0.08548833753007717,0.3252783231555901,0.20018869019982982,-1.1000104259005008,4,-1.5955007578299636,999.7,2.2,34.1
0.20510093606578508,0.3248490806562716,U8,MN8014,16.176874391028576,4.007942624289549,WPG,SSPG,0.08557399547479089,0.325019201716534,0.20021995189399977,-1.100146143102123,4,-1.5938101934660196,999.7,2.2,34.1
0.20561787639267662,0.3250456667438616,U8,MN8014,16.176045380079728,4.006389132061154,WPG,SSPG,0.08569240642918809,0.32548924974612087,0.2002044988322091,-1.0995450132155924,5,-1.592095830038069,999.7,2.2,34.2
0.20554437311681908,0.324825185147457,U8,MN8014,16.17985335550192,4.0062302441057005,WPG,SSPG,0.08551317732077574,0.32528308096681247,0.2001994171881088,-1.1004329597033609,5,-1.5931969903545333,999.7,2.2,34.2
0.20544492909188,0.3250373401985235,U8,MN8014,16.17857838714203,4.006734655586624,WPG,SSPG,0.08571304976110286,0.3251458593995458,0.20019007060795158,-1.0996632202592034,4,-1.595782904734353,999.7,2.2,34.2
0.2054826669382112,0.32497512107791193,U8,MN8014,16.176562903066653,4.0064280669524726,WPG,SSPG,0.0856002605229845,0.3252013859748525,0.20020092625426117,-1.0998000912332795,6,-1.5948921610062818,999.7,2.2,34.2
0.2052700134023707,0.3250448983856631,U8,MN8014,16.17826224427447,4.00666446217746,WPG,SSPG,0.08558370635249074,0.3248753541648685,0.20015211567732685,-1.0994985044489818,6,-1.5965851531055417,999.7,2.2,34.1
0.20540118118150902,0.3251733261199474,U8,MN8014,16.177546910399816,4.00653016439713,WPG,SSPG,0.08570179937233277,0.3251465852178281,0.20019225949406516,-1.0997919348389407,6,-1.5930045693154788,999.7,2.2,34.2
0.20544755264354775,0.3251968477568685,U8,MN8014,16.172631086687034,4.005970627792907,WPG,SSPG,0.08570878972540984,0.3250806802446271,0.20015163436178013,-1.0991759390493112,0,-1.5946349581172488,999.7,2.2,34.2
0.20525934704224913,0.3252369085712827,U8,MN8014,16.16766945229218,4.00615311033621,WPG,SSPG,0.08585443581357223,0.3250256185432791,0.20015766717415076,-1.0987309530559273,3,-1.5951482141563407,999.7,2.2,34.2
0.20535337584796404,0.32526154789476996,U8,MN8014,16.170461143946607,4.005478239120365,WPG,SSPG,0.08587096701562465,0.3250806339271746,0.2001590792674289,-1.0985522295584396,5,-1.5881982088908604,999.8,2.2,34.2
0.20530333879419294,0.32523990074458353,U8,MN8014,16.16985118487252,4.0051443639816515,WPG,SSPG,0.08594887486687272,0.324953707080261,0.20013590989721664,-1.0980207910925908,7,-1.5954470492346662,999.8,2.2,34.2
0.20531020648032114,0.32524620230515616,U8,MN8014,16.165882227778717,4.005129718268522,WPG,SSPG,0.08590163812286836,0.3250162293475713,0.20015042553359155,-1.0984072729933945,0,-1.593909876655026,999.8,2.2,34.2
0.20526223092153054,0.3248874360462367,U8,MN8014,16.16617870263573,4.005766484726344,WPG,SSPG,0.08572036688839271,0.32486323019036056,0.2001421707003375,-1.0989984879792518,4,-1.5925656918538973,999.8,2.2,34.2
0.20569047443787702,0.3248604139750608,U8,MN8014,16.16861748388363,4.004831250443729,WPG,SSPG,0.0854404529791544,0.3251719343957837,0.2001203860879177,-1.0993512681982465,3,-1.5944789768295493,999.9,2.2,34.2
0.20556372744228626,0.32490964470985617,U8,MN8014,16.167524344645805,4.005178362506508,WPG,SSPG,0.08543227536401349,0.3250772392857527,0.200103944396439,-1.0991161077357816,4,-1.5976160585762766,999.9,2.2,34.2
0.20574706943857138,0.32469661209645734,U8,MN8014,16.170367335784526,4.004563910130465,WPG,SSPG,0.08535778614765022,0.32523252081724247,0.20013378876607638,-1.0994907548492643,3,-1.594682815855366,999.9,2.2,34.2
0.20578309786512122,0.32473905296417444,U8,MN8014,16.170776979520518,4.003970469080644,WPG,SSPG,0.08523760921825245,0.32517066349201773,0.20009118008890342,-1.099313160383002,7,-1.595456781294864,999.9,2.2,34.2
0.20580037962021422,0.32464449436548015,U8,MN8014,16.168849614507245,4.004426088758318,WPG,SSPG,0.08508814105273926,0.3251369639921602,0.20008214735515317,-1.099050260303705,7,-1.599708934761395,999.9,2.2,34.2
0.2060146551864216,0.3243656393544231,U8,MN8014,16.16305068974053,4.004144677182067,WPG,SSPG,0.08492034743712311,0.325355734873414,0.2000993168567268,-1.0995698952751862,2,-1.5950044105014616,999.9,2.2,34.2
0.20613594124579424,0.32431467533835584,U8,MN8014,16.172413246872544,4.004400753914174,WPG,SSPG,0.08473300506706276,0.3256402162228834,0.20013145565866675,-1.1003271221685686,0,-1.5996017060436074,999.9,2.2,34.2
0.2057760171057741,0.3243108543997273,U8,MN8014,16.16311242941722,4.005422828411485,WPG,SSPG,0.08510205059118581,0.32544328149589546,0.20016081823778978,-1.0995280952070756,7,-1.5880509411444415,999.9,2.2,34.2
0.205857385272605,0.3246251122363194,U8,MN8014,16.16691430261121,4.004122569378622,WPG,SSPG,0.08514804436867598,0.32550898761674063,0.20011379318275954,-1.0995797837211276,2,-1.595916641753126,999.9,2.2,34.2
0.2056151404422612,0.32489395280998906,U8,MN8014,16.16438533588058,4.004047042902012,WPG,SSPG,0.0853120035468864,0.3250625932642133,0.20008009318204997,-1.098914213166098,1,-1.590059129620128,999.9,2.2,34.3
0.20511448332353463,0.3247202077939878,U8,MN8014,16.165056055054333,4.005259548362457,WPG,SSPG,0.08512051313125044,0.3246359204221775,0.20009505642826741,-1.099755472225355,3,-1.5966439101569865,999.9,2.2,34.1
0.2051297929022581,0.3247633645153647,U8,MN8014,16.160948313684056,4.005518490016809,WPG,SSPG,0.08517489228685746,0.3246872021623685,0.2001013778176286,-1.1003367226669782,1,-1.5956293593406965,999.9,2.2,34.1
0.20551304597179904,0.3243817979739725,U8,MN8014,16.168747058792988,4.00526627892363,WPG,SSPG,0.08477906183166559,0.32489482544748766,0.20009622708068375,-1.1011111133840688,7,-1.592414099139683,999.9,2.2,34.1
0.20545905144564092,0.32432294148453833,U8,MN8014,16.16169958368554,4.003531432424739,WPG,SSPG,0.08475154558928708,0.32476737422635804,0.20004533258267038,-1.1000859189113308,1,-1.596051210028767,1000.0,2.2,34.1
0.20579876984735088,0.32418909562535847,U8,MN8014,16.171076936783706,4.00390576280843,WPG,SSPG,0.08465221070074978,0.325050296259919,0.20005160615127343,-1.100764610368101,1,-1.5960856969509365,1000.0,2.2,34.2
0.20593585995789895,0.32424392293417154,U8,MN8014,16.171995099690967,4.003873202037167,WPG,SSPG,0.08456379543099501,0.3252251070952025,0.2000665644358794,-1.1013946703323605,4,-1.5943089478779218,999.9,2.2,34.1
0.2053776511983196,0.3243559153331078,U8,MN8014,16.171263761824427,4.005073169998343,WPG,SSPG,0.08495432968283513,0.3248085379641933,0.200081980791226,-1.100771371373037,1,-1.5959744114544314,999.8,2.2,34.1
0.20570079230107602,0.32424961800800967,U8,MN8014,16.168195850269033,4.005353603064895,WPG,SSPG,0.0848391637584473,0.3252163136639244,0.2000970370654554,-1.101893695026637,4,-1.5979688650084594,999.8,2.2,34.1
0.20547877560289213,0.3242970810715589,U8,MN8014,16.170922796211688,4.004988105096892,WPG,SSPG,0.08502982974514459,0.3250422232492586,0.20013229081346084,-1.1023726135329168,4,-1.5979409258150934,999.7,2.2,34.0
0.20553395961624604,0.3241360770688708,U8,MN8014,16.172952425760055,4.0054531399273445,WPG,SSPG,0.0846767119881412,0.325049940714367,0.2000767055855375,-1.102756808214051,7,-1.5967803561378222,999.8,2.2,34.0
0.2054589514165734,0.32437449936664076,U8,MN8014,16.168876487514776,4.004932789914042,WPG,SSPG,0.08487310437567636,0.3249438705875328,0.2000797515648463,-1.101851188463829,7,-1.5985349429022602,999.7,2.2,34.0
0.2059949190278091,0.32401086251444733,U8,MN8014,16.167550034332557,4.003997922835853,WPG,SSPG,0.08448683215254092,0.32531221497379037,0.2000757445115555,-1.1019878029873906,5,-1.5986525024117846,999.8,2.2,34.1
0.20530967357475202,0.3238524084988544,U8,MN8014,16.16200502131561,4.005160552454674,WPG,SSPG,0.0847720308333795,0.3246816975758834,0.20011545667017294,-1.1004556554645912,1,-1.596216566877608,999.9,2.2,34.1
0.2058427237428852,0.3241014747729278,U8,MN8014,16.160939842406222,4.003380171152199,WPG,SSPG,0.08484629436814395,0.3253077823924424,0.20009896632370064,-1.0983158807105882,3,-1.5961195259157055,999.9,2.2,34.2
0.2061415709233552,0.32412496862776785,U8,MN8014,16.163723820364602,4.002538572272678,WPG,SSPG,0.08470036013942998,0.3253631207055798,0.20009729753447383,-1.0990724472348585,3,-1.5995075701591173,999.9,2.2,34.2
0.20602756047273893,0.32420901570295985,U8,MN8014,16.15685988655442,4.003519722820025,WPG,SSPG,0.08492157463270954,0.325330656747869,0.20010493498532633,-1.098274504508625,0,-1.5974497331038933,999.9,2.2,34.2
0.20603708216688388,0.3241602514105102,U8,MN8014,16.162940413485195,4.003240426313304,WPG,SSPG,0.0847920157651735,0.32552834923760543,0.20013732840189705,-1.1001278472235487,4,-1.5992942274851671,999.7,2.2,34.1
0.20592583024548686,0.32412990441968487,U8,MN8014,16.16676557337378,4.005086340214647,WPG,SSPG,0.08456704453125312,0.3253841678878086,0.20015511928160876,-1.101335013376425,2,-1.5952407494322607,999.6,2.2,34.1
0.20608760709547622,0.3244873130020749,U8,MN8014,16.155891522715294,4.002815854923317,WPG,SSPG,0.08473063026920527,0.3256018897483753,0.20011116931191988,-1.0993169399998728,7,-1.5971639777093873,999.9,2.2,34.2
0.2059103418971471,0.32420302196268175,U8,MN8014,16.159507227975894,4.003581312599819,WPG,SSPG,0.08470441063517906,0.32540362460871647,0.2001354982083358,-1.0988712203275575,0,-1.594270509843387,999.8,2.2,34.2
0.20627202173265663,0.3243324292056555,U8,MN8014,16.164498598662938,4.002971562110703,WPG,SSPG,0.08458821153944772,0.32574463120706354,0.2001771239181998,-1.100133157699812,1,-1.5996626333534483,999.8,2.2,34.2
0.2059361409996708,0.32406444344214763,U8,MN8014,16.17001559923926,4.003116788104618,WPG,SSPG,0.08464483780382422,0.3251835356652075,0.20009917784877157,-1.0970095833528573,4,-1.601415216974381,999.9,2.2,34.2
0.20615639225052568,0.3239167343599022,U8,MN8014,16.171655687825336,4.003242141569176,WPG,SSPG,0.08460262336372731,0.3256961881806684,0.200166899800796,-1.098744353219793,7,-1.5991266794942103,999.9,2.2,34.2
0.20591671402418515,0.3243672563014889,U8,MN8014,16.1646568689952,4.0024538413988155,WPG,SSPG,0.08475121862801258,0.32552704181703157,0.20016859386167493,-1.0981538376800535,4,-1.5926093107182275,999.9,2.2,34.3
0.2062118516986167,0.32424410900945494,U8,MN8014,16.165755372932956,4.001818644038088,WPG,SSPG,0.08468626192357066,0.32558855180281465,0.2001473980831201,-1.0959611343003026,7,-1.598401519366087,1000.0,2.2,34.4
0.20591484350153347,0.3239728751676432,U8,MN8014,16.17078122081683,4.0038006106515995,WPG,SSPG,0.08452597438081377,0.3251263915298918,0.20016516281731841,-1.0975001152359365,5,-1.5922909851577671,999.9,2.2,34.2
0.20604251309250893,0.32436282271042005,U8,MN8014,16.172066349855527,4.002790825893262,WPG,SSPG,0.08445159709009495,0.3253160674499153,0.20013964793829192,-1.0985641932480863,0,-1.59652971778827,999.8,2.2,34.2
0.20620877630813128,0.3237076535249872,U8,MN8014,16.17054073827391,4.0022766908413185,WPG,SSPG,0.08408844857049595,0.3253157046386931,0.2002118854414886,-1.0986278878387314,4,-1.5966822478890936,999.9,2.2,34.2
0.2056142927909405,0.3240659253433659,U8,MN8014,16.175554674883735,4.004446566413246,WPG,SSPG,0.0844031170595261,0.32497888249355145,0.200234239152546,-1.0996269406265715,7,-1.5983995426022801,999.8,2.2,34.1
0.2060203519511912,0.3241531157818724,U8,MN8014,16.181754534327638,4.003672146781499,WPG,SSPG,0.08424179240751392,0.32508665111101787,0.2001548842292198,-1.0992896738560243,6,-1.6007339745253066,999.8,2.2,34.2
0.20614757519905164,0.32418709453220584,U8,MN8014,16.17225525417279,4.004826137218748,WPG,SSPG,0.08438766164449836,0.3254620040813941,0.2001893841489864,-1.0982068711146828,4,-1.5950895892281256,999.8,2.3,34.2
0.20609401716465264,0.32376205420418386,U8,MN8014,16.17675499032392,4.005044722089703,WPG,SSPG,0.08400506930815885,0.32531553788667505,0.2002546463490747,-1.1011067726146222,4,-1.590865883766142,999.8,2.2,34.1
0.20605828546043642,0.32355021276724605,U8,MN8014,16.179512619682697,4.005972473643996,WPG,SSPG,0.08429609662520006,0.32552170274626213,0.20029888265635218,-1.1005249614729167,5,-1.6004796061621072,999.8,2.2,34.1
0.20596715058771214,0.32367519510138193,U8,MN8014,16.17614858187662,4.0050265794555,WPG,SSPG,0.0843556179226859,0.3252399380510892,0.20023572422542407,-1.1010470393518608,5,-1.5945985994266536,999.9,2.2,34.1
0.2058550822192744,0.3239053869891595,U8,MN8014,16.188405804848728,4.006372854535966,WPG,SSPG,0.08429349800141869,0.32529310328892175,0.20033883520901927,-1.1027421719439792,3,-1.5991842251504735,999.7,2.2,34.1
0.20571904729640517,0.3237731493876345,U8,MN8014,16.170391607716333,4.005586082401273,WPG,SSPG,0.08419799644455087,0.32485381708411876,0.2002387021460784,-1.10078621136455,6,-1.6011997665261557,999.9,2.2,34.1
0.20579950466448896,0.32397323443683784,U8,MN8014,16.174537286294907,4.0047965654936135,WPG,SSPG,0.0843679874889458,0.3248631880938272,0.2001835720981338,-1.1009364723393193,6,-1.5909222847411701,999.9,2.2,34.1
0.2060100604278333,0.32412615949443413,U8,MN8014,16.164787234685825,4.003444222563936,WPG,SSPG,0.08443580398199997,0.3251760398404135,0.2001518608872271,-1.0997345354038943,1,-1.5982491514412036,999.9,2.2,34.2
0.2056345867489334,0.3241642426622262,U8,MN8014,16.171363289464637,4.00420297672643,WPG,SSPG,0.08454366520362867,0.3246462207964216,0.20016322333281145,-1.1006936683603497,5,-1.5947043120427438,999.9,2.2,34.2
0.20626556405388838,0.3235902474441177,U8,MN8014,16.17768753612396,4.003256364933583,WPG,SSPG,0.08362474196078118,0.3251974803955131,0.20012622239360464,-1.1028777159517769,5,-1.6047902161414438,999.9,2.2,34.1
0.2061619664218394,0.32419028436380126,U8,MN8014,16.174569329859548,4.00270514052044,WPG,SSPG,0.08426299172238257,0.3252381816280728,0.20009421642946715,-1.1008578812657315,4,-1.5906542716359002,999.9,2.2,34.2
0.2060748920012967,0.32376674794703403,U8,MN8014,16.179637575957475,4.002344820169968,WPG,SSPG,0.08418691422733299,0.32536482422170365,0.20020911773600392,-1.1016159151217328,0,-1.5987317350234846,999.9,2.2,34.2
0.20615190079656676,0.32392385358311837,U8,MN8014,16.175923530732454,4.0024439666003575,WPG,SSPG,0.08411776243068264,0.3254416079921777,0.20019535067563493,-1.1018633099190036,6,-1.5985064316133126,999.9,2.2,34.1
0.20624030299360852,0.3237803895799527,U8,MN8014,16.172867105974927,4.00149210824827,WPG,SSPG,0.08390548244857685,0.32512260529089654,0.20008558076966845,-1.0995760623873685,4,-1.6047793026870885,1000.0,2.2,34.2
0.20631635476576898,0.3239870235937024,U8,MN8014,16.18045130509484,4.001929421746564,WPG,SSPG,0.08409576682556506,0.32549189463445627,0.20013946376297115,-1.1005584844723193,4,-1.59831222147025,1000.0,2.2,34.2
0.20597534371779164,0.3239400326362117,U8,MN8014,16.16514669438253,4.000749219987216,WPG,SSPG,0.08430700065730579,0.3250678444983855,0.20006475726594675,-1.099699198032642,7,-1.6018032681155443,1000.0,2.2,34.2
0.20616079669639215,0.32402599783368136,U8,MN8014,16.169765869468165,4.000688172238067,WPG,SSPG,0.0838984064777243,0.3251402092799277,0.20006298845203216,-1.1011349142640803,0,-1.6023953970842655,1000.0,2.2,34.2
0.20618800361564565,0.3238157634352694,U8,MN8014,16.171021154069784,4.001288711746318,WPG,SSPG,0.08413184799632108,0.32506516038865235,0.20005088353071887,-1.099234548139839,2,-1.603936560483664,1000.0,2.2,34.2
0.2063567673134722,0.32419394411217983,U8,MN8014,16.17369558049777,4.000192713822141,WPG,SSPG,0.08414426424601569,0.324929571413902,0.2000097830524111,-1.0986842576408176,0,-1.5986211996579236,999.9,2.2,34.3
0.20640320372193618,0.3247188867052357,U8,MN8014,16.17009444076009,4.000005054604568,WPG,SSPG,0.08446674031272247,0.32513154138228095,0.20001569176955902,-1.0979613598624065,0,-1.5838454998687599,999.9,2.2,34.4
0.20606411533917668,0.3249859578165967,U8,MN8014,16.162765860275165,4.0002892953946985,WPG,SSPG,0.0845334064777791,0.32483696718078714,0.20000831551816492,-1.0968430453821898,4,-1.597909716940885,1000.0,2.3,34.4
0.20563060095045288,0.3247494990526489,U8,MN8014,16.155289082404003,4.000002211803274,WPG,SSPG,0.08459576903245414,0.3241518147217982,0.20000117833678932,-1.0943387604786625,7,-1.6005595614337622,999.7,2.2,34.4
0.20617916707599637,0.3247670393800723,U8,MN8014,16.170306902134676,4.000012403653444,WPG,SSPG,0.08397669578158024,0.3246125755459147,0.20000005086642156,-1.096664974262174,3,-1.5969627005865927,999.8,2.2,34.4
0.20524098352357986,0.32468286787865824,U8,MN8014,16.16071442132445,4.000351194609136,WPG,SSPG,0.08450966206255926,0.3237688543129298,0.2000027167574207,-1.0961709580339605,7,-1.6001179716753047,999.7,2.3,34.3
0.2060448349889458,0.3242988244433077,U8,MN8014,16.174679429233873,4.000112457978167,WPG,SSPG,0.08381632812756795,0.32450190282056063,0.20000000535769857,-1.0981484919570041,3,-1.5979659897959202,999.6,2.2,34.4
0.20594517574611093,0.32464030713847686,U8,MN8014,16.17271461910585,4.000006623204916,WPG,SSPG,0.08419274867625356,0.3244702095480921,0.20000028865612732,-1.095076405043363,7,-1.596496257508278,999.7,2.3,34.5
0.2060216786488152,0.32504645587526954,U8,MN8014,16.16619303490373,4.000052454560043,WPG,SSPG,0.08435679295442555,0.3245968561431907,0.20000143732112713,-1.0938354470364873,3,-1.6000401095866774,999.6,2.3,34.5
0.20614655964086515,0.3245730678595048,U8,MN8014,16.161072124519002,4.000437043512447,WPG,SSPG,0.08417481802500165,0.32471056232847906,0.20001704575734672,-1.0964849153960823,0,-1.596996444357547,999.9,2.3,34.4
0.20612457401345202,0.3247070679220534,U8,MN8014,16.17393053369343,4.000213984437961,WPG,SSPG,0.08434286704571997,0.32499744237753253,0.2000375654491146,-1.0939433660183038,7,-1.5929478040532814,999.9,2.3,34.5
0.20575646613193815,0.3244730212173811,U8,MN8014,16.172515301644093,4.0005314661948,WPG,SSPG,0.08410591532055488,0.3247616388944807,0.200071170515565,-1.096820401057212,4,-1.5957795011296216,1000.0,2.3,34.3
0.2054653385284731,0.3251385302053663,U8,MN8014,16.15688215163158,4.00001072207999,WPG,SSPG,0.08455784093476545,0.32426162483553944,0.20000094015165074,-1.0934144529640473,1,-1.6004333089808984,999.8,2.3,34.4
0.20602702880815213,0.32454345910518617,U8,MN8014,16.169673545703652,4.0000972327604565,WPG,SSPG,0.08442540069616587,0.3250430182926254,0.2000319367410493,-1.095322135228046,1,-1.600492485946532,1000.0,2.2,34.4
0.20565551151174422,0.3244197068004028,U8,MN8014,16.174437791906747,4.000209939457914,WPG,SSPG,0.08450073922267358,0.32456046196400046,0.20001956952135352,-1.0949862183332035,4,-1.5927552680894692,999.9,2.3,34.4
0.20617221342190384,0.3247951638619513,U8,MN8014,16.17307004795485,4.000001868431073,WPG,SSPG,0.08443622745668983,0.3248940216182511,0.20001220353630175,-1.094383133499317,1,-1.6021453860434551,999.9,2.3,34.5
0.20620145569064408,0.32431141177142225,U8,MN8014,16.175597785186408,4.000142646340211,WPG,SSPG,0.0841550655335243,0.325006899063292,0.2000180156707806,-1.0980162581503434,6,-1.5989770389680231,999.9,2.2,34.4
0.20584410776202766,0.32455480083829397,U8,MN8014,16.179142436481538,4.0001777739972155,WPG,SSPG,0.08435166844987661,0.32459920490214894,0.20002184623334232,-1.0971236349229618,0,-1.5990813496163803,999.9,2.3,34.4
0.20565129373638502,0.3250890125127103,U8,MN8014,16.170241800605673,4.000074265404091,WPG,SSPG,0.08441916411474873,0.3242738355845471,0.20000034657557897,-1.0944674534599566,3,-1.5976150325804674,999.7,2.3,34.5
0.2058676211826761,0.3246594313644188,U8,MN8014,16.175255354034924,4.000382122866286,WPG,SSPG,0.08447466533143602,0.3244958347508905,0.20000628421618727,-1.095709559544902,0,-1.6005027748406082,999.9,2.3,34.4
0.2056300302109298,0.32424598216569234,U8,MN8014,16.170888325108308,4.000264582011328,WPG,SSPG,0.08421254037557263,0.3243725955408304,0.20000985377813155,-1.0963095431668455,0,-1.6006378675545214,999.9,2.2,34.3
0.20591941600053484,0.3246930333100213,U8,MN8014,16.16693495271165,4.000002019119964,WPG,SSPG,0.0843924327259407,0.3247190651659245,0.20000689755175502,-1.0948706798343402,3,-1.5944780069916025,999.9,2.3,34.5
0.20539906495199906,0.32497904977143155,U8,MN8014,16.16341771277021,4.000126742514596,WPG,SSPG,0.08479457176584584,0.3242194059686867,0.20000099192891305,-1.0930074606190292,4,-1.593675384674082,999.8,2.3,34.5
0.2057956346441388,0.32493298141975024,U8,MN8014,16.158183531817507,4.000000411357261,WPG,SSPG,0.08480243054779765,0.324896539108216,0.20000916110691377,-1.093482380144111,2,-1.5907333925875111,999.9,2.3,34.5
0.20573177476383195,0.32516004144293653,U8,MN8014,16.158844492653945,4.000004965626269,WPG,SSPG,0.08480124066366182,0.32477399163894427,0.20002134375608333,-1.0936350566832984,2,-1.5982598113226825,999.9,2.3,34.5
0.20590343532767252,0.32472475460218125,U8,MN8014,16.161881115270518,4.0000232621711715,WPG,SSPG,0.08471844110591735,0.3248769048249452,0.20002386312513046,-1.093370390555169,6,-1.5992285093351342,999.9,2.3,34.5
0.20582265699719432,0.32505060735000446,U8,MN8014,16.155256551367813,4.000015404225114,WPG,SSPG,0.08494654005696553,0.32498218994605893,0.2000389007516684,-1.0925149675898211,4,-1.5965628890663215,999.9,2.3,34.6
0.20605001497390707,0.32485846721711514,U8,MN8014,16.153745271262146,4.000392676875005,WPG,SSPG,0.08481126396089804,0.325569829519654,0.2001228685310741,-1.0936243778564496,7,-1.5943220850744293,1000.0,2.3,34.5
0.20566106033936699,0.32487279127737206,U8,MN8014,16.15143822168377,4.0003096311316515,WPG,SSPG,0.08486823199060434,0.3248689692388684,0.20007064089333518,-1.0927817823446495,3,-1.5967703802092572,999.9,2.3,34.5
0.20574144981054424,0.3246619938340374,U8,MN8014,16.165548088893118,4.000427281804819,WPG,SSPG,0.08489497302771626,0.3249398095238055,0.20010198307889193,-1.0930447103877057,0,-1.595755321059146,999.9,2.3,34.5
0.20545866422669865,0.3249721526523474,U8,MN8014,16.15841082310091,4.000355217459623,WPG,SSPG,0.08495479260582756,0.3245658611553134,0.20005298012825184,-1.0937163445379325,7,-1.595212727252898,999.9,2.3,34.5
0.20586045448374257,0.325112222950297,U8,MN8014,16.164084998039325,4.000058455033221,WPG,SSPG,0.08461226764313216,0.3248454374553544,0.20004373674379688,-1.0938268881773285,6,-1.5965305866616966,999.9,2.3,34.5
0.2058669682535558,0.3251312928204528,U8,MN8014,16.16779971380511,4.000070750945794,WPG,SSPG,0.08450606995136499,0.3247582163220018,0.20002238842240064,-1.0933506559892001,0,-1.5992381280288175,999.9,2.3,34.5
0.20562132556595725,0.32488202350490014,U8,MN8014,16.15740159513964,4.000105033075631,WPG,SSPG,0.08433095811938429,0.3244515101769301,0.20001548985760595,-1.0945967673136772,0,-1.5976687369962939,999.8,2.3,34.4
0.2058918877163003,0.3248412158187133,U8,MN8014,16.16608313365447,4.0003212018987355,WPG,SSPG,0.08440376178334583,0.3249898617428152,0.20004933550514675,-1.094417724517646,7,-1.5985614810639124,1000.0,2.3,34.4
0.20574495441844065,0.32488035265260146,U8,MN8014,16.16539584399419,4.000257583378291,WPG,SSPG,0.0844519345087371,0.32485091287716145,0.20004267734585152,-1.0937682170506096,0,-1.5976676097608085,999.9,2.3,34.5
0.2060412566006889,0.3245108292837452,U8,MN8014,16.166005235425715,4.000918527332741,WPG,SSPG,0.08423843537123868,0.32516928765398107,0.20010387383288078,-1.0939298124173464,4,-1.5957874648680495,999.9,2.3,34.4
0.20571855293728689,0.3248490430158119,U8,MN8014,16.16067468121583,4.0001888996108965,WPG,SSPG,0.08426170471460621,0.32469295069599996,0.20003285477318333,-1.094205825098122,7,-1.599338906090857,999.9,2.3,34.4
0.2062116011425975,0.324820705885275,U8,MN8014,16.158525522358495,4.000065811835991,WPG,SSPG,0.08455887248184418,0.32531887241146906,0.20003704002336678,-1.0916193768163553,3,-1.5982099033942312,999.8,2.3,34.6
0.20617466594341705,0.3249971536963149,U8,MN8014,16.15476188619352,4.000022735742067,WPG,SSPG,0.08407165295045299,0.32520087606594683,0.20000942571868024,-1.0940736672414508,6,-1.5988567228453014,999.8,2.3,34.5
0.20637221396909378,0.3246404059545793,U8,MN8014,16.16137374811866,4.000312064551443,WPG,SSPG,0.08418162383639792,0.32557497406257485,0.20003468575912764,-1.094211735529376,1,-1.5988285726249423,999.9,2.3,34.5
0.2059991407899145,0.3250455829416266,U8,MN8014,16.153021669335725,4.0002148325583615,WPG,SSPG,0.0844656600920579,0.32509416639194744,0.2000109944351875,-1.093203476864467,0,-1.6006942632601504,999.8,2.3,34.5
0.205981236843762,0.32541459527275707,U8,MN8014,16.159807625493265,4.000285382149575,WPG,SSPG,0.08428165890596416,0.32504494362126224,0.20000309565675986,-1.0941871381422419,6,-1.600304620426595,999.7,2.3,34.5
0.20587320224539885,0.3249559502244631,U8,MN8014,16.16151337184654,4.0003281590575135,WPG,SSPG,0.08397639415917202,0.32496363851638904,0.20000369457876876,-1.0941050297921218,0,-1.5965937777275787,999.8,2.3,34.4
0.20647941205439033,0.32541581786597823,U8,MN8014,16.16740373291146,4.000051196748597,WPG,SSPG,0.08391037909047523,0.3257115967324027,0.2000034019751465,-1.0950437667617698,7,-1.6001119854638723,999.8,2.4,34.5
0.20654278001279147,0.32521304841386445,U8,MN8014,16.15833220999395,4.000017134241071,WPG,SSPG,0.08405900758490667,0.32554304333374423,0.2000018020056358,-1.0951902162079323,5,-1.5987939583027533,999.7,2.3,34.5
0.2059941629952377,0.3252088055418515,U8,MN8014,16.153920364529686,4.000149744327039,WPG,SSPG,0.08427988862853095,0.32499379867276795,0.200003937580965,-1.0948343039905062,5,-1.596862101296054,999.8,2.3,34.4
0.2059973551146196,0.32558601177115676,U8,MN8014,16.16318574398229,4.000002324921305,WPG,SSPG,0.08457041560760005,0.3250392352301208,0.20001915273306026,-1.0937465734828575,2,-1.5980027345899064,999.8,2.4,34.5
0.2057509377173934,0.3251615548629258,U8,MN8014,16.15469654342442,4.000012056184293,WPG,SSPG,0.08413813049369812,0.3244434702643432,0.20002367717614786,-1.0955383588056111,6,-1.6029430393847477,999.7,2.3,34.4
0.20624325330231524,0.3252868594643184,U8,MN8014,16.16542120578128,4.00000667612861,WPG,SSPG,0.08464314498679029,0.32516997294840644,0.20000963601937102,-1.095174701358849,7,-1.5988035234947553,999.8,2.3,34.5
0.20642904491922676,0.3250130895913659,U8,MN8014,16.16910618201579,4.000161226411522,WPG,SSPG,0.08439546447079362,0.32531428864927897,0.2000095542479822,-1.0916822946864322,4,-1.5975515547250598,999.5,2.3,34.6
0.20620720827606823,0.32492833034410756,U8,MN8014,16.159093667546628,4.000055001371702,WPG,SSPG,0.08444030498780071,0.3255327334546451,0.2000016495434574,-1.094193868844631,6,-1.5917832394532585,999.8,2.3,34.5
0.206298095216841,0.32448989948730356,U8,MN8014,16.155046055943554,4.000090520376755,WPG,SSPG,0.08421861476096207,0.3254369213779242,0.20000150277913922,-1.0953108526274686,3,-1.6010680974049354,999.9,2.3,34.4
0.2057732839492461,0.32488713223847177,U8,MN8014,16.155333045760383,4.00005662990827,WPG,SSPG,0.08446494053745698,0.3250516248798868,0.20000026833579934,-1.095582320804889,7,-1.5959613445294316,999.8,2.3,34.4
0.2064135816464714,0.3246978773758378,U8,MN8014,16.15929311882512,4.0000000013623795,WPG,SSPG,0.08409272546902509,0.325308559393689,0.20000486043369592,-1.0946134794212508,4,-1.6021050778862307,999.7,2.3,34.5
0.2063453566976012,0.32494941813454314,U8,MN8014,16.168446050453156,4.000031622798134,WPG,SSPG,0.08407240729085823,0.32506963548855994,0.20001548430454003,-1.0952896300340091,2,-1.5947044862954538,999.7,2.3,34.5
0.2063949288390956,0.3252331285144842,U8,MN8014,16.15789971052599,4.000063998736784,WPG,SSPG,0.08411347175120626,0.325243853449017,0.2000235512633711,-1.0945827763831992,5,-1.5986807164524617,999.7,2.3,34.5
0.20676075912237193,0.32529202810205293,U8,MN8014,16.172003995573903,4.000189972260789,WPG,SSPG,0.08371554250202251,0.3255628018842242,0.20002352651771735,-1.0960891624018316,5,-1.6021062925000074,999.7,2.3,34.5
0.20637652841211326,0.325273469682399,U8,MN8014,16.170471618576734,4.000000293148246,WPG,SSPG,0.08362576690632194,0.32507591330568447,0.20002705256087006,-1.096965047104824,7,-1.5965761258230717,999.7,2.3,34.5
0.20668706349182348,0.3251053750517421,U8,MN8014,16.165813451517785,4.000205144114092,WPG,SSPG,0.08359143069352125,0.32542304569172176,0.20005963104245644,-1.0968515807838193,7,-1.6039363027684566,999.6,2.3,34.5
0.2063924712139838,0.32542159063187337,U8,MN8014,16.16939774789493,4.00015073494795,WPG,SSPG,0.08393009128931661,0.32496607679348544,0.20006088081920861,-1.0955061436573568,6,-1.6023699017632804,999.6,2.3,34.5
0.20656564014872003,0.3251104938622653,U8,MN8014,16.169052449735283,4.000068776446446,WPG,SSPG,0.0836191890198763,0.3252026628777702,0.20002902006548556,-1.0984207329998974,7,-1.5996937187876785,999.7,2.3,34.5
0.20662638977679207,0.3254393811288862,U8,MN8014,16.180637347840303,4.000000214555151,WPG,SSPG,0.08387574732157818,0.32551072245345053,0.2000004739096092,-1.0977697916360185,2,-1.6026391617903748,999.8,2.3,34.5
0.2064416835240414,0.32537364681758696,U8,MN8014,16.16154295453453,4.000070841879833,WPG,SSPG,0.0843458013576628,0.325560076730487,0.2000011837901547,-1.097112419911646,7,-1.5969168950629467,999.9,2.3,34.5
0.20654739262350255,0.3252638034642999,U8,MN8014,16.168577855209026,4.00008013996355,WPG,SSPG,0.08413528005245148,0.3254703741752296,0.200002766132915,-1.0988042042032558,7,-1.5993957385217374,999.9,2.3,34.4
0.2064998401295951,0.3255558430827996,U8,MN8014,16.164933790876802,4.000001800220652,WPG,SSPG,0.08418291630388075,0.32533943531673687,0.20001958364358857,-1.0968961075605477,6,-1.5918414856661514,999.8,2.3,34.5
0.20636429476725818,0.3254488547950727,U8,MN8014,16.172719898125113,4.0000248323940255,WPG,SSPG,0.08393536021926119,0.3251441881514499,0.20001700953046142,-1.0996714353806745,3,-1.6025381709962971,999.9,2.3,34.4
0.20622490100317678,0.32538817881584137,U8,MN8014,16.169464435342476,4.000062484397235,WPG,SSPG,0.08385812338236755,0.32491775768084125,0.20003399479540612,-1.0994774126964875,6,-1.6009593081899602,999.8,2.3,34.4
0.20611004582081005,0.32508497174433043,U8,MN8014,16.173944880514156,4.000273513295898,WPG,SSPG,0.08397615348898306,0.32499242783872473,0.20000334282655707,-1.0990813580512717,0,-1.5977715458525612,999.9,2.3,34.3
0.20617747873108397,0.3248756150737799,U8,MN8014,16.167837574497234,4.000376937030979,WPG,SSPG,0.0840009136175261,0.3253102104120544,0.20000299184494008,-1.0994837180120909,6,-1.600315992110941,1000.0,2.3,34.3
0.206085114669685,0.3247981165376614,U8,MN8014,16.173413174544187,4.000573591854854,WPG,SSPG,0.0838398984250453,0.32508993378422046,0.20000075379490773,-1.100280636413597,4,-1.5996558450557092,999.9,2.3,34.3
0.20604617280165627,0.32454515921804417,U8,MN8014,16.171640911686076,4.000682515505407,WPG,SSPG,0.08391582852609623,0.3250319073978498,0.20000510566454494,-1.0980116985918071,1,-1.5998617530471755,999.9,2.3,34.3
0.2061555602747791,0.3246714082244167,U8,MN8014,16.167708625809528,4.000251982960176,WPG,SSPG,0.08414149378670271,0.32516126909147025,0.20000151760383791,-1.0968058464347905,2,-1.599048564934737,999.9,2.3,34.4
0.2061349713047558,0.3244941083459637,U8,MN8014,16.173086967575635,4.000500427286807,WPG,SSPG,0.08370168098471081,0.32509883968837067,0.20000304116654072,-1.0987509368172665,6,-1.599368717184591,999.9,2.3,34.3
0.20617087164208828,0.3245905185737639,U8,MN8014,16.180156432493547,4.000553381189003,WPG,SSPG,0.08382395714471487,0.3253193421021968,0.20001661932752426,-1.0989428213848613,6,-1.600000082701012,1000.0,2.3,34.3
0.2064297305045324,0.32466837920005487,U8,MN8014,16.169496192556693,4.000433093989017,WPG,SSPG,0.08419143313031217,0.3255585701418847,0.2000203187666808,-1.097546951248815,3,-1.5948010799957704,1000.0,2.3,34.4
0.20625505637436628,0.324969231731092,U8,MN8014,16.170683605316427,4.0006294994619065,WPG,SSPG,0.08453509271035343,0.3255727210364637,0.20002083977526489,-1.09589227866285,4,-1.5994283543754548,1000.0,2.3,34.4
0.20644195760055625,0.32470628225370285,U8,MN8014,16.17240086964012,4.00043885039755,WPG,SSPG,0.08398779546940353,0.32550922784484565,0.2000050996431607,-1.0978562129888132,4,-1.5995829737952647,999.9,2.3,34.4
0.20649608138505887,0.3245362531834147,U8,MN8014,16.176996784246487,4.000510299968337,WPG,SSPG,0.08388755429484313,0.3254681437965632,0.2000113868807371,-1.0965663967926689,4,-1.6012520194104027,999.9,2.3,34.4
0.2063112016476519,0.3249732262394835,U8,MN8014,16.173755136171977,4.000245096241376,WPG,SSPG,0.08420542069902565,0.32526543740816016,0.2000004555362069,-1.0957129341727374,6,-1.603356607786992,999.9,2.3,34.4
0.20639297752523778,0.32475790814277755,U8,MN8014,16.174883306731047,4.000178109743439,WPG,SSPG,0.08388870768443743,0.325219837023829,0.2000011594055315,-1.096617878691314,5,-1.593446449552017,999.9,2.3,34.4
0.206297296332871,0.32496881368835207,U8,MN8014,16.176289732861672,4.000111193963305,WPG,SSPG,0.08414098030392415,0.32527321454708935,0.20000000099783344,-1.0959837428390893,6,-1.6028189544503455,999.9,2.3,34.4
0.20631265454197556,0.32449239911128147,U8,MN8014,16.17904513895607,4.000335857630076,WPG,SSPG,0.08372983323452884,0.32519253807135956,0.2000000084338702,-1.0970667648231136,1,-1.6007613181352855,999.9,2.3,34.4
0.2063600186665763,0.32494784213446226,U8,MN8014,16.17851163976682,4.000186822347513,WPG,SSPG,0.08389934260887695,0.3252781321527024,0.20000230516752457,-1.095797018416796,7,-1.6028196321121335,999.9,2.3,34.4
0.20660469496067485,0.3249999780118294,U8,MN8014,16.180322234627912,4.00018203147024,WPG,SSPG,0.08390385118434185,0.3255017379299569,0.20000019839707406,-1.095869262983182,5,-1.6018686320412172,999.9,2.3,34.5
0.2065711666886218,0.3249868211342181,U8,MN8014,16.178637741451183,4.000133207379116,WPG,SSPG,0.083888452359451,0.3254253931892837,0.20000331357857307,-1.0973960095883,7,-1.6001348948696492,999.9,2.3,34.4
0.2065968906725602,0.3249821238221453,U8,MN8014,16.175428075538342,4.000052952311957,WPG,SSPG,0.08390204507331969,0.32555155417634213,0.2000005536244342,-1.0959793756913687,5,-1.599415597775259,999.9,2.3,34.5
0.2066524620997974,0.3250534063327731,U8,MN8014,16.173333121949764,4.0000019981140325,WPG,SSPG,0.08376205221857326,0.32537985185597756,0.2000329350764778,-1.0954503849140096,6,-1.5950225355988223,999.7,2.3,34.5
0.20662994048714822,0.32487575800284174,U8,MN8014,16.177331802055583,4.000003103208188,WPG,SSPG,0.0837412942947763,0.32535738482837007,0.20002017204013176,-1.0959262085521402,3,-1.6002667424482961,999.7,2.3,34.5
0.20656878573094534,0.32478710974078334,U8,MN8014,16.17767788240789,4.000107336586484,WPG,SSPG,0.08359943040504292,0.32541703290520496,0.2000044691690441,-1.0962341172972052,5,-1.6014034046423706,999.8,2.3,34.4
0.20662367796691045,0.32471304025146036,U8,MN8014,16.178330206989894,4.000181274173697,WPG,SSPG,0.08369757799503766,0.3254502969619802,0.20000110185106348,-1.0961448858284417,1,-1.5999263641603,999.8,2.3,34.4
0.20656355441003205,0.32475126356090966,U8,MN8014,16.175269056185236,4.000131765841288,WPG,SSPG,0.08393382709898126,0.32553520460758306,0.20000025364291846,-1.095248801627553,3,-1.6016755648198355,999.9,2.3,34.5
0.2064383887777628,0.32455548824566954,U8,MN8014,16.176072378991734,4.000564779400055,WPG,SSPG,0.08380383143471325,0.3254864112347516,0.2000073523667586,-1.0970236989104247,3,-1.5985585623585514,1000.0,2.3,34.4
0.20658301655648437,0.32488110933415437,U8,MN8014,16.17469796892507,4.00011666224712,WPG,SSPG,0.08388943329563153,0.32561001919092153,0.20000003165965236,-1.095541422040283,7,-1.6013629951933268,999.9,2.3,34.4
0.2066060212062972,0.32495693876589904,U8,MN8014,16.17370433984358,4.000041246155777,WPG,SSPG,0.08394482938639716,0.3255888337550213,0.2000008988176765,-1.0952138981085995,6,-1.5933184643089309,999.9,2.3,34.5
0.20657324247168457,0.3248330434338945,U8,MN8014,16.171780786888064,4.000006275599676,WPG,SSPG,0.08371070428894109,0.32541148603490105,0.2000032422354968,-1.0963280043958774,6,-1.6033595951371158,999.8,2.3,34.4
0.2065835332241017,0.32476118015742084,U8,MN8014,16.176822138885697,4.000130889950739,WPG,SSPG,0.08383463528479514,0.32566970009724094,0.20000508919379006,-1.0967485899319875,5,-1.6024788540382016,1000.0,2.3,34.4
0.20651846922516578,0.3247223630939402,U8,MN8014,16.17162170958397,4.000080778023763,WPG,SSPG,0.08372049488214976,0.3255060045624927,0.2000000694884174,-1.096485063892264,5,-1.5943448690395883,999.9,2.3,34.4
0.20660474953662158,0.3247258692520653,U8,MN8014,16.17437183060421,4.000096788117349,WPG,SSPG,0.0838183525722538,0.3256430159587584,0.20000188148984469,-1.0959294858964088,4,-1.6041922036771759,999.9,2.3,34.4
0.20652849513803112,0.3246692693397076,U8,MN8014,16.17313173943747,4.000071862530024,WPG,SSPG,0.08369970076360296,0.325469382698541,0.2000000317275799,-1.096719504178983,1,-1.599971675712709,999.9,2.3,34.4
0.20656023835252058,0.32456959128004126,U8,MN8014,16.170637864504982,4.000098311367061,WPG,SSPG,0.08383763516973175,0.32542972407978504,0.20000100147411531,-1.0960804904037214,7,-1.6044881422799193,999.9,2.3,34.4
0.20654181227641283,0.3246294732699804,U8,MN8014,16.172446831177588,4.000256442030071,WPG,SSPG,0.08390458977530667,0.32551875803333596,0.20000507420297758,-1.096655708407982,6,-1.5966222792602096,999.9,2.3,34.4
0.20655300886750783,0.32463725505746954,U8,MN8014,16.173164015994935,4.00014447449342,WPG,SSPG,0.08382038575526511,0.325429096976948,0.2000013278216356,-1.0965653810661318,5,-1.604500114943212,999.9,2.3,34.4
0.20649184375948185,0.3245164837383592,U8,MN8014,16.17135350753891,4.0001500934655185,WPG,SSPG,0.08380269501047989,0.32549007990594847,0.20000815067048183,-1.096935402526468,5,-1.6028551103205082,999.9,2.3,34.4
0.20653843906285974,0.3247948138291775,U8,MN8014,16.17542237283257,4.000095574567924,WPG,SSPG,0.08384811390634503,0.3254215806583431,0.20000008548315823,-1.0972829424041923,0,-1.6041503781174544,999.9,2.3,34.4
0.2064937441126832,0.324645606552329,U8,MN8014,16.17127262662095,4.000098825819414,WPG,SSPG,0.08383921221570732,0.32547991841806806,0.20000169790026526,-1.0967305626989432,4,-1.5994778150315625,999.9,2.3,34.4
0.20651479910399706,0.32463069300532227,U8,MN8014,16.176428270546253,4.000100280843113,WPG,SSPG,0.08376620459285071,0.32545519950457347,0.20000069789206235,-1.0967399694231554,6,-1.6009264126983407,999.9,2.3,34.4
0.20644824009798804,0.3247106851832121,U8,MN8014,16.17760733200155,4.0001124736398745,WPG,SSPG,0.08387525076598258,0.3254083817986396,0.20000063875675897,-1.0962758093737568,4,-1.5996004273381015,999.9,2.3,34.4
0.20645424312910599,0.3247405882342226,U8,MN8014,16.176713380880486,4.000060828381311,WPG,SSPG,0.08391083955193872,0.3253576958785395,0.20000016748648244,-1.0959421776326692,0,-1.6026843605306471,999.9,2.3,34.4
0.20648824148267764,0.32463346293938466,U8,MN8014,16.173828691966435,4.000183344937682,WPG,SSPG,0.08388820388599683,0.3254284918122754,0.20000208369734787,-1.096417900965157,3,-1.6023004595863597,999.9,2.3,34.4
0.20646750661032143,0.32466662386331313,U8,MN8014,16.17375267708649,4.000287970142029,WPG,SSPG,0.08395701070196157,0.32544817527890246,0.2000035805105311,-1.0970124805818513,7,-1.6022655409449502,999.9,2.3,34.4
0.20647811824807216,0.3246248931108261,U8,MN8014,16.176010947116204,4.000259662129134,WPG,SSPG,0.08391991403313442,0.3254322328369983,0.2000055714376993,-1.0964479533814595,2,-1.6016379603908995,999.9,2.3,34.4
0.20655401529773962,0.32467757780386114,U8,MN8014,16.173661292733605,4.000182799151423,WPG,SSPG,0.08384985184172945,0.32544339683147977,0.20000076983656373,-1.0965656542380486,1,-1.6020132575374895,999.9,2.3,34.4
0.20637306634137875,0.32477329694488904,U8,MN8014,16.170201238106017,4.000187801435446,WPG,SSPG,0.08409691062696016,0.3253703595284385,0.20000247838359536,-1.0960118757068,3,-1.6016409684006945,999.9,2.3,34.4
0.20640918716888804,0.32480623698862676,U8,MN8014,16.172798384308702,4.0001941385203414,WPG,SSPG,0.08409236113638713,0.3253467870402651,0.20000025560633797,-1.0957475037961637,4,-1.6016579879452006,999.9,2.3,34.4
0.20647718462872938,0.3247491651475813,U8,MN8014,16.173305572641475,4.0002684949134455,WPG,SSPG,0.08401911629862782,0.3253980778741115,0.20000085845089402,-1.0965995784429932,0,-1.6034634225908277,999.9,2.3,34.4
0.20646010278383464,0.32468006937767274,U8,MN8014,16.17099060045817,4.000344076703373,WPG,SSPG,0.08407896667059063,0.32541225621213793,0.20000354206031873,-1.096301474113439,7,-1.6027431173471332,999.9,2.3,34.4
0.20646448917405616,0.32469821366335494,U8,MN8014,16.173353037005764,4.000395915956065,WPG,SSPG,0.08400102786880308,0.3254042327904673,0.20000162157828472,-1.0967517063480963,6,-1.603106356925906,1000.0,2.3,34.4
0.20650500493654253,0.3247262292531635,U8,MN8014,16.17090640333535,4.000271421121141,WPG,SSPG,0.084037540674362,0.3254044120138016,0.2000000554466242,-1.0961909304759179,5,-1.6026719556212452,999.9,2.3,34.4
0.2064277501600278,0.3247476229801736,U8,MN8014,16.172431235126986,4.000569796927511,WPG,SSPG,0.08416774439451209,0.32538042874655393,0.20000441895443308,-1.096619391830763,3,-1.603454641469435,1000.0,2.3,34.4
0.20635305718743305,0.32477814182652814,U8,MN8014,16.170329599600667,4.000304684586237,WPG,SSPG,0.08421924191192312,0.32534265769808846,0.20000389591988155,-1.0955915992780638,7,-1.6018106457211783,999.9,2.3,34.4
0.2063529411681876,0.3246541696943679,U8,MN8014,16.171453806906975,4.000453200443431,WPG,SSPG,0.08422729588603689,0.32538996270428644,0.2000095880119543,-1.0956849450603294,0,-1.600467419969716,999.9,2.3,34.4
0.2063375359161324,0.32465123875020035,U8,MN8014,16.172256556563966,4.000465381639974,WPG,SSPG,0.08419663592340046,0.3253619102519791,0.2000112222269157,-1.0956957950354604,0,-1.6029018147106235,999.9,2.3,34.4
0.2063754090794402,0.3247080281931819,U8,MN8014,16.173280855303545,4.000397547784649,WPG,SSPG,0.08424559064516758,0.32533091529557123,0.2000047247271927,-1.095515117092877,5,-1.6036806524444653,999.9,2.3,34.4
0.20644727495375115,0.3247091935192844,U8,MN8014,16.174933685607574,4.000405823500191,WPG,SSPG,0.08411926258451907,0.32541156822611844,0.20000690471597712,-1.0962519261776031,0,-1.600639975537458,999.9,2.3,34.4
0.20643042818254584,0.32464722577870697,U8,MN8014,16.1759475192965,4.000586007034611,WPG,SSPG,0.08406487100377896,0.32541010557523115,0.20000764963142179,-1.0964088807834098,4,-1.6008822097082707,1000.0,2.3,34.4
0.2064412890483316,0.3246559515733559,U8,MN8014,16.174029211250076,4.000464859958738,WPG,SSPG,0.08406062263937455,0.3254214551624939,0.2000052697457786,-1.0965950107872238,2,-1.6011491365307133,1000.0,2.3,34.4
0.20643129469229782,0.3247446843581522,U8,MN8014,16.172927864183812,4.000323682321682,WPG,SSPG,0.08412330641203433,0.32540205501281116,0.20000226871417254,-1.0964180468969826,0,-1.6014873711543363,999.9,2.3,34.4
0.206491172100155,0.32473611653300277,U8,MN8014,16.172931507341204,4.000276797190813,WPG,SSPG,0.08411596726311885,0.325407687383675,0.2000017504983332,-1.0964865906633632,4,-1.6027431684707576,999.9,2.3,34.4
0.2064133730342989,0.32471478493464423,U8,MN8014,16.172178905570984,4.000486018087719,WPG,SSPG,0.08422922120945012,0.3253704229081741,0.2000048628129602,-1.0962999023209001,7,-1.6033670045549435,1000.0,2.3,34.4
0.206432985233293,0.324644765636612,U8,MN8014,16.172716400571083,4.000502872628728,WPG,SSPG,0.08417487710119925,0.32538736714026606,0.2000072515086727,-1.0961744271127647,1,-1.603101351384396,1000.0,2.3,34.4
0.20639138343902336,0.32466899976557884,U8,MN8014,16.172734028228504,4.000493849889997,WPG,SSPG,0.08418654271085656,0.3253969799405131,0.2000088338087369,-1.096580609774127,6,-1.6028484276681283,1000.0,2.3,34.4
0.20642643349275847,0.3246925008636343,U8,MN8014,16.172062776589232,4.00040014795087,WPG,SSPG,0.08421541285475234,0.32540364681027945,0.20000562312553496,-1.0963263434186812,1,-1.6011165428024778,1000.0,2.3,34.4
0.2064536229995496,0.3247539666492217,U8,MN8014,16.17283464483393,4.00033353711379,WPG,SSPG,0.08421952464781181,0.32539678558256196,0.20000335696275678,-1.0964942604524444,3,-1.602793257347189,999.9,2.3,34.4
0.2063785585228228,0.32478508448240484,U8,MN8014,16.17185409040286,4.000377596280875,WPG,SSPG,0.08426816706817693,0.3253434121382579,0.2000039266447237,-1.0959377182659302,5,-1.603334452628209,999.9,2.3,34.4
0.20641232397539988,0.32477908210748857,U8,MN8014,16.17406428661934,4.000357045816892,WPG,SSPG,0.08423291823734276,0.32537182653085533,0.2000044593453723,-1.096729632790307,3,-1.603251863567813,1000.0,2.3,34.4
0.20642489841481845,0.3247491856894423,U8,MN8014,16.174439862418865,4.000365388394783,WPG,SSPG,0.08419516892004851,0.325390803903831,0.20000534818866827,-1.096508105718955,7,-1.6025724165750184,999.9,2.3,34.4
0.20640382461311532,0.324766391533703,U8,MN8014,16.172643039071733,4.000397808599765,WPG,SSPG,0.08424268868866377,0.325374693066015,0.20000559777542382,-1.0961644932937382,5,-1.6022454703231084,999.9,2.3,34.4
0.20643828891210558,0.3247380969146704,U8,MN8014,16.171251764914714,4.000429123553526,WPG,SSPG,0.08426754649854165,0.3253832943374621,0.20000649809439708,-1.0963329720070325,1,-1.602782886267459,1000.0,2.3,34.4
0.20643654452918486,0.32475740105610407,U8,MN8014,16.17258459964728,4.000416186493783,WPG,SSPG,0.08423759931099657,0.32537783668973497,0.20000553993616485,-1.0965570349755058,0,-1.6034286817878343,1000.0,2.3,34.4
0.20646517395078762,0.3246919597093732,U8,MN8014,16.17314373105468,4.000426003714714,WPG,SSPG,0.08420050257742566,0.3253943297590425,0.20000696597378817,-1.0963189368421695,0,-1.6026484120021802,1000.0,2.3,34.4
0.2064912074003448,0.32472717222189257,U8,MN8014,16.173183703334075,4.000318630930348,WPG,SSPG,0.08416812552629505,0.3253939873828297,0.20000572759009852,-1.0963183111718955,1,-1.6037548074203603,999.9,2.3,34.4
0.20646837703934084,0.32470787887245184,U8,MN8014,16.173131430017083,4.000370052810059,WPG,SSPG,0.08415530674884562,0.32538819218948667,0.20000669302413282,-1.0964694445520222,5,-1.6037115369168937,1000.0,2.3,34.4
0.20650490459997123,0.3247504249333709,U8,MN8014,16.173115279474537,4.000346557232739,WPG,SSPG,0.08422654478919736,0.3254084373225572,0.2000045662122309,-1.0964941879902361,0,-1.6028924806477214,999.9,2.3,34.4
0.2064854805154388,0.3247640284834495,U8,MN8014,16.172656954387936,4.000336588705662,WPG,SSPG,0.08421340436452547,0.3253905314455254,0.20000399384136971,-1.0964309307726396,7,-1.6037187962276516,999.9,2.3,34.4
0.2064979982135092,0.32472055992460397,U8,MN8014,16.17206587405226,4.000340516598092,WPG,SSPG,0.08417759044233218,0.3254041172354383,0.20000453246637856,-1.0962332578714222,5,-1.6028896623356204,999.9,2.3,34.4
0.20649850326017802,0.3247268307759874,U8,MN8014,16.172670147329196,4.000365494985732,WPG,SSPG,0.08418800689737653,0.3253908509183754,0.20000430527393837,-1.096283990675981,5,-1.604091864947275,999.9,2.3,34.4
0.2065031917298382,0.32477231339803636,U8,MN8014,16.171994944456117,4.000248350932379,WPG,SSPG,0.08420146266449505,0.32537916407213185,0.2000019363549801,-1.0961739589798554,6,-1.6038133166550228,999.9,2.3,34.4
0.2065222101590508,0.3247193444022356,U8,MN8014,16.17307610161715,4.000276531897472,WPG,SSPG,0.0841374741960576,0.3254017991089283,0.20000313349683693,-1.096310824057218,6,-1.6035968109860832,999.9,2.3,34.4
0.20652537112802777,0.3247524087442541,U8,MN8014,16.173950832146982,4.000255269927768,WPG,SSPG,0.08414780513135867,0.3253819060287524,0.20000126614831493,-1.0963086499260517,1,-1.604417450078662,999.9,2.3,34.4
0.2065192088971639,0.3247245103496961,U8,MN8014,16.17426507561776,4.000328032817146,WPG,SSPG,0.08415373840332814,0.3253846633299363,0.2000019259880876,-1.096317981732353,3,-1.604613931644998,999.9,2.3,34.4
0.20653418179619082,0.32475156327582855,U8,MN8014,16.175296414698764,4.0003184302273995,WPG,SSPG,0.0841191142590276,0.3253734941950092,0.2000010407944491,-1.0962592082805285,3,-1.6047476691928217,999.9,2.3,34.4
0.2065385657503087,0.3247555392467707,U8,MN8014,16.174533109311145,4.000342807204446,WPG,SSPG,0.08413707599707496,0.3253932933943608,0.20000170952353108,-1.0965641933601933,5,-1.6046307645156421,999.9,2.3,34.4
0.20654527803502892,0.3247513153577857,U8,MN8014,16.174827456127137,4.000279595734551,WPG,SSPG,0.08412557363354316,0.3253850192238235,0.20000118688716062,-1.0963279482817667,2,-1.6043756032057903,999.9,2.3,34.4
0.2065282872627938,0.3247214394963216,U8,MN8014,16.17401541342801,4.0003504976125575,WPG,SSPG,0.08413753651310059,0.3253908212265921,0.200001844259941,-1.0963923479778959,2,-1.6047232949219659,999.9,2.3,34.4
0.20652884956676543,0.324717797844237,U8,MN8014,16.175052785731697,4.000350464549477,WPG,SSPG,0.08409785674652959,0.32539675668075907,0.20000222986973534,-1.096493476186301,0,-1.604425870715449,999.9,2.3,34.4
0.2065299123864866,0.3247215431211845,U8,MN8014,16.175253201536215,4.000320690806221,WPG,SSPG,0.08408189845445076,0.3254002963504537,0.20000192665406982,-1.0965378514034043,4,-1.6041449269244534,999.9,2.3,34.4
0.20653394029210714,0.3247286152297412,U8,MN8014,16.175896183195185,4.000331391629902,WPG,SSPG,0.0840756550132238,0.32538972230803753,0.20000186028640507,-1.096468264392715,3,-1.6045590217502,999.9,2.3,34.4
0.20652244881996265,0.324749822100043,U8,MN8014,16.176027003910782,4.0002655301254135,WPG,SSPG,0.0840672717247101,0.32536901293807985,0.20000096438743242,-1.0962712062165392,2,-1.6047831201044769,999.9,2.3,34.4
0.20652080116311877,0.3247333895087745,U8,MN8014,16.173818973698758,4.000255193347086,WPG,SSPG,0.08409647241663788,0.3253904589949129,0.2000011525204799,-1.096405330183524,4,-1.6044068052200586,999.9,2.3,34.4
0.20650305189951018,0.3247380958517328,U8,MN8014,16.174988243673752,4.0002608804389,WPG,SSPG,0.08410430545831174,0.3253711750442911,0.20000154860590455,-1.0961463385464332,5,-1.6041748255443053,999.9,2.3,34.4
0.2065607731105108,0.324727253925486,U8,MN8014,16.175859134966032,4.000246558478685,WPG,SSPG,0.08403021494459124,0.32539221526620055,0.20000060463668923,-1.0965139490132465,5,-1.6050669842431784,999.9,2.3,34.4
0.20651850266410346,0.3247813628819087,U8,MN8014,16.17507548809695,4.000218482456659,WPG,SSPG,0.08407480561480064,0.3253622240779452,0.200000289890955,-1.0962842817925074,7,-1.6049995453832775,999.9,2.3,34.4
0.20654503139159863,0.3247543630310509,U8,MN8014,16.1743513044772,4.000218918668248,WPG,SSPG,0.08405181109952746,0.3253897270363794,0.20000055619666798,-1.0963747321696502,7,-1.6041896773691349,999.9,2.3,34.4
0.20652401882503246,0.3247844842249538,U8,MN8014,16.172984423913043,4.000196008635062,WPG,SSPG,0.08406934984283147,0.32536195643414617,0.2000001082336824,-1.0961848287514335,6,-1.6052827383520256,999.9,2.3,34.4
0.20654698471207872,0.3247980214285853,U8,MN8014,16.17490250918111,4.000228730598064,WPG,SSPG,0.08404112615627371,0.325373314491149,0.20000014147030165,-1.0962735597862587,5,-1.6041836193753074,999.9,2.3,34.4
0.20654854083738927,0.3248037367948858,U8,MN8014,16.174474106384235,4.000243038301195,WPG,SSPG,0.0840535889115135,0.3253715334063162,0.20000002958445007,-1.09634736432888,4,-1.60476405743551,999.9,2.3,34.4
0.20653783056987196,0.32478431603177055,U8,MN8014,16.174772275362123,4.000216295094777,WPG,SSPG,0.08402514736745284,0.3253673208077425,0.2000000002146979,-1.0962549692897379,3,-1.604808415646371,999.9,2.3,34.4
0.2065325121572542,0.3248042201334562,U8,MN8014,16.17364099590013,4.000219068450413,WPG,SSPG,0.08407867236180011,0.3253574268826803,0.2000000098471458,-1.0962215763641965,6,-1.6054384070536027,999.9,2.3,34.4
0.20652593079540754,0.3248141833433023,U8,MN8014,16.173592158862228,4.000189077069836,WPG,SSPG,0.08406958623373634,0.32535583847827143,0.20000000028483325,-1.0961941685871914,4,-1.6051158340325316,999.9,2.3,34.4
0.2065112290435001,0.3248287359739452,U8,MN8014,16.174682453075334,4.000221916738281,WPG,SSPG,0.08409174488024643,0.32535389012777854,0.2000001035795281,-1.0963062501046097,0,-1.6048525003704999,999.9,2.3,34.4
0.2065086509889753,0.32481975144417174,U8,MN8014,16.173532686863048,4.000219507955273,WPG,SSPG,0.08408019072823507,0.3253521551711107,0.20000005366161844,-1.0962191837839779,4,-1.6051183788284114,999.9,2.3,34.4
0.20650374509889644,0.324810155013465,U8,MN8014,16.174291428756042,4.0002611832620545,WPG,SSPG,0.08410376869430589,0.32535660633393393,0.20000052857936473,-1.0963041819036872,7,-1.604980447863161,999.9,2.3,34.4
0.2065270446141946,0.3248133481283412,U8,MN8014,16.173722085754825,4.000224016548763,WPG,SSPG,0.08407881504846601,0.32536427861234235,0.20000013126749291,-1.0963565895192988,1,-1.60509420795165,999.9,2.3,34.4
0.20652954509625104,0.32482016045085604,U8,MN8014,16.174055558250913,4.000210556510284,WPG,SSPG,0.0840746801573413,0.325364277558523,0.2000000823919872,-1.0964099750831817,1,-1.6051492646689773,999.9,2.3,34.4
0.20653863833762742,0.32484761982525806,U8,MN8014,16.174873817997838,4.000221968865266,WPG,SSPG,0.08406756196977075,0.32536663020608475,0.2000000129775789,-1.0965217849033815,3,-1.6047960938342811,999.9,2.3,34.4
0.20653238529719967,0.32485571954964376,U8,MN8014,16.1753449910992,4.000229766170835,WPG,SSPG,0.08407866127351384,0.325360120266795,0.2000000327020234,-1.096431227085972,1,-1.6045161343900638,999.9,2.3,34.4
0.2065398125667667,0.3248573066598101,U8,MN8014,16.175636873899354,4.000200860407963,WPG,SSPG,0.08404070228897714,0.3253569276564726,0.20000003586252751,-1.096465421055852,3,-1.6050422006587723,999.9,2.3,34.4
0.2065495754493508,0.3248610811512082,U8,MN8014,16.175561264653652,4.00020163881508,WPG,SSPG,0.08404766784677578,0.32535825167139326,0.20000000359158526,-1.0965258835799563,6,-1.6053662649875111,999.9,2.3,34.4
0.20655444844100462,0.324848841554132,U8,MN8014,16.175750870891413,4.000237633416752,WPG,SSPG,0.08402386025125266,0.3253590979189002,0.20000001884564406,-1.0964315925127242,5,-1.605135675056733,999.9,2.3,34.4
0.20654314720525918,0.3248293094154467,U8,MN8014,16.175716985243145,4.0002771537593285,WPG,SSPG,0.08403836971070741,0.325371012360253,0.20000018738695396,-1.0966354927572441,6,-1.6051606097612456,999.9,2.3,34.4
0.20655719950853704,0.3248285270001448,U8,MN8014,16.17611737015069,4.000262788333296,WPG,SSPG,0.08402496969632031,0.32536746246627374,0.20000000054117997,-1.096585959730207,3,-1.6054464411559728,999.9,2.3,34.4
0.20656728537814117,0.3247913289568648,U8,MN8014,16.176600024163456,4.000302579970656,WPG,SSPG,0.0840149547931468,0.325393384951717,0.2000004469741425,-1.0968137066085788,5,-1.6049271290713207,999.9,2.3,34.4
0.2065631245824525,0.3247772726410679,U8,MN8014,16.1759052611867,4.000258477372836,WPG,SSPG,0.08398515401762086,0.3253910536692373,0.20000027073955517,-1.0966910758510904,1,-1.6049897415497316,999.9,2.3,34.4
0.20655639908385567,0.3247966505131379,U8,MN8014,16.176377276044327,4.000285525075339,WPG,SSPG,0.0840156764643796,0.3253869799744557,0.20000032455300104,-1.0967408211634375,2,-1.6049042725146467,999.9,2.3,34.4
0.20655352635638735,0.3248016997723825,U8,MN8014,16.17646494444261,4.000268214026454,WPG,SSPG,0.08402301817851333,0.32538819547299885,0.20000021074070537,-1.0968003052221895,2,-1.604860971707275,999.9,2.3,34.4
0.20654968090323128,0.324827860004128,U8,MN8014,16.17758570678122,4.000224003706398,WPG,SSPG,0.08399686996689452,0.3253705796449625,0.20000000587986647,-1.096736115300988,4,-1.6052365480089978,999.9,2.3,34.4
0.20654724819790074,0.3248384488287841,U8,MN8014,16.176492345411322,4.0002146230032904,WPG,SSPG,0.08402179386518778,0.32537304755860486,0.20000000161196183,-1.096737453574024,4,-1.6050798210564974,999.9,2.3,34.4
0.2065466268330728,0.32486029044405057,U8,MN8014,16.17703119879689,4.000230203944228,WPG,SSPG,0.0840398894607389,0.325373428907243,0.20000000019202954,-1.0968764148862338,3,-1.6050527754972954,999.9,2.3,34.4
0.2065741239380981,0.32481346222877183,U8,MN8014,16.17700742772999,4.000248108560384,WPG,SSPG,0.08400979438941421,0.3253956540899069,0.2000001001765754,-1.096851825430024,0,-1.6043951265323138,999.9,2.3,34.4
0.20657438523452548,0.32487047913224865,U8,MN8014,16.1775909310282,4.00019798956033,WPG,SSPG,0.08401993816025505,0.32538365753879744,0.20000000013856567,-1.0969833121564931,6,-1.6047875285808644,999.9,2.3,34.4
0.20657119524668055,0.3248553321479456,U8,MN8014,16.17787360848621,4.000207563437452,WPG,SSPG,0.08403248482483716,0.3253891020840068,0.20000009587474385,-1.0970993738959183,1,-1.6049885058874533,999.9,2.3,34.4
0.2065707092360749,0.3248790566024184,U8,MN8014,16.177262160378362,4.000191850377563,WPG,SSPG,0.08406724630999901,0.3253863591854071,0.20000003541114533,-1.0970826350490253,7,-1.6048443993055024,999.9,2.3,34.4
0.20654471023558693,0.3248522667629214,U8,MN8014,16.176435220010255,4.000197499588231,WPG,SSPG,0.08409004804961857,0.3253797369841056,0.20000007592827654,-1.0968162822421688,2,-1.604461722724233,999.9,2.3,34.4
0.2065688184614781,0.32487180227042517,U8,MN8014,16.176367500167572,4.000191414920682,WPG,SSPG,0.08406192204729863,0.3253828904306268,0.20000000671013332,-1.0969800156926997,4,-1.6050970093436572,999.9,2.3,34.4
0.20656396775640945,0.32489358062970286,U8,MN8014,16.175784052330457,4.000176460940207,WPG,SSPG,0.08410861742581806,0.32536928022546235,0.20000003910087014,-1.096814603034562,7,-1.6052322147415623,999.9,2.3,34.4
0.20657674128878878,0.3249360917310318,U8,MN8014,16.17650748384813,4.000138662953473,WPG,SSPG,0.08409940686115856,0.32536273468968907,0.2000009825505855,-1.0968664915550426,4,-1.605350061649709,999.9,2.3,34.4
0.2065861868710561,0.3248609684406747,U8,MN8014,16.176376482171264,4.00022489458387,WPG,SSPG,0.08405775110225062,0.3254005758845647,0.20000004014875933,-1.0971396691196542,1,-1.604764131728185,999.9,2.3,34.4
0.20658727664171056,0.32488535024369425,U8,MN8014,16.176176964444785,4.000181149771113,WPG,SSPG,0.08407285388341969,0.3253834170165746,0.20000026935247214,-1.0969581240831385,5,-1.6051443866925563,999.9,2.3,34.4
0.20658471443214008,0.324862359518667,U8,MN8014,16.17735646146579,4.0002448870315,WPG,SSPG,0.08404932618942311,0.32539631256294466,0.20000005899502946,-1.097145300104418,4,-1.6048212943310283,999.9,2.3,34.4
0.2065823104146258,0.3249023775527276,U8,MN8014,16.177243175504564,4.000185247610123,WPG,SSPG,0.08408704737069196,0.32536818651027183,0.2000003574731781,-1.0968526729321004,1,-1.6052904085070328,999.9,2.3,34.4
0.20657141604430002,0.3248704762974152,U8,MN8014,16.17666865385967,4.000217398259009,WPG,SSPG,0.08405487124233238,0.3253789208151751,0.20000025190909543,-1.0968424096428013,7,-1.6048219379881719,999.9,2.3,34.4
0.2065837627797563,0.3249407094140176,U8,MN8014,16.177837192243395,4.000210325628351,WPG,SSPG,0.08412597567963884,0.32536728197528714,0.20000038004242557,-1.0969487410454426,6,-1.604847081173281,999.9,2.3,34.4
0.20656876674567048,0.32491408603537897,U8,MN8014,16.176143735938595,4.000192350687763,WPG,SSPG,0.08412936310250012,0.32535991249796503,0.20000067449164582,-1.0967370016963494,6,-1.6053724642689318,999.9,2.3,34.4
0.2065870820122146,0.3249272221009541,U8,MN8014,16.17685493641348,4.000190936923832,WPG,SSPG,0.0841112341736043,0.32536618072503476,0.20000098014180337,-1.0969087740795036,3,-1.6055203317481404,999.9,2.3,34.4
0.20658344845212273,0.32491674102144663,U8,MN8014,16.17695607247191,4.000195093322556,WPG,SSPG,0.0841035281327803,0.3253647737157762,0.200000615459837,-1.0968653392835548,5,-1.605522054512024,999.9,2.3,34.4
0.206575648622325,0.32497157333222915,U8,MN8014,16.177755441345788,4.000177010834961,WPG,SSPG,0.08411531845911091,0.3253536385871879,0.20000139315160917,-1.0968506538275318,3,-1.6049905247635703,999.9,2.3,34.4
0.20656935996268255,0.3249266014671244,U8,MN8014,16.176834231607586,4.00021271807192,WPG,SSPG,0.08411043332395202,0.32535101448779075,0.20000091444550205,-1.0966405325503044,0,-1.6053115393080795,999.9,2.3,34.4
0.20658649637034132,0.32492398923134175,U8,MN8014,16.17743938953975,4.000236226333804,WPG,SSPG,0.08410189493888642,0.3253632179980808,0.2000002034286386,-1.0968354830901519,5,-1.6052354645308764,999.9,2.3,34.4
0.2065811575391318,0.324942347777579,U8,MN8014,16.178055971271938,4.000215347952368,WPG,SSPG,0.08408903304560204,0.3253573715929928,0.20000067047011183,-1.0968741200251577,5,-1.6053267033650016,999.9,2.3,34.4
0.206591017828468,0.32490414739914253,U8,MN8014,16.177669537295174,4.000246207315119,WPG,SSPG,0.08409129011230376,0.3253697104831619,0.2000001031692225,-1.0968365925325743,1,-1.6050464940219165,999.9,2.3,34.4
0.20658913002188903,0.32495684492530685,U8,MN8014,16.178222830441378,4.000208227612492,WPG,SSPG,0.08410924871593695,0.3253522806183704,0.200000758042002,-1.0969018165600435,5,-1.605775381246513,999.9,2.3,34.4
0.20658114105632128,0.32495354850470415,U8,MN8014,16.177660745340226,4.000210138788538,WPG,SSPG,0.08407912694280552,0.3253505221763161,0.2000010589282477,-1.0968069575813153,2,-1.6056027679592582,999.9,2.3,34.4
0.20659077811643406,0.3249779267919396,U8,MN8014,16.17830716519754,4.000192233392478,WPG,SSPG,0.08410576215318837,0.3253523160453858,0.2000012938564093,-1.0969408157186566,1,-1.605570595067812,999.9,2.3,34.4
0.20658695307020306,0.32495781761397136,U8,MN8014,16.1783440351872,4.000195774109845,WPG,SSPG,0.08407841431028693,0.3253527591673053,0.20000077240120753,-1.0968915568947701,0,-1.605576895509932,999.9,2.3,34.4
0.20660002696775634,0.32491579314239183,U8,MN8014,16.178162664965626,4.000192008582008,WPG,SSPG,0.08403693395124759,0.3253599214848445,0.2000007291893365,-1.096821532510342,4,-1.6057953370893525,999.9,2.3,34.4
0.20659876833077784,0.3249662286052707,U8,MN8014,16.17821983456894,4.000198107631634,WPG,SSPG,0.0840503071228419,0.3253549208764328,0.20000109077391243,-1.0969431599188444,4,-1.6057809666283571,999.9,2.3,34.4
0.20658298263352787,0.3249202069881642,U8,MN8014,16.178487341247102,4.000254111420616,WPG,SSPG,0.08406301145937806,0.3253613363057658,0.20000013019422386,-1.0968516380716502,1,-1.605152336770077,999.9,2.3,34.4
0.20659674872536035,0.32493952210654137,U8,MN8014,16.178846523245923,4.000192528442316,WPG,SSPG,0.08399960358223535,0.3253594037903002,0.20000071162692223,-1.096962590469744,2,-1.605731766990008,999.9,2.3,34.4
0.20660128913492568,0.32492631813083084,U8,MN8014,16.17812845435219,4.000232010174178,WPG,SSPG,0.08401564049475307,0.32536333046259325,0.2000003759499728,-1.0969223566597412,7,-1.6057389352461797,999.9,2.3,34.4
0.20660229812967512,0.32491996415396435,U8,MN8014,16.17916308547114,4.000248124898529,WPG,SSPG,0.08398937404267824,0.3253600202579028,0.20000047081116046,-1.0969213171423766,1,-1.6058861497470769,999.9,2.3,34.4
0.2066016225589745,0.32494037570275636,U8,MN8014,16.17862216763023,4.000207635810331,WPG,SSPG,0.08401979493831199,0.3253600214510332,0.20000063971206625,-1.096936322102609,2,-1.605695094575779,999.9,2.3,34.4
0.20660598552232243,0.3249543765911772,U8,MN8014,16.17950196140768,4.000246357463405,WPG,SSPG,0.08400075963170141,0.3253561030318318,0.20000082219426674,-1.097000144724496,3,-1.6059152584977525,999.9,2.3,34.4
0.20659094431070166,0.32492002450463114,U8,MN8014,16.179019614896546,4.000264385002654,WPG,SSPG,0.084007381184903,0.3253615123176947,0.20000032010814878,-1.0969071131639647,6,-1.6054435477670914,999.9,2.3,34.4
0.20658942892108326,0.3249161719677316,U8,MN8014,16.178278531388145,4.000252315262308,WPG,SSPG,0.08400708687488463,0.3253603683728936,0.20000059202207884,-1.0968767287616592,5,-1.6057339265362724,999.9,2.3,34.4
0.2065952183183088,0.3249572149738548,U8,MN8014,16.178528146382448,4.000244852981827,WPG,SSPG,0.08403263567512748,0.3253529591500222,0.2000009776762239,-1.096922514261847,6,-1.6058774044087532,999.9,2.3,34.4
0.2066052501803459,0.3249458154605192,U8,MN8014,16.179239361279393,4.00024234086103,WPG,SSPG,0.08399357582985936,0.3253552261372511,0.20000147452451647,-1.0969297309269743,3,-1.605979399250991,999.9,2.3,34.4
0.20659618134530386,0.3249337051373677,U8,MN8014,16.178705083713027,4.000213647532339,WPG,SSPG,0.0840070845572915,0.3253567511954053,0.2000010444291644,-1.0969063288129948,6,-1.6059079866184085,999.9,2.3,34.4
0.20661947089246102,0.3249271103277708,U8,MN8014,16.179345600747624,4.000230988672007,WPG,SSPG,0.08396770414096456,0.32537273683016416,0.20000100202904195,-1.0970753499093922,5,-1.605618080379184,999.9,2.3,34.4
0.2065952997908579,0.32493517502598845,U8,MN8014,16.178718532887608,4.000202720693421,WPG,SSPG,0.08398991457761412,0.3253518723133788,0.20000112428369118,-1.096826748975946,7,-1.6059529784232858,999.9,2.3,34.4
0.20661468694136553,0.324910933019557,U8,MN8014,16.178578375592906,4.00022496949381,WPG,SSPG,0.08399230767811172,0.32536685963047696,0.20000097032544928,-1.0969386303249147,0,-1.6060162117918413,999.9,2.3,34.4
0.20659961363969762,0.32492270626243536,U8,MN8014,16.178626094849847,4.000220321181974,WPG,SSPG,0.08400373232140779,0.32536312969061665,0.20000099164257681,-1.0969014346523043,0,-1.6055927238432712,999.9,2.3,34.4
0.20659986884736534,0.3249455342692493,U8,MN8014,16.178793496437912,4.000211016987117,WPG,SSPG,0.08400971683360015,0.3253568646491904,0.20000123760920088,-1.0969560340550584,3,-1.6059565974663972,999.9,2.3,34.4
0.20660792496791275,0.32492531967076765,U8,MN8014,16.1789380168249,4.000217665569932,WPG,SSPG,0.0839883711698609,0.3253660649823319,0.2000010629968395,-1.096990937613852,7,-1.6057789562644942,999.9,2.3,34.4
0.20660561234766048,0.324938601321322,U8,MN8014,16.178651742997623,4.000187094019596,WPG,SSPG,0.08400484432970745,0.3253588366651392,0.20000138532677073,-1.0969291274633077,7,-1.6059719068745402,999.9,2.3,34.4
0.20661425453006355,0.3249539026258968,U8,MN8014,16.17920390132194,4.000209298169086,WPG,SSPG,0.0840168447407761,0.325360413991289,0.20000150572948952,-1.097023662195957,2,-1.6059658483657948,999.9,2.3,34.4
0.20661714445737045,0.3249533816430381,U8,MN8014,16.178982273417578,4.0001908372839425,WPG,SSPG,0.08399853065789645,0.32536219312456366,0.20000205548567943,-1.097032296697291,7,-1.6060435788660659,999.9,2.3,34.4
0.2066267099348087,0.3249523624023763,U8,MN8014,16.17973778391949,4.000214192432379,WPG,SSPG,0.08396742158747601,0.32536880791409917,0.20000197131164787,-1.0971716299082679,3,-1.606058135374056,999.9,2.3,34.4
0.206621243202854,0.32493399862105943,U8,MN8014,16.17886011654504,4.00020941513989,WPG,SSPG,0.08397963955860653,0.325365673288939,0.20000167032351907,-1.0970015198589582,0,-1.606067953731122,999.9,2.3,34.4
0.20662019490603695,0.3249443390481068,U8,MN8014,16.17962745177662,4.000215046534166,WPG,SSPG,0.08398275143342329,0.32536306606253057,0.2000018848366857,-1.0970415001812568,1,-1.606035542086735,999.9,2.3,34.4
0.20662238935117083,0.3249353067048961,U8,MN8014,16.179054821471237,4.0002159289472905,WPG,SSPG,0.08397814402916581,0.32536952080290554,0.20000176420985824,-1.097059451499089,3,-1.6059156588713925,999.9,2.3,34.4
0.2066208503354361,0.3249205556818243,U8,MN8014,16.17883783051269,4.0002247728727784,WPG,SSPG,0.08396983087910695,0.3253699952092049,0.20000127837698503,-1.097019493150009,5,-1.6059840679094481,999.9,2.3,34.4
0.2066247767226596,0.32493564207232556,U8,MN8014,16.17953455255945,4.000223598528808,WPG,SSPG,0.08396610249576175,0.32536752118282886,0.20000177566564073,-1.097064419646727,5,-1.6060250473950664,999.9,2.3,34.4
0.2066120101153273,0.3249126582151472,U8,MN8014,16.178628795015037,4.000240707878897,WPG,SSPG,0.08398896347547664,0.3253680930406112,0.20000109148066045,-1.0969668706607754,0,-1.605932848004782,999.9,2.3,34.4
0.20661271605902776,0.3249232098006789,U8,MN8014,16.17871662992902,4.0002325225378055,WPG,SSPG,0.0839904859127364,0.3253650798043119,0.20000122575416834,-1.0969698029744832,4,-1.6060147753675036,999.9,2.3,34.4
0.20661321649222736,0.3249313929637996,U8,MN8014,16.178938333820334,4.000221656147082,WPG,SSPG,0.08397138732828638,0.325365972945176,0.20000172240732925,-1.097015084407911,6,-1.6059637475564656,999.9,2.3,34.4
0.20661760505874466,0.3249322023578882,U8,MN8014,16.17898690949353,4.000225437812724,WPG,SSPG,0.08397420442515094,0.3253661700271092,0.2000016621043495,-1.0970257115263018,5,-1.6060537435184425,999.9,2.3,34.4
0.20661816226910074,0.32492633962189316,U8,MN8014,16.178887714404553,4.000236104416526,WPG,SSPG,0.08398925031263779,0.32536605422494436,0.2000013795347368,-1.0969822341839002,7,-1.6059915526526538,999.9,2.3,34.4
0.20662265738779717,0.3249367487558931,U8,MN8014,16.179114234013838,4.000210687332733,WPG,SSPG,0.08397418496192749,0.32536753964076337,0.20000189051281586,-1.0970581120999565,3,-1.606072423523658,999.9,2.3,34.4
0.2066219665169319,0.32493161739708776,U8,MN8014,16.179248064889915,4.000224559939225,WPG,SSPG,0.08397725381797719,0.32536850381300514,0.20000169601563836,-1.0970571784059238,4,-1.6060030026042078,999.9,2.3,34.4
0.20661591008450006,0.3249188390171552,U8,MN8014,16.178971342980297,4.000230838646066,WPG,SSPG,0.08397765782476524,0.3253686024228433,0.20000135226170554,-1.0969966645295797,3,-1.6058959042342504,999.9,2.3,34.4
0.20661260565059636,0.32492446305119005,U8,MN8014,16.178917134972586,4.0002202246992224,WPG,SSPG,0.08398178322292632,0.3253638235416941,0.2000015842220232,-1.096958579409231,2,-1.606023898561391,999.9,2.3,34.4
0.2066172001446423,0.3249361875468145,U8,MN8014,16.17925730251502,4.000208560896114,WPG,SSPG,0.08398170648859093,0.32536479264482565,0.20000173691045148,-1.097017879633994,1,-1.6059695531684657,999.9,2.3,34.4
0.206621368826212,0.32493677923680664,U8,MN8014,16.17942345405023,4.000216161569666,WPG,SSPG,0.08398497290177537,0.3253660849040649,0.20000168841230348,-1.0970559658438035,2,-1.606048039434917,999.9,2.3,34.4
0.206620975630217,0.3249405902532268,U8,MN8014,16.179507338181267,4.000208557793606,WPG,SSPG,0.08398132687653108,0.32536519999841407,0.20000183998253612,-1.097030183671404,3,-1.605904781963872,999.9,2.3,34.4
0.20662014820536823,0.32493627335936237,U8,MN8014,16.17969892216685,4.0002120173873115,WPG,SSPG,0.08397209385719233,0.32536583154281934,0.20000171249305432,-1.0970600147433736,6,-1.605989385917285,999.9,2.3,34.4
0.2066230569417427,0.324914198617696,U8,MN8014,16.179730830947804,4.000225474621358,WPG,SSPG,0.0839511203593308,0.3253706477151034,0.20000143745575608,-1.0970601466630008,7,-1.606025520421774,999.9,2.3,34.4
0.2066210433513043,0.32493395263274527,U8,MN8014,16.1796550433019,4.000213639057382,WPG,SSPG,0.08396651065531152,0.325364302080544,0.20000180800165815,-1.0970317618905914,3,-1.6060968260790514,999.9,2.3,34.4
0.20662573113771887,0.3249384543489223,U8,MN8014,16.179793997825673,4.000203498273738,WPG,SSPG,0.08397002932820477,0.3253658835133387,0.20000186111349916,-1.0970555221906204,4,-1.606022601808439,999.9,2.3,34.4
0.2066214693295149,0.32493290517620854,U8,MN8014,16.179799680537716,4.000209979468496,WPG,SSPG,0.08396349148516286,0.32536631588282955,0.20000173285972328,-1.0970495702563858,3,-1.6059628453088415,999.9,2.3,34.4
0.20662236787680488,0.3249350635026726,U8,MN8014,16.17972323985944,4.00021059190658,WPG,SSPG,0.08395986042673963,0.32536486032057593,0.20000189141980712,-1.0970302983867009,3,-1.6060272234393622,999.9,2.3,34.4
0.20662910305274895,0.3249329260951057,U8,MN8014,16.1801812149871,4.000211603571493,WPG,SSPG,0.08394865748380206,0.32536610438662705,0.2000019424090448,-1.0970657010362976,7,-1.6061285739734554,999.9,2.3,34.4
0.20662340726865952,0.3249203682276151,U8,MN8014,16.17953315237149,4.000210823903226,WPG,SSPG,0.08394884509292382,0.3253659392444986,0.20000176392187835,-1.0969898342548272,6,-1.606117241632706,999.9,2.3,34.4
0.20662038142827965,0.32491800331317583,U8,MN8014,16.179236527238785,4.000215852853569,WPG,SSPG,0.08396443925657984,0.32536718182426333,0.20000154869330783,-1.096984629063837,2,-1.6060276523808383,999.9,2.3,34.4
0.20661677375847473,0.32491342767539455,U8,MN8014,16.179184496396747,4.000214512081882,WPG,SSPG,0.0839518335009142,0.3253668340464193,0.20000159219141367,-1.0969726055957258,1,-1.6060465951293015,999.9,2.3,34.4
0.20661924887569888,0.32492123178121296,U8,MN8014,16.179149288784423,4.000204140027799,WPG,SSPG,0.08395637137658235,0.3253646191456401,0.20000171643935283,-1.0969607149904503,7,-1.6061155244324237,999.9,2.3,34.4
0.20661893708260498,0.3249151633051909,U8,MN8014,16.17927696321303,4.000206926299447,WPG,SSPG,0.08395743935228488,0.32536666968089034,0.20000151852351716,-1.0969753156623563,6,-1.6060466488551963,999.9,2.3,34.4
0.20661658016526324,0.32491186545625783,U8,MN8014,16.178901764511103,4.000206146295767,WPG,SSPG,0.08395804037951976,0.32536805843854394,0.20000149792446723,-1.0969694399043524,3,-1.606024475164892,999.9,2.3,34.4
0.2066177129709934,0.3249096984024629,U8,MN8014,16.178999942497015,4.000200383176541,WPG,SSPG,0.08395644875399429,0.3253678514242959,0.20000161135067265,-1.096952955545608,2,-1.6060143100580735,999.9,2.3,34.4
0.2066210871631516,0.32490315628941946,U8,MN8014,16.178992281402348,4.000203012326448,WPG,SSPG,0.08394829084377957,0.3253710468201506,0.20000148389550684,-1.0969784337440094,1,-1.6060339262235246,999.9,2.3,34.4
0.20662224961612063,0.3249217678747697,U8,MN8014,16.179314468244336,4.000204175977724,WPG,SSPG,0.08395170569046163,0.3253634738156529,0.2000018604582718,-1.0969468805229587,3,-1.6061751394423318,999.9,2.3,34.4
0.20661896954528033,0.3249165913731402,U8,MN8014,16.17935979377964,4.000211791442717,WPG,SSPG,0.0839562344493906,0.3253644438678536,0.20000175165143871,-1.096938036031256,2,-1.606047579052861,999.9,2.3,34.4
0.20661727853782744,0.32491620143507766,U8,MN8014,16.179155030919727,4.0002042623072205,WPG,SSPG,0.08396443005687627,0.3253623493182126,0.20000174232731763,-1.0969028812942094,6,-1.6061174763948713,999.9,2.3,34.4
0.206614549270621,0.32491474178468704,U8,MN8014,16.179195397556875,4.00020420249428,WPG,SSPG,0.08396580299688847,0.32536281295380787,0.2000016834146727,-1.0969115736284896,0,-1.6060655156320465,999.9,2.3,34.4
0.20661896199426227,0.3249183751641821,U8,MN8014,16.179431764475886,4.0002046618780485,WPG,SSPG,0.08395967765500076,0.32536478933133556,0.2000016702805381,-1.0969709784105435,6,-1.60610365751619,999.9,2.3,34.4
0.20661303089053157,0.32491889378254446,U8,MN8014,16.17896000253134,4.000195140753679,WPG,SSPG,0.08396150754223713,0.3253609737376087,0.20000191546692078,-1.0968857812738322,2,-1.606099835432456,999.9,2.3,34.4
0.20661837772845923,0.324919501325987,U8,MN8014,16.17913433341335,4.000198146553147,WPG,SSPG,0.08395592580718234,0.3253632464931994,0.20000192671132244,-1.0969182646997584,5,-1.6060857428946864,999.9,2.3,34.4
0.20661935876108248,0.3249177155807931,U8,MN8014,16.179416603242608,4.000193880333993,WPG,SSPG,0.08395262644545314,0.32536329514185036,0.20000198926845073,-1.0969223981472993,0,-1.6060734523692535,999.9,2.3,34.4
0.20662375322649612,0.32491354036933906,U8,MN8014,16.179428138086678,4.000202159666309,WPG,SSPG,0.08394823583988167,0.325367629310658,0.2000017893966209,-1.096982932908524,4,-1.6061104474021803,999.9,2.3,34.4
0.20662411211416137,0.3249184248857021,U8,MN8014,16.17936116378924,4.0001932842094154,WPG,SSPG,0.08394820521226,0.32536700739580426,0.20000186202005513,-1.096986874661016,3,-1.606123354328865,999.9,2.3,34.4
0.20661971326571987,0.32490941321477607,U8,MN8014,16.179374523006558,4.0001980577413025,WPG,SSPG,0.08394457826643144,0.3253661229021339,0.20000160573971948,-1.0969473613087095,4,-1.6060836297821197,999.9,2.3,34.4
0.20661933323821258,0.32491681347385787,U8,MN8014,16.17940080062085,4.000190467543566,WPG,SSPG,0.08395211674525696,0.32536436156125476,0.20000188902130528,-1.096950197551592,1,-1.6061197997553958,999.9,2.3,34.4
0.20661862993862573,0.32490536199264763,U8,MN8014,16.179395911746454,4.00019416997287,WPG,SSPG,0.08394222073641877,0.3253680634957088,0.2000016598178391,-1.0969585680971485,4,-1.6060100459190991,999.9,2.3,34.4
0.20661549004420782,0.32491011329954367,U8,MN8014,16.179171405512765,4.000194189505228,WPG,SSPG,0.08395194194549278,0.3253631944659307,0.20000169070503196,-1.0968909913614184,5,-1.606060241033271,999.9,2.3,34.4
0.2066254903142474,0.32492086488608873,U8,MN8014,16.179671511076904,4.000194644054032,WPG,SSPG,0.0839429897796602,0.3253664701569041,0.20000207606362788,-1.0969987031885118,3,-1.6061302274267444,999.9,2.3,34.4
0.20662387353904446,0.324925124844307,U8,MN8014,16.179635181894923,4.00018828229622,WPG,SSPG,0.08394582092261743,0.32536405970757076,0.20000222810742055,-1.0969800455025962,7,-1.6061741588456897,999.9,2.3,34.4
0.20662378290621689,0.3249163392862251,U8,MN8014,16.179695667525785,4.000195435493807,WPG,SSPG,0.08393836089878655,0.32536601634840123,0.20000208198098599,-1.0969761927071544,1,-1.6061175529103071,999.9,2.3,34.4
0.20662715533399378,0.3249099323973228,U8,MN8014,16.179694082074136,4.000191678401458,WPG,SSPG,0.08392839315021457,0.32536992261005593,0.20000206116840488,-1.0970109085047088,6,-1.6061188067444014,999.9,2.3,34.4
0.20663312228006803,0.32492327041600555,U8,MN8014,16.180244804268334,4.000188290618543,WPG,SSPG,0.08391820925650632,0.3253680616553701,0.20000257772406266,-1.097048169524899,1,-1.6061979963131954,999.9,2.3,34.4
0.20662377790250194,0.3249145441582687,U8,MN8014,16.179785776562333,4.000201253226991,WPG,SSPG,0.0839370355364851,0.325364346772705,0.20000201757638886,-1.0969523258419922,0,-1.6061665330550365,999.9,2.3,34.4
0.20662535296417,0.32492496725688197,U8,MN8014,16.17995042442176,4.00019558669966,WPG,SSPG,0.08393285003460879,0.32536378865043525,0.20000244676158577,-1.096989166794572,6,-1.6062008277708557,999.9,2.3,34.4
0.20663026753563446,0.32492266039157613,U8,MN8014,16.180152452540515,4.0001905780979685,WPG,SSPG,0.08392345823620267,0.3253670314669067,0.20000261353131046,-1.0970315652550018,6,-1.6062006169624947,999.9,2.3,34.4
0.20662569856818208,0.3249237130869975,U8,MN8014,16.179902763216624,4.000190214286337,WPG,SSPG,0.08393395375105576,0.32536437000997875,0.20000243092836006,-1.0969856421997506,1,-1.6061753061227417,999.9,2.3,34.4
0.20663049777922896,0.3249194443306679,U8,MN8014,16.18008688641388,4.00018695278557,WPG,SSPG,0.08391530173089021,0.3253680304556721,0.20000270124610708,-1.0970223071434588,0,-1.6061645057733607,999.9,2.3,34.4
0.20663328803931402,0.3249226331965766,U8,MN8014,16.18035697848126,4.000190947929777,WPG,SSPG,0.08391126887861719,0.32536764785710104,0.2000028882943745,-1.097042391849052,4,-1.6062226593519213,999.9,2.3,34.4
0.20663416954345265,0.3249370262798472,U8,MN8014,16.180549320072263,4.000185747909274,WPG,SSPG,0.08391171398538691,0.32536553193572537,0.2000033886245631,-1.097066877053545,4,-1.6062445869231023,999.9,2.3,34.4
0.2066381347777901,0.32493391469715066,U8,MN8014,16.180762277710606,4.000178712120505,WPG,SSPG,0.0839050203014067,0.3253672651856302,0.20000330007835015,-1.0970930445312594,0,-1.6062794112294725,999.9,2.3,34.4
0.20663369151459332,0.3249429130188036,U8,MN8014,16.180435382086348,4.000185039042793,WPG,SSPG,0.08392377107808623,0.32536523330971134,0.2000033139139405,-1.0970795296492168,7,-1.606226139672959,999.9,2.3,34.4
0.2066377853019534,0.32493190021380075,U8,MN8014,16.180697713188415,4.000191321270555,WPG,SSPG,0.08390425924450629,0.32536898840093115,0.20000319973757794,-1.0971114624158231,7,-1.6062483104069507,999.9,2.3,34.4
0.2066303484059595,0.3249290365056753,U8,MN8014,16.18035731861201,4.0001891156215725,WPG,SSPG,0.08391865760645169,0.3253677283740152,0.20000265460109365,-1.0970802174046315,4,-1.6061716286380907,999.9,2.3,34.4
0.20663227271779117,0.3249356797779718,U8,MN8014,16.180532584726492,4.0001843043862,WPG,SSPG,0.08391536525167552,0.3253660503157578,0.20000298919664652,-1.0970784070128932,4,-1.6062020672513633,999.9,2.3,34.4
0.20663484509892388,0.3249401588559196,U8,MN8014,16.180611636624434,4.000188546670371,WPG,SSPG,0.08391611252452108,0.32536619761315444,0.2000031471733928,-1.0970985921387346,5,-1.6062361994521996,999.9,2.3,34.4
0.20663135991914156,0.3249401327345792,U8,MN8014,16.180392251655938,4.000177828360378,WPG,SSPG,0.0839184016728052,0.32536369763884176,0.20000336640514585,-1.0970496195341934,7,-1.606259476929484,999.9,2.3,34.4
0.2066336067623792,0.32493583748004273,U8,MN8014,16.180392662285467,4.000187893289436,WPG,SSPG,0.0839100568966365,0.32536655587173635,0.20000309314456663,-1.0970742423030377,5,-1.6062172247393338,999.9,2.3,34.4
0.20663346598093818,0.32493580389910687,U8,MN8014,16.180653944627927,4.00018150526513,WPG,SSPG,0.08390337501066208,0.3253651289263888,0.20000353215058672,-1.0970644160050822,4,-1.6062640918022044,999.9,2.3,34.4
0.20663437747035562,0.32493682853162653,U8,MN8014,16.18051362639944,4.000178514336153,WPG,SSPG,0.08390992260484798,0.3253658039390516,0.20000325934638372,-1.0970750293623186,0,-1.6062665331005057,999.9,2.3,34.4
0.20663533942044401,0.3249368677771657,U8,MN8014,16.180490727362514,4.000181125729271,WPG,SSPG,0.08390919537828363,0.325366174350791,0.20000328318320273,-1.0970746827922986,7,-1.6062592606350226,999.9,2.3,34.4
0.20663547378520103,0.3249368542672625,U8,MN8014,16.180422275070356,4.000176382836561,WPG,SSPG,0.08390834296079774,0.32536671489768554,0.20000332834485945,-1.0970797975462474,2,-1.6062624070201768,999.9,2.3,34.4
0.20663719899035868,0.32493496846760145,U8,MN8014,16.180450824637916,4.000179038408253,WPG,SSPG,0.08390654293598764,0.32536752477462993,0.2000032364833059,-1.0970843643556534,1,-1.606266060339797,999.9,2.3,34.4
0.2066373869232757,0.32493239114981814,U8,MN8014,16.180528819707,4.0001794745486325,WPG,SSPG,0.08390097960128673,0.32536790989722597,0.20000326528176013,-1.0970868235770224,5,-1.6062781927167826,999.9,2.3,34.4
0.20664064555265038,0.3249369457049693,U8,MN8014,16.180660738768147,4.000180572456318,WPG,SSPG,0.08389303128827189,0.3253681619491422,0.2000035892775739,-1.0971077994003822,6,-1.6063205872462056,999.9,2.3,34.4
0.20663671802576028,0.32493853261753974,U8,MN8014,16.180563888117756,4.000180713629525,WPG,SSPG,0.08390245487970441,0.32536653201729754,0.20000343053337452,-1.0970889217047148,7,-1.6062806473421887,999.9,2.3,34.4
0.2066401688490942,0.32493804133913257,U8,MN8014,16.180686222310296,4.000185514236724,WPG,SSPG,0.08390042219193089,0.32536738051824965,0.20000335662318602,-1.0971018095764302,3,-1.6062998798470325,999.9,2.3,34.4
0.20663855420063504,0.32493622303764735,U8,MN8014,16.18057797813616,4.000184170291111,WPG,SSPG,0.08390324800283074,0.32536674832097945,0.20000339816855517,-1.0970789469214635,1,-1.6062928669664807,999.9,2.3,34.4
0.2066389833206933,0.32493379271256995,U8,MN8014,16.180650275828782,4.000185024569518,WPG,SSPG,0.08389395763071157,0.3253682107626717,0.20000350847081408,-1.0970896182592242,3,-1.606252665684261,999.9,2.3,34.4
0.20664171339657952,0.32493841236070836,U8,MN8014,16.18086217078175,4.000184915592856,WPG,SSPG,0.0838883901301023,0.32536903511964677,0.20000377530903077,-1.0971329739799138,0,-1.6063023610831237,999.9,2.3,34.4
0.206642481593436,0.32493922416138366,U8,MN8014,16.180834341846435,4.000189403958419,WPG,SSPG,0.08388984235739044,0.3253683080172305,0.20000374911196486,-1.0971213001639142,1,-1.6063223958490376,999.9,2.3,34.4
0.20664085646973643,0.3249309199671142,U8,MN8014,16.180872434369945,4.000193419386621,WPG,SSPG,0.08388633606387325,0.32536958820202566,0.2000034795976749,-1.0971143011990867,2,-1.6062665402831051,999.9,2.3,34.4
0.20664198274543125,0.3249338125252048,U8,MN8014,16.180925910084824,4.000194565247132,WPG,SSPG,0.08388558412601171,0.3253702869842151,0.20000364816422145,-1.0971335420177342,3,-1.6062539563193088,999.9,2.3,34.4
0.20664112657879954,0.32493395631304656,U8,MN8014,16.18096757732802,4.000194082497624,WPG,SSPG,0.08388354161961109,0.32537012862084486,0.20000370614795632,-1.097138036150353,5,-1.6062617417653549,999.9,2.3,34.4
0.20664281606480317,0.32493096962343604,U8,MN8014,16.18104885742335,4.000196900747257,WPG,SSPG,0.0838783478705464,0.3253712498551819,0.20000359509373275,-1.0971519931696965,2,-1.606285172456305,999.9,2.3,34.4
0.20664013917777307,0.3249332903468012,U8,MN8014,16.18089840480205,4.000194679586685,WPG,SSPG,0.08388530918146123,0.32536980742076915,0.20000357887204023,-1.0971256023059195,4,-1.606234772618711,999.9,2.3,34.4
0.2066410171805225,0.3249365357028895,U8,MN8014,16.180980164767817,4.000193091644069,WPG,SSPG,0.08388111867056922,0.3253697099572018,0.20000377241069453,-1.0971438652913772,5,-1.6062764431834768,999.9,2.3,34.4
0.20664182861453934,0.3249330134657494,U8,MN8014,16.180822316918928,4.000195076399139,WPG,SSPG,0.08388104309741823,0.32537088304648043,0.20000373058742918,-1.0971408951762371,0,-1.6062898249722952,999.9,2.3,34.4
0.20663905618236164,0.324933051656257,U8,MN8014,16.180649416652393,4.000190326642081,WPG,SSPG,0.08388791066678186,0.32536876119270425,0.2000037189493314,-1.0970995729473705,0,-1.6062880724368824,999.9,2.3,34.4
0.20663991839680362,0.32493449744920316,U8,MN8014,16.1806989375897,4.0001965559539,WPG,SSPG,0.08388274315640491,0.32536885938196214,0.2000038410035678,-1.097102412261643,6,-1.6062771538729326,999.9,2.3,34.4
0.20664026769789454,0.32493166925080524,U8,MN8014,16.18058260385414,4.000204327778134,WPG,SSPG,0.08388143901567184,0.3253715041307647,0.20000360062681286,-1.0971305309201038,3,-1.6062399777602536,999.9,2.3,34.4
0.20664104078484852,0.32492950659182496,U8,MN8014,16.18067902732672,4.00018992751891,WPG,SSPG,0.08387533501724502,0.32537156133109485,0.20000366103314993,-1.0971315854401622,2,-1.6062785970771198,999.9,2.3,34.4
0.20664235898077732,0.3249335000867875,U8,MN8014,16.18071543071658,4.00019249914796,WPG,SSPG,0.08387801490281929,0.3253721024094799,0.2000038109041226,-1.0971484528736748,2,-1.6062532884308673,999.9,2.3,34.4
0.20663766316262244,0.3249286888188519,U8,MN8014,16.18057401938536,4.000186394530271,WPG,SSPG,0.0838882417865636,0.32537094244713904,0.20000355844068654,-1.097116490206242,0,-1.606229411317047,999.9,2.3,34.4
0.20664042308511726,0.32493176321709977,U8,MN8014,16.180622234985712,4.000191933150335,WPG,SSPG,0.08388010843679211,0.32537068864276353,0.20000390684719335,-1.0971163635698054,2,-1.606269391762666,999.9,2.3,34.4
0.20664042733513266,0.3249277966893434,U8,MN8014,16.180636946126747,4.0002005200543165,WPG,SSPG,0.08387257109643546,0.32537201817118483,0.20000386643397933,-1.0971281480258548,7,-1.606275483796443,999.9,2.3,34.4
0.20664333223518827,0.32493030890163693,U8,MN8014,16.18081723116938,4.000203283845867,WPG,SSPG,0.08387633434340447,0.3253720994551621,0.20000385044242697,-1.0971434271453608,7,-1.6062894869710114,999.9,2.3,34.4
0.20664216722518042,0.3249254214819828,U8,MN8014,16.180637298205014,4.000197607282302,WPG,SSPG,0.08387665827446468,0.3253720378336713,0.20000370808175538,-1.097117416533443,0,-1.606293787705198,999.9,2.3,34.4
0.20664205340569672,0.3249273509491494,U8,MN8014,16.18060642718651,4.000199379166444,WPG,SSPG,0.08387345137273376,0.32537248225373944,0.20000381705682455,-1.09712903171383,4,-1.6062851608220523,999.9,2.3,34.4
0.2066454804585316,0.32493418642989724,U8,MN8014,16.181069046198612,4.00019871094873,WPG,SSPG,0.08386765015571124,0.3253725421350034,0.2000041813193797,-1.0971656721423035,3,-1.6062696317175966,999.9,2.3,34.4
0.20664636600638872,0.3249331068243572,U8,MN8014,16.181049099208863,4.000199002017307,WPG,SSPG,0.08385949108373769,0.32537296687092954,0.2000042927709066,-1.097169422712839,3,-1.6063094417904153,999.9,2.3,34.4
0.20664606575266048,0.3249320423161605,U8,MN8014,16.181058628153643,4.000198371401977,WPG,SSPG,0.08385896639107103,0.3253721021242629,0.2000042673490471,-1.0971551308951502,5,-1.6063349030369274,999.9,2.3,34.4
0.20664676301245027,0.3249319280107789,U8,MN8014,16.18105637725479,4.000201844234246,WPG,SSPG,0.08385453941141018,0.3253730052217579,0.2000043763059179,-1.0971622535494414,3,-1.6063119194782693,999.9,2.3,34.4
0.20664585020827433,0.32493703041861105,U8,MN8014,16.181095783507594,4.000201493316524,WPG,SSPG,0.08386194205498791,0.32537230838851483,0.20000437664289727,-1.0971775194557345,7,-1.6063096892456805,999.9,2.3,34.4
0.20664902398589838,0.32494116952378094,U8,MN8014,16.18122430612523,4.000199826551499,WPG,SSPG,0.08385567793783624,0.32537261146252083,0.200004541549267,-1.0971992696959068,2,-1.6063427935445578,999.9,2.3,34.4
0.20664685153214782,0.3249382456042896,U8,MN8014,16.18124768984447,4.000203589082231,WPG,SSPG,0.08386012720465069,0.3253720558712657,0.20000433621356814,-1.0971878069737373,7,-1.606326308854774,999.9,2.3,34.4
0.20664585231490895,0.3249380010919949,U8,MN8014,16.181241766320525,4.000202635583068,WPG,SSPG,0.08385909747470342,0.3253710810616094,0.20000420370047214,-1.0971735013697086,6,-1.6063239310820485,999.9,2.3,34.4
0.20664690350501552,0.3249409324130557,U8,MN8014,16.1813869023985,4.000197460044027,WPG,SSPG,0.08385968430361042,0.32537124460446565,0.20000442453485065,-1.097190085143553,7,-1.6063222724449684,999.9,2.3,34.4
0.20664687208892663,0.32494355402950403,U8,MN8014,16.18139543587349,4.000198221978722,WPG,SSPG,0.0838596097220194,0.32537010121445115,0.20000458954091094,-1.0971802766030088,4,-1.606342697293945,999.9,2.3,34.4
0.20664553759408438,0.3249367735583563,U8,MN8014,16.181209331330862,4.000201193073575,WPG,SSPG,0.08385828382224736,0.32537064516025754,0.20000450736469583,-1.0971528919608953,4,-1.6063263525301625,999.9,2.3,34.4
0.2066433841180152,0.32493400328622407,U8,MN8014,16.181252414033317,4.000205045578584,WPG,SSPG,0.0838574563958524,0.32536981982563673,0.2000043728828187,-1.0971419773720656,2,-1.606338054317991,999.9,2.3,34.4
0.20664576579713217,0.32494001447972887,U8,MN8014,16.1814726647414,4.00020179028739,WPG,SSPG,0.08385986580096852,0.3253688904087138,0.20000433316868155,-1.0971562250366427,3,-1.606343617415984,999.9,2.3,34.4
0.2066475947524689,0.3249420588246742,U8,MN8014,16.181423390608806,4.000206962090091,WPG,SSPG,0.08385516070273788,0.3253706238916281,0.20000437058218057,-1.0971842141425527,1,-1.6063290094492597,999.9,2.3,34.4
0.2066471502448533,0.32494050173200867,U8,MN8014,16.181399393152063,4.00020927069599,WPG,SSPG,0.08385440647330783,0.3253701609146765,0.20000417154745248,-1.0971767374333874,2,-1.606350021573121,999.9,2.3,34.4
0.2066503418387205,0.324943028927366,U8,MN8014,16.18164035523167,4.000206648222833,WPG,SSPG,0.08385123726430896,0.3253716640726435,0.20000428345902038,-1.097215428399933,3,-1.6063395260977433,999.9,2.3,34.4
0.20665082716728572,0.3249411912601375,U8,MN8014,16.181689810624334,4.000205302520988,WPG,SSPG,0.08384845649665795,0.32537130787043694,0.200004243513818,-1.0972091790925929,6,-1.6063744155452113,999.9,2.3,34.4
0.2066489866604403,0.3249417856904816,U8,MN8014,16.181524108968077,4.000205655286721,WPG,SSPG,0.08385580461672926,0.325369949615082,0.2000042032339709,-1.0971829847275696,6,-1.6063752990773015,999.9,2.3,34.4
0.20665078522303695,0.32494649403943154,U8,MN8014,16.181703534376453,4.000210336936353,WPG,SSPG,0.08385393939411098,0.32537064605146127,0.20000422601461595,-1.0972151385206108,3,-1.6063453981887008,999.9,2.3,34.4
0.20664927425597857,0.3249464024022372,U8,MN8014,16.18178945884413,4.000203569495378,WPG,SSPG,0.08385259684856028,0.3253686485068475,0.20000438972627033,-1.0971939563829491,5,-1.6063936653856974,999.9,2.3,34.4
0.20665237189114088,0.3249435185723898,U8,MN8014,16.181765933336727,4.000208205856847,WPG,SSPG,0.08384653236226136,0.32537157023859,0.20000423756847688,-1.0972207190565522,4,-1.6063636658394689,999.9,2.3,34.4
Time taken (seconds)
2026-05-31 22:25:59
