thigh_length,calf_length,motor_left_name,motor_right_name,gear_left_ratio,gear_right_ratio,gearbox_left,gearbox_right,torso_distance,ik_height,ori_l,ori_theta,best_index,best_cost,ac1,ac2,ac3
0.25882454973770086,0.24338257151051917,U12,MN8014,10.393978896498862,9.30724910923985,CPG,CPG,0.12430789885319597,0.342437148848744,0.4612513725002639,0.497160665870624,0,0.14170145968058065,436.7,4.8,28.6
0.2400247597235342,0.2384683704873432,U12,MN8014,9.3676930843685,7.318880678973156,CPG,SSPG,0.1320861064353181,0.3775261900998252,0.290992720694567,-0.2328720734517098,0,1000000.0,488.7,3.9,33.9
0.2621370721034713,0.24717805674696486,U10,MN8014,6.541268976649997,8.018122297829455,CPG,CPG,0.1194685317021096,0.3733158229240089,0.20666627159850556,-0.6023035527754697,0,0.5171364286407281,569.4,4.9,26.4
0.231651392429925,0.25705473826832,U10,MN8014,6.899288937997018,8.111010486981455,CPG,CPG,0.12068700975159868,0.37992091160615205,0.20094452000599033,-0.6260329987695102,2,-0.009873952230542216,551.6,3.4,35.3
0.2325592376191487,0.2711929218070145,U10,MN8014,9.662368315003135,8.843479767403837,CPG,CPG,0.12311713883710464,0.43263377586646967,0.20567192170351842,-0.3247255607657695,2,1.167862607567446,505.7,2.9,34.2
0.23742772291095898,0.2711525536162953,U10,MN8014,8.94712938608728,6.351626782240601,CPG,CPG,0.11302179632171847,0.42991243797840306,0.2459857973187717,-0.5985567552978182,1,0.000696189277158421,458.8,1.1,32.6
0.2324549579417215,0.2936613988669185,U10,MN8014,6.87247461626466,6.637319038053928,CPG,CPG,0.13009815923456997,0.389676165150217,0.25970700828441906,-0.6435896821450041,6,0.07747106189570285,515.1,2.2,32.6
0.2317069168313323,0.30787770358478617,U8,MN8014,6.19773496734304,7.411199139913585,CPG,CPG,0.11737517547332622,0.37972034369330776,0.235213583742221,-0.5258897618148206,0,-0.4269320241610046,525.2,2.4,33.6
0.2126530404337074,0.3036363890474172,U8,MN8014,9.169559257555377,6.395889271138612,CPG,CPG,0.1204888088574756,0.3653524688772597,0.2074358961862557,-0.7761894675582668,6,-0.6759387886387804,592.5,1.5,32.1
0.19880764068545667,0.32171093914485427,U12,MN8014,13.71059712761965,6.4608654697830925,CPG,CPG,0.10875513335547105,0.3578664008770853,0.20004239323629677,-0.9274514388262216,5,0.907015190000787,665.4,0.6,32.2
0.23411507833543235,0.29456752174972567,U10,MN8014,16.212873313382808,7.413998564346608,WPG,CPG,0.11363636907123646,0.378526340687901,0.27642304991741407,-1.0101320636133648,4,1.114833618558573,560.1,0.3,33.2
0.22209985580652916,0.29720583037403303,U10,VT8020,11.042456222906312,7.455002635282959,CPG,CPG,0.10882424824364431,0.37563900151104074,0.20994898541015136,-0.4877364931360979,7,0.2248245302242955,542.5,0.1,38.3
0.23612542728780045,0.33081632031813235,U8,VT8020,14.848060596576849,6.825518722935945,CPG,CPG,0.12714295365660683,0.3739956464946117,0.22383395437513662,-0.5745830571317125,3,0.3374179907779524,589.4,0.3,30.0
0.22276552665250335,0.3389674879983486,U8,MN8014,13.140570519879205,7.161060780136259,CPG,SSPG,0.12347856201128533,0.35788645742533104,0.2780540539354695,-1.005241708040514,0,0.9501888600435295,601.6,1.4,37.7
0.24161570152361,0.33372897795039325,U8,MN8014,12.907635426470053,5.732648383096266,CPG,SSPG,0.12015197403559917,0.3655638180716078,0.20316288522476406,-0.7889452378641256,3,-0.977299112404932,596.4,0.6,39.4
0.22797975747287616,0.29863444873394596,U8,MN8014,13.257465471567286,4.761594822079361,CPG,SSPG,0.11972764229228537,0.3920803207639937,0.2404730882813051,-0.5454930854993825,1,-0.6128888173094369,589.5,0.5,36.6
0.24150893073738267,0.3130325055867522,U8,U12,15.032385249956357,6.729132295656172,CPG,CPG,0.11117895042326234,0.3669033170335295,0.20256377247678717,-0.5706758231323377,1,0.34055977282970495,573.7,1.2,35.6
0.25596497646567107,0.32984017745733396,U8,U12,16.96259411608967,4.437874361657058,WPG,SSPG,0.12592379445191954,0.3864700650586633,0.20905385813266844,-0.7729190508141408,2,0.1179736357672887,690.6,2.4,41.9
0.22967934818639751,0.2956547001903116,U8,MN8014,12.360896070370682,5.717327333839104,CPG,SSPG,0.1350080389252944,0.3731766897117291,0.20809501436474698,-1.3862393378411633,7,0.6345136281185568,683.0,0.9,42.2
0.24719682775013338,0.3279957455393507,U8,U12,15.268666490272269,6.906383360692165,CPG,SSPG,0.12389667630002808,0.3797408041381186,0.2022349054569957,-0.8565705310023829,5,0.0927295087152693,688.5,2.4,43.2
0.2103762454775782,0.3367055275762174,U8,MN8014,13.462036118643983,4.222317251113749,CPG,SSPG,0.12645414592053122,0.3823723751430217,0.275252511603787,-0.6738303095759817,0,-0.7965971775831608,785.3,1.1,42.0
0.21543657066372637,0.3347741862947101,U8,U12,13.617735877947506,5.587363372546111,CPG,SSPG,0.11739951210802538,0.3789708894141109,0.2004869070478185,-0.9383191752507054,2,-0.13259714370311215,724.3,1.2,42.4
0.24050621231635128,0.3295666996808102,U8,MN8014,15.549342798687968,4.48590872726813,CPG,SSPG,0.13451019686045684,0.36479499448172964,0.23068617749490097,-0.5935329461815523,5,-0.8546447034831042,664.4,0.8,41.6
0.22240092519444563,0.3100221312039746,U10,MN8014,17.248562520889593,4.625718332049449,WPG,SSPG,0.1356049806782098,0.38900335321240276,0.20419384764406479,-0.8081365460317598,2,-0.26617597287181205,668.3,0.2,42.3
0.22255083260220168,0.3287485297900093,U8,MN8014,19.01121995402052,5.30420259243902,WPG,CPG,0.13332731402660797,0.37878633118143495,0.20026792083690223,-0.8897685712727785,4,-0.9066853129631092,617.5,0.0,39.0
0.2079978087292492,0.33005531403590077,U8,MN8014,17.012755971722626,4.323584669590368,WPG,CPG,0.12840365899397066,0.37113344154377753,0.2009267593894009,-1.0129408116854264,0,-0.6798675750887426,671.3,0.0,45.0
0.2319344390222291,0.305378098264307,U8,MN8014,16.65509823299476,4.730766370130301,CPG,CPG,0.1344832086407962,0.37014975336063743,0.20241971309707135,-0.9832890393526555,0,-0.6441597762523976,680.6,0.2,40.2
0.21780043155572706,0.32629306842066375,U8,MN8014,16.200128798098206,4.457931348809125,WPG,SSPG,0.12690752875107153,0.39173577540224236,0.20787821935158018,-0.977479316794689,7,-1.1850606923659406,741.4,0.1,43.5
0.215624890491961,0.32642007841544407,U8,MN8014,18.25247462217112,4.952738320584483,WPG,SSPG,0.13612428306349889,0.37554498881094645,0.22799162139354637,-0.7531695133920402,4,-0.8397867206604266,708.4,0.1,38.6
0.21367772660534834,0.34264718822889295,U8,MN8014,16.360273109397596,4.178421828144367,CPG,SSPG,0.13020230999782662,0.3728848448211699,0.2023807691506534,-1.007883912403794,6,-1.1559006753706598,700.2,0.0,41.1
0.23108396556148614,0.31239126474473855,U8,MN8014,19.22999361318614,4.372394589749425,WPG,SSPG,0.12982514533890607,0.3903217903479042,0.20296308499572402,-1.0355172289002224,0,-1.0431810987602592,752.9,0.3,39.4
0.2262607686991494,0.31213593487048147,U8,MN8014,17.971450226422164,4.8259789937217485,WPG,SSPG,0.12548705169333282,0.3672775354515755,0.21552741208586174,-0.818817942284232,0,-1.0758076335948896,726.9,0.0,39.8
0.23833176195037828,0.3229267252869356,U8,MN8014,17.052680175138228,4.01297679063557,WPG,SSPG,0.12296740195374736,0.3762450716752703,0.20195397633679257,-0.9961891050320149,4,-1.1260932526969647,820.8,1.2,42.0
0.22465621748885267,0.318711092874085,U8,MN8014,15.92201373314083,4.269313642847302,CPG,CPG,0.12840366543941867,0.3654767284419253,0.2000150199771876,-0.9464117044995192,2,-1.1587465987499783,770.9,1.1,40.9
0.2256621095773998,0.33127037184424596,U8,MN8014,16.81427251241913,4.36087963869578,CPG,SSPG,0.13349649060435403,0.3562471620772609,0.2132590573368427,-0.8641339880764777,2,-1.1873284633777583,769.9,0.1,39.8
0.22821678928621542,0.3337442931380349,U8,MN8014,17.361288593407266,4.009142050982495,WPG,SSPG,0.14344998506651946,0.3721425059383199,0.20037641837871295,-0.9905372408720976,5,-1.2593560506479768,774.2,0.2,39.6
0.2330599658821974,0.3297333010440019,U8,MN8014,16.157697473001086,4.014871596386287,WPG,SSPG,0.13934431517683096,0.3584427667171895,0.2060096923316738,-0.894859079672971,5,-1.249198634767012,773.4,1.1,43.3
0.21885395305938923,0.33215309982960106,U8,MN8014,15.492103111512638,4.001011552621003,CPG,SSPG,0.14039849555273354,0.38074301589772447,0.2155729069110387,-1.0228700798802839,4,-1.085096473939787,782.0,0.4,41.1
0.21122001410999752,0.3459265781307395,U8,MN8014,15.60440874152892,5.509802831350605,CPG,SSPG,0.1423429568798814,0.36596576157160493,0.20062951278981228,-0.9990260783038288,7,-1.2930185331260073,789.3,0.0,42.0
0.22087417727723824,0.33189442510916745,U8,MN8014,14.905093636608912,4.365573568719124,CPG,SSPG,0.1464765060270343,0.3721917949645759,0.21248800461166795,-1.0038624557183518,5,-1.1551879908577884,746.8,0.0,40.1
0.22827612599840694,0.34122081177317887,U8,MN8014,17.727235441505606,4.289693187094358,WPG,CPG,0.1483609792971412,0.37486635580133904,0.20503915428727493,-1.1135396007022615,2,-1.095429256137404,752.8,0.2,40.1
0.2251778221620709,0.34388649741329996,U8,MN8014,16.973443140626337,4.000002333201876,WPG,SSPG,0.14709315629920727,0.36036338797653883,0.2122653217167606,-0.8786007089578528,3,-1.2612281108419268,768.5,0.3,41.6
0.22046584691926494,0.3434764452841911,U8,MN8014,17.78990954316062,4.017237216733289,WPG,SSPG,0.14405404173972097,0.3713576352746797,0.20277406784197735,-1.0450209969023727,5,-1.2623991941216435,801.1,0.0,38.5
0.22635866503054689,0.33285834756615923,U8,MN8014,17.285409948378913,4.0472350117953,WPG,SSPG,0.14615872903218846,0.36609232103958733,0.200680517449899,-1.1221024950570124,5,-1.2998884528887622,830.0,0.0,40.7
0.23195982813120536,0.3498012020208274,U8,MN8014,18.04194541579824,4.1602239048276335,WPG,SSPG,0.13928437399308746,0.37188813296200196,0.2169725112293341,-1.0527789898102542,7,-1.3391877747095382,794.1,0.3,40.9
0.22143798910121468,0.34783932929219935,U8,MN8014,18.20620609194196,4.007471632681645,WPG,SSPG,0.14168838450245427,0.37688509033076634,0.20150436013258313,-1.0626731047325069,7,-1.2820075558792325,785.7,0.1,40.7
0.2295742856663754,0.3476784229131463,U8,MN8014,16.978046019885653,4.000044576623459,WPG,SSPG,0.14652807063839768,0.37191408211313925,0.2025029708673081,-1.0308824760987998,0,-1.2962731891418375,774.5,0.0,39.8
0.22727337183786425,0.3462036812141764,U8,MN8014,17.06794891157316,4.000052217248678,WPG,SSPG,0.14053505727237464,0.3643152505224998,0.2166508169107131,-1.0650459590534942,2,-1.2845855152007104,809.9,0.0,38.9
0.21130411825914994,0.34650800375740914,U8,MN8014,17.32442570348996,4.154809325080877,WPG,SSPG,0.14136408149727675,0.37266742854430124,0.20000297726711183,-1.1754945370605219,3,-1.3922644672911435,833.0,0.1,40.0
0.21241244283516808,0.34150835004068514,U8,MN8014,16.907923193411424,4.011492102356187,WPG,SSPG,0.1438645719599258,0.37291803965000914,0.20704209718859845,-1.0786297060555476,0,-1.3384593508178373,808.6,0.0,41.3
0.2215927357203194,0.34630349575871544,U8,MN8014,17.363128167415248,4.01158259543313,WPG,SSPG,0.1375752798353299,0.3623967883924699,0.20012463171739708,-1.0572955299246218,4,-1.427131068329123,816.2,0.1,41.6
0.22332366874184487,0.33950102314712516,U8,MN8014,17.50845252479399,4.000033452058305,WPG,SSPG,0.13460127291606944,0.3690876911486639,0.20027156090317347,-1.1297120796771798,7,-1.3974110433182059,800.8,0.1,41.0
0.21091472154514704,0.346496644886366,U8,MN8014,17.362060856780857,4.0312990037915775,WPG,SSPG,0.13307588113437369,0.3588390088232889,0.2000407750495571,-1.1660318226072155,5,-1.3866280031268783,843.6,0.1,39.7
0.21178590424061977,0.34247101931627283,U8,MN8014,18.27523109125038,4.025881524188218,WPG,SSPG,0.13479432613617526,0.35177708314456146,0.20750308546423207,-1.0746157546746011,5,-1.3062473951210372,860.0,0.0,39.8
0.2122452126514307,0.3419192878721624,U8,MN8014,17.547701943061476,4.002296989408468,WPG,SSPG,0.13792144053446287,0.3549121980272898,0.20089918193331716,-1.2013096641091157,0,-1.42848168130244,887.8,0.0,41.3
0.21502316735251398,0.3450580115336067,U8,MN8014,17.57994997988674,4.46614906189234,WPG,SSPG,0.13898614689715982,0.35199155255028924,0.2002303517862208,-1.1068023596434062,1,-1.4335631374761544,900.4,0.1,41.5
0.22276079576855826,0.34816014207572993,U8,MN8014,17.418543586211985,4.601158803466731,WPG,SSPG,0.1357305779792211,0.3500266110391016,0.20306741589085586,-1.04265617303964,1,-1.4473960477422558,883.7,0.0,40.5
0.2214866409841833,0.34011841150957567,U8,MN8014,18.329455909595616,4.54186903257317,WPG,SSPG,0.13499332186188945,0.3544310501832285,0.20073189333325747,-1.1674508910970887,1,-1.3749590312613194,889.7,0.0,41.6
0.22250342380852245,0.34435503570025194,U8,MN8014,18.59635969115158,4.32547274076381,WPG,CPG,0.1352868652161408,0.35065991574625244,0.20338710360786016,-1.1392554859813173,1,-1.3435565518575672,893.7,0.1,40.4
0.21815927915561145,0.3496974218422598,U8,MN8014,17.71171670428162,4.149065888044458,WPG,SSPG,0.1326494512313925,0.35170495188031314,0.20106017967832512,-1.0939343256016671,0,-1.3056600273082761,872.4,0.0,40.6
0.21848102350160262,0.34386280874534964,U8,MN8014,18.623559758862697,4.0055338235852735,WPG,SSPG,0.13742191576936513,0.350927726835881,0.20411374620241604,-1.0814705731135161,3,-1.5109556903342103,900.2,0.0,39.7
0.21474415920352477,0.34923437986850747,U8,MN8014,17.63228009459401,4.015965371915,WPG,SSPG,0.13428259519711438,0.34623218364796127,0.20084053962662157,-1.027728946090736,5,-1.452864909890959,942.1,0.1,41.2
0.22672361324329468,0.34957543053578527,U8,MN8014,17.014486006454526,4.001618162454482,WPG,SSPG,0.13674637931023426,0.3457773308448066,0.20733978503757045,-1.0209082621083372,3,-1.4765086508870908,942.0,0.0,40.4
0.22004279613248062,0.3499447217100597,U8,MN8014,16.969487513535626,4.007106058965536,WPG,SSPG,0.13464763294534904,0.3407937158456228,0.20113580107370396,-0.9878508115860367,2,-1.4786203002299185,957.8,0.2,41.1
0.22121492110525415,0.3493211678535544,U8,MN8014,17.366450226357625,4.032023859838081,WPG,SSPG,0.13433447231820678,0.35076537594999213,0.2018141905699214,-1.0670081945174572,5,-1.5063536246920197,921.5,0.4,41.0
0.2205921836978636,0.3497986280214941,U8,MN8014,17.520855420574968,4.016467086826075,WPG,SSPG,0.1351847184431345,0.34617483347328826,0.20430585683860314,-1.0401132375820352,6,-1.4916271152669545,941.0,0.2,41.5
0.22139349729646862,0.34993209161433414,U8,MN8014,17.860726598916003,4.00223754405249,WPG,SSPG,0.13179224228743938,0.3551627371649598,0.20365491776856134,-1.0740956781280337,2,-1.4887702114366395,908.3,0.7,40.8
0.2170276862927517,0.34985878557536604,U8,MN8014,17.84167293550267,4.0020712906044835,WPG,SSPG,0.131132577437874,0.35862212984709,0.20232343362666752,-1.1688656258686003,2,-1.5213936208428578,896.8,0.7,40.4
0.21173070325591276,0.34908476020539336,U8,MN8014,17.856513226665953,4.029193003048211,WPG,SSPG,0.1302886043451633,0.3628339981338959,0.2013368839168527,-1.1657599041153992,1,-1.4927501512954215,880.7,0.6,40.1
0.21587731329068477,0.3490180005228743,U8,MN8014,17.554834283114218,4.026015846890901,WPG,SSPG,0.12810313714981625,0.35239255058153823,0.2046611372518785,-1.1460785961479503,0,-1.5048540205228296,932.3,0.3,39.5
0.21930530873183796,0.3489028224321894,U8,MN8014,17.8586793912049,4.0218378596846724,WPG,SSPG,0.13042568442976185,0.3525456844154873,0.2000194983262624,-1.2100785859358356,5,-1.5313589606914455,901.2,0.7,39.4
0.21815276956341154,0.3488799196284897,U8,MN8014,17.548861722008446,4.011804340186947,WPG,SSPG,0.13147558354790728,0.35347681931334385,0.20075721129399635,-1.1901007057313777,7,-1.5541439900896297,908.7,0.4,39.6
0.22436425747997757,0.34730093956977226,U8,MN8014,17.540557504932888,4.022465409428178,WPG,SSPG,0.13107919037567317,0.3598560616614719,0.2002532043403319,-1.27312570863358,3,-1.5193160097158245,889.0,0.2,38.5
0.21634353573853404,0.34755872353999345,U8,MN8014,18.32153674241323,4.0001950955033765,WPG,SSPG,0.12990504182362694,0.3536273830101606,0.20049625096722434,-1.274180414467273,5,-1.4621053187004005,876.9,0.3,38.3
0.22210783559210392,0.3465943720877332,U8,MN8014,18.03228669977687,4.036237748749169,WPG,SSPG,0.1303805062227873,0.3497540676210578,0.20044794679196817,-1.209197305367564,1,-1.4926658526418404,900.2,0.4,38.3
0.2233020347637747,0.3489225495159203,U8,MN8014,18.283767341321578,4.0118947814051715,WPG,SSPG,0.1317469108856884,0.35926474601274616,0.2000500183418775,-1.2803905435556326,2,-1.4806718804920092,895.5,0.3,37.7
0.22190481892397285,0.3499962183747879,U8,MN8014,18.041600347563033,4.0009518743081784,WPG,SSPG,0.1326439666184543,0.35572995800067025,0.20003937732574198,-1.3202740103278852,5,-1.541734485439198,897.3,0.3,37.2
0.2192278253032503,0.3499995733297338,U8,MN8014,17.446750877504982,4.0080589137125555,WPG,SSPG,0.13223877701803272,0.35666948570357193,0.20039270226251596,-1.2456488658541955,7,-1.5101468170265182,883.3,0.5,37.3
0.2233212877134003,0.3496981407370167,U8,MN8014,17.851466911502705,4.001587749795449,WPG,SSPG,0.13232643419534118,0.35155419619566625,0.20428557819964477,-1.213476540046145,3,-1.480985619404656,892.5,0.4,38.4
0.22162068414993258,0.3498856662694869,U8,MN8014,17.89988591384875,4.014522528949756,WPG,SSPG,0.13230720360139592,0.3519268924279059,0.2002485282883717,-1.3073395625380293,2,-1.452991192406886,881.1,0.7,37.2
0.22357773806529213,0.34990004843737876,U8,MN8014,17.814522226240282,4.008618651694307,WPG,SSPG,0.1303520819943949,0.34855180128154467,0.20082124632006665,-1.3223692798278195,3,-1.4471983963716255,910.9,0.4,36.7
0.2270664114576032,0.3498985769773475,U8,MN8014,18.002238000660263,4.038754284171486,WPG,SSPG,0.13022586572692965,0.351595525019368,0.20473590179089812,-1.2685727592463467,0,-1.418336169559371,917.0,0.4,37.7
0.22371854875440828,0.3498531856633729,U8,MN8014,17.867704604602103,4.008434742840639,WPG,SSPG,0.12991503682003513,0.35587617107903124,0.20019617307281948,-1.2841966636088735,4,-1.5272922027869065,900.4,0.3,37.5
0.22534397366292283,0.3496361799847051,U8,MN8014,17.852520169150683,4.017810491624454,WPG,SSPG,0.12838750991904416,0.3563063392653309,0.20029763228819336,-1.2280372218473197,6,-1.5032201659597728,905.5,0.4,37.7
0.22256753573940058,0.34980446101441076,U8,MN8014,17.89323232303709,4.004219143447142,WPG,SSPG,0.12903282739735572,0.35160551937066703,0.20007603426360956,-1.229309603113546,1,-1.539470990136456,918.3,0.3,38.2
0.22674730674470622,0.3496504067946959,U8,MN8014,18.008432952075456,4.007746962401383,WPG,SSPG,0.1297744793328736,0.3520797673716522,0.20011773700807658,-1.18862714084709,2,-1.5390654390354612,929.8,0.5,38.5
0.22131453011285016,0.34951584547326503,U8,MN8014,17.48814339334377,4.001568330734695,WPG,SSPG,0.13004139756103256,0.34831164728631114,0.20014745436359713,-1.1937503871937376,7,-1.55713613395557,944.8,0.4,38.9
0.21830263495007204,0.34928612666038283,U8,MN8014,17.473936490462947,4.000440623276225,WPG,SSPG,0.12908328820852594,0.34574753657286994,0.20004859050245066,-1.1857466722681667,2,-1.617570231487532,947.3,0.2,38.7
0.21659353277691296,0.3473692394743972,U8,MN8014,17.53604728211527,4.007810522497055,WPG,SSPG,0.12911887980922285,0.3418853657444426,0.20141278013844124,-1.1762601389639387,4,-1.5439907171588327,933.6,0.2,38.8
0.21799348177217656,0.3479461518265699,U8,MN8014,17.934360678281998,4.002429094074829,WPG,SSPG,0.1295056697281436,0.34521125015552934,0.20305524072805314,-1.1480132633578701,7,-1.5250876475887534,922.8,0.3,38.8
0.22043157204121058,0.34922599553191225,U8,MN8014,17.927300072234484,4.012185703029441,WPG,SSPG,0.1311014390115427,0.35113468230077927,0.20389166552999394,-1.1953558818459167,6,-1.5346264119678938,933.5,0.4,38.7
0.21936813990887266,0.34597492033789135,U8,MN8014,17.50518532673797,4.017701338485288,WPG,SSPG,0.13072201599679484,0.34663868245201274,0.2002934597429421,-1.2298725016602305,4,-1.5928100466546642,955.1,0.4,38.2
0.22013785572171746,0.3480045462833482,U8,MN8014,17.502418127915128,4.022850376250961,WPG,SSPG,0.12983565654304885,0.346011059496328,0.20153473137044187,-1.1609088712456046,1,-1.5761770037368041,950.4,0.2,39.0
0.21873968239601407,0.3484301717075717,U8,MN8014,17.347492367188288,4.003169759719003,WPG,SSPG,0.13125171721023812,0.3437321687635435,0.2025952078256754,-1.1513543450591999,2,-1.5585360439129694,972.4,0.3,39.3
0.22021616616984102,0.34905567313207,U8,MN8014,17.482534159822276,4.008044862835674,WPG,SSPG,0.13115828875022392,0.34371291531289067,0.2012790799253409,-1.1578891311890596,6,-1.5679572062520073,959.5,0.2,38.9
0.22144352176087834,0.34885986004602854,U8,MN8014,17.50118979054072,4.0095442575106475,WPG,SSPG,0.13173246842754782,0.3412284154410423,0.20000133276915244,-1.1373554094000609,6,-1.600695781943914,967.8,0.2,39.4
0.22141159130098637,0.34992349023312963,U8,MN8014,17.616154631950256,4.018592038680062,WPG,SSPG,0.1323706080892179,0.34595646036631683,0.20011951557195126,-1.1552001872653268,4,-1.5316621378742532,955.8,0.2,39.0
0.221852099796607,0.3496665095607726,U8,MN8014,17.89737219173765,4.013607063467977,WPG,SSPG,0.13100804870191574,0.3494679189179244,0.2010323705176227,-1.198629591160508,2,-1.572651744284796,954.5,0.2,38.8
0.22057411634774987,0.34921033720520867,U8,MN8014,17.960482658391697,4.020131183874862,WPG,SSPG,0.1302748599653979,0.346173428267447,0.20173516938937605,-1.1628843310573154,0,-1.5662062124566756,949.4,0.2,38.7
0.21992540386937215,0.3496459197478399,U8,MN8014,18.029402528812543,4.024732793626928,WPG,SSPG,0.13029993484876826,0.3469413924644288,0.20183393993065776,-1.123806588903154,7,-1.5619376073615747,965.8,0.2,39.0
0.22116575187453263,0.3496877498086249,U8,MN8014,18.033506565986034,4.000404415043487,WPG,SSPG,0.13153526860868264,0.3492988969214802,0.20117524042653698,-1.1199747513722436,4,-1.5433047878160906,961.2,0.3,39.6
0.22241211221881993,0.3499484633555057,U8,MN8014,18.047727780487683,4.001059463924187,WPG,SSPG,0.13138708352280082,0.35013555854769773,0.20308937796453566,-1.132905800583424,2,-1.5146125799474106,934.9,0.3,38.8
0.22343349145779157,0.3499275083847914,U8,MN8014,17.794494500656754,4.003757959538687,WPG,SSPG,0.13076939270424465,0.3545009812951056,0.20596672611724628,-1.1664043519764238,1,-1.4978954581613788,933.2,0.3,38.9
0.22191147748236423,0.3498223048109066,U8,MN8014,17.8828417966074,4.0031185502383515,WPG,SSPG,0.1314815860535667,0.35115348371224514,0.20351069405775993,-1.1517095204634427,1,-1.5607001181614244,948.6,0.2,39.5
0.22272286254232557,0.3499950319591786,U8,MN8014,17.725743373332293,4.002840869744623,WPG,SSPG,0.13189763676898014,0.35215953014051504,0.2026033792745735,-1.1410338015930095,7,-1.494108713110963,945.6,0.2,39.2
0.2223248714072224,0.3499550729140131,U8,MN8014,17.755049625605295,4.002952956379515,WPG,SSPG,0.1313135707251687,0.35020041634695925,0.20632211278685716,-1.1362502162263581,6,-1.5051431251859348,947.3,0.3,39.6
0.22246739498733076,0.34991931171173546,U8,MN8014,17.9560625905669,4.000434294909332,WPG,SSPG,0.13198992538756882,0.34901138658731756,0.20502673371440766,-1.099986569697645,6,-1.5111524766735034,947.8,0.1,39.8
0.2210834273050168,0.34988422991366924,U8,MN8014,17.85826364376256,4.0002997705426235,WPG,SSPG,0.1315448795827161,0.34890732711066014,0.2019578232768162,-1.1292055987709613,6,-1.5563742946224295,955.6,0.1,40.0
0.22005106169044591,0.34997318478417416,U8,MN8014,18.046134706680267,4.002498567430629,WPG,SSPG,0.13229923871437682,0.3481962224967456,0.203300964943643,-1.1093557480985243,2,-1.5666733793273,956.6,0.1,40.2
0.2182098863664869,0.34992890439016,U8,MN8014,17.98907169419849,4.00510095362643,WPG,SSPG,0.131416950244041,0.34340327510688023,0.20328801082514028,-1.096131288716239,4,-1.5676008441971234,957.0,0.2,40.0
0.21836601064362923,0.3496391104323592,U8,MN8014,17.774751272518806,4.016536471214056,WPG,SSPG,0.13149640717370625,0.34488777675690696,0.20148784210052137,-1.127461678086056,3,-1.564378509697315,957.1,0.2,39.7
0.21943957021583801,0.34981213165616776,U8,MN8014,17.88496452319,4.00563248139811,WPG,SSPG,0.1306914045947765,0.34390125775989827,0.2034626777950607,-1.1173580149165017,6,-1.5763937583145005,961.9,0.1,40.0
0.2163142185752504,0.3489990165815304,U8,MN8014,17.52712607571629,4.041964925912756,WPG,SSPG,0.13189377822863432,0.34026362234408924,0.2017710039879018,-1.1329575012023507,7,-1.5752436423315626,969.3,0.2,40.1
0.2161770972776187,0.3497952267466613,U8,MN8014,17.519174162125424,4.02855291913124,WPG,SSPG,0.13138193016910854,0.34016303418926375,0.2002116320524598,-1.1029692613271875,4,-1.6247972303745488,963.5,0.2,40.2
0.21863711532798458,0.3497375744947385,U8,MN8014,17.543049955742077,4.002495299642623,WPG,SSPG,0.1322109264363011,0.3430796688455522,0.20186253079868632,-1.1391449500931923,0,-1.6068200086447497,971.7,0.2,40.1
0.21883802772842126,0.34966321879042944,U8,MN8014,17.501734960951026,4.013871238652665,WPG,SSPG,0.13296988488023265,0.34380055843036067,0.20050966014046834,-1.1365181652871583,5,-1.637140755780667,969.0,0.2,39.9
0.21779760993815298,0.34900094297545964,U8,MN8014,17.54197242554155,4.0240129183596425,WPG,SSPG,0.13256918064621676,0.3428992578108634,0.20014391039719318,-1.1201439854031818,1,-1.6139952125297992,977.8,0.3,40.0
0.21797408900993587,0.3484694579371817,U8,MN8014,17.502520624889126,4.004105715677067,WPG,SSPG,0.1330304286084921,0.3424334638053473,0.20000039492265068,-1.1245987914842106,0,-1.628083195168621,972.1,0.4,39.7
0.21643643121771264,0.34798066097054664,U8,MN8014,17.040193813920368,4.036495414377391,WPG,SSPG,0.13241620583432798,0.3404420647696944,0.20075317651167754,-1.1250315329025078,4,-1.5717149237900383,971.6,0.3,39.7
0.21707610674722055,0.34892495907702586,U8,MN8014,17.290773783679533,4.0177465901208285,WPG,SSPG,0.12927376423889503,0.34332205346798395,0.20031751175581133,-1.1398594093733978,3,-1.5408423577818287,974.9,0.3,39.9
0.21813223417836977,0.3497298233827527,U8,MN8014,17.36229366622638,4.00045859938194,WPG,SSPG,0.13194649269862133,0.3440038587936744,0.20037816523987248,-1.1395264019344717,5,-1.5534888524317676,975.2,0.3,40.1
0.2180105041834718,0.3499437293523804,U8,MN8014,17.33476187572004,4.00042150879066,WPG,SSPG,0.13177976771166036,0.3432492992107166,0.2000051480944845,-1.1524907332039414,6,-1.5615546338809683,972.8,0.2,39.8
0.2177208560100446,0.348133533789191,U8,MN8014,17.258067758454647,4.0026446228885995,WPG,SSPG,0.13270666669108094,0.34391880286776033,0.20027316712201576,-1.19471348819529,6,-1.5650234953286795,985.1,0.4,39.2
0.21755424798058068,0.3481929831988249,U8,MN8014,17.394742780842126,4.00373917651693,WPG,SSPG,0.13511684563450815,0.3417574022431138,0.20040336109809984,-1.1348307234001225,3,-1.5482706369435082,988.5,0.4,40.2
0.21663361146000076,0.34761003278451064,U8,MN8014,17.498312342595767,4.0066844233375845,WPG,SSPG,0.1344026980096083,0.34270230115650824,0.20002047133587816,-1.14896417289689,6,-1.605738752566884,975.5,0.4,39.4
0.2144112507572788,0.34810678129160477,U8,MN8014,17.3520842741433,4.008583184346855,WPG,SSPG,0.13434001152878203,0.3463875457434246,0.20103481424128566,-1.1802807173465055,1,-1.5847479235386874,984.2,0.4,39.6
0.21261341207778955,0.34615135362313243,U8,MN8014,17.429692564371823,4.005313517658986,WPG,SSPG,0.13332504279267224,0.3347500138113179,0.20034198765035025,-1.129999674204347,0,-1.5710205342471486,996.9,0.4,39.9
0.21467324598330212,0.3497826858220045,U8,MN8014,17.451297420767624,4.038389816113765,WPG,SSPG,0.13373071395535674,0.34257582080122545,0.20098756940320775,-1.2158087571169547,5,-1.5984793579080208,991.5,0.3,39.7
0.21474765652264155,0.34845326946575395,U8,MN8014,17.032185782827476,4.005204279008698,WPG,SSPG,0.13339026997700817,0.33644450268948767,0.2004205674539531,-1.181683925307606,1,-1.528922311282944,996.7,0.2,40.1
0.21297988929829714,0.34989564091899267,U8,MN8014,17.26962101194928,4.017333725538194,WPG,SSPG,0.1315964609854149,0.3424929154170209,0.20000570622201921,-1.1968647988842855,7,-1.5500335851203229,987.2,0.2,39.6
0.2136934247825433,0.3496193819632504,U8,MN8014,16.962634345065894,4.020859583582342,WPG,SSPG,0.13360732107201523,0.34347266145120187,0.20002070051794477,-1.1929245858403323,4,-1.5659366951320433,988.3,0.1,40.3
0.211371788316387,0.34937150296317054,U8,MN8014,17.467916549658824,4.00677373797891,WPG,SSPG,0.13258911822570973,0.34597685899246106,0.20073149340474447,-1.2031643360219966,1,-1.544986103320344,992.7,0.2,40.0
0.21183628317979025,0.3497990153412596,U8,MN8014,17.190310229078985,4.026789549569916,WPG,SSPG,0.13553676822889688,0.3434991923982083,0.20006475596872408,-1.136204041295713,2,-1.554091153786766,992.5,0.1,40.6
0.20846880295889103,0.3482688554438955,U8,MN8014,17.30650508263038,4.002887322486171,WPG,SSPG,0.1360867813745834,0.3400093934553769,0.2021470555499096,-1.1332243764450394,6,-1.5629401900427702,998.1,0.1,41.1
0.21024504704988173,0.34747968901496495,U8,MN8014,17.149289925821073,4.018901022208452,WPG,SSPG,0.13769597884983364,0.335843132087624,0.20016716295386106,-1.1125610146480671,5,-1.5456839874770072,995.6,0.1,40.8
0.20808380511198205,0.34752636523389246,U8,MN8014,16.951778769136617,4.005853642216638,WPG,SSPG,0.1372956706871881,0.33752503498463887,0.20020922171790254,-1.111479427281416,6,-1.59955127362589,993.2,0.1,40.7
0.20729644060710412,0.343656600570485,U8,MN8014,16.824147281983223,4.0006779895944105,CPG,SSPG,0.13808648760180045,0.3361114439536889,0.2005783202487556,-1.072222546283381,6,-1.5449468386128622,995.4,0.1,41.5
0.20858079307628408,0.3492252260069121,U8,MN8014,17.115988512570794,4.005798566791721,WPG,SSPG,0.13874811787918742,0.33479510591635026,0.20061618606084386,-1.0734633754444367,0,-1.5643298833871206,1000.0,0.0,41.7
0.21031013302926477,0.3483299852404666,U8,MN8014,17.063364448683288,4.019579499323865,WPG,SSPG,0.1382381732078623,0.3340203051867017,0.20011312975285328,-1.0516944780043456,1,-1.5315731548252547,999.9,0.0,41.5
0.20837633753311427,0.3475452130406813,U8,MN8014,17.33879281055987,4.002351226529092,WPG,SSPG,0.13953598090077474,0.3329785473421321,0.20041279008615936,-1.0238415777223806,2,-1.5370186160419976,998.8,0.0,43.1
0.2110210368249496,0.34527098117200206,U8,MN8014,17.123802699906506,4.00350113323406,WPG,SSPG,0.13907580580396087,0.33750991028769206,0.20039431922525205,-1.0717037391487654,0,-1.5743221346728102,999.9,0.1,42.2
0.21323830491882656,0.3463222870132675,U8,MN8014,17.475539069015813,4.000132941485716,WPG,SSPG,0.1404064615470223,0.33966523595217823,0.20338891198591916,-1.0571415228245111,1,-1.6325664805745959,998.1,0.0,42.7
0.21464429792054157,0.34824051973001036,U8,MN8014,17.524011642471265,4.028066051497422,WPG,SSPG,0.13740264492474208,0.3423382043794135,0.2037136083943315,-1.0795757459283548,2,-1.5498675007163492,991.3,0.1,41.7
0.21324917543193475,0.34942083102781096,U8,MN8014,17.42745326913912,4.0039507855684855,WPG,SSPG,0.1387281109423641,0.3405658112373235,0.20097011055227718,-1.07737104119464,7,-1.5975313596143668,993.1,0.2,41.6
0.2098750079772691,0.3467782429420353,U8,MN8014,17.46943170019029,4.007145833202294,WPG,SSPG,0.137607379335279,0.3385251688768852,0.2000310132350573,-1.0257727670997956,4,-1.6440744882882399,997.5,0.2,42.1
0.20740661096810845,0.3482183665412961,U8,MN8014,17.51042972500654,4.012307407128841,WPG,SSPG,0.1383122929300289,0.33881420287554487,0.20042547647953177,-1.0502461323675192,6,-1.5624774825797374,999.7,0.4,42.2
0.21321993945703907,0.34924529044352626,U8,MN8014,17.391464356504436,4.000294335752843,WPG,SSPG,0.13497506439437518,0.3391498418647008,0.2000000306325857,-1.082391543685645,3,-1.5854066272809302,999.8,0.3,41.7
0.2096012014541981,0.34843925798301756,U8,MN8014,17.400377241588707,4.0001026691233745,WPG,SSPG,0.13568142631618652,0.3372816584904532,0.2001536309241198,-1.1003990840131075,3,-1.5773780149314351,998.3,0.3,42.3
0.20792343182037154,0.34942873191539786,U8,MN8014,17.118289793520002,4.014728539851884,WPG,SSPG,0.13518401391389673,0.3360932009450996,0.20002029792155931,-1.0587428935268628,6,-1.5552068374999592,999.3,0.5,41.9
0.21093413137237632,0.34922433875026765,U8,MN8014,17.46461608632393,4.001967853268502,WPG,SSPG,0.13591323065396133,0.33316146747506004,0.20001309903401185,-1.0294409093515748,6,-1.5718389661711178,999.8,0.2,42.4
0.21126836705621913,0.3490134522010859,U8,MN8014,17.4661997912066,4.041120585423457,WPG,SSPG,0.13534971325619768,0.3323602761765169,0.20005528173537226,-1.024459104375807,4,-1.6329626290153172,999.6,0.3,41.5
0.20936598336641918,0.34924478780245555,U8,MN8014,17.328734840199818,4.0389759784721955,WPG,SSPG,0.13464401099968276,0.33638999901356037,0.20156227881438554,-1.0392936822385272,4,-1.5855390569144578,999.5,0.3,41.7
0.2138479261895636,0.3499525158785653,U8,MN8014,17.480314929916958,4.02999800070381,WPG,SSPG,0.13596152038209633,0.3372250370142162,0.20021801537999212,-1.0487870510365285,3,-1.6063972167787863,998.4,0.2,41.8
0.21064414175503393,0.3496727766663341,U8,MN8014,17.289068696084627,4.027534440415567,WPG,SSPG,0.13435851936669296,0.33451387598662324,0.20022926526024445,-1.0547921979045352,4,-1.5824359300858077,999.7,0.3,41.7
0.21219310765244875,0.34968339164927875,U8,MN8014,17.51634173630196,4.026694565339135,WPG,SSPG,0.13476308747441318,0.33529052925308234,0.20013549128962824,-1.0308644269681042,3,-1.6313269963500776,998.9,0.3,41.5
0.21253655193587076,0.3497289385284388,U8,MN8014,17.52413332013191,4.0203220440087515,WPG,SSPG,0.1347651082959197,0.3340243322411037,0.20011635463099645,-1.024052478073251,7,-1.6367021537331858,999.9,0.3,41.4
0.21237059340695635,0.34993115465366986,U8,MN8014,17.48815414943961,4.009944532015331,WPG,SSPG,0.13494956920402879,0.33377665318644933,0.20000090031656437,-1.01898962773149,2,-1.6393882632434025,1000.0,0.3,42.0
0.2097397473444324,0.34962132567557214,U8,MN8014,17.455467909263355,4.019543750830146,WPG,SSPG,0.13481613910903323,0.32915413806427624,0.20048343161240353,-0.9821403564128683,0,-1.5900343291103098,997.9,0.3,41.7
0.2117950943128037,0.34940992919125985,U8,MN8014,17.534605918547022,4.020098846586767,WPG,SSPG,0.1361001873787198,0.33544605111063086,0.20006249349839178,-1.0560178392564274,6,-1.5595042343688714,1000.0,0.4,41.5
0.21173388811085306,0.34950894277211336,U8,MN8014,17.54966403987573,4.026371428011205,WPG,SSPG,0.13523165696579892,0.3348154403868623,0.20093191785594108,-1.0352280437735955,2,-1.6246469568088617,1000.0,0.5,41.2
0.2120884751690429,0.3479421830862321,U8,MN8014,17.45386191103112,4.012600227971827,WPG,SSPG,0.13421906210360196,0.33189913911252006,0.2005753268022355,-1.0256733626343544,6,-1.6454032745804827,999.0,0.6,41.3
0.2134092486297559,0.3487851056941665,U8,MN8014,17.46201441539101,4.006717733348397,WPG,SSPG,0.13385173563696334,0.3376010849149535,0.2001300760130578,-1.0843123734288622,2,-1.5764196764633382,999.7,0.5,41.1
0.21358586328498783,0.34962799630324576,U8,MN8014,17.520371473057175,4.00118983130131,WPG,SSPG,0.133878373880101,0.3389946384895316,0.20005077221173964,-1.099110935510625,2,-1.666930112445339,1000.0,0.6,41.1
0.2130745188664037,0.3494434109192751,U8,MN8014,17.519620933105998,4.015418192752774,WPG,SSPG,0.13367118345420143,0.3342204145630814,0.20001710172909756,-1.0460048384196006,6,-1.6397997608914867,1000.0,0.5,41.1
0.216172557953612,0.348945182279375,U8,MN8014,17.540248177119544,4.014483130272575,WPG,SSPG,0.13271176291808415,0.3382843985129477,0.20005150460272844,-1.0695753565557973,1,-1.636961547805365,999.3,0.6,40.6
0.21780586311982345,0.3494015597656973,U8,MN8014,17.456974179567467,4.00062021684038,WPG,SSPG,0.13079645279973096,0.33766409901896155,0.20002974637501197,-1.08625134631713,6,-1.6516772298315967,999.9,0.8,40.9
0.21859404396132787,0.3499070138027138,U8,MN8014,17.438758588616288,4.00561723339645,WPG,SSPG,0.1310610118558328,0.340892825663912,0.20001299954240656,-1.116296422028525,5,-1.5802930763048106,998.9,0.9,40.3
0.2134115221945222,0.34998755005517923,U8,MN8014,17.346151939417986,4.036361021441424,WPG,SSPG,0.13192846285135784,0.3399255250014941,0.20034926711673076,-1.1131868440814872,3,-1.6005733006668255,997.2,0.8,40.3
0.21501101255819333,0.349521837696213,U8,MN8014,17.494279375786615,4.0151566041528985,WPG,SSPG,0.13190539573969215,0.34072880168747505,0.20211606740796387,-1.0948560799494866,3,-1.6197598347916653,996.6,0.8,40.6
0.21541511248801437,0.34980324013820835,U8,MN8014,17.450634644136265,4.00017468240743,WPG,SSPG,0.13325334367379288,0.33733297632098114,0.20012001592011625,-1.097123061618129,2,-1.61412659562985,999.6,0.7,40.6
0.21297524380819088,0.3497203827473139,U8,MN8014,17.538684164033814,4.007293077331396,WPG,SSPG,0.13342127697530654,0.33996758655563736,0.20009883864770206,-1.1010703749655897,2,-1.65299980526469,995.0,0.6,40.5
0.21362452156100223,0.34999798153543127,U8,MN8014,17.543718395814714,4.00783085523755,WPG,SSPG,0.13315615699872718,0.33972596464610394,0.20000291199375309,-1.1142836362602315,7,-1.6762089109159621,997.7,0.7,40.5
0.21135006396939438,0.3499987929801124,U8,MN8014,17.539618079803745,4.012946499697165,WPG,SSPG,0.13315794534170994,0.34117349118228774,0.2000690557974861,-1.1143613156332441,7,-1.628029697348305,998.3,0.7,40.3
0.21230031190593462,0.3499994358411246,U8,MN8014,17.516459655042752,4.022203485361539,WPG,SSPG,0.13398572991638807,0.33834710084904956,0.2005502719202553,-1.101607747837836,0,-1.6745334161995427,1000.0,0.8,40.6
0.21146454206074697,0.349856350783292,U8,MN8014,17.499690478352065,4.015379716928707,WPG,SSPG,0.13241825246345712,0.3410201224775551,0.20024310077695448,-1.1201406924163606,3,-1.636579828268557,999.2,0.7,40.2
0.2122200072831432,0.34999402783778355,U8,MN8014,17.50092543556493,4.017673080796537,WPG,SSPG,0.13427165746576036,0.3391993263882524,0.2005793512619116,-1.1098543803268608,0,-1.6403695193136656,999.6,0.6,40.7
0.2117649156668836,0.3499999670343834,U8,MN8014,17.49633132498988,4.0069286384573894,WPG,SSPG,0.13422869194773776,0.3369301630051281,0.20074601823458982,-1.1064185443194363,0,-1.6532360688169678,999.8,0.6,40.5
0.2129928942468346,0.3499346663302477,U8,MN8014,17.525183536686402,4.022684733968526,WPG,SSPG,0.13434498704854814,0.341458404256948,0.20033457280490635,-1.142039184146146,4,-1.6355579376418614,1000.0,0.6,40.4
0.21128469878962236,0.3499264481500647,U8,MN8014,17.503543265043216,4.00543447657474,WPG,SSPG,0.1330106615075434,0.3384932599113468,0.20000114050714837,-1.1214349093307172,2,-1.6186684556399662,1000.0,0.5,40.8
0.2117022736454491,0.34935618854411904,U8,MN8014,17.48784129205365,4.016028815500865,WPG,SSPG,0.13251563678500905,0.3408095785142256,0.20013617654159735,-1.1120156893948787,4,-1.617422963504401,999.1,0.4,40.9
0.21027705607394578,0.34962402082138266,U8,MN8014,17.491874476262296,4.010043675106949,WPG,SSPG,0.13359772787153346,0.34215866721140303,0.2000771319471914,-1.1535929226665234,3,-1.679079034021873,999.7,0.4,40.7
0.21133763835682526,0.34925878227985074,U8,MN8014,17.462567873420515,4.020871862375688,WPG,SSPG,0.1327429741503774,0.3401989207504792,0.20015013770686713,-1.1130253897666764,1,-1.6410408047506522,999.4,0.5,40.7
0.2133713898988232,0.3499981197406568,U8,MN8014,17.483305965612878,4.020575036685079,WPG,SSPG,0.1331801396836531,0.3376295980536963,0.20007009152979469,-1.1126240774553553,2,-1.6804602720793422,999.7,0.4,40.5
0.2138829706013289,0.34999997462997817,U8,MN8014,17.467320622708932,4.007463340684012,WPG,SSPG,0.13273045357063198,0.339372372589196,0.2000182051474084,-1.116929215000329,3,-1.6643197684826774,999.9,0.4,40.7
0.21367729301104865,0.34999705166523204,U8,MN8014,17.52369754860253,4.0054448235195546,WPG,SSPG,0.1322368455247503,0.3386659989153661,0.2000003489312143,-1.1094165918714003,6,-1.6757696281759635,1000.0,0.5,40.9
0.2133066801050618,0.3499988664670024,U8,MN8014,17.52267508836055,4.018603439232653,WPG,SSPG,0.13241619028437374,0.34062684227301016,0.20009290150568945,-1.109077739860533,0,-1.66553147693004,999.8,0.6,40.5
0.2139797161341273,0.34999964758132857,U8,MN8014,17.514234322758483,4.029662917294923,WPG,SSPG,0.13242456425056415,0.3397926087368631,0.2004720852495717,-1.1322360918624572,4,-1.6781554187175711,999.5,0.7,40.0
0.21399250446888038,0.3498849438379474,U8,MN8014,17.487356680097143,4.030689220424087,WPG,SSPG,0.13328443108660276,0.33948538729575817,0.20059540586095645,-1.1344419897124665,4,-1.6796277114420928,1000.0,0.7,40.1
0.21413798999924216,0.3496450305296336,U8,MN8014,17.49276333019921,4.012067556960773,WPG,SSPG,0.13321602740493804,0.3395960901087005,0.20093024973182785,-1.1300538610124722,1,-1.674321480515962,999.9,0.7,40.2
0.21394567879083284,0.3491937049544693,U8,MN8014,17.48656532525952,4.011676066327045,WPG,SSPG,0.13299417128877744,0.3381165731506433,0.2016125297719747,-1.1403714494653852,6,-1.6517307803595571,999.2,0.9,40.1
0.2133626896821205,0.34979102952721713,U8,MN8014,17.548614320561658,4.013871647174403,WPG,SSPG,0.13299696044520412,0.3392832892815819,0.20015431047920731,-1.1480777232936037,1,-1.6526909994798942,1000.0,0.7,40.2
0.21465288407396244,0.34968568181499854,U8,MN8014,17.537058299266157,4.0118916735589485,WPG,SSPG,0.13262054599980444,0.3387546660763935,0.2011146997684015,-1.1275042147563372,2,-1.6490498367662028,999.7,0.8,40.7
0.21405063872839297,0.3495445583385101,U8,MN8014,17.540541822790075,4.008260611031328,WPG,SSPG,0.13270523876156443,0.3383602903001095,0.20091254620961646,-1.1196060665738805,5,-1.6702583707345209,1000.0,0.8,40.5
0.2132255699998447,0.3499303458155884,U8,MN8014,17.496153113992246,4.006001746251063,WPG,SSPG,0.13359844336428456,0.33832686930661066,0.20076692709157215,-1.1207856262111768,4,-1.668032393192501,1000.0,0.7,40.5
0.21467169776895645,0.3496357302649546,U8,MN8014,17.473497225131702,4.019084786985934,WPG,SSPG,0.13296832203564973,0.3393592231096767,0.2013426888527168,-1.1460730318215544,1,-1.6628481008469365,999.9,0.8,40.0
0.21423895238414056,0.3499617629119729,U8,MN8014,17.508301987446444,4.014455228653233,WPG,SSPG,0.1320721622967866,0.3393026307205743,0.2003927431073319,-1.1464845634716887,0,-1.6611460896168264,1000.0,0.6,40.1
0.21474623193315845,0.34999784308382403,U8,MN8014,17.523519218566193,4.0169539535543635,WPG,SSPG,0.13291623691490917,0.339436001561236,0.20144302699127375,-1.1522730807374848,4,-1.6535272210850565,998.7,0.7,40.3
0.214760840433665,0.34969391664295246,U8,MN8014,17.480187116524696,4.0072388392397436,WPG,SSPG,0.131719010334277,0.3393708531668656,0.20101218962514267,-1.1650375606721408,3,-1.6430808345385408,999.7,0.7,39.9
0.2132967659766337,0.34988129042780686,U8,MN8014,17.46497849956011,4.010548357173851,WPG,SSPG,0.13193810392528213,0.3382437369040844,0.2006910844039191,-1.132700157354011,5,-1.6524772174516862,998.9,0.6,40.6
0.2145194835813429,0.3498035212711583,U8,MN8014,17.546609061639906,4.003308266748483,WPG,SSPG,0.1318180475695494,0.3378633206481067,0.20047646418826018,-1.1284407577173574,1,-1.6811629008243454,998.8,0.6,40.3
0.2134105205401432,0.3494314791927901,U8,MN8014,17.510776019702035,4.005002147413094,WPG,SSPG,0.13289720555966011,0.3372425690155509,0.20141997827597166,-1.1235454112431211,3,-1.6323534833457565,997.0,0.7,40.6
0.2135935255150615,0.3497495538155722,U8,MN8014,17.46204707488743,4.002936127861836,WPG,SSPG,0.13185758901236488,0.33787159958790663,0.20071639931746882,-1.1315743620132779,0,-1.6443635709192446,997.4,0.7,40.8
0.21472164262560764,0.34960155554739564,U8,MN8014,17.504119322844367,4.007562757727272,WPG,SSPG,0.1322849474497957,0.33747390159502516,0.20104123299263701,-1.134689795054125,0,-1.6501494015575613,995.8,0.7,40.6
0.21567551530355972,0.3498058513751966,U8,MN8014,17.45666025732856,4.012122985332062,WPG,SSPG,0.13108442637391743,0.33854207886067267,0.20076180527400372,-1.160153092478963,0,-1.652099352917487,997.0,0.7,40.3
0.2150737423209978,0.34976761364643066,U8,MN8014,17.479419984621153,4.004962261561716,WPG,SSPG,0.13157932247630466,0.33713724179010857,0.20059507741560037,-1.1386496689364443,0,-1.6542542361392236,996.8,0.7,40.5
0.214688130015898,0.3497207338814155,U8,MN8014,17.47656111051148,4.010574790301397,WPG,SSPG,0.13151839468968485,0.3371371311238914,0.20032941465602785,-1.1351923940324609,7,-1.6529730565654202,996.7,0.6,40.5
0.21467244973013877,0.3497854449086288,U8,MN8014,17.49990363417747,4.006902098091435,WPG,SSPG,0.13143574973238303,0.337710782951267,0.20000078246745018,-1.1414011666532322,0,-1.644704015706795,997.6,0.6,40.5
0.21430226122096668,0.3497973481492832,U8,MN8014,17.472895934727916,4.0028920324773,WPG,SSPG,0.13115272363182007,0.33691064837769424,0.20011893105550413,-1.1314426211061568,1,-1.6554348030180357,998.0,0.6,40.5
0.2142796759405299,0.3498899763745732,U8,MN8014,17.47945810550793,4.004998048555672,WPG,SSPG,0.13122723792017787,0.337065857216327,0.2000198123187503,-1.1252252699562688,2,-1.659299420980366,996.7,0.5,40.5
0.2144289114445022,0.3498678373358156,U8,MN8014,17.48042049344631,4.012745088882351,WPG,SSPG,0.13129510771689618,0.3374008472609585,0.2001561676130867,-1.1274306316662082,1,-1.6837264736293616,998.3,0.6,40.4
0.21407422946579338,0.34995817084090075,U8,MN8014,17.492828636091446,4.008257908989236,WPG,SSPG,0.13128893040673256,0.33811077625749053,0.20014377952480686,-1.1225164401646333,2,-1.6809154096816048,997.5,0.6,40.5
0.21437320373685936,0.34998085083405583,U8,MN8014,17.457533486531457,4.003976569317793,WPG,SSPG,0.13148323439325116,0.33780139553799027,0.20013255167035024,-1.1253304534829263,3,-1.6678972698255414,997.7,0.6,40.5
0.21382974973539215,0.34999540599993645,U8,MN8014,17.489679031716747,4.004462776642988,WPG,SSPG,0.13159668226165736,0.338285278588479,0.20008718550997778,-1.1211169661518259,7,-1.6670735728054282,998.2,0.6,40.7
0.2139078401929092,0.3499920358818296,U8,MN8014,17.530674747967502,4.002036215648097,WPG,SSPG,0.13127012839376984,0.337326763762921,0.20001158440046074,-1.1139513431656545,2,-1.6751354232963749,997.6,0.5,40.6
0.2144223530672344,0.3499214868739802,U8,MN8014,17.49906543865693,4.008418810524944,WPG,SSPG,0.13121627397591634,0.3381241932530072,0.20003581634183693,-1.1253369636449713,0,-1.6747564540006472,997.9,0.6,40.4
0.21474705132731733,0.34996372376928236,U8,MN8014,17.503660835913614,4.0017478400402915,WPG,SSPG,0.13123392317904858,0.3379680428528006,0.20011461512947282,-1.1303725737264425,5,-1.675462914333389,997.0,0.5,40.5
0.21474659960397885,0.3499772658307123,U8,MN8014,17.505177084664652,4.006006649310045,WPG,SSPG,0.13173125933603358,0.33837639840666844,0.2001601828259025,-1.1341490151242288,0,-1.6839485229325533,997.6,0.6,40.3
0.21397122519089004,0.34998003322371307,U8,MN8014,17.5009773606933,4.005994452620916,WPG,SSPG,0.13178210499722437,0.3379720405201019,0.20022408911282977,-1.1156401092532848,0,-1.6782715173500478,997.9,0.5,40.7
0.21420791349325602,0.3499925750711511,U8,MN8014,17.503111198069195,4.006568572006949,WPG,SSPG,0.13153775494221182,0.33782618396034425,0.2001925046246106,-1.1247703111847058,7,-1.6681358585241348,997.2,0.6,40.5
0.2150403854790646,0.34999416743260875,U8,MN8014,17.500139052965437,4.003233712627002,WPG,SSPG,0.13163317883936732,0.3386810506230814,0.20015672578676835,-1.1340643327564237,5,-1.6688439806211512,997.6,0.6,40.6
0.21465358831949963,0.34999831604944925,U8,MN8014,17.50965753641568,4.003990498545357,WPG,SSPG,0.13176257407576047,0.3385725652311875,0.20020997680204086,-1.1348873639434218,0,-1.6667865586563178,998.3,0.6,40.5
0.21493145155022683,0.34999903217154754,U8,MN8014,17.538305786928156,4.006320149121178,WPG,SSPG,0.13205553150925342,0.3381732675839093,0.20024171246313124,-1.133746593816196,3,-1.6718267517324605,997.8,0.6,40.5
0.2147147552658869,0.3499702291535164,U8,MN8014,17.53476808463713,4.004785307480344,WPG,SSPG,0.13197472203810323,0.33890254855592067,0.2002903984687364,-1.1427774169772695,2,-1.6674324047957683,998.2,0.6,40.4
0.21523528944210188,0.34999727661009106,U8,MN8014,17.50070535634162,4.0051086541163885,WPG,SSPG,0.13178640634606878,0.33980827136089053,0.20033513505304243,-1.1488720221443582,4,-1.671659051107218,998.9,0.6,40.3
0.21501716285476608,0.34994487407430214,U8,MN8014,17.495178198169935,4.004978945133519,WPG,SSPG,0.13122688558036433,0.3400276859299209,0.2001893089404605,-1.1456315991625006,6,-1.6744595954935306,998.5,0.6,40.3
0.21475550542673794,0.34999443414390435,U8,MN8014,17.532600225745604,4.0091792883132715,WPG,SSPG,0.1315191196679491,0.33903995910466794,0.20027594998917556,-1.1329058546287643,5,-1.6821916163356079,998.7,0.6,40.3
0.2154035852492841,0.3499919781240115,U8,MN8014,17.51969141330553,4.006201675422082,WPG,SSPG,0.13139609721980622,0.33984838936541234,0.20024670446806048,-1.1473137202172974,3,-1.6755985259368202,998.8,0.6,40.3
0.2150545865430135,0.3499842356549682,U8,MN8014,17.543985612919023,4.007958544821133,WPG,SSPG,0.1314040956435844,0.33931674126928363,0.2001933843510477,-1.1394097482395713,1,-1.6731717152006649,999.1,0.6,40.5
0.21507377908491923,0.3499965922189279,U8,MN8014,17.526031539863578,4.005558254125926,WPG,SSPG,0.13144373547885557,0.3391862515820778,0.20035262019186206,-1.1354420825040241,6,-1.6702813135365435,998.8,0.6,40.7
0.21527547825626725,0.34999451095172174,U8,MN8014,17.548795453673062,4.005147277798532,WPG,SSPG,0.13081867642775022,0.34079530643051803,0.20025300611011543,-1.1486498818802897,3,-1.6724871457577777,999.9,0.6,40.4
0.21485772200506506,0.34999994409410023,U8,MN8014,17.536407392733487,4.011753811937574,WPG,SSPG,0.13113027484602013,0.33998314480863495,0.20020061238656756,-1.1328119273276345,0,-1.6859895124461843,999.4,0.6,40.4
0.21470544412838188,0.34999399509123197,U8,MN8014,17.512244545028175,4.010366808672807,WPG,SSPG,0.1310440864460936,0.3402502216270535,0.20011433221777994,-1.1326058021651844,4,-1.6830118860367698,999.5,0.5,40.4
0.2147976032128982,0.34999668697088004,U8,MN8014,17.542010887097376,4.008378369243805,WPG,SSPG,0.13107943519603488,0.3395555018232587,0.20037080668609908,-1.1323001028035373,3,-1.6643309608969439,999.1,0.5,40.5
0.21514078357349467,0.3499833359191629,U8,MN8014,17.5347276420659,4.006794702238244,WPG,SSPG,0.1309803785593272,0.3406202465646988,0.20028550039981252,-1.147958922080648,6,-1.6720797615741905,999.5,0.6,40.3
0.21518727068980656,0.3499720380696848,U8,MN8014,17.528943005149358,4.004369795179748,WPG,SSPG,0.13084895655923706,0.3406924135880707,0.20043747640699522,-1.1388374925681295,2,-1.6738873237772705,999.6,0.6,40.4
0.21484286410674933,0.34999954565013314,U8,MN8014,17.49346289493089,4.007054883534073,WPG,SSPG,0.13042766789128038,0.34070617178443685,0.20006617368184426,-1.1385749416810562,4,-1.6714606452809893,999.3,0.5,40.4
0.21503807061021202,0.34997131072804144,U8,MN8014,17.513297888550944,4.005389877749433,WPG,SSPG,0.13002797521006432,0.3407619493392261,0.20011828774077323,-1.1434803587576456,1,-1.6803127907046669,999.6,0.6,40.3
0.21466502703713122,0.34999829281659856,U8,MN8014,17.497207085716003,4.004651372941754,WPG,SSPG,0.1298035765260512,0.3404347678526534,0.2000371425952096,-1.1356069805506932,3,-1.675000072216827,999.5,0.5,40.5
0.21474810274895745,0.34999994935788736,U8,MN8014,17.471657988223953,4.0049375114828125,WPG,SSPG,0.13019111259636826,0.3409536205362481,0.20020600561725543,-1.1388286392210378,3,-1.6736958929862435,999.4,0.6,40.4
0.21500391848651676,0.3499963988804027,U8,MN8014,17.52332496253335,4.006075336190062,WPG,SSPG,0.12986546341444483,0.34035398961163127,0.20006414983463333,-1.1329986765400815,0,-1.6819779060833806,999.4,0.6,40.4
0.21492489555340677,0.34993422806401625,U8,MN8014,17.484758206718716,4.005251275751993,WPG,SSPG,0.12971015102140626,0.3412316051459464,0.20006340850532392,-1.1383416835933582,6,-1.6800168986585593,999.9,0.5,40.4
0.21517559720620852,0.3499299182430478,U8,MN8014,17.523019802969962,4.009205721742979,WPG,SSPG,0.12997913546954165,0.3418177582161611,0.20021713186129514,-1.1443276815198176,7,-1.6745180939872242,1000.0,0.5,40.4
0.21524941886968751,0.3499256444652014,U8,MN8014,17.54765028680906,4.0123233563366805,WPG,SSPG,0.13023802928210731,0.34137091559215793,0.20011508154814256,-1.140514111027883,3,-1.6727566612881528,999.9,0.5,40.3
0.21461765606457,0.3499708712098543,U8,MN8014,17.517121459927715,4.005741064200394,WPG,SSPG,0.12994759605980363,0.3406081385814143,0.20011269091178996,-1.1313401206020761,7,-1.6823160740884155,999.9,0.6,40.5
0.21504702879012286,0.3499890984445595,U8,MN8014,17.54383947234954,4.008214873472783,WPG,SSPG,0.13053616462313772,0.3409482060658015,0.20008565872314726,-1.142256640565701,0,-1.6760302989372384,999.9,0.6,40.4
0.21491907784062947,0.34999960561585286,U8,MN8014,17.537568866433872,4.006356378423724,WPG,SSPG,0.1301802326381447,0.3410875481835254,0.20002375015596183,-1.1414046454233557,4,-1.6719729495122753,999.9,0.6,40.5
0.21504875608237647,0.34998700348541173,U8,MN8014,17.539508426011153,4.011379894133767,WPG,SSPG,0.13056835111893283,0.3405629541363612,0.20010059532498517,-1.135462854564927,2,-1.6727418136208776,999.8,0.6,40.4
0.21525411467852468,0.3499948301839253,U8,MN8014,17.512604983327428,4.010580300345339,WPG,SSPG,0.1299440398293917,0.34140217412554646,0.20004058631963736,-1.1473193928888863,7,-1.6824358708346239,1000.0,0.6,40.2
0.2154804134252834,0.3499532904827182,U8,MN8014,17.501200829134216,4.012005140383876,WPG,SSPG,0.12997756625338974,0.34192186226463084,0.20001175227117976,-1.1511737709434877,3,-1.6808522563382358,999.9,0.6,40.3
0.21521740005406792,0.3499762316377819,U8,MN8014,17.5262530369182,4.0095266102614,WPG,SSPG,0.1302927129554271,0.34120721992572556,0.20002847023621637,-1.1464884055887195,2,-1.6821281760261773,999.7,0.6,40.3
0.21541969696688396,0.34997526636331133,U8,MN8014,17.54555356929997,4.010030739178957,WPG,SSPG,0.1307035282750581,0.34096987806926177,0.2000142483994746,-1.1473021917508484,6,-1.6764211508147788,999.8,0.6,40.3
0.21534896104992302,0.34999232178311124,U8,MN8014,17.52214586737474,4.005586844050537,WPG,SSPG,0.1298256453699777,0.34118455932702524,0.20000063462314369,-1.145076457482602,6,-1.6725777506071804,999.8,0.6,40.4
0.215158242496916,0.3499882245641154,U8,MN8014,17.517832058199566,4.008010061516502,WPG,SSPG,0.13005039420506173,0.3409689135356562,0.20000071743542014,-1.1416386128529472,2,-1.6832315082888911,999.9,0.5,40.4
0.21520608794089768,0.34995455640490053,U8,MN8014,17.501559265414905,4.0083507556259,WPG,SSPG,0.1298568731116903,0.34123874044190294,0.2000058725884566,-1.1493638796055299,2,-1.6830410127376254,1000.0,0.5,40.2
0.21519906690535212,0.34997904971861105,U8,MN8014,17.490685976776277,4.006474962591911,WPG,SSPG,0.12976007596155154,0.34064628195995855,0.20001028163862408,-1.1414656120475966,6,-1.6732424547234235,999.9,0.5,40.4
0.21508150089964334,0.3499890314493473,U8,MN8014,17.505480153183907,4.006690003828992,WPG,SSPG,0.12973658813924724,0.3406620871777199,0.20001056811615037,-1.1400569032301837,7,-1.6812120514820847,999.9,0.5,40.3
0.21529500515608346,0.3499715599808891,U8,MN8014,17.51224595480994,4.008993533230813,WPG,SSPG,0.13004490689158313,0.3406733560892732,0.20001913449179934,-1.143198129309751,2,-1.6815435506820293,999.9,0.5,40.3
0.21500690733259212,0.3499269132163239,U8,MN8014,17.498047722847758,4.009309206791365,WPG,SSPG,0.12999566331809614,0.3406695196139778,0.2000023963812068,-1.1402125657106166,1,-1.6837643584731854,999.9,0.5,40.3
0.21484653682997126,0.34996306486433315,U8,MN8014,17.486445860661675,4.010997836668604,WPG,SSPG,0.12992862815970718,0.3400959944305287,0.20007286540567026,-1.13676476049559,2,-1.6869031551562905,999.9,0.5,40.3
0.21477893611341195,0.3499466313431113,U8,MN8014,17.498032149217945,4.011275293629765,WPG,SSPG,0.1302080174865875,0.34071273263212437,0.20007149519406495,-1.1410954198303964,4,-1.6823659492832945,999.9,0.5,40.3
0.21507922588283337,0.3499509529948071,U8,MN8014,17.50084841470196,4.008759144448473,WPG,SSPG,0.12998425552942694,0.34039601909678063,0.2000001087597817,-1.1411388454017333,1,-1.6868770594819456,999.9,0.5,40.3
0.21490218300378972,0.3499734463216747,U8,MN8014,17.496349129236826,4.007051174264257,WPG,SSPG,0.1299451806254736,0.3402766495540412,0.200003660558357,-1.1394674206374718,1,-1.680766040644098,999.9,0.5,40.3
0.2149727164073651,0.34997894343816716,U8,MN8014,17.49779612111648,4.009499166203908,WPG,SSPG,0.13023260640077033,0.34019024326692476,0.2000441436095171,-1.1381575000989774,3,-1.6812464444621593,999.7,0.5,40.4
0.21494570220086454,0.349999638511345,U8,MN8014,17.496176613515246,4.007799302373926,WPG,SSPG,0.130287377282086,0.3397962863786933,0.20004983504180343,-1.1403494278927264,2,-1.6828438007679996,999.6,0.5,40.3
0.21493542980081204,0.3499928350208423,U8,MN8014,17.49391010993352,4.008469752830934,WPG,SSPG,0.1300282230095531,0.34010298356020474,0.20000063846661434,-1.1367256829424726,0,-1.6802739715274289,999.8,0.5,40.3
0.21495359631536373,0.3499999941084375,U8,MN8014,17.510330011989875,4.007850677315132,WPG,SSPG,0.13011380594508537,0.33980735689019675,0.2000045248035198,-1.138108689860793,0,-1.6815630619782809,999.7,0.5,40.3
0.21480561455086922,0.3499971401839534,U8,MN8014,17.509145083815902,4.010471908633788,WPG,SSPG,0.1303970182080706,0.3398184512881282,0.20001069897641047,-1.1393202520530281,2,-1.684150495310659,999.7,0.5,40.3
0.21470590254979935,0.3499998230451772,U8,MN8014,17.511428335231447,4.008917290710704,WPG,SSPG,0.13032398811471518,0.3401484301211643,0.2000034258717879,-1.1403023986522203,5,-1.6786660971123872,999.7,0.5,40.3
0.21482716243909583,0.34999129932099593,U8,MN8014,17.51296445492639,4.009990098909312,WPG,SSPG,0.1302158817293965,0.34063316147573247,0.20000068768430065,-1.1378782398832534,4,-1.6807305347308255,999.9,0.5,40.3
0.2148835415317672,0.34999994577049326,U8,MN8014,17.49995891281706,4.010853665814316,WPG,SSPG,0.13037847359979857,0.3403769609595595,0.200016952897326,-1.137605876142161,1,-1.6843949307647303,999.9,0.5,40.3
0.214569827043673,0.34999399660267677,U8,MN8014,17.5078660663043,4.009125381198147,WPG,SSPG,0.13027359594361515,0.3402869474390177,0.20000129293508637,-1.1353840027883857,4,-1.6812121189705085,999.8,0.5,40.4
0.21485204342035602,0.3499820629890064,U8,MN8014,17.50302141535754,4.009544342360912,WPG,SSPG,0.13013168519878643,0.34042688138973165,0.20000265483985777,-1.137965217263728,0,-1.6742943288671714,999.8,0.5,40.4
0.21482613403957157,0.34999487620789305,U8,MN8014,17.501468358243276,4.008800386609763,WPG,SSPG,0.13027850909468247,0.3403254469920607,0.20004694835556203,-1.1367746905182026,1,-1.6780347263799769,999.8,0.5,40.4
0.21459758745284502,0.34999602776423455,U8,MN8014,17.508335780021774,4.009190828950219,WPG,SSPG,0.13040032136040391,0.3398521826790174,0.20000927290156803,-1.1336769668707216,5,-1.683183311855739,999.7,0.5,40.4
0.21472066243158797,0.3499999918658822,U8,MN8014,17.501865287299402,4.007187790467813,WPG,SSPG,0.13019710231568013,0.3398941754118006,0.20005555884136106,-1.1359640567662963,0,-1.6811451165246414,999.6,0.5,40.4
0.2147410840421799,0.3499999095686131,U8,MN8014,17.503975919063492,4.008008563949646,WPG,SSPG,0.13031753542564567,0.3401242222598032,0.2000614134536229,-1.1383098327570225,4,-1.6839112225961212,999.6,0.5,40.3
0.2148234901236364,0.3499968169435138,U8,MN8014,17.500675172974546,4.008574300075733,WPG,SSPG,0.13026113844977463,0.3400570227923463,0.20003953226565427,-1.1373276984414826,5,-1.681181780468366,999.5,0.5,40.4
0.2148826196578731,0.3499812380678282,U8,MN8014,17.499177966797603,4.01070460148143,WPG,SSPG,0.13023846338929757,0.3405470756037873,0.20002709043277614,-1.13874041458271,5,-1.6806795717282874,999.8,0.5,40.3
0.21484073015630042,0.3499881213140149,U8,MN8014,17.506707502865538,4.009055146811544,WPG,SSPG,0.13019443992933288,0.3403777784554631,0.2000418936650451,-1.1385315329417338,1,-1.6828368180111664,999.8,0.5,40.4
0.21495031935234327,0.3499816479498106,U8,MN8014,17.504748837285135,4.008699902115049,WPG,SSPG,0.13001546936442454,0.3407296896396627,0.20003763477973893,-1.1409377135856356,0,-1.680638473684084,999.8,0.5,40.3
0.21489558490679878,0.34998856172506765,U8,MN8014,17.50477948367557,4.0089202207801105,WPG,SSPG,0.13019195872014933,0.34048201662953925,0.20002585359599845,-1.1389800033267112,7,-1.6849150708947107,999.8,0.5,40.3
0.21496663987022147,0.3499801577016352,U8,MN8014,17.498746404784313,4.009294941611245,WPG,SSPG,0.1300385105292976,0.3408173736325214,0.2000097494279048,-1.141812872596142,7,-1.6796125422582424,999.9,0.5,40.3
0.21502287399308015,0.3499740590889403,U8,MN8014,17.497105113227835,4.007594685586003,WPG,SSPG,0.12996414103721798,0.3408144927062444,0.20000870170796067,-1.1421651222859688,4,-1.6812336467912665,999.8,0.5,40.4
0.21496675963233886,0.3499879486460671,U8,MN8014,17.501725078909967,4.008326067344335,WPG,SSPG,0.1300997930423101,0.34056602895965904,0.20001845671495552,-1.1397627274805622,7,-1.6811416499376488,999.8,0.5,40.4
0.21496468309848868,0.34998655747693624,U8,MN8014,17.509396521344712,4.008193519980117,WPG,SSPG,0.13013629337465282,0.3404799329782615,0.20002204549079797,-1.1391285506901208,3,-1.6814418640894555,999.7,0.5,40.4
0.21487691743426596,0.3499821536152883,U8,MN8014,17.503914346655165,4.007219220586113,WPG,SSPG,0.1300119520844899,0.34036806932728353,0.20002370240545955,-1.137237285715903,3,-1.67778156873392,999.7,0.5,40.4
0.21491941258782588,0.34998568234091376,U8,MN8014,17.50867965752655,4.008482832665982,WPG,SSPG,0.1301129490665998,0.34038299021936025,0.2000213627485678,-1.1385040260637467,4,-1.6825857700958622,999.8,0.5,40.4
0.21490973661743426,0.3499891018778631,U8,MN8014,17.5047199622798,4.0075538900185705,WPG,SSPG,0.1301379786462642,0.34024942013613785,0.20004398417949643,-1.1367311005761416,3,-1.6853902304585908,999.8,0.5,40.4
0.2148179330671365,0.3499876274979892,U8,MN8014,17.50964842629035,4.007361576517284,WPG,SSPG,0.1301153903998833,0.34030534578374305,0.20003456351927565,-1.137482586611952,4,-1.6801076998146431,999.7,0.5,40.4
0.21491435245081209,0.3499867691064207,U8,MN8014,17.49873035521332,4.007118212078787,WPG,SSPG,0.130143933454,0.34032904995964175,0.20009527721286754,-1.1363692704747013,2,-1.6853131417394902,999.7,0.5,40.4
0.21492556404274063,0.34998955757523176,U8,MN8014,17.500284837383255,4.006833088093471,WPG,SSPG,0.13006833667212375,0.34028929187777834,0.20008904371502467,-1.1393148365346943,1,-1.6808458710478948,999.7,0.5,40.4
0.21497649675773656,0.349985976750437,U8,MN8014,17.50536673279422,4.006918649575341,WPG,SSPG,0.13013134602204046,0.3403610426419048,0.2000696028675972,-1.1373361551543137,4,-1.6846332681808285,999.8,0.5,40.4
0.21501143546366447,0.3499750258122304,U8,MN8014,17.502653419682904,4.006387542900965,WPG,SSPG,0.13006828180063335,0.34055101076187744,0.20004001885169492,-1.1389995993740203,2,-1.6793563389538573,999.9,0.5,40.4
0.21500487599893509,0.3499927476311206,U8,MN8014,17.510481151389683,4.006515905262646,WPG,SSPG,0.13011659178269314,0.3404195161868314,0.20005863881388888,-1.1385489227472967,3,-1.685160572024726,999.8,0.5,40.4
0.21509026156231456,0.34998021344901986,U8,MN8014,17.504136811724308,4.006777408234254,WPG,SSPG,0.13004041060349464,0.3405425479310936,0.2000336346428684,-1.139546105745765,7,-1.6853605848699438,999.9,0.5,40.4
0.2150503929513837,0.34997460922082824,U8,MN8014,17.50071963972466,4.006590781553853,WPG,SSPG,0.1300267679137524,0.34046483786765036,0.20004296792563092,-1.1384792795848746,5,-1.6857240936202302,999.9,0.5,40.4
0.21499797132491388,0.349987169608454,U8,MN8014,17.500619040591346,4.00677823368315,WPG,SSPG,0.1300544249487114,0.34038124314638923,0.20005643941660975,-1.137344014419213,4,-1.685151389697868,999.8,0.5,40.4
0.21499768567567137,0.34999267219129815,U8,MN8014,17.498070698217404,4.006705914025809,WPG,SSPG,0.12996333223544393,0.34028008383254754,0.20006408736869852,-1.136099769282491,7,-1.6870204484823823,999.8,0.5,40.4
0.2150393680761028,0.3499878276629526,U8,MN8014,17.50141869828463,4.007142949957715,WPG,SSPG,0.1300819370717169,0.3403472635098174,0.2000663272239239,-1.1362991733832581,0,-1.68308456368724,999.8,0.5,40.4
0.2151002944235711,0.3499892424547826,U8,MN8014,17.499697150208444,4.00699500674073,WPG,SSPG,0.13008886295259123,0.3404243039151806,0.2000465206782237,-1.1372334377061715,3,-1.6844903496912114,999.8,0.5,40.4
0.2151097372931487,0.34998967122151114,U8,MN8014,17.50063157563063,4.007093879205278,WPG,SSPG,0.1300863246905059,0.34036470796686247,0.20003748316089134,-1.1372186359802152,4,-1.688429793148801,999.8,0.5,40.4
0.21507485647892643,0.34998764602534405,U8,MN8014,17.499018845524326,4.006523082572568,WPG,SSPG,0.13003686138234233,0.34032938653597994,0.20004727018169624,-1.136773208964608,5,-1.6887068433668677,999.8,0.5,40.4
0.21512571814482587,0.3499859622148789,U8,MN8014,17.502841309040388,4.006514283773711,WPG,SSPG,0.12997595249281074,0.3404562967069926,0.20005743674402687,-1.1376723999523715,6,-1.6850345102414437,999.8,0.5,40.4
0.2150079623592778,0.34999126304388073,U8,MN8014,17.50768153938897,4.007252944921401,WPG,SSPG,0.13004607398269857,0.3402554964539877,0.20006371452286123,-1.1359044678302053,7,-1.6832435976110034,999.8,0.5,40.4
0.2150279581973493,0.349989161007258,U8,MN8014,17.506735862884376,4.0071210587853505,WPG,SSPG,0.13006864029542592,0.3402394710634478,0.20005171454561343,-1.1358068225736755,2,-1.684275992986457,999.8,0.5,40.4
0.21507383103597083,0.3499836787603571,U8,MN8014,17.51135589817209,4.006796440930348,WPG,SSPG,0.13004849035622923,0.34024770866204057,0.20005250221883256,-1.1364009546459297,3,-1.687093883522115,999.8,0.5,40.4
0.21500580853641657,0.34999363561257624,U8,MN8014,17.50992408413673,4.006443326066547,WPG,SSPG,0.1300647517190761,0.34007287321833257,0.20004497629881654,-1.134540787506831,2,-1.686651548024475,999.8,0.5,40.4
0.21500492435220692,0.34999377835633816,U8,MN8014,17.511699889509153,4.007290657241668,WPG,SSPG,0.13020220275862932,0.3401735326162255,0.200050419062894,-1.135720801916831,7,-1.6868764416447082,999.7,0.5,40.4
0.21498228752568127,0.34999099117195814,U8,MN8014,17.515992205095227,4.007654796023921,WPG,SSPG,0.13021644332638388,0.34017968477417543,0.20005535508727568,-1.1357784836993696,4,-1.6841798936970758,999.7,0.5,40.4
0.2150092514969823,0.3499816494982416,U8,MN8014,17.51412785621026,4.007810186656792,WPG,SSPG,0.13019004377006949,0.3401899622922635,0.20004988923768496,-1.1356545091800265,4,-1.684265937582838,999.7,0.5,40.4
0.21511615272226273,0.34998550197859485,U8,MN8014,17.511484794563522,4.0072527087099985,WPG,SSPG,0.13014320411169022,0.34046037941461776,0.20004244241169544,-1.1385678718205647,7,-1.6846360662273199,999.8,0.5,40.4
0.21508533253232434,0.3499871082269418,U8,MN8014,17.51015628975994,4.0070983088735765,WPG,SSPG,0.13014329525181334,0.34025785546304066,0.20004375576204905,-1.1362732410645875,2,-1.6857532867226759,999.8,0.5,40.4
0.21515405236229043,0.3499885629195836,U8,MN8014,17.507793042884288,4.007870430828974,WPG,SSPG,0.13014627466324807,0.34029920281596493,0.20005179383154403,-1.1363647114182842,5,-1.687468318540681,999.8,0.5,40.4
0.21514248477066605,0.34998625801325484,U8,MN8014,17.508805141022187,4.008032431469679,WPG,SSPG,0.13022226206316184,0.3402740698376216,0.200039384040005,-1.136076144270892,2,-1.6857635883058357,999.8,0.5,40.4
0.21507199679062408,0.34998167874031816,U8,MN8014,17.512025045477742,4.007934034454665,WPG,SSPG,0.13024413678394334,0.3401410486235727,0.20003697520725516,-1.1351187351489023,7,-1.6872816696459854,999.7,0.5,40.4
0.21507963360399662,0.34998956976437207,U8,MN8014,17.51421313573756,4.007886123697079,WPG,SSPG,0.13019872657064546,0.3400793982080322,0.20004352079057147,-1.1344686121034107,0,-1.68766369899598,999.7,0.5,40.4
0.21504371591179328,0.34999066638378595,U8,MN8014,17.512382978072562,4.008050030156233,WPG,SSPG,0.130224386878115,0.34015778667130875,0.200048838673827,-1.1348964489878437,0,-1.6839225708046879,999.7,0.5,40.4
0.215032043222865,0.3499901472016198,U8,MN8014,17.515820858006258,4.008245374545876,WPG,SSPG,0.13023836505614939,0.340069302644019,0.20004414137739374,-1.1344209891062345,5,-1.6869235374899656,999.6,0.5,40.4
0.21505452672870765,0.3499892453140335,U8,MN8014,17.51126022703937,4.0077570240939435,WPG,SSPG,0.13022145594325468,0.34013488359808447,0.20005393587019463,-1.13501419512078,6,-1.6893301061510417,999.6,0.5,40.4
0.21505198756030502,0.3499931027310094,U8,MN8014,17.51481607807765,4.00785183670989,WPG,SSPG,0.13018528376493876,0.3401743491978045,0.20005617910786105,-1.135693149418009,4,-1.6886251834266073,999.6,0.5,40.4
0.2149760766866217,0.3499877007250901,U8,MN8014,17.51025517179511,4.007311136300759,WPG,SSPG,0.13021347716646547,0.34006194780387844,0.20006454087056258,-1.1344050699380541,2,-1.6885592965066003,999.7,0.5,40.4
0.21504161533513566,0.34998859262288917,U8,MN8014,17.510458876225265,4.007861999978113,WPG,SSPG,0.1301445567882222,0.3401366239794689,0.20004268232435587,-1.135031375426986,0,-1.6869376691220186,999.7,0.5,40.4
0.21496074637834095,0.34999036603054207,U8,MN8014,17.511690922374356,4.008263305270266,WPG,SSPG,0.13017601063933187,0.3400755345452816,0.20003753810171596,-1.1344983661517984,7,-1.685674776783456,999.6,0.5,40.4
0.21505598383287014,0.34999139775599397,U8,MN8014,17.513246469992673,4.007761275280652,WPG,SSPG,0.1301559937450637,0.3401192181760815,0.2000453720388496,-1.1352090557708718,1,-1.6888358832818025,999.7,0.5,40.4
0.21506488600209944,0.3499904815688265,U8,MN8014,17.516254100006265,4.007801490548903,WPG,SSPG,0.13018142602741173,0.340135648017639,0.20005373989798297,-1.1354479572874006,0,-1.6885755296974487,999.7,0.5,40.4
0.21510263935164115,0.34998610917832235,U8,MN8014,17.51626869604766,4.008218715392405,WPG,SSPG,0.1302182991053139,0.3401401670010319,0.20004853919900067,-1.135384521024832,3,-1.6889293242951737,999.7,0.5,40.4
0.215114913400869,0.3499859626868637,U8,MN8014,17.5151290819793,4.00791537624036,WPG,SSPG,0.13017182225853835,0.3401469721881346,0.20003400435732066,-1.1354309749614226,0,-1.6884722455167172,999.7,0.5,40.4
0.21508983474178625,0.34998637358115275,U8,MN8014,17.517165776150044,4.008399471137583,WPG,SSPG,0.130199444153136,0.3401533589115767,0.20002816822726024,-1.1357769030407074,3,-1.6877275151641342,999.7,0.5,40.4
0.21510525442126083,0.34998752363924973,U8,MN8014,17.51286250183489,4.008426278202331,WPG,SSPG,0.1301927079751234,0.3401576026272698,0.20003989591286678,-1.1351733245216815,0,-1.687157517463282,999.7,0.5,40.4
0.21512777927754995,0.3499883685151518,U8,MN8014,17.513224820634562,4.008046710685059,WPG,SSPG,0.13014515739213675,0.34013721327609636,0.20004150163009796,-1.1354351279416202,4,-1.6900210639751485,999.8,0.5,40.4
0.21512767806094749,0.34998699248671494,U8,MN8014,17.514731137745564,4.008040032553201,WPG,SSPG,0.13014892603719364,0.3401585233211897,0.20004291546426556,-1.1355955353833984,0,-1.6886931255667061,999.8,0.5,40.4
0.21514549755474452,0.34998941333004574,U8,MN8014,17.5178322596335,4.008205518925988,WPG,SSPG,0.13014810032041693,0.3401441245646174,0.20003845837104145,-1.1354507740029491,5,-1.6888966236645118,999.7,0.5,40.4
0.21513237135418156,0.34999044169308496,U8,MN8014,17.5159969307821,4.008495676630447,WPG,SSPG,0.13021722315573542,0.34010430029051997,0.20004163871001118,-1.1349518354510155,6,-1.6896812136505996,999.7,0.5,40.4
0.21507988211359869,0.34999431914726503,U8,MN8014,17.51470345465573,4.008326544545528,WPG,SSPG,0.1301976374269334,0.34010137615638963,0.2000541229266708,-1.134969035319817,3,-1.6896146435397892,999.7,0.5,40.4
0.21512816682632233,0.3499907424964458,U8,MN8014,17.513505098022236,4.008137467172944,WPG,SSPG,0.13016385467310415,0.3401360805462233,0.20003991031156396,-1.135199795689711,2,-1.6895632142709403,999.7,0.5,40.4
0.21512593518417297,0.34999257273590734,U8,MN8014,17.515722470717904,4.008454466719863,WPG,SSPG,0.13014511485484845,0.3401059564726954,0.2000412446821594,-1.1349447333951905,4,-1.6892481633313086,999.7,0.5,40.4
0.2151019309305632,0.3499919384050964,U8,MN8014,17.51458481848242,4.00812955565806,WPG,SSPG,0.1301648649005151,0.3400660332038535,0.20004268149705415,-1.134585436105654,2,-1.6900406770199758,999.7,0.5,40.4
0.21510113382937557,0.34999277600421597,U8,MN8014,17.51478017720413,4.007922572349409,WPG,SSPG,0.13015652781434983,0.340094222829641,0.20004463563158456,-1.1349574345858977,1,-1.6901245992903995,999.7,0.5,40.4
0.21514115705433223,0.34999190147330045,U8,MN8014,17.51701701215056,4.008601070516453,WPG,SSPG,0.13018464916434908,0.3401712778779183,0.20003377033091033,-1.1357954778298076,5,-1.688735950586409,999.7,0.5,40.4
0.21515339473219186,0.34998978904917327,U8,MN8014,17.517311051713566,4.008234571243306,WPG,SSPG,0.13019904906051194,0.34016253542591085,0.20004403044367863,-1.135660876168479,2,-1.6898045714963885,999.7,0.5,40.4
0.21512926991754489,0.34999178998166103,U8,MN8014,17.516944525706805,4.008462169224709,WPG,SSPG,0.13023372889962215,0.3401235809099615,0.20004110258975447,-1.13516443811241,1,-1.6887978162197097,999.7,0.5,40.4
0.21513745283185376,0.3499908655017706,U8,MN8014,17.516789404295608,4.00843864714741,WPG,SSPG,0.1302236585481672,0.34014926688888847,0.20003673804518562,-1.1354454058526802,6,-1.6885344244832758,999.7,0.5,40.4
0.21512191635915157,0.34999183485685914,U8,MN8014,17.51696715150328,4.0086053474993975,WPG,SSPG,0.13023007172520037,0.34015839223933986,0.20003686554416614,-1.1358039750792526,6,-1.6894239195356509,999.7,0.5,40.4
0.21510578590155258,0.34999463567951217,U8,MN8014,17.51838880881042,4.0087744948105275,WPG,SSPG,0.1302822654309984,0.34009949465865785,0.2000495231660045,-1.1350014053961976,5,-1.6887766586649722,999.7,0.5,40.4
0.21510063663320345,0.349995660653125,U8,MN8014,17.518090885866812,4.008659211901801,WPG,SSPG,0.13024793117557545,0.3400727873932089,0.20004757626443628,-1.1348783438299244,3,-1.689936163546557,999.7,0.5,40.4
0.21510421738504495,0.3499964005634295,U8,MN8014,17.518764061834226,4.008521543644407,WPG,SSPG,0.13021900026328515,0.3400596412614765,0.20004846110069452,-1.1346545886293675,4,-1.6893998254105753,999.7,0.5,40.4
0.21509954016446853,0.3499959991042355,U8,MN8014,17.517582045796075,4.008607880088226,WPG,SSPG,0.13022431845041416,0.3400905435808605,0.20004596348625026,-1.1349583716516751,5,-1.6890358798144653,999.7,0.5,40.4
0.2150700264025674,0.34999779279238985,U8,MN8014,17.51709671849367,4.00882601704001,WPG,SSPG,0.13023745788083513,0.3400377840869062,0.20005704635130914,-1.1342459678884707,5,-1.6887894970051782,999.7,0.5,40.4
0.2150775986247428,0.3499979818859938,U8,MN8014,17.517147938283593,4.008257874744934,WPG,SSPG,0.13023494065865193,0.3400452321523881,0.20005942596172224,-1.1344560075647427,5,-1.6899917600022931,999.7,0.5,40.4
0.21508924618574918,0.34999661372728247,U8,MN8014,17.517759054134647,4.008398318826392,WPG,SSPG,0.13025859229141634,0.34005074690122705,0.20006759838537544,-1.1342718886028338,7,-1.6892016737365054,999.7,0.5,40.4
0.21511498039180565,0.3499968019239221,U8,MN8014,17.51796659737854,4.008594678694622,WPG,SSPG,0.13026555880383114,0.34007771931886166,0.2000598612124452,-1.1346871685894957,1,-1.6898970740684067,999.7,0.5,40.4
0.21513877229206332,0.34999593735303197,U8,MN8014,17.517483872293244,4.008786334266099,WPG,SSPG,0.13024960912953787,0.3401240465185874,0.20006205568375585,-1.1350641709172054,1,-1.6898423755795768,999.7,0.5,40.4
0.21514418993209564,0.34999552964333375,U8,MN8014,17.51877583792656,4.008951580370793,WPG,SSPG,0.13025957137065125,0.34015474271113694,0.20004969646727594,-1.135592038766093,2,-1.6892686002699495,999.7,0.5,40.4
0.2151302103146625,0.3499937772871138,U8,MN8014,17.517162223384688,4.008547971312141,WPG,SSPG,0.1302252916492594,0.3401243198092238,0.20004506944682915,-1.1350703605067274,7,-1.688321719979644,999.7,0.5,40.4
0.21517006021841253,0.3499923342354498,U8,MN8014,17.519227845207887,4.008794340260932,WPG,SSPG,0.13027447083986718,0.3401545293465964,0.20003307858524288,-1.1355011630408471,7,-1.6881634720476768,999.7,0.5,40.4
0.21516194944047293,0.349992699568162,U8,MN8014,17.51828047999699,4.008878774394093,WPG,SSPG,0.13023722113436226,0.34013551835030303,0.20004398352199734,-1.1354112516316865,0,-1.6901982951965184,999.7,0.5,40.4
0.21513000709752025,0.3499946275733756,U8,MN8014,17.517845861821634,4.00896608287495,WPG,SSPG,0.13024717371616515,0.3401017396122282,0.20004497553976766,-1.135113670940742,7,-1.6901146612504192,999.7,0.5,40.4
0.21517825393193593,0.3499930710481619,U8,MN8014,17.517086187237354,4.008147480742293,WPG,SSPG,0.13021013064570522,0.34019496758081463,0.2000534201260606,-1.1359661160757462,7,-1.6896368546327913,999.8,0.5,40.4
0.21516948649340017,0.3499927126866862,U8,MN8014,17.519026295877644,4.008215643318769,WPG,SSPG,0.1302077172048549,0.34015289130464754,0.2000459179773139,-1.1356688687193104,6,-1.6891918527003913,999.8,0.5,40.4
0.2151587214463826,0.3499939524651408,U8,MN8014,17.51729322353371,4.00840005594602,WPG,SSPG,0.13020499523603907,0.3401526625632871,0.20004973435857099,-1.1354807649117666,4,-1.6900233947646406,999.7,0.5,40.4
0.21513579199780433,0.34999296373841365,U8,MN8014,17.517810327022204,4.008592944492003,WPG,SSPG,0.1302381062413593,0.3400954071007011,0.20004904024247702,-1.134927387587557,3,-1.690039911336516,999.7,0.5,40.4
0.21513305603524063,0.34999326037745604,U8,MN8014,17.518853163161886,4.0087886335280105,WPG,SSPG,0.13022953083895833,0.34011861007524125,0.20004816483948035,-1.1353042096149328,7,-1.689843757606754,999.7,0.5,40.4
0.2151375025508022,0.34999398239881774,U8,MN8014,17.516190628636345,4.008605766208042,WPG,SSPG,0.13019355295263713,0.34014848809264353,0.2000536230598823,-1.1351487919455598,4,-1.6882735338652566,999.7,0.5,40.4
0.21514762832194168,0.3499927995191249,U8,MN8014,17.516118690147223,4.008505675273623,WPG,SSPG,0.13019408813085864,0.3401569387339947,0.20004572307605675,-1.1355579792089767,2,-1.6900384763579037,999.7,0.5,40.4
0.21515401880172352,0.3499911047394759,U8,MN8014,17.51494155093806,4.008362825478763,WPG,SSPG,0.13018343553736617,0.3401565863557548,0.20004421796356,-1.135566122154959,6,-1.689603786614958,999.8,0.5,40.4
0.21513960542288568,0.34999298248172594,U8,MN8014,17.51540829432519,4.008041961479798,WPG,SSPG,0.13017558021619863,0.34013986658463397,0.2000533525955062,-1.1354243352703612,2,-1.6899541729433505,999.8,0.5,40.4
0.21514136218055854,0.34999222140482666,U8,MN8014,17.516065823266594,4.008187071145671,WPG,SSPG,0.13020223089010313,0.34014185404768243,0.20005066850829523,-1.1353023262489863,3,-1.6898411896031984,999.7,0.5,40.4
0.2151393532395024,0.3499933641280055,U8,MN8014,17.516720106108785,4.00822233785004,WPG,SSPG,0.13019014049635175,0.3401455017269618,0.200045052656906,-1.1353511683899957,1,-1.6889428031708444,999.7,0.5,40.4
0.21513083137316408,0.34999350178735683,U8,MN8014,17.51569622059796,4.008342988371771,WPG,SSPG,0.13019609200225268,0.34012726075668315,0.20005218112124173,-1.1351449361704773,4,-1.6886085553230838,999.8,0.5,40.4
0.21515106169228426,0.349991962913586,U8,MN8014,17.5151013532531,4.00815105401882,WPG,SSPG,0.13019960715523227,0.3401645301425516,0.20005503496483842,-1.135583534297567,5,-1.689747997682101,999.8,0.5,40.4
0.21513821799095112,0.3499930179210216,U8,MN8014,17.515173766190287,4.008074326533978,WPG,SSPG,0.13018730745566937,0.3401322741764729,0.20006039695179278,-1.1351675468383866,3,-1.689572936684817,999.8,0.5,40.4
0.21516049101575238,0.3499910788539656,U8,MN8014,17.515872902693587,4.008058080032766,WPG,SSPG,0.13017854085467384,0.3401526782674835,0.200052875506731,-1.1354879586490392,5,-1.6898900565026977,999.8,0.5,40.4
0.21515515971974675,0.34999223135401725,U8,MN8014,17.515201360134622,4.007937647569465,WPG,SSPG,0.13019318285420473,0.34017694249026065,0.2000643047759249,-1.1356581148305853,6,-1.6900750055135685,999.8,0.5,40.4
0.21515289258877757,0.34999176108628266,U8,MN8014,17.514986172043727,4.007890513595181,WPG,SSPG,0.13017670406642778,0.34017541189085876,0.20005588264699461,-1.1356670602340024,2,-1.6895884962577377,999.8,0.5,40.4
0.2151491276533502,0.3499909578511266,U8,MN8014,17.51382305865137,4.007940030340027,WPG,SSPG,0.13018026296465376,0.34018910944335623,0.20005289164374174,-1.135825672023651,6,-1.689737381050593,999.8,0.5,40.4
0.2151609428814904,0.3499918619333024,U8,MN8014,17.514571193486933,4.008064562498208,WPG,SSPG,0.1301983278429081,0.3401808139907278,0.2000563731858757,-1.1356996898756944,7,-1.6899410539121078,999.8,0.5,40.4
0.2151494854247773,0.3499922103390088,U8,MN8014,17.51421263722451,4.007965695488085,WPG,SSPG,0.13018489300365255,0.3401827115367365,0.20006312798362855,-1.1356963227836678,1,-1.690039150273675,999.8,0.5,40.4
0.21514237242739848,0.3499905179116779,U8,MN8014,17.514898443902844,4.007930963104752,WPG,SSPG,0.13018163413081024,0.34015174912183355,0.20005935157311722,-1.1354330187333648,4,-1.6899547624058862,999.8,0.5,40.4
0.21515924445607743,0.3499896471984582,U8,MN8014,17.5150240194787,4.007988054098257,WPG,SSPG,0.13018371931472894,0.3401943515821118,0.20006129015799035,-1.135844376427491,4,-1.6899284298825386,999.8,0.5,40.4
0.21515149169726103,0.34999004136196354,U8,MN8014,17.515156448129186,4.008037214594679,WPG,SSPG,0.1301789959057361,0.34017559518139895,0.20006295932334492,-1.135622763727791,3,-1.6897678549344288,999.8,0.5,40.4
0.21516118535317683,0.3499888588140535,U8,MN8014,17.51411772252966,4.007961793459871,WPG,SSPG,0.13017396874563342,0.3402082672508501,0.20005851015262363,-1.135927194974433,2,-1.6896547951114425,999.8,0.5,40.4
0.21516663726009633,0.34998953027606056,U8,MN8014,17.51482729867719,4.008163849840901,WPG,SSPG,0.1301765612829192,0.3402065839031556,0.2000549317550094,-1.135960714722984,5,-1.6895493239904393,999.8,0.5,40.4
0.2151660567702457,0.3499889922899042,U8,MN8014,17.513611687245746,4.00781077552967,WPG,SSPG,0.13016023664272192,0.3402198648585135,0.2000611865157799,-1.1360206140966145,1,-1.689971174178961,999.8,0.5,40.4
0.21516227131616086,0.34998890384268777,U8,MN8014,17.51390853009591,4.007935665972289,WPG,SSPG,0.13016571231020768,0.3402169117471573,0.2000592869493965,-1.136018814332416,4,-1.689752495074357,999.8,0.5,40.4
0.2151694143511635,0.34998823392567546,U8,MN8014,17.51276336947368,4.007848824659322,WPG,SSPG,0.1301530804605331,0.34024473674338046,0.20006373085509668,-1.1361853496230514,0,-1.689798896562884,999.8,0.5,40.4
0.21516573265371913,0.3499883850812954,U8,MN8014,17.51304552302028,4.007840397757084,WPG,SSPG,0.13013911019896385,0.34023504232250673,0.20006522079050756,-1.1360860999139608,4,-1.689762744788295,999.8,0.5,40.4
0.21515815580735267,0.3499905695985306,U8,MN8014,17.512018296334887,4.007697627989641,WPG,SSPG,0.130140744895461,0.3402397629465628,0.20006855686183164,-1.1360624377005333,1,-1.689674647177137,999.8,0.5,40.4
0.21518495729395254,0.349988047815254,U8,MN8014,17.513396005488747,4.007843767409913,WPG,SSPG,0.13013697652189188,0.3402606352083379,0.20005874305752547,-1.136426123528482,2,-1.6899321502054523,999.8,0.5,40.4
0.21517882975763505,0.3499870813837173,U8,MN8014,17.51243707707188,4.007618617853835,WPG,SSPG,0.13010302665823625,0.3402661149855386,0.20006655297571047,-1.1363262009745054,2,-1.6897210172885995,999.8,0.5,40.4
0.2151752723810938,0.3499891407691354,U8,MN8014,17.51323083273899,4.007904658347423,WPG,SSPG,0.13012982473027795,0.34023819318555726,0.20006167055993387,-1.1361669916227928,0,-1.6899913164706213,999.8,0.5,40.4
0.21518604218710055,0.34998872360345623,U8,MN8014,17.51392698117917,4.007784648018724,WPG,SSPG,0.13014691112789073,0.3402460475158375,0.20006125912483502,-1.1362577511036718,1,-1.6899903709879922,999.8,0.5,40.4
0.21518876348627175,0.3499886706009557,U8,MN8014,17.513569412495663,4.007841643058187,WPG,SSPG,0.13013922780878426,0.34026722217689687,0.2000634638800932,-1.136431732886343,2,-1.689858600102987,999.8,0.5,40.4
0.21516640183187458,0.3499896381034035,U8,MN8014,17.51269273705296,4.007680056764453,WPG,SSPG,0.1301178433432407,0.3402391520784042,0.20006879307930134,-1.1360957975647856,1,-1.6899411839408511,999.8,0.5,40.4
0.2151701882418295,0.34998897260715756,U8,MN8014,17.512992787352296,4.007876192061999,WPG,SSPG,0.1301329324736059,0.3402391439004704,0.2000650875880097,-1.1360853270748155,4,-1.6895887141787025,999.8,0.5,40.4
0.21517128319174383,0.34998875582187217,U8,MN8014,17.51408775279081,4.007823091216828,WPG,SSPG,0.13014120136506913,0.34022649432029595,0.20006027551703343,-1.1360872402904336,5,-1.6897362119568253,999.8,0.5,40.4
0.21517021354780458,0.34998981573303306,U8,MN8014,17.513207007685374,4.007760674691078,WPG,SSPG,0.13013382889731046,0.34022675928772883,0.20006761375434684,-1.1359951286350782,1,-1.690092346062114,999.8,0.5,40.4
0.21516536308943196,0.3499890334231317,U8,MN8014,17.513125268162476,4.007777651812105,WPG,SSPG,0.1301278794221421,0.34022563134894557,0.2000639834792117,-1.1359861316784867,3,-1.6896964648817399,999.8,0.5,40.4
0.21517229090036227,0.34998899195152866,U8,MN8014,17.51342893164225,4.007809342242654,WPG,SSPG,0.1301350364413118,0.3402398703993356,0.20006499123271057,-1.136148545235487,0,-1.6897947605507824,999.8,0.5,40.4
0.2151724941054334,0.3499892461696153,U8,MN8014,17.513408390584978,4.007943911190112,WPG,SSPG,0.13013262396450054,0.34022824420106096,0.20006481774732607,-1.1360294193547158,7,-1.6899637930945808,999.8,0.5,40.4
0.21516097383908087,0.3499891360313403,U8,MN8014,17.512951396226818,4.00779114252472,WPG,SSPG,0.1301305695094349,0.3402184512202395,0.20007252132094316,-1.1358428384942114,1,-1.6899659837275287,999.8,0.5,40.4
0.21517136812134635,0.3499884129621108,U8,MN8014,17.513006076444746,4.007772108421877,WPG,SSPG,0.13013083604204612,0.34023479895259645,0.20006974214829554,-1.1360305464659382,6,-1.6900207236357083,999.8,0.5,40.4
0.215170869098405,0.3499882747615549,U8,MN8014,17.51336377715048,4.007702745254276,WPG,SSPG,0.13013168992243412,0.34023151027128745,0.20006744344960437,-1.1360135909679867,2,-1.6897906688037239,999.8,0.5,40.4
0.21517730126974338,0.3499883950515842,U8,MN8014,17.512991688064634,4.007751694156678,WPG,SSPG,0.1301323972216483,0.34024894231551683,0.20006930393573288,-1.1361803233884828,5,-1.6900452627610534,999.8,0.5,40.4
0.21517354527350324,0.34998869468311755,U8,MN8014,17.513097580207607,4.0077899203157195,WPG,SSPG,0.130133698056332,0.3402433532936678,0.200067146883708,-1.1361341984525246,0,-1.6898172210370959,999.8,0.5,40.4
0.2151789937596128,0.34998818882368904,U8,MN8014,17.513497675443105,4.0078213209157205,WPG,SSPG,0.1301349074412096,0.3402423503365597,0.20006579015880108,-1.1361202824854404,4,-1.6897149582216002,999.8,0.5,40.4
0.21517244799712235,0.34998868535926453,U8,MN8014,17.5141552173245,4.00779300633321,WPG,SSPG,0.13014519168882122,0.34022554134063043,0.20006707945537808,-1.1360242996532368,0,-1.6899755907204366,999.8,0.5,40.4
0.21517072011688987,0.34998826119433796,U8,MN8014,17.51400774545501,4.007750452371126,WPG,SSPG,0.13014826774610444,0.3402201325504498,0.20006648108301459,-1.135979755685379,5,-1.6901011926197587,999.8,0.5,40.4
0.2151713265658635,0.3499886559649984,U8,MN8014,17.51391808283804,4.007797398353841,WPG,SSPG,0.13014347100309864,0.3402183487661316,0.20006688178729068,-1.1359408683415109,7,-1.69008083208913,999.8,0.5,40.4
0.21517641718921215,0.34998786765378415,U8,MN8014,17.513625166605156,4.0076835742240595,WPG,SSPG,0.13013204993825778,0.3402370285037046,0.20006495938421168,-1.1361418354021937,3,-1.6900673494823781,999.8,0.5,40.4
0.2151678841475333,0.34998871278436466,U8,MN8014,17.51347088106467,4.007714192071318,WPG,SSPG,0.13014022339544568,0.34022464349294107,0.20006475506312654,-1.1360125665577279,3,-1.6899529293401159,999.8,0.5,40.4
0.21517011389525215,0.34998898987718996,U8,MN8014,17.51382735072779,4.0076623872818775,WPG,SSPG,0.13013437451067367,0.34021531012241363,0.20006224376354748,-1.135970851274625,5,-1.6901309131813704,999.8,0.5,40.4
0.21517624353807194,0.34998848293381946,U8,MN8014,17.514136328120866,4.007818573084782,WPG,SSPG,0.13014351795687373,0.3402275637153951,0.20006414628615152,-1.1360749344306997,7,-1.6900620072836094,999.8,0.5,40.4
0.21516802775258193,0.3499899016429063,U8,MN8014,17.513456427607025,4.007772465291791,WPG,SSPG,0.13014377829480578,0.3402215364841442,0.200067451136882,-1.135938010920769,4,-1.6899249972209365,999.8,0.5,40.4
0.21517661512240038,0.3499891029658209,U8,MN8014,17.514164992207853,4.007827430146309,WPG,SSPG,0.1301549201240344,0.3402264274776846,0.2000638148095496,-1.1360615960206057,4,-1.6900332805752267,999.8,0.5,40.4
0.21517507505575376,0.3499887146522017,U8,MN8014,17.514225856278074,4.007866913705013,WPG,SSPG,0.1301518593552261,0.3402283025747917,0.20006415528862348,-1.1360816844482848,2,-1.6899554201397926,999.8,0.5,40.4
0.21518106866994274,0.3499881115158512,U8,MN8014,17.514527950101353,4.007819439451284,WPG,SSPG,0.1301516884292799,0.34022993750773717,0.20006320143528414,-1.136103631670327,7,-1.6899785134088336,999.8,0.5,40.4
0.21517385110664924,0.34998851806759734,U8,MN8014,17.51420511285226,4.007792740434572,WPG,SSPG,0.1301497535515621,0.3402188308019615,0.20006333320294026,-1.1359975997099434,6,-1.6900809427132888,999.8,0.5,40.4
0.21518222511252375,0.34998844913281585,U8,MN8014,17.514178378136272,4.007825799781566,WPG,SSPG,0.13014802951370213,0.34023770340917064,0.20006256755818386,-1.1361900366255746,7,-1.6900695794366172,999.8,0.5,40.4
0.21518283122995602,0.3499884797568506,U8,MN8014,17.514341372965394,4.007867867295181,WPG,SSPG,0.13015279374336475,0.3402283097990905,0.20006128765815537,-1.136096142408147,1,-1.6900620410148353,999.8,0.5,40.4
0.21518472232474897,0.3499880178851723,U8,MN8014,17.51430025655258,4.007767831090262,WPG,SSPG,0.13014508033821343,0.34023336445256125,0.20006097742330678,-1.1361581780774586,1,-1.6901289634636303,999.8,0.5,40.4
0.2151770555734437,0.3499884579219994,U8,MN8014,17.514289408134772,4.0078932984622355,WPG,SSPG,0.1301540577731607,0.34022318839832977,0.2000617178620434,-1.136060803556793,1,-1.690091063161514,999.8,0.5,40.4
0.21517305004234735,0.34998867884579304,U8,MN8014,17.514221243380305,4.007857443666343,WPG,SSPG,0.1301512309545218,0.3402159362239128,0.2000619360023397,-1.1359799381496805,2,-1.6900457262181838,999.8,0.5,40.4
0.21517360211913678,0.34998843880563424,U8,MN8014,17.514114875902326,4.007865781086772,WPG,SSPG,0.13015351857760607,0.340222025063129,0.20006347965742646,-1.1360281574266933,7,-1.6900731597337,999.8,0.5,40.4
0.21517801652781135,0.3499881547847218,U8,MN8014,17.514674888348097,4.007928424040717,WPG,SSPG,0.13015843179408554,0.3402210106315444,0.20006210662382815,-1.1360468229629923,4,-1.6900597424015285,999.8,0.5,40.4
0.2151754222159047,0.34998831475893244,U8,MN8014,17.513992062259916,4.007837859314352,WPG,SSPG,0.13014757025133894,0.34022474780684986,0.20006435727571334,-1.1360247953136184,5,-1.6900313832755973,999.8,0.5,40.4
0.21517907329276065,0.3499879719108636,U8,MN8014,17.514514692916627,4.007957011090058,WPG,SSPG,0.13015757612462525,0.3402265930580227,0.20006261785821375,-1.1360814287170131,2,-1.689997595785341,999.8,0.5,40.4
0.21517743643706128,0.34998807880664473,U8,MN8014,17.51402841676266,4.007917776748615,WPG,SSPG,0.1301521643746382,0.34022584857880683,0.20006436437400643,-1.1360342600429973,4,-1.690072751725575,999.8,0.5,40.4
0.21517310088279243,0.3499884666414595,U8,MN8014,17.51397844489806,4.00789429218156,WPG,SSPG,0.13015728714173067,0.3402191160732552,0.20006588348663829,-1.1359591972042178,1,-1.6901098428591244,999.8,0.5,40.4
0.21517678738873652,0.3499883030257165,U8,MN8014,17.514413583599513,4.007937819657681,WPG,SSPG,0.13015850539082446,0.3402170302263048,0.2000638904515714,-1.1359702006758883,4,-1.6901134554324777,999.8,0.5,40.4
0.21517203773032795,0.34998816446960856,U8,MN8014,17.513974780058557,4.007859358721619,WPG,SSPG,0.1301494669884254,0.3402191175239575,0.2000655069093286,-1.1359549404323368,3,-1.6900127632735291,999.8,0.5,40.4
0.21517334018584702,0.34998843825713455,U8,MN8014,17.514275884434042,4.007890465038771,WPG,SSPG,0.13014972793103124,0.3402174126338657,0.2000649801817625,-1.1359704291603843,2,-1.6901000194319185,999.8,0.5,40.4
0.21517117754168058,0.34998864853975525,U8,MN8014,17.514016920516,4.00787644029386,WPG,SSPG,0.13014837523887676,0.3402200078969719,0.20006678281284473,-1.1359730730143722,1,-1.690095421803985,999.8,0.5,40.4
0.2151696531323844,0.34998860239618845,U8,MN8014,17.51388521881343,4.007902669380914,WPG,SSPG,0.13014721702214482,0.34021690772344004,0.20006792073597843,-1.1359232669186832,3,-1.6901256207432631,999.8,0.5,40.4
0.21517495908874956,0.3499879328847294,U8,MN8014,17.514166337857787,4.007951495060433,WPG,SSPG,0.13014585468008394,0.34022282155358496,0.20006553617894143,-1.1360107584749672,7,-1.6900951060233478,999.8,0.5,40.4
0.21516553474374286,0.3499882240187,U8,MN8014,17.513969059878505,4.007953526113765,WPG,SSPG,0.13014643371173507,0.34021195572489515,0.20006825955620106,-1.1358833503062233,5,-1.6901045240550978,999.8,0.5,40.4
0.21516562276116016,0.3499883353741478,U8,MN8014,17.51382232239768,4.007929170445348,WPG,SSPG,0.13014575061904843,0.34021224212041656,0.2000689491891312,-1.1358598779862246,0,-1.6900588885596246,999.8,0.5,40.4
0.2151706485315128,0.3499879950481391,U8,MN8014,17.514222789105403,4.007905158382082,WPG,SSPG,0.13014864666274317,0.340214628157334,0.2000675497797166,-1.1359156031437574,6,-1.6901133241435584,999.8,0.5,40.4
0.21517445282320674,0.34998793255338995,U8,MN8014,17.513949196217265,4.0078699638966215,WPG,SSPG,0.13014386424402707,0.34022706808703806,0.20006876108194516,-1.135988010343342,2,-1.689951716168002,999.8,0.5,40.4
0.21517556017064018,0.34998808086605626,U8,MN8014,17.51433048040445,4.007899003576775,WPG,SSPG,0.1301470765863475,0.3402188562127282,0.20006598398752765,-1.1359586683156648,6,-1.6900511667972786,999.8,0.5,40.4
0.2151746466103378,0.3499884115972337,U8,MN8014,17.514539528933206,4.007897878855797,WPG,SSPG,0.13014762171006755,0.3402180369871963,0.2000661575174423,-1.1359672373661696,7,-1.690037825709556,999.8,0.5,40.4
0.21517493214030958,0.34998843134724017,U8,MN8014,17.514079314470862,4.007853208948826,WPG,SSPG,0.13014605691090897,0.34022409817706445,0.20006591225540335,-1.136005776740415,2,-1.6900192822411668,999.8,0.5,40.4
0.21517302681916028,0.34998848288394085,U8,MN8014,17.51416542161842,4.007857658152611,WPG,SSPG,0.13014674656635267,0.3402196004385917,0.2000659468566156,-1.1359802360066786,3,-1.6901053132882584,999.8,0.5,40.4
0.2151709425085106,0.34998866273303625,U8,MN8014,17.514121282233226,4.007854951579427,WPG,SSPG,0.13014873098682875,0.3402143056603575,0.2000662603993944,-1.1359240768704177,4,-1.6901363614192633,999.8,0.5,40.4
0.2151773435360417,0.3499885083254834,U8,MN8014,17.51400861873681,4.007797173054283,WPG,SSPG,0.13014038036507597,0.3402284970462465,0.20006527114189754,-1.1360556265986328,7,-1.6900560046320852,999.8,0.5,40.4
0.21516851247831945,0.3499886746637336,U8,MN8014,17.514241365741903,4.007820892048565,WPG,SSPG,0.13014064377208026,0.34021165117349367,0.20006747825801585,-1.1358919528356388,0,-1.6900804710730952,999.8,0.5,40.4
0.21517272515745406,0.3499880990341012,U8,MN8014,17.5139985518823,4.007801271826834,WPG,SSPG,0.13013722703639002,0.34021840477255394,0.2000657726119558,-1.1359589016701683,7,-1.6901257098885143,999.8,0.5,40.4
0.21517592984813916,0.3499880004920438,U8,MN8014,17.514094089741356,4.007783649666969,WPG,SSPG,0.13014056108399694,0.340219873579359,0.2000655871280463,-1.1359765012720973,0,-1.690185542150953,999.8,0.5,40.4
0.21517483163747178,0.34998798893002375,U8,MN8014,17.514474583709152,4.00781133684527,WPG,SSPG,0.13014266662128038,0.3402134436703882,0.2000653409259957,-1.1359344533245856,1,-1.690180790423092,999.8,0.5,40.4
0.2151679245059081,0.3499884329051984,U8,MN8014,17.514024467347596,4.007816474710543,WPG,SSPG,0.13014025395380074,0.3402053169798998,0.20006617343588817,-1.1358283523979555,7,-1.6901712248196148,999.8,0.5,40.4
0.215176393691099,0.34998797879852517,U8,MN8014,17.514165226819998,4.0078245372983305,WPG,SSPG,0.1301383288139188,0.34021908417512636,0.20006437031129914,-1.1359775556275546,7,-1.6901373487205706,999.8,0.5,40.4
0.21517364226621605,0.3499881011948098,U8,MN8014,17.514433760410583,4.007831790556619,WPG,SSPG,0.13014081583792603,0.3402095278045176,0.2000645656870371,-1.135895195629352,7,-1.6901515727862115,999.8,0.5,40.4
0.21517320258549458,0.3499878966858804,U8,MN8014,17.514319966531307,4.007868219107258,WPG,SSPG,0.1301380568530871,0.34020899435388774,0.20006447793757554,-1.1358912451422638,3,-1.6902071044166576,999.8,0.5,40.4
0.21517471779987496,0.34998787937385584,U8,MN8014,17.51426182780066,4.007855197795005,WPG,SSPG,0.13013655907833743,0.34021558681501873,0.20006449295980736,-1.1359522792696777,5,-1.6901552941886564,999.8,0.5,40.4
0.21517176297913126,0.34998782156305713,U8,MN8014,17.51437027235088,4.007832394720186,WPG,SSPG,0.13013625541668597,0.3402094912861154,0.20006456263831784,-1.1358967783880964,3,-1.6901281656904175,999.8,0.5,40.4
0.2151702358458635,0.34998818447698005,U8,MN8014,17.51417894063684,4.007821016033852,WPG,SSPG,0.13013692490379714,0.3402076441796631,0.20006542284962198,-1.1358702628008703,1,-1.6902073604509074,999.8,0.5,40.4
0.21517347910378237,0.3499882287895119,U8,MN8014,17.514439090719264,4.007856674134782,WPG,SSPG,0.13014224517047424,0.3402094688843757,0.20006477539656622,-1.1358935838279778,7,-1.6901518591058426,999.8,0.5,40.4
0.21517336446746796,0.349988191491129,U8,MN8014,17.514291096539814,4.007837754422657,WPG,SSPG,0.13014000779618023,0.34021031781404876,0.20006411093852555,-1.1359093754372636,1,-1.6902024774471176,999.8,0.5,40.4
0.21517291081224546,0.3499882759006281,U8,MN8014,17.514417045895428,4.007826059116404,WPG,SSPG,0.13014005110924914,0.3402097792147823,0.20006470565315393,-1.1359052606711821,0,-1.6901838470762343,999.8,0.5,40.4
0.21517469526347222,0.3499879180020486,U8,MN8014,17.514460399701033,4.0078247142988825,WPG,SSPG,0.13014195834570425,0.3402107866601479,0.20006480118045483,-1.1359081032670497,1,-1.6901849985517678,999.8,0.5,40.4
0.2151739326578701,0.34998816559524626,U8,MN8014,17.514388152034748,4.007830038790214,WPG,SSPG,0.13014185091626201,0.3402137062761347,0.2000652876633364,-1.1359297331465252,3,-1.690128249638109,999.8,0.5,40.4
0.21517139116784229,0.3499882939385336,U8,MN8014,17.514603902581023,4.00782853054453,WPG,SSPG,0.1301433302353276,0.3402026799892731,0.20006490793197299,-1.135835014908111,4,-1.6901692874573229,999.8,0.5,40.4
0.21517247705882026,0.3499878845771402,U8,MN8014,17.514667800005185,4.007846558276058,WPG,SSPG,0.13014516645523977,0.34020424809653277,0.20006432138886118,-1.135864803123336,2,-1.6902091891231095,999.8,0.5,40.4
0.2151733701923561,0.349988088534105,U8,MN8014,17.51472332935258,4.007828869111906,WPG,SSPG,0.13014374159701275,0.34020717868118844,0.2000649810491676,-1.1358863710947293,5,-1.6901636375473608,999.8,0.5,40.4
0.21517245291018586,0.3499879758803632,U8,MN8014,17.514674317864333,4.007850624036222,WPG,SSPG,0.1301459424090386,0.34020420212320623,0.20006587428555836,-1.1358419621282299,4,-1.6901842846688204,999.8,0.5,40.4
0.2151746148021571,0.3499878883013253,U8,MN8014,17.51472298810353,4.007847266272192,WPG,SSPG,0.13014723854309346,0.3402063041871185,0.200064211517769,-1.1358845216166022,7,-1.6902166376174375,999.8,0.5,40.4
0.21517361211323435,0.34998793643213555,U8,MN8014,17.51488854540537,4.007836478566146,WPG,SSPG,0.1301456381301948,0.3402030224608146,0.2000641810230128,-1.1358642638589471,6,-1.6902240583518662,999.8,0.5,40.4
0.21517369562482103,0.34998819688448546,U8,MN8014,17.514925968640696,4.007842279371217,WPG,SSPG,0.1301487879852035,0.34020276430151924,0.2000638816427362,-1.1358627679890545,2,-1.6901905603650622,999.8,0.5,40.4
0.2151743859579561,0.34998807836485285,U8,MN8014,17.51517206846912,4.007860825589604,WPG,SSPG,0.13015222660511785,0.3402011944508666,0.20006333128683093,-1.135864896019132,3,-1.6901940358975978,999.8,0.5,40.4
0.21517268362039088,0.3499882581831693,U8,MN8014,17.515343577465554,4.00785852659946,WPG,SSPG,0.130153926461761,0.34019501009322217,0.2000637774718903,-1.1358062778948053,5,-1.690196195468289,999.8,0.5,40.4
0.21517057081052332,0.3499885273828149,U8,MN8014,17.51523921632987,4.0078529584840545,WPG,SSPG,0.13015139772653506,0.3401932779718059,0.20006428074394103,-1.1357869033671815,4,-1.690215681464803,999.8,0.5,40.4
0.2151697642778158,0.349988142145448,U8,MN8014,17.51511767979266,4.007844677320985,WPG,SSPG,0.13015274649943237,0.34019617938185875,0.20006572586687843,-1.135793533083359,5,-1.6901817591792945,999.8,0.5,40.4
0.21517095147401208,0.3499880815403493,U8,MN8014,17.51528228473555,4.007872818190017,WPG,SSPG,0.13015580024780582,0.3401958182380401,0.20006518736751122,-1.1358041391579432,0,-1.6902020918165128,999.8,0.5,40.4
0.21516655218961042,0.3499883962506247,U8,MN8014,17.515132891598398,4.007881621541838,WPG,SSPG,0.13015430995965016,0.3401866786231706,0.20006583770334985,-1.135704961597348,0,-1.6902525075374708,999.8,0.5,40.4
0.21516847100957964,0.3499883066382088,U8,MN8014,17.5152567192296,4.007874598982923,WPG,SSPG,0.13015330336123876,0.34018782613713805,0.20006433119515085,-1.1357309727145442,7,-1.6902172560552255,999.8,0.5,40.4
0.21517035819341723,0.34998824222916874,U8,MN8014,17.515253396758972,4.007861213306011,WPG,SSPG,0.13015073256485288,0.34019228649538824,0.20006436965128427,-1.1357737779295887,0,-1.6902094397965168,999.8,0.5,40.4
0.21516745458151976,0.34998830585621127,U8,MN8014,17.515214800266353,4.007854548719783,WPG,SSPG,0.13015038241421456,0.34018784022932247,0.2000657548673052,-1.1357169520649846,0,-1.6902207777477045,999.8,0.5,40.4
0.21516847353490015,0.34998826552497975,U8,MN8014,17.515156960210497,4.007872280711828,WPG,SSPG,0.13014914434262748,0.3401889711651075,0.20006469340964833,-1.135739179170173,0,-1.690256158093968,999.8,0.5,40.4
0.21516920124685848,0.3499885859928998,U8,MN8014,17.515357827174565,4.007895672195798,WPG,SSPG,0.1301519673408315,0.34018640708439907,0.20006485533686338,-1.1357167931633436,3,-1.6902517292576373,999.8,0.5,40.4
0.21516486662674794,0.34998881160566647,U8,MN8014,17.51505329169624,4.00786425004234,WPG,SSPG,0.13014558503900417,0.34018503237741443,0.2000670204978987,-1.135678720540365,4,-1.690270582934149,999.8,0.5,40.4
0.21516476824797948,0.3499886154046188,U8,MN8014,17.515387238493446,4.007872656133253,WPG,SSPG,0.13014742335358231,0.3401783432310516,0.20006595942939032,-1.1356355566521181,5,-1.6902801049353826,999.8,0.5,40.4
0.21516579777601919,0.34998891864165166,U8,MN8014,17.515501459663838,4.007882818212178,WPG,SSPG,0.1301465214887182,0.3401804541334203,0.20006634623425743,-1.1356590050775663,0,-1.6902648737327208,999.8,0.5,40.4
0.2151651560414169,0.3499889551242016,U8,MN8014,17.51566217662593,4.00791027374975,WPG,SSPG,0.13015298061247385,0.3401735548190762,0.200064982768504,-1.1356067645470114,0,-1.6902732626324237,999.8,0.5,40.4
0.2151622922556103,0.3499890920519062,U8,MN8014,17.515701493411775,4.007904565232322,WPG,SSPG,0.13014723479206403,0.3401709213179177,0.20006459499378568,-1.1356006832599432,1,-1.690278533670723,999.8,0.5,40.4
0.2151674539550673,0.3499884688777273,U8,MN8014,17.516055739976853,4.007931267066454,WPG,SSPG,0.13015713639041687,0.34017122467569044,0.20006260345232826,-1.1356260119173498,6,-1.69029786826359,999.8,0.5,40.4
0.21516824833668907,0.3499887273246809,U8,MN8014,17.515937025675264,4.007928168696434,WPG,SSPG,0.13014981285212693,0.34017540390942924,0.20006375133756685,-1.1356546193067556,6,-1.6903160791187162,999.8,0.5,40.4
0.21516741183134366,0.34998857462692495,U8,MN8014,17.515702106906666,4.007901030811154,WPG,SSPG,0.13015441200112954,0.34017633881714665,0.2000642926583696,-1.1356416985356692,6,-1.6902951194062457,999.8,0.5,40.4
0.21516544928362585,0.3499885991797518,U8,MN8014,17.51579213217424,4.007870537543101,WPG,SSPG,0.13014703319483845,0.3401720671034068,0.2000641458758742,-1.1356087584271424,1,-1.6902886061631417,999.8,0.5,40.4
0.2151634850044076,0.34998849064146464,U8,MN8014,17.515372910260314,4.007901510246236,WPG,SSPG,0.13014454870414915,0.3401728200401643,0.20006531152510126,-1.1355859619418638,4,-1.6903135871343373,999.8,0.5,40.4
0.2151653453734647,0.34998863376715705,U8,MN8014,17.515647045067386,4.007882501675889,WPG,SSPG,0.1301478589610021,0.34017142158051383,0.20006513366934575,-1.1355835779472057,1,-1.69032798345172,999.8,0.5,40.4
0.21516431096709054,0.3499886606979934,U8,MN8014,17.51578333530059,4.007888947812204,WPG,SSPG,0.13014873297934487,0.3401680342234198,0.20006401293662165,-1.1355692654453267,4,-1.690309925311876,999.8,0.5,40.4
0.21516212967275233,0.3499886114182419,U8,MN8014,17.516149290896713,4.007957658877317,WPG,SSPG,0.13015850246271435,0.34016094712141914,0.20006575587556055,-1.1355014057117734,5,-1.6903256108036508,999.8,0.5,40.4
0.21516135760808158,0.3499887831315535,U8,MN8014,17.516056292150587,4.00790559996171,WPG,SSPG,0.13015728171465155,0.3401590327345212,0.20006636606464326,-1.1354730838806226,0,-1.6903596682007933,999.8,0.5,40.4
0.2151643342912663,0.3499886520506199,U8,MN8014,17.515839475460456,4.00788707904682,WPG,SSPG,0.13014824537933073,0.34016778386428015,0.20006530513947607,-1.1355526995364655,7,-1.6902994823696886,999.8,0.5,40.4
0.21516155767710315,0.34998852026926996,U8,MN8014,17.515999318349536,4.007934048385978,WPG,SSPG,0.13015266926908475,0.3401629184649965,0.200066283092795,-1.1355091396432813,4,-1.6903104317218158,999.8,0.5,40.4
0.21516463226756616,0.34998839954108696,U8,MN8014,17.51623304020216,4.007933615309997,WPG,SSPG,0.13015245597726166,0.34016439106466134,0.20006575583411662,-1.1355398798725242,0,-1.690349725262971,999.8,0.5,40.4
0.21516150758567637,0.3499887861669086,U8,MN8014,17.516281653078615,4.007886918295319,WPG,SSPG,0.1301506895444747,0.34015651039953265,0.20006553422553708,-1.1354719694746889,4,-1.690375518216456,999.8,0.5,40.4
0.21515955154782915,0.34998891660622955,U8,MN8014,17.516294628616407,4.0079211516675,WPG,SSPG,0.1301558934363303,0.34015216381825697,0.2000657117720356,-1.1354266461117781,1,-1.6903719462576365,999.8,0.5,40.4
0.21516224400653305,0.34998866918892224,U8,MN8014,17.516564882129273,4.007947366364096,WPG,SSPG,0.13016022184644205,0.34015387630626426,0.20006523835495807,-1.1354543788821247,4,-1.6903459312771965,999.8,0.5,40.4
0.21516193957295063,0.3499889069567861,U8,MN8014,17.516546999087392,4.007927062809168,WPG,SSPG,0.13015868203928754,0.340153275083814,0.2000650274254169,-1.135455750313114,3,-1.6903775661369647,999.8,0.5,40.4
0.21516156061608188,0.34998889529308636,U8,MN8014,17.5163504781466,4.0079104185088195,WPG,SSPG,0.13015495391226306,0.34015726672158797,0.2000657870829525,-1.1354760765308431,6,-1.6903282131802282,999.8,0.5,40.4
0.2151585155958441,0.34998898327633104,U8,MN8014,17.51669948574433,4.007899911324309,WPG,SSPG,0.1301580502071283,0.34014517736924427,0.20006452597690197,-1.135392020433902,1,-1.6903844286542427,999.8,0.5,40.4
0.21515860584743862,0.3499890924012275,U8,MN8014,17.51671229780691,4.00790264129522,WPG,SSPG,0.13015910337141723,0.34014386737149277,0.20006524222577554,-1.1353685987254507,5,-1.6903953426982117,999.8,0.5,40.4
0.21515734881827542,0.34998913637995377,U8,MN8014,17.516614742982558,4.007896219467038,WPG,SSPG,0.13015752788193924,0.34014262581061094,0.20006491807546845,-1.1353580462715274,4,-1.6904022081623538,999.8,0.5,40.4
0.21515407022662913,0.3499895767136877,U8,MN8014,17.516606456160094,4.007880605237381,WPG,SSPG,0.13015595696207927,0.34013652096547775,0.20006555907976042,-1.1352964507193328,0,-1.6904290864145324,999.8,0.5,40.4
0.21515380164233255,0.3499895044176665,U8,MN8014,17.516898094705482,4.007907115060304,WPG,SSPG,0.13015627562358295,0.3401299411620074,0.2000647625943665,-1.1352472432258593,0,-1.6904337961905949,999.8,0.5,40.4
0.2151558054705548,0.34998942282560574,U8,MN8014,17.516618530681065,4.007891808100717,WPG,SSPG,0.13015663576167838,0.3401401422747402,0.2000652791969285,-1.1353300591762496,3,-1.6903878801154892,999.8,0.5,40.4
0.21515447491116024,0.34998937351195547,U8,MN8014,17.517021177999553,4.0078980983518555,WPG,SSPG,0.13015968681506074,0.34013044499039596,0.20006529103537932,-1.1352535665004928,2,-1.6904462183911004,999.8,0.5,40.4
0.21515347999644374,0.349989704978328,U8,MN8014,17.517426193929456,4.007890296422869,WPG,SSPG,0.13016416831918598,0.34012219473191796,0.20006452801359684,-1.1351994177104126,3,-1.6904682864418348,999.8,0.5,40.4
0.21515135114590703,0.34998983046965243,U8,MN8014,17.517463205284436,4.007906542177553,WPG,SSPG,0.13016219697597245,0.34011559196896113,0.200064749733264,-1.1351316132585605,0,-1.6904897748273768,999.8,0.5,40.4
0.21514912630959182,0.34998967534113135,U8,MN8014,17.517432357629698,4.007911125811403,WPG,SSPG,0.13016174387895965,0.3401102047017455,0.20006384096969856,-1.135089281794918,3,-1.6905211645002378,999.8,0.5,40.4
0.21514879831926556,0.34998982422440345,U8,MN8014,17.5174769401132,4.007992821421916,WPG,SSPG,0.1301653669501308,0.3401107649960493,0.20006346727763827,-1.1351046344416442,5,-1.6905074507168525,999.8,0.5,40.4
0.2151483926572904,0.3499897475658237,U8,MN8014,17.517782088137317,4.00795753653656,WPG,SSPG,0.13016474123636823,0.3401034831387652,0.20006268555064766,-1.1350519577171496,7,-1.6905364538901342,999.8,0.5,40.4
0.21514496176824072,0.3499901057518914,U8,MN8014,17.517942942632033,4.0079592189803686,WPG,SSPG,0.13016202023121853,0.3400967344746733,0.20006255120736027,-1.1349983333936156,3,-1.690513939249744,999.8,0.5,40.4
0.21514514624357411,0.3499902174743014,U8,MN8014,17.51842782341008,4.0079557457504595,WPG,SSPG,0.13016473195738254,0.3400878834070468,0.20006165425746056,-1.134943415775156,7,-1.6905784356316307,999.8,0.5,40.4
0.21513653183667367,0.3499905461956044,U8,MN8014,17.51922435343458,4.007981653873956,WPG,SSPG,0.13017714397119312,0.3400607465741363,0.2000604711851252,-1.1347278347876895,7,-1.6906025077331073,999.8,0.5,40.4
0.2151339060058075,0.3499905707902583,U8,MN8014,17.519354931292405,4.007992217420254,WPG,SSPG,0.130171721367369,0.34005388234706113,0.20006277977411435,-1.1346317406967732,7,-1.6905682647837281,999.8,0.5,40.4
0.21513734046320188,0.3499904452363678,U8,MN8014,17.519806901520774,4.008012344466742,WPG,SSPG,0.13018242811384412,0.3400482332192269,0.2000580381372571,-1.1346542823563488,3,-1.690704268418246,999.8,0.5,40.4
0.21513615899766303,0.349990765538962,U8,MN8014,17.519070902359232,4.007936517253385,WPG,SSPG,0.1301666711096951,0.34005814516225574,0.20005937440071295,-1.1346979377865931,3,-1.6905827233701274,999.8,0.5,40.4
0.2151401264939417,0.3499907266382618,U8,MN8014,17.519333794621843,4.00793245291711,WPG,SSPG,0.13018375421384576,0.3400613977033804,0.20005895717654867,-1.134738889821678,7,-1.6905766149957575,999.8,0.5,40.4
0.21514617967755853,0.3499908094898925,U8,MN8014,17.519024329535874,4.007944600016613,WPG,SSPG,0.13017871569944162,0.3400801309361338,0.20006004073272174,-1.1349012277162165,5,-1.690547254861933,999.8,0.5,40.4
0.21514038457963747,0.3499906521742233,U8,MN8014,17.519412710574045,4.007968686704297,WPG,SSPG,0.1301742755870377,0.34006093710920454,0.20005730804923802,-1.1347717675936233,3,-1.6906562785257595,999.8,0.5,40.4
0.21514053834748326,0.3499903932955649,U8,MN8014,17.519851508132874,4.0079552102172435,WPG,SSPG,0.1301794691875528,0.34005243303170307,0.20005640762540564,-1.134708522345425,5,-1.6906709772198294,999.8,0.5,40.4
0.21514765997476387,0.3499900810052327,U8,MN8014,17.52059241231253,4.00796804709246,WPG,SSPG,0.13018038385896918,0.34005420680838905,0.2000535057728818,-1.1347857722546084,7,-1.6906899597198368,999.8,0.5,40.4
0.21513631934834387,0.3499906899034446,U8,MN8014,17.52095584196855,4.0080594209919065,WPG,SSPG,0.13017916905049726,0.34002635480881244,0.20005327036357023,-1.1345406857936275,2,-1.690757612367829,999.8,0.5,40.4
0.2151353120605716,0.3499905002542398,U8,MN8014,17.521354382366887,4.0080334246390645,WPG,SSPG,0.1301808614814014,0.3400207501260086,0.20005401223751365,-1.1344840219018577,5,-1.6906820928218877,999.8,0.5,40.4
0.2151337265910237,0.3499900926866592,U8,MN8014,17.520889906298752,4.008045928589124,WPG,SSPG,0.1301673002065394,0.3400183832000958,0.20005309458049397,-1.1344511185422852,1,-1.6907629922909138,999.8,0.5,40.4
0.21512907560495043,0.34998993548188073,U8,MN8014,17.52096073621831,4.008073869798678,WPG,SSPG,0.13017702466576891,0.34000952921562433,0.20005477996303314,-1.1343527392577761,3,-1.6907970767773524,999.8,0.5,40.4
0.2151414381419985,0.3499898793182172,U8,MN8014,17.520880229030908,4.007960071806325,WPG,SSPG,0.13017791726917394,0.34003560647064024,0.20005252512188998,-1.1346310709861518,5,-1.690768108804214,999.8,0.5,40.4
0.2151340408520253,0.34999020298676764,U8,MN8014,17.5212174551778,4.0079869227618525,WPG,SSPG,0.1301799464317806,0.34001411642364426,0.2000515470402405,-1.134445825359335,7,-1.6908078863841407,999.8,0.5,40.4
0.21513412727124012,0.3499894239975066,U8,MN8014,17.521982325713537,4.00801500278106,WPG,SSPG,0.13018098174245202,0.34000214507001303,0.20005165763064747,-1.1343594245915651,1,-1.6908861883818673,999.8,0.5,40.4
0.2151313134705465,0.34999020787382734,U8,MN8014,17.52229979539276,4.008041452805621,WPG,SSPG,0.13018511632493282,0.33999587584930757,0.20005288085337364,-1.1343002446235668,3,-1.6908387816309371,999.8,0.5,40.4
0.21513412434070325,0.3499899747941454,U8,MN8014,17.52214140652717,4.007985661900803,WPG,SSPG,0.13017873313401196,0.34000188462383246,0.20005195032778683,-1.1343650004412391,5,-1.6908718636092495,999.8,0.5,40.4
0.21513840447488042,0.34998938114780215,U8,MN8014,17.522891026723173,4.0080611322754125,WPG,SSPG,0.13018891988762427,0.3400008984859659,0.20005078822418593,-1.1343935811099009,3,-1.6908499834652524,999.8,0.5,40.4
0.21513543598055365,0.34998981495659337,U8,MN8014,17.52221183551996,4.00799411002101,WPG,SSPG,0.1301876102888097,0.340008564522393,0.20005460345586995,-1.1343876262897068,3,-1.6907097321201459,999.8,0.5,40.4
0.21513897042042981,0.34998976077464555,U8,MN8014,17.521699103248864,4.007946050951747,WPG,SSPG,0.13018037371083574,0.34001898045169554,0.20005262414591193,-1.134494084577941,3,-1.6907626697740348,999.8,0.5,40.4
0.21513776501375684,0.3499896757701493,U8,MN8014,17.521841473414035,4.007962135172544,WPG,SSPG,0.1301796378676005,0.340010744280603,0.20005159193821023,-1.134437027852067,3,-1.6908736538925826,999.8,0.5,40.4
0.21513200703792276,0.34998984808754535,U8,MN8014,17.522020379859057,4.0080240325829815,WPG,SSPG,0.13017859604233106,0.33999693302411793,0.20005178704275703,-1.1343077092987914,0,-1.6908806614389356,999.8,0.5,40.4
0.2151403643776711,0.3499888691144608,U8,MN8014,17.522673000849483,4.008038455344792,WPG,SSPG,0.13017758991229608,0.34000233468757834,0.20004772748870858,-1.1344160737877311,0,-1.6908120018753348,999.8,0.5,40.4
0.21512834455296753,0.34998984269307465,U8,MN8014,17.523846997159488,4.0080517718370166,WPG,SSPG,0.13018258596541743,0.3399591491832701,0.2000484941569769,-1.1340499056044244,0,-1.6910074809416837,999.8,0.5,40.4
0.21513192329620362,0.34998911412777806,U8,MN8014,17.523483832456257,4.008094874058214,WPG,SSPG,0.13018795008047176,0.3399732905444294,0.20004926040867183,-1.1341627521178292,1,-1.6909738102939382,999.8,0.5,40.4
0.21513096033250506,0.34998976255625125,U8,MN8014,17.52345846763746,4.008042506606291,WPG,SSPG,0.1301822550978028,0.3399733074034739,0.2000482427058683,-1.1341750159007198,1,-1.6909226686026582,999.8,0.5,40.4
0.21513346104744127,0.3499890999637358,U8,MN8014,17.522928517463363,4.008046458941666,WPG,SSPG,0.13018011179992417,0.339988380520665,0.20004984246557495,-1.134277062176043,7,-1.69084609959895,999.8,0.5,40.4
0.21512912471904885,0.34998914295020733,U8,MN8014,17.52275104097499,4.008087722345621,WPG,SSPG,0.13018172896061975,0.339984472616289,0.20005270484894602,-1.1342133401735364,7,-1.6909186663129745,999.8,0.5,40.4
0.21512994242858238,0.34998960828438863,U8,MN8014,17.52312888175372,4.008059664228411,WPG,SSPG,0.1301895331398283,0.33998013350324296,0.20005048171591056,-1.1342140780671437,3,-1.6909335370052343,999.8,0.5,40.4
0.21512394500633378,0.3499896526724203,U8,MN8014,17.52303404967038,4.0080815384360795,WPG,SSPG,0.13018181506570653,0.3399660695098521,0.2000507175003855,-1.1340686601032859,4,-1.6909874405394856,999.8,0.5,40.4
0.21512446148098327,0.3499896278674989,U8,MN8014,17.524115788423504,4.008141638248672,WPG,SSPG,0.1301879018710079,0.33995171003825075,0.2000507281268457,-1.1339681538660034,4,-1.691004600513807,999.8,0.5,40.4
0.21511967156074008,0.34999055228557086,U8,MN8014,17.523446623604418,4.008091509590862,WPG,SSPG,0.13018207895705264,0.3399531781042796,0.20005175657792376,-1.1339570203249931,0,-1.6910235684850328,999.8,0.5,40.4
0.21512443801963788,0.3499901803294934,U8,MN8014,17.523418129562984,4.008068065301386,WPG,SSPG,0.13017667482100276,0.3399591135561289,0.20004979942497725,-1.1340290311096326,4,-1.6910379032838652,999.8,0.5,40.4
0.215123592680045,0.3499904664896084,U8,MN8014,17.523469219936267,4.008103117904707,WPG,SSPG,0.13017887514751564,0.33995992375256795,0.20005283649794026,-1.1340079178381666,5,-1.6910217204638656,999.8,0.5,40.4
0.2151237082363719,0.3499902216946276,U8,MN8014,17.522477750261174,4.008107158575745,WPG,SSPG,0.1301715047219013,0.33997550310887914,0.20005228145594858,-1.1341260204757246,2,-1.6909567484630887,999.8,0.5,40.4
0.21512741339265892,0.34999025886148694,U8,MN8014,17.522573409678465,4.008072748458301,WPG,SSPG,0.1301628214062901,0.3399778604871567,0.20005167831504836,-1.1341585835504988,3,-1.6910076338398827,999.8,0.5,40.4
0.21511887636354804,0.3499902006770607,U8,MN8014,17.523410644104374,4.0081105568066,WPG,SSPG,0.13017079684516947,0.3399499336025624,0.20005031135628948,-1.133936926779099,2,-1.6910301547375308,999.8,0.5,40.4
0.21512719966750934,0.3499899882005215,U8,MN8014,17.522422186963734,4.008052878293968,WPG,SSPG,0.13016471381115954,0.33998024759651213,0.20005186616910642,-1.1341725349258474,3,-1.6909925598833055,999.8,0.5,40.4
0.21512188229832704,0.3499902617685148,U8,MN8014,17.522324292756224,4.008006239270164,WPG,SSPG,0.1301598718919922,0.3399724626722602,0.20005471860421736,-1.134060587919234,2,-1.6909836793873279,999.8,0.5,40.4
0.21512288164528456,0.3499907146160352,U8,MN8014,17.522789131551775,4.008023388855743,WPG,SSPG,0.13016627757616994,0.33996871961265634,0.20005200593081643,-1.1340804888926654,4,-1.6909951398739054,999.8,0.5,40.4
0.21511788956118638,0.3499906112359849,U8,MN8014,17.523215271748434,4.008050717962648,WPG,SSPG,0.13016473959708813,0.33994943753196716,0.20005062858229095,-1.1339266110975283,5,-1.6910765643387187,999.8,0.5,40.4
0.21511766647340147,0.34999073453115864,U8,MN8014,17.52308314238483,4.0080391039733225,WPG,SSPG,0.1301595748054879,0.33994929027162524,0.20005076696183638,-1.1339145134317017,2,-1.6910726708852355,999.8,0.5,40.4
0.21511875489399632,0.3499909002481648,U8,MN8014,17.52300893413848,4.008030785728872,WPG,SSPG,0.13016647811993426,0.33995466453978734,0.20005175153275484,-1.133956071269962,3,-1.6910588040462695,999.8,0.5,40.4
0.21512020289102346,0.3499904969278647,U8,MN8014,17.52370415098548,4.0080548097468265,WPG,SSPG,0.13016875621188212,0.3399443913363598,0.20004994410267932,-1.133900791868346,6,-1.69111769344949,999.8,0.5,40.4
0.21512291058665362,0.34999066655525,U8,MN8014,17.52324612902312,4.008036056219268,WPG,SSPG,0.13016901807168393,0.3399582683183017,0.2000516011226761,-1.1339964898431891,5,-1.691056276133704,999.8,0.5,40.4
0.21511286619466305,0.34999133741695426,U8,MN8014,17.523782807554458,4.008030621012542,WPG,SSPG,0.1301712064155307,0.3399295279410191,0.2000513641743155,-1.133750190023757,3,-1.6911511570379538,999.8,0.5,40.4
0.21511439147729516,0.3499912051584999,U8,MN8014,17.523698859031306,4.008049993734319,WPG,SSPG,0.13017545875885222,0.3399342384105263,0.20005321721801408,-1.1337699390040346,3,-1.6911497575966692,999.8,0.5,40.4
0.21511469379670253,0.34999128721982564,U8,MN8014,17.524058400281387,4.00805857713839,WPG,SSPG,0.13017634398856512,0.339932485389547,0.2000527982379611,-1.1337736044943765,6,-1.6911124431113933,999.8,0.5,40.4
0.21511645767484536,0.34999148221826876,U8,MN8014,17.523765239929478,4.0080258611393695,WPG,SSPG,0.13018089914442937,0.33993967943167747,0.20005326640606594,-1.1338268911659715,5,-1.6911149276129596,999.8,0.5,40.4
0.21511429385941822,0.34999129631050224,U8,MN8014,17.523712568442622,4.008009449997739,WPG,SSPG,0.13017638868221834,0.33993806277070093,0.20005421892904593,-1.1337997774373882,7,-1.6910971098936631,999.8,0.5,40.4
0.21511501400840102,0.34999111642698,U8,MN8014,17.523583953136896,4.008027878640696,WPG,SSPG,0.13017233453070703,0.33993989739704383,0.2000550226962617,-1.1337980330295694,2,-1.6910940272405757,999.8,0.5,40.4
0.2151134173839961,0.3499913496308987,U8,MN8014,17.523631201589648,4.008016656618372,WPG,SSPG,0.13017139401679406,0.3399348182889398,0.20005417086575633,-1.1337665936706287,1,-1.6911491247018695,999.8,0.5,40.4
0.21511266223317882,0.34999107205359603,U8,MN8014,17.523795064647793,4.008000540498325,WPG,SSPG,0.13016891400758765,0.33993075876529943,0.2000543974293631,-1.1337297416830678,1,-1.6911586263505622,999.8,0.5,40.4
0.2151112358746358,0.3499910104628896,U8,MN8014,17.52403281546382,4.008051774296411,WPG,SSPG,0.13016469596044689,0.33992425912710916,0.20005323335761382,-1.1336911243891923,6,-1.6911739161937795,999.8,0.5,40.4
0.2151106053155604,0.34999099095453134,U8,MN8014,17.52408601892229,4.008013060257268,WPG,SSPG,0.13016665933878768,0.33992089100333556,0.20005387869375257,-1.1336532367048142,3,-1.6912118331823187,999.8,0.5,40.4
0.21510831674090572,0.34999138184552403,U8,MN8014,17.524305388002503,4.00795134305545,WPG,SSPG,0.13016915083779967,0.33991362456535085,0.20005394259747517,-1.1335928768526817,4,-1.691221536098178,999.8,0.5,40.4
0.21511434546083888,0.3499910404427511,U8,MN8014,17.52409490781362,4.0079737028504585,WPG,SSPG,0.13016845227081159,0.3399267344008005,0.20005250342201894,-1.133721858858446,5,-1.6911971541435271,999.8,0.5,40.4
0.21511140571132698,0.3499911360753959,U8,MN8014,17.5244170988056,4.007962731787085,WPG,SSPG,0.1301671851302808,0.33991713751144537,0.2000520866093854,-1.1336483661397068,1,-1.6912026610730706,999.8,0.5,40.4
0.2151101640437581,0.3499915063812874,U8,MN8014,17.5244737048966,4.007970223496678,WPG,SSPG,0.13016691984893053,0.3399123968452969,0.20005183828435186,-1.1336058333982406,7,-1.6912133361925967,999.8,0.5,40.4
0.21510900654706003,0.3499915533581884,U8,MN8014,17.524448517112173,4.007996199051241,WPG,SSPG,0.13016885874682455,0.3399119867240566,0.20005298490734913,-1.1335939404299062,6,-1.691234200868795,999.8,0.5,40.4
0.2151045555871775,0.3499917556759718,U8,MN8014,17.52479700261324,4.007990098552626,WPG,SSPG,0.1301681987776379,0.33989762697219483,0.20005210122972536,-1.1334821621790667,7,-1.6912741514540013,999.8,0.5,40.4
0.21510349708318627,0.34999175755117573,U8,MN8014,17.524752546716194,4.00799598841911,WPG,SSPG,0.1301700509126711,0.33989866906603894,0.20005424155020143,-1.1334693592172125,3,-1.691265561256186,999.8,0.5,40.4
0.2151049160384758,0.3499912995141973,U8,MN8014,17.524982331612577,4.008015047896247,WPG,SSPG,0.13016278343623366,0.33989456325779505,0.20005186840724493,-1.1334608077854127,2,-1.6912974658729194,999.8,0.5,40.4
0.21510587152658295,0.34999124060788667,U8,MN8014,17.525226420874723,4.008006007656996,WPG,SSPG,0.1301689998245209,0.33989353198350736,0.20005178693886913,-1.1334615481488113,5,-1.691300573736207,999.8,0.5,40.4
0.2151009830458824,0.34999152239235554,U8,MN8014,17.525335190287862,4.0080040281603395,WPG,SSPG,0.13016973223294978,0.3398836421659106,0.2000531310482565,-1.1333574696486068,6,-1.6913080512032632,999.8,0.5,40.4
0.21510244449663474,0.3499914900749954,U8,MN8014,17.525367712955525,4.008018481821634,WPG,SSPG,0.13016844958837565,0.3398859607697303,0.20005443466363798,-1.1333673363470151,0,-1.6913270115057593,999.8,0.5,40.4
0.2150990323069197,0.3499914152886596,U8,MN8014,17.52569421254103,4.00803910232289,WPG,SSPG,0.1301658374314828,0.33987184310225804,0.20005172786586964,-1.1332723330492431,2,-1.691360965787025,999.8,0.5,40.4
0.21510016749710412,0.3499914341153002,U8,MN8014,17.52591864330848,4.0080297692922935,WPG,SSPG,0.13016136679100165,0.339870776463863,0.2000522898254203,-1.1332647471460235,4,-1.691375842942346,999.8,0.5,40.4
0.21509857735923146,0.3499909789169406,U8,MN8014,17.526024500838314,4.008039038922498,WPG,SSPG,0.13016090267745822,0.3398676426574437,0.20005237669639414,-1.133238391558019,0,-1.6913755290131878,999.8,0.5,40.4
0.21510093279253012,0.34999087157405767,U8,MN8014,17.5261784540077,4.008046098683369,WPG,SSPG,0.130160366120469,0.3398687809763478,0.20005070554114676,-1.1332730751501991,5,-1.6913770804546093,999.8,0.5,40.4
0.21510416622458617,0.3499902990941293,U8,MN8014,17.526304354187722,4.008053728308394,WPG,SSPG,0.1301610856999496,0.3398687340702753,0.2000489391771228,-1.1332894906793451,2,-1.6914120282929286,999.8,0.5,40.4
0.21510232514054753,0.3499911972215296,U8,MN8014,17.526464583407876,4.007996867792135,WPG,SSPG,0.1301628093288501,0.33986406933436336,0.20004857318298722,-1.1332616812201053,0,-1.6914237971426278,999.8,0.5,40.4
0.21510190930702527,0.3499910739014086,U8,MN8014,17.525770193606604,4.008016000040887,WPG,SSPG,0.13015603497007178,0.33987463446650285,0.20005135361819892,-1.133302099913654,4,-1.6913635890948324,999.8,0.5,40.4
0.2151017994908271,0.349991076780832,U8,MN8014,17.526393712206655,4.008048106380944,WPG,SSPG,0.1301645099317758,0.33986653288297325,0.2000495845830111,-1.1332713556947995,2,-1.6913841270671064,999.8,0.5,40.4
0.2151013883106354,0.34999127116809525,U8,MN8014,17.52662763739515,4.007980226260893,WPG,SSPG,0.13016057082238458,0.33986048045435496,0.2000489845722246,-1.1332285199077183,6,-1.6914263235440803,999.8,0.5,40.4
0.21509860925395566,0.34999128348019737,U8,MN8014,17.526970511977694,4.008045314924332,WPG,SSPG,0.13016394680157248,0.3398495137105728,0.2000489064902101,-1.1331371246843975,2,-1.691479603007016,999.8,0.5,40.4
0.2151037330491063,0.3499912505830028,U8,MN8014,17.52611093110111,4.008050838631528,WPG,SSPG,0.13015871565785134,0.33987049143975195,0.20004699215708527,-1.1333262178600945,3,-1.6913972393593593,999.8,0.5,40.4
0.2151038291987002,0.3499912508546214,U8,MN8014,17.526413716124893,4.008065732650897,WPG,SSPG,0.13016034269786025,0.339867430690267,0.20004811384085097,-1.1332980899263632,5,-1.6914158827694035,999.8,0.5,40.4
0.2151023429973387,0.34999112679678024,U8,MN8014,17.526223955547657,4.008019720103946,WPG,SSPG,0.1301564193922685,0.33986645925001724,0.20004718312780348,-1.1332854857063583,5,-1.6913769606601772,999.8,0.5,40.4
0.21510040429807165,0.3499912968978676,U8,MN8014,17.526636466516777,4.008055139271164,WPG,SSPG,0.13016439188967494,0.33985635339372483,0.20004711943636302,-1.1332053477185273,3,-1.691428105058515,999.8,0.5,40.4
0.21510131410566918,0.34999099558619345,U8,MN8014,17.526105292610772,4.008085316231856,WPG,SSPG,0.1301570967401074,0.3398657126387991,0.2000469160043837,-1.133278157911223,5,-1.6913943182282214,999.8,0.5,40.4
0.21510142209209943,0.34999077943484347,U8,MN8014,17.526485523109447,4.008079006305133,WPG,SSPG,0.1301567449175849,0.33985923421239417,0.20004600900567465,-1.1332388635383759,0,-1.6914292529194466,999.8,0.5,40.4
0.21510301366701418,0.3499909767482212,U8,MN8014,17.52641395029773,4.008057512114574,WPG,SSPG,0.1301594850462615,0.33986499391386654,0.20004657007951193,-1.1332889468741651,5,-1.6914076563170077,999.8,0.5,40.4
0.2151010131739229,0.3499909394114902,U8,MN8014,17.52661712681435,4.008065959776816,WPG,SSPG,0.1301585752508847,0.3398597261658155,0.20004739339024002,-1.1332378409657669,3,-1.6914142113169692,999.8,0.5,40.4
0.21509518365198566,0.3499910162126706,U8,MN8014,17.526755413241226,4.00808282762397,WPG,SSPG,0.1301546570271464,0.3398448704469407,0.20004774674514575,-1.1330973245690477,0,-1.6914939002136595,999.8,0.5,40.4
0.2150994292434838,0.3499904742958672,U8,MN8014,17.52695788812732,4.008109273385042,WPG,SSPG,0.13015501682152136,0.33985026591634215,0.20004784835390862,-1.1331515052039605,3,-1.6914708719620997,999.8,0.5,40.4
0.21509696045931254,0.34999050464668624,U8,MN8014,17.526941605611935,4.008098253964365,WPG,SSPG,0.13014942488232795,0.33984470460926,0.20004763484960497,-1.1331027661976882,1,-1.6915163845894092,999.8,0.5,40.4
0.21509236789351852,0.3499909018528632,U8,MN8014,17.526994478364486,4.008118407038745,WPG,SSPG,0.13015035433405225,0.33983698193513534,0.200049718026886,-1.1330093606039848,3,-1.6915302586264929,999.8,0.5,40.4
0.21509438131472144,0.34999033823022346,U8,MN8014,17.527220261859668,4.0081184490923984,WPG,SSPG,0.13015187384647892,0.33983669139339434,0.20004846261369233,-1.1330252664344895,2,-1.691530420636811,999.8,0.5,40.4
0.2150917560744779,0.3499909418208622,U8,MN8014,17.527238863969934,4.008113818734227,WPG,SSPG,0.13015532233433463,0.33983241676437903,0.20004877022992407,-1.1329862031343247,5,-1.6915432538195674,999.8,0.5,40.4
0.21509663731760198,0.34999001941214,U8,MN8014,17.527501329676607,4.008144160545518,WPG,SSPG,0.13015429708593473,0.3398351804615313,0.20004644254788964,-1.133040168360388,1,-1.6915384872273052,999.8,0.5,40.4
0.2150913764729605,0.3499903444515149,U8,MN8014,17.52817076851209,4.00816478874697,WPG,SSPG,0.13015944483959396,0.33981894588005734,0.20004740565535148,-1.1329026475505932,0,-1.691562377232012,999.8,0.5,40.4
0.2150922808420145,0.3499899790830055,U8,MN8014,17.5282500747796,4.008192650265586,WPG,SSPG,0.13015593663318095,0.33981709788831455,0.20004604457730596,-1.132897900375389,1,-1.6915736953151441,999.8,0.5,40.4
0.21508905203056092,0.349990055475898,U8,MN8014,17.528613098615203,4.0082029112554505,WPG,SSPG,0.13015325070297062,0.339807358152872,0.20004782438882013,-1.1327974709398814,6,-1.691588349077028,999.8,0.5,40.4
0.2150856555154063,0.3499903993338473,U8,MN8014,17.52840022621345,4.008223498273543,WPG,SSPG,0.13015539508682988,0.33980370520911984,0.2000464764024719,-1.1327791977091342,6,-1.6916355836564563,999.8,0.5,40.4
0.21508380976466607,0.3499901018194579,U8,MN8014,17.528903961954168,4.008228018606666,WPG,SSPG,0.13015303392565084,0.339793603047511,0.20004725023632156,-1.1326892448180244,4,-1.6916552656044512,999.8,0.5,40.4
0.21508818831701654,0.34998969043829864,U8,MN8014,17.529321865414246,4.0082385406080885,WPG,SSPG,0.13015337764655324,0.33979413840246836,0.20004659354462603,-1.1327136772261355,5,-1.6916796660901294,999.8,0.5,40.4
0.2150792111759217,0.3499908372694776,U8,MN8014,17.529287167514937,4.0082117944283295,WPG,SSPG,0.1301557089690806,0.3397789818514932,0.20004715793226877,-1.1325713841197886,3,-1.6917361618939495,999.8,0.5,40.4
0.21507747347463607,0.34999058680813705,U8,MN8014,17.529806428533064,4.008261585283872,WPG,SSPG,0.13015412059953058,0.3397682776723812,0.2000467899213293,-1.1324887524471494,3,-1.6917533548728656,999.8,0.5,40.4
0.21507197208360562,0.34999035323476224,U8,MN8014,17.530525235420455,4.008283031526523,WPG,SSPG,0.1301487216791043,0.33974774968893795,0.20004647766351663,-1.1323226422616033,4,-1.6918181718985519,999.8,0.5,40.4
0.21507037940358037,0.3499900972493139,U8,MN8014,17.53103772174827,4.008324808390907,WPG,SSPG,0.1301441650164728,0.3397370576979541,0.20004650043016495,-1.1322443045479362,3,-1.6919011668105473,999.8,0.5,40.4
0.2150767043734553,0.34998989472614384,U8,MN8014,17.530797556288988,4.008315212571358,WPG,SSPG,0.13014512212474882,0.339750650985516,0.20004364476414715,-1.132391645506405,3,-1.6918322494983666,999.8,0.5,40.4
0.2150662304185235,0.3499906343985988,U8,MN8014,17.53130033251002,4.008291904273254,WPG,SSPG,0.13014331987731326,0.3397264764323075,0.20004679041210405,-1.1321466960290805,0,-1.691884336010867,999.8,0.5,40.4
0.21506447132363277,0.3499904055494636,U8,MN8014,17.53200900854013,4.008276645342367,WPG,SSPG,0.13014312044754528,0.33971329664451516,0.20004633597658436,-1.1320520000729204,7,-1.6919296400720931,999.8,0.5,40.4
0.21505406104935487,0.3499911823563413,U8,MN8014,17.53166803081455,4.008351638407623,WPG,SSPG,0.13013065490184966,0.33970097320602005,0.20004940451400988,-1.1318960364363229,3,-1.6919657899304816,999.8,0.5,40.4
0.21504549722869531,0.349990894053164,U8,MN8014,17.533531891751906,4.008415682381035,WPG,SSPG,0.13013784783559768,0.33965659540342846,0.20004695014136412,-1.1315731030329972,4,-1.6921682918243235,999.8,0.5,40.4
0.21504679732011323,0.3499901554760169,U8,MN8014,17.53375962835174,4.00849843440065,WPG,SSPG,0.13013904934271792,0.33965871377724083,0.2000476820289961,-1.1315941428869127,0,-1.6921428518483381,999.8,0.5,40.4
0.21504896004322618,0.34998985450740266,U8,MN8014,17.534989149514807,4.008509598986104,WPG,SSPG,0.13014695715974278,0.33964354706522565,0.2000450239757548,-1.1315151479177041,2,-1.692167560892985,999.8,0.5,40.4
0.21503408526541515,0.34998959403641405,U8,MN8014,17.536414735975214,4.008600827494599,WPG,SSPG,0.13013865658492638,0.33960000968977905,0.20004641042686838,-1.1311450422546858,2,-1.6922847821528038,999.8,0.5,40.4
0.21502967661604444,0.3499890786528582,U8,MN8014,17.537145198552558,4.008715474565884,WPG,SSPG,0.13014778956088507,0.3395817996770136,0.200045918623988,-1.1310008022512636,5,-1.6923378570550849,999.8,0.5,40.4
0.21503033222069315,0.34998936341957826,U8,MN8014,17.537016175269457,4.008590932980589,WPG,SSPG,0.13015339413573868,0.33958094270358896,0.20004446429157763,-1.1310035444046251,3,-1.692388762903434,999.8,0.5,40.4
0.2150271484257278,0.3499876062295827,U8,MN8014,17.538791303018954,4.008829894383905,WPG,SSPG,0.13015263805417848,0.33955081569225876,0.20004383061786338,-1.1307850177301149,3,-1.6925568948981304,999.8,0.5,40.4
0.21504063354644712,0.3499878094848298,U8,MN8014,17.538580849240823,4.00863507063098,WPG,SSPG,0.13016413372955826,0.3395786857177964,0.20004268245888684,-1.1310559821544794,3,-1.692427493051575,999.8,0.5,40.4
0.21503518090477317,0.3499881023551738,U8,MN8014,17.537336882200943,4.008587267587832,WPG,SSPG,0.13015342759598478,0.3395892532642092,0.20004680191595467,-1.131073122529762,4,-1.6923894997304068,999.8,0.5,40.4
0.21502096325042938,0.34998841960412863,U8,MN8014,17.537042829477695,4.008702927833342,WPG,SSPG,0.13013863615439614,0.33957487598798275,0.20004994194576234,-1.1308969886260136,4,-1.6923425664537781,999.8,0.5,40.4
0.21503002038941743,0.34998692907030604,U8,MN8014,17.537604540199,4.008741914020176,WPG,SSPG,0.1301651040686167,0.3395817420952132,0.20004548778319808,-1.1310220330800291,3,-1.6922980069338198,999.8,0.5,40.4
0.21501623895980454,0.34998864990047573,U8,MN8014,17.536232341450326,4.008702577044037,WPG,SSPG,0.1301448941291921,0.33958435319012387,0.2000579565768437,-1.1308802133581266,7,-1.6923319564924846,999.8,0.5,40.4
0.21501709424554746,0.34998679199658356,U8,MN8014,17.537727488527857,4.008801745583915,WPG,SSPG,0.13014509126531432,0.3395605702982465,0.20005179875075113,-1.130762186726499,2,-1.6924230358419123,999.8,0.5,40.4
0.21500306662984792,0.34998663240781724,U8,MN8014,17.539529202191062,4.0087034060979425,WPG,SSPG,0.1301299224213224,0.3395150032429598,0.2000562503780048,-1.1303554936223181,4,-1.6926662667464818,999.8,0.5,40.4
0.21501610070842586,0.34998924092289785,U8,MN8014,17.536667096785283,4.008538506962314,WPG,SSPG,0.13012645584755345,0.3395758073858251,0.20005603083093434,-1.1308265103931188,7,-1.6923044699532905,999.8,0.5,40.4
0.21498356177919303,0.34998862693068883,U8,MN8014,17.54110822763691,4.008744499749581,WPG,SSPG,0.13013227294845658,0.33945679682409274,0.2000498064326624,-1.1299307737849833,2,-1.692806811685001,999.8,0.5,40.4
0.2150092379099556,0.34998685491946835,U8,MN8014,17.539011424565235,4.008725236367239,WPG,SSPG,0.13013291548546047,0.33952994002619974,0.2000477817053056,-1.1305597292053933,1,-1.692461294277436,999.8,0.5,40.4
0.21500399274607554,0.3499867980278797,U8,MN8014,17.538139999648454,4.00883764832857,WPG,SSPG,0.13011293954313896,0.33952490798905066,0.20004434207319652,-1.130522355894869,0,-1.6925748515911465,999.8,0.5,40.4
0.21500658011221965,0.3499880259496987,U8,MN8014,17.539007977995674,4.0088929818144905,WPG,SSPG,0.1301443212763144,0.339521484333811,0.20004378082699445,-1.1305233641264463,1,-1.6924899876332944,999.8,0.5,40.4
0.2150083460117248,0.34998704141493775,U8,MN8014,17.539962546492816,4.008835518658468,WPG,SSPG,0.13012081615889604,0.33951073631422246,0.2000470562618561,-1.1304165313827081,7,-1.6926034909515408,999.8,0.5,40.4
0.21501245194615679,0.3499839623838001,U8,MN8014,17.542620485905235,4.008823235805602,WPG,SSPG,0.1301212129876228,0.3394746585125744,0.20004352107612647,-1.1301977885043721,0,-1.6929001663717944,999.8,0.5,40.4
0.21500135094367306,0.34998541052089716,U8,MN8014,17.53963404174884,4.008892170954934,WPG,SSPG,0.1301012210219451,0.3395029519700549,0.20005016521289393,-1.1302958886723151,4,-1.69268548153007,999.8,0.5,40.4
0.21500776712584205,0.3499859147871132,U8,MN8014,17.541288418894283,4.008823037884827,WPG,SSPG,0.13011215841377693,0.33948628371252665,0.20004469450615234,-1.1302579651297662,4,-1.6928182114752008,999.8,0.5,40.4
0.21500255510589708,0.349985137953255,U8,MN8014,17.541072586542967,4.008855824086182,WPG,SSPG,0.1300922458605634,0.3394872768600318,0.20004793948557903,-1.1302352225612229,0,-1.6927809361955966,999.8,0.5,40.4
0.2150137603741619,0.349984405693376,U8,MN8014,17.541598817828813,4.008916279799988,WPG,SSPG,0.13013515014205962,0.3395057250961193,0.20004693072207247,-1.1304378446752903,3,-1.6926331308986438,999.8,0.5,40.4
0.21499804091416497,0.3499851518658561,U8,MN8014,17.539997730912763,4.00905308716186,WPG,SSPG,0.130081489483279,0.3394948332126564,0.20004733212113185,-1.1302842470255225,5,-1.692750306794288,999.8,0.5,40.4
0.21501386135315734,0.3499831099816931,U8,MN8014,17.541022234139756,4.009138758959553,WPG,SSPG,0.13009236676372188,0.3395135992328358,0.20004699429039205,-1.1304888176269066,0,-1.6925799136010227,999.8,0.5,40.4
0.2149907041457612,0.3499834502099563,U8,MN8014,17.542964666478667,4.009157906738887,WPG,SSPG,0.13007354709450578,0.3394409511198386,0.20004495221265348,-1.129898816575603,5,-1.692976049665349,999.8,0.5,40.4
0.21498731919839348,0.3499843943591136,U8,MN8014,17.54446633128517,4.009380732135116,WPG,SSPG,0.13009538659757752,0.33942112426533283,0.2000437407389318,-1.129784466444073,3,-1.6929606836522186,999.8,0.5,40.4
0.2149811558880994,0.3499814668055293,U8,MN8014,17.546482212861644,4.009591670384044,WPG,SSPG,0.13009058308955382,0.33938284182546047,0.20004676438788752,-1.1294494241511956,5,-1.6931838928024678,999.8,0.5,40.4
0.21497229282081654,0.34998129892730967,U8,MN8014,17.54670473247638,4.009657301708412,WPG,SSPG,0.13006587152023918,0.33936368117326826,0.20004649841341293,-1.129270808095176,7,-1.693193984114279,999.8,0.5,40.4
0.21497426984904927,0.3499807581233667,U8,MN8014,17.54859927892423,4.009616553513191,WPG,SSPG,0.13008078471155615,0.3393426856283968,0.2000448445484139,-1.1291650149461119,6,-1.6933325895477047,999.8,0.5,40.4
0.21496343738985296,0.3499807706812865,U8,MN8014,17.546507978212695,4.009506111045619,WPG,SSPG,0.1300496462222791,0.33934946626094625,0.20004918448814024,-1.1291050461783185,1,-1.6933375834147952,999.8,0.5,40.4
0.21494507323506665,0.34998032910438026,U8,MN8014,17.546841217521216,4.0096505894597465,WPG,SSPG,0.13003288878435185,0.33931834760783625,0.20005160953549025,-1.1287970458227599,0,-1.6933710624639282,999.8,0.5,40.4
0.21496187508723766,0.3499794035234675,U8,MN8014,17.549075329187424,4.009816181374465,WPG,SSPG,0.1300503251755205,0.3393110542173472,0.20004213217129957,-1.1289029219611515,3,-1.6934297709451442,999.8,0.5,40.4
0.21495949099377706,0.3499812734940573,U8,MN8014,17.54802851006194,4.00952353101119,WPG,SSPG,0.13002420046650426,0.3393136063734913,0.20004487006247706,-1.1288585081916058,1,-1.6935160347738858,999.8,0.5,40.4
0.21496623006654522,0.3499820341414367,U8,MN8014,17.54774451895353,4.009452151934893,WPG,SSPG,0.13007775880052802,0.3393329286300659,0.20004371820978017,-1.1290299995246018,5,-1.6932880845232106,999.8,0.5,40.4
0.21495929534735778,0.34998027239968155,U8,MN8014,17.54884199449694,4.009719939220737,WPG,SSPG,0.13004917491119816,0.3393064225527327,0.20004355755568512,-1.1288334321891482,7,-1.6934953329231277,999.8,0.5,40.4
0.21495432479942056,0.34998115450847234,U8,MN8014,17.548577408438238,4.009704557233443,WPG,SSPG,0.13002900629001035,0.3393027711266414,0.20005122381226828,-1.1287126629223605,5,-1.6935905924371202,999.8,0.5,40.4
0.21496299804775332,0.3499813626271503,U8,MN8014,17.5479485230991,4.009650075901937,WPG,SSPG,0.13005941835098828,0.3393242643617832,0.2000428043069921,-1.1289825094038097,1,-1.6934243252372507,999.8,0.5,40.4
0.21496436850833606,0.3499821783827422,U8,MN8014,17.546192838766373,4.009641652866272,WPG,SSPG,0.1300400667905081,0.33935446032146827,0.20004673911764054,-1.1291791184621731,2,-1.6933240753453376,999.8,0.5,40.4
0.21496138453031594,0.34997932159728695,U8,MN8014,17.549750727693656,4.009740917437059,WPG,SSPG,0.13005969897146788,0.33930218844164073,0.20004473331431494,-1.1288137725242846,7,-1.693495063220137,999.8,0.5,40.4
0.21497132304762517,0.3499790946545028,U8,MN8014,17.547606098949352,4.009791690699969,WPG,SSPG,0.13005287479294492,0.3393491063308013,0.20004460244987596,-1.1291810306882857,0,-1.693265130819908,999.8,0.5,40.4
0.2149575446540973,0.3499811602083255,U8,MN8014,17.54846537642659,4.009834560120182,WPG,SSPG,0.13003949491613845,0.3393117508873292,0.20004675493238416,-1.1288363458473443,5,-1.6934222476918936,999.8,0.5,40.4
0.21496436671817257,0.3499798641864057,U8,MN8014,17.54954313816613,4.009972832429156,WPG,SSPG,0.13004526485862766,0.3393102655996645,0.20004281059185114,-1.1289007095063561,7,-1.6933881935626012,999.8,0.5,40.4
0.21496290505151125,0.34997974981284924,U8,MN8014,17.549041207859187,4.009915966618274,WPG,SSPG,0.13005234167609425,0.339316095629452,0.20004622832983807,-1.1289044553837837,7,-1.6934075066275494,999.8,0.5,40.4
0.214965079609954,0.3499823690428035,U8,MN8014,17.54821850055529,4.009908441603452,WPG,SSPG,0.13005587264055096,0.33932934673711596,0.20004440308753055,-1.1290342755684406,7,-1.6933762490101838,999.8,0.5,40.4
0.2149556261052358,0.34998094335222957,U8,MN8014,17.548698612831963,4.009864129769369,WPG,SSPG,0.13004081501083228,0.3393066873262706,0.20004701485486032,-1.1288051917421713,7,-1.6934961897755407,999.8,0.5,40.4
0.214958461278954,0.3499814818630034,U8,MN8014,17.548097703820364,4.009744552705307,WPG,SSPG,0.130036886101709,0.33931676497951985,0.20004726418411461,-1.1288713306293459,4,-1.6934666230148032,999.8,0.5,40.4
0.21495507798373895,0.34998027201845694,U8,MN8014,17.548948048037154,4.009875595859513,WPG,SSPG,0.13003790429312817,0.3392976168534223,0.20004513582899486,-1.1287372191297216,6,-1.6935444693911936,999.8,0.5,40.4
0.21496400336896854,0.34998029822368987,U8,MN8014,17.54874334246677,4.0097884905899805,WPG,SSPG,0.13006385742223936,0.33931746581136496,0.2000452185195467,-1.128917909174846,3,-1.6934730992243043,999.8,0.5,40.4
0.21495654408327847,0.3499815992821023,U8,MN8014,17.548352266591927,4.009795220755005,WPG,SSPG,0.1300583195250128,0.33930729008604205,0.20004366230087087,-1.1288262766659987,6,-1.6934962308783987,999.8,0.5,40.4
0.2149510925302887,0.34998051197490654,U8,MN8014,17.54934180677703,4.009860785508161,WPG,SSPG,0.1300464143782255,0.3392880771263741,0.20004498207286217,-1.1286640254157403,5,-1.6935342079862465,999.8,0.5,40.4
0.21494584613841566,0.34998079104503244,U8,MN8014,17.549329244469398,4.009836462012776,WPG,SSPG,0.13003538239978013,0.3392802898092537,0.20004939458529736,-1.1285464072430438,6,-1.693630179480511,999.8,0.5,40.4
0.21495314711636804,0.349980813633492,U8,MN8014,17.54934769371602,4.009860809622597,WPG,SSPG,0.1300399532830575,0.33928990687354743,0.20004417332319666,-1.1286933453023988,2,-1.693557685903599,999.8,0.5,40.4
0.21495127632789734,0.34998060964260386,U8,MN8014,17.54942965919674,4.009834556821242,WPG,SSPG,0.13003195725494343,0.33928542508062837,0.20004387855301523,-1.1286565011396084,3,-1.6935666762063963,999.8,0.5,40.4
0.21495307433315247,0.3499811887166104,U8,MN8014,17.549430658223756,4.009797036218191,WPG,SSPG,0.1300376577314028,0.33928553412892953,0.2000433603755764,-1.1286606826323462,6,-1.6935962926810681,999.8,0.5,40.4
0.2149429533558903,0.3499807066602902,U8,MN8014,17.549931894996256,4.009924022571522,WPG,SSPG,0.1300413777443341,0.3392662777511999,0.2000454937685416,-1.1284728294690614,6,-1.6936448044806234,999.8,0.5,40.4
0.21494290915867426,0.34998068145673084,U8,MN8014,17.549709133462393,4.009896625775667,WPG,SSPG,0.13003471829557578,0.339269327335768,0.2000456945093207,-1.1284947664851812,3,-1.6936396732976018,999.8,0.5,40.4
0.2149420724175794,0.34998049503775797,U8,MN8014,17.54974286483166,4.009876558350536,WPG,SSPG,0.13003179296392037,0.3392678117812281,0.20004695461175565,-1.1284656570808682,3,-1.69364961446386,999.8,0.5,40.4
0.21494489111554654,0.3499807619240696,U8,MN8014,17.549652741464712,4.009841034743388,WPG,SSPG,0.1300361974522292,0.33927284025328863,0.20004602077859437,-1.128524096235853,6,-1.693649933565828,999.8,0.5,40.4
0.21494021303974822,0.34998042262290396,U8,MN8014,17.549779576453425,4.009873108297691,WPG,SSPG,0.1300361263553054,0.33926291269069264,0.2000461648606723,-1.1284257094970915,6,-1.6936694409969952,999.8,0.5,40.4
0.21494674376495942,0.34998055902064656,U8,MN8014,17.549321677604063,4.009818659446011,WPG,SSPG,0.13004194148908843,0.33928051090083156,0.2000461363045941,-1.1285779548473067,0,-1.6935784237219043,999.8,0.5,40.4
0.21494231023323804,0.3499812921988318,U8,MN8014,17.549526021089946,4.009856238761213,WPG,SSPG,0.13003766250726595,0.3392700698879561,0.2000472981961034,-1.128478105100338,7,-1.6936611768505507,999.8,0.5,40.4
0.2149459558479859,0.3499804630412278,U8,MN8014,17.54990336957621,4.009916460025566,WPG,SSPG,0.13004017662059278,0.33927137602890417,0.20004332216315124,-1.1285435604052878,2,-1.6935964168020181,999.8,0.5,40.4
0.214940126939549,0.3499813450631083,U8,MN8014,17.549746729280013,4.009920599043171,WPG,SSPG,0.13003831671132443,0.3392641761993264,0.2000458474871062,-1.1284462480230717,2,-1.693654801180978,999.8,0.5,40.4
0.21493981674008633,0.34998112819428495,U8,MN8014,17.5497038562201,4.009919770588814,WPG,SSPG,0.13003872367587038,0.3392623137359798,0.2000447630558688,-1.1284355480428239,7,-1.6936687948046334,999.8,0.5,40.4
0.21493482401164643,0.34998069240275215,U8,MN8014,17.549759121767877,4.0099860844745026,WPG,SSPG,0.13003124514324227,0.3392549639347688,0.20004711738359113,-1.1283361198743838,1,-1.6936698737909666,999.8,0.5,40.4
0.21493994302344993,0.34998095737526075,U8,MN8014,17.548869457649396,4.009895766924557,WPG,SSPG,0.1300369132206389,0.33927583443062015,0.20004796263620128,-1.1284950285840827,4,-1.6935677501588167,999.8,0.5,40.4
0.21493611629660414,0.34998102797371655,U8,MN8014,17.54965431136477,4.00998354156628,WPG,SSPG,0.13003856159572638,0.33925978695006936,0.200046352250318,-1.1283884767989858,4,-1.693616310216001,999.8,0.5,40.4
0.2149322541265071,0.3499811022814818,U8,MN8014,17.54969530373531,4.009952262900535,WPG,SSPG,0.1300360100030042,0.3392536482441627,0.2000491033409624,-1.1282994121279062,4,-1.6936518576668398,999.8,0.5,40.4
0.21493181008070184,0.34998074788584976,U8,MN8014,17.549961266921642,4.01000983756368,WPG,SSPG,0.13003719208394976,0.339249211438129,0.20004666123911768,-1.1282963760454294,5,-1.6936696379607206,999.8,0.5,40.4
0.21493303455401552,0.3499814552172664,U8,MN8014,17.549982527439766,4.01002367979122,WPG,SSPG,0.13003808350440477,0.3392503595538902,0.2000473488196,-1.1283004674591885,6,-1.6936732970281465,999.8,0.5,40.4
0.21493711124044587,0.34998062593800044,U8,MN8014,17.54997973990111,4.009994201370155,WPG,SSPG,0.13003877641265463,0.3392561740908997,0.2000459832215976,-1.1283659523596343,4,-1.6936425110759075,999.8,0.5,40.4
0.21493842262075297,0.34998104056916357,U8,MN8014,17.549887460137803,4.009909555719644,WPG,SSPG,0.13003986732619838,0.3392598885701733,0.2000478284673058,-1.1283792231332264,6,-1.6936485398659613,999.8,0.5,40.4
0.21493813506739928,0.34998160553001445,U8,MN8014,17.549522286844834,4.009870390524095,WPG,SSPG,0.13004228767657505,0.3392613914998528,0.20004557444312313,-1.128401398422673,7,-1.693618690727126,999.8,0.5,40.4
0.21493700381748077,0.34998173553392753,U8,MN8014,17.54974788884377,4.009935546769991,WPG,SSPG,0.13003901258432682,0.3392580139135233,0.20004742915461068,-1.1283565007164174,6,-1.6936286661623612,999.8,0.5,40.4
0.21493415986526762,0.34998155134609454,U8,MN8014,17.549996627892302,4.009940687815173,WPG,SSPG,0.13003938812661187,0.3392509073788212,0.20004727209299983,-1.128304427472351,4,-1.6936775236595896,999.8,0.5,40.4
0.21493366972238678,0.3499815642226305,U8,MN8014,17.54988360122021,4.0099574282720125,WPG,SSPG,0.1300389723924702,0.33925062111983145,0.200047115960395,-1.1283034347096337,7,-1.6937178494106835,999.8,0.5,40.4
0.21493136717483052,0.34998156827486027,U8,MN8014,17.5499909722191,4.009997928842296,WPG,SSPG,0.13004375157008813,0.33924559543180977,0.20004630280716748,-1.1282646026069427,3,-1.6937021876523612,999.8,0.5,40.4
0.21493234512639753,0.3499817562262087,U8,MN8014,17.549812041734086,4.009883370828715,WPG,SSPG,0.13004537774932587,0.3392487269026084,0.20004599502344264,-1.1282900695981255,2,-1.693686127833928,999.8,0.5,40.4
0.21493532534547222,0.3499818734108381,U8,MN8014,17.549685459561896,4.0098802892756,WPG,SSPG,0.13004509190008567,0.3392544089307639,0.20004492648923328,-1.128348884372035,2,-1.6936449389259831,999.8,0.5,40.4
0.21493445593806407,0.349981403066087,U8,MN8014,17.549598944749413,4.00993814131294,WPG,SSPG,0.13004846898462386,0.33925729021500495,0.20004764964705526,-1.1283455568160574,4,-1.693635010388233,999.8,0.5,40.4
0.21493164050874808,0.3499817232086858,U8,MN8014,17.549596278668744,4.009970072068944,WPG,SSPG,0.13003733647661447,0.33925168456304156,0.20004654747181785,-1.1283073885619177,1,-1.6936617370622837,999.8,0.5,40.4
0.21493320587196987,0.34998082429140054,U8,MN8014,17.549974769170085,4.010052509687152,WPG,SSPG,0.13004230478555995,0.33925069887545556,0.20004701144128564,-1.1283044261160295,2,-1.6936694754280062,999.8,0.5,40.4
0.21493042047487068,0.34998131641875146,U8,MN8014,17.54977856379471,4.01003139334356,WPG,SSPG,0.1300421904328397,0.33924782166269873,0.2000468987905576,-1.1282724249672238,7,-1.693684439613504,999.8,0.5,40.4
0.21492895087256825,0.34998128317459565,U8,MN8014,17.549836792518875,4.010015903275762,WPG,SSPG,0.1300331723091786,0.33924508045907686,0.20004770798624757,-1.1282399195319512,2,-1.693695799277279,999.8,0.5,40.4
0.21493479218421055,0.34998166117118756,U8,MN8014,17.549727961289374,4.0099670862155055,WPG,SSPG,0.130041744491109,0.33925316727907706,0.20004533590009632,-1.128337192843288,0,-1.6936754499188371,999.8,0.5,40.4
0.21493127603900503,0.3499808915838755,U8,MN8014,17.549874353205695,4.010031930457056,WPG,SSPG,0.13003260872240252,0.33924611417571854,0.20004520192806663,-1.1282802541906511,2,-1.693722772572416,999.8,0.5,40.4
0.21493153290465564,0.34998171929677807,U8,MN8014,17.549519684123368,4.009960848996418,WPG,SSPG,0.130024203325376,0.339249396739246,0.2000450704513207,-1.1283037356508818,1,-1.6937301471250397,999.8,0.5,40.4
0.21492905962869802,0.34998171861569194,U8,MN8014,17.549411478525002,4.009995777768077,WPG,SSPG,0.13002474856234475,0.3392465262326091,0.20004509111264462,-1.128271125276027,0,-1.6937343122836417,999.8,0.5,40.4
0.21492766628381352,0.34998136388764484,U8,MN8014,17.549785564026884,4.010029935951812,WPG,SSPG,0.13002061546922888,0.3392395595882461,0.20004601230343697,-1.1282044649199388,2,-1.6937650400760589,999.8,0.5,40.4
0.2149299132525461,0.34998159231256504,U8,MN8014,17.549436864285884,4.010061129164705,WPG,SSPG,0.1300200745596963,0.3392469995030417,0.20004445892703157,-1.1282814663381648,7,-1.6937232536070645,999.8,0.5,40.4
0.21492529521296339,0.3499815566193763,U8,MN8014,17.54962239546881,4.010055952704485,WPG,SSPG,0.13001678229936287,0.3392365806954339,0.20004436568539646,-1.1281882284092521,4,-1.6937605829824847,999.8,0.5,40.4
0.21492249065982258,0.34998161774164604,U8,MN8014,17.549578984306628,4.010086976122189,WPG,SSPG,0.13001306300483362,0.3392318079351974,0.20004420973364972,-1.1281430932553536,2,-1.6937853438246364,999.8,0.5,40.4
0.2149212069742708,0.3499816609979467,U8,MN8014,17.549862136314132,4.010151310696433,WPG,SSPG,0.1300182959245574,0.3392279351077947,0.2000446458967936,-1.1281147247190595,5,-1.6937961660076635,999.8,0.5,40.4
0.21492266806123173,0.3499814293402434,U8,MN8014,17.549631293522054,4.010098247619976,WPG,SSPG,0.13001546797207292,0.33923447039733184,0.2000455624078855,-1.1281591928814667,1,-1.6937630573282565,999.8,0.5,40.4
0.21492157009410595,0.3499812825864356,U8,MN8014,17.549519900084007,4.010152490023956,WPG,SSPG,0.13001109484415113,0.339233809238078,0.20004617976717287,-1.1281413103347453,4,-1.6937733533381198,999.8,0.5,40.4
0.21492307515824707,0.34998096857435684,U8,MN8014,17.5495899335898,4.010194889041208,WPG,SSPG,0.13000276878640843,0.33923393144265035,0.2000445928472323,-1.1281629367170265,0,-1.6937857558488627,999.8,0.5,40.4
0.21492011316156281,0.3499811108272033,U8,MN8014,17.54985253518916,4.010202758191769,WPG,SSPG,0.1299987731966805,0.3392247454016246,0.2000432047307774,-1.1280991657732282,2,-1.6938106854118224,999.8,0.5,40.4
0.21491723713285754,0.3499811484006732,U8,MN8014,17.549735538596536,4.010191814267825,WPG,SSPG,0.12999695626623234,0.33922294827172406,0.20004454685206344,-1.1280643191673128,6,-1.6938087889975915,999.8,0.5,40.4
0.21491616601970334,0.3499823667060684,U8,MN8014,17.549789524370123,4.010144712954849,WPG,SSPG,0.12999733986577486,0.33921813936012085,0.20004458436328498,-1.1280205222653927,5,-1.6938520454848849,999.8,0.5,40.4
0.21491519902730838,0.3499818326137354,U8,MN8014,17.5494336045169,4.0101530340582,WPG,SSPG,0.12999104679779222,0.33922115342053577,0.2000449461398277,-1.1280338709547864,6,-1.693852889406278,999.8,0.5,40.4
0.21491335926768954,0.34998110951036504,U8,MN8014,17.5498544845468,4.0102673338480335,WPG,SSPG,0.12998426454393897,0.3392107723485279,0.2000432690218477,-1.1279639903258052,7,-1.6939012326183462,999.8,0.5,40.4
0.21491628794743062,0.34998116604834373,U8,MN8014,17.549687936213594,4.010231076484229,WPG,SSPG,0.12998086154182156,0.33921617394292297,0.2000419169492789,-1.128023643720939,7,-1.6938814493967254,999.8,0.5,40.4
0.21491807778168837,0.34998108251867166,U8,MN8014,17.549912708328634,4.010194920327016,WPG,SSPG,0.12998064692161843,0.33921495585769923,0.20004183770295508,-1.128019030272987,4,-1.693909107184945,999.8,0.5,40.4
0.21491406816931144,0.34998121514690644,U8,MN8014,17.54923794936773,4.010302602925502,WPG,SSPG,0.12996683258627584,0.33921863872988217,0.20004285254880697,-1.128022273873691,1,-1.693864388916115,999.8,0.5,40.4
0.2149219642472733,0.34998211337284346,U8,MN8014,17.548967507986717,4.010132025097948,WPG,SSPG,0.12998570406769688,0.3392352530507578,0.20004141714801157,-1.128188808650194,3,-1.6937788974542887,999.8,0.5,40.4
0.21491455413863472,0.34998127116252886,U8,MN8014,17.549682513391765,4.010167611303778,WPG,SSPG,0.1299733360273448,0.33921267716070014,0.2000429919436426,-1.127978883886617,6,-1.6939212740433387,999.8,0.5,40.4
0.21492006538361252,0.349981546360733,U8,MN8014,17.549732259206124,4.010182467308443,WPG,SSPG,0.12997916375018126,0.33921962845578624,0.20004096667514423,-1.128067157253552,4,-1.6938839646941624,999.8,0.5,40.4
0.21491668521839735,0.3499806012637464,U8,MN8014,17.549916258832155,4.010177268954035,WPG,SSPG,0.1299754206208351,0.3392134907840124,0.20004293948696,-1.1279935057680412,0,-1.693923480002205,999.8,0.5,40.4
0.2149156034288877,0.34998111287975464,U8,MN8014,17.54971506426557,4.010171316635528,WPG,SSPG,0.12997170201472746,0.33921550840705983,0.20004378148194543,-1.1279993776314663,7,-1.6939012040414951,999.8,0.5,40.4
0.21491871828620637,0.34998070506913737,U8,MN8014,17.549747266460493,4.010181048850677,WPG,SSPG,0.12997925521023485,0.33922235267880435,0.20004418795444046,-1.128062799588961,1,-1.693864510635505,999.8,0.5,40.4
0.2149118275994057,0.3499809697045287,U8,MN8014,17.549733500279807,4.010271253043663,WPG,SSPG,0.1299590365492015,0.3392079222023861,0.20004349146721567,-1.1279331613100212,2,-1.6939551930962704,999.8,0.5,40.4
0.214916351884653,0.3499810455199513,U8,MN8014,17.549789286446575,4.010265292442738,WPG,SSPG,0.12996946218329192,0.3392154378376295,0.20004301163376817,-1.1280111033307476,3,-1.693906835810191,999.8,0.5,40.4
0.2149118277423002,0.3499807509873215,U8,MN8014,17.549775627854757,4.010280512020011,WPG,SSPG,0.1299602231035409,0.3392094865700468,0.20004512060403773,-1.127927923639295,7,-1.6939143119579736,999.8,0.5,40.4
0.2149124733767431,0.34998142289072154,U8,MN8014,17.549359409934794,4.01028384184361,WPG,SSPG,0.12994752538903187,0.339212967859679,0.20004369488641874,-1.1279623619576864,7,-1.6939071304712598,999.8,0.5,40.4
0.21491519236451725,0.3499812817019168,U8,MN8014,17.549596942342603,4.010250239699316,WPG,SSPG,0.1299704541969275,0.3392165298238019,0.20004312788557355,-1.1280142090205436,1,-1.6938877557060437,999.8,0.5,40.4
0.2149155323155223,0.3499813590184675,U8,MN8014,17.54951506466595,4.010261481922895,WPG,SSPG,0.12996661862331363,0.3392195389207675,0.20004400224307836,-1.1280344472419628,7,-1.6938793778446222,999.8,0.5,40.4
0.21491282467848327,0.34998142834736945,U8,MN8014,17.549889406509667,4.010296561563737,WPG,SSPG,0.12995997407207374,0.3392084782254486,0.20004426841077572,-1.1279364281274595,2,-1.6939456561397996,999.8,0.5,40.4
0.21490841730109347,0.3499814934350406,U8,MN8014,17.549884013755083,4.010365651617224,WPG,SSPG,0.12995116929260161,0.3392010292160774,0.2000443700908124,-1.1278645138346515,4,-1.6939718507847221,999.8,0.5,40.4
0.21491082728657473,0.34998195194677334,U8,MN8014,17.549440551102503,4.010297181437254,WPG,SSPG,0.1299449652995286,0.3392100018218648,0.2000437201846425,-1.1279433097377796,4,-1.693928859724947,999.8,0.5,40.4
0.21491130896922672,0.3499814649509441,U8,MN8014,17.549311422275295,4.010310932511857,WPG,SSPG,0.12994077511792512,0.3392095930224778,0.20004286513698608,-1.1279391602203475,3,-1.6939525424771684,999.8,0.5,40.4
0.21491095509679936,0.34998134914374096,U8,MN8014,17.549659951595252,4.010367965599826,WPG,SSPG,0.1299438893333139,0.3392070543222054,0.20004379346117504,-1.127919039821169,4,-1.6939481807084817,999.8,0.5,40.4
0.21491024059450436,0.3499811942734786,U8,MN8014,17.5494986364112,4.01035394592731,WPG,SSPG,0.12994298412143357,0.33920617647256573,0.2000427445456428,-1.1279156184607821,0,-1.6939661907202055,999.8,0.5,40.4
0.21490815296456334,0.34998105477548935,U8,MN8014,17.5493385701739,4.010390628569071,WPG,SSPG,0.12994294923454228,0.3392054869698575,0.2000435604507318,-1.127894472746491,7,-1.693965929109119,999.8,0.5,40.4
0.2149049554566321,0.3499808832035072,U8,MN8014,17.549563295572028,4.0104079372660575,WPG,SSPG,0.12994016152696902,0.33919849468887747,0.2000443464944417,-1.1278285468721978,0,-1.6939939953157985,999.8,0.5,40.4
0.2149070827903088,0.3499807952328599,U8,MN8014,17.5496730654616,4.010401837282969,WPG,SSPG,0.12994052901278064,0.33920033915249204,0.20004350789090672,-1.1278599143598185,5,-1.6939894956794799,999.8,0.5,40.4
0.2149075704916638,0.3499810531857333,U8,MN8014,17.549595887533656,4.0104147405109085,WPG,SSPG,0.12993851150785607,0.3392017852500169,0.2000426921357088,-1.127879112020021,5,-1.6939636214423626,999.8,0.5,40.4
0.2149080936914199,0.3499806065633709,U8,MN8014,17.5498307285477,4.010449170928295,WPG,SSPG,0.12994357317506994,0.3391998825596585,0.20004274193286586,-1.1278665295209578,6,-1.6939732118147788,999.8,0.5,40.4
0.2149065032523051,0.34998097234881376,U8,MN8014,17.54962677135701,4.010442498610746,WPG,SSPG,0.1299464802382912,0.33920117845818515,0.20004399895017813,-1.1278618638771298,0,-1.6939734869039658,999.8,0.5,40.4
0.21490368768274037,0.3499808603643684,U8,MN8014,17.549823044778627,4.01049853785843,WPG,SSPG,0.12994340313292724,0.3391953971398501,0.20004537596381683,-1.1277995449986984,2,-1.6939970872096772,999.8,0.5,40.4
0.2149064046378836,0.34998047389128417,U8,MN8014,17.54991230371096,4.010455824273459,WPG,SSPG,0.1299391238689137,0.339196615789647,0.20004386919613182,-1.1278288813337836,2,-1.6940110652095477,999.8,0.5,40.4
0.21490698424915822,0.3499811506608949,U8,MN8014,17.54985934305759,4.010420716500193,WPG,SSPG,0.1299369847529502,0.33919793999305214,0.2000440614466214,-1.127838851400598,1,-1.6940048016573357,999.8,0.5,40.4
0.21490580392310488,0.3499809744504785,U8,MN8014,17.549957065231638,4.010460555003459,WPG,SSPG,0.12994584886098332,0.3391960024719572,0.20004390127164165,-1.1278268640990121,2,-1.6940031130723217,999.8,0.5,40.4
0.2149015988832246,0.3499813479055931,U8,MN8014,17.549878871457267,4.010510253905202,WPG,SSPG,0.12993776130275564,0.33918825589968454,0.2000429369673953,-1.1277600560502514,6,-1.6940305612088657,999.8,0.5,40.4
0.21490206906506087,0.3499814921903981,U8,MN8014,17.549897846827673,4.010522147806932,WPG,SSPG,0.12993726015219373,0.33918804560208005,0.20004284855538196,-1.1277593673970925,7,-1.694040579441488,999.8,0.5,40.4
0.21490078940307764,0.3499814520514638,U8,MN8014,17.549890554144085,4.010505844722516,WPG,SSPG,0.12994150564074686,0.33918668350742487,0.20004330664316097,-1.1277400647141576,6,-1.69403600446452,999.8,0.5,40.4
0.21490041260892961,0.34998122138309334,U8,MN8014,17.549977571512834,4.010543213404219,WPG,SSPG,0.1299333508625813,0.3391833920063042,0.20004214276961144,-1.1277240875041332,5,-1.694061010823157,999.8,0.5,40.4
0.21490147898199174,0.34998145256732827,U8,MN8014,17.54989903179354,4.010495187814559,WPG,SSPG,0.12993121422689785,0.33918598928538785,0.20004213887524339,-1.1277454341490682,0,-1.6940419810551468,999.8,0.5,40.4
0.21490090425661018,0.34998114811975367,U8,MN8014,17.549971280797905,4.010546209909284,WPG,SSPG,0.12992897975015882,0.3391852743381781,0.20004263391474394,-1.1277361126918,4,-1.6940372025411072,999.8,0.5,40.4
0.2149008614334828,0.34998106626163406,U8,MN8014,17.549807631127486,4.010526769627377,WPG,SSPG,0.1299321318591043,0.33918715759322504,0.20004290892190044,-1.1277438744285848,4,-1.6940299457957906,999.8,0.5,40.4
0.2149014899291299,0.3499807342736387,U8,MN8014,17.549970650821347,4.010534772004291,WPG,SSPG,0.1299332264070644,0.3391857003260739,0.20004255248402417,-1.1277406833600745,4,-1.6940579322108977,999.8,0.5,40.4
0.2148989104617559,0.349981013356235,U8,MN8014,17.549900986028483,4.010574355966151,WPG,SSPG,0.12992389925633507,0.33918131778261545,0.2000422884254612,-1.1276985394979027,5,-1.694069504936083,999.8,0.5,40.4
0.21490003103832384,0.3499808774327663,U8,MN8014,17.54997951026437,4.010572460413352,WPG,SSPG,0.12993253764055654,0.33918411056580283,0.20004258691446622,-1.1277263945249532,6,-1.6940454027895466,999.8,0.5,40.4
0.21489951037108418,0.34998093404002745,U8,MN8014,17.549972189159796,4.010587770211448,WPG,SSPG,0.12993319972158107,0.3391829268879771,0.20004185015874912,-1.1277220637079526,1,-1.6940399524166612,999.8,0.5,40.4
0.21489821416471064,0.34998082769146366,U8,MN8014,17.549988747236085,4.010602201206544,WPG,SSPG,0.12993062961038043,0.3391807151794927,0.20004213135956378,-1.1276996006823272,4,-1.6940571019393609,999.8,0.5,40.4
0.21489833071314435,0.3499809553460145,U8,MN8014,17.549964725217798,4.010589381631823,WPG,SSPG,0.12992345494221885,0.33917994321954265,0.20004172747531299,-1.1276959090244334,2,-1.6940719874039782,999.8,0.5,40.4
0.21489864389388152,0.3499809836219342,U8,MN8014,17.5499425103065,4.010598872185836,WPG,SSPG,0.1299224015261552,0.3391801083443975,0.2000411924721907,-1.1277030312261147,0,-1.6940773972330128,999.8,0.5,40.4
0.21489555284372588,0.3499812113232221,U8,MN8014,17.549917960691587,4.010625765576178,WPG,SSPG,0.1299163427790203,0.3391749002675308,0.2000409956864902,-1.1276556414310834,4,-1.6940959389719161,999.8,0.5,40.4
0.2148933931867112,0.3499815695563113,U8,MN8014,17.549822439730526,4.0106440925296996,WPG,SSPG,0.1299084869304482,0.3391717672961268,0.200040839805423,-1.1276252817925232,6,-1.6941109598471566,999.8,0.5,40.4
0.2148890137429288,0.3499815285222808,U8,MN8014,17.549832561166944,4.01069046493719,WPG,SSPG,0.1299057640095656,0.33916420696497734,0.20004060258517115,-1.1275562504185754,3,-1.6941366956609798,999.8,0.5,40.4
0.21489085577128625,0.349981162118018,U8,MN8014,17.54982943569871,4.010717954813698,WPG,SSPG,0.1299084539620199,0.33916795713281794,0.2000407170292001,-1.12758984338934,1,-1.6941174941499106,999.8,0.5,40.4
0.21489370894108267,0.34998102391076513,U8,MN8014,17.549811275216626,4.010654596756411,WPG,SSPG,0.12991246776564125,0.33917251880389804,0.2000406749111869,-1.1276309067224424,3,-1.6941018054184465,999.8,0.5,40.4
0.21489105925488566,0.3499809346241978,U8,MN8014,17.549997026481947,4.010741261313334,WPG,SSPG,0.12990669893202555,0.3391649609333559,0.20003944313815009,-1.1275777721322886,4,-1.6941200694759964,999.8,0.5,40.4
0.21489017495535728,0.34998104728646906,U8,MN8014,17.549941618744054,4.010753549767195,WPG,SSPG,0.1299050804035703,0.3391630463705307,0.20003961042572957,-1.127556601585125,6,-1.6941547545752424,999.8,0.5,40.4
0.2148877582750712,0.3499813190183315,U8,MN8014,17.54969952622237,4.010754741928468,WPG,SSPG,0.12989157736250545,0.3391615725897518,0.2000401741294455,-1.1275293940830304,4,-1.6941677671570794,999.8,0.5,40.4
0.21489203248977773,0.34998107140015766,U8,MN8014,17.549780462801156,4.010733830705194,WPG,SSPG,0.12989975669168374,0.3391685566906212,0.20004022916151307,-1.1275989273831375,7,-1.6941431523997963,999.8,0.5,40.4
0.21489249990119905,0.3499814606886629,U8,MN8014,17.549913765904716,4.010686707230265,WPG,SSPG,0.12990531241962883,0.33916662931980507,0.20003960921526887,-1.127590355211529,4,-1.6941486856280719,999.8,0.5,40.4
0.21489154646174233,0.34998108188922794,U8,MN8014,17.549916777370658,4.010714140883632,WPG,SSPG,0.1299010122004171,0.3391656314793199,0.20004045860031597,-1.1275720147364936,4,-1.694161063890597,999.8,0.5,40.4
0.2148923313477478,0.34998109819541756,U8,MN8014,17.549790901585446,4.0106880803362275,WPG,SSPG,0.12990266231137954,0.339168378998022,0.20003974126126026,-1.1276010580107616,7,-1.6941375363215752,999.8,0.5,40.4
0.2148939851537989,0.34998078099700436,U8,MN8014,17.549858440213214,4.0106962260712615,WPG,SSPG,0.1299000572672191,0.33917008425305284,0.20003970667335397,-1.12761877110578,7,-1.6941341343577427,999.8,0.5,40.4
0.21489314550214353,0.34998076527326316,U8,MN8014,17.549882227455875,4.010740056190268,WPG,SSPG,0.1299025688317518,0.33916780025505855,0.20003897139025353,-1.1276052662626996,3,-1.6941418416920744,999.8,0.5,40.4
0.21488836550546206,0.349980864766033,U8,MN8014,17.54982586639281,4.0107855483200865,WPG,SSPG,0.12989049639773387,0.33915936241079064,0.20003841132542882,-1.1275304380574833,2,-1.6941845618714027,999.8,0.5,40.4
0.21488940575937857,0.34998076787444776,U8,MN8014,17.54996446204784,4.010801808980659,WPG,SSPG,0.12990097501915093,0.3391611711621986,0.20003904186734767,-1.1275456927864667,2,-1.6941624881196997,999.8,0.5,40.4
