thigh_length,calf_length,motor_left_name,motor_right_name,gear_left_ratio,gear_right_ratio,gearbox_left,gearbox_right,torso_distance,ik_height,ori_l,ori_theta,best_index,best_cost,ac1,ac2,ac3
0.25882454973770086,0.24338257151051917,U12,MN8014,10.393978896498862,9.30724910923985,CPG,CPG,0.12430789885319597,0.342437148848744,0.4612513725002639,0.497160665870624,0,0.146190944513153,436.7,4.8,28.6
0.2400247597235342,0.2384683704873432,U12,MN8014,9.3676930843685,7.318880678973156,CPG,SSPG,0.1320861064353181,0.3775261900998252,0.290992720694567,-0.2328720734517098,0,1000000.0,488.7,3.9,33.9
0.2621370721034713,0.24717805674696486,U10,MN8014,6.541268976649997,8.018122297829455,CPG,CPG,0.1194685317021096,0.3733158229240089,0.20666627159850556,-0.6023035527754697,0,0.5966517861359169,569.4,4.9,26.4
0.231651392429925,0.25705473826832,U10,MN8014,6.899288937997018,8.111010486981455,CPG,CPG,0.12068700975159868,0.37992091160615205,0.20094452000599033,-0.6260329987695102,2,0.08465907983369725,551.6,3.4,35.3
0.2325592376191487,0.2711929218070145,U10,MN8014,9.662368315003135,8.843479767403837,CPG,CPG,0.12311713883710464,0.43263377586646967,0.20567192170351842,-0.3247255607657695,2,1.2167665340666447,505.7,2.9,34.2
0.23742772291095898,0.2711525536162953,U10,MN8014,8.94712938608728,6.351626782240601,CPG,CPG,0.11302179632171847,0.42991243797840306,0.2459857973187717,-0.5985567552978182,1,0.0666486375682469,458.8,1.1,32.6
0.2324549579417215,0.2936613988669185,U10,MN8014,6.87247461626466,6.637319038053928,CPG,CPG,0.13009815923456997,0.389676165150217,0.25970700828441906,-0.6435896821450041,6,0.16078549638284834,515.1,2.2,32.6
0.2317069168313323,0.30787770358478617,U8,MN8014,6.19773496734304,7.411199139913585,CPG,CPG,0.11737517547332622,0.37972034369330776,0.235213583742221,-0.5258897618148206,0,-0.3675012377360263,525.2,2.4,33.6
0.2126530404337074,0.3036363890474172,U8,MN8014,9.169559257555377,6.395889271138612,CPG,CPG,0.1204888088574756,0.3653524688772597,0.2074358961862557,-0.7761894675582668,6,-0.5795388216810275,592.5,1.5,32.1
0.19880764068545667,0.32171093914485427,U12,MN8014,13.71059712761965,6.4608654697830925,CPG,CPG,0.10875513335547105,0.3578664008770853,0.20004239323629677,-0.9274514388262216,5,1.05473021536777,665.4,0.6,32.2
0.23411507833543235,0.29456752174972567,U10,MN8014,16.212873313382808,7.413998564346608,WPG,CPG,0.11363636907123646,0.378526340687901,0.27642304991741407,-1.0101320636133648,4,1.1577151369938825,560.1,0.3,33.2
0.22209985580652916,0.29720583037403303,U10,VT8020,11.042456222906312,7.455002635282959,CPG,CPG,0.10882424824364431,0.37563900151104074,0.20994898541015136,-0.4877364931360979,7,0.3319405571408982,542.5,0.1,38.3
0.23612542728780045,0.33081632031813235,U8,VT8020,14.848060596576849,6.825518722935945,CPG,CPG,0.12714295365660683,0.3739956464946117,0.22383395437513662,-0.5745830571317125,3,0.4656259653943735,589.4,0.3,30.0
0.22276552665250335,0.3389674879983486,U8,MN8014,13.140570519879205,7.161060780136259,CPG,SSPG,0.12347856201128533,0.35788645742533104,0.2780540539354695,-1.005241708040514,0,0.9940266209346489,601.6,1.4,37.7
0.24161570152361,0.33372897795039325,U8,MN8014,12.907635426470053,5.732648383096266,CPG,SSPG,0.12015197403559917,0.3655638180716078,0.20316288522476406,-0.7889452378641256,3,-0.8408517253924268,596.4,0.6,39.4
0.22797975747287616,0.29863444873394596,U8,MN8014,13.257465471567286,4.761594822079361,CPG,SSPG,0.11972764229228537,0.3920803207639937,0.2404730882813051,-0.5454930854993825,1,-0.5100103085037455,589.5,0.5,36.6
0.23607149254057103,0.30316190074706884,U10,U12,10.944702456673523,7.891516870066432,CPG,CPG,0.12931266569030114,0.3798418116637634,0.5661363740781815,-0.21617913581086867,6,0.4489728752777027,639.8,1.9,38.5
0.21634292953375822,0.34144431191169455,U8,U12,9.720335159670348,9.146560761128633,CPG,CPG,0.13439762656977278,0.39831937431205683,0.5478985727772847,-0.04778273669699229,2,-0.1045887471037591,557.3,0.4,35.4
0.24004345514667147,0.3020139239887297,U8,MN8014,11.63197881146817,5.817393936542561,CPG,SSPG,0.13778222119250824,0.3982901977212301,0.3220734980648692,-0.9877024612183242,7,0.7781732931372893,558.9,1.1,33.3
0.25850307163176617,0.29556732033214994,U8,MN8014,11.807791286332517,6.58254724984327,CPG,CPG,0.12248001736959323,0.41058699765242523,0.228021504590149,-1.024256499388788,7,0.11876117851678636,483.3,1.2,35.2
0.25921158537219385,0.2965882572693479,U8,MN8014,12.2932612173898,5.679255308913018,CPG,SSPG,0.13663520190429185,0.38101647544216977,0.20048129736421158,-0.9617891319089009,4,-0.1430256032212638,481.2,1.0,32.5
0.2589024440908717,0.2964610988278633,U10,MN8014,13.156489313323167,6.541980028001522,CPG,CPG,0.12935249168491209,0.3951956942795666,0.214471143270614,-0.9956518718824127,2,0.40208193826565264,483.5,0.9,31.1
0.25391694641168006,0.3022546840957219,U8,MN8014,13.667810093619238,6.273444513571183,CPG,SSPG,0.1251110080599552,0.39657730758756793,0.2136774048194961,-0.5959481083791105,6,-0.3739418604125868,467.0,2.4,30.8
0.25469663404974197,0.3034193257072899,U8,MN8014,13.25778536860555,7.064451780388879,CPG,CPG,0.12398996688631353,0.372229964210232,0.23975099581425413,-0.44350198709952626,5,-0.04800446672185554,568.8,2.7,29.6
0.25464040006217414,0.28545500605722174,U8,MN8014,13.98989154704309,7.523219523819346,CPG,CPG,0.12596833190025608,0.3794176602511122,0.20075069596707518,-0.7869941043631782,3,-0.3219411047704295,500.4,2.0,28.8
0.23199784259242454,0.29004577356517214,U8,MN8014,11.157385292647222,7.192468279483846,CPG,SSPG,0.12283027834432378,0.395628448448749,0.2369097020249188,-0.741592760277054,2,-0.4397395605988974,522.4,1.4,35.4
0.2513525509139617,0.31411024244451746,U8,MN8014,11.369634784866427,7.942640033688504,CPG,CPG,0.130225968065871,0.36741304235397887,0.20131639313147348,-0.7408685166146497,7,-0.4377130080923024,536.1,1.6,35.4
0.23561163004920732,0.3158285753800806,U8,MN8014,11.902686803615637,7.546741413193061,CPG,CPG,0.1226176586464977,0.3816727509812391,0.2169035839597754,-0.77143332499903,7,-0.5783053275221546,566.2,1.0,33.1
0.2343410762078977,0.3083438890320993,U8,MN8014,10.750419590316124,8.875344269384513,CPG,CPG,0.12913015665522504,0.38988899976440333,0.22020427899790232,-0.7072614037335642,4,-0.39351582056515966,516.2,1.3,35.5
0.2327788161331635,0.3046581849465552,U8,MN8014,11.972145591884665,6.684248854978532,CPG,CPG,0.12190194670025803,0.36568557345662916,0.20003401003451501,-0.6672314075593987,5,-0.4896543217571008,602.6,1.8,32.0
0.23769474526686568,0.2973690368208016,U8,MN8014,10.83648889241629,7.806699689042999,CPG,CPG,0.11690635256046095,0.366351034371688,0.20767757951443938,-0.8123994592712619,7,-0.43349239391765426,540.7,1.2,31.4
0.24192569776252718,0.30652389683815806,U8,MN8014,10.010162598342681,6.8107559485338225,CPG,CPG,0.11802857001361984,0.3561026654091953,0.2177006505627819,-0.6773449121950917,5,-0.5134961830465139,565.2,0.5,33.5
0.22405483463146372,0.309829750403263,U8,MN8014,10.46746154785934,6.979233148695414,CPG,SSPG,0.12432939269732869,0.366317085290782,0.22755339930442356,-0.5964732954786609,3,-0.6107803902549467,560.6,0.8,29.7
0.20258602760454875,0.3067367555364825,U8,MN8014,9.308780111566376,8.169694011537548,CPG,CPG,0.12425851402307729,0.35283505196208487,0.2243761542898744,-0.6753993649652443,0,-0.5662038412024479,584.6,1.2,32.9
0.2106080980970147,0.30546578054468676,U8,MN8014,8.741812019736429,7.780454248673438,CPG,CPG,0.12013499105118547,0.37448215940127383,0.20211581082924446,-0.7421112022522632,7,-0.5231321989093596,604.5,0.7,33.9
0.21933039000082324,0.30657488736082217,U8,MN8014,8.89873388467388,7.041728631164222,CPG,SSPG,0.12946375592256493,0.36507147192314504,0.21723016913737292,-0.5762283111530256,0,-0.5530681046575614,595.8,0.3,33.5
0.2178011998100884,0.31206003120335873,U8,MN8014,9.04737436438942,7.1349566601406185,CPG,CPG,0.13028681896481092,0.35385572132446486,0.21157112519446375,-0.7636252327806359,0,-0.7531943949651714,672.7,0.1,33.7
0.210272850336234,0.30870665427396327,U8,MN8014,9.302077802523748,6.626283914065409,CPG,CPG,0.1296218377854495,0.36727755791290023,0.2126377051420221,-0.8121610465475787,1,-0.7613550285455748,594.2,0.2,32.4
0.20407735116781184,0.3192886337577987,U8,MN8014,8.782345988088343,7.205484154537581,CPG,SSPG,0.1340653653065494,0.37107125200011115,0.2185612334682373,-0.8469313623533561,5,-0.7253334207581608,661.5,0.0,36.1
0.20623162492785194,0.31682230691503954,U8,MN8014,8.828804124782778,6.087964273166488,CPG,SSPG,0.13047036678170626,0.3883818827592074,0.2143013858444882,-0.8863839833028109,0,-0.7064844572001361,633.1,0.1,35.9
0.20104989684113783,0.3170506708698716,U8,MN8014,9.035051664384433,6.281585040200367,CPG,SSPG,0.13679650196388377,0.3824780528357719,0.20098701043083853,-1.0428929377887217,1,-0.6884921078864412,671.2,0.4,37.4
0.209729115899139,0.3168724826515143,U8,MN8014,10.712288567978156,6.005949549592634,CPG,SSPG,0.12617150666136007,0.3808555024828194,0.20033931436688435,-1.0197062837993771,7,-0.7947928842719003,621.0,0.1,34.2
0.1971219954249669,0.32307554737139177,U8,MN8014,8.96545539663477,5.487872098771938,CPG,SSPG,0.12374026477334778,0.37200913482545234,0.2008195046227534,-1.0728478361366438,7,-0.7150237079386832,697.3,0.0,36.2
0.19505315735596698,0.31516445996100306,U8,MN8014,9.006659818582943,5.2526340513006415,CPG,CPG,0.12561667190729475,0.362078770524578,0.20902142365889173,-0.8018978304226949,5,-0.8504215870894152,661.8,0.1,35.0
0.19234382667162078,0.3199055423667785,U8,MN8014,8.783093094931079,4.157822363516656,CPG,SSPG,0.13184479627560097,0.38456972683887847,0.23366555440043912,-0.7683052503689419,1,-0.7162372212176455,725.2,0.3,38.4
0.19622073736219267,0.3156127174772815,U8,MN8014,8.913220781791328,4.099279444082976,CPG,SSPG,0.12169662299043348,0.3729668429162428,0.20416446259486884,-0.9206777775445526,7,-0.7561664507336827,708.3,0.2,37.1
0.20555502518714622,0.31008617439156144,U8,MN8014,9.06118978671477,4.26113293443346,CPG,CPG,0.12347395707980725,0.37186857200931256,0.20052400553897623,-0.8859673965416441,0,-0.738509310451227,631.6,0.4,37.7
0.21350354112889786,0.3300079507225254,U8,MN8014,9.101545591307781,4.194310063713395,CPG,SSPG,0.12269510778991179,0.39474452133349064,0.2299017610025543,-0.9008132233840428,1,-0.7562378070525488,648.6,0.2,38.3
0.22283429754693268,0.3163662343923992,U8,MN8014,10.486210296829327,4.3230079469744895,CPG,CPG,0.12162389559811113,0.3904644592126846,0.202583164400323,-0.9804055024654444,6,-0.7717989151464018,673.7,0.8,39.0
0.22467212485957794,0.3138735356165029,U8,MN8014,10.153189255417606,4.000008735413721,CPG,SSPG,0.11877741723486954,0.3766982250720301,0.2032452203696071,-0.9064422517400214,1,-0.8064314172496267,662.6,0.8,37.0
0.21086459457711063,0.3141426830151391,U8,MN8014,8.887299869664119,4.260877876947399,CPG,CPG,0.11651185522513877,0.3809296038264933,0.2001227436662715,-0.8643064544160807,1,-0.780250515634207,621.1,0.9,36.0
0.22114096582012455,0.31274447546757767,U8,MN8014,9.954675108045159,4.117090824097938,CPG,SSPG,0.10848454592111462,0.3794220630530675,0.2018835987143773,-0.9331718781609055,7,-0.771519532543226,603.4,0.9,36.8
0.22273134710855688,0.31990385063227417,U8,MN8014,9.573011414714351,4.417072247927936,CPG,SSPG,0.10857419319470354,0.37429822139436686,0.20252260374209546,-0.8957115292356385,6,-0.8277072849849123,639.2,0.4,36.6
0.21268182089196416,0.29741465996641886,U8,MN8014,9.991250154724705,4.937851093000187,CPG,CPG,0.10537503147511873,0.37023668161913115,0.20392908591456077,-0.9180385570421754,1,-0.8002511754710051,617.6,0.6,34.3
0.22305423894152926,0.30819452445774376,U8,MN8014,9.96626754834794,4.229009112454244,CPG,SSPG,0.11341839404864149,0.3709031969382157,0.2021912235992968,-0.9115951316239187,2,-0.8854497289128371,630.0,1.1,34.4
0.21327068775352218,0.30258075013255525,U8,MN8014,9.680410853728443,4.428318289449922,CPG,SSPG,0.11455539502481421,0.3578545583671112,0.20064670275585908,-0.7595060694286005,4,-0.9250197870468302,621.9,0.3,34.5
0.21053592661680745,0.3065942969447217,U8,MN8014,11.205678623766095,4.052184628404143,CPG,SSPG,0.11743311509811451,0.36210937795918524,0.21880092191249342,-0.8368228136051361,0,-0.928072593829449,696.0,0.2,34.1
0.21813517407256927,0.3044942400547298,U8,MN8014,11.244109890412684,4.18442132882947,CPG,SSPG,0.11278902668522724,0.36439327053112497,0.2000786209729365,-0.891155332636335,0,-0.9936629379343875,658.0,0.6,34.3
0.21295157252182356,0.30970582223056764,U8,MN8014,10.983512404352915,4.169848638530125,CPG,SSPG,0.11336832080120494,0.3787487110751181,0.20319858054040105,-0.9100979420325727,2,-0.9178332690566116,628.3,0.7,35.3
0.21612691991474636,0.3101034312025377,U8,MN8014,11.152339021589913,4.160107332996945,CPG,SSPG,0.1137250989517828,0.37706957060460883,0.20001482155473707,-0.907367104568999,2,-0.9416463136103843,645.2,0.7,35.5
0.21700333236389838,0.3102532438397756,U8,MN8014,10.955001504736547,4.017820519407229,CPG,SSPG,0.1130990207019084,0.3675522399577546,0.2013137660636449,-0.8214526194465379,4,-0.9481574239526092,647.2,0.9,36.0
0.21450970047801896,0.30488924762484926,U8,MN8014,11.40155811732306,4.013928100949028,CPG,SSPG,0.10843017086446664,0.3573852753702803,0.20472080989017377,-0.8025001163889732,1,-1.0441476550424102,681.9,0.9,36.1
0.21870650927204205,0.3089162043557152,U8,MN8014,11.456610995512246,4.025897812301394,CPG,SSPG,0.10778409624138349,0.352522123582411,0.20679731201394985,-0.8146979702862094,3,-0.9930746488152327,658.1,1.4,34.2
0.21088820194640837,0.3205243377145227,U8,MN8014,11.646579399214806,4.014621011448319,CPG,SSPG,0.11282645040422447,0.35164590357125014,0.20128315907217453,-0.8052698287694668,7,-1.046506546024637,697.5,1.3,37.0
0.2158693382880803,0.31155667311989244,U8,MN8014,12.88477230655172,4.016648623101199,CPG,SSPG,0.10486195140249435,0.34059840381491147,0.20049687977514316,-0.7720290423192862,4,-1.0618353671566654,685.7,0.8,34.7
0.21475769902948877,0.3171315072964562,U8,MN8014,12.920508960333779,4.376758608104701,CPG,SSPG,0.10128794112838138,0.3488132764006935,0.2008915480590395,-0.7776445075702721,6,-1.1271892095010463,716.1,1.7,38.2
0.2093206968169302,0.3112190239777288,U8,MN8014,13.406583494663055,5.109575942873231,CPG,SSPG,0.09592619552090811,0.3454087909113143,0.20156899181162918,-0.8066458169341499,3,-1.0662566241814346,734.6,2.5,37.9
0.2178347615127344,0.32017582122287186,U8,MN8014,12.67652738614326,4.999942804688202,CPG,SSPG,0.09786291912259996,0.3389432590807165,0.201854826448765,-0.7735015381365534,1,-1.084893381101078,741.5,1.7,36.9
0.21605806945881295,0.3214099173123902,U8,MN8014,13.145845936603564,5.335840295503999,CPG,CPG,0.0979677192853042,0.34313411262934657,0.2000015811551461,-0.8308443246136593,7,-1.0511974202977594,776.9,2.3,36.4
0.22393474958948978,0.3153424192845306,U8,MN8014,13.572067227181618,4.847901154607806,CPG,SSPG,0.09770088722140718,0.3529335021231998,0.21632942609693537,-0.7814535586415253,0,-0.9369555478225031,688.1,1.9,36.6
0.21513408511857163,0.313160806793632,U8,MN8014,13.820354203689162,4.757699941720372,CPG,SSPG,0.10399704332287987,0.3585240768522421,0.2002789619667705,-0.8334531072651175,5,-1.0350819623883023,721.7,2.9,36.8
0.2130206831876157,0.31737085545415883,U8,MN8014,13.952928448378227,6.063286676057992,CPG,SSPG,0.09994013970907087,0.3466073660682209,0.20702643097488108,-0.7899250860402398,2,-1.0180668051867077,731.6,2.9,37.5
0.1982641530230095,0.327562856993022,U8,MN8014,12.445773336590687,6.039978609207337,CPG,SSPG,0.09926409107692066,0.35697989949648334,0.20000300884020145,-0.8026383786940303,5,-1.0041214930918603,722.6,3.4,37.7
0.19791220697743322,0.32159411850734027,U8,MN8014,11.927367086604551,4.682783211198969,CPG,CPG,0.10129901323675153,0.3486997643712541,0.20005305514110447,-0.8111102409309547,0,-0.9150903825472145,713.4,3.1,36.3
0.18650235692511014,0.31701527407303803,U8,MN8014,11.95261489612168,4.979164977677684,CPG,SSPG,0.10238930041580528,0.34259980995553174,0.20246538359629285,-0.8041236567351739,3,-1.0296352299285756,758.7,3.0,39.2
0.19477213671129595,0.3335323970697423,U8,MN8014,12.002003067933359,5.123314945339453,CPG,SSPG,0.10177408812612608,0.344046741775298,0.2006720570827428,-0.9023059087234463,2,-0.9881825087204801,744.3,2.9,39.1
0.1920908097627509,0.334836227294922,U8,MN8014,12.656970739413515,5.728493433554246,CPG,SSPG,0.10270808760324396,0.3385938561451976,0.20505664635790333,-0.7695321994665519,4,-1.105717759704313,750.2,3.3,38.9
0.18090830724246115,0.32846293338907057,U8,MN8014,12.737412215036027,5.067690581726846,CPG,SSPG,0.10177337524018579,0.3496354758675264,0.20120583605118872,-0.8238311151830807,1,-1.0537660926305783,768.5,3.2,39.0
0.19550843956907654,0.32676344616128616,U8,MN8014,12.635959461125083,4.779884739723018,CPG,SSPG,0.10476971242231924,0.3547002117641629,0.2009773990916555,-0.8135180649872108,6,-1.0747227899763612,747.0,3.1,38.8
0.1838503841521624,0.3342036761621231,U8,MN8014,12.447849225717873,4.844958788931773,CPG,SSPG,0.1013835799190164,0.3507967435459553,0.2027391800159394,-0.8675641278629611,6,-1.124351953884977,747.3,2.9,38.4
0.19493491255939377,0.33070931003681003,U8,MN8014,12.99909602733994,4.609979285365621,CPG,SSPG,0.09853681559661384,0.35010312971076396,0.20081488512113924,-0.8771683416969945,4,-1.1292396365332937,732.0,2.7,38.4
0.19244144523635792,0.3329077176976835,U8,MN8014,12.036272815770934,4.347437196940751,CPG,CPG,0.09934836959132447,0.3473969243817538,0.2006394725644426,-0.864226583617881,6,-1.1212479956707844,737.1,2.7,39.1
0.19015377210219914,0.3404152500345666,U8,MN8014,13.008161551666293,4.805996000690715,CPG,SSPG,0.09765309101209027,0.3520264920087757,0.20280643768538062,-0.9180839773956193,4,-1.0770759664583682,750.0,2.9,38.5
0.19214417159483016,0.33929719242907525,U8,MN8014,12.977451719286274,5.1124647305917,CPG,SSPG,0.10098681123514545,0.35227610745028054,0.20080597690310376,-0.933952072763983,7,-1.093280124063229,774.9,3.4,38.6
0.19459173378835876,0.33518747864982706,U8,MN8014,12.48676701596045,4.563932888411222,CPG,SSPG,0.09984062139232935,0.3494257180854059,0.20746211265696365,-0.8854587624165301,2,-1.1222634234693318,748.9,2.8,38.3
0.19270451065764654,0.3368380422084017,U8,MN8014,12.02944759123328,5.112985072114886,CPG,SSPG,0.10138310555862862,0.3535378487577629,0.20703553364106764,-0.9151446446893929,2,-1.0962251306202688,753.9,2.8,38.5
0.18781905929565634,0.33737179482394325,U8,MN8014,12.274163274756145,5.473901543331876,CPG,SSPG,0.09881339880756101,0.34948013788418525,0.20314968359081317,-0.8892150105383344,5,-1.0597823024234518,780.9,3.2,39.7
0.19112562437107622,0.3341209036082682,U8,MN8014,12.539152308468873,5.428897053548663,CPG,SSPG,0.09754195306046569,0.3453022231053319,0.20483416351722447,-0.8829528521933571,0,-1.1293919206876044,784.5,3.0,39.4
0.19019015542898765,0.3343795718212954,U8,MN8014,11.860943591842606,4.917917823633182,CPG,CPG,0.10101386672934375,0.342985497638801,0.20169223777447381,-0.8386843135798266,1,-1.018165314803614,761.6,2.8,38.3
0.1840542640212955,0.33650805266647565,U8,MN8014,11.35849662115493,5.356658705289464,CPG,SSPG,0.09938475832033838,0.35034659633934284,0.2001598390618283,-0.8480026817335151,4,-1.0833066455449156,758.5,2.9,39.3
0.1916853068643481,0.34223824286524485,U8,MN8014,12.201279908012598,5.444131739699836,CPG,SSPG,0.09791833851500603,0.348452086999966,0.20085821984819882,-0.8840644698209349,0,-1.1331510548561097,768.2,3.2,38.5
0.1930083553899884,0.33624334479985185,U8,MN8014,12.31570269275965,5.543812745579589,CPG,SSPG,0.09774981474161465,0.34309681392859503,0.2000245414127934,-0.8513388990755871,0,-1.1253343975661405,766.4,2.8,38.0
0.19289886989493019,0.3420778602007697,U8,MN8014,12.520659016410454,5.734541455672809,CPG,SSPG,0.09914722090276648,0.35189684254091164,0.20024723981596163,-0.8507134837006659,3,-1.1183502370510823,760.8,2.7,38.0
0.19327830919992187,0.3408211903704561,U8,MN8014,12.722592780184653,5.205024323091189,CPG,SSPG,0.098576771231903,0.3543173515758111,0.20190061034342394,-0.886942383934116,4,-1.1191436003932687,748.5,2.7,37.8
0.19358754328515632,0.3431901219146204,U8,MN8014,12.71206517031264,5.412327476534581,CPG,SSPG,0.09851522021444808,0.3520609797310792,0.2000168800411711,-0.8787144836747071,1,-1.1405024485884088,756.7,2.7,37.5
0.19814107473591952,0.33578653477119563,U8,MN8014,12.47953538638844,5.071843249320825,CPG,SSPG,0.09879561930761882,0.3520360189520493,0.20009509420810712,-0.883795005534214,1,-1.1589091923102934,743.7,2.4,37.8
0.1984023533441141,0.33687308001140465,U8,MN8014,12.3510280821934,4.808630220876341,CPG,SSPG,0.0969410350156665,0.3493535147130993,0.20003401240383847,-0.8566848214077464,3,-1.140208234001907,728.1,2.4,37.3
0.19759592972760204,0.336886434341365,U8,MN8014,12.045746816782694,4.955750598930594,CPG,SSPG,0.100686266181405,0.354605210292023,0.20039686548758356,-0.9017142915064489,5,-1.0855040207197924,733.3,2.8,38.1
0.19693631163645628,0.33833189902143507,U8,MN8014,12.35787450577778,4.519615047442742,CPG,SSPG,0.09956156594925333,0.35500545704513764,0.2005348135197004,-0.8660267650154791,5,-1.135944454938567,727.1,2.7,37.7
0.1978758378620215,0.3393702421612597,U8,MN8014,12.364305521903958,4.525265835257137,CPG,SSPG,0.10071047420133232,0.35594270228779074,0.20000518709826948,-0.8935134588896029,0,-1.139716025454689,735.5,2.9,38.1
0.20130091261409636,0.3363448177572495,U8,MN8014,12.012970593695563,4.471537944106122,CPG,SSPG,0.09949504396903716,0.3560490940940301,0.20009770080704622,-0.9161678739114129,3,-1.1691802680863113,722.5,2.9,38.0
0.20290153434251157,0.3380257750122827,U8,MN8014,11.953910415059292,4.1844471958740295,CPG,SSPG,0.10210640089651446,0.3533806481987611,0.2006711609798606,-0.8630538758911086,0,-1.1688997736548288,719.7,2.7,37.4
0.19802113421138673,0.33736636643739554,U8,MN8014,11.997100686741609,4.361025848045035,CPG,SSPG,0.09989786084468713,0.3617876202213891,0.2011454845954377,-0.8854716238625546,0,-1.1478838112236218,710.4,2.7,37.5
0.20225667634271646,0.3334935592731459,U8,MN8014,12.010248230940643,4.000425649212838,CPG,SSPG,0.10170753258727275,0.35345952369842426,0.20151492988621386,-0.7941005981644604,4,-1.1738200083169588,697.2,2.4,37.6
0.2037911797797301,0.3374939676901016,U8,MN8014,12.448263148726104,4.1906543493151345,CPG,SSPG,0.09890690080958615,0.36045022222757794,0.20014282447355877,-0.8765069075343829,1,-1.1488141082404955,699.3,2.4,37.7
0.203235485465636,0.33820093528558676,U8,MN8014,12.4371221763791,4.159684673148597,CPG,SSPG,0.09777070856134545,0.3606550657412484,0.20343692780413927,-0.8584328931183999,6,-1.1598996704480138,696.4,2.5,38.1
0.20757700606465834,0.33390818134948197,U8,MN8014,12.046757718184887,4.02799007828857,CPG,SSPG,0.0977024765259102,0.3538578793827534,0.2078537714708669,-0.8084129670649124,7,-1.1879501063130773,694.0,2.5,37.8
0.2043325490072775,0.3355310172926235,U8,MN8014,12.650502143869673,4.3691754594137056,CPG,SSPG,0.09884502869316536,0.35651323017954706,0.2005995488660655,-0.8788678866137316,4,-1.155755036980831,724.0,2.5,38.7
0.19972972537569061,0.3332787292325383,U8,MN8014,12.4031526914134,4.377071854912001,CPG,SSPG,0.09902834620726594,0.35485988957964504,0.20117855355762349,-0.9223224646450666,2,-1.1292130713705353,733.0,2.7,38.6
0.1991652627152634,0.33500741376709275,U8,MN8014,12.416764431136675,4.360157968688965,CPG,SSPG,0.10001302185527752,0.3576344331897452,0.2023071877726287,-0.8954080720311853,6,-1.1546285659828435,729.2,2.8,37.9
0.20613914493898483,0.3361503212970182,U8,MN8014,12.701182651764398,4.353116258321917,CPG,SSPG,0.0981606512179221,0.3583589791747744,0.20033752753667788,-0.9138483189356427,2,-1.1682985717211283,729.3,2.4,37.4
0.2013803360989583,0.34068318635268635,U8,MN8014,12.966751564828044,4.354496925414404,CPG,SSPG,0.09796870448790176,0.3561947887813865,0.2015760753712868,-0.8941715239665704,2,-1.1597489500457119,745.5,2.7,37.6
0.20540392444209665,0.3379774985227228,U8,MN8014,13.84750594697942,4.438394207249562,CPG,SSPG,0.09587015330210297,0.3491758294221597,0.2006728044282203,-0.9082368568703467,7,-1.220750929890448,750.1,2.7,37.1
0.20250780746422703,0.3403868881691397,U8,MN8014,13.37204066213844,4.47508263521881,CPG,SSPG,0.09655005178413288,0.3496016073876896,0.20002273858228933,-0.9423840195774773,4,-1.2005523837310346,764.9,2.7,37.9
0.20572692595165257,0.3369055516162537,U8,MN8014,13.672974624706233,4.366181858274169,CPG,SSPG,0.09348829215401207,0.3453912765193197,0.2023674143134244,-0.9192780274036539,2,-1.243874671269559,761.1,2.5,37.3
0.20694393608900016,0.3349274767411089,U8,MN8014,13.150673515990722,4.3763759394798765,CPG,SSPG,0.09565224476614449,0.34496639430229026,0.2026424836009103,-0.8848718897425089,5,-1.1987699125189444,765.9,2.4,37.7
0.21281321802083047,0.3336378025127551,U8,MN8014,13.32504126333431,4.199720085707162,CPG,SSPG,0.0931198897115679,0.35023501431570553,0.20141008877761077,-0.8778418786554449,5,-1.171731124400301,733.9,1.9,37.0
0.2077283981766993,0.3365682577728512,U8,MN8014,13.629408224924365,4.5094627582788975,CPG,SSPG,0.09410810646211608,0.3512441876038764,0.20213933094714684,-0.9259583205815258,4,-1.2184894804417077,754.9,2.3,37.3
0.2059906363575683,0.32988084066766216,U8,MN8014,13.678176332315171,4.586024118585667,CPG,SSPG,0.09299472560009693,0.34724842556234753,0.2038732743149221,-0.9317592329513238,4,-1.202044548290118,762.9,2.2,36.6
0.2044248758335368,0.3318897456052491,U8,MN8014,13.870433392402713,4.836610537188281,CPG,SSPG,0.09153361120332462,0.34976114104062617,0.20068001958688525,-0.9105093831210116,6,-1.2511222538055353,773.4,2.3,36.7
0.21080054376043325,0.3337371154769062,U8,MN8014,13.776072342737185,4.634454067727606,CPG,SSPG,0.09248708776795062,0.34262077165496213,0.20013814851525363,-0.8961828375186505,0,-1.1785712035942524,774.3,2.1,37.3
0.20561756817873694,0.33102053548036436,U8,MN8014,13.733016663088783,4.485011935097428,CPG,SSPG,0.09469473112377455,0.35119273447652305,0.20100990474914787,-0.9268709945068331,6,-1.1973893004566722,756.5,2.1,36.6
0.2009473041232419,0.334178431372283,U8,MN8014,13.70091967223183,5.709277142189254,CPG,SSPG,0.08998849935186025,0.34336825114958097,0.2000052244598096,-0.9245686834937793,7,-1.1972849847709313,804.9,2.4,38.0
0.19390360334465248,0.3430660464417551,U8,MN8014,13.988176439518742,5.441547630705066,CPG,SSPG,0.09326946931663246,0.3423609327067877,0.20005919064033728,-0.8922201511411583,6,-1.175831565339024,819.6,2.7,38.4
0.19208105225242586,0.3368164699603033,U8,MN8014,13.650946530933956,5.161393071252089,CPG,SSPG,0.09486872893371259,0.3427365610555645,0.20014459996815442,-0.9169157937688712,0,-1.1761218592648888,801.8,2.9,38.0
0.20301950211833272,0.33492165713732214,U8,MN8014,14.088627920982265,4.535912339170284,CPG,SSPG,0.09316336295466746,0.34504379370637656,0.20000393058498894,-0.9205368648600386,7,-1.2181617401931764,777.6,2.8,37.5
0.20130721234988827,0.3367395329569427,U8,MN8014,14.322957241404353,5.475302802683926,CPG,SSPG,0.09117820749259567,0.3388055276129281,0.20096758528803388,-0.8423029105480132,6,-1.188201147792764,802.6,2.5,37.1
0.20744680744396443,0.3351689688004319,U8,MN8014,13.925972061550373,4.479360597080245,CPG,SSPG,0.09541121093617727,0.3381008295611362,0.20267379128094784,-0.8332702828896867,5,-1.1417703364363785,788.8,2.3,36.4
0.200870768829796,0.33804211100396153,U8,MN8014,14.490542859187226,5.46477168695292,CPG,SSPG,0.09329527958160941,0.34229885064422405,0.20125609471352107,-0.9282877537219059,3,-1.2093474933955441,807.8,3.1,37.2
0.20288087975995828,0.33653429756809783,U8,MN8014,14.329295582869921,5.641940696945406,CPG,SSPG,0.09395982998020624,0.34576278752573636,0.2058888928204782,-0.896025405499013,6,-1.1053070207762943,805.4,2.8,37.1
0.2056688417408636,0.34002661117992034,U8,MN8014,14.881821857938059,5.704300969386049,CPG,SSPG,0.09130208965531553,0.34092403564260415,0.20730903678465243,-0.8792285908863898,5,-1.1371734852639062,807.9,3.1,36.7
0.20593008708572713,0.33963118410532983,U8,MN8014,14.153508443425899,5.123172877444047,CPG,SSPG,0.09568370921247416,0.3432846039997541,0.20120087966404776,-0.9250908317309192,6,-1.1642755497751995,790.5,2.6,36.0
0.2088660662831046,0.3401529267292595,U8,MN8014,14.320998426869346,5.547146137748346,CPG,SSPG,0.09337732766556092,0.339894549115297,0.2007268415263336,-0.9034519782368793,4,-1.1649238038516128,811.2,2.7,36.2
0.2017954467824052,0.33620236715805085,U8,MN8014,13.945523006634106,5.433035896782291,CPG,SSPG,0.09389588419282911,0.3380254077388425,0.20018360284699538,-0.9016207636605847,4,-1.2134281942728506,818.9,2.6,36.7
0.20416485390975006,0.33679984336228386,U8,MN8014,13.919796311819242,5.409018908715659,CPG,SSPG,0.09273328457380654,0.33494672101918094,0.20078050727196034,-0.8695833983880089,4,-1.1894434024689549,820.1,2.7,37.4
0.20180141257193063,0.3390582848337641,U8,MN8014,13.88674316577776,5.443757549913766,CPG,SSPG,0.0952411924018306,0.34143209901323135,0.20055434845166764,-0.8772486006783397,0,-1.195954378741133,810.8,2.6,37.2
0.20318572644012972,0.3333252424640725,U8,MN8014,13.850518263730562,5.726720468498074,CPG,SSPG,0.0940340339504361,0.3385562866697273,0.20233449019313873,-0.889423554438401,1,-1.2301199132559706,829.9,2.5,37.2
0.1999525341329526,0.33672293821579197,U8,MN8014,14.508503331049154,5.8843888297645215,CPG,SSPG,0.09424549519523431,0.33956039551509754,0.20331926406985285,-0.9393256703525453,6,-1.1816677861814977,840.4,2.8,37.2
0.19744741922937836,0.33655030623446064,U8,MN8014,14.271070921330345,5.996426693587353,CPG,SSPG,0.09374878531542907,0.3405120550246173,0.20007984144652363,-0.9448079297373916,7,-1.2069572589387878,848.4,3.1,37.3
0.20074028091057758,0.3361591673426797,U8,MN8014,14.163924644337536,5.534747369358474,CPG,SSPG,0.09406687416841561,0.34046640506325343,0.20034941038536003,-0.919990590100839,4,-1.2135155514872231,824.7,3.0,36.6
0.1988336715481354,0.3353042019972456,U8,MN8014,14.253766829381547,5.893310510687633,CPG,SSPG,0.09266530884076148,0.339851652082092,0.20048828970555502,-0.9093796756529688,3,-1.1931631067623947,839.2,3.0,37.3
0.19919915173851158,0.3340137467865101,U8,MN8014,13.831115145208285,5.544961830629086,CPG,SSPG,0.09407427636020252,0.3406559649426003,0.20061992588729802,-0.8923949367941084,0,-1.1924510820102512,830.7,3.1,37.4
0.20308982666349856,0.33476593598306975,U8,MN8014,14.296947378005864,5.385115094558176,CPG,SSPG,0.09323873933971152,0.33728646072403495,0.20000893676593381,-0.9267106368160312,4,-1.1831874517063081,821.9,2.8,36.8
0.19936755076520618,0.3330990317663736,U8,MN8014,14.253116842733391,5.676243276762289,CPG,SSPG,0.09251132022244754,0.3371148544887551,0.20003955906216958,-0.9137169133273454,1,-1.2415670011814175,831.1,3.0,36.8
0.1980872665420742,0.3349701927761256,U8,MN8014,14.30618989263985,5.863231683473483,CPG,SSPG,0.09252856844969677,0.3425079000647482,0.20199858310083188,-0.906546038961272,7,-1.1932809202102295,824.4,3.3,37.1
0.19257640543354648,0.33305135421733745,U8,MN8014,13.940849387282473,6.146910319927603,CPG,SSPG,0.09190414552302727,0.3408738037441049,0.20185364508747533,-0.9124930215316535,1,-1.1725468371142647,831.3,3.3,37.7
0.1976082957032836,0.33468649260666206,U8,MN8014,14.203137928077064,6.05001283414777,CPG,SSPG,0.09233515025751937,0.3406821917936622,0.20152188378558847,-0.93559983832862,2,-1.2185541432744653,834.9,3.4,37.5
0.2022201922113578,0.332745951749114,U8,MN8014,14.251834852888987,5.85736224589996,CPG,SSPG,0.09233659324605278,0.3430720026605486,0.20416748077802915,-0.9359371408981993,5,-1.2256685999703532,824.3,3.2,37.3
0.19712876383309177,0.33044628066316284,U8,MN8014,13.912733475207904,5.707431154057482,CPG,SSPG,0.09256822945328602,0.34082374326722087,0.202155290853476,-0.9076935360327986,1,-1.2510939374625991,826.4,3.4,37.7
0.19603569463120202,0.3343888587716779,U8,MN8014,14.269604049197417,5.999392853478561,CPG,SSPG,0.09289393438099625,0.34152457932786745,0.20084803939801507,-0.9183993328809517,5,-1.2051133134652758,838.1,3.4,37.7
0.19573834152995825,0.3334620207008437,U8,MN8014,13.914138630114113,5.7019934301796775,CPG,SSPG,0.09355603479936639,0.3419629837301053,0.2027135174762407,-0.9016207742608473,1,-1.2440482523504208,815.7,3.5,37.7
0.19665090707850968,0.33144275258136646,U8,MN8014,13.915259872982656,5.7307447788763595,CPG,SSPG,0.09249761374751048,0.34287424059249977,0.20298701949468273,-0.9310565069590558,4,-1.2248623178712332,820.8,3.4,37.4
0.1970956380541349,0.33052507816258225,U8,MN8014,13.920097589264872,5.537775882218323,CPG,SSPG,0.09247008435643622,0.34181617302749,0.20015716019061733,-0.9408202381961839,2,-1.2133384257530633,819.0,3.3,37.1
0.19354014380850054,0.33088729061094035,U8,MN8014,13.9142168354737,5.739500120013289,CPG,SSPG,0.09303062722702338,0.34448928873060525,0.20055647273423152,-0.9387284714907087,1,-1.224013958620164,820.2,3.4,37.5
0.19109737117229827,0.33064149397724873,U8,MN8014,13.715755283900672,5.713775436180763,CPG,SSPG,0.09175461947982694,0.34113432155461326,0.20110412474345632,-0.9470407924753106,2,-1.2074392662562907,822.3,3.4,37.4
0.19601519688838936,0.33320156702611853,U8,MN8014,14.26153349055262,5.66627453591917,CPG,SSPG,0.09372744805818477,0.3444004473938067,0.20409756669505572,-0.9507752218053677,5,-1.204932183396025,813.0,3.5,37.0
0.19458658470260498,0.33072768638273287,U8,MN8014,13.899170303799446,5.675454825833021,CPG,SSPG,0.09308453374904183,0.3451228848844248,0.20324973459028767,-0.9716516175333398,2,-1.189770818643721,810.6,3.5,37.0
0.19485245059983225,0.3312717718066056,U8,MN8014,13.854455899777038,5.536695592516285,CPG,SSPG,0.0939486455556015,0.3450547289643521,0.20243020340511,-0.9754000579754424,5,-1.2199991536877732,815.8,3.7,36.9
0.19274326975601833,0.32860318127503,U8,MN8014,13.778007327666572,5.52673791703968,CPG,SSPG,0.09340771539732554,0.3431260398731704,0.20358713486369753,-0.9549588831256667,6,-1.1031563582970705,813.0,3.3,36.8
0.1976777976566768,0.33052712474107004,U8,MN8014,13.851338848707067,5.480800561805037,CPG,SSPG,0.09479981384436822,0.34512403070648096,0.2047824267145761,-0.9569666509535869,0,-1.2144300308383862,808.5,3.3,36.5
0.19819304206051175,0.33256321594378385,U8,MN8014,13.855519150689803,5.450824002398827,CPG,SSPG,0.09388039655538707,0.3432150127788889,0.20242496496586687,-0.966936821278715,0,-1.2282125362717071,810.4,3.3,36.3
0.201211120210679,0.33139924438799906,U8,MN8014,13.942932453132917,5.2078492069923294,CPG,SSPG,0.094453341932042,0.3441031565016886,0.20225387800464983,-0.9581759185460594,3,-1.2076256156460055,800.0,3.1,36.0
0.20138868491316358,0.3336955060543415,U8,MN8014,14.271348658435873,5.430297219436792,CPG,SSPG,0.09368714857118174,0.34231992232691744,0.20034656335246454,-1.014562400891308,7,-1.2433872693999675,810.5,3.3,35.7
0.20643106779902626,0.331490989417894,U8,MN8014,14.169115774793728,5.169337223843854,CPG,SSPG,0.09408965927203775,0.34140692215653046,0.2006384868857669,-1.003059749101189,5,-1.1839795371210045,804.7,3.1,35.9
0.20335416190135594,0.33548059606770625,U8,MN8014,14.272934081390808,5.375657415639345,CPG,SSPG,0.094319071049914,0.34483893225214873,0.20169999112037273,-0.9890479860080589,5,-1.2133961449987716,803.7,3.2,36.1
0.21153291215606823,0.335904908635259,U8,MN8014,14.30660368941526,5.073954535585873,CPG,SSPG,0.09464477056521323,0.344508623470992,0.20113227711689327,-0.9919106290531851,6,-1.2115828370630073,798.0,3.1,35.4
0.20679432441999934,0.3345463596594841,U8,MN8014,14.276020993651187,5.2363661760286515,CPG,SSPG,0.09461816884177146,0.3411748350692869,0.20243127637778824,-0.9861493114278784,3,-1.2259284485706576,805.2,3.1,35.3
0.20468498766642676,0.3341127054068084,U8,MN8014,14.18128930483097,5.385444689524596,CPG,SSPG,0.09450442812044346,0.3422988481539014,0.20134023929268463,-1.0015528435987986,6,-1.185259765669091,812.2,2.9,36.0
0.20604987149521822,0.33660081030602695,U8,MN8014,14.486445395607195,5.379010745724467,CPG,SSPG,0.09495435296476275,0.3408722904295918,0.20045457967991548,-0.9852297539583288,0,-1.2738675008388274,816.5,3.0,35.6
0.2047805340092617,0.33566867323357397,U8,MN8014,14.307642906021956,5.244784305502028,CPG,SSPG,0.09448791549207078,0.3379200524818539,0.20000644285868466,-1.0037173432168565,7,-1.2353088535699488,819.4,3.0,35.5
0.20808585846124014,0.3351922640372783,U8,MN8014,14.515670897406592,5.449817727771883,CPG,SSPG,0.09328658123063616,0.33722100962191187,0.2002778668777812,-1.0161784755905323,7,-1.2140974015563835,819.8,3.0,35.2
0.2081887490051476,0.3341679469036859,U8,MN8014,14.500476466732017,5.373497089208733,CPG,SSPG,0.09455852180074786,0.33538752582308606,0.2001864792295621,-1.0031563480635213,2,-1.2176340277957447,823.2,2.9,35.4
0.2067003878096617,0.3340245976136187,U8,MN8014,14.344620065447469,5.411961711330514,CPG,SSPG,0.09311469281264718,0.3361289010520613,0.20003709266541175,-1.0079289163363465,5,-1.2268281055732704,825.3,3.0,35.4
0.2089630341680686,0.33501562323727113,U8,MN8014,14.404447457079247,5.361898483062932,CPG,SSPG,0.09362077876875213,0.3357930544552414,0.20003336673726463,-0.9981343303471774,1,-1.1671188398591994,820.6,2.7,34.9
0.20526244495621013,0.3344495973892581,U8,MN8014,14.303006717512998,5.4226444245082455,CPG,SSPG,0.09334707141858528,0.3344450922126452,0.20218331086153063,-0.9925173879005269,1,-1.2232640797978913,826.7,2.8,34.8
0.20624013019057816,0.3357464543577497,U8,MN8014,14.270119169697459,5.541302986033003,CPG,SSPG,0.09388597463915987,0.33488710274844463,0.20168309827736394,-1.0096346615811536,4,-1.224238271891565,832.3,2.8,34.5
0.2050909911833771,0.33423220364139944,U8,MN8014,14.111570324964237,5.5229274887596524,CPG,SSPG,0.09406595952426366,0.3370833241480345,0.20087860580631062,-1.0069830137098483,3,-1.1831423131961056,826.3,2.9,34.5
0.20728631621997065,0.3374840696646296,U8,MN8014,14.450234707183368,5.731575083548656,CPG,SSPG,0.09416198604870375,0.33648333917957085,0.20057365995751275,-0.995721919012698,3,-1.2793031537225712,827.3,2.7,34.3
0.20659800733944803,0.33441441131201755,U8,MN8014,14.484473124238582,5.713071765969307,CPG,SSPG,0.09290375094667613,0.33458537739636657,0.20079361905739673,-1.0266033657732019,5,-1.2922038821259303,837.8,2.9,34.3
0.2053819761582824,0.3333681155027922,U8,MN8014,14.51367970848991,6.004361240911897,CPG,SSPG,0.09355095158307425,0.33316998552515625,0.20001800612272047,-1.030496779117244,1,-1.2465188905828786,855.9,3.0,34.5
0.2101667947313257,0.33775830294241194,U8,MN8014,14.523161853773557,5.656239585357752,CPG,SSPG,0.0936831120177975,0.3359285859411886,0.20000136240216948,-1.029375249812643,2,-1.2949910286846347,839.3,2.7,34.3
0.20852065574522785,0.33533642393161867,U8,MN8014,14.474783392744772,5.672386076436873,CPG,SSPG,0.09411502274889239,0.3338186072697315,0.2000821347276388,-1.0485306128862266,1,-1.255504429522711,851.2,2.8,34.1
0.20653779456727167,0.33726608112130496,U8,MN8014,14.608495991515214,5.875015920222879,CPG,SSPG,0.09330158433307434,0.33428495864360497,0.20035967110565375,-1.0274969023953053,3,-1.1916181578949132,857.0,2.9,34.0
0.20824971281389,0.3344036851690985,U8,MN8014,14.561532530826295,5.877457782995383,CPG,SSPG,0.09286971173206357,0.3341419362868396,0.2002488047637652,-1.070204154492354,3,-1.2139672481561057,853.2,2.8,33.4
0.20657943606591328,0.3330063073946259,U8,MN8014,14.311218281847347,5.488355727702476,CPG,SSPG,0.09281183391869985,0.33565429879544895,0.20206369305368996,-1.0571906967427185,5,-1.2338253510622366,832.9,2.7,33.9
0.20818960212378823,0.3353907054866423,U8,MN8014,14.661455241825472,5.701398795112131,CPG,SSPG,0.09307743365499932,0.33633632776447187,0.20064377633074787,-1.0447544591609907,1,-1.233806706515825,846.8,2.9,33.9
0.20965123987397288,0.33599875519514266,U8,MN8014,14.564712811123334,5.378464916128714,CPG,SSPG,0.0941463829331908,0.3405432949624158,0.2029955790108486,-1.0522530471226812,1,-1.2149674885403563,828.0,2.8,34.0
0.20859220309307439,0.33877237866067156,U8,MN8014,15.002200373803031,5.691650100926241,CPG,SSPG,0.09275772416067861,0.33408752693057164,0.20074259966854047,-1.057397649464289,3,-1.2291833484483607,856.0,2.9,33.6
0.21279451235845803,0.33915724930923047,U8,MN8014,14.805245504580611,5.404002995817568,CPG,SSPG,0.09416438709589173,0.33621121657970704,0.20052606310149065,-1.049461230597366,5,-1.2022023390921284,839.0,2.8,33.8
0.2116983611319361,0.33790442831826945,U8,MN8014,14.87045246787886,5.456432533856117,CPG,SSPG,0.09372612767918886,0.3367717482498164,0.20014622836812881,-1.0756851229546833,4,-1.241317354864929,842.8,2.8,33.7
0.21687604773524877,0.3409548953669266,U8,MN8014,15.161191165811944,5.491552951361274,WPG,SSPG,0.09295114063828588,0.3348456154264575,0.20011739813781504,-1.0700861705460247,7,-1.2176912420054204,852.3,2.7,33.2
0.2163233509733304,0.3393296945166172,U8,MN8014,15.196893782971243,5.650755477868768,WPG,SSPG,0.09315229502887931,0.3350423995256233,0.20007428857474727,-1.0603705855844847,6,-1.222863513159755,850.3,2.7,33.3
0.21456663354456437,0.3387740472903314,U8,MN8014,15.23538999153296,5.736641719520328,WPG,SSPG,0.09294074433433627,0.3344699125877886,0.2003087968521948,-1.061098555301017,3,-1.2588517235685384,852.8,2.7,33.7
0.2156760186187581,0.3422402113329044,U8,MN8014,15.15351787025148,5.4696666260772595,WPG,SSPG,0.09402267543810262,0.3366139160935374,0.20140585568038977,-1.0687291092763436,3,-1.2111264681953227,843.3,2.6,33.1
0.21141167676031764,0.3407164487801863,U8,MN8014,14.898793218381117,5.669923502250661,CPG,SSPG,0.09367349674946811,0.33503782568443663,0.20072287760905858,-1.0831906736897137,4,-1.2608198872214693,853.1,2.8,33.3
0.21808529614464728,0.34275068262762504,U8,MN8014,15.158919582932125,5.368921462819772,WPG,SSPG,0.09437900735385016,0.3362461247283811,0.20103521409165473,-1.0782457973456525,4,-1.2105978007494311,836.2,2.6,33.3
0.2094010626956089,0.340106573214334,U8,MN8014,14.925559236002929,5.402007922562485,CPG,SSPG,0.09332078385407258,0.3370723094155426,0.2022661165031205,-1.082862372326105,1,-1.2008519030820093,843.4,2.8,33.8
0.2060213964474944,0.33787145685490666,U8,MN8014,14.566740015642827,5.665357577356097,CPG,SSPG,0.09330674074207453,0.3377237892917282,0.2024990951537733,-1.0995878764086147,6,-1.2352452119008444,852.7,2.9,34.2
0.20906173064503758,0.3363608764769599,U8,MN8014,14.57034964322273,5.3621429529276705,CPG,SSPG,0.09398229904920127,0.33871819370026773,0.20341889703598096,-1.104154466780998,0,-1.1929049242422511,844.5,2.9,33.3
0.20908473758755275,0.3378048467240705,U8,MN8014,14.586057644071325,5.172036977901213,CPG,SSPG,0.09469911320902107,0.3393899483689782,0.20254670809006664,-1.0726987895070832,2,-1.2091959744761276,837.2,2.8,33.5
0.20934589469550197,0.33727262692570603,U8,MN8014,14.645114918024364,5.023800762537157,CPG,SSPG,0.09449515809356737,0.34020224614729755,0.20144164685060484,-1.0841364175890444,0,-1.1992565081651456,833.9,2.8,33.6
0.21126066336875615,0.33690785865233064,U8,MN8014,14.506561460336185,4.78014340803626,CPG,SSPG,0.0956004306173116,0.3424765439827119,0.20091741266781635,-1.0893585745221195,7,-1.2301798339536756,822.2,2.8,33.5
0.21007267083006426,0.336595687184504,U8,MN8014,14.667892253318628,5.163268836227287,CPG,SSPG,0.09413811730639847,0.34310329954343677,0.2011467360183982,-1.1083546147865089,5,-1.182234707731494,841.1,2.8,33.2
0.20806086005319752,0.3379461111131802,U8,MN8014,14.665394467722223,5.097273145155488,CPG,SSPG,0.0942332754646574,0.33834618785189763,0.2005154879337991,-1.0898239392595293,3,-1.170507123718112,848.0,2.7,33.5
0.21035526460725143,0.33854775503083173,U8,MN8014,14.63326348756879,5.097709749565606,CPG,SSPG,0.09414335132444834,0.337151866780586,0.2004262924725252,-1.0821433000238092,2,-1.2451767486867187,846.9,2.6,33.2
0.20840803491788207,0.338348680742329,U8,MN8014,14.462390793970467,5.059769073779812,CPG,SSPG,0.0949363789542664,0.34234673076504274,0.20122478429457932,-1.1042230935767483,5,-1.267649270467274,836.9,2.8,33.5
0.20810716475796406,0.3383030576129581,U8,MN8014,14.532318519469719,5.150675686296557,CPG,SSPG,0.09532236991254786,0.3411941785654145,0.20025334534902695,-1.1017383102675637,0,-1.262179734267189,840.4,2.8,33.4
0.2109408200952554,0.33780401611361927,U8,MN8014,14.465409024194313,5.042122854765458,CPG,SSPG,0.0958913559103942,0.34243739628449377,0.200690537961954,-1.082816129648477,5,-1.232211660487705,831.1,2.6,33.7
0.20937408083846218,0.3391537903205239,U8,MN8014,14.510957736072404,5.086588819084845,CPG,SSPG,0.09569868517237434,0.34145239906026587,0.20032868991730718,-1.0997571803122965,0,-1.2921902502541442,841.5,2.8,33.6
0.21219262532426525,0.3388328456499966,U8,MN8014,14.527445928028902,5.064361813638195,CPG,SSPG,0.09504513196797582,0.3411698278680439,0.2009478280959161,-1.0783957475645536,4,-1.2658447699199833,837.1,2.7,33.8
0.21349677077962598,0.3391361757054158,U8,MN8014,14.569604544035858,4.782600786109816,CPG,SSPG,0.09615920156657287,0.3428253784250362,0.20115088355794633,-1.0834853505968676,6,-1.2592557939919615,826.9,2.6,33.4
0.21329599845355313,0.3381636603091349,U8,MN8014,14.473287583938896,4.799745137602161,CPG,SSPG,0.09632770854346386,0.34323830929231325,0.200908085063777,-1.0995668792507804,1,-1.2938410173059935,823.8,2.7,33.3
0.21296002510108283,0.33753263888356805,U8,MN8014,14.453008502858829,4.80878751007741,CPG,SSPG,0.0965284059952886,0.3452698379654065,0.2014705427794863,-1.0774335473943888,6,-1.283988076388784,813.4,2.7,33.6
0.2122682741862991,0.33910445480730034,U8,MN8014,14.547681803057234,4.997529189589219,CPG,SSPG,0.0949433005275992,0.34110542972078334,0.2004214721543007,-1.0766558824662789,4,-1.2526479679061389,823.6,2.6,33.8
0.21280393125002167,0.3363366500522296,U8,MN8014,14.553165433146837,4.817074110770531,CPG,SSPG,0.0954553234734341,0.34233410425881805,0.2013146168529232,-1.0616418239243317,5,-1.2703575005080747,819.0,2.6,33.8
0.2130974239503507,0.338448373658745,U8,MN8014,14.546312607553782,4.765874922725071,CPG,SSPG,0.09631427686815958,0.34303090769311795,0.20065701774880618,-1.0746690740994318,5,-1.2884978488909749,821.0,2.8,33.9
0.21418617457407685,0.33842872676929947,U8,MN8014,14.653484002539832,4.776090908562393,CPG,SSPG,0.09703876845049375,0.3427338981079532,0.2005677365546354,-1.077136387965357,3,-1.2745901421674137,823.9,2.7,33.7
0.21518381370805612,0.33922817038626774,U8,MN8014,14.547315854830694,4.8499624478386805,CPG,SSPG,0.0965519799897418,0.34259267390406556,0.20033080543798976,-1.0870103386776861,7,-1.3114791140013242,827.3,2.7,33.7
0.2149818483120051,0.33805555375836943,U8,MN8014,14.496077000905274,4.7764402590704735,CPG,SSPG,0.0968209478090706,0.34337863441492567,0.20132201200313296,-1.083455042908039,4,-1.3184775610357153,822.4,2.7,33.4
0.218559811076465,0.3371082381854283,U8,MN8014,14.506913041609014,4.7594476778683905,CPG,SSPG,0.09639982384704526,0.34423787417935825,0.2018655011648301,-1.0882636637187273,2,-1.280032337833287,813.9,2.6,33.4
0.21680892075948258,0.3373812813583328,U8,MN8014,14.573575085876808,4.765733980143139,CPG,SSPG,0.0964639763002119,0.3433854427594216,0.2012812432988989,-1.0916788877191343,1,-1.224432152499583,820.5,2.7,33.3
0.21440062417379765,0.336926832357292,U8,MN8014,14.518083378119854,4.797305907347494,CPG,SSPG,0.09628238252830318,0.3435289690682895,0.20315605225089622,-1.086230713350782,1,-1.2935882173273239,823.1,2.8,33.6
0.21345369716613014,0.3372236709861379,U8,MN8014,14.494670068750676,4.801319487030502,CPG,SSPG,0.09622296024189184,0.34325542454210994,0.2017201907107721,-1.0928356084383062,6,-1.2878083102290123,822.9,2.8,33.4
0.2147085249440686,0.3364490780241238,U8,MN8014,14.53574486353381,4.754968334533786,CPG,SSPG,0.09659426611733243,0.3446183815206886,0.20480333313330396,-1.094202481443356,1,-1.287818608954721,821.9,2.8,33.4
0.21414097100936347,0.33712187319779074,U8,MN8014,14.548438666718715,4.819323996620746,CPG,SSPG,0.0959729820694664,0.3431786294785082,0.2031587347595312,-1.083456620688112,5,-1.2876992400610163,826.2,2.8,33.6
0.21475447565883177,0.33793277033356234,U8,MN8014,14.560095373925972,4.774435562610993,CPG,SSPG,0.09635631111144555,0.3426315824639201,0.2027769223540548,-1.0788979967004542,2,-1.2634366195406077,828.1,2.8,33.9
0.2149052133103025,0.3371126232319367,U8,MN8014,14.50847983292428,4.7821897688664174,CPG,SSPG,0.09573595622577252,0.34177332816634276,0.2013163508641766,-1.0726568620031962,6,-1.3165121318690591,825.2,2.7,33.8
0.21537437715063726,0.3371005338058056,U8,MN8014,14.504065119896879,4.839975817555191,CPG,SSPG,0.09558944353184876,0.3416631569914406,0.20160000066806782,-1.0718908538430285,1,-1.3123336890371373,825.2,2.7,33.8
0.21334868503157012,0.33762491674056866,U8,MN8014,14.491904516812971,4.8375042504214605,CPG,SSPG,0.09602014514793297,0.34188342084469536,0.20070852528276648,-1.0797998266235156,0,-1.279155794375649,827.0,2.8,33.8
0.21562094435224402,0.3381350859652075,U8,MN8014,14.472619063545498,4.780563571294471,CPG,SSPG,0.09615832810057572,0.341887496854652,0.20061629725193195,-1.0754989832680963,7,-1.3232422226080427,827.1,2.7,33.8
0.21452280470252452,0.3378601307627644,U8,MN8014,14.486993873771842,4.808207412906846,CPG,SSPG,0.09616652137877321,0.3426489760590576,0.20115246852204752,-1.069517065849627,6,-1.3036677278177873,824.7,2.7,33.7
0.21522579587562946,0.33925509999033604,U8,MN8014,14.513768014420982,4.832719890940423,CPG,SSPG,0.09601251736486457,0.34147911813129794,0.20074790247023297,-1.0697067660430575,2,-1.3253035666672641,827.5,2.7,33.7
0.21439472380354263,0.3385322153546441,U8,MN8014,14.493761671551908,4.844175687867149,CPG,SSPG,0.09597629520952955,0.3427501849455252,0.20124889786032146,-1.0915584583374287,6,-1.2974580970979641,828.6,2.8,33.6
0.2156174807990564,0.3382615156384362,U8,MN8014,14.508273342247625,4.7863940697257314,CPG,SSPG,0.09615593671215324,0.3427375176204528,0.20152687445997455,-1.0842706725539368,6,-1.3024537721678104,823.7,2.8,33.7
0.21554478447409461,0.33865641012120146,U8,MN8014,14.468070317179894,4.79954659433523,CPG,SSPG,0.09626879821202346,0.34346906140351213,0.20162461777498702,-1.0886585475851787,2,-1.3204719151437825,827.2,2.8,33.7
0.21549051471752567,0.33913285876620314,U8,MN8014,14.48527353942948,4.7684018301484965,CPG,SSPG,0.09630093719207944,0.34457848335910274,0.20224061284425407,-1.0880415717993674,3,-1.3130062950165389,824.7,2.8,33.8
0.21559399681544134,0.33932298593633314,U8,MN8014,14.52578230490304,4.789997027305511,CPG,SSPG,0.09608107067148358,0.3430181860313982,0.20122409472207572,-1.0804409092952305,2,-1.3234081887086795,825.6,2.7,33.5
0.2161955019300199,0.33943773165274027,U8,MN8014,14.54563336848968,4.818114626316371,CPG,SSPG,0.09594149744254432,0.34288519118602323,0.20103623801673987,-1.07661224248749,0,-1.323702176802616,825.2,2.7,33.7
0.21587289128779374,0.33892854532195804,U8,MN8014,14.474629647607026,4.78576978467417,CPG,SSPG,0.09639507955236284,0.34362372456462337,0.20119139408085418,-1.0768949571557158,6,-1.3306952564582684,824.7,2.8,33.7
0.21602373955206552,0.3392696525358528,U8,MN8014,14.521232568348646,4.774708483267364,CPG,SSPG,0.09643143609022031,0.3435897824389905,0.20177219120821713,-1.0852065381317262,4,-1.3279179147093512,826.7,2.8,33.5
0.21621520578987066,0.3387015679528208,U8,MN8014,14.538333838439648,4.767114969014573,CPG,SSPG,0.09635036199644043,0.3433986327458751,0.20183606146799746,-1.083701274322173,0,-1.3346342503126998,825.3,2.8,33.6
0.21619094293581492,0.3393473194398608,U8,MN8014,14.548460650379752,4.751170985206666,CPG,SSPG,0.09616402065294286,0.3444631046117604,0.20251197292344095,-1.0940953240247102,0,-1.3266211647543233,825.0,2.8,33.5
0.21618761225352925,0.340038497345332,U8,MN8014,14.54276331086863,4.781124578868393,CPG,SSPG,0.09638800071651998,0.3437286234646021,0.2010840560977435,-1.0896611503349807,4,-1.317779638278294,826.9,2.8,33.5
0.21551338610491544,0.33921778590582047,U8,MN8014,14.545182757335205,4.796818910113934,CPG,SSPG,0.09628502250059166,0.34367240748937805,0.20147550391763325,-1.0970616408978358,6,-1.2986502136102676,829.6,2.8,33.4
0.21572553822416182,0.3395210763253422,U8,MN8014,14.543378193783537,4.79681952339138,CPG,SSPG,0.09611273092473721,0.34398801356440944,0.2014461540848304,-1.089732003308065,3,-1.3045181686697607,829.0,2.8,33.3
0.2157588193819034,0.3398203397658465,U8,MN8014,14.519522450486962,4.75909090452168,CPG,SSPG,0.09628717398435377,0.34407450858204675,0.20135824053632048,-1.0882296445309279,5,-1.3185596217069016,826.5,2.8,33.4
0.21486236696044592,0.33952441179592946,U8,MN8014,14.490947984707692,4.826225279173763,CPG,SSPG,0.09625655538039656,0.3444726983594938,0.20176753269933942,-1.0919590234498489,2,-1.288235864802047,831.6,2.8,33.3
0.21595214830076986,0.3396331352979557,U8,MN8014,14.542216664600174,4.804932721150878,CPG,SSPG,0.09638966316238481,0.34453472705638455,0.20158338527389966,-1.0889863284176833,0,-1.3277350935479024,826.8,2.7,33.3
0.21667990497720346,0.3395007110427477,U8,MN8014,14.547631771292517,4.7813451225036525,CPG,SSPG,0.09630194203639145,0.34424122240293664,0.2019120108175782,-1.0947495120260244,3,-1.3245120103678563,825.0,2.8,33.4
0.2160075113939504,0.3397708025768092,U8,MN8014,14.52465145329195,4.793799602163259,CPG,SSPG,0.09618384741316424,0.3438490909368124,0.20131144123742478,-1.0929245015007119,4,-1.3265678642171501,827.1,2.7,33.4
0.2156503655689808,0.33965053767571834,U8,MN8014,14.50147035319025,4.79231741734832,CPG,SSPG,0.09657589336185979,0.34475543405602405,0.2020086163270801,-1.092278358552193,1,-1.316269289162566,827.0,2.8,33.4
0.2161334049781927,0.33936143793313145,U8,MN8014,14.515600787603839,4.825434069541659,CPG,SSPG,0.09635388009038848,0.3446639532396845,0.20209522228718138,-1.0946659052727508,0,-1.3275776721320263,827.3,2.8,33.4
0.21584731899830706,0.33952683954733043,U8,MN8014,14.500521298502905,4.7978132576159815,CPG,SSPG,0.0964046596712357,0.3450863915349888,0.20184602716396532,-1.0979671859116171,7,-1.320922936210689,827.1,2.8,33.4
0.21665224908864983,0.33944910710934295,U8,MN8014,14.532554196242689,4.7836027319365995,CPG,SSPG,0.09624141122285339,0.345144484553094,0.2022064755778409,-1.1009398872305836,4,-1.3202411998885424,824.8,2.8,33.5
0.21642980413438445,0.3390378153260111,U8,MN8014,14.499651597734928,4.813448883186556,CPG,SSPG,0.0962146639079279,0.3451382330872951,0.20298334122324047,-1.0985835462817934,6,-1.32035662657227,823.6,2.8,33.5
0.21669834824500897,0.3394925253627624,U8,MN8014,14.5009956114459,4.802081819349879,CPG,SSPG,0.09639768383369174,0.34534577897892205,0.2025050095770072,-1.1010495997083576,3,-1.3288919808023074,824.6,2.8,33.4
0.21675854342906214,0.33955018706947326,U8,MN8014,14.53396021164459,4.807509692496116,CPG,SSPG,0.09626412554397454,0.3443303826789232,0.20196657952771538,-1.0960495782317203,5,-1.3342162487264773,826.9,2.7,33.4
0.21594815426169658,0.33940303560792545,U8,MN8014,14.528422828923352,4.829410006337494,CPG,SSPG,0.09621201628322085,0.3441063473986223,0.20219640311106687,-1.094687783086263,1,-1.327623709693695,827.6,2.7,33.4
0.2163068583194576,0.3391573938736508,U8,MN8014,14.508601528113916,4.816340758725051,CPG,SSPG,0.09621138056364523,0.34460793196794803,0.2023074578005574,-1.0985257489555535,7,-1.3242659410148168,825.7,2.7,33.4
0.2164437660219932,0.33925534232399573,U8,MN8014,14.528830890931262,4.8133388381908615,CPG,SSPG,0.09633724281292147,0.34465867925336213,0.20246605655761474,-1.0967777292365448,6,-1.3246986319558918,825.4,2.7,33.3
0.2161616165036921,0.3389926382905124,U8,MN8014,14.49906253507202,4.82048795429689,CPG,SSPG,0.09623526686292222,0.3446266114088195,0.20201332107396608,-1.0904143944464588,7,-1.3287908263356485,824.5,2.7,33.4
0.21634989629029763,0.3391638817747783,U8,MN8014,14.522726729464646,4.7952783786035535,CPG,SSPG,0.09632094983435222,0.3448886825002459,0.20208528608999818,-1.0990103037114758,6,-1.3259133179450213,825.0,2.7,33.3
0.2164748895581633,0.33907746118574356,U8,MN8014,14.521711620794962,4.820514455850621,CPG,SSPG,0.09618356769748262,0.3449542937234644,0.2026422639271427,-1.0997729685659208,6,-1.3266053828549644,824.3,2.8,33.4
0.2167492963892257,0.33909871832569866,U8,MN8014,14.547244822118182,4.828681653585437,CPG,SSPG,0.09608501639593048,0.34499622843305383,0.20237644843916255,-1.0983582614178753,1,-1.3246032670912893,823.6,2.7,33.4
0.21680588460038233,0.33919159277209293,U8,MN8014,14.532651755853385,4.7989453956504775,CPG,SSPG,0.09618924979786331,0.34505154184071296,0.20260821160104148,-1.0996733939366108,6,-1.3277524456867074,823.5,2.7,33.4
0.21675260440483085,0.33926054615955314,U8,MN8014,14.51906899485319,4.796952992430792,CPG,SSPG,0.09628947156703968,0.3451689716869475,0.20207887794122512,-1.1013029327972323,3,-1.329508049888453,824.8,2.7,33.4
0.21666767623998828,0.3391112704101547,U8,MN8014,14.521316203333061,4.8160543010335815,CPG,SSPG,0.09616150790842988,0.34497366891684594,0.2024865351839666,-1.099944707179957,6,-1.327030625119784,823.9,2.8,33.4
0.21676432297848355,0.33920283657786277,U8,MN8014,14.520769859177763,4.799239297690113,CPG,SSPG,0.09626595828456858,0.3450170856910059,0.2021936351416168,-1.096688936948158,1,-1.3313983543803634,824.2,2.7,33.4
0.2163771419013023,0.3391619801513706,U8,MN8014,14.520946382074175,4.802984377829029,CPG,SSPG,0.09615893944619369,0.3446215286216596,0.20197936820112303,-1.1018226287245874,7,-1.3225151124508727,825.5,2.7,33.3
0.21636650621237952,0.33929758197108817,U8,MN8014,14.513423048215298,4.811404123028559,CPG,SSPG,0.09622043785545302,0.3448272907520586,0.2024050056302731,-1.100521691452974,1,-1.3241953088294292,825.6,2.7,33.4
0.21653022193922083,0.33914688757250155,U8,MN8014,14.514828712200561,4.7949662689864585,CPG,SSPG,0.09634263337068867,0.34508899454645797,0.20204231926911245,-1.0999722963450986,7,-1.3278528082327217,824.8,2.7,33.3
0.21660920355276242,0.33898208106832994,U8,MN8014,14.507508679656917,4.77989637873041,CPG,SSPG,0.096239614860885,0.34504674655396284,0.20219061793358234,-1.0998631816287276,3,-1.329647952299993,824.5,2.7,33.3
0.21636543633850958,0.33902171365358225,U8,MN8014,14.525193718219455,4.785083663908458,CPG,SSPG,0.0962408863725244,0.3450425726261726,0.2020100196584915,-1.1017811371876407,4,-1.3269751386552784,825.0,2.7,33.3
0.21651026637944998,0.3389644634364296,U8,MN8014,14.531311328781728,4.79387014020213,CPG,SSPG,0.09612791147292302,0.34494141982314724,0.2023871135948557,-1.1010899392150142,7,-1.318047224413025,824.6,2.8,33.3
0.2165478411937375,0.33902053455482145,U8,MN8014,14.526984465476612,4.775625431216491,CPG,SSPG,0.09622426138462706,0.34477295702745964,0.20208200654475117,-1.101745983481652,6,-1.328292971106892,825.2,2.7,33.3
0.2168035047755684,0.33912120533848084,U8,MN8014,14.543410742924575,4.777556431657586,CPG,SSPG,0.09627592375174607,0.3448992645049777,0.20231575416587796,-1.1030755826528917,3,-1.3262494352330947,824.4,2.7,33.3
0.21666490206482203,0.33889361679246416,U8,MN8014,14.52934503977942,4.766038551943748,CPG,SSPG,0.09615877657689884,0.34470535022165005,0.20193971250941864,-1.1036660383105392,7,-1.3295186583763545,824.0,2.7,33.3
0.21702572218732719,0.3393082361414486,U8,MN8014,14.542407964918976,4.757234937906469,CPG,SSPG,0.09629420346455513,0.34487589951436315,0.20201204528735892,-1.1058251677967779,5,-1.3261312662241345,824.4,2.7,33.3
0.21691049172915217,0.339073694575903,U8,MN8014,14.53868406721,4.765776865277472,CPG,SSPG,0.09615565486150428,0.3446162615506905,0.2022196588728328,-1.1060230817338124,5,-1.3313276402708034,824.8,2.7,33.3
0.2170254648829908,0.33929534721481214,U8,MN8014,14.542911241231137,4.763065308084723,CPG,SSPG,0.09625620373114771,0.34493054248951366,0.2019901376080911,-1.1074120462182084,7,-1.3291807474309092,824.4,2.7,33.3
0.21692419154157586,0.33950034170814175,U8,MN8014,14.54109971362824,4.789229093714269,CPG,SSPG,0.09630055620663136,0.34466058184614806,0.20208952610727368,-1.1030774603177287,5,-1.3322009681843614,825.7,2.7,33.3
0.21673207155312724,0.33948923805423903,U8,MN8014,14.537799688646608,4.8000846510707635,CPG,SSPG,0.09625971399759095,0.34450242660923514,0.20203467437120143,-1.1032007147394531,2,-1.3300258903279811,826.1,2.7,33.3
0.21697269000223796,0.33944856542125545,U8,MN8014,14.541623097797464,4.796928968998014,CPG,SSPG,0.0962034704275026,0.3441855700869194,0.20171333632202063,-1.1040103754586816,3,-1.3346014770616428,826.6,2.7,33.3
0.21686821418824936,0.33933411103102334,U8,MN8014,14.528777109954882,4.8025318988305825,CPG,SSPG,0.09619562079786048,0.3443887728090617,0.20209365044864874,-1.1029675341145275,5,-1.3329113891266928,825.3,2.7,33.4
0.21680447607237807,0.33954226440989627,U8,MN8014,14.537879120224144,4.78924511106697,CPG,SSPG,0.09625795166084254,0.3443916884073241,0.20208228458101837,-1.1048325986557583,6,-1.3298058951093275,825.8,2.7,33.3
0.21703033586384018,0.33951443631137657,U8,MN8014,14.52972202723629,4.79798106616602,CPG,SSPG,0.0962796120587179,0.3443224841670443,0.20187409031115092,-1.1039063799146969,4,-1.3286635140639476,825.8,2.7,33.3
0.2167233810248617,0.3394545410614065,U8,MN8014,14.517747223567866,4.785915369037108,CPG,SSPG,0.0962958850840401,0.3445360520796328,0.20202330594466053,-1.105677830979942,1,-1.3317640908509105,825.7,2.7,33.3
0.21666695858501164,0.3394322459288943,U8,MN8014,14.529532033466362,4.797217409124837,CPG,SSPG,0.09626799472785705,0.344331738769017,0.2018932946354813,-1.1026797845277345,1,-1.3288821448168093,826.4,2.7,33.3
0.2169092935116192,0.33969084832940155,U8,MN8014,14.539619569898683,4.7929254016259195,CPG,SSPG,0.09631858662413997,0.3445955064171542,0.20197769799375173,-1.1051292487111184,3,-1.3333888088955526,825.9,2.7,33.3
0.21717627000940462,0.33970216891382177,U8,MN8014,14.547844237928505,4.789687178283247,CPG,SSPG,0.09627746220013889,0.3442520013651659,0.20167512444541164,-1.1050939204800618,5,-1.335441733356495,826.3,2.7,33.3
0.21686282694177209,0.3396007439878055,U8,MN8014,14.540694636957557,4.785846596088878,CPG,SSPG,0.09627217945033581,0.34444625646098603,0.20185730667214632,-1.105440782941334,7,-1.3328196350197778,826.2,2.7,33.3
0.2170264065478703,0.3398764475895348,U8,MN8014,14.54439788248979,4.780388844638644,CPG,SSPG,0.09631961765686596,0.3444348042947721,0.20177646678292746,-1.105506824136736,7,-1.3315114173002716,825.8,2.7,33.3
0.2170962984841067,0.3396211448819105,U8,MN8014,14.539018719361156,4.782841794778826,CPG,SSPG,0.096274382985084,0.3446827560829442,0.20194008403108302,-1.1060731856635333,7,-1.325522357718711,825.0,2.7,33.3
0.21724092949365287,0.33974126345954886,U8,MN8014,14.538982362818285,4.78178261780273,CPG,SSPG,0.09632448309056632,0.344557147494999,0.2019123176704608,-1.1073016213784856,4,-1.332028182377659,825.7,2.7,33.3
0.21718192906644587,0.3398973280752893,U8,MN8014,14.530380403500658,4.775273479260213,CPG,SSPG,0.09635228964973305,0.34460083585409995,0.20188360824560167,-1.1076397574582335,1,-1.3333303987312881,825.3,2.7,33.3
0.21697467639289697,0.3397370614973873,U8,MN8014,14.526692472336576,4.782193298588936,CPG,SSPG,0.09636534124122373,0.3446779989276907,0.2020014958466156,-1.1075362588081061,6,-1.332375891593113,825.4,2.7,33.3
0.2171060650638818,0.3396965659436748,U8,MN8014,14.517269714399369,4.770083459230194,CPG,SSPG,0.09636346548783195,0.34495849201117706,0.20195417251137546,-1.1069450417286761,7,-1.3273331387338345,824.7,2.7,33.3
0.2172735182100724,0.33974541902957617,U8,MN8014,14.528799129186147,4.7684705099262015,CPG,SSPG,0.09629586579490779,0.3447046660445003,0.20185858452678487,-1.1080171516837107,6,-1.3353650944320599,825.2,2.7,33.3
0.2172621785418369,0.3397001737187289,U8,MN8014,14.539786649839488,4.773946609374362,CPG,SSPG,0.09630147157620553,0.3447296869387726,0.20194163330603665,-1.1064342330254575,4,-1.3280854147517562,825.0,2.7,33.3
0.21711559184848253,0.3397407689902664,U8,MN8014,14.538175566808656,4.777834783232445,CPG,SSPG,0.09631506940512609,0.344718363493735,0.2020507402218631,-1.1083273742595918,1,-1.3319065131928163,825.7,2.7,33.3
0.21712740019944712,0.3396402712651956,U8,MN8014,14.538983414359926,4.784241431089121,CPG,SSPG,0.09623026029381704,0.34464441851172084,0.20190831362565956,-1.1082181646926264,5,-1.3313905636300127,825.5,2.7,33.3
0.21726408896380953,0.33979473778447944,U8,MN8014,14.542919684141243,4.7751811801202955,CPG,SSPG,0.09630060923612324,0.3445775723323665,0.2018479002170165,-1.1081218161554642,1,-1.3319783885979728,825.4,2.7,33.3
0.21719565534650725,0.3397458467738584,U8,MN8014,14.536048010782475,4.771404903210953,CPG,SSPG,0.09628439292052368,0.34483763686553515,0.20196197487961992,-1.107978595440215,0,-1.3303247281949204,824.9,2.7,33.3
0.21703837776341373,0.339726354878389,U8,MN8014,14.530327324357664,4.779679484726515,CPG,SSPG,0.09626192127690406,0.34483273204606774,0.2020131413011901,-1.1077277615690542,6,-1.332252223034338,825.0,2.8,33.3
0.21718408628707936,0.33973538448828966,U8,MN8014,14.53637907062822,4.776781477743819,CPG,SSPG,0.09627679344581963,0.3447838472920739,0.20199833898468453,-1.1079502808953947,1,-1.3347505924615106,825.2,2.8,33.3
0.21718086815936188,0.3398261519448265,U8,MN8014,14.531024235107115,4.781217898003889,CPG,SSPG,0.09628172760696144,0.3448323704703701,0.20211867750561827,-1.1069039775889309,2,-1.3344921737278135,825.0,2.7,33.3
0.21720775137014545,0.3398120887930975,U8,MN8014,14.525796488207316,4.7724612352461735,CPG,SSPG,0.09634201071796841,0.34503881413715914,0.20209716029340916,-1.1075780875329468,2,-1.333906016066834,824.7,2.8,33.3
0.21717332576159948,0.339804320230628,U8,MN8014,14.526986432157743,4.778878295681038,CPG,SSPG,0.09630624084412223,0.34472025517622074,0.20204928570532263,-1.1069094679693114,6,-1.334771206248334,825.4,2.7,33.3
0.21711844535729125,0.33979533375341703,U8,MN8014,14.524369217043322,4.77983768461635,CPG,SSPG,0.09629227097894608,0.34481179455961875,0.20213548058359843,-1.106556440298399,6,-1.3347425680544038,825.2,2.7,33.3
0.21726991420208863,0.3398276084896663,U8,MN8014,14.535923845338072,4.774195756205425,CPG,SSPG,0.096298838849315,0.34493438859623904,0.2020843876753361,-1.1075879712409844,7,-1.3349502481988171,824.8,2.8,33.3
0.21715842053809914,0.3398614474427418,U8,MN8014,14.527502081557204,4.786669905011023,CPG,SSPG,0.09634259861152303,0.34489578264342863,0.2020877784504305,-1.107294690217447,1,-1.331260869786222,825.2,2.8,33.3
0.21722816535055353,0.3397830264795784,U8,MN8014,14.53519004097282,4.777092396598727,CPG,SSPG,0.09630808693536913,0.3448492383588708,0.2019733473089026,-1.1073408824195017,3,-1.3282504530470955,825.1,2.8,33.3
0.21707362044180556,0.3397434265714129,U8,MN8014,14.524830387081344,4.7774919354025815,CPG,SSPG,0.09631630447495979,0.3449229984517539,0.2020700565908097,-1.1071960503443468,7,-1.3288173299067108,825.2,2.8,33.3
0.21710839489850758,0.33975892739146824,U8,MN8014,14.520357055158618,4.782424350659659,CPG,SSPG,0.09633724394862564,0.34485736420060037,0.20207842574108661,-1.1067222551021385,0,-1.334448752194012,825.2,2.8,33.3
0.21710084211591185,0.3397386901336119,U8,MN8014,14.521154084151755,4.777736914315458,CPG,SSPG,0.09632719524180289,0.34476696700263953,0.20195389115854046,-1.1073066697351097,3,-1.3313110897950722,825.5,2.8,33.3
0.2170777134647024,0.339724949089952,U8,MN8014,14.525507865632555,4.773532831726791,CPG,SSPG,0.09634291689976812,0.3449002270701579,0.201999737084053,-1.107598132918031,7,-1.3304676957163775,825.0,2.8,33.3
0.21703936582607422,0.339670675406461,U8,MN8014,14.522416399500386,4.772025465171135,CPG,SSPG,0.096340661735061,0.3449325354545407,0.2020059346690671,-1.1079972355827075,1,-1.3323088222090398,825.0,2.8,33.3
0.2171723427982499,0.33977311545777905,U8,MN8014,14.525431819346469,4.776520964831527,CPG,SSPG,0.09635395009330053,0.3448964190125463,0.2019375981330494,-1.108488931308933,0,-1.3311749061875204,825.2,2.8,33.3
0.21709318682200818,0.339762725024559,U8,MN8014,14.523500065335217,4.775112432108366,CPG,SSPG,0.09634822020362466,0.3448839465981838,0.20195967308470475,-1.1089794287888386,6,-1.3331934710757203,825.3,2.8,33.3
0.21715202872746703,0.33974668580946576,U8,MN8014,14.51907423809703,4.771149915673221,CPG,SSPG,0.09635189005321365,0.3448862636242993,0.20185186582742914,-1.109194321749212,1,-1.3333574879411554,825.2,2.8,33.3
0.21714374137657574,0.3397264442194289,U8,MN8014,14.517467265455565,4.766487007506376,CPG,SSPG,0.09637617745679355,0.34495119567701743,0.20188675605165132,-1.1088024627172774,7,-1.3288744176303737,825.1,2.7,33.3
0.21721040093648664,0.33983609396345504,U8,MN8014,14.520669917052043,4.770220131480258,CPG,SSPG,0.09636801898624123,0.34490606124043555,0.20193238243221948,-1.1093770103345628,2,-1.333464738091111,825.3,2.7,33.3
0.21719069295628893,0.33982214348440376,U8,MN8014,14.519248713394123,4.775057313836946,CPG,SSPG,0.0963740758853611,0.3449758084461141,0.20196621533096507,-1.109280844440088,7,-1.3322813778999176,825.2,2.7,33.3
0.21717479094634431,0.33984978311182373,U8,MN8014,14.5211222420957,4.77999362731478,CPG,SSPG,0.09634980865523127,0.3448962792593477,0.20197808295369057,-1.108402524279977,4,-1.3341341313643031,825.2,2.8,33.3
0.2171820109120688,0.339851278361558,U8,MN8014,14.51693745671876,4.764732428595102,CPG,SSPG,0.09638268974125638,0.3450017051617734,0.20193066598408554,-1.1100318693212552,7,-1.3338405245369511,825.1,2.7,33.3
0.21730974525372662,0.3398396119732803,U8,MN8014,14.525341548838114,4.771172404569121,CPG,SSPG,0.09634085803591788,0.3448202334075315,0.20179031054465119,-1.110952307416641,1,-1.3353006914341439,825.6,2.7,33.3
0.21719683426555086,0.3398337567654363,U8,MN8014,14.522965280454978,4.770639777271858,CPG,SSPG,0.09633990010698798,0.34491162338541903,0.20191824200060207,-1.1094565749286711,3,-1.3333380132081096,825.1,2.7,33.3
0.21728250412592573,0.33986179989128373,U8,MN8014,14.521975414823387,4.768133589897878,CPG,SSPG,0.09635241393222607,0.34486968517089284,0.20183550798833022,-1.110025753307284,5,-1.335453135159069,825.2,2.7,33.3
0.2172148873193114,0.33980709959626354,U8,MN8014,14.51789019398546,4.769018245879275,CPG,SSPG,0.09636247565818472,0.3448198050057101,0.20187368213557622,-1.1088675412347786,4,-1.3348626950162519,825.3,2.7,33.3
0.21724004854562928,0.3398462627354518,U8,MN8014,14.52397110412824,4.766497378547281,CPG,SSPG,0.09636204137637892,0.3448314774102883,0.2018801466681909,-1.109580890285545,6,-1.3349562391240646,825.3,2.7,33.3
0.21719070306436233,0.3398074734957333,U8,MN8014,14.520888620640646,4.7706730951320795,CPG,SSPG,0.09634725620491151,0.3447969034670878,0.20187393837236975,-1.1090303616673853,0,-1.3346654417152273,825.3,2.7,33.3
0.21720715488020215,0.339782855053397,U8,MN8014,14.518300627891891,4.77257027076118,CPG,SSPG,0.09634347315510364,0.3448489858112532,0.2018790617640822,-1.1091143782526638,4,-1.3346252599499948,825.3,2.7,33.3
0.2172309641263486,0.3397997875501946,U8,MN8014,14.51841529556222,4.7685743962889875,CPG,SSPG,0.09636517574758086,0.34481931610300054,0.20182369772388828,-1.1093363831818115,7,-1.3345817253988788,825.3,2.7,33.3
0.21719961219874867,0.33981936466438095,U8,MN8014,14.51386432616992,4.762029110108622,CPG,SSPG,0.09639112378599712,0.34485478945772313,0.20179433215189735,-1.1096573484897492,7,-1.3343504253819702,825.2,2.7,33.3
0.21723600985196861,0.3398399050242029,U8,MN8014,14.519647665923834,4.767959894691697,CPG,SSPG,0.09635761763861674,0.3448324119846895,0.2018867629909252,-1.1091011162321567,4,-1.3351847313633236,825.3,2.7,33.3
0.21716853861952135,0.33982050312374923,U8,MN8014,14.51271680506041,4.763461860552122,CPG,SSPG,0.09639105069571392,0.3448770194103289,0.20184820297898184,-1.1094020881220321,5,-1.3333304271243893,825.3,2.7,33.3
0.21719810499898046,0.3398483172120198,U8,MN8014,14.517145292813082,4.767433578697944,CPG,SSPG,0.09638640853542008,0.3448858821194566,0.20186582403722594,-1.1096501809461543,6,-1.3331940585500348,825.3,2.7,33.3
0.21725082971147427,0.3398632756818603,U8,MN8014,14.512712877267932,4.760580441083502,CPG,SSPG,0.09639721172406582,0.3448257144337768,0.20177630312738098,-1.1098439643415527,4,-1.3351587574714117,825.4,2.7,33.3
0.21722554027958452,0.3398473146421769,U8,MN8014,14.512274475509816,4.76319962128503,CPG,SSPG,0.09640641512457673,0.3448700849776357,0.20183291161098932,-1.1097772830494839,0,-1.3352712093530545,825.4,2.7,33.3
0.2172197892207865,0.33984558298317885,U8,MN8014,14.510874669627512,4.758832980947966,CPG,SSPG,0.09637806980566169,0.3448579889863611,0.2017532351826072,-1.1098550915352772,5,-1.3344133994261043,825.2,2.7,33.3
0.2172359719159868,0.339847833585876,U8,MN8014,14.513427276840941,4.755029838863891,CPG,SSPG,0.0963793276651351,0.3448871221500022,0.2017635131738593,-1.1104890439256017,0,-1.3344566990369895,825.3,2.7,33.3
0.21723425891670928,0.33984608303246744,U8,MN8014,14.515645839283454,4.756420384960464,CPG,SSPG,0.09638574952406992,0.3448735101023027,0.20173209096661043,-1.1099312264455312,0,-1.3315595466324268,825.1,2.7,33.3
0.21722410298184375,0.3398674660920844,U8,MN8014,14.514287063396639,4.759262455536648,CPG,SSPG,0.09637867702082831,0.34481431374014737,0.20174017429705465,-1.1103189052584015,0,-1.334156668920718,825.4,2.7,33.3
0.21725822006896706,0.3398633441199769,U8,MN8014,14.518106238028304,4.7626992463575695,CPG,SSPG,0.09636835215793652,0.3448336336707189,0.20177230330042084,-1.1104038644019423,3,-1.3345719947176775,825.4,2.7,33.3
0.21732247454951914,0.3399097233791401,U8,MN8014,14.51932568975536,4.7585616069133945,CPG,SSPG,0.09637985426980825,0.3448323742829024,0.20174137569611789,-1.1105048459179476,6,-1.3350713724266434,825.3,2.7,33.3
0.21725905002999882,0.3399144891086342,U8,MN8014,14.515249605778825,4.758448702076289,CPG,SSPG,0.09638765750534561,0.3448862203669621,0.20179000857068027,-1.1099529694986905,0,-1.3353765481239108,825.0,2.7,33.3
0.21726993343285547,0.3399321501577445,U8,MN8014,14.518498782066192,4.764542635468661,CPG,SSPG,0.09638642472175604,0.34486907180090737,0.20180902769008932,-1.1101800936858466,7,-1.3346379945425486,825.2,2.7,33.3
0.2172606515026596,0.339911914679113,U8,MN8014,14.51841043143768,4.767402092491951,CPG,SSPG,0.09636427262364897,0.3448548877516852,0.20178004000031408,-1.1104036474071517,2,-1.3338015230323386,825.3,2.7,33.3
0.21727667300460735,0.33992492821631426,U8,MN8014,14.52259212137008,4.767077648694709,CPG,SSPG,0.09635598503108314,0.34484099474976304,0.20183724686560064,-1.11022720406174,2,-1.335346395222734,825.3,2.7,33.3
0.21723683311597092,0.3398850295180537,U8,MN8014,14.520701663972856,4.763842578374206,CPG,SSPG,0.09636908480828486,0.34489103166656154,0.20181064854310685,-1.1099897253640143,7,-1.332165105342007,825.1,2.7,33.3
0.21724873528448632,0.339924987919119,U8,MN8014,14.522981641794356,4.767125784684664,CPG,SSPG,0.09637492654098115,0.34486277843993945,0.20185700314104738,-1.1100584027439453,5,-1.3343813316842716,825.2,2.7,33.3
0.21721746647172652,0.33987074256730254,U8,MN8014,14.519730033092696,4.764711371273024,CPG,SSPG,0.09638049176707855,0.34488160972724635,0.20183118401076197,-1.1098223902518911,7,-1.3345829086940864,825.0,2.7,33.3
0.21728177149036695,0.339879348625568,U8,MN8014,14.5213917442969,4.760117831717402,CPG,SSPG,0.09638378453234553,0.34491005699233174,0.2017609780415727,-1.1101761783268518,4,-1.334961853384275,824.7,2.7,33.3
0.21730197540541538,0.3398554849401587,U8,MN8014,14.522354460923108,4.7631764113752855,CPG,SSPG,0.09639432385387842,0.3449309688315104,0.20179187213973349,-1.110165213375281,0,-1.3350298993761278,824.8,2.7,33.3
0.2172717517030319,0.3398893430986798,U8,MN8014,14.522426639513865,4.766728232457409,CPG,SSPG,0.09639079142585635,0.34497742996693026,0.20186390425270423,-1.1098590703258764,6,-1.3344495248332162,824.7,2.7,33.3
0.21730011087278608,0.339835918562825,U8,MN8014,14.522059617578678,4.764279588842356,CPG,SSPG,0.09639285732866326,0.3449484717892363,0.2018393961745532,-1.109933589372047,6,-1.3350149842338705,824.9,2.7,33.3
0.2173028749557831,0.33983830773275225,U8,MN8014,14.518555387291215,4.762761043562575,CPG,SSPG,0.09640630973480183,0.3449932554234344,0.20183343704505563,-1.1098717846454802,0,-1.334709374545822,824.8,2.7,33.3
0.21725890072282086,0.33988982711777677,U8,MN8014,14.519369677193527,4.764808471978956,CPG,SSPG,0.09642329258673571,0.3450343433641617,0.20187484585039395,-1.1096260923696002,7,-1.3327799266728562,824.6,2.7,33.3
0.21724550248637348,0.3399100493830132,U8,MN8014,14.518957588661927,4.769785380228532,CPG,SSPG,0.09642284810307752,0.34497712096145106,0.20183539411405865,-1.1101344957330357,6,-1.3322470157663169,824.9,2.7,33.3
0.21722033303973715,0.3398430721261875,U8,MN8014,14.51585821837488,4.769552382875425,CPG,SSPG,0.09642647162997056,0.3450606707000104,0.20190556716940855,-1.109524219949932,2,-1.332874010140241,824.7,2.7,33.3
0.21717440222211404,0.3397795864010434,U8,MN8014,14.515527191284846,4.775173681541661,CPG,SSPG,0.09639944869098978,0.34507242219481216,0.20195826154035643,-1.1090460140359382,3,-1.334088688704746,824.6,2.7,33.3
0.21718780266791843,0.33979686281988564,U8,MN8014,14.51708617093406,4.772041275308957,CPG,SSPG,0.096392097147154,0.3449907448927017,0.2018880566233267,-1.1088894290238136,7,-1.3320393541453264,824.7,2.7,33.3
0.21719355509885221,0.3398593749063561,U8,MN8014,14.518660327324689,4.773976687378256,CPG,SSPG,0.09640028688703825,0.3450246254753974,0.20195180722316367,-1.1092804450518932,6,-1.3327801283254637,824.8,2.7,33.3
0.21713038740339663,0.3398130435924423,U8,MN8014,14.516643764554503,4.775423373516133,CPG,SSPG,0.096407287865284,0.34504930261986066,0.20201598080533117,-1.1093709266339666,5,-1.3332023147892542,825.0,2.7,33.3
0.21720747665838683,0.33978456506795857,U8,MN8014,14.516291886874031,4.770924612670904,CPG,SSPG,0.09640364977673084,0.34505362861861294,0.20189623099046514,-1.1099138237924364,5,-1.3340797789779657,824.8,2.7,33.3
0.21723151862009085,0.33985388908261854,U8,MN8014,14.521609123356486,4.774564499654991,CPG,SSPG,0.09640547025518739,0.3450406378732103,0.20190821675110987,-1.1104514497043356,6,-1.3336923674537466,824.9,2.7,33.3
0.21722322859841212,0.33978960573226674,U8,MN8014,14.52195047979897,4.77675271723637,CPG,SSPG,0.09641110451743654,0.3451200421124117,0.20193811327345768,-1.110456433836152,4,-1.3326859606002053,824.8,2.7,33.3
0.21724453773572205,0.33981990025625225,U8,MN8014,14.52392298081324,4.778827587140139,CPG,SSPG,0.09640829739668771,0.34517172777681465,0.2019633533996665,-1.110718752823902,5,-1.3326131381660815,824.7,2.7,33.3
0.21722526626413127,0.3398172275161075,U8,MN8014,14.52355048514632,4.77739497949384,CPG,SSPG,0.0964027799106521,0.34513050861238204,0.20198171327750922,-1.1106683279634497,5,-1.3332635527244818,824.9,2.7,33.3
0.21717124826024928,0.33976242609178814,U8,MN8014,14.521693593550413,4.778708048984128,CPG,SSPG,0.09642280572952378,0.34522859867001765,0.20194561852928114,-1.1112277388712315,2,-1.3320045420668407,824.8,2.8,33.3
0.21721646668803601,0.33978792007680825,U8,MN8014,14.52672595039178,4.7729021108568315,CPG,SSPG,0.09644135745010882,0.345216395918546,0.20196824393080712,-1.1115381534966,2,-1.3313488939138285,824.8,2.7,33.3
0.21719669187353113,0.3397944759597002,U8,MN8014,14.526542441953849,4.772802729574634,CPG,SSPG,0.09640139851380339,0.3451625139235999,0.20194192939175679,-1.1110696333193173,2,-1.332614597202948,824.8,2.8,33.3
0.21708362741888615,0.33973598058433885,U8,MN8014,14.521459027750737,4.779435131860807,CPG,SSPG,0.09643869363626045,0.3452356586512982,0.20198890612831338,-1.1112739613731064,3,-1.3309027852637954,824.9,2.8,33.3
0.21722306706344166,0.33983087612243607,U8,MN8014,14.529610900978923,4.790877485112927,CPG,SSPG,0.09638342678026857,0.3451419865579157,0.20195094852418768,-1.1114943525274126,4,-1.3327256777314922,825.0,2.8,33.3
0.21718270015453414,0.3397670347725191,U8,MN8014,14.527193073237338,4.77849629251022,CPG,SSPG,0.09639891040240339,0.34516482370900053,0.20195862709269247,-1.1113343633802364,4,-1.3322079741981057,825.0,2.8,33.3
0.217165263694862,0.33972768338415027,U8,MN8014,14.528192268457422,4.779874665795486,CPG,SSPG,0.09639848226694558,0.34523565561548714,0.2020034412783385,-1.111172015248802,6,-1.3317963782504414,824.8,2.8,33.3
0.21717181363458699,0.339738627690524,U8,MN8014,14.528175077020094,4.777253504781686,CPG,SSPG,0.09641968678998698,0.34514980492275144,0.20198308662213765,-1.111198140026135,4,-1.330911115260868,825.0,2.7,33.3
0.21716375858130701,0.33979834510650525,U8,MN8014,14.52746725635139,4.784044136289274,CPG,SSPG,0.09638759051955928,0.34520123992142726,0.20201700572814751,-1.1106288984539388,7,-1.3320920252391737,824.7,2.8,33.3
0.21718162026967247,0.33973875898249795,U8,MN8014,14.5270558585228,4.7762349142300184,CPG,SSPG,0.0963993392879282,0.34520700622904343,0.201994610262084,-1.1111141147980748,1,-1.3309448892758908,824.8,2.7,33.3
0.21718804508792638,0.3397495133803559,U8,MN8014,14.527854733732488,4.77692168931219,CPG,SSPG,0.09642803714674711,0.34526213572686537,0.20199858861625564,-1.1114077195912242,3,-1.3304003653418093,824.9,2.8,33.3
0.21724526753445358,0.3398259213720361,U8,MN8014,14.52969548931699,4.777679148675372,CPG,SSPG,0.09639216578420692,0.3451570829347819,0.20194998016529875,-1.111109250533321,2,-1.3277868353620566,825.0,2.7,33.3
0.21724360442671475,0.33978799051393827,U8,MN8014,14.526040133156314,4.771599955337721,CPG,SSPG,0.09641357832612621,0.34513363107688666,0.20191289434700055,-1.111074780854918,6,-1.331969749257862,824.8,2.7,33.3
0.21721801956987313,0.33991338071334076,U8,MN8014,14.52630187679625,4.776539293020026,CPG,SSPG,0.09641422870687669,0.3451061419223897,0.201983652986036,-1.1113449853524258,0,-1.3310353712537815,825.2,2.7,33.3
0.2173205869853314,0.3399081482036525,U8,MN8014,14.529566949802726,4.772193641243109,CPG,SSPG,0.09640604889924481,0.345074145136386,0.20188747254839123,-1.1119957049878448,3,-1.3335548255151526,825.1,2.7,33.3
0.21727980028671853,0.33991502131527007,U8,MN8014,14.525518207430933,4.769701437239261,CPG,SSPG,0.09641048316501764,0.3450906886319933,0.20188186609144076,-1.1125046303893287,5,-1.33308504786077,825.3,2.7,33.3
0.21733359744438674,0.33984114476243077,U8,MN8014,14.529875779843074,4.77342683601359,CPG,SSPG,0.09641032569610392,0.34515612927961187,0.20189120095764385,-1.1120869298372549,5,-1.3332308705056573,824.9,2.7,33.3
0.21731345756690845,0.3398901390607899,U8,MN8014,14.528302022696552,4.772161147917933,CPG,SSPG,0.09640712851960465,0.3450987692494975,0.20189877917375115,-1.1119695604452313,7,-1.3334132779637322,825.1,2.7,33.3
0.21732023795491406,0.33986268135761655,U8,MN8014,14.528640962387202,4.7697134275325315,CPG,SSPG,0.0964136437900717,0.3451419546722946,0.20190762349417857,-1.1120490423116005,7,-1.3335127038999683,825.0,2.7,33.3
0.21733478733824393,0.3398257543887364,U8,MN8014,14.529026154542628,4.770367929355411,CPG,SSPG,0.09639942167891254,0.3450928901354301,0.20191478605088173,-1.111467977994168,5,-1.3338748012506834,825.1,2.7,33.3
0.21726817421625838,0.3398324064393476,U8,MN8014,14.525913353885313,4.776136366608161,CPG,SSPG,0.09640868543535591,0.34507937001853195,0.20195142098841265,-1.11113782736316,2,-1.3333272327596077,825.2,2.7,33.3
0.21731768586471545,0.3398438724989209,U8,MN8014,14.528628508616421,4.774790405637033,CPG,SSPG,0.09640571845696883,0.34518205583794576,0.2019892839122749,-1.1115311194867004,6,-1.3337151545613803,825.0,2.7,33.3
0.21724275078394434,0.3398031318937618,U8,MN8014,14.527684761348869,4.780214544955267,CPG,SSPG,0.09638646402040332,0.34511023134988195,0.20202391632859307,-1.1108939170459236,1,-1.3333829982104906,825.2,2.7,33.3
0.2172848125309811,0.3398300512676894,U8,MN8014,14.530531279287159,4.781010453417657,CPG,SSPG,0.09637833444643998,0.34509028440086276,0.2019903848072149,-1.1113618326582615,1,-1.3318945430234894,825.4,2.7,33.3
0.21728976856348636,0.3398118792328881,U8,MN8014,14.525199102274742,4.779579650059868,CPG,SSPG,0.09639997221937802,0.34522171170885435,0.202013804998327,-1.1115140091061748,4,-1.3330554605856442,825.1,2.7,33.3
0.21724010151280765,0.33981620766785475,U8,MN8014,14.52804944331907,4.782307892662017,CPG,SSPG,0.09640064475267945,0.3451972005824874,0.2020038834772512,-1.1117188481553084,1,-1.3315990202483707,825.1,2.7,33.3
0.21725756723339548,0.33979179411113686,U8,MN8014,14.525762204585195,4.778466600997092,CPG,SSPG,0.09640405932534865,0.34518484215305645,0.20198463730121516,-1.1110172696416885,6,-1.332313668681051,824.9,2.7,33.3
0.2172274900997136,0.3397665396340285,U8,MN8014,14.526886122173323,4.779293993589912,CPG,SSPG,0.09638340564018594,0.3451303694828179,0.20198874586912044,-1.1109268417400466,3,-1.333141123519498,825.0,2.7,33.3
0.21724873287226196,0.33980072846742587,U8,MN8014,14.527795272374487,4.7795676131371545,CPG,SSPG,0.09639641231234111,0.34513099105950124,0.20198798422730124,-1.110666067538673,0,-1.3324509517609187,824.9,2.7,33.3
0.2172087322207648,0.33974323739973344,U8,MN8014,14.524907717641153,4.782429277055316,CPG,SSPG,0.0963779070454758,0.34513408688451885,0.20198822638081915,-1.1105160333531272,6,-1.3328621867231583,824.9,2.7,33.3
0.21726265202302672,0.339770374492931,U8,MN8014,14.52627847532667,4.775741151218324,CPG,SSPG,0.09640058656963023,0.34522832686698735,0.20196811594570782,-1.1115616031398403,1,-1.3329392213872318,824.8,2.7,33.3
0.21720524675902525,0.3397627113100338,U8,MN8014,14.525158088323177,4.779677998653153,CPG,SSPG,0.09639254749025444,0.34516989705175016,0.20200921712435377,-1.1110419015067499,1,-1.3328039009999468,825.0,2.7,33.3
0.2172280278483072,0.33980310902934285,U8,MN8014,14.525476628790553,4.784119831643263,CPG,SSPG,0.09638974146389176,0.3451249491376668,0.2020205325010846,-1.1106346239985334,5,-1.3327990060436274,825.1,2.7,33.3
0.21723024309034578,0.3397814011642437,U8,MN8014,14.525055186272828,4.782926933911629,CPG,SSPG,0.09639546476704866,0.3451755489714654,0.2020041959461977,-1.1108408657907327,7,-1.332836547446803,824.9,2.7,33.3
0.21722512657403723,0.3397830355055624,U8,MN8014,14.525829069882262,4.782797443932205,CPG,SSPG,0.0964015362849057,0.3451977768779018,0.20202120215824446,-1.110807490292821,1,-1.3316871996082593,824.9,2.7,33.3
0.21719887100718094,0.33978436682121765,U8,MN8014,14.524368937294534,4.783396864399734,CPG,SSPG,0.09639682858758994,0.3451932707917181,0.20204394208651338,-1.110453610241193,5,-1.332630802011705,824.8,2.7,33.3
0.21719287670777773,0.3397868844760918,U8,MN8014,14.523380647188908,4.783150284310499,CPG,SSPG,0.09640172532025285,0.34518761070992887,0.2020402916092111,-1.110430172415402,5,-1.3329207242552652,824.8,2.7,33.3
0.2172038672986137,0.3397774564390231,U8,MN8014,14.523723724488846,4.778992965064768,CPG,SSPG,0.09640623945926763,0.34514280222931887,0.2020002236585963,-1.110525290046879,4,-1.3329044380616626,824.9,2.7,33.3
0.21722528770341268,0.33978881638915576,U8,MN8014,14.523660210877875,4.777677049983184,CPG,SSPG,0.09640333262617412,0.3451596339716377,0.20199350906667304,-1.1106755766463983,7,-1.3327512318703096,824.9,2.7,33.3
0.21721235657452484,0.3397913071099784,U8,MN8014,14.523688743946812,4.774319156995601,CPG,SSPG,0.09641105177091436,0.34510363628390894,0.20196554354716814,-1.1108426799969773,4,-1.332466870518454,825.1,2.7,33.3
0.21721328871249024,0.3397964912254046,U8,MN8014,14.525264476068875,4.7778466662121915,CPG,SSPG,0.09640284391358259,0.3451251323339625,0.20197447393939932,-1.1108093015693838,3,-1.3329471528619248,824.9,2.7,33.3
0.21722063659439134,0.33981597403959796,U8,MN8014,14.52447565781901,4.776669340019617,CPG,SSPG,0.09641122769680574,0.34514932173567336,0.20199739583243262,-1.1110009686476927,2,-1.332960870991272,825.0,2.7,33.3
0.2172297023209989,0.3397985820523699,U8,MN8014,14.524006910502843,4.776637025212706,CPG,SSPG,0.09640032699208001,0.34510571827621017,0.20196425344415495,-1.110965916315253,1,-1.3331774800163974,825.1,2.7,33.3
0.21723774829732176,0.33982195809595267,U8,MN8014,14.5257823760129,4.777596690434707,CPG,SSPG,0.09640081258935548,0.34512227301038273,0.2019864007976341,-1.1106345741839592,7,-1.3330162858665453,824.9,2.7,33.3
0.2172346640910456,0.33982368529453316,U8,MN8014,14.528583400886037,4.780604462694521,CPG,SSPG,0.09638963636988565,0.34510927603191066,0.20198626421041435,-1.1107980702999636,0,-1.3329912857576787,824.9,2.7,33.3
0.21725358505266198,0.339830422316687,U8,MN8014,14.526702323351296,4.779496359138996,CPG,SSPG,0.09640215714764316,0.34515167869987684,0.20199955320233642,-1.1108522035354818,4,-1.3329881578932987,824.9,2.7,33.3
0.2172467437164669,0.3398389980968113,U8,MN8014,14.524720810416387,4.777152959217193,CPG,SSPG,0.09641180422059563,0.3451509040275948,0.20199406122266636,-1.1108202548254136,7,-1.333213322434796,824.9,2.7,33.3
0.2172553164550896,0.3398506717483918,U8,MN8014,14.52591986517462,4.780237899001299,CPG,SSPG,0.09640115986979594,0.34514944503556,0.2020192414387956,-1.110474239657603,0,-1.3336945840205487,824.8,2.7,33.3
0.21723372168138427,0.3398637857487462,U8,MN8014,14.526212536136546,4.781947217960039,CPG,SSPG,0.09639175281404817,0.34510313442743956,0.2020378463451596,-1.1103164380672619,6,-1.3333709950931762,825.0,2.7,33.3
0.21723081219779924,0.33984134386612125,U8,MN8014,14.52533769390039,4.777911151994317,CPG,SSPG,0.09640574545343576,0.34512885420123557,0.20201186454397724,-1.1103105863338614,1,-1.333346999355225,824.8,2.7,33.3
0.21724718730975226,0.33988993975086906,U8,MN8014,14.526232092374201,4.782203024714887,CPG,SSPG,0.09640308029659414,0.3451444562694858,0.2020488964874427,-1.1102909068867575,3,-1.3336637284330948,824.8,2.7,33.3
0.21725599030018589,0.3398989572225578,U8,MN8014,14.527592827517882,4.783742109995858,CPG,SSPG,0.09639868025849138,0.3451401034223654,0.20206907523602086,-1.1102721060161922,6,-1.3332797128403033,824.9,2.7,33.3
0.21722962298549522,0.3398867080723151,U8,MN8014,14.526979548130154,4.786275485290732,CPG,SSPG,0.09639343611356327,0.3451412413097665,0.20208680845237062,-1.1099606909518573,7,-1.3335966663601528,824.8,2.7,33.3
0.21725284577184142,0.3398839676017558,U8,MN8014,14.526855472384064,4.782486086467052,CPG,SSPG,0.09640071979908993,0.3451408313412092,0.20204709667481419,-1.1102931144322112,7,-1.3337718146065694,824.8,2.7,33.3
0.2172679723180705,0.33992232916794674,U8,MN8014,14.52666069611671,4.7821405714089265,CPG,SSPG,0.09641048411066494,0.3451266682233925,0.20205478597298296,-1.1100678805844755,1,-1.3338322018703206,824.8,2.7,33.3
0.2172853493430831,0.3399401984922378,U8,MN8014,14.528593055809038,4.780101537784165,CPG,SSPG,0.09640277548192584,0.3450585543620989,0.20203293262759223,-1.1100583271838458,5,-1.3346771652566218,824.9,2.7,33.3
0.21729735194353045,0.33995149617348486,U8,MN8014,14.528496776027477,4.781464037359408,CPG,SSPG,0.09640773529782959,0.3451036359601479,0.20204799703975457,-1.1098643558064158,6,-1.3344317561823456,824.7,2.7,33.3
0.2173032887769255,0.3399366988986614,U8,MN8014,14.529542270066612,4.7798160373291365,CPG,SSPG,0.09639917623197412,0.34505001471704816,0.2020191389228032,-1.1098776787956877,4,-1.3348009565927494,824.8,2.7,33.3
0.21729473715239658,0.33997256137394305,U8,MN8014,14.529663180595831,4.7825444010049,CPG,SSPG,0.0963953620503267,0.34505935281176164,0.2020740536020116,-1.1095129366535226,3,-1.3346784060388561,824.8,2.7,33.3
0.21732764312577124,0.33998211601391615,U8,MN8014,14.532509910930305,4.778478441210569,CPG,SSPG,0.09639137390245764,0.3449939767793156,0.2020217253964725,-1.1097576050210805,5,-1.3349540252081393,824.9,2.7,33.3
0.21731198596855877,0.3399427820302924,U8,MN8014,14.529988571518901,4.776449058629673,CPG,SSPG,0.09639163932447684,0.3449867350474321,0.20200609465038732,-1.1096190056967066,0,-1.3353645730090609,824.9,2.7,33.3
0.21733868414742627,0.33999332090539924,U8,MN8014,14.531687192120959,4.776643128415364,CPG,SSPG,0.09639620008437833,0.34496132520247147,0.20200111649241206,-1.1096421877420557,4,-1.3357284152365985,824.9,2.7,33.3
0.2173150749338816,0.3399451263367645,U8,MN8014,14.529323775754296,4.780773679151239,CPG,SSPG,0.09639208721613327,0.3450016052239892,0.20203048627544423,-1.1093505174332579,3,-1.3350015089509402,824.9,2.7,33.3
0.21729458789656667,0.34001984799099927,U8,MN8014,14.53290322488003,4.77885476575823,CPG,SSPG,0.0963857691739606,0.34494211952617637,0.20207144106170316,-1.109036793439261,5,-1.3355374339443404,824.9,2.7,33.3
0.21727624813642402,0.33992610410411694,U8,MN8014,14.527096463280724,4.776813320939871,CPG,SSPG,0.09639732507180887,0.34496634966624007,0.20200129960398955,-1.1097222009997678,7,-1.3339377759042463,825.2,2.7,33.3
0.21727558011259457,0.33993483932077395,U8,MN8014,14.5280926585718,4.774878451534247,CPG,SSPG,0.09640617090924569,0.34501074526614206,0.20204885575706596,-1.1090653782323037,4,-1.3348412876833287,824.8,2.7,33.3
0.21730224504720902,0.339983915745881,U8,MN8014,14.531229340060948,4.778023635793227,CPG,SSPG,0.09640150263794922,0.3450039426140566,0.20205534642166725,-1.1091240504864022,3,-1.3353815148396553,824.7,2.7,33.3
0.2173124290961382,0.33995681558742163,U8,MN8014,14.530656733226877,4.7716359844097225,CPG,SSPG,0.09639974360752118,0.34495714132822186,0.20196421139320025,-1.109827988561095,3,-1.3350288669351738,824.9,2.7,33.3
0.2173303680720373,0.3399943555419618,U8,MN8014,14.533819727990487,4.773640391251849,CPG,SSPG,0.09639996358911518,0.3449315889788713,0.20200098519778528,-1.1093213371167094,4,-1.3344688716747228,824.9,2.7,33.3
0.21734826752356995,0.3399937911899429,U8,MN8014,14.533824109800301,4.770741355838437,CPG,SSPG,0.09639565203883955,0.34495588632389323,0.20199560195751232,-1.109432328777185,2,-1.335004677255112,824.8,2.7,33.3
0.21733441795036482,0.33998077432639867,U8,MN8014,14.530343606409392,4.7684146003545465,CPG,SSPG,0.09639996463403049,0.34496152503698674,0.20196182955430625,-1.1097062064563943,3,-1.3356187551053615,824.8,2.7,33.3
0.21731659040468504,0.3399769803100788,U8,MN8014,14.532113715202204,4.771649285523605,CPG,SSPG,0.09638922218906962,0.3448867428604896,0.20196019170934004,-1.1092044964678456,0,-1.3349269718694785,824.9,2.7,33.3
0.21730861368377116,0.3399621190461354,U8,MN8014,14.532615642340367,4.775270071807391,CPG,SSPG,0.0963723396879282,0.3448769500411787,0.2019747001152133,-1.1089558528912404,1,-1.3337104600858591,825.0,2.7,33.3
0.21729738836173512,0.33993537609685537,U8,MN8014,14.533208861379181,4.770836338585591,CPG,SSPG,0.09637407261275938,0.344878652980502,0.20193638086679602,-1.1095439765745807,5,-1.335275914772616,824.9,2.7,33.3
0.21730641149081573,0.33998814074562,U8,MN8014,14.534121208195845,4.774213552123228,CPG,SSPG,0.09636969292361869,0.3448983961599955,0.20199156112831745,-1.109101795740005,6,-1.335175395168605,824.8,2.7,33.3
0.21730553574149175,0.3399730937898739,U8,MN8014,14.531123014889145,4.77404797356512,CPG,SSPG,0.09637780104381227,0.3448886123184802,0.20195582760739475,-1.109570720949613,5,-1.3354402222466888,825.0,2.7,33.3
0.21731467393997317,0.34000195592596477,U8,MN8014,14.533378194416462,4.775720731388655,CPG,SSPG,0.09637979559152043,0.34495676491055943,0.2020040952172799,-1.1093817481325605,0,-1.3353140715780345,824.7,2.7,33.3
0.21731313167628852,0.34003263017173235,U8,MN8014,14.533291109698608,4.777153875838829,CPG,SSPG,0.09636511872598913,0.3448542203242556,0.2019826576187521,-1.109107693156987,0,-1.335984048124466,824.9,2.7,33.3
0.21733825821855912,0.3400338239411042,U8,MN8014,14.534898782330783,4.7791273173992135,CPG,SSPG,0.09636672696314556,0.3448583072928267,0.20197797160731346,-1.1091969655594363,6,-1.335859308840547,824.9,2.7,33.3
0.2172938690409658,0.3400129480503173,U8,MN8014,14.532588266112803,4.776776152172275,CPG,SSPG,0.09636844069685707,0.3448620234259186,0.20197305892729964,-1.1092050217837193,0,-1.3354952238395885,824.9,2.7,33.3
0.21728107560039986,0.3399911117881024,U8,MN8014,14.531147112121044,4.778019174127782,CPG,SSPG,0.09638123391550668,0.34488869137750383,0.201973908920932,-1.1093831142329758,6,-1.3343620623509889,825.0,2.7,33.3
0.21731737410733082,0.3400292653590401,U8,MN8014,14.532802256189765,4.781969571077233,CPG,SSPG,0.09636066387288944,0.34485660480348396,0.20197853813659836,-1.1092293625739387,1,-1.3354425311993356,825.0,2.7,33.3
0.21728431227000428,0.34000022465291524,U8,MN8014,14.531802222048896,4.780691275885962,CPG,SSPG,0.0963720551493259,0.34488765148615325,0.20201924980388883,-1.1088157192369401,6,-1.3351855523824359,824.9,2.7,33.3
0.2173150210715862,0.34000009497426364,U8,MN8014,14.532673200975777,4.779311770254693,CPG,SSPG,0.09635978228431458,0.3448405875088176,0.2019570347126426,-1.1092329170944857,5,-1.3357123318548396,825.0,2.7,33.3
0.2172887721014504,0.34003522536014663,U8,MN8014,14.534435988600254,4.783131772905769,CPG,SSPG,0.09635820850511953,0.34480820720360045,0.2019913407255256,-1.108940708586706,6,-1.3358948727459552,825.0,2.7,33.3
0.21732049660629119,0.34004168443647,U8,MN8014,14.53503780039572,4.7826514583231114,CPG,SSPG,0.09636379765168362,0.3448573848008748,0.2020059975795134,-1.1089938208477923,1,-1.335820048527852,824.9,2.7,33.3
0.21729906434976282,0.340007476490714,U8,MN8014,14.53502664148118,4.782015366630597,CPG,SSPG,0.09636586490795701,0.3448578106489887,0.20201661842086455,-1.1088859855388025,1,-1.3346848996031309,825.0,2.7,33.3
0.2173193113775328,0.3400470750681908,U8,MN8014,14.537097313346838,4.782739193003805,CPG,SSPG,0.09636450495000123,0.34485976775600696,0.20202918981269669,-1.1091852081666107,1,-1.335650698116602,825.0,2.7,33.3
0.21730761817539704,0.3400353469324225,U8,MN8014,14.537264670012727,4.784050956924963,CPG,SSPG,0.09634308341030173,0.34480991240941833,0.2020207561537699,-1.108945646017375,0,-1.3355872439756826,825.1,2.7,33.3
0.21729606634471638,0.3400245898691796,U8,MN8014,14.536819910531813,4.780816981700289,CPG,SSPG,0.09634809490009208,0.3447635944140314,0.2020073546122477,-1.108575006751228,0,-1.3358713606906445,825.1,2.7,33.3
0.21731638516950372,0.3400133803407429,U8,MN8014,14.53654851648015,4.784911082588439,CPG,SSPG,0.09635984051236154,0.3448610066830949,0.20203711704786398,-1.1087588518706017,7,-1.3360173069547283,824.9,2.7,33.3
0.21729942392325624,0.33999519574858683,U8,MN8014,14.534637173522729,4.78662335586927,CPG,SSPG,0.09635044855773264,0.34483096365548055,0.20202773920033168,-1.108543667992,7,-1.3358315951611406,825.0,2.7,33.3
0.21729278567892524,0.3399656491116404,U8,MN8014,14.535835616123524,4.787357548669325,CPG,SSPG,0.09634670688452442,0.3448986071709329,0.20204645634013904,-1.1088059285853213,1,-1.3350013047389933,824.9,2.7,33.3
0.21731194035798104,0.3399512848942876,U8,MN8014,14.534384558157232,4.780176987120763,CPG,SSPG,0.09635699801954507,0.3448806135876369,0.20197487853301907,-1.1092036581536706,3,-1.3353539110373855,824.9,2.7,33.3
0.21731427314889223,0.3399419862985094,U8,MN8014,14.536132329530329,4.785940127360645,CPG,SSPG,0.0963418763774617,0.3448607411200688,0.20197868071581976,-1.109325440787886,1,-1.3355930884110148,825.0,2.7,33.3
0.21728726916609686,0.3399200948058589,U8,MN8014,14.53446284830511,4.787189327167714,CPG,SSPG,0.09633640042091737,0.3448693529052431,0.20198620308616663,-1.108964583551888,3,-1.335317298395978,824.9,2.7,33.3
0.21732067563520702,0.339939033645215,U8,MN8014,14.533977137260113,4.781769809786384,CPG,SSPG,0.09634920842360695,0.344890674577238,0.20198201661294282,-1.1091731414440367,0,-1.3357845422316394,824.9,2.7,33.3
0.21733940573408375,0.3399464628093221,U8,MN8014,14.537120200997565,4.784225883769024,CPG,SSPG,0.09633337676535741,0.34486408950434355,0.20195493126137926,-1.1094078073399447,7,-1.3357338099493123,824.9,2.7,33.3
0.21732044801852857,0.33994975547263057,U8,MN8014,14.534737872066316,4.787081584290195,CPG,SSPG,0.09633133117358009,0.3448803484826898,0.2019657489960648,-1.109357710187658,1,-1.3356935572560413,824.9,2.7,33.3
0.21733224104093724,0.33987935259275837,U8,MN8014,14.532239143767452,4.781635557583853,CPG,SSPG,0.09633575424158039,0.34491133107125294,0.20193217356825274,-1.1094453405805895,1,-1.3353199343849127,824.9,2.7,33.3
0.21732824210305748,0.33988925922360924,U8,MN8014,14.533245624916413,4.785584347659056,CPG,SSPG,0.09633042287995114,0.3449223639897659,0.20198153843279906,-1.1089911677363777,6,-1.335708441589535,824.8,2.7,33.3
0.21732481777954343,0.3399208256285503,U8,MN8014,14.533952566051212,4.7849141624425755,CPG,SSPG,0.09632746835035522,0.3449054203104698,0.20200001259254144,-1.108908649431938,4,-1.3351501656680824,824.9,2.7,33.3
0.21732659950132988,0.3398765842393703,U8,MN8014,14.531364988600243,4.777774852747504,CPG,SSPG,0.09634743575783884,0.3449371495136575,0.20193513329311505,-1.1092451779417303,1,-1.33560754872172,824.7,2.7,33.3
0.21731429421622112,0.3398739407438359,U8,MN8014,14.530415922581202,4.776164424959866,CPG,SSPG,0.09636148551659686,0.344999806924972,0.20197835351992005,-1.1090860044990758,0,-1.3349171861607552,824.6,2.7,33.3
0.21733265413010122,0.3398386486606747,U8,MN8014,14.53008473960575,4.77881147510097,CPG,SSPG,0.09633892114204125,0.3449130065433623,0.20191699943952085,-1.109091340928131,7,-1.3356845990181174,824.8,2.7,33.3
0.2173243002359282,0.3398354402577262,U8,MN8014,14.529671924686879,4.77923149682061,CPG,SSPG,0.09634491873499376,0.34496404618500126,0.20193071666939177,-1.1092885567901452,5,-1.3355542557242845,824.7,2.7,33.3
0.21733122021493043,0.33985287553776666,U8,MN8014,14.531356352850526,4.776569110306331,CPG,SSPG,0.09633285014335058,0.34491492485736197,0.20191696680001353,-1.1089906989184226,0,-1.335198849776095,824.7,2.7,33.3
0.21733829849044095,0.33986109283654703,U8,MN8014,14.533026528573142,4.781652057545206,CPG,SSPG,0.09632102673781748,0.34483345642355673,0.20191796069917628,-1.108827425877068,3,-1.3351030991864228,825.0,2.7,33.3
0.21731976628183533,0.3398671418566675,U8,MN8014,14.531365357496483,4.781049616523494,CPG,SSPG,0.0963235065990769,0.344891145666434,0.20193030352122118,-1.1088868003562058,1,-1.3350874459012143,824.8,2.7,33.3
0.21734014701484755,0.33988415640803676,U8,MN8014,14.535676035595506,4.781691564010433,CPG,SSPG,0.09631546395845207,0.3448373109621884,0.20190776061098462,-1.1091014142168294,4,-1.3349635007289606,824.9,2.7,33.3
0.21734720093191487,0.33982427406919513,U8,MN8014,14.532375935034027,4.782745937124665,CPG,SSPG,0.09630902075558603,0.344902295346558,0.20189902922023217,-1.1091058228231925,5,-1.3348271811105406,824.8,2.7,33.3
0.2173203952500817,0.3398405805744643,U8,MN8014,14.533349299929643,4.783200015564318,CPG,SSPG,0.0963069533153703,0.34488045645220705,0.20192958716198262,-1.1088738655610677,1,-1.3351336035708474,824.8,2.7,33.3
0.2173260315489785,0.3398478525110884,U8,MN8014,14.532995216946107,4.78728680716174,CPG,SSPG,0.09628793438539077,0.344828930300211,0.20189562962017935,-1.1089612891367482,4,-1.335709440114254,824.9,2.7,33.3
0.21732742594060833,0.33987166847524763,U8,MN8014,14.534427453193556,4.784310924979495,CPG,SSPG,0.0963164403343609,0.344876534909995,0.20192587744310173,-1.1091584899947047,7,-1.3356326328112331,824.8,2.7,33.3
0.2173333757830347,0.3399293866998912,U8,MN8014,14.536483270289521,4.785768551683858,CPG,SSPG,0.09630009742671863,0.34476620241563405,0.20193481510391503,-1.1087695033154832,4,-1.3354661976830968,825.1,2.7,33.3
0.2173225809685567,0.33988518524445177,U8,MN8014,14.53382256579496,4.786135417652272,CPG,SSPG,0.0962992795133231,0.3448089810383303,0.20194126939373325,-1.1087365950084493,6,-1.3361746870420408,825.0,2.7,33.3
0.21733039144816463,0.3399047169989818,U8,MN8014,14.535230072526181,4.788154679320338,CPG,SSPG,0.09628805661464203,0.34477787848988445,0.20193034326641737,-1.1086655023877015,3,-1.3361965859337381,825.0,2.7,33.3
0.21732496590131117,0.3398873273696043,U8,MN8014,14.53758175375102,4.7912373416656555,CPG,SSPG,0.09627594684276292,0.34479633309143315,0.20195403774165122,-1.108555744013008,7,-1.336094677512742,824.9,2.7,33.3
0.21734579706293788,0.33991949805787086,U8,MN8014,14.537020459776176,4.786766536677232,CPG,SSPG,0.09629444408769386,0.3447736422290292,0.2019387377483406,-1.1086881528312917,3,-1.3363892912682935,825.0,2.7,33.3
0.2173354195331129,0.33991382163736483,U8,MN8014,14.536131589248884,4.785290714290377,CPG,SSPG,0.09630184984113291,0.3447959747308279,0.20193043385008647,-1.108971586574077,0,-1.3361207799339816,825.0,2.7,33.3
0.21733832322030366,0.3399310290612265,U8,MN8014,14.536627924333942,4.785327341576997,CPG,SSPG,0.09630333311768371,0.344789902232871,0.20194355324810248,-1.108679830662294,3,-1.3365553995352126,824.9,2.7,33.3
0.2173327872819179,0.33992735117787765,U8,MN8014,14.536491285904916,4.78730684066606,CPG,SSPG,0.09629907479406707,0.34480039516285527,0.20195258633024393,-1.1086721414938485,2,-1.3363775108467433,824.9,2.7,33.3
0.2173404366889143,0.3399010098585169,U8,MN8014,14.536148978511958,4.786612249160274,CPG,SSPG,0.0962943881103257,0.34480592459455084,0.2019291994249388,-1.1088177138457649,4,-1.336264057918802,824.9,2.7,33.3
0.21733194677397016,0.3399414393839276,U8,MN8014,14.536392639305205,4.787597451577644,CPG,SSPG,0.09629934621100118,0.3447820751365228,0.20196196978530995,-1.1086328419538507,7,-1.336458955918994,825.0,2.7,33.3
0.21732900838942784,0.3399246335183253,U8,MN8014,14.53673958568624,4.7872008885068205,CPG,SSPG,0.09628759083643562,0.34475894883130437,0.20194431044259137,-1.1085258493017496,1,-1.3363138526739302,825.0,2.7,33.3
0.2173398358992487,0.3399228361199991,U8,MN8014,14.53631610587301,4.786618007398238,CPG,SSPG,0.09629394279590608,0.3447859410781598,0.20194406995035943,-1.1087179230973723,6,-1.3361967688599368,825.0,2.7,33.3
0.21733815736982023,0.33991355226287845,U8,MN8014,14.537061320808387,4.788165806376032,CPG,SSPG,0.09629078870907151,0.34480350865043924,0.20195398011194646,-1.1086715592076577,2,-1.3364243802008442,824.9,2.7,33.3
0.2173418910799339,0.339937924017673,U8,MN8014,14.538017281767955,4.788856939761121,CPG,SSPG,0.09628951306063924,0.3447898936174845,0.20195547597520866,-1.1086463323338656,5,-1.336366576698154,824.9,2.7,33.3
0.2173442081819353,0.33991641700987507,U8,MN8014,14.536468486964601,4.785133855077703,CPG,SSPG,0.09630065012333569,0.3448167780504579,0.20194698214163875,-1.108798986555891,4,-1.33625454459985,824.9,2.7,33.3
0.21734049480548084,0.33990623881605564,U8,MN8014,14.536803150940697,4.785278340123375,CPG,SSPG,0.09630315488402488,0.34482570064465745,0.20194967704708736,-1.1088995712233656,6,-1.3362779841931527,824.9,2.7,33.3
0.21733963742806214,0.33991889133363784,U8,MN8014,14.537067774527427,4.785822373668667,CPG,SSPG,0.09629999542357268,0.34481733452956204,0.20194714065699246,-1.1089125261753632,6,-1.3362773953358555,824.9,2.7,33.3
0.21733815887129082,0.3399163016412836,U8,MN8014,14.536811818528571,4.785313208073888,CPG,SSPG,0.09629913095444814,0.34480329175969476,0.20193823929322766,-1.1088316234952051,2,-1.3363328682045577,824.9,2.7,33.3
0.21733643443070855,0.33990347228265894,U8,MN8014,14.536553993822258,4.785174844035273,CPG,SSPG,0.09629743816144648,0.34480777988517985,0.2019303273992336,-1.108904740325469,1,-1.3362581907935756,824.9,2.7,33.3
0.2173264232213781,0.33989629344889527,U8,MN8014,14.536591752802426,4.786115042431271,CPG,SSPG,0.09629601595369258,0.3448117021453339,0.20193453113951235,-1.1088689686930255,5,-1.3358762126178547,824.9,2.7,33.3
0.21733324226060752,0.3399113289500463,U8,MN8014,14.537120687697008,4.787120982389684,CPG,SSPG,0.0962912823228247,0.3447937995424988,0.20194088515402808,-1.1087086092591396,5,-1.3362419928435312,824.9,2.7,33.3
0.2173298092256992,0.3399136811540473,U8,MN8014,14.536250622348026,4.7860451720032895,CPG,SSPG,0.09629697446659694,0.3447978371118163,0.20193667587856948,-1.108771855678248,6,-1.3363423476718364,824.9,2.7,33.3
0.2173369243794278,0.33991431121517357,U8,MN8014,14.536866401887377,4.7864583346839495,CPG,SSPG,0.09629424306729922,0.34480174071067116,0.2019394072421662,-1.1088131955473859,3,-1.3363775941501181,824.9,2.7,33.3
0.21733537677999962,0.3399162969975086,U8,MN8014,14.536420106951688,4.786521671959102,CPG,SSPG,0.09629807452114605,0.344811679620829,0.20193707466042715,-1.108892232051981,4,-1.336143936945172,824.9,2.7,33.3
0.2173402515239655,0.33993309408486344,U8,MN8014,14.536885380255782,4.78622047594453,CPG,SSPG,0.09629864848960373,0.34480752880276283,0.20194508163008473,-1.1087931633038963,6,-1.3359831134831985,824.9,2.7,33.3
0.21734541719514894,0.3399302238512457,U8,MN8014,14.537020175585207,4.785833866706968,CPG,SSPG,0.09629992460055019,0.3448080362933641,0.20193959641542233,-1.1088772466320393,5,-1.3361966796571974,824.9,2.7,33.3
0.21734111222867278,0.3399149119441063,U8,MN8014,14.536839150459562,4.785966887163298,CPG,SSPG,0.09629657529185848,0.3448097683051085,0.2019399097990221,-1.108830026333599,5,-1.336130423866848,824.9,2.7,33.3
0.21734310282292635,0.33991453030232077,U8,MN8014,14.537211661757855,4.786779411189085,CPG,SSPG,0.09629366287506125,0.3448076900591593,0.20193325626116232,-1.1089149573448835,6,-1.3361451233146635,824.9,2.7,33.3
0.21734120745519497,0.33991398273091733,U8,MN8014,14.53762334482639,4.787408410755061,CPG,SSPG,0.09629291842182891,0.34480886782507275,0.2019408903865208,-1.1088818688132291,5,-1.3361138997385158,824.9,2.7,33.3
0.21734660623824728,0.33991258837750216,U8,MN8014,14.537797376159174,4.788245471407223,CPG,SSPG,0.09629058486622594,0.3448029027996884,0.20193381288965204,-1.1089069985169009,2,-1.3362909930368083,824.9,2.7,33.3
0.2173477121317113,0.33992689712036744,U8,MN8014,14.53855627019032,4.788705546105627,CPG,SSPG,0.09628959057197246,0.34479408895404196,0.2019433898530795,-1.1088158866946025,7,-1.3363331338256863,824.9,2.7,33.3
0.21734297577063394,0.3399247957397064,U8,MN8014,14.538248484726571,4.789044524015558,CPG,SSPG,0.09629243878501494,0.3448024226300402,0.20194483628011228,-1.1088417238243622,1,-1.3360726719467646,824.9,2.7,33.3
0.21734635971210317,0.3399361743901539,U8,MN8014,14.538160873672716,4.787368293168664,CPG,SSPG,0.09629651614941559,0.34479775811745444,0.2019484876956949,-1.1087922361670322,6,-1.3362820926606602,824.9,2.7,33.3
0.21734020465884324,0.33994112040522056,U8,MN8014,14.537940123372852,4.788170115568767,CPG,SSPG,0.09629565221022884,0.34480283526470584,0.20196051937066403,-1.1087699262704818,6,-1.3364152011638826,824.9,2.7,33.3
0.21734072239891583,0.3399377112817654,U8,MN8014,14.537434557681257,4.787580823548764,CPG,SSPG,0.09630076225550188,0.3448130668191474,0.20195801565187557,-1.1088445559685405,6,-1.3363470846076826,824.9,2.7,33.3
0.21734629708734665,0.3399387029949559,U8,MN8014,14.53796973232412,4.7881397410535875,CPG,SSPG,0.0962942704947278,0.3447939839829232,0.20195153591087464,-1.108752457323452,4,-1.3365611790725005,824.9,2.7,33.3
0.21734777370662867,0.33994069247768116,U8,MN8014,14.537713993678318,4.787424967965064,CPG,SSPG,0.09629426569079144,0.3447887211331743,0.2019448821309625,-1.1087433224510332,5,-1.3365717791909635,824.9,2.7,33.3
0.21734715764193813,0.3399396297221174,U8,MN8014,14.53783469059185,4.787485686126241,CPG,SSPG,0.09629428542679302,0.3447921351492854,0.20194664029527168,-1.1087752627135625,4,-1.336565237139535,824.9,2.7,33.3
0.21734847926606,0.3399363108428523,U8,MN8014,14.537937290997759,4.787837106996808,CPG,SSPG,0.09629363065165675,0.3447903243074759,0.2019436126300282,-1.108776433290483,4,-1.33655272886444,824.9,2.7,33.3
0.21734636204026334,0.33992843196627276,U8,MN8014,14.538030888924641,4.7879570173131265,CPG,SSPG,0.09629158719328687,0.3447950739484073,0.2019456822324072,-1.1087963453181322,6,-1.3365225366479212,824.9,2.7,33.3
0.21734839327164437,0.3399351020394852,U8,MN8014,14.538110138124962,4.787606812617758,CPG,SSPG,0.09629368626655489,0.3447941265594886,0.2019477896636939,-1.1087733249544347,0,-1.33649046545127,824.9,2.7,33.3
0.21735129467563252,0.339931832183416,U8,MN8014,14.538195934992475,4.7873672483200025,CPG,SSPG,0.0962926222940457,0.34479624752099064,0.20194559134612491,-1.1087899014450715,2,-1.3364199649409336,824.9,2.7,33.3
0.21735430142358733,0.33992416953561344,U8,MN8014,14.538048346646935,4.787203877735475,CPG,SSPG,0.09629019772901815,0.3448002187586738,0.20193640662552403,-1.1088840817469952,7,-1.3363996177628987,824.9,2.7,33.3
0.21735626387529358,0.33994604696314684,U8,MN8014,14.538269524944337,4.787388382413738,CPG,SSPG,0.09629277691996393,0.3447934055231326,0.20194238289321276,-1.1088582463361374,3,-1.3365800068490952,824.9,2.7,33.3
0.2173555027946018,0.339940324367776,U8,MN8014,14.53854295166964,4.788116892789996,CPG,SSPG,0.09628926965935333,0.3447897053487223,0.20194249554168295,-1.1088245346346226,4,-1.3365952057396875,824.9,2.7,33.3
0.21736135543031376,0.3399391813989062,U8,MN8014,14.538761228660919,4.788233550072213,CPG,SSPG,0.09628783656895891,0.34478956536258154,0.20194145900046068,-1.1088256021411729,6,-1.3366506347756566,824.9,2.7,33.3
0.21736166907992158,0.3399336681300844,U8,MN8014,14.53865533521127,4.78825187101649,CPG,SSPG,0.09628768143804782,0.3447919936380091,0.20193931281354568,-1.1088369869154069,5,-1.3365988910531872,824.9,2.7,33.3
0.21735412596034273,0.3399348233087444,U8,MN8014,14.538198475805537,4.787664530785147,CPG,SSPG,0.09628931949772146,0.34479569636123064,0.2019399609459505,-1.1088637694565295,5,-1.3365023084243806,824.9,2.7,33.3
0.21735297006915436,0.33993161328711996,U8,MN8014,14.537971413530403,4.78788063430658,CPG,SSPG,0.09628871425103647,0.3447980949174844,0.20193829250185436,-1.1088863741475443,5,-1.336506011253313,824.9,2.7,33.3
0.21735250884548452,0.3399280560681557,U8,MN8014,14.538130388165204,4.78824044243355,CPG,SSPG,0.09628775104270473,0.3447979825599104,0.20194541046859224,-1.1088099432448062,1,-1.3365509724449058,824.9,2.7,33.3
0.21735414916533746,0.33993209713393047,U8,MN8014,14.538324883656903,4.788373232865899,CPG,SSPG,0.0962876259936154,0.3447989717117457,0.20194849480536506,-1.108812239356709,6,-1.3365643180273885,824.9,2.7,33.3
0.2173531362076727,0.3399338811475393,U8,MN8014,14.537965400742754,4.787658836030968,CPG,SSPG,0.09628964162464965,0.34479938716757463,0.20194907628096898,-1.108786512383193,1,-1.336566156357767,824.9,2.7,33.3
0.21735482584400506,0.33992921762266304,U8,MN8014,14.538230651032256,4.788070595360417,CPG,SSPG,0.09628741301018631,0.34479614401604375,0.20194660938835013,-1.108754384847643,6,-1.336462940384946,824.9,2.7,33.3
0.21735315483813641,0.3399281059729916,U8,MN8014,14.537900905281674,4.7882991902909735,CPG,SSPG,0.09628890664616029,0.344808374716963,0.20195245012988572,-1.108798558230999,3,-1.336423715724644,824.9,2.7,33.3
0.2173539028087997,0.33992611909500303,U8,MN8014,14.537788927586242,4.787760861042004,CPG,SSPG,0.09628940969763647,0.3448089255416563,0.2019457312644618,-1.1088564332012116,1,-1.3363818170587862,824.9,2.7,33.3
0.21735764137544103,0.3399273824122667,U8,MN8014,14.537562680339892,4.788268398452164,CPG,SSPG,0.09629032563921994,0.3448160969183689,0.20195096046800684,-1.1088526628529174,6,-1.3364633585324626,824.9,2.7,33.3
0.21735230102885844,0.3399315753987091,U8,MN8014,14.537897220599909,4.789267167937085,CPG,SSPG,0.09628996285441623,0.3448119042222548,0.2019604616677558,-1.1087766560029972,4,-1.3365000378570233,824.9,2.7,33.3
0.21735603557752872,0.3399327912632773,U8,MN8014,14.538249990503147,4.788802873199888,CPG,SSPG,0.09628717972825249,0.34480428684156583,0.2019545655915093,-1.108771500851725,3,-1.3364948845739235,824.9,2.7,33.3
0.21735747873334663,0.33993767702761113,U8,MN8014,14.538076173752996,4.788715710272671,CPG,SSPG,0.09629115967317851,0.34481833232802295,0.20195944283063144,-1.1088717110401405,2,-1.3364647801872565,824.9,2.7,33.3
0.21735266142657617,0.3399358887790744,U8,MN8014,14.537982218141426,4.78831409001074,CPG,SSPG,0.09629192870242087,0.3448179092515494,0.20195920750726362,-1.1088692094710955,4,-1.3363863297908214,824.9,2.7,33.3
0.21735947159508665,0.33993867000058814,U8,MN8014,14.538575249528478,4.788806176605488,CPG,SSPG,0.09628751084818732,0.3448060070585688,0.20195555555914574,-1.1088356700549495,6,-1.3365972806684017,824.9,2.7,33.3
0.21735773225085114,0.3399343597043883,U8,MN8014,14.53888940200046,4.789246755709351,CPG,SSPG,0.09628607712496434,0.34480533529589985,0.2019610249751918,-1.1087736723335606,2,-1.3365339833122576,824.9,2.7,33.3
0.21735820555110047,0.3399404666534982,U8,MN8014,14.538552593920562,4.78903303556416,CPG,SSPG,0.0962873674605789,0.3448102243593178,0.20196352371427703,-1.1088054486870687,1,-1.33661384374272,824.9,2.7,33.3
0.21735822027507776,0.3399361585595586,U8,MN8014,14.539103618055243,4.789319973182127,CPG,SSPG,0.09628385062743705,0.34480003206125653,0.20195800471660527,-1.1087769393687192,4,-1.336558618572143,824.9,2.7,33.3
0.21736518757551354,0.3399339987782649,U8,MN8014,14.539382157780954,4.789925729503532,CPG,SSPG,0.0962828676488699,0.34481020836718884,0.20196095137465,-1.1088220987778123,1,-1.3364616626662613,824.9,2.7,33.3
0.21736476184850587,0.3399363404065109,U8,MN8014,14.539801059848473,4.789373406936421,CPG,SSPG,0.09628260798301354,0.3448002834396687,0.20196130705162113,-1.1087904532376303,6,-1.33666958966357,824.9,2.7,33.3
0.2173556961970382,0.3399311899371755,U8,MN8014,14.539270669125498,4.789815892577247,CPG,SSPG,0.09628513125572793,0.34480649447921685,0.2019618136172437,-1.108773814767087,4,-1.336301274733886,824.9,2.7,33.3
0.21735649520459532,0.33992684216003166,U8,MN8014,14.539295125276123,4.789687963350955,CPG,SSPG,0.09628093806906192,0.3447994266304332,0.2019557979132103,-1.108792898408312,7,-1.3365674920221569,824.9,2.7,33.3
0.2173636320916319,0.3399260437590652,U8,MN8014,14.539581538838737,4.789277625035195,CPG,SSPG,0.09627889332602793,0.34479960574777857,0.20195217662826614,-1.1088163281957266,3,-1.3365509359829044,824.9,2.7,33.3
0.21736644258512933,0.33992832950487534,U8,MN8014,14.540042630321636,4.790372046656624,CPG,SSPG,0.0962748208699924,0.34479139404500786,0.2019563052172239,-1.1087332216978198,7,-1.3367141814708727,824.9,2.7,33.3
0.21736359690021703,0.3399243352490236,U8,MN8014,14.539883480859812,4.79096296996752,CPG,SSPG,0.09627516852955448,0.3447980850567073,0.20195856724030126,-1.1087643340813396,5,-1.3366608547717895,824.9,2.7,33.3
0.21737058471561688,0.33992681061894303,U8,MN8014,14.54051308473271,4.790382633763498,CPG,SSPG,0.09627329623147801,0.344794106312888,0.2019525643178928,-1.1088197265015727,6,-1.3366635142415877,824.9,2.7,33.3
0.21737212960187755,0.3399238075711934,U8,MN8014,14.540040001284826,4.790975234390423,CPG,SSPG,0.09627353147601206,0.3448018669826534,0.2019490777029778,-1.1088822666729876,6,-1.3366332557196845,824.9,2.7,33.3
0.21737234609119535,0.3399179710848275,U8,MN8014,14.539952648271356,4.7904112510063195,CPG,SSPG,0.09627306551661188,0.3448056808591585,0.20194688205214986,-1.1089148034342424,1,-1.336590717130921,824.9,2.7,33.3
0.21737237870534987,0.33992881000082925,U8,MN8014,14.539874436782524,4.790867844056513,CPG,SSPG,0.09627633620885784,0.3448078155955877,0.20195414838083592,-1.108899287039538,3,-1.3366596756788915,824.9,2.7,33.3
0.21737702868064235,0.33991843769319113,U8,MN8014,14.540239738355838,4.790901064142795,CPG,SSPG,0.09626841279579454,0.3447993293950972,0.20194061233071592,-1.1089238530915189,1,-1.336634998697635,824.9,2.7,33.3
0.21737812777233756,0.3399255755001487,U8,MN8014,14.540467531260447,4.790860482014011,CPG,SSPG,0.09627130187088412,0.34479704035191416,0.2019427696289477,-1.1089295066997717,0,-1.3367178828398707,824.9,2.7,33.3
0.21738002016974858,0.3399207260570921,U8,MN8014,14.540460562928795,4.7907900644092765,CPG,SSPG,0.0962684752128592,0.3447968220083922,0.2019422647964493,-1.1088952377018493,5,-1.336692112933271,824.9,2.7,33.3
0.2173791331376801,0.339923708200232,U8,MN8014,14.540582569584673,4.79118962520465,CPG,SSPG,0.09626865470312547,0.34479141840499555,0.20194193342856703,-1.1088740005024242,5,-1.3367501056591227,824.9,2.7,33.3
0.21738473887490706,0.33992215845811063,U8,MN8014,14.541243422587993,4.791804303164026,CPG,SSPG,0.09626807753497965,0.34479720838974154,0.20194305948334157,-1.1089437305753003,1,-1.336678408945069,824.9,2.7,33.3
0.2173852883671003,0.33992323987566764,U8,MN8014,14.541025801433666,4.7919597784265,CPG,SSPG,0.09626708249959487,0.34479805306061706,0.201940541405237,-1.1089792303812949,4,-1.336756518793095,824.9,2.7,33.3
0.21739019620952038,0.33993073067291973,U8,MN8014,14.541527588318736,4.791947417076393,CPG,SSPG,0.09626963348373918,0.344797519343519,0.20194266266226443,-1.1089897555520816,6,-1.3367261080099642,824.9,2.7,33.3
0.21738876397947104,0.3399279817190075,U8,MN8014,14.54124810348941,4.790676385982999,CPG,SSPG,0.09627112786313985,0.3447997785273581,0.20194147522262418,-1.1090045265407242,6,-1.336740499729407,824.9,2.7,33.3
0.21739994439882285,0.33992085071188743,U8,MN8014,14.541983369343333,4.79187019413343,CPG,SSPG,0.09626229610143432,0.34479654067665527,0.20193246814038843,-1.1090531693785182,6,-1.3367509223981369,824.9,2.7,33.3
0.21739607373596576,0.3399244021247333,U8,MN8014,14.5418647786355,4.792240415248349,CPG,SSPG,0.09626254792619407,0.3447952348170324,0.20193780936162972,-1.1090134746508375,4,-1.3368298597767296,824.9,2.7,33.3
0.21739590901965522,0.33992172206984866,U8,MN8014,14.542043728636422,4.792221229669177,CPG,SSPG,0.09626034496608762,0.3447957516830522,0.20193534855350997,-1.1090400126521114,0,-1.3367266810338982,824.9,2.7,33.3
0.21739839927525845,0.33992309124727,U8,MN8014,14.542432885658318,4.7923474642548145,CPG,SSPG,0.09625892184557958,0.3447892507557688,0.20193690500538455,-1.1089812656384312,7,-1.3367895379171557,824.9,2.7,33.3
0.21739629345245243,0.33992032286596113,U8,MN8014,14.541957390715469,4.7920873038470395,CPG,SSPG,0.09626186428859922,0.3447992134447052,0.201938489530993,-1.1090269660345742,6,-1.3367301028469694,824.9,2.7,33.3
0.21739612494023067,0.33992085468766975,U8,MN8014,14.541910651752103,4.791617098717553,CPG,SSPG,0.09626390929435404,0.344798367387414,0.20193540746798175,-1.1090496154408922,2,-1.3367128166253082,824.9,2.7,33.3
0.21739366958715484,0.3399192016278749,U8,MN8014,14.541814645875982,4.792254696150053,CPG,SSPG,0.09626337794148605,0.34480290710018496,0.20194029561246046,-1.1090526897685042,3,-1.3367518713359914,824.9,2.7,33.3
0.21739038601276003,0.3399206234960584,U8,MN8014,14.541893238872575,4.792442577002977,CPG,SSPG,0.09626263922521863,0.3447961691912977,0.20194179022049874,-1.108990832505695,5,-1.3367770013978078,824.9,2.7,33.3
0.21739157638033596,0.33993124191855917,U8,MN8014,14.542343238444943,4.792409136881282,CPG,SSPG,0.09626515958946674,0.3447875453166207,0.20194443805823534,-1.108941556441608,5,-1.3368268093657463,824.9,2.7,33.3
0.2173875156918792,0.3399319849984618,U8,MN8014,14.541766353015598,4.791389248135943,CPG,SSPG,0.09626934624759662,0.3447954512288007,0.20194026354745312,-1.109028463084078,7,-1.3366551595399976,824.9,2.7,33.3
0.2173855022318793,0.33993632829525017,U8,MN8014,14.541674955327155,4.791713626668238,CPG,SSPG,0.0962722043748887,0.3447955150861987,0.20194440418079596,-1.1089969390689673,3,-1.3366468165480967,824.9,2.7,33.3
0.21739323740410185,0.33993336686914255,U8,MN8014,14.542520991458554,4.7923887274853545,CPG,SSPG,0.09626323613822255,0.34478599373620444,0.20193677156667317,-1.1090089271787476,7,-1.3366944174868323,824.9,2.7,33.3
0.2173913028885245,0.3399367207966274,U8,MN8014,14.542541491184405,4.792415915491631,CPG,SSPG,0.09626527103879118,0.34478164279894363,0.20194365130067438,-1.1089200977990177,0,-1.3368141091514119,824.9,2.7,33.3
0.2173940170753762,0.3399322366038352,U8,MN8014,14.542680986517075,4.792161162789367,CPG,SSPG,0.09626416374190729,0.3447803391860622,0.2019368277186001,-1.1089693327367791,2,-1.3368237139713255,824.9,2.7,33.3
0.21739553493245078,0.3399346472470051,U8,MN8014,14.542810598513318,4.792194190396634,CPG,SSPG,0.09626264400552043,0.34477851280967614,0.20193943798980538,-1.1089337955320981,6,-1.3368570085104743,824.9,2.7,33.3
0.21738892729719472,0.339927751075134,U8,MN8014,14.542672539981742,4.79306943474217,CPG,SSPG,0.09626077018696469,0.3447724223461674,0.20194163939954055,-1.1088385875577274,4,-1.3368903350690875,824.9,2.7,33.3
0.21739106900895652,0.339935482188143,U8,MN8014,14.542885222930785,4.792917392464398,CPG,SSPG,0.09626125711928887,0.34476475749838875,0.2019381988297228,-1.1088329585960395,2,-1.336930201410258,824.9,2.7,33.3
0.2173904113695339,0.33992917313319937,U8,MN8014,14.54266774967218,4.792804042647229,CPG,SSPG,0.09626141636642258,0.3447738039364514,0.20194196887041568,-1.1088420802890113,3,-1.3368654461725864,824.9,2.7,33.3
0.21739066354509012,0.3399336706777245,U8,MN8014,14.542725171599491,4.7929941053515535,CPG,SSPG,0.09626275073688825,0.34477512753506606,0.20194236716257422,-1.1088754810050663,0,-1.3368618422943541,824.9,2.7,33.3
0.21739403988481876,0.33993450045814344,U8,MN8014,14.54335343934875,4.793761851313822,CPG,SSPG,0.09625673474424266,0.3447691238919639,0.2019446656496312,-1.1088323144639955,3,-1.3369286243104348,824.9,2.7,33.3
0.21738865335156074,0.3399310129941647,U8,MN8014,14.543173614752765,4.794094707396484,CPG,SSPG,0.09625547479491248,0.344772091869724,0.20195036366650998,-1.1087826499641955,4,-1.3368320382352952,824.9,2.7,33.3
0.21739437398623815,0.33992714150068104,U8,MN8014,14.543611546186204,4.794305429846851,CPG,SSPG,0.09625225764998904,0.3447672405722377,0.2019445593188337,-1.108798388208407,5,-1.3368916462306117,824.9,2.7,33.3
0.217391063635558,0.33992861209136455,U8,MN8014,14.543474302919705,4.794154643618319,CPG,SSPG,0.09625256730347648,0.3447639163218352,0.20194575293084308,-1.1087564984192875,6,-1.3368957715313847,824.9,2.7,33.3
0.21738374360068102,0.3399278544944988,U8,MN8014,14.54310787880888,4.793873173563069,CPG,SSPG,0.09625435393086235,0.3447629550922443,0.20194741877518835,-1.1087318337483012,6,-1.3368996562163407,824.9,2.7,33.3
0.21739314619064962,0.3399224183638452,U8,MN8014,14.544090573034588,4.794239631412603,CPG,SSPG,0.09624704582764546,0.34474862250545085,0.20193633696778115,-1.10872546064173,7,-1.3369786006383801,824.9,2.7,33.3
0.21739256931737042,0.33991856727378766,U8,MN8014,14.544406299954641,4.794519208507924,CPG,SSPG,0.09624050470953907,0.34474148741644317,0.20193789971798845,-1.108636757761702,3,-1.3369667619537946,824.9,2.7,33.3
0.2174010526072524,0.339917004089986,U8,MN8014,14.544864515094057,4.794975948362493,CPG,SSPG,0.09624169214470832,0.34474594854702995,0.20193365154576046,-1.1087462135796282,7,-1.3370494785687725,824.9,2.7,33.3
0.21740513799196742,0.33991003134086,U8,MN8014,14.544534610939879,4.794907085208535,CPG,SSPG,0.09623948924767034,0.3447535112237281,0.20192878469557277,-1.1088034954955024,6,-1.3370081022177818,824.9,2.7,33.3
0.21740450315319595,0.3399075381907275,U8,MN8014,14.544996109474644,4.7957696206921785,CPG,SSPG,0.09623449226037958,0.34475038777603845,0.20193447686875227,-1.1087286610190423,1,-1.3369677678129115,824.9,2.7,33.3
0.21740399719631742,0.33991764382719497,U8,MN8014,14.545650091068682,4.795287038158161,CPG,SSPG,0.0962344609492656,0.344735838929183,0.2019328804756965,-1.1086786291141921,3,-1.3369609207451472,824.9,2.7,33.3
0.2174006135678367,0.33991250861599753,U8,MN8014,14.544757839926351,4.794211491536342,CPG,SSPG,0.09623884886719963,0.3447512693567126,0.20192881688478767,-1.1088340808114152,1,-1.3369810734016134,824.9,2.7,33.3
0.21740560460100877,0.3399063361706841,U8,MN8014,14.545401073777526,4.794428239858645,CPG,SSPG,0.09623170107338391,0.34471841563506794,0.20191076563486432,-1.1086914564415902,4,-1.337149127109015,824.9,2.7,33.3
0.21740627114371078,0.3399229470038389,U8,MN8014,14.545303262152679,4.793413371336386,CPG,SSPG,0.09623754931800164,0.34471717322353035,0.20190586326285434,-1.1087875657153035,4,-1.3371387368652439,824.9,2.7,33.3
0.2174053972015434,0.3398965100602721,U8,MN8014,14.544797945457507,4.794093883948692,CPG,SSPG,0.09622817476615571,0.34471976447245567,0.20189860335173965,-1.1087438196153452,4,-1.3370699728794762,824.9,2.7,33.3
0.21740050124582758,0.3399069877935209,U8,MN8014,14.544834670299053,4.79477790732919,CPG,SSPG,0.09623019946636957,0.3447273167278584,0.20190691290344406,-1.1087891086296002,4,-1.3369434430001554,824.9,2.7,33.3
0.21740750483697235,0.3399174692225912,U8,MN8014,14.545387791473258,4.793744735524065,CPG,SSPG,0.09623605539504451,0.34473135334559724,0.2019218848260954,-1.1087472370842142,3,-1.3371616800670871,824.9,2.7,33.3
0.2174118716047589,0.3399220342437118,U8,MN8014,14.545192195301384,4.793615001057505,CPG,SSPG,0.09624359488380013,0.34474487022965633,0.20191799758300916,-1.108910433204455,3,-1.337048851225818,824.9,2.7,33.3
0.21740358303624563,0.3399243659663427,U8,MN8014,14.545451301512704,4.793461198525674,CPG,SSPG,0.09624202377063441,0.3447293895741352,0.2019240131789079,-1.108745623152073,7,-1.337107591572261,824.9,2.7,33.3
0.2174014539356261,0.33991790771708497,U8,MN8014,14.54480293483221,4.793081499035736,CPG,SSPG,0.09624015775089645,0.3447277289383341,0.2019116958160819,-1.1087904392304024,4,-1.3370617470045598,824.9,2.7,33.3
0.21740346338276648,0.33989582205207614,U8,MN8014,14.544511234767462,4.794089654644414,CPG,SSPG,0.09623080405337064,0.3447286790805721,0.20190438428422397,-1.1087554936534338,4,-1.3370333963268042,824.9,2.7,33.3
0.217407372390197,0.33991006482568575,U8,MN8014,14.54516509562496,4.794263109568159,CPG,SSPG,0.0962376825238822,0.3447325777579888,0.2019128895686751,-1.1088002696916122,4,-1.3370500194513877,824.9,2.7,33.3
0.2174135461079834,0.33991054871852067,U8,MN8014,14.546190219766823,4.795490849177673,CPG,SSPG,0.09622967764712476,0.34472257939611245,0.20191084717982244,-1.1087892531315986,5,-1.3371475816859757,824.9,2.7,33.3
0.21741148226592888,0.3399068316894815,U8,MN8014,14.544956762598117,4.79387121324734,CPG,SSPG,0.09623745721885786,0.3447345254649263,0.20190361649969168,-1.1088860451425404,2,-1.3370908209650896,824.9,2.7,33.3
0.21741585016254664,0.3399113665175055,U8,MN8014,14.546331442897912,4.794929900519549,CPG,SSPG,0.09623043115724773,0.34471981172569016,0.20191229843678674,-1.1087548855225604,0,-1.3372296974711944,824.9,2.7,33.3
0.21740707319957467,0.3399211998962528,U8,MN8014,14.545862646239225,4.795701604857906,CPG,SSPG,0.09623128931670905,0.3447150504822989,0.20191610395215195,-1.1086908649850442,3,-1.337194318382986,824.9,2.7,33.3
0.21740553242867902,0.33992261213385394,U8,MN8014,14.54563952127608,4.794755655533009,CPG,SSPG,0.09623597483917165,0.3447144735040484,0.20190809102048643,-1.1087662067303106,0,-1.3371446605811421,824.9,2.7,33.3
0.21740420852222675,0.33991371402945786,U8,MN8014,14.546199996125576,4.79443931739503,CPG,SSPG,0.09622931065606405,0.3446978591052071,0.20190055128326745,-1.108692746926119,6,-1.3371831670966365,824.9,2.7,33.3
0.21741049841459276,0.33992128574186165,U8,MN8014,14.546498914629023,4.795015166370361,CPG,SSPG,0.0962290727549337,0.34470344281765236,0.20190446806164852,-1.108732899207137,7,-1.3371793889749384,824.9,2.7,33.3
0.21741109425926625,0.33993222518859045,U8,MN8014,14.547176998240396,4.794157690776293,CPG,SSPG,0.09623272625341107,0.344694274231093,0.20190580956578866,-1.108702863068453,5,-1.337129671823451,824.9,2.7,33.3
0.21740015748921063,0.3399384499699055,U8,MN8014,14.546427240577723,4.793526640743867,CPG,SSPG,0.09623990373650906,0.3446998321411097,0.20191872596962382,-1.108640162990679,3,-1.3371825613529715,824.9,2.7,33.3
0.21741024636916906,0.33992908792013515,U8,MN8014,14.546703441611553,4.79385564436455,CPG,SSPG,0.09623450142019377,0.3446964023311884,0.20190635788118416,-1.1086854082005912,0,-1.3372321869802484,824.9,2.7,33.3
0.2174100968962082,0.33993111877599225,U8,MN8014,14.546621158018182,4.793169755459122,CPG,SSPG,0.09623534900200004,0.34469369408219536,0.2019009063727765,-1.1087140604730445,3,-1.3371999056226738,824.9,2.7,33.3
0.21741099481064635,0.3399321275602212,U8,MN8014,14.546849043881796,4.794818011800144,CPG,SSPG,0.09623125438833008,0.34469482394167505,0.20190638201818828,-1.108681931913766,7,-1.3371974576022545,824.9,2.7,33.3
0.21741341851043527,0.33992845533675414,U8,MN8014,14.547157698244746,4.7944983983831015,CPG,SSPG,0.09623104993996726,0.3446913717337308,0.20190477116980626,-1.1086769979672415,5,-1.3372851002709538,824.9,2.7,33.3
0.21741554227899826,0.33992085884579526,U8,MN8014,14.547252735032298,4.795137863373789,CPG,SSPG,0.09622235811986904,0.34469033126924853,0.20189808748215557,-1.1087076072189643,4,-1.3372523515430004,824.9,2.7,33.3
0.21742659251304086,0.33992836135291266,U8,MN8014,14.548281227502873,4.795196048921525,CPG,SSPG,0.09622486602797786,0.34469451237241155,0.2019042952890465,-1.1087655642922176,7,-1.3373534221244991,824.9,2.7,33.3
0.21742852655141987,0.33991950474198684,U8,MN8014,14.548763792806868,4.795111784040934,CPG,SSPG,0.09621525300711614,0.34467663788779057,0.2018913555353368,-1.108711978152688,6,-1.3373785591128389,824.9,2.7,33.3
0.21743419692529295,0.339923870959329,U8,MN8014,14.54984034549649,4.794962327277755,CPG,SSPG,0.09621390358412824,0.3446706674328084,0.2018952974447807,-1.1086939455769556,1,-1.3374461873534642,824.9,2.7,33.3
0.21743201015076546,0.33992555334363855,U8,MN8014,14.549465022649098,4.794669366715423,CPG,SSPG,0.09621519530960904,0.3446744880642248,0.20189667744352235,-1.1086967070122349,0,-1.337395967079539,824.9,2.7,33.3
0.2174267896866769,0.33992315054724276,U8,MN8014,14.549156318735443,4.793957527713682,CPG,SSPG,0.09621374656031659,0.3446677310588846,0.2018935649927153,-1.1086554643417048,6,-1.3374526739251937,824.9,2.7,33.3
0.21742992575699105,0.3399106520097282,U8,MN8014,14.54862810922032,4.794305281662507,CPG,SSPG,0.09620964375509503,0.34467011577026657,0.20187650726878772,-1.1087567738451454,6,-1.3373746375378257,824.9,2.7,33.3
0.21743421038046165,0.3399012968696425,U8,MN8014,14.54880439020634,4.793548572097672,CPG,SSPG,0.09620835553982103,0.34467197713348713,0.20187003351329139,-1.1087945227545322,0,-1.3372818402482505,824.9,2.7,33.3
0.2174312642246496,0.3399030160835359,U8,MN8014,14.547710566088844,4.792745734700529,CPG,SSPG,0.09621786765635967,0.3446966330206272,0.20188200372736392,-1.1088567787387937,1,-1.3372473432061014,824.9,2.7,33.3
0.21743238632761808,0.3399023174432092,U8,MN8014,14.548466095617563,4.793914997377548,CPG,SSPG,0.09621049028648787,0.34468675400328275,0.20188979716228245,-1.1087367682524831,0,-1.3374063589739773,824.9,2.7,33.3
0.21740904587209514,0.33991295490592804,U8,MN8014,14.546956595602683,4.793605689163605,CPG,SSPG,0.09622291798615112,0.34469712366596844,0.2018981356426477,-1.1087169306574935,6,-1.3369686806385275,824.9,2.7,33.3
0.21741566635707799,0.33990615622293363,U8,MN8014,14.547655687465413,4.795153483892835,CPG,SSPG,0.09621410216502944,0.34468083898151747,0.20188932288312247,-1.1086727455350496,6,-1.3372082246736348,824.9,2.7,33.3
0.21741808079379282,0.3399040464641373,U8,MN8014,14.547820025296497,4.794628599688329,CPG,SSPG,0.09621320390461294,0.3446851818265443,0.20189128730243602,-1.108687834556557,3,-1.3371714939428312,824.9,2.7,33.3
0.2174262820190147,0.3399020258086145,U8,MN8014,14.548119025599206,4.793888535397972,CPG,SSPG,0.09621190285527301,0.34467235037150373,0.2018805452332451,-1.1086638374941455,5,-1.3373464294824498,824.9,2.7,33.3
0.21741767810543164,0.3399120070445616,U8,MN8014,14.54884844562065,4.794493610152544,CPG,SSPG,0.0962065178139517,0.3446452858732402,0.2018831862424165,-1.1084937271177466,2,-1.3374753016480252,824.9,2.7,33.3
0.21741105521055165,0.33991814109393204,U8,MN8014,14.548380739225987,4.794143598261703,CPG,SSPG,0.09621170061263129,0.34465366093545996,0.20188967603096958,-1.108512789992837,0,-1.3373509815560407,824.9,2.7,33.3
0.21741669259300994,0.33989689025086334,U8,MN8014,14.548676128966758,4.79481111953291,CPG,SSPG,0.09620084855155348,0.3446412344210081,0.20187367411284557,-1.1084810353191326,6,-1.3374302753978,824.9,2.7,33.3
0.21743098609739814,0.33990509975950955,U8,MN8014,14.549866057434006,4.7941821414645025,CPG,SSPG,0.09619861255431306,0.34463103138389095,0.20186531026988108,-1.1085540726681644,1,-1.3376013221490197,824.9,2.7,33.3
0.21742181045053469,0.33990927141700567,U8,MN8014,14.549056824636377,4.79434849755687,CPG,SSPG,0.0962029867290392,0.34464946095451526,0.20188041361652947,-1.1085661175984511,3,-1.3374846979296962,824.9,2.7,33.3
0.2174352958422205,0.33989766648986386,U8,MN8014,14.54939246652147,4.794120555120323,CPG,SSPG,0.09620022256679936,0.3446529455483351,0.20187068469608682,-1.1086437986166398,7,-1.3375618542193788,824.9,2.7,33.3
0.21742982947987133,0.33990789350350686,U8,MN8014,14.549977258726392,4.7953135433467935,CPG,SSPG,0.09619738522458977,0.344643216389859,0.20187969606018275,-1.1085437341230646,1,-1.3375302762495043,824.9,2.7,33.3
0.21742720746306524,0.33989642312557744,U8,MN8014,14.549057035969938,4.793770889171478,CPG,SSPG,0.09620040169436755,0.3446528349555626,0.20187450758064088,-1.1085995469528473,0,-1.3375145111188527,824.9,2.7,33.3
0.217434873981602,0.33989392041301114,U8,MN8014,14.548860274469316,4.794046693230716,CPG,SSPG,0.09620244960634229,0.3446619039008416,0.2018690364568326,-1.1086984311909127,4,-1.3375138410731697,824.9,2.7,33.3
0.21743709955107504,0.3398975091623832,U8,MN8014,14.54959102845592,4.7937186486545675,CPG,SSPG,0.09620160073771944,0.3446504177734407,0.20186534817159496,-1.1086853592323827,0,-1.3375546191213736,824.9,2.7,33.3
0.21743375028753917,0.33989876671710983,U8,MN8014,14.549244798946376,4.794203398354499,CPG,SSPG,0.09620297326061891,0.34465649277382016,0.20186873676766884,-1.1087045423074247,2,-1.33752591206434,824.9,2.7,33.3
0.2174292246901191,0.339887861123652,U8,MN8014,14.549020459623595,4.7944672397577,CPG,SSPG,0.09619596854202395,0.3446426512942967,0.20186344493346056,-1.1085699257493893,1,-1.3375710648945471,824.9,2.7,33.3
0.21742788511751515,0.33989246876879914,U8,MN8014,14.548984517097416,4.79356991323756,CPG,SSPG,0.09620066952483453,0.34464058988181545,0.20186289189723172,-1.108573618841577,4,-1.3375677452498085,824.9,2.7,33.3
0.21742740052745088,0.3398827833930175,U8,MN8014,14.549013889531569,4.79413974117428,CPG,SSPG,0.09619775732704788,0.3446400255402372,0.20186457564724486,-1.1085094818756638,3,-1.3375519165138563,824.9,2.7,33.3
0.2174313304894465,0.3398937958474511,U8,MN8014,14.54930067910307,4.794135458666649,CPG,SSPG,0.09620103936464727,0.34464246646725427,0.20186569995038392,-1.1085685700044077,5,-1.3375236297956228,824.9,2.7,33.3
0.21742810242019156,0.33988963426725183,U8,MN8014,14.549206171467372,4.794595800041436,CPG,SSPG,0.0961974146142826,0.34463655171236646,0.20186352498618065,-1.1085300616530853,1,-1.3375890250273663,824.9,2.7,33.3
0.2174266696540082,0.3398918188698327,U8,MN8014,14.549746685271261,4.794413665100466,CPG,SSPG,0.09619661114036752,0.3446286841333619,0.20186558707570187,-1.1084799275092267,3,-1.3375822975039657,824.9,2.7,33.3
0.21742903417661993,0.3398951524720907,U8,MN8014,14.549817771120201,4.793934292222432,CPG,SSPG,0.09619672231407012,0.34462693508468756,0.20186227350711256,-1.1085139128002723,5,-1.3376292625724435,824.9,2.7,33.3
0.217430146565668,0.3398839721623793,U8,MN8014,14.549484040025915,4.7944170046747665,CPG,SSPG,0.0961952072477571,0.3446352224090171,0.20185932834588843,-1.1085592480778876,6,-1.3375923484694123,824.9,2.7,33.3
0.21742947119114375,0.339895732368858,U8,MN8014,14.549562854975385,4.794327034622359,CPG,SSPG,0.09620128203292352,0.34463732742274966,0.20186326006494568,-1.108581186035207,3,-1.3375153940284115,824.9,2.7,33.3
0.21742739003494765,0.3398978074889686,U8,MN8014,14.549796357728683,4.794029451565783,CPG,SSPG,0.09619945439137018,0.34463286098983886,0.20186448851029734,-1.1085595467157383,6,-1.3375266046530836,824.9,2.7,33.3
0.21743419070132844,0.33990076804299424,U8,MN8014,14.549934165755323,4.7936575194862066,CPG,SSPG,0.09620210583906241,0.34463950420260336,0.20186202000145986,-1.1086560278280537,1,-1.3375377076119328,824.9,2.7,33.3
0.21742804981109567,0.33989673515537205,U8,MN8014,14.549524009833377,4.794045698077374,CPG,SSPG,0.09620306926626523,0.3446450500395627,0.20186974439895536,-1.108600765914673,7,-1.3374888709256858,824.9,2.7,33.3
0.21742383812824234,0.33990655825938265,U8,MN8014,14.54898660782511,4.793152799852948,CPG,SSPG,0.0962110690813345,0.3446503983565603,0.20187534113921657,-1.1086059123461025,2,-1.3374764799090038,824.9,2.7,33.3
0.21741971725959755,0.33989968056620795,U8,MN8014,14.548833181509615,4.79288166724675,CPG,SSPG,0.09620620676476668,0.3446409699469144,0.20187193260109054,-1.1085180864571693,4,-1.3374922359050654,824.9,2.7,33.3
0.21742499273111823,0.339908090778999,U8,MN8014,14.549230131980751,4.792585199196983,CPG,SSPG,0.0962102302831862,0.3446427427511808,0.20187175082942163,-1.1085848428913687,1,-1.337505058907869,824.9,2.7,33.3
0.21742522215188975,0.33990955336515466,U8,MN8014,14.549339312851885,4.79261519403345,CPG,SSPG,0.09621202342463338,0.3446546525933906,0.20188406452709498,-1.1085896544888911,5,-1.3374764370030068,824.9,2.7,33.3
0.21743227921984248,0.3399053220960923,U8,MN8014,14.549667751219015,4.793129266988724,CPG,SSPG,0.0962087528176866,0.3446554931444444,0.20187496826141008,-1.1086862964893778,6,-1.3374864968468252,824.9,2.7,33.3
0.21742579541949725,0.33990809430133584,U8,MN8014,14.549723456492572,4.793028463948481,CPG,SSPG,0.09620861131360102,0.3446400566341209,0.20187011065059315,-1.1086072288391984,2,-1.33744734743353,824.9,2.7,33.3
0.21743403740161515,0.33989574943467016,U8,MN8014,14.549639834291925,4.792881870524954,CPG,SSPG,0.09620646978831991,0.34465088790778897,0.20186933197520776,-1.1086433441609438,0,-1.3374752021122092,824.9,2.7,33.3
0.2174311550133278,0.33989203440622695,U8,MN8014,14.54965531298387,4.793202623615307,CPG,SSPG,0.09620020769153197,0.3446379815815483,0.20186089390041528,-1.10860421644239,0,-1.3375244921773977,824.9,2.7,33.3
0.21743014216382855,0.3398863819965757,U8,MN8014,14.549608478202837,4.793354754910687,CPG,SSPG,0.09619796133680776,0.34463562588946284,0.20186000014899,-1.1085704963857679,2,-1.3375522787725824,824.9,2.7,33.3
0.21743529429092945,0.3398860540021531,U8,MN8014,14.549856707664526,4.793706346207868,CPG,SSPG,0.09619773517208219,0.3446394417538867,0.20185930491221019,-1.1086183770598184,1,-1.3375595002266678,824.9,2.7,33.3
0.2174377579440192,0.3398783087817637,U8,MN8014,14.549494867570303,4.79347044263876,CPG,SSPG,0.09619643721503696,0.3446446542339073,0.20185336449848626,-1.1086778209129378,3,-1.3375894198117138,824.9,2.7,33.3
0.2174417447618482,0.3398735653449786,U8,MN8014,14.549962039195265,4.793587933618583,CPG,SSPG,0.09619246820473634,0.34463456992350183,0.20184677911955445,-1.1086502287062916,7,-1.337654720763343,824.9,2.7,33.3
0.21744352006599899,0.3398781397890541,U8,MN8014,14.549898655616163,4.793753906286768,CPG,SSPG,0.09619646167464893,0.344644166648955,0.20185132036517578,-1.1086979983198395,3,-1.337578752947147,824.9,2.7,33.3
0.21743936780882706,0.33988058421501266,U8,MN8014,14.549811451180657,4.793984353785626,CPG,SSPG,0.09619782105062638,0.3446458595619448,0.20185939378664816,-1.1086511860524753,2,-1.3376019634349792,824.9,2.7,33.3
0.21744007758002543,0.3398803877951158,U8,MN8014,14.549805793788977,4.793742819660515,CPG,SSPG,0.09619840207543312,0.3446466032202938,0.20185677635800242,-1.1086854387060892,1,-1.3375938984578504,824.9,2.7,33.3
0.21743693500490618,0.33988152004313543,U8,MN8014,14.549405771849251,4.793086301858695,CPG,SSPG,0.0962027642287542,0.34465105947112723,0.20186056830146493,-1.108671912250388,6,-1.3375693914814075,824.9,2.7,33.3
0.21744216127000784,0.33989001767165233,U8,MN8014,14.54971207603475,4.793520699066505,CPG,SSPG,0.09620310197383651,0.3446464371729071,0.2018569126247978,-1.1087012521417279,3,-1.3376192673676943,824.9,2.7,33.3
0.21744086476390578,0.33988077800782346,U8,MN8014,14.54989179551268,4.793372388998974,CPG,SSPG,0.09619986890070534,0.34464100310713974,0.2018525686113276,-1.1086718660722508,1,-1.3375880202266668,824.9,2.7,33.3
0.21744186902714838,0.3398853195210302,U8,MN8014,14.54999280928841,4.793403319164415,CPG,SSPG,0.09619901510012725,0.34464247523382135,0.20185481239489325,-1.1086888184439707,3,-1.337608273754908,824.9,2.7,33.3
0.217443272491291,0.3398928201633914,U8,MN8014,14.549860631661236,4.792791554173283,CPG,SSPG,0.09620480778940141,0.3446463719081076,0.20185581555556398,-1.1087255650213745,4,-1.3375788836453708,824.9,2.7,33.3
0.21744520440491452,0.3398872629578768,U8,MN8014,14.549842995120972,4.792619994434467,CPG,SSPG,0.0962016824137844,0.34464060593589435,0.20184646100177484,-1.1087409898188483,2,-1.3376171302297077,824.9,2.7,33.3
0.217442296425446,0.3398894073733393,U8,MN8014,14.549772898235076,4.793244114745979,CPG,SSPG,0.0962002145584463,0.344639049824763,0.20184916155262697,-1.1087085383227626,3,-1.3376145867407416,824.9,2.7,33.3
0.21743705392590318,0.3398905117965968,U8,MN8014,14.549601747308925,4.793022894028333,CPG,SSPG,0.09620050935020406,0.34463451237415715,0.2018498139905076,-1.108665396013679,4,-1.3376143428988687,824.9,2.7,33.3
0.21744139152276015,0.3398827062228654,U8,MN8014,14.54998696819423,4.793862173090946,CPG,SSPG,0.09619395841336598,0.34463529363714585,0.20184857744517684,-1.1086756632978774,4,-1.33763756940726,824.9,2.7,33.3
0.21743657623084273,0.3398848069917848,U8,MN8014,14.549374469188662,4.793146196563153,CPG,SSPG,0.09620010792448525,0.3446404916180535,0.20185055785713932,-1.108682442140588,7,-1.337591067556959,824.9,2.7,33.3
0.21743993083399787,0.33989247928621386,U8,MN8014,14.549583541598553,4.793361249365492,CPG,SSPG,0.0962008157881094,0.3446334593848429,0.20184378751407991,-1.1087143338782595,3,-1.3376139066216322,824.9,2.7,33.3
0.21744295667255803,0.33989310119419747,U8,MN8014,14.54982948389046,4.792890431310467,CPG,SSPG,0.09620243168170249,0.3446368986148463,0.20184676797863485,-1.1087323650003154,7,-1.3376379495690447,824.9,2.7,33.3
0.2174377357514491,0.339896962520543,U8,MN8014,14.549699780250947,4.793089658486705,CPG,SSPG,0.09620591197132441,0.3446431736669503,0.2018549608493586,-1.1087185881408592,0,-1.337502429038679,824.9,2.7,33.3
0.21744018956471464,0.339897008237523,U8,MN8014,14.5498513213407,4.792889189407878,CPG,SSPG,0.09620376404892027,0.3446385839706498,0.20185041953036068,-1.1087292211955628,6,-1.3375598646432358,824.9,2.7,33.3
0.21743855082947977,0.33989528821136605,U8,MN8014,14.54966786915262,4.793294710876716,CPG,SSPG,0.09620406716315485,0.34464358141415363,0.20185371174785408,-1.1087306505323271,1,-1.3375364120974833,824.9,2.7,33.3
0.2174392103495674,0.33989651714655617,U8,MN8014,14.549627870128987,4.792903149223732,CPG,SSPG,0.0962047466502084,0.34464088815987776,0.20185417286893806,-1.1087010696493447,6,-1.3376065417996088,824.9,2.7,33.3
0.21744093983420615,0.3398977779988506,U8,MN8014,14.549508177781874,4.793305537559227,CPG,SSPG,0.09620723578430683,0.34465108012154855,0.201857627890531,-1.1087589686520762,7,-1.3375712811865927,824.9,2.7,33.3
0.2174447825302044,0.33989474430607447,U8,MN8014,14.549867047877427,4.793266621219479,CPG,SSPG,0.09620421126134367,0.34464444402403704,0.20185284216561752,-1.1087451435844562,2,-1.3376196178396142,824.9,2.7,33.3
0.2174459104010175,0.33989407806406646,U8,MN8014,14.54992593725756,4.792995749462971,CPG,SSPG,0.09620380106268993,0.3446423156002707,0.20184745345476296,-1.1087813228614989,6,-1.337616336104988,824.9,2.7,33.3
0.21744056618934332,0.3398945403629991,U8,MN8014,14.549654527420124,4.793168874277031,CPG,SSPG,0.09620498688104437,0.34464131312840124,0.20185294784995522,-1.108707699280581,3,-1.337609086597407,824.9,2.7,33.3
0.2174458162569199,0.33989687577885047,U8,MN8014,14.549904696076934,4.792948223924319,CPG,SSPG,0.0962047353963209,0.34464244616950324,0.20185089095826944,-1.1087531813196747,1,-1.3376348936522238,824.9,2.7,33.3
0.21744571043376767,0.3398920537645225,U8,MN8014,14.549848914153985,4.793298423287906,CPG,SSPG,0.09620291321316843,0.3446405955656053,0.2018472940311593,-1.1087489624072702,6,-1.3376270166187663,824.9,2.7,33.3
0.21744548483426182,0.33989772587542455,U8,MN8014,14.549910158618703,4.793248075285863,CPG,SSPG,0.09620390681723484,0.3446372357353674,0.2018465916090236,-1.1087495342434752,4,-1.3376413579680069,824.9,2.7,33.3
0.21744531366605482,0.33989659192269833,U8,MN8014,14.549676605374948,4.793321517995889,CPG,SSPG,0.09620508758500565,0.3446417885395679,0.20184762496714595,-1.108762383690903,4,-1.3376262273062096,824.9,2.7,33.3
0.21744753279439927,0.33989502468899496,U8,MN8014,14.54983479981853,4.79328574403849,CPG,SSPG,0.09620201370156894,0.3446333709478402,0.20184001472068192,-1.10875917337026,4,-1.3376826530547294,824.9,2.7,33.3
0.21744470156596557,0.3398952224382581,U8,MN8014,14.549635361834584,4.7934409150343456,CPG,SSPG,0.09620271279983077,0.34463638695541643,0.20184232414905598,-1.1087595800022088,4,-1.3376453659699123,824.9,2.7,33.3
0.2174467394990223,0.3398989523069137,U8,MN8014,14.549859097453872,4.793233283070831,CPG,SSPG,0.0962037047072263,0.3446371462132197,0.20184321423485888,-1.108782239742596,5,-1.3376425483516883,824.9,2.7,33.3
0.21744756502674356,0.33989136467746767,U8,MN8014,14.549754874526792,4.792918744146493,CPG,SSPG,0.09620188272247211,0.3446336971645381,0.20183660793089378,-1.108779122117261,7,-1.3376660834940477,824.9,2.7,33.3
0.21744747289001137,0.33989603927502665,U8,MN8014,14.54960386912959,4.79291753593118,CPG,SSPG,0.09620424954911064,0.34463584384620105,0.20183746009578687,-1.1087981378531873,7,-1.3376626184172498,824.9,2.7,33.3
0.21745069302468326,0.33989107274393776,U8,MN8014,14.549703054036609,4.7930153365141726,CPG,SSPG,0.09620250214860077,0.3446375929731834,0.20183393921077575,-1.108829943825866,3,-1.3376479388865583,824.9,2.7,33.3
0.21745145149702533,0.33988962261875344,U8,MN8014,14.54979665639873,4.792412285775589,CPG,SSPG,0.09620120796986165,0.34463028139539553,0.20182810030015919,-1.1088134765341773,1,-1.3376628942484459,824.9,2.7,33.3
0.2174507912750322,0.33989026816766704,U8,MN8014,14.549748736452715,4.7929369469869965,CPG,SSPG,0.09620195125149472,0.3446387363332105,0.2018364239371514,-1.1088169807862391,7,-1.337662876091228,824.9,2.7,33.3
0.2174536229499605,0.3398833780376082,U8,MN8014,14.549785208146238,4.792367966371582,CPG,SSPG,0.09620070450335823,0.3446353556877031,0.20182960588390897,-1.108818190706161,2,-1.3376702928421818,824.9,2.7,33.3
0.21745089200001716,0.3398867072347168,U8,MN8014,14.549801444876515,4.792457347665716,CPG,SSPG,0.09620142945342831,0.34463782244877245,0.2018368424710814,-1.1087917184608864,7,-1.3376685391659304,824.9,2.7,33.3
0.21745126001723775,0.3398853236918855,U8,MN8014,14.549748207371143,4.791843017545613,CPG,SSPG,0.09620321397179621,0.3446402976256797,0.20183805679785588,-1.1087949302546214,3,-1.3376764778735133,824.9,2.7,33.3
0.21744890611171572,0.3398913776083328,U8,MN8014,14.549858773596053,4.792195628446903,CPG,SSPG,0.09620252966318804,0.344631668057642,0.2018352901950266,-1.1087719157343456,6,-1.3376657111281762,824.9,2.7,33.3
0.217448492354557,0.3398945134193428,U8,MN8014,14.549977698550997,4.792369470676763,CPG,SSPG,0.0962018112670335,0.3446272644396207,0.20183408251300133,-1.1087630997692384,4,-1.3376805253679347,824.9,2.7,33.3
0.21744577799893747,0.3398944058353174,U8,MN8014,14.549756354468528,4.792447909289012,CPG,SSPG,0.09620157972768767,0.3446257688683572,0.20183341628390558,-1.1087495398659066,7,-1.3376913790004465,824.9,2.7,33.3
0.2174464097503969,0.3398903795323855,U8,MN8014,14.549922743382728,4.792893491048396,CPG,SSPG,0.09619861596794199,0.3446204696924689,0.20182914466903035,-1.1087362585582983,4,-1.3377031092739387,824.9,2.7,33.3
0.21744720728943395,0.33988895176018913,U8,MN8014,14.549935056320276,4.7928343787447725,CPG,SSPG,0.09619816944303514,0.3446200546169148,0.2018286607264479,-1.1087243354590672,2,-1.337688229444188,824.9,2.7,33.3
0.21744603961089082,0.33988023630736747,U8,MN8014,14.549934392455715,4.792834150986956,CPG,SSPG,0.0961940093412314,0.34461828264321703,0.20182707678345885,-1.1086972389313043,1,-1.3377003483468233,824.9,2.7,33.3
0.21744694092370354,0.3398864227116606,U8,MN8014,14.549940526973018,4.792307736333187,CPG,SSPG,0.09619654239952474,0.34461465072335257,0.20182433149840864,-1.1087077445090467,1,-1.3377113121112796,824.9,2.7,33.3
0.2174465019255432,0.3398834108795508,U8,MN8014,14.549709568359239,4.792988712804636,CPG,SSPG,0.09619424245411698,0.3446151362620829,0.2018232242900535,-1.1087028513382915,2,-1.337753971407409,824.9,2.7,33.3
0.21744859125650856,0.33988196070882104,U8,MN8014,14.549966724886295,4.792831388788228,CPG,SSPG,0.09619158451603696,0.34460766146343197,0.20181573942468992,-1.1087138864553845,0,-1.3377711479833039,824.9,2.7,33.3
0.2174479017631315,0.33987772696007884,U8,MN8014,14.549829124579457,4.7932503823641355,CPG,SSPG,0.0961899335858569,0.3446112892864949,0.20181742120389146,-1.108708414580079,0,-1.3377558510239567,824.9,2.7,33.3
0.21744608067773075,0.3398753233609233,U8,MN8014,14.549708275663196,4.7935712383646925,CPG,SSPG,0.09618896746766883,0.3446093052203493,0.2018182873676809,-1.1086658070687103,4,-1.3377721877435782,824.9,2.7,33.3
0.21744842509731135,0.33987396328609165,U8,MN8014,14.549721733480803,4.793487099752503,CPG,SSPG,0.09618795647609885,0.3446081530431942,0.20181318189661,-1.1086971310867004,4,-1.337780127574625,824.9,2.7,33.3
0.21744398212173766,0.3398752491840336,U8,MN8014,14.549587366732899,4.793654703412949,CPG,SSPG,0.09618596386971486,0.3446000124199178,0.2018118719554204,-1.1086363592785191,4,-1.3377964716817754,824.9,2.7,33.3
0.2174490187066764,0.33986686852942605,U8,MN8014,14.549618330885101,4.793648319783696,CPG,SSPG,0.09618235920850424,0.34460136218241305,0.20180539521456836,-1.1086738430553598,2,-1.337816130122464,824.9,2.7,33.3
0.2174432151761907,0.33986695759260965,U8,MN8014,14.549564675605188,4.7936090472339306,CPG,SSPG,0.09618281737379644,0.34459885203224316,0.20181229655820107,-1.108588719125111,4,-1.3378110665190697,824.9,2.7,33.3
0.2174454575378264,0.3398724115476912,U8,MN8014,14.549602611117251,4.7934950408524335,CPG,SSPG,0.09618429698998623,0.34459486347089324,0.2018062254368102,-1.1086303112075404,5,-1.3378341373098088,824.9,2.7,33.3
0.21744615141209944,0.3398600049393185,U8,MN8014,14.549450626013533,4.793508563910921,CPG,SSPG,0.09617925839287163,0.3445912966052722,0.20179849361048355,-1.1086137316453644,6,-1.33784319147148,824.9,2.7,33.3
0.21744353494474358,0.3398649459746803,U8,MN8014,14.54972848160311,4.793343500170674,CPG,SSPG,0.09617884432717676,0.3445859205225471,0.20180332700902373,-1.1085573602094851,5,-1.3378653186830984,824.9,2.7,33.3
0.2174453589141278,0.33985931266147396,U8,MN8014,14.549522981593329,4.793264670663521,CPG,SSPG,0.0961771132440962,0.34458593346333455,0.20179673805062612,-1.1085826369643539,6,-1.3378612596631303,824.9,2.7,33.3
0.21744532593002425,0.3398595390302124,U8,MN8014,14.549633378029682,4.793441543969766,CPG,SSPG,0.09617548339569618,0.3445807307944203,0.2017941425911069,-1.1085690898860099,2,-1.3378920260567835,824.9,2.7,33.3
0.21744705677841758,0.33985268236636607,U8,MN8014,14.549656455628377,4.793855051107861,CPG,SSPG,0.09617257518487385,0.34458241304902515,0.2017927751233785,-1.1085707134545144,7,-1.3378933423420811,824.9,2.7,33.3
0.21744727306639056,0.3398493147284301,U8,MN8014,14.549761222475786,4.793480706685567,CPG,SSPG,0.09617083068103524,0.34457629181290633,0.2017871460899835,-1.1085646549394133,2,-1.3379137741857825,824.9,2.7,33.3
0.21744867059440018,0.3398571410029114,U8,MN8014,14.549688381959928,4.79349020009736,CPG,SSPG,0.09617461006074365,0.3445784864820741,0.20178767845519785,-1.1086000640947082,4,-1.3379153322229236,824.9,2.7,33.3
0.21744681796467155,0.3398514802467618,U8,MN8014,14.54951564752196,4.793114801561444,CPG,SSPG,0.09617281020491789,0.3445756212978931,0.20178434918945873,-1.1085752411346534,0,-1.3379043020392647,824.9,2.7,33.3
0.2174500520540715,0.339846773934323,U8,MN8014,14.549773250109336,4.792887075032155,CPG,SSPG,0.09617120292811417,0.3445708663925345,0.20177959727716172,-1.1085703842370702,1,-1.337950158382677,824.9,2.7,33.3
0.2174494856658511,0.3398438098279784,U8,MN8014,14.549497833063167,4.793137922986584,CPG,SSPG,0.09617011524481017,0.34457354696726883,0.20177830704124788,-1.108581586488077,0,-1.3379424231295935,824.9,2.7,33.3
0.21744958636555137,0.3398403557843933,U8,MN8014,14.549702417065447,4.793560775313326,CPG,SSPG,0.09616444261896816,0.3445596833021314,0.20176936494506495,-1.1085388884223915,2,-1.3379992912419745,824.9,2.7,33.3
0.21745204435827803,0.3398457529347533,U8,MN8014,14.54974741932115,4.793267330237765,CPG,SSPG,0.09616977907738326,0.34457057499610466,0.20177448794952604,-1.1086109719605335,7,-1.337951438710995,824.9,2.7,33.3
0.21744870087039142,0.33983840007369215,U8,MN8014,14.549553411324892,4.793243459672867,CPG,SSPG,0.096164223138059,0.34455646781062443,0.20176395025880406,-1.1085474337389383,0,-1.3379921121891254,824.9,2.7,33.3
0.21744904742191418,0.3398385067558668,U8,MN8014,14.549702749024965,4.793758866701276,CPG,SSPG,0.0961642560157738,0.344561103349993,0.2017703508003737,-1.1085374301389912,0,-1.3379839265254692,824.9,2.7,33.3
0.21744742276603327,0.3398353212746814,U8,MN8014,14.549479153098444,4.793706549457165,CPG,SSPG,0.09616456841545279,0.3445614726367459,0.2017693867894418,-1.1085257646004398,0,-1.3379700516260034,824.9,2.7,33.3
0.21744776967920162,0.3398386146767272,U8,MN8014,14.549398688141586,4.793924279456782,CPG,SSPG,0.09616522292669971,0.34456228133470496,0.20176664484707552,-1.1085680720864919,2,-1.3379454049204274,824.9,2.7,33.3
0.21744572633302792,0.33983380137045754,U8,MN8014,14.549255494168564,4.793852385382441,CPG,SSPG,0.09616153048670456,0.3445547177437414,0.20176211607592168,-1.1085176973363793,2,-1.3379856156407506,824.9,2.7,33.3
0.21744583460771674,0.3398378471938338,U8,MN8014,14.549299850024859,4.793630618841028,CPG,SSPG,0.09616433103416251,0.3445548763504564,0.2017631409898702,-1.108525037913693,6,-1.3379765867387885,824.9,2.7,33.3
0.21744729664213935,0.3398314080045185,U8,MN8014,14.54915859027399,4.793522760066285,CPG,SSPG,0.09616228698915516,0.34455411742357517,0.201757468792377,-1.1085334984904542,0,-1.3379643693030232,824.9,2.7,33.3
0.21744764293816415,0.33983448762673724,U8,MN8014,14.549226290588516,4.793947117900082,CPG,SSPG,0.09616237554870671,0.34455642596681396,0.20176091640829555,-1.108536731748436,4,-1.3379650144103614,824.9,2.7,33.3
0.2174472026179812,0.3398289753691196,U8,MN8014,14.549141719340641,4.7934841960760926,CPG,SSPG,0.0961621792552257,0.3445546229412498,0.2017579616137063,-1.1085262436188423,6,-1.3379833248675048,824.9,2.7,33.3
0.217447882733856,0.33983284666092894,U8,MN8014,14.549390060928744,4.7935861711432395,CPG,SSPG,0.09616209045931869,0.34455186936764637,0.20175924922644833,-1.108514433022352,0,-1.337990609511305,824.9,2.7,33.3
0.2174463737559156,0.33982634343887824,U8,MN8014,14.549156062168375,4.793652675669552,CPG,SSPG,0.09615909474382703,0.3445439351975593,0.2017513303615568,-1.1084828751235112,6,-1.3380369698397114,824.9,2.7,33.3
0.21744805281699114,0.33982152122867026,U8,MN8014,14.549073469924588,4.793370524355438,CPG,SSPG,0.09615817712995026,0.34454536345505193,0.20174784034970014,-1.1085063948515057,2,-1.3380446898033362,824.9,2.7,33.3
0.21744771354318773,0.3398196045490925,U8,MN8014,14.549037951594531,4.793710471635286,CPG,SSPG,0.09615640603562699,0.34454414077788625,0.20174609914948083,-1.1085040550339142,3,-1.3380451836366571,824.9,2.7,33.3
0.21744817294076652,0.3398255502906856,U8,MN8014,14.54922825557263,4.793527297516194,CPG,SSPG,0.09615888873442847,0.3445428159301197,0.20174805710397128,-1.108504464529864,4,-1.338049071924038,824.9,2.7,33.3
0.2174490849326198,0.33982057130917775,U8,MN8014,14.549275285655256,4.793510438526941,CPG,SSPG,0.09615597352374614,0.3445401634335486,0.20174504988622216,-1.1084903397305963,6,-1.3380618054144815,824.9,2.7,33.3
0.21744483532235376,0.33981953995630554,U8,MN8014,14.549187081683167,4.793608789746306,CPG,SSPG,0.09615391666953255,0.34453101199435243,0.20174276586978448,-1.108424842602947,3,-1.3380868374329502,824.9,2.7,33.3
0.21744825662126469,0.33981946095629817,U8,MN8014,14.549154188849213,4.793389190266979,CPG,SSPG,0.09615601045073513,0.3445373862533313,0.20174203138621588,-1.1084834418162572,3,-1.338070750798778,824.9,2.7,33.3
0.21744696203108665,0.33981141551260285,U8,MN8014,14.549117344949993,4.794047311328859,CPG,SSPG,0.09614954439209678,0.34452913554537506,0.20173533945589606,-1.1084426118985256,1,-1.3380988686813673,824.9,2.7,33.3
0.2174445947459896,0.33981163567028483,U8,MN8014,14.549006147703125,4.793720571647719,CPG,SSPG,0.09615004796205678,0.34452402868719606,0.20173380771582633,-1.1084060421026223,0,-1.3381147163124556,824.9,2.7,33.3
0.2174461714321852,0.3398075302964871,U8,MN8014,14.549031882390285,4.793591762844284,CPG,SSPG,0.09614717251714439,0.3445140813325077,0.20172270926236108,-1.1084027602413682,0,-1.33814765920261,824.9,2.7,33.3
0.21744508676195862,0.3398043435687181,U8,MN8014,14.548730559665184,4.793798195195318,CPG,SSPG,0.0961473252226783,0.3445199834483754,0.2017241283230016,-1.1084146260852967,3,-1.3381126164573747,824.9,2.7,33.3
0.21744703182744188,0.3398035843021834,U8,MN8014,14.54880914779084,4.794127367132373,CPG,SSPG,0.0961461682912183,0.3445226685460745,0.2017241453874916,-1.1084415106747145,2,-1.338118863161677,824.9,2.7,33.3
0.21744482937543053,0.33980116853794273,U8,MN8014,14.549040643320902,4.794367372294925,CPG,SSPG,0.096143549304929,0.3445145084487629,0.20172384861239684,-1.1083766426341672,7,-1.3381386031887956,824.9,2.7,33.3
0.21744464781017703,0.3397996103728321,U8,MN8014,14.549000982523415,4.794853755669786,CPG,SSPG,0.09614000578671889,0.34451021363379714,0.20172044069602624,-1.1083612785735795,1,-1.3381607293653843,824.9,2.7,33.3
0.2174444775668326,0.3397958237821572,U8,MN8014,14.549075279717313,4.79486691722545,CPG,SSPG,0.09614012258602579,0.3445113685359574,0.20172225921479547,-1.1083453458659067,3,-1.3381558406953733,824.9,2.7,33.3
0.21744380085304776,0.33979701935628437,U8,MN8014,14.549141814413764,4.795056673557395,CPG,SSPG,0.09613859362168413,0.3445062109693589,0.20172082817558692,-1.1083211276489795,0,-1.3381848491227082,824.9,2.7,33.3
0.21744939740699917,0.3397961111258756,U8,MN8014,14.549308774758593,4.7950986510153175,CPG,SSPG,0.09614042534566528,0.34451990615577816,0.20172623685094856,-1.1083923802427051,1,-1.3381432495265226,824.9,2.7,33.3
0.21744983687323438,0.33979120474771174,U8,MN8014,14.549344224880171,4.795129692984698,CPG,SSPG,0.09613809090031805,0.3445152655683833,0.20172117690785066,-1.1083857133292674,3,-1.338178900236116,824.9,2.7,33.3
0.21744787458545833,0.33979699101671407,U8,MN8014,14.549316980955393,4.794983950885834,CPG,SSPG,0.09614079197781689,0.3445193088601152,0.20172788174900816,-1.1083785223795481,7,-1.3381409645791837,824.9,2.7,33.3
0.21744937286136876,0.3397918839360633,U8,MN8014,14.549353313027192,4.795308019645805,CPG,SSPG,0.09613747632921874,0.3445148407579909,0.20172139084975263,-1.1083802722245244,5,-1.3381561603446066,824.9,2.7,33.3
0.2174506897764085,0.339787442829475,U8,MN8014,14.549380712881065,4.795368781055725,CPG,SSPG,0.09613542263553666,0.3445128492317325,0.20171673539879573,-1.1083946473085775,0,-1.3381807439376576,824.9,2.7,33.3
0.21745324843625768,0.33978437692818275,U8,MN8014,14.549636876634366,4.795408867214864,CPG,SSPG,0.0961334739832685,0.3445101632887637,0.20171399609106833,-1.1083959337737548,1,-1.3381970532657554,824.9,2.7,33.3
0.21744864433833605,0.33978541327364953,U8,MN8014,14.549569188835573,4.79508372489448,CPG,SSPG,0.09613362599801398,0.34450513673017275,0.20171731899777223,-1.1083203994491764,2,-1.3382015650495447,824.9,2.7,33.3
0.21744692254686002,0.339785950748154,U8,MN8014,14.549759126686565,4.795255082009559,CPG,SSPG,0.09613175868840207,0.34449608390367614,0.20171401541362036,-1.1082888237985986,3,-1.3382335686308693,824.9,2.7,33.3
0.21744723787500264,0.3397775452868289,U8,MN8014,14.549622385501213,4.795365763446601,CPG,SSPG,0.0961293936538257,0.34449014147860235,0.2017055861032994,-1.1082742670253702,4,-1.338258048700764,824.9,2.7,33.3
0.21744176361565806,0.33977820202661224,U8,MN8014,14.549715682484065,4.7952359213471265,CPG,SSPG,0.09612626141266145,0.344479615868063,0.2017074311938194,-1.1081735342466148,6,-1.338279150614179,824.9,2.7,33.3
0.21744872511833052,0.3397902549688647,U8,MN8014,14.549945075042224,4.794520475794245,CPG,SSPG,0.09613359819255288,0.34449827852222903,0.20171813670885763,-1.1082905473138545,5,-1.3382398713164676,824.9,2.7,33.3
0.2174427280438051,0.3397839312600618,U8,MN8014,14.549469818076751,4.79507667575968,CPG,SSPG,0.09612949600277287,0.3444857259144573,0.20170642592270907,-1.1082427204687866,4,-1.3382252972107658,824.9,2.7,33.3
0.21744979419241908,0.3397771539128276,U8,MN8014,14.549865833012868,4.794942029093571,CPG,SSPG,0.09612770485865577,0.34449065927171596,0.20170437712259992,-1.1082991882538629,4,-1.3382387250003038,824.9,2.7,33.3
0.21744811041830425,0.3397635281903446,U8,MN8014,14.549764765385708,4.795012128311244,CPG,SSPG,0.0961189255839959,0.34446973420966975,0.20168669346592746,-1.1082222848938446,7,-1.3383256856392176,824.9,2.7,33.3
0.21744978363501838,0.33977499627746316,U8,MN8014,14.549816048679704,4.794373657101642,CPG,SSPG,0.09612675089752089,0.3444803804746877,0.201696045337496,-1.1082731412700042,4,-1.338300701806494,824.9,2.7,33.3
0.2174479883353834,0.33976798076225534,U8,MN8014,14.549830725248864,4.794705498166556,CPG,SSPG,0.09612356959567561,0.344472926751093,0.20169248675751214,-1.1082118294302423,1,-1.3383108849028584,824.9,2.7,33.3
0.21744786460976884,0.3397658877147353,U8,MN8014,14.549856869633256,4.794229396842797,CPG,SSPG,0.09612145075692656,0.34446727514260356,0.20168742299928405,-1.1082020799124876,3,-1.3383218492605504,824.9,2.7,33.3
0.21744533331928628,0.33976392658435295,U8,MN8014,14.549703093119954,4.794761868532704,CPG,SSPG,0.09612174344431078,0.3444692770355891,0.20169237733081574,-1.1081602894023,4,-1.3383342563366458,824.9,2.7,33.3
0.21744506728598315,0.3397664743221077,U8,MN8014,14.54969292155349,4.794597376024529,CPG,SSPG,0.0961217950705076,0.34446587449891325,0.20168907384878834,-1.1081698801144748,5,-1.3383322268634963,824.9,2.7,33.3
0.21744633539137723,0.3397539474215863,U8,MN8014,14.549641730726893,4.7936519231850525,CPG,SSPG,0.09611824252915338,0.34445522758103797,0.20167594468458935,-1.1081453384528723,6,-1.3383780757310255,824.9,2.7,33.3
0.21744456047037325,0.33975526157999825,U8,MN8014,14.549594833485022,4.793977627127149,CPG,SSPG,0.09611930894826187,0.34445494947367694,0.2016782277478002,-1.108123686226215,5,-1.3383689610159024,824.9,2.7,33.3
0.21744447601488293,0.33975566786207834,U8,MN8014,14.549346939132867,4.7937531508455455,CPG,SSPG,0.09612041107155184,0.34445889065329865,0.20167965227077364,-1.1081321887846136,0,-1.338374054223081,824.9,2.7,33.3
0.21744305719656715,0.33975035385117475,U8,MN8014,14.549435658755684,4.793196172642251,CPG,SSPG,0.09611871254482282,0.3444505332096989,0.2016747807047926,-1.1080889024285974,1,-1.338389103274741,824.9,2.7,33.3
0.2174406611049077,0.33973925081261624,U8,MN8014,14.54945151904015,4.793303482875633,CPG,SSPG,0.09611165982915734,0.3444308755080027,0.20166024766803795,-1.108012170527311,7,-1.3384591302434377,824.9,2.7,33.3
0.21743563195207768,0.33974116201724236,U8,MN8014,14.549137810969919,4.793439207811451,CPG,SSPG,0.09611142825071559,0.3444307338443802,0.20166383023641518,-1.1079703664545888,0,-1.3384382475379688,824.9,2.7,33.3
0.21744043716933456,0.33973711284395125,U8,MN8014,14.549407169737743,4.793532672807148,CPG,SSPG,0.09611036107689733,0.34443349439809134,0.20166174641348963,-1.1080084454448564,5,-1.3384279923937843,824.9,2.7,33.3
0.2174363944922917,0.33973913595466376,U8,MN8014,14.549201897623398,4.7941366649700905,CPG,SSPG,0.09610884710325951,0.34442553590329317,0.20165898008861746,-1.107961500712284,2,-1.3384468590458258,824.9,2.7,33.3
0.21744002570678478,0.33973806241747573,U8,MN8014,14.54948374980883,4.7934486798174865,CPG,SSPG,0.09611186661325907,0.34443568129520474,0.20166660275689682,-1.1079877934564744,3,-1.338419960279909,824.9,2.7,33.3
0.21744188391572597,0.3397253937113004,U8,MN8014,14.549412339435237,4.793760829069937,CPG,SSPG,0.09610574836874862,0.3444298831871482,0.20165617580544828,-1.1079841344316526,6,-1.3384666813586126,824.9,2.7,33.3
0.21743893275626042,0.33972429982003094,U8,MN8014,14.54935779821336,4.793872792110344,CPG,SSPG,0.09610282802278841,0.3444174344698395,0.201650162298188,-1.1079234169931302,0,-1.3385154699608766,824.9,2.7,33.3
0.21744100063355187,0.33971937641029964,U8,MN8014,14.549408679056983,4.792832953986786,CPG,SSPG,0.09610321848650674,0.3444181358281953,0.2016489013636222,-1.107920481155988,3,-1.3385227564694162,824.9,2.7,33.3
0.21744340606179907,0.3397169093541755,U8,MN8014,14.549383561191366,4.7931934085690955,CPG,SSPG,0.09610270974461005,0.3444237482419011,0.2016473662566835,-1.107973969605114,0,-1.3384861816360747,824.9,2.7,33.3
0.2174361465595271,0.33971477665767175,U8,MN8014,14.549280312968989,4.792887944504261,CPG,SSPG,0.09610041599584596,0.34441115295019514,0.2016483205050302,-1.1078416663315314,3,-1.3385247562966267,824.9,2.7,33.3
0.21743735846936874,0.33971289377038094,U8,MN8014,14.549535847192102,4.793178469738715,CPG,SSPG,0.09609831716875786,0.34441350775570306,0.2016503193106722,-1.1078561591068472,3,-1.3385181160352175,824.9,2.7,33.3
0.2174351291248536,0.33970960443177156,U8,MN8014,14.549423948254315,4.793047300321623,CPG,SSPG,0.09609393576037048,0.3444031472670083,0.20164375420065972,-1.1078080930900427,0,-1.3385626867142157,824.9,2.7,33.3
0.2174386873832595,0.3397195591465487,U8,MN8014,14.549462967027186,4.793832312714261,CPG,SSPG,0.09609711331815562,0.34441057658765084,0.20164487765071537,-1.1079012630572764,3,-1.338531280653319,824.9,2.7,33.3
0.21743823053638697,0.33971179503153204,U8,MN8014,14.549366243687599,4.792520797624742,CPG,SSPG,0.096098049309238,0.34441441505134573,0.20164741390205249,-1.1078732894601655,5,-1.3385052494779615,824.9,2.7,33.3
0.2174400505414742,0.3397327573098015,U8,MN8014,14.549832193764313,4.793106435955284,CPG,SSPG,0.09610465085308248,0.3444215294084762,0.20166097282300374,-1.1079123350060687,3,-1.338497413636203,824.9,2.7,33.3
0.21743385058171202,0.33970508491315266,U8,MN8014,14.549550466264016,4.792181171022898,CPG,SSPG,0.09609355520330745,0.3443957053562976,0.20164157160206553,-1.1077405334943349,7,-1.3385366274242934,824.9,2.7,33.3
0.21742715744227525,0.3397008899865985,U8,MN8014,14.549322200506191,4.792758396649067,CPG,SSPG,0.09608841816105378,0.3443838762054868,0.20163831600534082,-1.1076478620453716,6,-1.3385857756321418,824.9,2.7,33.3
0.21743567812933332,0.33970128957761864,U8,MN8014,14.549776258894223,4.793194514009245,CPG,SSPG,0.09608917474079368,0.3443893299694617,0.2016348030330648,-1.1077544735519935,4,-1.3385995744436183,824.9,2.7,33.3
0.2174261250338394,0.3396911917347955,U8,MN8014,14.549623400226253,4.793825438753091,CPG,SSPG,0.0960806811299196,0.344369196393068,0.20163056024427162,-1.1075662110254616,5,-1.3386098868994836,824.9,2.7,33.3
0.21743505694252868,0.33968992767926504,U8,MN8014,14.549835366460574,4.792922125273679,CPG,SSPG,0.09608354593156898,0.3443840680805346,0.20163245335629223,-1.1076843876868967,3,-1.338607346947846,824.9,2.7,33.3
0.21742914504505045,0.339682767350069,U8,MN8014,14.549379378124833,4.794032108258098,CPG,SSPG,0.09607815595463615,0.34437368830191206,0.2016255548827763,-1.1076118401876796,5,-1.3386444479715145,824.9,2.7,33.3
0.21742289531683517,0.33967998804798816,U8,MN8014,14.549403165006426,4.792803902312101,CPG,SSPG,0.0960752110377712,0.34435189619734674,0.20161782276816753,-1.1074818015470766,5,-1.3387063410707167,824.9,2.7,33.3
0.21742255363755575,0.3396724265934602,U8,MN8014,14.549546546712772,4.793379817196704,CPG,SSPG,0.09606852938736807,0.34434275924663027,0.2016112715529449,-1.1074400885499136,3,-1.3387214800909302,824.9,2.7,33.3
0.21742007957591006,0.339657987251052,U8,MN8014,14.54941767551123,4.793600747940626,CPG,SSPG,0.09606172286405089,0.34433112390183085,0.20160290329662653,-1.107356014595714,2,-1.33878061680878,824.9,2.7,33.3
0.21741548598429372,0.33965406518687186,U8,MN8014,14.549409109664976,4.793398809619867,CPG,SSPG,0.09606056752400884,0.34432293599364994,0.20160106067065656,-1.1072847396799048,6,-1.3387495799404885,824.9,2.7,33.3
0.2174130172229956,0.3396464575155308,U8,MN8014,14.549694507916607,4.7949247071014005,CPG,SSPG,0.09604951177461016,0.3443000390155325,0.20158994924343576,-1.107173972582666,5,-1.338847302693349,824.9,2.7,33.3
0.21741206220760106,0.33964541621150857,U8,MN8014,14.549677397952054,4.794403220054718,CPG,SSPG,0.096049677074052,0.34429571786196267,0.20158749636017212,-1.107153225879109,7,-1.3388590173779829,824.9,2.7,33.3
0.21741112460442588,0.3396468176517063,U8,MN8014,14.54995629819325,4.7945515319195025,CPG,SSPG,0.09604832236795408,0.3442980323728551,0.20159541260495675,-1.1071182040818597,4,-1.3388259248296563,824.9,2.7,33.3
0.21741286835179374,0.3396417395810652,U8,MN8014,14.549081622192498,4.794029074248928,CPG,SSPG,0.09604984449585606,0.3442960905717133,0.2015787174533038,-1.107192843672202,3,-1.338900263659296,824.9,2.7,33.3
0.21741338049699685,0.3396306332905152,U8,MN8014,14.549428983743386,4.793950786011068,CPG,SSPG,0.09604481354411723,0.34428133165724595,0.20156883705037268,-1.1071268807861308,3,-1.3389346014127383,824.9,2.7,33.3
0.2174085687946683,0.33962776663823613,U8,MN8014,14.548590177736394,4.793413731739219,CPG,SSPG,0.09604607199749393,0.3442808333681197,0.20156303998398267,-1.1071253629346218,0,-1.338932690757252,824.9,2.7,33.3
0.21741608318082448,0.3396265689540616,U8,MN8014,14.54919930966838,4.793091526200734,CPG,SSPG,0.09604590518851241,0.3442828393918191,0.20156340661028835,-1.1071607657585634,4,-1.338966639417352,824.9,2.7,33.3
0.21740920795594626,0.33962180414215604,U8,MN8014,14.54886843329837,4.792440053772048,CPG,SSPG,0.09604555210535454,0.3442762654846133,0.20156198587845292,-1.107085035961268,5,-1.3389491198418124,824.9,2.7,33.3
0.2174062780526958,0.3396273235122408,U8,MN8014,14.54923687055484,4.793069213269245,CPG,SSPG,0.09604152618403552,0.3442630929661288,0.20156125768634425,-1.10701697146547,2,-1.3389785493025528,824.9,2.7,33.3
0.21740905958864176,0.33962898649955103,U8,MN8014,14.54940564739981,4.792903728211778,CPG,SSPG,0.09604263940737469,0.3442683009784169,0.2015644928384963,-1.1070401060845088,4,-1.338942411120847,824.9,2.7,33.3
0.2174058580544362,0.33962442596609005,U8,MN8014,14.549241179889092,4.793690534024536,CPG,SSPG,0.09603904516390097,0.34425876406579214,0.20155895322080747,-1.1069858501610939,6,-1.3389905031945073,824.9,2.7,33.3
0.217406876643345,0.33960700383747294,U8,MN8014,14.549304719365454,4.7930956327387015,CPG,SSPG,0.09603089565521807,0.3442445498638698,0.20154388145343582,-1.1069427011387951,1,-1.3390731467291754,824.9,2.7,33.3
0.21740701647357896,0.3396117790039752,U8,MN8014,14.549314276507959,4.792204472748573,CPG,SSPG,0.09603495056124003,0.3442516088405137,0.20155068939836834,-1.1069593167062837,1,-1.3390458595183965,824.9,2.7,33.3
0.21740445227284597,0.3396093763981429,U8,MN8014,14.54932589308316,4.793051231472351,CPG,SSPG,0.09603044826670448,0.3442437284711931,0.2015485451338583,-1.1068995809092088,6,-1.339058517114955,824.9,2.7,33.3
0.21740313827937852,0.33960744287649103,U8,MN8014,14.549252541120858,4.792510062044898,CPG,SSPG,0.0960305669377651,0.34423683408686057,0.20154311900375269,-1.1068776610060072,0,-1.3390749892630396,824.9,2.7,33.3
0.21740216610631852,0.3396071402718779,U8,MN8014,14.549424278163363,4.792097738564509,CPG,SSPG,0.09603063629967215,0.3442313108375747,0.20154153349350212,-1.1068534120451472,5,-1.339083755118006,824.9,2.7,33.3
0.2174041644064627,0.3396121320554778,U8,MN8014,14.549460312747293,4.792294577768994,CPG,SSPG,0.09603334558857149,0.34424033146048344,0.20154860195590288,-1.1068869105692896,7,-1.3390780099744184,824.9,2.7,33.3
0.21739517446084916,0.3395953786312741,U8,MN8014,14.549209594540697,4.792207728895579,CPG,SSPG,0.09602302290862938,0.34420944324986497,0.20153002271160173,-1.1067124352784274,3,-1.3391453020557886,824.9,2.7,33.3
0.21740190549935925,0.33959638633141587,U8,MN8014,14.549706426029761,4.792691676150974,CPG,SSPG,0.09602254567587536,0.34422161124247647,0.20153726727991522,-1.1067807165854857,6,-1.3391178441736908,824.9,2.7,33.3
0.2173972206207101,0.3395820194551686,U8,MN8014,14.549505119313132,4.79313359988915,CPG,SSPG,0.09601213564672248,0.3441987221747372,0.20152101882992565,-1.1066677550351056,0,-1.3392114418969676,824.9,2.7,33.3
0.2173895711982748,0.3395791553660351,U8,MN8014,14.549695016132368,4.792793977865182,CPG,SSPG,0.0960085703111501,0.34418500776595645,0.20152605109070018,-1.1064951969721135,3,-1.3392480684765626,824.9,2.7,33.3
0.21739492114527964,0.33958258137096886,U8,MN8014,14.54941720699427,4.793151442324087,CPG,SSPG,0.09601243299747592,0.34420156178081635,0.201527145858458,-1.1066308226893453,7,-1.3391945115645072,824.9,2.7,33.3
0.21738787130778595,0.33957209801857674,U8,MN8014,14.549256984623806,4.7933446127160515,CPG,SSPG,0.09600643352638005,0.344181414728135,0.20151744939450947,-1.106496720721917,1,-1.3392495877859911,824.9,2.7,33.3
0.2173964775014265,0.33957242261927695,U8,MN8014,14.549638558888173,4.793132741386967,CPG,SSPG,0.09600670092005012,0.3441909030638536,0.20151759968663327,-1.1065999828797104,2,-1.3392525313607493,824.9,2.7,33.3
0.21739152076711613,0.33957263781801456,U8,MN8014,14.549413768578257,4.793418293381536,CPG,SSPG,0.09600685683783644,0.34418777192942834,0.2015192364597908,-1.1065485846309842,0,-1.339246852539807,824.9,2.7,33.3
0.21738845570616047,0.33955838853586584,U8,MN8014,14.549533742945055,4.792070197030353,CPG,SSPG,0.09600279201648901,0.34417184736256545,0.2015102854276005,-1.1064423810175845,5,-1.339286659898768,824.9,2.7,33.3
0.21738387447859625,0.3395504865803085,U8,MN8014,14.549611293960947,4.792998026253488,CPG,SSPG,0.09599443094211754,0.3441578390372651,0.20150726942642,-1.1063211726889424,6,-1.3393444390078493,824.9,2.7,33.3
0.21738677590308542,0.33954990100712457,U8,MN8014,14.549638045963649,4.7922959311,CPG,SSPG,0.09599674614804564,0.344163366625951,0.20150664507261815,-1.1063761472074447,6,-1.3393236045969363,824.9,2.7,33.3
0.21738287665967954,0.33955253192698137,U8,MN8014,14.549568264203522,4.792676879314069,CPG,SSPG,0.09599646534580944,0.3441603935903201,0.20150999198820418,-1.1063241594960573,2,-1.3393187012396002,824.9,2.7,33.3
0.217386301440309,0.33955399299095324,U8,MN8014,14.549659127875968,4.792325860690017,CPG,SSPG,0.09599590005350661,0.34416057492374724,0.20150578942203093,-1.1063761227424955,7,-1.3393348898151167,824.9,2.7,33.3
0.2173797723693148,0.3395439043451312,U8,MN8014,14.549734855029113,4.792319690244274,CPG,SSPG,0.09599038238740842,0.34413985716263834,0.20149804106492233,-1.106231923071966,1,-1.3393875356788634,824.9,2.7,33.3
0.2173836023070325,0.33954857750009027,U8,MN8014,14.549701101820778,4.79183427026242,CPG,SSPG,0.09599514375491938,0.34414918169020814,0.2014996722414003,-1.106313383588725,3,-1.3393572244382366,824.9,2.7,33.3
0.21737957477009073,0.339544790162425,U8,MN8014,14.549715135995774,4.792068460414342,CPG,SSPG,0.09599013600349746,0.34413921041615425,0.20149798072546632,-1.1062279685306993,6,-1.3393903142218413,824.9,2.7,33.3
0.21737794843507796,0.33954181974998215,U8,MN8014,14.549515363869867,4.792495668216915,CPG,SSPG,0.09598794940289643,0.3441338257618257,0.20149211983352766,-1.1062126153233964,5,-1.3393912862652577,824.9,2.7,33.3
0.2173814425861957,0.3395477132081886,U8,MN8014,14.549649168450038,4.792775589666535,CPG,SSPG,0.09599041862524656,0.3441430458959626,0.20149624557506574,-1.106283746323273,0,-1.339349328476663,824.9,2.7,33.3
0.21737534050373442,0.33953530297213336,U8,MN8014,14.549626467105227,4.792232691663723,CPG,SSPG,0.09598627764382844,0.3441231784500295,0.20148810271517859,-1.1061317528504842,1,-1.3393984629871802,824.9,2.7,33.3
0.21737528808434486,0.3395320311320299,U8,MN8014,14.549778841395652,4.7910225630604835,CPG,SSPG,0.09598427950525791,0.34411308792746353,0.20148310564609123,-1.1060850516805012,4,-1.3394756417034515,824.9,2.7,33.3
0.21736704339012186,0.3395272166780164,U8,MN8014,14.5493427394249,4.7914666777659045,CPG,SSPG,0.0959828059008827,0.34410369884496983,0.20148076006552687,-1.1059826218134357,4,-1.3394617976564067,824.9,2.7,33.3
0.2173690576223174,0.3395134182371284,U8,MN8014,14.549737747301508,4.791365472922463,CPG,SSPG,0.0959742812084181,0.3440934466900557,0.20147409651104525,-1.1059239116313617,7,-1.3395364531583311,824.9,2.7,33.3
0.2173744060092099,0.3395138665949031,U8,MN8014,14.54942313057471,4.791805219310267,CPG,SSPG,0.09597677246813612,0.3441062697246474,0.2014721457453331,-1.106040785841377,2,-1.339512638012005,824.9,2.7,33.3
0.2173750610277333,0.33951058557213115,U8,MN8014,14.549370127184527,4.790890315477031,CPG,SSPG,0.09597927033739106,0.34410977923506325,0.20147276115476712,-1.1060475301677362,0,-1.3394810935845705,824.9,2.7,33.3
0.21737347877848306,0.3394945793190476,U8,MN8014,14.549720888519492,4.790934899018237,CPG,SSPG,0.09596932645985276,0.34409054785490484,0.20146339730196602,-1.1059231087841728,3,-1.339575236050738,824.9,2.7,33.3
0.2173690151824722,0.33949505351001014,U8,MN8014,14.549618187950193,4.791831581777149,CPG,SSPG,0.09596299440475466,0.34407369849277647,0.2014557462179081,-1.105838872215497,0,-1.3396294218974472,824.9,2.7,33.3
0.21737022024981467,0.33951079253094585,U8,MN8014,14.549011866431869,4.791742580170974,CPG,SSPG,0.09597684376606586,0.3441115654657471,0.20147557638921657,-1.1060107938557184,5,-1.3393792860863964,824.9,2.7,33.3
0.21735910541808073,0.33949105318449746,U8,MN8014,14.548938893349424,4.789569980082061,CPG,SSPG,0.09596618741433272,0.34406124111614467,0.20144799065862729,-1.1057493923614847,3,-1.339588488847923,824.9,2.7,33.3
0.21736249751617986,0.339475585619985,U8,MN8014,14.54860764419061,4.791009739379314,CPG,SSPG,0.09596135840098166,0.344065785467961,0.20143942666114992,-1.1058014386652149,2,-1.3396115950718919,824.9,2.7,33.3
0.2173640273046346,0.3395054633752647,U8,MN8014,14.54888444915891,4.791385338249284,CPG,SSPG,0.0959725180021972,0.34409449478232396,0.20146840011381506,-1.1059101591416127,2,-1.3394732821680524,824.9,2.7,33.3
0.21733923744665007,0.33947569730014643,U8,MN8014,14.548850685424087,4.7913113552652975,CPG,SSPG,0.09594869590430552,0.3440175934706427,0.20143944062884434,-1.1053868480095375,7,-1.3396977187462067,824.9,2.7,33.3
0.2173304111720271,0.33946060886257623,U8,MN8014,14.548922384274078,4.79274106817497,CPG,SSPG,0.09593483429112418,0.3439934250697056,0.20143130152445246,-1.1052047475533417,2,-1.339775559757033,824.9,2.7,33.3
0.21733774225373476,0.33946098624443616,U8,MN8014,14.54902501046698,4.7918881022299775,CPG,SSPG,0.09594124626563728,0.3440014837986581,0.20142744165111215,-1.1053139900413134,1,-1.3397514947529547,824.9,2.7,33.3
0.21731548883449112,0.33943082655938295,U8,MN8014,14.54862213423803,4.792348816799708,CPG,SSPG,0.09591932841723458,0.34394835675105,0.20141032907113432,-1.1048723906713291,7,-1.3399086531892959,824.9,2.7,33.3
0.2173335190073339,0.3394683142367368,U8,MN8014,14.549245364976317,4.7942022124868995,CPG,SSPG,0.09593305487553203,0.3439981310576233,0.20143420540439452,-1.1052653157325825,2,-1.3397378146715475,824.9,2.7,33.3
0.21733056819021085,0.33946934332066514,U8,MN8014,14.549068491207928,4.796039289964623,CPG,SSPG,0.09592683851825003,0.34399628399638044,0.20143749941657382,-1.1052115817656758,0,-1.3397633200584238,824.9,2.7,33.3
0.21732152908964522,0.3394819796009391,U8,MN8014,14.549095446383543,4.797119707957174,CPG,SSPG,0.09593066862874067,0.3439924111829049,0.2014454550817012,-1.105154660221897,0,-1.3396586897185756,824.9,2.7,33.3
0.2173138994039714,0.3394615806260061,U8,MN8014,14.549080711740157,4.796188855428115,CPG,SSPG,0.09591913114163857,0.34396473976611835,0.2014330291334071,-1.1049461157876759,2,-1.3397515425633575,824.9,2.7,33.3
0.21729990286542927,0.33945922796036115,U8,MN8014,14.549169274206337,4.796760684400757,CPG,SSPG,0.09590676231570006,0.34392268924895564,0.20141896147620328,-1.1047065863194272,5,-1.3398608433406576,824.9,2.7,33.3
0.21728621204554954,0.3394344749200404,U8,MN8014,14.549525934381656,4.800504504442783,CPG,SSPG,0.09588234935796737,0.34388395132822414,0.20141056533054333,-1.104379899868713,6,-1.340007285423189,824.9,2.7,33.3
0.21727769187645396,0.33944576782347774,U8,MN8014,14.549925679492267,4.800212380094867,CPG,SSPG,0.09588295676463432,0.34386581997060467,0.20141539601222858,-1.1042383894075254,4,-1.3400393733189961,824.9,2.7,33.3
0.21730951649285082,0.33947706154986435,U8,MN8014,14.549985974232793,4.799634532016063,CPG,SSPG,0.09590956142198587,0.3439543287615444,0.20144594337757965,-1.1048526960325944,0,-1.3398272098366064,824.9,2.7,33.3
0.21730124860718852,0.3394598138741016,U8,MN8014,14.549455909700768,4.800059232647692,CPG,SSPG,0.0958962309400217,0.34391790615757445,0.2014186644859901,-1.1046881478185038,3,-1.3399286802460253,824.9,2.7,33.3
0.21727816877870218,0.33942479955914173,U8,MN8014,14.549917654592345,4.7997109738568735,CPG,SSPG,0.0958709817204905,0.34385132249842276,0.20140221787742402,-1.1041466636898443,6,-1.3401064093028214,824.9,2.7,33.3
0.2172771842599718,0.3394504508339353,U8,MN8014,14.549396813045878,4.80190615308328,CPG,SSPG,0.09588199618224025,0.3438866273536471,0.20142583067567857,-1.1043103079255085,6,-1.3398956100297124,824.9,2.7,33.3
0.21727924043457664,0.33941584094240485,U8,MN8014,14.549365974289326,4.799844968883395,CPG,SSPG,0.0958693692747778,0.343847071434272,0.20138721652476005,-1.1041881548104664,0,-1.3401334066012893,824.9,2.7,33.3
0.21727222552276415,0.33943001983796733,U8,MN8014,14.54951851936541,4.799141187932773,CPG,SSPG,0.09587265044614329,0.34384733435085457,0.20140313286148692,-1.1041031007805138,4,-1.3401032842256004,824.9,2.7,33.3
0.2172942792087126,0.33943035547461875,U8,MN8014,14.549668313822695,4.800287888400994,CPG,SSPG,0.09587829332268652,0.3438869354552809,0.2014042739609873,-1.1044557154951702,2,-1.340072151974212,824.9,2.7,33.3
0.2172782961898265,0.33940034238500094,U8,MN8014,14.549308178676204,4.8003867593267096,CPG,SSPG,0.09586463995416529,0.3438311488257203,0.20137036784552456,-1.1041488435713345,4,-1.340191391287112,824.9,2.7,33.3
0.21727430631402148,0.33939749993020923,U8,MN8014,14.549568555226324,4.7979137093761866,CPG,SSPG,0.09586697751770676,0.3438203739820857,0.20137373541905026,-1.1040155113850127,3,-1.3402205395553253,824.9,2.7,33.3
0.21729896530328002,0.33943907868465073,U8,MN8014,14.549006541924832,4.796343818838475,CPG,SSPG,0.09590347695996357,0.34391055740857784,0.2014089318372156,-1.1045939903221096,4,-1.339899213624678,824.9,2.7,33.3
0.2172743385821353,0.33942963261252723,U8,MN8014,14.549458276425622,4.799737578295351,CPG,SSPG,0.0958799243617388,0.34385543697167115,0.20140433946275152,-1.1041397017590122,2,-1.3399629561865112,824.9,2.7,33.3
0.2172718611698467,0.3394083710452832,U8,MN8014,14.549349306925818,4.799942932245134,CPG,SSPG,0.09586465569747193,0.34383466251337697,0.20138823893260654,-1.1040334644345413,2,-1.3401281379891614,824.9,2.7,33.3
0.21725826481554025,0.33940249518065735,U8,MN8014,14.548789479088315,4.801226764725372,CPG,SSPG,0.09586146529312997,0.3438097802375248,0.20137746347791882,-1.1038613692153139,5,-1.3401374320430293,824.9,2.7,33.3
0.21727438257999995,0.3394115329736584,U8,MN8014,14.548842893378696,4.799783086933915,CPG,SSPG,0.09587615385749351,0.3438540186299629,0.20139173521769937,-1.1041486137049383,2,-1.339984933508168,824.9,2.7,33.3
0.21725180838413366,0.3393875935194788,U8,MN8014,14.548734395641159,4.801893639434171,CPG,SSPG,0.0958502877806871,0.3437943157716113,0.2013691786199323,-1.1037490195764534,5,-1.3401538187953843,824.9,2.7,33.3
0.21727524709428522,0.33941088856634954,U8,MN8014,14.549559946790229,4.8010183293277136,CPG,SSPG,0.09586685242979073,0.34383952965313364,0.201387547875868,-1.1041033547231498,5,-1.340076379348453,824.9,2.7,33.3
0.217255764065431,0.33938019265955505,U8,MN8014,14.549078108680533,4.802803605736217,CPG,SSPG,0.09584527742748422,0.34377945551572675,0.20135607800923488,-1.103737052125036,4,-1.3403110161323735,824.9,2.7,33.3
0.21726979674972483,0.3394111884667378,U8,MN8014,14.548394438363964,4.80138169147914,CPG,SSPG,0.09587215855014902,0.34384126610731947,0.201379726230971,-1.1041448464406853,5,-1.3400959035399698,824.9,2.7,33.3
0.21726357226420887,0.3394045599980728,U8,MN8014,14.549034890054745,4.801429326795874,CPG,SSPG,0.09585942830474428,0.34381163621912686,0.20137342538136138,-1.10394553736594,2,-1.3401784187691526,824.9,2.7,33.3
0.21725978544707333,0.3394025988160806,U8,MN8014,14.549639932260165,4.8037250859301,CPG,SSPG,0.09584586274853357,0.3437946699670288,0.20137166904615486,-1.1038457339225078,4,-1.3402582820313622,824.9,2.7,33.3
0.2172577671519135,0.33939120775352943,U8,MN8014,14.549302472693338,4.804921806931075,CPG,SSPG,0.09584255733275121,0.34379186468238715,0.2013651120277063,-1.103818070909401,2,-1.34021519283937,824.9,2.7,33.3
0.21725664504722175,0.3393895218671397,U8,MN8014,14.548957588600132,4.806759894675266,CPG,SSPG,0.0958362125313981,0.3437935765276622,0.20136326000511243,-1.1038389443029648,5,-1.3402555770300228,824.9,2.7,33.3
0.21725660236703395,0.33937577896395965,U8,MN8014,14.54864183181803,4.80506659034878,CPG,SSPG,0.09583878467750057,0.3437819312084792,0.2013488579728833,-1.1037942452415892,5,-1.3403018173810786,824.9,2.7,33.3
0.21725308268211987,0.33936467236496926,U8,MN8014,14.54855290955458,4.805906123810095,CPG,SSPG,0.09583319407218416,0.3437791836197111,0.20134835496983874,-1.1037295726992662,3,-1.3402782950640013,824.9,2.7,33.3
0.2172502250691651,0.33936094693729124,U8,MN8014,14.549049943554031,4.809254276051176,CPG,SSPG,0.09581640108761909,0.3437635697572926,0.20134804759403863,-1.1036044879350675,3,-1.340358633269167,824.9,2.7,33.3
0.21724579107598052,0.3393539948796806,U8,MN8014,14.548853082019232,4.807914094449589,CPG,SSPG,0.09581911112185368,0.3437511635403602,0.20133885525610534,-1.1035427913256584,4,-1.3403601375078544,824.9,2.7,33.3
0.21725134370469068,0.33936042168706415,U8,MN8014,14.548829409867594,4.807346201924325,CPG,SSPG,0.09582754056346623,0.343770192754537,0.20134857537108544,-1.1036481769173077,7,-1.3403539198817107,824.9,2.7,33.3
0.2172583177803024,0.33936066981906615,U8,MN8014,14.549262313615245,4.806524445634634,CPG,SSPG,0.09582878885818666,0.34377753863333227,0.2013501670685047,-1.1037054708070873,2,-1.340270851347796,824.9,2.7,33.3
0.21725517780972592,0.33934977186214077,U8,MN8014,14.549359844986707,4.805931686941963,CPG,SSPG,0.09582279691729687,0.3437560178397055,0.2013376213656487,-1.1036058352012643,1,-1.3404220826889546,824.9,2.7,33.3
0.21726103091034354,0.33936237973564326,U8,MN8014,14.54965741787535,4.804207807627798,CPG,SSPG,0.09583093278157123,0.3437716446595477,0.2013476999732003,-1.1037042499394862,7,-1.3403412894342424,824.9,2.7,33.3
0.21724653267209598,0.33934895997016196,U8,MN8014,14.549002529083953,4.805021320501252,CPG,SSPG,0.09581865625586411,0.3437411658066379,0.20133443005513282,-1.1034758827556268,4,-1.340440770483223,824.9,2.7,33.3
0.21724381694454079,0.33934830633707175,U8,MN8014,14.549216743517906,4.804623160122036,CPG,SSPG,0.09582077940944675,0.34374321298459515,0.20134362050720997,-1.1034105656604236,0,-1.3403956948132763,824.9,2.7,33.3
0.21723508941712477,0.33931854670253336,U8,MN8014,14.549888303657616,4.807352618213517,CPG,SSPG,0.09579643248238376,0.3437004828618209,0.20132905434260873,-1.1030931823305379,1,-1.3405994565197226,824.9,2.7,33.3
0.21724203631702527,0.33933643872494734,U8,MN8014,14.54971617311583,4.806584788240238,CPG,SSPG,0.0958080888520693,0.3437250763837059,0.20133586120175212,-1.1033007515502191,2,-1.340438703455911,824.9,2.7,33.3
0.21723948375590094,0.33934396189523347,U8,MN8014,14.549712073036547,4.803838646427339,CPG,SSPG,0.09581374457469483,0.3437189353490738,0.20133781511638718,-1.1032588900946634,4,-1.3405238828305404,824.9,2.7,33.3
0.2172414445026967,0.3393580792131305,U8,MN8014,14.549443444391276,4.803968384214222,CPG,SSPG,0.09582124763307684,0.34373588905314034,0.20134527865624738,-1.103373683993489,2,-1.3403978859283363,824.9,2.7,33.3
0.21723195348729415,0.3393372657053071,U8,MN8014,14.549619149050153,4.805240894295068,CPG,SSPG,0.0958064137939314,0.34370699233655594,0.20133398979848877,-1.103153783821491,4,-1.340455063889669,824.9,2.7,33.3
0.21724424288952165,0.33935244206957127,U8,MN8014,14.549600251195464,4.80509262530167,CPG,SSPG,0.09581976010533616,0.3437384993761398,0.2013416739542319,-1.1034223924092097,1,-1.340363839271168,824.9,2.7,33.3
0.217237725553295,0.3393309268154385,U8,MN8014,14.549646024301397,4.805080211659715,CPG,SSPG,0.09580683828260159,0.3437103161899323,0.20132955544473183,-1.1032131272173618,6,-1.3405569696682686,824.9,2.7,33.3
0.217254229189567,0.3393521458365374,U8,MN8014,14.54999023831129,4.804490645244411,CPG,SSPG,0.09582439609766386,0.3437557493681821,0.2013473655686244,-1.1035366111849396,3,-1.3403251308315554,824.9,2.7,33.3
0.21723945245584686,0.3393565622950017,U8,MN8014,14.549846950765362,4.805888155624139,CPG,SSPG,0.09581831055597767,0.34373418969868846,0.20134852597910263,-1.1033429805368509,1,-1.3403206206446416,824.9,2.7,33.3
0.2172265754266198,0.3393407265260163,U8,MN8014,14.5495256577892,4.806300017649395,CPG,SSPG,0.09580607488964674,0.3436982397925599,0.20133518821029633,-1.1030783644061033,0,-1.3405233388217859,824.9,2.7,33.3
0.21722574818976026,0.3393391080978043,U8,MN8014,14.549253530553205,4.806083645700838,CPG,SSPG,0.09580269228101015,0.34369778899275166,0.20133337233753645,-1.1030769673499465,2,-1.3405699365683024,824.9,2.7,33.3
0.21722094638421158,0.33931700749875277,U8,MN8014,14.54927180189071,4.809603947001377,CPG,SSPG,0.09578633454683322,0.34368118968509087,0.2013236223137643,-1.1029393526733768,1,-1.3406002610180643,824.9,2.7,33.3
0.2172262422320586,0.3393098914603857,U8,MN8014,14.549732050180022,4.812558655493396,CPG,SSPG,0.09577676300381005,0.3436857739603908,0.20132322821260765,-1.1029816418390737,6,-1.340564003142811,824.9,2.7,33.3
0.21721207279711344,0.33930975453793,U8,MN8014,14.549804831057592,4.811142782366794,CPG,SSPG,0.0957719052013574,0.3436497198526258,0.20131499214876755,-1.10275197811435,7,-1.3407150035971824,824.9,2.7,33.3
0.21720385728933855,0.33932153548669103,U8,MN8014,14.549308016732454,4.811197866271755,CPG,SSPG,0.09577583448158464,0.34365212857288807,0.20132346601962403,-1.1027066019046712,2,-1.3406251564057907,824.9,2.7,33.3
0.21718803181476082,0.3392725253164145,U8,MN8014,14.54911112507393,4.815222763299028,CPG,SSPG,0.09574466096265885,0.34361313156317264,0.20130601215789778,-1.1023254187854978,3,-1.3406817087035865,824.9,2.7,33.3
0.21719020193210453,0.33926400328363515,U8,MN8014,14.548783485660785,4.81456901703799,CPG,SSPG,0.09574356924025146,0.34361097349279646,0.20129660052970205,-1.102359482363449,2,-1.3407962581270567,824.9,2.7,33.3
0.21719754209436526,0.33927687243008775,U8,MN8014,14.549253602111417,4.81266020712136,CPG,SSPG,0.09575258609936566,0.34362657452881457,0.20130732648122424,-1.102450162523398,0,-1.3406774338821101,824.9,2.7,33.3
0.21719038057833034,0.3392893614562681,U8,MN8014,14.549768131792703,4.8154129198187245,CPG,SSPG,0.095742295803393,0.3436149201113098,0.2013139871637804,-1.1023667024226174,1,-1.3406777297190828,824.9,2.7,33.3
0.21719366994827166,0.33928242157867833,U8,MN8014,14.549458793333594,4.816852685483197,CPG,SSPG,0.09574286167257019,0.3436169376696123,0.20130425195479773,-1.1024297879142,6,-1.3406411142470702,824.9,2.7,33.3
0.2171896367266205,0.33925806224961763,U8,MN8014,14.549199941564336,4.814955995156605,CPG,SSPG,0.09573330730271007,0.34359419194894153,0.20128772503771278,-1.102291838331861,5,-1.3408510081234084,824.9,2.7,33.3
0.21716229676351767,0.33923191914261375,U8,MN8014,14.54892076513254,4.8232457194174785,CPG,SSPG,0.09569484157486408,0.34354983616007434,0.20128007533392234,-1.1018721276347747,4,-1.3408762225393112,824.9,2.7,33.3
0.2172026307528159,0.3392475628726493,U8,MN8014,14.549853212121523,4.814543292426592,CPG,SSPG,0.09573195156515499,0.3436035183574217,0.20128486233970846,-1.1023974392166311,5,-1.3408985374335014,824.9,2.7,33.3
0.2171721018446514,0.33924131804696794,U8,MN8014,14.549762557646204,4.819588383238136,CPG,SSPG,0.09570894791226475,0.34355780538042546,0.20128709146626123,-1.1019364733502734,7,-1.3408499308004185,824.9,2.7,33.3
0.2171805742537834,0.3392394048684144,U8,MN8014,14.54963114685164,4.818985597651466,CPG,SSPG,0.0957091056609081,0.3435576290592415,0.2012751410175927,-1.1020447739735668,3,-1.341014174550283,824.9,2.7,33.3
0.2171845138522224,0.33924116262865595,U8,MN8014,14.549663082649714,4.818940345067236,CPG,SSPG,0.0957113082942053,0.34357589503927033,0.20128723898728776,-1.1020983297013118,0,-1.3409622530050083,824.9,2.7,33.3
0.2171705651852387,0.3392381082242118,U8,MN8014,14.549621295294376,4.821424164367799,CPG,SSPG,0.09570113172162144,0.3435603314284643,0.2012906039843976,-1.1019191200590064,6,-1.340907569180839,824.9,2.7,33.3
0.2171609952436387,0.3392219174366241,U8,MN8014,14.549545140331183,4.823209253987237,CPG,SSPG,0.09568650809461501,0.34352849685262443,0.20127427270193674,-1.1017389855828497,3,-1.3410561264452152,824.9,2.7,33.3
0.21716177162337666,0.3392012949601959,U8,MN8014,14.549953523536212,4.822862108039852,CPG,SSPG,0.09567303689135762,0.3435175429070345,0.20126948446162302,-1.101625549760724,4,-1.3411204193246142,824.9,2.7,33.3
0.21715230564896554,0.3392164410280947,U8,MN8014,14.54982151839381,4.824976499795176,CPG,SSPG,0.09567479970382572,0.343518999530578,0.2012809513185476,-1.1015809801675718,2,-1.3409885691447379,824.9,2.7,33.3
0.21715467551756762,0.33919836102825823,U8,MN8014,14.549648373123361,4.827418613775651,CPG,SSPG,0.09566496349458256,0.34351133111227405,0.20126734716197658,-1.1015746256772498,1,-1.341103446535902,824.9,2.7,33.3
0.21715028224697877,0.3391945528698276,U8,MN8014,14.549394222252984,4.829375196485135,CPG,SSPG,0.09565993751445157,0.3435100350405404,0.20126773031270065,-1.1015329859273821,2,-1.3410627250574318,824.9,2.7,33.3
0.21711769933494984,0.3392044056402272,U8,MN8014,14.549303455852682,4.832235391587938,CPG,SSPG,0.09564101144621179,0.34344740563107445,0.20126629042682462,-1.1010220840386633,2,-1.3412365591718345,824.9,2.7,33.3
0.21712852578596958,0.3391608280318995,U8,MN8014,14.549154154460991,4.837187548258519,CPG,SSPG,0.09561610961009721,0.343453473954942,0.20124659901735156,-1.101103730174723,1,-1.3412735419873076,824.9,2.7,33.3
0.2171466759746899,0.3392036683241848,U8,MN8014,14.549439635184468,4.829779619827491,CPG,SSPG,0.09565764605401905,0.3434951245599014,0.20126333805010305,-1.1014798466800566,0,-1.3411454945098988,824.9,2.7,33.3
0.21713299011805337,0.33919419295187564,U8,MN8014,14.549041622855304,4.830886374088054,CPG,SSPG,0.09565019715050682,0.3434763130227672,0.20126059413264288,-1.1012778555704026,5,-1.341119103661681,824.9,2.7,33.3
0.21712278228517062,0.3391886247260012,U8,MN8014,14.548687865502453,4.834288433407355,CPG,SSPG,0.09563104384116905,0.3434635848204321,0.2012600503502426,-1.1011470994462178,0,-1.3411947459435059,824.9,2.7,33.3
0.2171118982170678,0.3391805537118675,U8,MN8014,14.548657415576887,4.83430531202154,CPG,SSPG,0.09562460586089541,0.3434390143743373,0.20125615317605847,-1.1009241844831283,3,-1.341249049547148,824.9,2.7,33.3
0.21710280744249272,0.33917759949382625,U8,MN8014,14.548761179384092,4.838031564342212,CPG,SSPG,0.09561211504571357,0.34342437388557384,0.20125627809108468,-1.1007933779911285,5,-1.3412698684563935,824.9,2.7,33.3
0.2170964547084959,0.3391778655537163,U8,MN8014,14.549125537261826,4.842628643990201,CPG,SSPG,0.09559980515711852,0.34341864586338955,0.20126319625114628,-1.1007088450814209,4,-1.3412721315186271,824.9,2.7,33.3
0.21710186243223373,0.3391820114326869,U8,MN8014,14.549415587832764,4.836861815237052,CPG,SSPG,0.09561304845860324,0.34341865504719415,0.20126273179946166,-1.1007334405646294,2,-1.341322274422918,824.9,2.7,33.3
0.21710769174018335,0.33919519342090637,U8,MN8014,14.548989748398926,4.836930158566559,CPG,SSPG,0.09562358269129737,0.34343820370426903,0.20126489290850286,-1.1009155048787518,5,-1.3412242428122596,824.9,2.7,33.3
0.21710807004694202,0.339169983088872,U8,MN8014,14.548990330794812,4.8328023205526405,CPG,SSPG,0.09562372879539249,0.34341841572012993,0.20124793459212428,-1.100793384041717,7,-1.3413397632416046,824.9,2.7,33.3
0.21710455040352056,0.3391876457427231,U8,MN8014,14.549041743718716,4.834562727805264,CPG,SSPG,0.09562492076030737,0.3434188373392438,0.20125474544597735,-1.1008024600185622,4,-1.3412992807916737,824.9,2.7,33.3
0.21710754005577249,0.3391744721703594,U8,MN8014,14.549037049513121,4.838011506493265,CPG,SSPG,0.09561303844059876,0.34342639758638727,0.20125435707948874,-1.1008267488163639,2,-1.341256883815527,824.9,2.7,33.3
0.217099873802095,0.33917540252545464,U8,MN8014,14.548899854089248,4.836992958111071,CPG,SSPG,0.09561555167985583,0.34341602268158433,0.20125565660238978,-1.100709643049488,7,-1.3412474006018442,824.9,2.7,33.3
0.21708813539212696,0.33915349411980955,U8,MN8014,14.548663076775053,4.839441750194325,CPG,SSPG,0.09559450727840738,0.3433923176674191,0.20124718088666552,-1.1004976710306966,1,-1.3413649040169648,824.9,2.7,33.3
0.21708976873003047,0.3391531473862668,U8,MN8014,14.548964675035538,4.840003599320979,CPG,SSPG,0.09559319729194242,0.3433915457454614,0.20124659339560821,-1.1005128231360135,1,-1.3413584065291086,824.9,2.7,33.3
0.21709745376136802,0.33916684666314634,U8,MN8014,14.548734333894139,4.839754228180104,CPG,SSPG,0.09560533099763951,0.3434140765635424,0.20125316624372797,-1.1006799940296732,3,-1.341234894963586,824.9,2.7,33.3
0.21708200652424547,0.33915501187507396,U8,MN8014,14.549004402288567,4.840696535143419,CPG,SSPG,0.09558934645197628,0.3433749579987436,0.20124509177185032,-1.100384242731892,6,-1.3413968763943878,824.9,2.7,33.3
0.2170789718170676,0.33913545014332086,U8,MN8014,14.548947247727645,4.843624317705792,CPG,SSPG,0.09557336438983116,0.34336532936910213,0.20123765894929607,-1.10030397595766,4,-1.3414603432031935,824.9,2.7,33.3
0.21708364140623693,0.33913354635948134,U8,MN8014,14.548684044239046,4.844184585727032,CPG,SSPG,0.09557615641857063,0.34337559615284285,0.20123670106966982,-1.100382620459763,0,-1.3414402658755424,824.9,2.7,33.3
0.21708083726253508,0.3391259601005139,U8,MN8014,14.5487891226818,4.843759961570915,CPG,SSPG,0.09557366699424119,0.3433657583774148,0.2012319002609067,-1.100308797030154,2,-1.3414151137583676,824.9,2.7,33.3
0.21707842039252478,0.33913591049569985,U8,MN8014,14.54895458604574,4.8446655641945835,CPG,SSPG,0.09557152853286902,0.34336290165644934,0.20123651311937119,-1.100290380809407,7,-1.3414440327388135,824.9,2.7,33.3
0.2170745254409408,0.33913070213983815,U8,MN8014,14.548845126260073,4.845459213917821,CPG,SSPG,0.09556753028301293,0.34335155194181366,0.20123083885818546,-1.100215386025988,6,-1.34147692545368,824.9,2.7,33.3
0.21705796218992685,0.33911711041594594,U8,MN8014,14.548922297026625,4.849156284933803,CPG,SSPG,0.09554572071264997,0.34331993160237084,0.2012271732625591,-1.0999284314066693,6,-1.3415701117601202,824.9,2.7,33.3
0.21706415551248137,0.33913441579553627,U8,MN8014,14.548680196164884,4.847892310169156,CPG,SSPG,0.09556208563519006,0.3433389355959728,0.20123257535213865,-1.1000911106913738,6,-1.3414663246595033,824.9,2.7,33.3
0.21706043023590635,0.3391152851066053,U8,MN8014,14.548644962423133,4.849636860906203,CPG,SSPG,0.09554734883579741,0.3433282195822794,0.20122674196328996,-1.099986089249525,1,-1.3415429973444155,824.9,2.7,33.3
0.21707057378915684,0.33912343947829776,U8,MN8014,14.548345516470473,4.846984423807184,CPG,SSPG,0.09556223921647596,0.34334984732406054,0.20122868190981383,-1.100168126548291,2,-1.3414811987005706,824.9,2.7,33.3
0.21706605757077488,0.33911547956151744,U8,MN8014,14.548508207228393,4.849030986318181,CPG,SSPG,0.09554998698163697,0.3433362779041593,0.20122351324482476,-1.1000771391371278,3,-1.3415035845913117,824.9,2.7,33.3
0.21706761917088488,0.33912570133659814,U8,MN8014,14.548702670998026,4.8466710233769765,CPG,SSPG,0.09555853252685237,0.3433403800921825,0.2012292703317109,-1.100105915992498,4,-1.3415058734745173,824.9,2.7,33.3
0.21707029454790747,0.3391274923835478,U8,MN8014,14.54869378410647,4.847426328953451,CPG,SSPG,0.09556048656057088,0.34334928686884647,0.20123234685017746,-1.100160949845188,4,-1.3414524190864512,824.9,2.7,33.3
0.2170681827168611,0.33911838159751495,U8,MN8014,14.548653181607452,4.848662695960578,CPG,SSPG,0.09555134521820666,0.34334378205483057,0.2012293403794546,-1.10010809150548,3,-1.341484813448396,824.9,2.7,33.3
0.21705628498520638,0.3391099080476473,U8,MN8014,14.548412998456266,4.849608765013871,CPG,SSPG,0.0955414227521757,0.3433228284949561,0.2012245643936985,-1.09992928796017,1,-1.3415591027031848,824.9,2.7,33.3
0.217060692239493,0.3391080160695864,U8,MN8014,14.548382194615579,4.849704917546775,CPG,SSPG,0.09554263666108903,0.34332710181820947,0.20122173424593318,-1.0999828321745673,5,-1.3415575444166183,824.9,2.7,33.3
0.2170635907122105,0.33911934953793327,U8,MN8014,14.54822962772939,4.848348196750555,CPG,SSPG,0.09555272431068293,0.34333819000801674,0.20122580788995553,-1.1000715146453026,6,-1.3414839831667251,824.9,2.7,33.3
0.21706760879853995,0.3391142043552914,U8,MN8014,14.548324055958524,4.8473146288196185,CPG,SSPG,0.09555497554291595,0.3433436140563922,0.20122556417551293,-1.1001099906377512,4,-1.341494832587422,824.9,2.7,33.3
0.21706064676970002,0.3391065633389364,U8,MN8014,14.548213723495707,4.849291870530111,CPG,SSPG,0.09554553650024039,0.3433275994144155,0.2012194916022458,-1.099991415052412,2,-1.3415366699376996,824.9,2.7,33.3
0.21706394824105368,0.33910572466286887,U8,MN8014,14.548562611366785,4.84904870529738,CPG,SSPG,0.09554624251904283,0.343328260618719,0.2012195043967311,-1.100009585503304,0,-1.341533943922494,824.9,2.7,33.3
0.2170642487257579,0.3391051439700482,U8,MN8014,14.54868015345648,4.84896394906215,CPG,SSPG,0.09554530935450561,0.34332864410294617,0.20122048252499164,-1.1000048563740965,6,-1.3415111105837578,824.9,2.7,33.3
0.2170690590912975,0.33912029973058955,U8,MN8014,14.548635312589978,4.847479217933065,CPG,SSPG,0.09555695935753741,0.343342962240286,0.20122698809564143,-1.1001257230420345,6,-1.3414752530963998,824.9,2.7,33.3
0.21706686046057078,0.3391008152100497,U8,MN8014,14.548644948092425,4.847378119797581,CPG,SSPG,0.09554700223055543,0.34332715960454213,0.20121616277859464,-1.1000188329098197,2,-1.3415885683779525,824.9,2.7,33.3
0.21707258441741695,0.33910456825143376,U8,MN8014,14.54861403809289,4.847049381123074,CPG,SSPG,0.09555161571155649,0.343339099607022,0.2012187027475856,-1.1001104612840436,3,-1.3415549251196452,824.9,2.7,33.3
0.21707526314578496,0.3391011805730674,U8,MN8014,14.548570807342445,4.845867857083588,CPG,SSPG,0.09555489414971544,0.3433408756670539,0.2012153042486157,-1.1001453010780806,0,-1.3415701496510586,824.9,2.7,33.3
0.2170722716569399,0.3391048228749647,U8,MN8014,14.54885412676426,4.845138317510352,CPG,SSPG,0.09555603757952516,0.34333539972164107,0.20121905054027042,-1.1000871165062103,4,-1.3415734914092639,824.9,2.7,33.3
0.21707614092917343,0.33909860335117226,U8,MN8014,14.548620951979865,4.845223473259707,CPG,SSPG,0.0955558229424319,0.3433423648285037,0.20121625005011953,-1.1001389639530181,7,-1.341561202369677,824.9,2.7,33.3
0.2170814364826738,0.3391057411973111,U8,MN8014,14.548780506096962,4.843760527516702,CPG,SSPG,0.0955641877488834,0.34335353752654796,0.2012203772979611,-1.1002346559427092,2,-1.3415258758542734,824.9,2.7,33.3
0.21707357190612747,0.3391068289275666,U8,MN8014,14.548730268412475,4.8458562419349915,CPG,SSPG,0.09555681078574066,0.343343256335835,0.20122131242427957,-1.1001398327258962,5,-1.341531003353733,824.9,2.7,33.3
0.2170719341423874,0.3390995057143489,U8,MN8014,14.54861193367562,4.846310232460994,CPG,SSPG,0.09555332398798708,0.34333916877806364,0.20121817616465967,-1.1000932611866134,5,-1.3415171053169033,824.9,2.7,33.3
0.21707203209942705,0.33910115624115034,U8,MN8014,14.548456240170475,4.846066686535758,CPG,SSPG,0.095553992222979,0.34333775242545306,0.20121560893466595,-1.1001051435798477,4,-1.3415484444301065,824.9,2.7,33.3
0.21707034187223884,0.33909721376597457,U8,MN8014,14.548650329988291,4.8468233923092985,CPG,SSPG,0.09555056639238137,0.3433285200431125,0.20121197648426425,-1.100055292349501,1,-1.3415939528717882,824.9,2.7,33.3
0.21706013364757773,0.339092999015948,U8,MN8014,14.548648397313734,4.849017522084314,CPG,SSPG,0.09553807215612278,0.343312720398244,0.20121259483150217,-1.0998934905933146,3,-1.3416126768746377,824.9,2.7,33.3
0.21706592894325016,0.3390940830312331,U8,MN8014,14.548766682882542,4.84795991177984,CPG,SSPG,0.09554318730302515,0.3433193915098484,0.20121114590491412,-1.0999796322879436,4,-1.3416181144208466,824.9,2.7,33.3
0.21706238037055223,0.33908767737985984,U8,MN8014,14.54866579345181,4.849130251346461,CPG,SSPG,0.09553683908796833,0.3433122826183818,0.20120817558298215,-1.0999168455526365,2,-1.341639675585899,824.9,2.7,33.3
0.21706465136701886,0.3390915745777579,U8,MN8014,14.548807270489375,4.848215491444635,CPG,SSPG,0.09554021036203403,0.3433174056700483,0.20121165197065305,-1.0999466558080566,5,-1.341605194269011,824.9,2.7,33.3
0.21706324743024447,0.33909252910443993,U8,MN8014,14.548710647810566,4.848913765649124,CPG,SSPG,0.09553857672531395,0.3433166579917303,0.2012112755386566,-1.0999473065077219,4,-1.3416138132572204,824.9,2.7,33.3
0.21706120063614118,0.33908862440149135,U8,MN8014,14.548743703563613,4.8479721603031365,CPG,SSPG,0.09553873053838213,0.34331051325386364,0.20120995445821377,-1.0998900731063157,3,-1.3416451252046766,824.9,2.7,33.3
0.217062151216592,0.339094051238108,U8,MN8014,14.548786692780034,4.847930804348709,CPG,SSPG,0.09554227076484023,0.3433126164305312,0.20121072516496005,-1.0999219423679651,5,-1.3416160450588492,824.9,2.7,33.3
0.21705985073411138,0.3390903283647475,U8,MN8014,14.548707144013743,4.847864406971146,CPG,SSPG,0.09553935086744289,0.343307581430203,0.2012086677127873,-1.0998804266066473,4,-1.3416449002649973,824.9,2.7,33.3
0.21706402339158007,0.33909302828355803,U8,MN8014,14.549090300315815,4.847251324885959,CPG,SSPG,0.09554188884578357,0.34331238422574617,0.20121240336072957,-1.0999166156295879,5,-1.3416441882679315,824.9,2.7,33.3
0.2170598515862718,0.3390812660414106,U8,MN8014,14.548857890506337,4.849098345045486,CPG,SSPG,0.09553379484761101,0.34330317408049044,0.20120547253226578,-1.0998458198394216,2,-1.3416585678195254,824.9,2.7,33.3
0.21706395050424815,0.33909712821387883,U8,MN8014,14.549074461946514,4.847907245883946,CPG,SSPG,0.09554363955006845,0.3433136960655189,0.20121264469936243,-1.0999404881399497,0,-1.341614347285697,824.9,2.7,33.3
0.2170619605046288,0.33908543493330046,U8,MN8014,14.54899240948264,4.848773935292331,CPG,SSPG,0.0955361652137717,0.34330566977344656,0.2012064137810911,-1.0998824038953707,5,-1.3416547010557718,824.9,2.7,33.3
0.21706736158531273,0.33908941610829224,U8,MN8014,14.549155295994746,4.847815423576937,CPG,SSPG,0.0955417758055685,0.3433110216928287,0.20120676028082435,-1.0999432430987737,2,-1.341645391234934,824.9,2.7,33.3
0.21706101616506066,0.3390868121665714,U8,MN8014,14.549268268320683,4.848591165170218,CPG,SSPG,0.09553641024953119,0.34329882584599014,0.2012054452724142,-1.099846471094781,2,-1.341664366939277,824.9,2.7,33.3
0.21706619076645156,0.3390914421416138,U8,MN8014,14.549360399365744,4.847457808787093,CPG,SSPG,0.09554236077975774,0.3433074161959252,0.20120791193364626,-1.0999214560559532,2,-1.3416668865520354,824.9,2.7,33.3
0.21706085031103028,0.3390827373016143,U8,MN8014,14.549203941678785,4.8487973739749135,CPG,SSPG,0.09553473116077232,0.3432959676403287,0.20120209825327234,-1.0998331328703688,0,-1.3416756469061557,824.9,2.7,33.3
0.2170655638210765,0.3390934831970791,U8,MN8014,14.549215733512899,4.84726488283969,CPG,SSPG,0.09554331126873919,0.34330799917104715,0.20120756920107088,-1.099928591755339,6,-1.3416525960205146,824.9,2.7,33.3
0.21705939837749494,0.3390862720591842,U8,MN8014,14.549194083472527,4.848862244679569,CPG,SSPG,0.09553582161633975,0.34329552419002907,0.20120374145521358,-1.0998285045027196,0,-1.3416753096144927,824.9,2.7,33.3
0.21706108562647938,0.3390894596794224,U8,MN8014,14.549451112119074,4.84768576369204,CPG,SSPG,0.09553800367623633,0.34329667853321566,0.20120629269198348,-1.0998391864762915,2,-1.3416819272129015,824.9,2.7,33.3
0.21706017812087158,0.3390882192787354,U8,MN8014,14.54943063943898,4.848243561912238,CPG,SSPG,0.09553612522744759,0.3432957043967327,0.20120573140525458,-1.0998332565606712,4,-1.341683738782903,824.9,2.7,33.3
Time taken (seconds)
2026-05-31 22:19:07
