thigh_length,calf_length,motor_left_name,motor_right_name,gear_left_ratio,gear_right_ratio,gearbox_left,gearbox_right,torso_distance,ik_height,ori_l,ori_theta,best_index,best_cost,ac1,ac2,ac3
0.25882454973770086,0.24338257151051917,U12,MN8014,10.393978896498862,9.30724910923985,CPG,CPG,0.12430789885319597,0.342437148848744,0.4612513725002639,0.497160665870624,0,0.15048089668649992,436.7,4.8,28.6
0.2400247597235342,0.2384683704873432,U12,MN8014,9.3676930843685,7.318880678973156,CPG,SSPG,0.1320861064353181,0.3775261900998252,0.290992720694567,-0.2328720734517098,0,1000000.0,488.7,3.9,33.9
0.2621370721034713,0.24717805674696486,U10,MN8014,6.541268976649997,8.018122297829455,CPG,CPG,0.1194685317021096,0.3733158229240089,0.20666627159850556,-0.6023035527754697,0,0.6726331277424311,569.4,4.9,26.4
0.231651392429925,0.25705473826832,U10,MN8014,6.899288937997018,8.111010486981455,CPG,CPG,0.12068700975159868,0.37992091160615205,0.20094452000599033,-0.6260329987695102,2,0.17499064380619433,551.6,3.4,35.3
0.2325592376191487,0.2711929218070145,U10,MN8014,9.662368315003135,8.843479767403837,CPG,CPG,0.12311713883710464,0.43263377586646967,0.20567192170351842,-0.3247255607657695,2,1.2634969527214344,505.7,2.9,34.2
0.23742772291095898,0.2711525536162953,U10,MN8014,8.94712938608728,6.351626782240601,CPG,CPG,0.11302179632171847,0.42991243797840306,0.2459857973187717,-0.5985567552978182,1,0.12966986593528684,458.8,1.1,32.6
0.2324549579417215,0.2936613988669185,U10,MN8014,6.87247461626466,6.637319038053928,CPG,CPG,0.13009815923456997,0.389676165150217,0.25970700828441906,-0.6435896821450041,6,0.24039706711501108,515.1,2.2,32.6
0.2317069168313323,0.30787770358478617,U8,MN8014,6.19773496734304,7.411199139913585,CPG,CPG,0.11737517547332622,0.37972034369330776,0.235213583742221,-0.5258897618148206,0,-0.31071181959660255,525.2,2.4,33.6
0.2126530404337074,0.3036363890474172,U8,MN8014,9.169559257555377,6.395889271138612,CPG,CPG,0.1204888088574756,0.3653524688772597,0.2074358961862557,-0.7761894675582668,6,-0.4874232976991735,592.5,1.5,32.1
0.19880764068545667,0.32171093914485427,U12,MN8014,13.71059712761965,6.4608654697830925,CPG,CPG,0.10875513335547105,0.3578664008770853,0.20004239323629677,-0.9274514388262216,5,1.1958801284962206,665.4,0.6,32.2
0.23411507833543235,0.29456752174972567,U10,MN8014,16.212873313382808,7.413998564346608,WPG,CPG,0.11363636907123646,0.378526340687901,0.27642304991741407,-1.0101320636133648,4,1.1986908101654008,560.1,0.3,33.2
0.22209985580652916,0.29720583037403303,U10,VT8020,11.042456222906312,7.455002635282959,CPG,CPG,0.10882424824364431,0.37563900151104074,0.20994898541015136,-0.4877364931360979,7,0.43429587175009754,542.5,0.1,38.3
0.23612542728780045,0.33081632031813235,U8,VT8020,14.848060596576849,6.825518722935945,CPG,CPG,0.12714295365660683,0.3739956464946117,0.22383395437513662,-0.5745830571317125,3,0.5881358078056191,589.4,0.3,30.0
0.22276552665250335,0.3389674879983486,U8,MN8014,13.140570519879205,7.161060780136259,CPG,SSPG,0.12347856201128533,0.35788645742533104,0.2780540539354695,-1.005241708040514,0,1.0359160368972742,601.6,1.4,37.7
0.24161570152361,0.33372897795039325,U8,MN8014,12.907635426470053,5.732648383096266,CPG,SSPG,0.12015197403559917,0.3655638180716078,0.20316288522476406,-0.7889452378641256,3,-0.7104686666915896,596.4,0.6,39.4
0.22797975747287616,0.29863444873394596,U8,MN8014,13.257465471567286,4.761594822079361,CPG,SSPG,0.11972764229228537,0.3920803207639937,0.2404730882813051,-0.5454930854993825,1,-0.41170417786719593,589.5,0.5,36.6
0.23607149254057103,0.30316190074706884,U10,U12,10.944702456673523,7.891516870066432,CPG,CPG,0.12931266569030114,0.3798418116637634,0.5661363740781815,-0.21617913581086867,6,0.45616721526935977,639.8,1.9,38.5
0.21634292953375822,0.34144431191169455,U8,U12,9.720335159670348,9.146560761128633,CPG,CPG,0.13439762656977278,0.39831937431205683,0.5478985727772847,-0.04778273669699229,2,-0.09867636737368063,557.3,0.4,35.4
0.2313557325776956,0.30500213679919286,U10,U12,9.737776761012562,6.336597830920962,CPG,SSPG,0.12903917002644957,0.39162304949650584,0.6084028568467631,-0.2892203948395764,2,0.7984717231129558,635.8,1.5,41.1
0.24909930517533968,0.28849857067958595,U10,MN8014,11.749394053297785,5.254142671819752,CPG,CPG,0.1288231138479718,0.3953288540701382,0.21900975118993216,-0.9149542795657701,7,0.49907380087507214,523.8,1.6,37.0
0.2426350646564691,0.2972437909843354,U8,MN8014,13.121338453160417,4.863651461631338,CPG,CPG,0.11883676149951927,0.3746550254991168,0.21374611983040534,-0.7563861977820746,5,-0.5471197571064321,582.9,2.8,36.5
0.23976069851948045,0.2963782284732312,U8,MN8014,11.956895630745802,5.713121277554199,CPG,SSPG,0.12302456991321072,0.37452433903820076,0.21828797166409963,-0.44123713896061445,0,0.12241112768698237,589.9,3.4,34.1
0.24844093673804615,0.27291428415017677,U8,MN8014,10.713802520870688,6.276877871408474,CPG,SSPG,0.12459212038585522,0.38386234422023513,0.20002823718726026,-0.618737528160699,4,-0.3256010029854144,425.7,6.4,32.6
0.2549812644511291,0.2941362500079946,U8,MN8014,10.260109163325627,7.273813123501551,CPG,SSPG,0.128885123497625,0.37761546349540964,0.20032968835992693,-0.7665680437286124,5,-0.320019246597373,535.2,4.1,34.0
0.23740027106967324,0.3130744265416655,U8,MN8014,10.266379145658178,8.1457225465036,CPG,CPG,0.12956653898729947,0.34498573650402686,0.2174059834217218,-0.5200725712792553,6,-0.23947588449185453,589.7,5.6,32.3
0.24595909041728253,0.296971086236045,U8,U12,10.663334394847599,6.3330833039314935,CPG,SSPG,0.13418250323552222,0.3654909236811534,0.20975771130379298,-0.6895183918328442,4,0.30850144273997593,575.6,4.3,33.6
0.22878238654479002,0.32283398144241404,U8,MN8014,13.665313886519646,8.368823245649633,CPG,CPG,0.1230189574308307,0.3515257396506284,0.2302635710660559,-0.6465676707538108,0,0.917367241456577,540.6,5.3,29.3
0.23650000340206145,0.3090711186731224,U10,MN8014,14.713546795861747,8.295129123910161,CPG,CPG,0.12435833122003136,0.34438512728890214,0.20453140741345985,-0.8174244909755336,5,1.3375685720001194,528.4,4.7,33.8
0.24806076692585577,0.33618599633122137,U8,U12,13.936175161762632,7.055694951117488,CPG,CPG,0.12428282906225684,0.3524352579899971,0.21655488775562579,-0.6969511721962608,1,0.565233782426172,602.7,4.1,30.2
0.24380197203747317,0.3246104038467371,U8,MN8014,14.130773880934202,9.197123725176041,CPG,CPG,0.12819153508735134,0.36128839830707604,0.22953240540975306,-0.5821948092360577,6,0.011021305434662843,593.0,5.5,30.1
0.2600482706205098,0.30536942111488397,U8,MN8014,14.34658055314287,7.345154926852286,CPG,SSPG,0.13295274518652606,0.35258235906357793,0.20028740416120502,-0.4638167386088665,0,-0.08216935217372878,455.2,6.1,29.5
0.26222307208886597,0.31368083527232593,U8,MN8014,13.974364226204461,10.016841296487499,CPG,CPG,0.12359212640420289,0.3689070524722928,0.21444542809824593,-0.43699970643296315,5,0.15639010564006295,520.9,5.2,34.2
0.25022835990600595,0.3039889949589306,U8,MN8014,13.803373448362164,7.053824175282603,CPG,CPG,0.13386677946838121,0.3737155012608564,0.218472295640616,-0.5222187994464609,7,-0.15139917269499126,494.3,5.2,36.2
0.24614592779732786,0.29037787526549785,U8,MN8014,12.012041111996972,7.805863186063554,CPG,CPG,0.12829485949692038,0.36951319199358357,0.20059484481272727,-0.46217474596077124,2,0.05450339438201901,544.1,6.2,34.8
0.2430552656890116,0.29990185000144765,U8,MN8014,12.641579003968358,8.017099641376102,CPG,CPG,0.12681709448281359,0.37770004040536026,0.20475548588080086,-0.7288587931746979,7,-0.15797510080309252,606.9,5.4,32.4
0.23223143727081313,0.2875464126597841,U8,MN8014,9.077777586000026,7.908939233653623,CPG,CPG,0.1267047230672188,0.37852831722119135,0.2046325556996264,-0.7680666814385715,0,-0.4201020603052603,571.3,6.2,34.1
0.20206467818078955,0.29193666998968204,U8,MN8014,9.68064269375483,7.016596397598024,CPG,SSPG,0.1353006393081696,0.3813284875467616,0.2163984877412597,-0.7782691851103217,0,-0.47663398710680926,596.0,5.6,36.3
0.2004554349456339,0.3325185455119308,U8,MN8014,11.81117732854791,6.103806709687409,CPG,SSPG,0.1313460427375841,0.37506415329845055,0.2363860309999152,-0.7319604512434551,5,-0.43010436648718997,590.7,4.2,38.2
0.20601439690753096,0.348171681056449,U8,MN8014,10.38866987995903,7.146268531836196,CPG,CPG,0.14577017070551546,0.41342748547584524,0.20049612543986053,-0.8659991050426622,7,-0.20215028280535918,603.1,3.9,38.9
0.2123355265071458,0.3430713915723841,U8,MN8014,11.706681707135267,6.279376528359096,CPG,SSPG,0.1446397186215737,0.3950250525846703,0.240313019914081,-0.6041254057067759,1,-0.28090563297832016,592.9,4.6,35.8
0.21117108116229463,0.3162946503576809,U8,MN8014,8.7102935833569,4.021688022426308,CPG,SSPG,0.14774016916434907,0.41250632684181066,0.21508449304164576,-1.033184403030695,5,-0.48466074207778576,655.9,3.1,37.9
0.21052593206674694,0.32014217823703633,U8,MN8014,9.62793031075412,4.165071544220282,CPG,SSPG,0.14996330368177008,0.4244437658464565,0.2020046977376884,-1.2211355599408935,1,-0.38497522041029697,626.7,3.5,35.8
0.1800104180794527,0.33360645245984233,U8,MN8014,8.356448286942982,4.308600573795005,CPG,CPG,0.14621040365423207,0.42663735769264804,0.23092998700768924,-1.225951766619444,5,-0.06885915602938475,707.9,4.7,36.1
0.22255256911184265,0.32852648449701577,U8,MN8014,10.695165188811842,4.4246762283997185,CPG,SSPG,0.14169500414961836,0.3902545559449014,0.23923415472006876,-1.1461269965487637,3,-0.5581258066286336,614.2,5.1,28.4
0.20353960866201806,0.32943298182113395,U8,MN8014,10.872786877142861,5.1093613973579,CPG,SSPG,0.13533154981811107,0.37142688185015305,0.20803811098414748,-0.8003000451464367,3,-0.5889522268761365,617.1,5.8,29.7
0.2111309780682593,0.30746924133291775,U8,MN8014,11.945740503285503,4.582136075604669,CPG,SSPG,0.13360916893648278,0.37795476033754505,0.20216447996176948,-0.707881438309166,7,-0.3869687500203076,600.5,5.1,32.9
0.23697324471017467,0.3196672760902012,U8,MN8014,12.599598176936942,4.02708727936782,CPG,SSPG,0.1294092874592937,0.3952999086609426,0.20626273648571428,-1.0968716114738846,7,-0.6674999913463324,586.4,3.7,29.4
0.22529172122131658,0.2987823209387265,U10,MN8014,13.041569089052913,4.10887246140383,CPG,SSPG,0.14067049693750167,0.41981847644923265,0.22267224018018789,-1.1084004451323604,1,0.100922768910511,553.1,5.5,28.7
0.22893643022370677,0.34215942817873835,U8,VT8020,11.386629681088571,4.515697233091997,CPG,CPG,0.1420560053326921,0.4323687139599626,0.20054113216897063,-1.183448130957199,3,-0.18798082935226645,502.2,5.2,31.3
0.2253288696463449,0.3294083259108541,U8,MN8014,10.419446331748755,4.021338905476555,CPG,SSPG,0.13499291856249407,0.38831196791706435,0.21239662261277312,-1.0714131973656513,7,-0.6497991378277179,577.3,5.1,27.8
0.2336420176657358,0.2983116289593748,U8,MN8014,9.860499056289049,5.542672932454031,CPG,SSPG,0.12892321813893975,0.3899768488122349,0.20673790329671754,-1.1709655871885827,0,-0.545737818519461,640.9,6.6,29.4
0.23171845290743115,0.30698908143202264,U8,MN8014,11.381501880969877,4.196336649307252,CPG,SSPG,0.13847315082438455,0.4078390611577838,0.20236414986945495,-1.2629646746063314,0,-0.4742484065625554,575.8,4.1,32.0
0.23347687712465034,0.2967094605890883,U8,MN8014,11.420620214411827,4.000198094313116,CPG,SSPG,0.13767177998266233,0.3983193316750451,0.21289422268827646,-1.1506252455158223,6,-0.42972793326852177,541.0,5.0,30.7
0.24352396786314884,0.3073695901837782,U8,MN8014,12.400824802607213,4.390544577394882,CPG,SSPG,0.13133627826882976,0.40891283427956965,0.20093736988160318,-1.4441222388311905,3,-0.24958015149013235,572.0,3.2,32.2
0.24285939508349297,0.28816960628115895,U8,MN8014,12.82199314357886,4.259969772581118,CPG,CPG,0.13549783455716602,0.4202169692423178,0.200103121295051,-1.2356688636198563,4,-0.21661846647162442,574.7,3.4,32.4
0.22840492463214415,0.2954795401456519,U8,MN8014,10.518430728054199,5.267609676856324,CPG,CPG,0.13149284468167782,0.4196787701559703,0.2239906838580747,-1.1948007366646776,3,-0.07907887474231412,594.5,3.0,34.3
0.2277086627121701,0.3026183417642745,U8,MN8014,11.236966712888293,4.242776541609516,CPG,SSPG,0.13044750255247994,0.41314203113500425,0.24826872565525432,-1.1874268381943438,0,-0.5506758258486775,653.4,3.1,29.3
0.2227809831526207,0.28429737158009283,U8,MN8014,11.134986651087894,4.708406897492414,CPG,CPG,0.12855259516168915,0.39658463810852324,0.20702596923023098,-0.9817600936363438,0,-0.3319132706031187,591.1,3.4,33.4
0.22377669670987713,0.28937465385682737,U8,MN8014,8.412871317257636,5.450322119322545,CPG,SSPG,0.13370250388422467,0.40471875510464417,0.20484756273997626,-1.2107740083955054,6,-0.3725711062642665,674.0,3.5,29.9
0.21771949998808224,0.29691140415925743,U8,MN8014,10.902515559844968,4.61212141322201,CPG,SSPG,0.124433341423142,0.4082883740016177,0.20489534187454048,-1.1395922226632227,5,-0.39767378203192383,603.1,3.6,30.4
0.2259870410561887,0.2909652762400148,U8,MN8014,10.130230595128307,5.6264753838051895,CPG,SSPG,0.12120351709454634,0.40068955021814456,0.2448057426241543,-1.0775613150651968,1,-0.4789896818329291,644.8,4.9,27.0
0.23051633795952492,0.2909939819614097,U8,MN8014,9.094591328911752,4.833799390405883,CPG,SSPG,0.12112523270346731,0.38470912317442957,0.2245120672542631,-1.0586834055202075,4,-0.5640826361747626,602.3,3.6,28.6
0.2263924721798377,0.2885921058296169,U8,MN8014,9.986222824794568,4.7908706014160645,CPG,SSPG,0.12102956497581546,0.3619363779599813,0.20012391213556643,-0.984059842259528,2,-0.7293125267154261,652.7,3.6,30.9
0.2220637203826446,0.29033584171680216,U8,MN8014,10.617893350404819,5.066309339181851,CPG,SSPG,0.11399552551936402,0.3664334820253661,0.20906654485358225,-1.0486390568774895,0,-0.6340501115179382,662.6,4.3,27.5
0.2364119296631295,0.31473584862406334,U8,MN8014,10.979243855293719,4.182778510527327,CPG,SSPG,0.12078857879729213,0.37195808491437676,0.20534208813255894,-0.9511259667683837,0,-0.767773854707821,610.8,3.4,30.8
0.22562799667801495,0.3129220567646559,U8,MN8014,10.502748937750361,4.501445659599286,CPG,SSPG,0.12234357917690493,0.3721010779146259,0.22047947317665234,-0.9418650112540663,5,-0.7542500147942937,652.4,3.3,30.4
0.20431111843887234,0.3168950494033862,U8,MN8014,10.932766275009959,5.1540902601931,CPG,SSPG,0.11972457276727805,0.36006358230467,0.20003873951085838,-0.9184086461092466,0,-0.8072719720186807,600.1,3.5,31.2
0.19990183173877227,0.3135112301188855,U8,MN8014,9.96733607922513,4.795636248799881,CPG,SSPG,0.1132743091531261,0.36754044663837426,0.22930590247248206,-0.9855258623246926,6,-0.7041558795776748,622.4,4.1,29.4
0.20038339136228395,0.3374870784514017,U8,MN8014,10.679927537014606,5.262964289107226,CPG,CPG,0.11887457233804992,0.3631820685062276,0.20017846758905264,-1.0523209843493901,6,-0.7624736120547313,650.7,3.1,28.3
0.19917257628590354,0.34632941543480805,U8,MN8014,8.902310505374295,5.22959787053362,CPG,SSPG,0.1213923211009221,0.3380294826680612,0.2049922539636221,-1.053081967102392,2,-0.7190934424788002,717.4,3.8,29.7
0.19480714984838568,0.3304545994485491,U8,MN8014,10.249792169766941,4.053447697553791,CPG,SSPG,0.11214361622328506,0.3524224308030623,0.21615244571084946,-1.0549338254780123,0,-0.7865155066074179,714.5,3.0,28.9
0.20428287614001928,0.3436801243822737,U8,MN8014,10.04923548650247,5.0519991277460745,CPG,SSPG,0.11532471899119896,0.33515938426927,0.2012085628730059,-1.0226497652370488,2,-0.971259794074836,703.5,4.0,26.6
0.201613277057347,0.3335270528608817,U8,MN8014,10.948441446598881,4.559825150854522,CPG,SSPG,0.12335075597704868,0.3500447626683158,0.2201767371380983,-1.0437201145047639,6,-0.7686827497389865,659.5,2.9,27.4
0.20121517061205424,0.33377138600970585,U8,MN8014,10.225134157476642,5.218442215796504,CPG,SSPG,0.11991236392615415,0.3687799572257796,0.20000000008897748,-0.9630366896445938,6,-0.8201835942308211,612.9,3.2,30.2
0.1949553354023359,0.3387248099035478,U8,MN8014,10.545456658037143,5.512559590318228,CPG,SSPG,0.11734612730059799,0.3480554795717949,0.200718524144372,-1.0700664458884268,6,-0.9047445918634738,666.4,3.1,27.9
0.2039019149255104,0.3272611157708225,U8,MN8014,10.990894076381943,5.937400248937546,CPG,SSPG,0.12319622615543341,0.35989382560787075,0.219494640810845,-1.0932153509125704,6,-0.899054857999845,659.1,3.0,25.7
0.20032344568144933,0.3365525633548716,U8,MN8014,11.330491070789844,5.943931203856632,CPG,SSPG,0.11453040792730772,0.34979492238323745,0.20933588905056646,-0.9853680462684946,5,-0.6970277948571386,681.6,3.2,25.2
0.20378675504368648,0.334551578584022,U8,MN8014,11.355030272853273,5.619175120787826,CPG,SSPG,0.12297844590376372,0.3548202703248443,0.2001754802942778,-1.0861030277839798,5,-0.809200266130528,622.8,3.0,26.5
0.18842051194592171,0.33806085366377187,U8,MN8014,11.605004654858803,6.619596166311302,CPG,CPG,0.13479079867108598,0.3506139508867892,0.20004814180793162,-1.134530872917877,2,-0.7218339158825042,670.4,2.2,26.1
0.1967689149882404,0.3464115945310579,U8,MN8014,10.528927946692878,6.528392420587718,CPG,CPG,0.1291370974613729,0.34080665099280516,0.20021379800778427,-1.1728588506611797,3,-0.8637162760344088,702.2,3.6,24.4
0.2021675164211054,0.3337911277671585,U8,MN8014,11.87003956304255,6.117236985669551,CPG,SSPG,0.1309008559805464,0.33691358380486464,0.20594151183925866,-1.1589308102962907,2,-0.8218798503156002,698.7,2.6,24.6
0.19854506358723467,0.34967336367956575,U8,MN8014,11.643005019179903,5.163254914215357,CPG,SSPG,0.13281798809136966,0.3473159765962813,0.20005391338662018,-1.2673176393448609,1,-0.8516841388248331,690.5,2.3,25.0
0.19427596737531913,0.3499869225441953,U8,MN8014,11.03706297821138,5.444953361745422,CPG,SSPG,0.1330739860764058,0.34093487815271,0.201447468436993,-1.301227968731384,1,-1.0241163667256368,731.8,2.0,25.4
0.18161355019026534,0.3444843856576062,U8,MN8014,10.842067968492087,5.846639399534629,CPG,SSPG,0.1335607740241861,0.3350447166327643,0.20026767056705239,-1.2240122219203078,5,-0.8435484877089312,729.3,2.5,24.4
0.18325114834826353,0.3450863536588134,U8,MN8014,11.566940332916666,4.523559814691057,CPG,SSPG,0.13254104718626242,0.3386127631760526,0.2009310589449584,-1.1796738783496692,1,-0.898818710272633,725.0,2.1,25.2
0.17220292347013266,0.331434635420485,U8,MN8014,10.415816016879816,4.415705273165795,CPG,SSPG,0.13581213125305666,0.34397114882255136,0.2207110486598124,-1.2295208539312672,7,-0.8685257297133973,789.0,2.0,24.4
0.17082213846958744,0.3495905678735295,U8,MN8014,11.776744350964023,4.763893607595409,CPG,SSPG,0.1388790337234081,0.3389129745904165,0.20144837872433408,-1.2381536397414188,5,-0.9243136591033423,764.2,1.1,24.1
0.18742722319918714,0.34786203364819457,U8,MN8014,11.48772605389177,4.035007643644855,CPG,SSPG,0.13712412892053022,0.33266923586798186,0.20105974440067292,-1.3434702481531553,3,-0.9955431998864182,833.2,1.8,23.9
0.16892011221197592,0.34769022293101765,U8,MN8014,9.682742479427237,4.0052659036361105,CPG,SSPG,0.14385427021728514,0.321659864385983,0.20025584086856776,-1.4553058293441592,5,-0.9865289909475496,870.2,2.5,22.6
0.1775807629848153,0.3408686893723727,U8,MN8014,10.999524842544684,4.015017310568281,CPG,SSPG,0.13494629960509597,0.33189376079841865,0.21081855806425914,-1.2939448926841066,3,-1.0368111321608655,802.9,2.3,22.9
0.16560530158020245,0.3476595091301984,U8,MN8014,11.796518063820065,4.58108559128768,CPG,SSPG,0.1464856170712413,0.33553165333321244,0.20201189431511868,-1.4655335773208455,5,-0.9444846070483734,802.5,1.4,21.9
0.17079020037240805,0.3495929191235415,U8,MN8014,8.99302770935466,4.347452100833091,CPG,CPG,0.13824373011950203,0.3189971129501166,0.20161781894885403,-1.4856126769148488,1,-0.9352439650858839,865.0,2.8,18.4
0.1757657331908064,0.34985653155464413,U8,MN8014,10.013066513123658,4.163319961065486,CPG,SSPG,0.1357941053118063,0.3477653000173888,0.23061453708688798,-1.5141874551893826,5,-1.004825670452969,906.9,2.7,22.1
0.17043250356767806,0.3499890858399143,U8,MN8014,10.17196978274417,4.302314936656301,CPG,CPG,0.1285123721221993,0.3195531312420922,0.20110294901241976,-1.4501611878744007,4,-0.9698158785048792,900.8,3.2,20.8
0.17238794550446832,0.34858851231271515,U8,MN8014,10.597010060137869,4.042586908175592,CPG,SSPG,0.12721163544146505,0.31963793319911477,0.20068509983084482,-1.2760626410204177,0,-1.0302235307868814,842.6,2.6,24.2
0.16872544853605667,0.348053042087751,U8,MN8014,9.12149958703219,4.0146685814875145,CPG,SSPG,0.12547648223185418,0.3225949668721374,0.2000600877789597,-1.36298473548782,0,-1.0306020204596535,858.6,2.8,21.6
0.17292252354788806,0.3473890878574217,U8,MN8014,10.094753261968851,4.017842568144795,CPG,SSPG,0.12354439472562516,0.32905067717597214,0.20038867595551502,-1.3777500011026027,3,-1.0446596705769107,816.9,3.3,22.7
0.16984784461247515,0.3474526308018725,U8,MN8014,10.51641190121278,4.521001023528593,CPG,SSPG,0.12944122769090285,0.3376444192398889,0.20007742425359415,-1.4248318046841972,3,-1.058290880883476,808.0,2.4,23.6
0.17518576134381844,0.34778647046370054,U8,MN8014,9.98486964932463,4.000423948330142,CPG,SSPG,0.12716692146828795,0.3308902903086565,0.20409950358678,-1.450635030779924,3,-1.0328477531274922,834.2,2.4,23.5
0.17668528239649622,0.34893684446116807,U8,MN8014,9.281692561666828,4.048693333862101,CPG,SSPG,0.12975841112714223,0.3246702666540146,0.20007532138715745,-1.5044221893847387,5,-1.0322727850997149,831.7,2.8,20.9
0.1768505732813302,0.34996978778860094,U8,MN8014,9.833800285912691,4.007519256642051,CPG,SSPG,0.1326635662186907,0.33099176126657953,0.20048765080568828,-1.5442990933259246,4,-0.9914580483644908,826.2,2.9,20.8
0.1757894069280736,0.34658391056731647,U8,MN8014,10.102456243354538,4.044471238497818,CPG,SSPG,0.13069964689369645,0.32837149085395406,0.20942901183081133,-1.565701168311924,3,-0.9716751746966317,861.2,2.6,21.9
0.179668195219383,0.3499237476993273,U8,MN8014,9.929781227624675,4.022197562413571,CPG,SSPG,0.12482202687782804,0.3331669031491841,0.20477553520071465,-1.4007419153700096,4,-0.9465046363525991,802.9,2.7,23.2
0.16096491151495637,0.3499841218346774,U8,MN8014,9.947348560433856,4.2015882213357445,CPG,SSPG,0.12599277840097128,0.3124393033535269,0.20125183237467165,-1.4855461485580779,6,-0.989073230206535,878.1,3.2,21.0
0.17215201599792387,0.3494940001073128,U8,MN8014,9.237345557518031,4.000136244811777,CPG,SSPG,0.12460602036232393,0.3290951565776624,0.20381727047741316,-1.561181078848371,1,-0.9642273757996866,876.8,3.5,20.8
0.17054355630436474,0.34960053183227513,U8,MN8014,10.103113040430156,4.026355132808104,CPG,SSPG,0.12327775223739502,0.3211224693588511,0.20422469493317125,-1.5188772427222557,1,-1.0523072180801094,859.0,3.0,21.1
0.17302969199243323,0.3499292698990543,U8,MN8014,10.093280847479589,4.038657744868914,CPG,SSPG,0.12900219956752965,0.3214336618742893,0.20003654414563538,-1.5650023909810238,3,-1.0324302442590199,879.8,3.0,19.9
0.16817243142682745,0.349635516867048,U8,MN8014,9.936336446875934,4.1752095252805,CPG,SSPG,0.1253698614945592,0.32083577072403924,0.20130169463237488,-1.5461604936760096,2,-1.059694559734985,867.1,3.5,20.5
0.16870530977365314,0.34972881699334857,U8,MN8014,9.683128863283457,4.20831929172862,CPG,SSPG,0.12719318579032157,0.3250573726941551,0.20190607100315539,-1.5699342831468919,1,-1.0054424208747088,889.6,3.3,20.2
0.1748986267169884,0.3499995682283912,U8,MN8014,10.292816227391288,4.367075120789324,CPG,SSPG,0.129777452305642,0.3166251571032239,0.20023239612696253,-1.568899064135188,0,-0.9711375223840033,869.5,3.7,19.5
0.1706148901864477,0.3499583063447735,U8,MN8014,10.112017806650138,4.3509079096924195,CPG,SSPG,0.13303428830388772,0.3241857974085731,0.2084320501275269,-1.569413894328046,5,-1.0455090739315276,893.7,3.1,21.2
0.1682844757191631,0.3498609742028279,U8,MN8014,9.961281399589454,4.1692801617522095,CPG,SSPG,0.13090121175587283,0.31637290506836446,0.20292487303824236,-1.5646428832906019,0,-1.043899025618412,925.3,3.1,19.6
0.1836209176706452,0.34634057666734847,U8,MN8014,10.973692361300772,4.52082169756914,CPG,SSPG,0.12875174590116328,0.32609547585361426,0.20073368493971463,-1.5703968101872476,6,-1.1274593548782708,870.0,3.4,20.7
0.18049027947103055,0.34877748080326426,U8,MN8014,10.52082205681908,4.283348742446734,CPG,CPG,0.12921099598395885,0.3177235650858998,0.20440432062517155,-1.5625725112155495,7,-1.0164957697939947,882.2,3.3,19.3
0.18308574845780604,0.3480430082252698,U8,MN8014,11.186886025209802,4.366513389801136,CPG,SSPG,0.1330886899273257,0.3173676169096314,0.20000577816159656,-1.5398560717365772,5,-1.1175391945913589,873.8,3.2,19.7
0.1911136850937374,0.345777596090775,U8,MN8014,11.01555314259198,4.645018401081069,CPG,SSPG,0.1296372636557353,0.3142799831442742,0.20006306150881736,-1.5699805950954973,3,-1.0596988593833858,851.8,3.8,19.7
0.19493373775198708,0.3424548487593686,U8,MN8014,11.214372551955467,4.521808937149256,CPG,SSPG,0.129072943125158,0.3249534700348452,0.2000015897337786,-1.5608205285496177,2,-1.0162806994575018,823.9,3.4,21.5
0.1850023806164949,0.34690413677805854,U8,MN8014,11.17133523966446,4.75138154729949,CPG,SSPG,0.12931137952994481,0.3241028334540842,0.20211932763452353,-1.527684611151618,4,-0.9928144817750688,862.0,3.4,19.6
0.18849553442528713,0.34439973975880644,U8,MN8014,10.97306323220182,4.428491204514701,CPG,SSPG,0.12771132128668666,0.3215328284039686,0.20375485884061376,-1.5604809553897574,6,-1.1098099530843752,864.5,3.3,21.4
0.19419969098620884,0.34231712064838826,U8,MN8014,12.036323440831374,4.271017856104935,CPG,CPG,0.12921309318719748,0.3174085437816582,0.20121479066665993,-1.5625841078310807,3,-1.0158063205054315,844.0,2.5,19.2
0.1792691289259601,0.33972918047775674,U8,MN8014,11.397264277542849,4.046210450447055,CPG,SSPG,0.13232936814951346,0.3155508031734106,0.20016989486413117,-1.4951494855400425,6,-1.1075339665025297,904.4,2.3,20.2
0.1789538183749924,0.34505303621279204,U8,MN8014,10.997854021781023,4.046611922256366,CPG,SSPG,0.13043230796611344,0.32517885089912923,0.20113441398412552,-1.556371497458615,5,-1.0769532589017023,892.6,1.9,20.2
0.17532091150641224,0.34003301653658363,U8,MN8014,11.393809798681435,4.001028257996797,CPG,SSPG,0.1314101476752796,0.31463332564110374,0.20054473398177808,-1.5565667925331503,0,-1.0470690917889307,875.4,2.5,20.7
0.1790019217201116,0.3270751764607302,U8,MN8014,11.370666612836798,4.003810922277089,CPG,SSPG,0.13567202017088387,0.32214890706771415,0.20049791042043108,-1.5661512768567962,2,-1.0909306000391163,891.4,2.4,20.4
0.1722226607062214,0.3399393031617138,U8,MN8014,11.142323090098538,4.012667299916449,CPG,SSPG,0.13091245771157523,0.32099165871288604,0.20015829421200867,-1.5706730078676778,0,-1.0358019019385871,893.6,1.6,21.7
0.17776069976106554,0.3352682773182819,U8,MN8014,10.874503246409613,4.080032449386859,CPG,SSPG,0.13647844450486796,0.3136231791453778,0.2001085468301981,-1.5142174668444708,2,-1.0275496169905125,923.1,1.9,21.1
0.18682591534757587,0.33242299532338926,U8,MN8014,11.527616953299118,4.159283815786457,CPG,SSPG,0.13702059234907077,0.31646915352202676,0.2037212489043959,-1.4962246314220469,2,-1.064232941638573,882.1,1.6,20.9
0.18061650422546727,0.31794664954912,U8,MN8014,11.584055830361137,4.535673181834443,CPG,SSPG,0.13655419794008802,0.3197866495267215,0.2012157520282174,-1.4902935278696912,5,-1.0037433716941067,903.2,1.4,22.6
0.16445630504745493,0.3322691435974293,U8,MN8014,9.952653269663749,4.022943693340204,CPG,SSPG,0.13799308017270295,0.3188166826909032,0.20218900079450486,-1.5518700409852493,3,-1.1289559796798363,917.3,2.5,21.3
0.16707777395547713,0.33159791364017127,U8,MN8014,10.459021547708554,4.033307551522622,CPG,SSPG,0.1335921543369824,0.3156693837063394,0.20044391661924554,-1.5338503338073672,6,-1.0920429566959493,907.5,2.3,21.5
0.16667505558140658,0.34281064142307704,U8,MN8014,9.860333823714896,4.03307239101374,CPG,SSPG,0.1345091054470834,0.3101220064207578,0.20003730017347493,-1.510789583160885,7,-1.067900323394376,938.6,1.5,20.5
0.16778223483066385,0.3369374038562031,U8,MN8014,10.051197668978965,4.002470137027059,CPG,SSPG,0.129036206489204,0.3051021399814481,0.20626142593402383,-1.5458514709369222,7,-1.057452622338527,930.1,2.4,19.0
0.16441337315408683,0.32876244026078116,U8,MN8014,10.105027485005497,4.577415432905786,CPG,SSPG,0.13404176492842007,0.3130563120980015,0.2001492883624347,-1.5358270262200362,1,-1.074707428079562,954.1,1.5,19.0
0.16850286837200912,0.3223022620780827,U8,MN8014,9.97608578418479,4.338286671411364,CPG,CPG,0.1315645660135144,0.30921571235768786,0.20592925171814724,-1.5371676505709968,2,-1.1117414126438812,940.2,1.7,19.7
0.1692686316710987,0.32703477155939514,U8,MN8014,10.173051122857395,4.055216813513985,CPG,SSPG,0.13124421827204133,0.30686930506831867,0.20304408034490365,-1.560806074451685,2,-1.039159167511932,950.9,1.8,19.1
0.16475723449357246,0.3264694762254073,U8,MN8014,10.87134043796674,4.176480506446207,CPG,SSPG,0.1308979222821685,0.3081538775648585,0.2009016426914936,-1.5328333653423165,6,-1.1281141363734868,950.7,1.3,19.4
0.1673381836769435,0.3263819337587213,U8,MN8014,10.273347853191048,4.007351578544747,CPG,SSPG,0.13206813478797497,0.31631316283212885,0.20000182411163442,-1.5303432952603362,1,-1.0639158577728258,919.5,1.4,20.8
0.16595574627946072,0.3299966379014657,U8,MN8014,10.011977838859352,4.187436302831432,CPG,SSPG,0.13289689492013929,0.3172802544427046,0.201651919525758,-1.548883390539227,5,-1.190808398474008,927.0,1.1,20.5
0.16487077282611995,0.323212926147076,U8,MN8014,10.111712782299001,4.473404607590301,CPG,SSPG,0.13493087736562195,0.31310771207658855,0.2012067963380825,-1.5189205273236306,6,-1.1701439842700587,949.3,0.3,20.5
0.1642530729428664,0.3254925390919608,U8,MN8014,10.209975918716367,4.428038441651027,CPG,SSPG,0.1328813075671662,0.3089881910579142,0.20057850828940385,-1.5318839359445409,7,-1.170140394317853,972.8,0.4,19.9
0.16201402356958436,0.3236415882247949,U8,MN8014,10.221185515408875,4.419125916069751,CPG,SSPG,0.13246137125148416,0.3155719411067025,0.20133964939582297,-1.5412647147665708,3,-1.1306180570475641,946.2,0.4,20.9
0.16442720470586736,0.3295192620444019,U8,MN8014,10.129627361440905,4.322101335031266,CPG,CPG,0.13117979250769973,0.30501686921874466,0.20052104274713586,-1.520200544013652,4,-1.0970266074070132,974.2,1.3,19.0
0.16497643844695872,0.32524738958129873,U8,MN8014,9.977022033789915,4.298147793934842,CPG,CPG,0.12889269740972664,0.30611938025372293,0.20117105243264674,-1.5354540533502175,2,-1.177961004047913,970.7,1.3,19.6
0.16809933388769582,0.32525799954246143,U8,MN8014,9.992346131362675,4.239904756944802,CPG,SSPG,0.13079715270822756,0.3095690387167518,0.20073146370507836,-1.5540541546027606,0,-1.2104557803695695,963.2,1.0,18.9
0.16955277015282344,0.32555455642484843,U8,MN8014,10.07314746513602,4.381379506131848,CPG,SSPG,0.13235640479171507,0.30431718959840387,0.20000431519696776,-1.529652674853028,7,-1.1861053419892578,976.5,1.2,18.9
0.17174560130296085,0.323797008200874,U8,MN8014,9.96556351633096,4.1917018399549155,CPG,SSPG,0.12913233528720308,0.3023870688148404,0.20102028430363517,-1.5646442802487788,0,-1.2473996190001575,973.2,1.2,18.8
0.16791384647933208,0.3229515357604058,U8,MN8014,10.145066044928694,4.849454562773469,CPG,SSPG,0.12746575920032083,0.3011962081643264,0.20158882188843244,-1.524352187191182,1,-1.1842494595458906,984.3,1.3,18.0
0.17050261642590334,0.32534933591847587,U8,MN8014,10.041900303002995,4.484233077964039,CPG,SSPG,0.12865899865810992,0.30149236864577017,0.20022562222275775,-1.5566123875674325,3,-1.191723956699903,978.4,1.1,17.8
0.16863178511566213,0.32666163711152757,U8,MN8014,10.377680638852485,4.789211288603184,CPG,SSPG,0.12800843216030794,0.30131776628407336,0.2005315957037752,-1.5539528624522083,3,-1.1184754796560474,978.8,0.7,18.5
0.16768582727276177,0.3248978060069856,U8,MN8014,9.996505628896013,4.475814901596441,CPG,SSPG,0.12414283597418045,0.30093374827034114,0.20128509751809323,-1.5574813912780414,1,-1.2202955475113377,977.4,1.0,18.5
0.16976622866135732,0.31865964068086217,U8,MN8014,10.549395386594947,4.469174918321315,CPG,SSPG,0.12969408844296046,0.30071723531577516,0.20000836744833714,-1.5609203459456105,3,-1.1904385114013651,982.5,0.7,18.6
0.17054686242817962,0.3152316301446195,U8,MN8014,10.215129996412713,4.509903787502696,CPG,SSPG,0.12859584537636648,0.3005921158653608,0.20077157708851492,-1.5564446383539237,0,-1.1635838414268997,977.3,1.0,18.1
0.16857005285036122,0.3175273254553535,U8,MN8014,10.003874276917099,4.3722806602547175,CPG,SSPG,0.1299714851509723,0.30008514456526175,0.2010923304817332,-1.56553319758671,4,-1.2371777777758286,986.6,1.2,18.4
0.1710020475672842,0.3150636009179285,U8,MN8014,10.025483107602096,4.376722779863319,CPG,SSPG,0.13469009559779788,0.30061812163342566,0.20080220890566364,-1.5631106525718987,2,-1.2360037713768097,975.3,1.4,18.6
0.16985694648510727,0.3080301210686651,U8,MN8014,10.207058066112378,4.414099786898747,CPG,SSPG,0.13060980627499408,0.3011249000859013,0.20024197676700867,-1.5667835267189478,2,-1.1611611168159204,979.7,0.9,18.6
0.16880010832267028,0.31304573338381714,U8,MN8014,10.276371142635195,4.3617570952241795,CPG,SSPG,0.13348115937623323,0.3007362639119469,0.20001361595580097,-1.5674631585838927,7,-1.1779697609876383,980.1,1.0,18.1
0.16979939627597385,0.3038639525711576,U8,MN8014,9.972649553448313,4.59194306085196,CPG,SSPG,0.1321335716847647,0.3006506181805719,0.20060468273204848,-1.5651054812643026,4,-1.2378511447640719,988.6,0.8,17.6
0.17103990832065322,0.31239597896992266,U8,MN8014,9.865579815882073,4.388968738889134,CPG,SSPG,0.12964672252325943,0.30518289403617943,0.20088662685769273,-1.5687803995230756,7,-1.1647503458995283,980.2,1.1,18.6
0.1677873363046254,0.306200137486225,U8,MN8014,9.992213232144136,4.557359725806737,CPG,SSPG,0.13027218757772713,0.303678615336868,0.20001444064675497,-1.5644926689674015,4,-1.2127444059726242,975.1,1.2,17.7
0.16651100062491034,0.3129278707976575,U8,MN8014,10.099961304907385,4.337499209965054,CPG,CPG,0.12997851467252378,0.3030453724920014,0.20000291140217338,-1.5661481486234712,1,-1.1588034724618295,971.5,1.2,17.9
0.16566989616841465,0.31690333195781584,U8,MN8014,9.991571129773707,4.38820220452026,CPG,SSPG,0.12890471432024464,0.30239138948589345,0.20036591962086708,-1.568659593382088,5,-1.2344790728749357,973.8,1.2,18.5
0.16931610999278696,0.31370595964740555,U8,MN8014,10.120286193107052,4.2419123151572675,CPG,SSPG,0.13447775646562896,0.3021015022014398,0.20000047060607684,-1.5584084509252103,7,-1.2125391735359052,983.4,1.3,18.1
0.1663584686608388,0.320498528116905,U8,MN8014,9.929748567506866,4.441626401962053,CPG,SSPG,0.13498549937669918,0.3012171834485981,0.2001977111491881,-1.5706081291616902,7,-1.1627217317444067,968.3,1.3,18.5
0.1686262660532667,0.31877374739788256,U8,MN8014,10.013663412602781,4.459591426546538,CPG,SSPG,0.13377586081373358,0.3012304895399912,0.20006976743226004,-1.5647850355602224,6,-1.240557721220692,981.6,1.3,17.9
0.16701276814542726,0.32446834550628717,U8,MN8014,9.961748811790788,4.454438204978298,CPG,SSPG,0.1370541005789474,0.30095973348767985,0.20023785027254176,-1.5603085140597468,6,-1.2198581036832978,987.3,1.4,17.9
0.1668784603398561,0.321551335152968,U8,MN8014,9.711086828453325,4.412805443174033,CPG,SSPG,0.13616185737125922,0.30343582813214126,0.20092383945330422,-1.5675817038473232,1,-1.190593300757529,983.1,1.6,18.0
0.17020580870417745,0.3182741250690543,U8,MN8014,10.010382367145723,4.388881126646906,CPG,SSPG,0.13553661811802342,0.30041998309605056,0.20013880294752145,-1.5652069217532179,3,-1.222253944994728,983.6,1.5,17.5
0.1700744108764291,0.317814604115102,U8,MN8014,10.163551172603782,4.45421817852898,CPG,SSPG,0.13160343736994246,0.3007986711837031,0.20118088466779518,-1.5695280932526847,4,-1.1627621675637059,982.7,1.5,18.0
0.16988541186395537,0.32109789120856563,U8,MN8014,10.036121930349461,4.385778596735036,CPG,SSPG,0.1326282052258752,0.3000000562984381,0.20028099601984256,-1.5704512545501084,2,-1.267600874125339,987.6,1.5,18.0
0.1671942251449738,0.31817669629549816,U8,MN8014,10.046840878718612,4.465445019375043,CPG,SSPG,0.1327349179822765,0.3000124137782138,0.20013790243633037,-1.5700462467433773,3,-1.2286300321038635,991.5,1.6,18.0
0.16874376739484165,0.319881098481446,U8,MN8014,10.001040323996559,4.645807751632397,CPG,SSPG,0.1340308494707158,0.30000199342606654,0.200213720116927,-1.5696960838880134,0,-1.2335753662461455,987.5,1.7,18.3
0.17058836161490662,0.32397441271747085,U8,MN8014,10.07117695252579,4.60158645324157,CPG,SSPG,0.13465401506604008,0.30001680805817815,0.2000237713992963,-1.5679383665267332,2,-1.1676875809476304,984.9,1.6,18.4
0.16664432071116525,0.32102079423691676,U8,MN8014,9.998348882716218,4.4430965218053515,CPG,SSPG,0.13361717994896044,0.30004988545683914,0.20028685393071746,-1.569219706950398,7,-1.2650490854046677,993.0,1.9,18.3
0.16949118119220452,0.32158066547745856,U8,MN8014,9.940871308959874,4.366303954783093,CPG,SSPG,0.1386067655353282,0.30003990247347684,0.20033150203101996,-1.5706430190387313,3,-1.184252038430679,984.1,1.7,18.8
0.1713474053404492,0.32147719488158144,U8,MN8014,9.960574667448686,4.241751523708333,CPG,SSPG,0.13474635468757823,0.300182556279861,0.20000430478281134,-1.5675484651929825,0,-1.2019181546273838,988.4,2.1,17.9
0.1703017684939812,0.32020936013205015,U8,MN8014,9.867309082189887,4.182008424833213,CPG,SSPG,0.13740418214454508,0.30009752263659956,0.2018829869268643,-1.5625836148499588,2,-1.177655128186867,991.3,2.1,18.2
0.17142302079166893,0.32453287612904386,U8,MN8014,9.949606669464725,4.18060889213956,CPG,SSPG,0.13559375906625376,0.30011741033115924,0.2006364693818082,-1.5684744912020003,6,-1.163358854696269,979.0,2.0,18.6
0.170728545564043,0.31842816039247557,U8,MN8014,10.015887952522178,4.2072740012130945,CPG,SSPG,0.1365165101883467,0.30001547593382066,0.20000936126994523,-1.5693981661096834,6,-1.2217504152552703,989.0,1.8,17.7
0.169855056977335,0.3170935144545911,U8,MN8014,10.045747432447852,4.192166395135617,CPG,SSPG,0.1354437848826964,0.3000140138871436,0.2000267593009262,-1.5690783152494305,1,-1.2504654172461978,986.1,1.7,18.3
0.16949378605859416,0.31929850209760074,U8,MN8014,9.935590985407618,4.153328270779756,CPG,SSPG,0.1372717706213068,0.3000751732511969,0.2008642595521465,-1.5693846069513036,3,-1.176618053227994,985.2,1.8,18.7
0.1697101559993206,0.31775217448706927,U8,MN8014,9.895136382427843,4.362754333086377,CPG,SSPG,0.13631284275352595,0.3001531599138982,0.20038129626371112,-1.5703545146985984,3,-1.1788657439911683,981.5,1.8,18.7
0.16983000981682356,0.31403040448628816,U8,MN8014,9.968541583335814,4.388245894060764,CPG,SSPG,0.13674791906932596,0.300211001383719,0.2003494985310573,-1.5667171339056378,2,-1.2713611351572665,991.2,1.7,17.9
0.16767708505983403,0.3164501432694964,U8,MN8014,10.038304285943862,4.384887019635461,CPG,SSPG,0.1367932424056782,0.3002710620873803,0.20008912594571918,-1.5705621686962692,3,-1.2353559465432546,986.5,1.5,18.7
0.16869369024007677,0.31756516530894785,U8,MN8014,10.022091502633494,4.444681417519378,CPG,SSPG,0.13565944698270854,0.30017317352148126,0.20000000000081697,-1.570575943795754,1,-1.290423194243365,989.5,1.3,18.5
0.17058192911317188,0.3193740147134914,U8,MN8014,10.045424421568196,4.385462461818658,CPG,SSPG,0.13590265892595577,0.3000367586342422,0.20140588716452634,-1.5697697492242262,7,-1.2637862310001289,988.1,1.6,18.2
0.1682350740884943,0.317688136239311,U8,MN8014,10.00711158031499,4.443201710264672,CPG,SSPG,0.13768177716302915,0.3000002122125937,0.20082453269878908,-1.570777397545899,4,-1.2482243552145071,992.4,1.4,18.0
0.1677914308079382,0.31632456364899486,U8,MN8014,10.025249688692382,4.525949067071197,CPG,SSPG,0.13723454368925658,0.30015087823466813,0.20000189762481543,-1.5702483926061754,1,-1.2381910813563257,995.1,1.6,17.8
0.16983438200212958,0.31827310054086067,U8,MN8014,10.084368632395712,4.366209090103043,CPG,SSPG,0.13737926842690037,0.3000069408770604,0.20018989027929232,-1.5698430251136999,4,-1.2162886940112116,988.0,1.4,18.3
0.16945825767262185,0.32219913151775437,U8,MN8014,9.95768713284836,4.41945640623628,CPG,SSPG,0.1380178502837211,0.30002704644303896,0.20012200132362842,-1.5700964215787672,2,-1.2538548224043486,989.3,1.5,18.2
0.1688191150214589,0.3195088215148073,U8,MN8014,9.981539288751625,4.511539343821213,CPG,SSPG,0.1380286539118733,0.30008190891155156,0.20004648723707016,-1.5697252301785665,4,-1.2400867855017754,995.1,1.4,18.1
0.17016066734699847,0.31862627658238335,U8,MN8014,9.994361998089081,4.452689153463574,CPG,SSPG,0.13829876597372992,0.3000704764978858,0.20022371243792816,-1.5707922541276014,4,-1.260775724045371,991.4,1.5,18.1
0.16985482257918275,0.31845070843420586,U8,MN8014,9.971493925970758,4.411974594285634,CPG,SSPG,0.13883136921975558,0.3000073059399607,0.20010530707242008,-1.5703684793261756,5,-1.2622561822743572,994.8,1.5,18.0
0.1711993837280636,0.31982067473425224,U8,MN8014,9.983117518003588,4.376585840522485,CPG,SSPG,0.13941745976124625,0.3000049882085708,0.20077217272703907,-1.5705974918237624,7,-1.2756216397099465,994.0,1.3,18.4
0.17171406730224822,0.31953152188618855,U8,MN8014,9.966965558408958,4.417177680439296,CPG,SSPG,0.14006477021222835,0.30001706489054975,0.20015717397425747,-1.570690584952875,1,-1.275811601755815,994.7,1.5,18.2
0.17012917324988938,0.3225840913958046,U8,MN8014,10.011256828934785,4.443314767483496,CPG,SSPG,0.13980708910767298,0.3000024937898111,0.20071560529020363,-1.5707962575712497,0,-1.259166634740608,993.7,1.6,18.3
0.16854051979603712,0.3196118790710239,U8,MN8014,9.997087957169088,4.533052564313531,CPG,SSPG,0.13981606332059465,0.300038372523195,0.20003902495796552,-1.5706448753992401,6,-1.2526529810744451,997.5,1.5,18.1
0.17043805183454122,0.32085800536530834,U8,MN8014,9.978225246704758,4.4536000293596825,CPG,SSPG,0.13925100539393773,0.30000750093403245,0.20049461536648164,-1.5704586779480747,3,-1.2560313931615754,994.9,1.5,18.4
0.16989697457140182,0.3185890477965858,U8,MN8014,10.027419541706863,4.530591627541761,CPG,SSPG,0.1386702333434029,0.3000557555070691,0.20025222438878476,-1.5707961829381445,2,-1.2604798413183484,996.8,1.4,18.3
0.17009252905322853,0.3183982816405682,U8,MN8014,10.025681878898926,4.493854634397387,CPG,SSPG,0.13793113473934795,0.300035151242473,0.20002627572089535,-1.5696928426249346,6,-1.262482736037338,997.8,1.5,18.2
0.17071471030453989,0.31968561944279594,U8,MN8014,9.977016112429151,4.517482589940258,CPG,SSPG,0.13785001402148206,0.30000040180078746,0.20003911940504795,-1.570794166683868,2,-1.2672573088337487,996.1,1.5,18.4
0.17106875058182297,0.31735339812990637,U8,MN8014,9.975410609476494,4.440937075626165,CPG,SSPG,0.13775191717694701,0.3000389779347987,0.20001960370150534,-1.5707926557593326,3,-1.290240724995117,997.0,1.6,17.9
0.17108672695329769,0.3181048957535495,U8,MN8014,9.984816810982593,4.477035176720085,CPG,SSPG,0.1376337963686893,0.30000008645079834,0.2000054560361591,-1.5707410193415414,6,-1.2795168698430066,995.7,1.6,18.1
0.17046918914637574,0.3175153678768041,U8,MN8014,10.004219159423318,4.434600915237633,CPG,SSPG,0.13841806412544244,0.30000486272474836,0.200353115842519,-1.570337689408458,1,-1.2787566328744893,995.5,1.6,18.0
0.17087887243608865,0.31883646713536395,U8,MN8014,10.02906774135478,4.411357112362705,CPG,SSPG,0.13709909725139685,0.30002213034636693,0.20067963832165664,-1.570743487951623,7,-1.2806563384541914,993.6,1.6,18.3
0.17084892848991837,0.3161783793910855,U8,MN8014,9.97253658917009,4.438330524781519,CPG,SSPG,0.1380028342603067,0.3000022071782405,0.20029664564408897,-1.570789562347747,1,-1.283555610327304,997.1,1.6,18.2
0.17127673279648536,0.3171664072768681,U8,MN8014,9.952166399871157,4.383566280216085,CPG,SSPG,0.1374746472077432,0.30000349013544575,0.20018965890130694,-1.5707291334309053,6,-1.291422367676791,995.0,1.7,18.0
0.1711335348346337,0.31827908867584137,U8,MN8014,9.973022616812635,4.3552193562404184,CPG,SSPG,0.13634282367132114,0.3000350538781114,0.20045123735067694,-1.5705460086150251,2,-1.2909835245339423,994.8,1.7,18.0
0.1716623124004681,0.31699398272734747,U8,MN8014,9.959981480299266,4.37237525204395,CPG,SSPG,0.13631470553499703,0.30007805632516943,0.20048624261839854,-1.5686344866883417,4,-1.2806317322295167,992.6,1.7,18.2
0.17168586389815343,0.31691143700554353,U8,MN8014,10.004036536511657,4.3510415808647664,CPG,SSPG,0.13578167960069465,0.3002780210704155,0.20038815737648366,-1.5698007531792475,1,-1.288486054563183,991.8,1.7,18.2
0.17158725607698216,0.3167287905071087,U8,MN8014,10.044008649768376,4.4559502878038515,CPG,SSPG,0.13681101785257377,0.3001362035701143,0.20018231544708717,-1.5705338862501845,3,-1.2785298042996027,993.6,1.6,18.3
0.17144945921529586,0.3183151269500933,U8,MN8014,9.98272551387841,4.363046386236,CPG,SSPG,0.1357077897574733,0.3003624583909794,0.2001515735360097,-1.5701666630767088,6,-1.2839730900088995,991.4,1.7,18.2
0.17177270903151526,0.3174447177710442,U8,MN8014,9.97726942006008,4.417742475169031,CPG,SSPG,0.1359085001413911,0.30013636227273033,0.20019520766030827,-1.5697594498662268,6,-1.2904541774009886,993.8,1.7,18.1
0.17187675130260252,0.3182787101542241,U8,MN8014,10.047816227534655,4.436915112993685,CPG,SSPG,0.13554721648822404,0.3001881104851381,0.2000756427544124,-1.5702480442186433,3,-1.2882764392796453,992.5,1.7,18.3
0.17205037297817188,0.31881810145095474,U8,MN8014,10.035327833397933,4.410244119062615,CPG,SSPG,0.13547783198795377,0.30017131803429575,0.20034324545892537,-1.5689764296027424,2,-1.294323240195518,993.6,1.7,18.2
0.17181842655853516,0.316653363008938,U8,MN8014,10.034325191290124,4.443074372184949,CPG,SSPG,0.13576841811297807,0.3000493333038489,0.20020780456654233,-1.5704028708507964,4,-1.2806185926043758,995.0,1.8,18.1
0.17176604133384685,0.3182308453932378,U8,MN8014,10.014924618715341,4.449649823183613,CPG,SSPG,0.13597698676915124,0.3000835357494779,0.20009953331891545,-1.5698647270101953,5,-1.2939013826065242,994.5,1.8,18.2
0.17195876849893582,0.3184978234633774,U8,MN8014,10.01498095847857,4.448226357415968,CPG,SSPG,0.13535672049193623,0.30010724237599673,0.20021510065523898,-1.570095768414113,5,-1.284216570695266,994.1,1.8,18.2
0.17137410688947496,0.3179181939205199,U8,MN8014,10.038704295538878,4.496371897922595,CPG,SSPG,0.1360575080769519,0.30009702070082755,0.20006449643531032,-1.5706606158145258,5,-1.2821691552528716,993.9,1.8,18.1
0.17147228315705687,0.31852403996296935,U8,MN8014,10.011505429149244,4.443013646413928,CPG,SSPG,0.13579972275487612,0.300104907562561,0.20010187010583555,-1.5704791581174127,7,-1.2916908632434216,993.4,1.9,18.2
0.17177013035495822,0.3173231579266475,U8,MN8014,10.029088553694422,4.448108621830023,CPG,SSPG,0.13611942997157916,0.3000241065265965,0.20012525919008242,-1.570744007293773,6,-1.2879188164445718,994.6,1.9,18.0
0.17166790538094126,0.31807679812836387,U8,MN8014,10.006817923644922,4.440518007941592,CPG,SSPG,0.1360390433045311,0.30006705262774575,0.20018441849743698,-1.570711590996583,7,-1.3023926890095154,994.2,1.8,18.0
0.1713449988875194,0.31758898244772277,U8,MN8014,10.01779306362702,4.443200572148032,CPG,SSPG,0.13606103470257463,0.30006188756472413,0.2000402784433194,-1.5707776962709634,5,-1.2912911682393329,994.0,1.8,18.1
0.17183661843553238,0.3177119539056075,U8,MN8014,10.012616539563133,4.430068540956742,CPG,SSPG,0.1369313814643259,0.3000310221489632,0.2002119970007801,-1.5706987608640721,7,-1.2997811349309112,994.5,1.8,18.1
0.17167962136618298,0.3184616248504653,U8,MN8014,9.983684371237198,4.395821991932193,CPG,SSPG,0.13650947730417845,0.30007288202460125,0.20014973086540758,-1.5707842941229533,5,-1.2921123345947843,993.8,1.7,18.2
0.17158864082920378,0.31971093688268515,U8,MN8014,9.994212969326952,4.413254017177406,CPG,SSPG,0.13681974271159036,0.3000030569345204,0.20004952855208577,-1.5707861091244815,6,-1.293248888520207,994.0,1.8,18.1
0.17148230705185105,0.31809325207278594,U8,MN8014,10.037980927863043,4.442398193021646,CPG,SSPG,0.13638195204279907,0.3000270848756651,0.20001712400201596,-1.5707961326982756,6,-1.2868287093778603,994.7,1.8,18.0
0.17118874825506636,0.3186068027092095,U8,MN8014,10.0392044544147,4.431081924475318,CPG,SSPG,0.1366202941252994,0.30003617780483255,0.20006979790224616,-1.570765734421002,0,-1.295393981458206,994.1,1.8,18.0
0.17123480369117153,0.31842895195065185,U8,MN8014,10.037981890470196,4.441641389475893,CPG,SSPG,0.1369003144678356,0.3000364088143893,0.20003295763683915,-1.5707963064956842,3,-1.2971569062065882,994.3,1.8,18.0
0.17174558637861995,0.3181523538530003,U8,MN8014,10.012418362503398,4.438996967057729,CPG,SSPG,0.13704513042110497,0.3000034510965304,0.20013357986936992,-1.5702876846383982,5,-1.2965959116204342,994.8,1.8,18.0
0.17179061517715882,0.3183306310314631,U8,MN8014,9.989440244958132,4.4434298865159425,CPG,SSPG,0.13687905801491557,0.3000029847395817,0.20022283209844446,-1.5704584387200309,2,-1.2959661134003921,994.9,1.8,18.1
0.17160413547867318,0.3186321235132772,U8,MN8014,9.995966061693231,4.4116968414000635,CPG,SSPG,0.13693080428691706,0.30000778717295534,0.20022891031083773,-1.570654453983592,3,-1.2957569605270391,995.0,1.8,18.0
0.17175979062788968,0.31779780784165323,U8,MN8014,9.999743813437536,4.431569165370474,CPG,SSPG,0.13622975707351584,0.30002805873535926,0.20021261135064208,-1.5707622778081882,4,-1.2963308252799584,994.6,1.8,18.0
0.1713719927714936,0.3172418395362814,U8,MN8014,9.959959491872443,4.418357224565819,CPG,SSPG,0.13688654152067073,0.3000312495553741,0.2002358375431328,-1.5706318079348558,6,-1.2918907464824638,995.1,1.8,18.0
0.17132335761061235,0.3180404644208161,U8,MN8014,9.990822473147942,4.43398646238275,CPG,SSPG,0.13689320295110252,0.3000019546992928,0.20011617645611618,-1.5705765707733497,6,-1.3001388046591469,996.0,1.8,17.9
0.1712583003771829,0.3179450091173599,U8,MN8014,9.976945233749934,4.435719279235328,CPG,SSPG,0.1369402631662568,0.3000243727720902,0.20020068834937202,-1.570513940186621,0,-1.2965688789656244,995.6,1.7,18.0
0.17161840552695432,0.31715113935538053,U8,MN8014,10.003253611599252,4.4381309513806215,CPG,SSPG,0.13704702633011534,0.3000202321918247,0.20028974914869338,-1.5707767497519507,6,-1.2969497949327602,995.9,1.7,18.0
0.171349150661409,0.3168871970574499,U8,MN8014,9.988666737316827,4.413999797136833,CPG,SSPG,0.1367906783842146,0.30001583386417086,0.2002858480640537,-1.5707764446627228,6,-1.29174388351686,996.3,1.7,17.9
0.17165319076035662,0.3171149809071629,U8,MN8014,9.973547641592663,4.410725701675604,CPG,SSPG,0.1374820237991276,0.3000123364168166,0.2003553368707551,-1.570358984737926,1,-1.2966110767842487,996.1,1.7,18.0
0.17123454854687883,0.31788135941951695,U8,MN8014,9.980802470620457,4.4260413064855175,CPG,SSPG,0.13728227011651506,0.3000036528439598,0.2003712412956601,-1.5706394382204716,6,-1.2847275366926674,996.7,1.7,18.1
0.17153734764170256,0.3174469252301903,U8,MN8014,9.97638350536748,4.436999624379268,CPG,SSPG,0.13722381678364098,0.3000011031389486,0.20035049313996162,-1.5703322829736264,3,-1.2938073057996782,997.4,1.7,18.0
0.17118767719197361,0.3176631238387439,U8,MN8014,9.9537430587883,4.410298253015708,CPG,SSPG,0.13690195519541265,0.3000060231759049,0.2003787447146915,-1.570786299763511,2,-1.2784124205899117,996.5,1.7,18.0
0.1713850343104492,0.31626216869432344,U8,MN8014,9.97646475394254,4.390045826710494,CPG,SSPG,0.1366482973928861,0.300008808162232,0.2005753644203938,-1.5707045455015112,7,-1.2945859886901738,996.5,1.8,17.9
0.17139922903286242,0.3161853276606025,U8,MN8014,9.95263052418292,4.403606517789692,CPG,SSPG,0.1369344258643333,0.3000061821188525,0.20064670135523158,-1.5703261939099928,7,-1.2966112468368056,996.3,1.7,18.0
0.17115335091862224,0.31613985367210906,U8,MN8014,9.980268815505195,4.401963121443402,CPG,SSPG,0.1364881089853936,0.30000181164344514,0.20034076387523797,-1.5703398215990712,6,-1.2884599776965704,996.2,1.7,17.9
0.17094224006472106,0.3157025406600623,U8,MN8014,9.997685985091366,4.383716682533345,CPG,SSPG,0.13727616564931822,0.3000038615395918,0.2003456846784565,-1.5701298540982063,2,-1.2865496116410435,997.5,1.7,17.8
0.17108530484891019,0.3159583432627896,U8,MN8014,10.007499463044375,4.394440920129216,CPG,SSPG,0.1372097096107866,0.3000027300147801,0.20017618533861486,-1.5698735818756917,3,-1.2882977698409341,997.1,1.6,17.8
0.1710459118741466,0.31541365406467015,U8,MN8014,10.014481823476284,4.395689253360849,CPG,SSPG,0.13637851175181787,0.3000001791927001,0.20010687172114436,-1.5707316541239047,0,-1.288416156906215,997.1,1.7,17.7
0.17170226936276395,0.3158284506127546,U8,MN8014,10.048407039524479,4.394666732614716,CPG,SSPG,0.13598249734975676,0.30001473316862864,0.20005106085588756,-1.5707962480078277,3,-1.293391463117823,996.1,1.7,17.8
0.17160424546179928,0.3159808388932267,U8,MN8014,10.011547908023736,4.397415851547125,CPG,SSPG,0.13639848526792483,0.3000139833433643,0.20000979012777745,-1.570728287414147,0,-1.2892902045341756,995.8,1.7,17.9
0.1707806021862947,0.31620600547149813,U8,MN8014,10.010111928461509,4.415617430230887,CPG,SSPG,0.13685108533954465,0.30000003435457334,0.2000145485548257,-1.5707874561340873,1,-1.2868236809648241,997.4,1.7,17.9
0.17117212913462246,0.31518296258264755,U8,MN8014,10.012640123089433,4.404781221879254,CPG,SSPG,0.13669839883023727,0.30000155055372324,0.20001156664855801,-1.5706017790315419,1,-1.2928532687011955,997.4,1.7,17.8
0.1713875219835727,0.316770850312717,U8,MN8014,10.005637685770722,4.394377838412364,CPG,SSPG,0.13612432910252398,0.300010224378414,0.2000105812919256,-1.570793998006916,4,-1.292176808422803,996.0,1.7,18.0
0.17118592026527252,0.31635420472578846,U8,MN8014,9.983708480323688,4.402127913077387,CPG,SSPG,0.1368327082143685,0.3000013909466033,0.2000120062995646,-1.570607459138617,7,-1.292849019144036,997.0,1.7,17.9
0.17141461536925812,0.31599374980008327,U8,MN8014,10.040049653469511,4.3805332112897615,CPG,SSPG,0.13637435916420632,0.3000000009178595,0.20000126554227715,-1.5707792819678872,2,-1.2941914352871393,997.0,1.7,17.8
0.17112715819144814,0.31600001872244066,U8,MN8014,9.999830506475895,4.4124227843827635,CPG,SSPG,0.13636478122415296,0.3000000020320531,0.2000265849827387,-1.5707370928243263,7,-1.2905319057194085,996.5,1.7,17.8
0.17122219612624362,0.3155620248078291,U8,MN8014,10.023449190220173,4.416070209153186,CPG,SSPG,0.13618540300044044,0.3000026654765554,0.20000086668490366,-1.5707802674292934,5,-1.28752001617592,996.6,1.7,17.8
0.17119451699840316,0.31575316516336316,U8,MN8014,10.043319313079074,4.41669004674053,CPG,SSPG,0.13575630930928323,0.3000119651739222,0.2000014941751474,-1.5707701753184367,5,-1.2948974406723517,996.3,1.7,17.8
0.17150714285146668,0.3158360271138243,U8,MN8014,10.020551876095501,4.4261854160809975,CPG,SSPG,0.1364396749249615,0.30000116694206114,0.2000000522963217,-1.5707834872189237,6,-1.2977633479783401,996.5,1.8,17.8
0.1715233932364688,0.3158047264600392,U8,MN8014,10.019869411809351,4.399226669978799,CPG,SSPG,0.13627194208504861,0.30000399861749105,0.2000008804144603,-1.57079459395538,1,-1.298584755594029,996.5,1.8,17.8
0.1715554180005132,0.31524309725476285,U8,MN8014,10.015091063519876,4.385979224441097,CPG,SSPG,0.1361833489880892,0.3000003931775246,0.20001343644818181,-1.5707594303299164,4,-1.2956581834855267,996.3,1.8,17.8
0.17137315728745295,0.3157434619548001,U8,MN8014,10.02633172360028,4.408230282678957,CPG,SSPG,0.13612192321144134,0.300003462374352,0.20006087570780992,-1.5706850413775182,1,-1.2985517548585594,996.2,1.8,17.8
0.17147405232948856,0.3153936792447767,U8,MN8014,10.020182896212912,4.422269793300813,CPG,SSPG,0.1364170249762389,0.30000495554821827,0.20000496317018215,-1.5706914227110929,5,-1.2972337278941621,997.1,1.7,17.8
0.17171210098690812,0.3158227271540269,U8,MN8014,10.007911955908993,4.417993566716133,CPG,SSPG,0.13646008828949927,0.3000155467910132,0.20000000204389262,-1.5707725369272167,6,-1.2951300846742164,996.4,1.8,17.9
0.17164116310295677,0.31530465018181264,U8,MN8014,10.028812910542017,4.4229228293814575,CPG,SSPG,0.13631583326951666,0.30001520678566573,0.20000008924801221,-1.5707412434172117,4,-1.3002386208119567,997.0,1.7,17.8
0.17136104920881706,0.3151471653361029,U8,MN8014,10.027252017286711,4.396430780426284,CPG,SSPG,0.1360938956249994,0.3000169683761886,0.20000052483807737,-1.5707169220482529,3,-1.2936209182984078,997.0,1.7,17.8
0.17154986021113072,0.31584099929090714,U8,MN8014,10.026931659356535,4.408606264402399,CPG,SSPG,0.13564873680631256,0.30002414555763257,0.200011588990197,-1.5707513442905658,1,-1.2970908074575922,996.3,1.7,17.9
0.17156429774994536,0.3157327379473719,U8,MN8014,10.016749395111994,4.427041763413414,CPG,SSPG,0.13625485917251332,0.3000207947227583,0.20003455879212328,-1.570787067872206,4,-1.299951902751876,996.7,1.7,17.8
0.17164894140467457,0.31607826956851326,U8,MN8014,10.02225590311554,4.420504123841375,CPG,SSPG,0.13647389387376435,0.30000438659977735,0.20002209036965787,-1.570795585192696,6,-1.2975970043308243,996.8,1.7,17.9
0.1715835855166647,0.31636184230453634,U8,MN8014,10.016547671479573,4.400422438224519,CPG,SSPG,0.13629634333341872,0.3000109912389028,0.20000789969479504,-1.5706749278324503,1,-1.2945234690147451,996.6,1.8,17.9
0.17163316228236788,0.31620758191855447,U8,MN8014,10.024942119698531,4.398655326686472,CPG,SSPG,0.13632671537010338,0.3000216032986924,0.20000698633304356,-1.5707320745819808,6,-1.2980561944554925,996.2,1.8,17.9
0.17161876377302313,0.3161991124426079,U8,MN8014,10.019002119240488,4.405419612009042,CPG,SSPG,0.13659865040508523,0.30000402238747814,0.2000146065313457,-1.5705870026213402,7,-1.2984122160796572,996.7,1.8,17.9
0.17159386138223115,0.3163523394740807,U8,MN8014,10.01780345150667,4.413294442736267,CPG,SSPG,0.13638433405645933,0.3000038674390985,0.20003467468129713,-1.5706143801420012,1,-1.2981503639168137,996.5,1.8,17.9
0.17161611791083997,0.3166972567013393,U8,MN8014,10.013255594289667,4.4212637557261525,CPG,SSPG,0.13660980539375805,0.30001269468652064,0.2000835075452849,-1.5707135425294125,1,-1.2988807024311262,996.6,1.7,18.0
0.17151557831022593,0.31575343461283545,U8,MN8014,10.022213294420332,4.411545583711549,CPG,SSPG,0.13637567051882438,0.3000165929551477,0.20006044627264594,-1.5707069206312374,5,-1.299125786064697,996.5,1.7,17.8
0.1717461493817298,0.31656024650899844,U8,MN8014,10.011891468983283,4.406064105524444,CPG,SSPG,0.13673106574721966,0.3000242635700391,0.20013732331431544,-1.5707454115065707,0,-1.293072416102989,996.2,1.7,18.0
0.17168659784195578,0.3165987392874806,U8,MN8014,10.006362525228813,4.397387606381189,CPG,SSPG,0.13657123672185978,0.30002469662220965,0.20012668991800672,-1.5706796569219266,5,-1.2953024515045772,995.8,1.7,18.0
0.171762791098334,0.31659246090189974,U8,MN8014,10.01286082141461,4.398839843406997,CPG,SSPG,0.13675579805823773,0.300008474448513,0.20009476145843932,-1.5707479796382526,5,-1.2984298672770898,995.6,1.8,18.0
0.17168530587296787,0.31729729791967254,U8,MN8014,10.01985863831306,4.396345458623429,CPG,SSPG,0.13699453484196686,0.30000941151597094,0.20012608710949345,-1.5707066557536404,3,-1.3002786340275314,995.7,1.8,18.0
0.17171498502269755,0.31720639859484834,U8,MN8014,10.020229518740294,4.410549863908754,CPG,SSPG,0.13718740865873524,0.3000039243214925,0.20011488471101943,-1.5707063370620467,7,-1.297456224220034,996.0,1.7,18.0
0.17169693776090125,0.316751608311192,U8,MN8014,10.034222278581549,4.405092684253583,CPG,SSPG,0.13702425127754453,0.3000175298595465,0.20012630565998143,-1.5706942812979157,7,-1.2994680585422484,995.9,1.7,18.0
0.17163550752126508,0.3164711893943897,U8,MN8014,10.025896218169784,4.420930505504164,CPG,SSPG,0.13699179450562898,0.3000059493672576,0.20005721429895804,-1.5706223760029974,3,-1.2955797713654231,996.2,1.7,17.9
0.17145988304977625,0.3168986613675129,U8,MN8014,10.009470660025066,4.411050135052939,CPG,SSPG,0.13741453584504548,0.30000005433907845,0.20008094104396623,-1.5706615705098643,1,-1.2946858691962522,996.4,1.7,18.0
0.17162069017782106,0.31687302321949984,U8,MN8014,10.017636299776044,4.408207121450931,CPG,SSPG,0.13713835064980073,0.30000154154272257,0.2000261319214413,-1.570550076184702,3,-1.2915801619879845,996.2,1.8,17.9
0.17172175990314834,0.31709048770865383,U8,MN8014,10.015472030848596,4.414776429460898,CPG,SSPG,0.13697366874616315,0.30000095979428076,0.20008015681256194,-1.5704749724496803,5,-1.2981916889436755,996.1,1.7,18.0
0.1715856151704338,0.31712350263508554,U8,MN8014,10.010794816482122,4.409924344398712,CPG,SSPG,0.13691793315486211,0.30000918110345665,0.20010334196673055,-1.5704794773897817,5,-1.298869010956163,995.8,1.7,18.0
0.17186482345549453,0.3166401711224116,U8,MN8014,10.02057917219532,4.407600989578579,CPG,SSPG,0.1368737758959241,0.3000158810582259,0.2000911657289891,-1.570528984688427,3,-1.2943248287995797,995.3,1.7,18.0
0.1717620498865764,0.31663938598223607,U8,MN8014,10.01143709178915,4.416838828835884,CPG,SSPG,0.13669181681554723,0.30001670911844264,0.20015940274299726,-1.570452683415694,0,-1.2982325815595184,995.7,1.7,18.0
0.17170444904889437,0.3167295088342136,U8,MN8014,10.028408562687432,4.4304707359919,CPG,SSPG,0.13674386370930997,0.30001506112576404,0.20007743786948254,-1.5703383372396642,7,-1.3010303132158647,995.6,1.7,18.0
0.17174975364235423,0.3161555898810945,U8,MN8014,10.01453533366193,4.423168154114393,CPG,SSPG,0.13642705689524523,0.30000585282558984,0.20009640766193165,-1.570206317332314,6,-1.2982636766613762,996.0,1.7,18.0
0.17174645266325708,0.3160221093930319,U8,MN8014,10.01857396748317,4.424813942213345,CPG,SSPG,0.13678708429141684,0.30000524186461014,0.20005165834732633,-1.5703746037871993,3,-1.2939903812587366,995.7,1.7,17.9
0.1716370292547236,0.3161409692073918,U8,MN8014,10.017369029611936,4.436616537899767,CPG,SSPG,0.13658208247353487,0.3000127798032444,0.20012498656449745,-1.5701937802162835,7,-1.2954477117628622,996.0,1.7,18.0
0.17159264098909716,0.3158620259087677,U8,MN8014,10.00281549782888,4.42344113010592,CPG,SSPG,0.13655277388893491,0.30000921634400085,0.20010351384076666,-1.570347318300228,1,-1.299589333250296,996.2,1.7,17.9
0.1714761961946257,0.31616098564878453,U8,MN8014,10.003801807468744,4.428073225798248,CPG,SSPG,0.13650294010581582,0.30002887026876246,0.20013416843423293,-1.5703737674307303,0,-1.2952492917257672,996.1,1.7,18.0
0.171488729504656,0.31606096991832194,U8,MN8014,10.010579861770303,4.431692182060742,CPG,SSPG,0.1362818121396427,0.3000231042636624,0.2001619139145251,-1.57028734859184,3,-1.2963663023962804,996.1,1.7,18.0
0.17159172802587994,0.316091342855437,U8,MN8014,10.013747314645972,4.429163072567753,CPG,SSPG,0.13636875072219906,0.30003002030260584,0.20013842115354938,-1.5704049379015024,5,-1.2948650224465705,996.2,1.7,18.0
0.17148187231131704,0.31543632173490377,U8,MN8014,10.016415366654922,4.449669887911738,CPG,SSPG,0.13628703761452116,0.3000210041960667,0.20011907981828866,-1.570194082634359,1,-1.2963066851096237,996.3,1.7,17.9
0.17153147329910753,0.31564399483653827,U8,MN8014,10.009292423293388,4.449860307100064,CPG,SSPG,0.1361712455523726,0.3000272821964614,0.2001177340751659,-1.5702796348164072,4,-1.2969569101234697,996.3,1.7,17.9
0.17158010325207448,0.3155054834005204,U8,MN8014,10.00144447392086,4.442253257702113,CPG,SSPG,0.13643052657712612,0.30002496661108685,0.20020801878998382,-1.5704604895082424,6,-1.2982047199508964,996.2,1.7,18.0
0.17158721138773092,0.3159852962515605,U8,MN8014,9.98868470035446,4.447035435324711,CPG,SSPG,0.13620902258634543,0.3000398815767929,0.20025528199766224,-1.5703353997870264,3,-1.2998997349691148,995.9,1.7,18.0
0.17168375948809556,0.315901678825111,U8,MN8014,10.000458331684536,4.44147450732625,CPG,SSPG,0.1363984587964575,0.30002772553512946,0.20027335291090007,-1.5703857680034377,0,-1.298937092929907,996.2,1.7,18.0
0.17153449629437587,0.31557617855493475,U8,MN8014,9.993020890146921,4.440274370041794,CPG,SSPG,0.1358046460747071,0.3000355745960139,0.200321505427906,-1.5700316237239367,3,-1.2994113114266366,996.4,1.7,17.9
0.1715706820812969,0.31544561142149397,U8,MN8014,9.997092016332932,4.443716695668429,CPG,SSPG,0.13559854289584738,0.30004169293534383,0.2002734207042667,-1.5700948624659898,4,-1.300384456104064,996.0,1.7,17.9
0.17170539111825958,0.315158443895025,U8,MN8014,10.014782066552474,4.431685386988337,CPG,SSPG,0.1357625011926793,0.30005420349879136,0.20021429799888318,-1.5700222230356886,3,-1.2942281611489737,996.2,1.7,17.9
0.17168434305109737,0.3147386917774364,U8,MN8014,9.997556457113214,4.429939815321278,CPG,SSPG,0.13542396220435332,0.3000819496634166,0.20021426698631958,-1.569839440566238,0,-1.2895158326791645,995.9,1.7,17.9
0.1716904302056942,0.315029758424088,U8,MN8014,10.007747011907984,4.4313961329552605,CPG,SSPG,0.13544616892063982,0.3000577722220416,0.20021626385026375,-1.569550287110787,4,-1.2999430715333018,996.0,1.7,17.9
0.1716523561213115,0.31475784527964046,U8,MN8014,9.995328211030614,4.431819542577529,CPG,SSPG,0.13529335035310125,0.30009285193457325,0.2003149300273447,-1.569087860683594,3,-1.292386830327203,996.1,1.7,17.9
0.17174666394161403,0.3152207618772527,U8,MN8014,9.999327714027327,4.4300348013425035,CPG,SSPG,0.135486831250629,0.30005287222675575,0.20018409869257642,-1.569514774696601,3,-1.2973138259407966,996.3,1.7,17.9
0.17178156924760285,0.31515957351785895,U8,MN8014,10.00624518235843,4.416943711523472,CPG,SSPG,0.13516040111022337,0.3000912857859417,0.20018374771309833,-1.5689473366942008,7,-1.2989985527717511,995.4,1.7,17.9
0.17174447955135858,0.31498310438634247,U8,MN8014,10.0041391772957,4.418234798614709,CPG,SSPG,0.13486224693998827,0.30012358138712514,0.2001564993962558,-1.5690346675284652,1,-1.295948108789955,995.6,1.7,17.9
0.17169780805477353,0.3148422339766021,U8,MN8014,10.00951702922487,4.4258367353781605,CPG,SSPG,0.13471209589534094,0.30014710015233365,0.20019458456766656,-1.5695998594319318,2,-1.3005519091266518,995.2,1.7,17.9
0.17158330973431554,0.31490896967684207,U8,MN8014,10.007799994015034,4.42037792881106,CPG,SSPG,0.13457620180247218,0.30011337869540994,0.20023766220215433,-1.569086748798751,6,-1.2986629789371973,995.4,1.7,17.9
0.17151059352141557,0.3153369274529646,U8,MN8014,9.987649444284465,4.404266598506926,CPG,SSPG,0.13474033141214783,0.3000868941431243,0.20025180625326375,-1.5690486207012415,4,-1.2964516401357775,995.9,1.7,17.9
0.17178269470736304,0.3150099547932791,U8,MN8014,10.008699943561638,4.418923044619978,CPG,SSPG,0.13523605149933446,0.3000693595187729,0.20016021509156987,-1.5692751215397192,2,-1.2970484591747242,995.9,1.7,17.9
0.17176885540379508,0.31511722053781255,U8,MN8014,10.01181687901857,4.4287033059023155,CPG,SSPG,0.1349322126966977,0.3000857248174979,0.20025698021749933,-1.5700335370567065,0,-1.302184243171804,995.8,1.7,17.9
0.17173160509426558,0.3154579614248481,U8,MN8014,10.002864175966797,4.4020369772217425,CPG,SSPG,0.13515868955954535,0.3000577934446259,0.2001622093112475,-1.5696919517244565,2,-1.3002827384562714,995.4,1.7,18.0
0.17179604815787106,0.3161503924865915,U8,MN8014,9.998737021220533,4.403454717494027,CPG,SSPG,0.1352571042396658,0.30003818467376187,0.20027856870539482,-1.5696594070522418,2,-1.3020913340576739,995.3,1.7,18.0
0.1717334046946908,0.31532491121619416,U8,MN8014,9.996094142749275,4.394685784057063,CPG,SSPG,0.13482259697673404,0.3000511145836913,0.20013856817301542,-1.5694020718634296,0,-1.2984442098398263,995.5,1.7,17.9
0.17165515224973243,0.31581771120368973,U8,MN8014,10.005451679815128,4.387751638124952,CPG,SSPG,0.13517848359301127,0.3000312166765399,0.20015118507663485,-1.5690705096800814,7,-1.3000348294209108,995.9,1.7,17.9
0.17156547060783317,0.31642751703373917,U8,MN8014,10.014856563619734,4.3992574210556095,CPG,SSPG,0.1358049224212555,0.3000044635458769,0.20009626922340767,-1.5696261475736848,7,-1.297924967111424,996.2,1.7,17.9
0.17146019223511708,0.3169082149978724,U8,MN8014,10.008712601772451,4.374970633573835,CPG,SSPG,0.13574282640861818,0.300010585168145,0.20010109931844108,-1.5692900689323332,4,-1.295166301913536,995.7,1.7,18.0
0.17167434285974353,0.31581291978889936,U8,MN8014,10.006054836623733,4.383295443301456,CPG,SSPG,0.13556638512062294,0.3000102533775721,0.2001074757912744,-1.569380943154382,7,-1.2982901677397827,996.1,1.7,17.9
0.17166591012399057,0.31614782984114564,U8,MN8014,10.005247471509627,4.360743088375978,CPG,SSPG,0.13555979874645108,0.30001066563635237,0.20007539355788143,-1.5697415042216702,0,-1.2960471190949638,995.9,1.7,18.0
0.17172367815558892,0.3160015835907292,U8,MN8014,9.997689787687229,4.360718942330475,CPG,SSPG,0.13612032073037636,0.30001874664507405,0.20019791819898866,-1.5702337334054222,2,-1.297156391307313,995.7,1.7,18.0
0.17160218173871242,0.31597779748986576,U8,MN8014,9.987104074601248,4.350968546004577,CPG,SSPG,0.1355491109189885,0.3000378424159671,0.2001870937186095,-1.569948203445795,0,-1.296577129529532,995.5,1.7,18.0
0.1718811251832384,0.3161310796904523,U8,MN8014,9.998462409506264,4.35504877277791,CPG,SSPG,0.13540538743217545,0.30002766165023825,0.20008726949005134,-1.5696644173527372,1,-1.291637487172009,995.2,1.7,18.0
0.1717159396024221,0.3147752692377987,U8,MN8014,9.977834863541965,4.369242824081461,CPG,SSPG,0.13531668002462255,0.30005770091291334,0.20021981424456964,-1.5698707257884184,4,-1.2987720150920996,995.9,1.6,17.9
0.17176910074284288,0.31589961686836987,U8,MN8014,9.975601909969862,4.366321618759173,CPG,SSPG,0.13570274172808056,0.30002484868216917,0.20019924574734024,-1.5696217692382082,6,-1.2890352687630218,995.7,1.7,18.0
0.17165177918143912,0.3165247871989741,U8,MN8014,9.99828750151638,4.363941708358182,CPG,SSPG,0.1356584251528294,0.300038682262118,0.2001556978346288,-1.5691461760643808,0,-1.298571038988074,995.4,1.7,18.0
0.17178751058282418,0.3166797721838365,U8,MN8014,9.991278778374056,4.363235391488854,CPG,SSPG,0.13609508478381913,0.3000306870518473,0.20013805618079647,-1.5695095507743204,5,-1.2990528635768346,995.7,1.6,18.0
0.17163667078009884,0.3162229217539714,U8,MN8014,9.986263180104672,4.368015429686949,CPG,SSPG,0.13567381306117166,0.30003668607838124,0.20027965597247305,-1.569863833692908,4,-1.2954567620188975,996.1,1.7,18.0
0.17165448975593234,0.3166538922750891,U8,MN8014,9.9770397775158,4.372193446524716,CPG,SSPG,0.13574627456870325,0.3000276412625893,0.2002217144374099,-1.5700505888215628,4,-1.293964734809423,995.5,1.7,18.0
0.17185636962858009,0.31610993556033434,U8,MN8014,9.973320744601121,4.363449848180533,CPG,SSPG,0.13568509606524776,0.3000514458574004,0.20031436596584407,-1.5696886452873557,4,-1.2965946102620665,995.6,1.7,18.0
0.1718268549879621,0.31635645346882046,U8,MN8014,9.981142334389277,4.354713380966961,CPG,SSPG,0.1355430257843423,0.30005645303992384,0.20021880464815442,-1.569833657298528,1,-1.2988367996818138,995.7,1.7,18.0
0.17184718139888944,0.3160245137284592,U8,MN8014,9.977539792916842,4.3670190280020105,CPG,SSPG,0.13558110540956092,0.30005564897756953,0.2003188004859988,-1.5701132542283527,6,-1.2987387335448117,995.4,1.7,18.0
0.1719364461980128,0.3163269417436785,U8,MN8014,9.987497482312047,4.358193820897128,CPG,SSPG,0.1356265122524118,0.3000790440681674,0.20018917028865268,-1.5699897859329435,4,-1.2973127631297707,995.5,1.7,18.0
0.17184212586843828,0.3163659040489652,U8,MN8014,9.979239726833322,4.365092761404101,CPG,SSPG,0.1357972018816283,0.3000691132970926,0.20036113718690893,-1.5699746505016237,5,-1.2885912327415916,995.9,1.7,18.0
0.17183514645274192,0.3165797918512535,U8,MN8014,9.984896267736621,4.359836329372666,CPG,SSPG,0.13591969018546052,0.3000998695950598,0.20033172495253979,-1.5700723612672507,3,-1.299017124924701,995.4,1.6,18.0
0.17177529219209767,0.31660179626179263,U8,MN8014,9.980504939800237,4.3584900819571395,CPG,SSPG,0.13583642932868578,0.3001050513077483,0.20035176760958698,-1.5700828456039857,0,-1.2981697935258234,995.6,1.6,18.0
0.1718436096361932,0.3164300428766055,U8,MN8014,9.989374801680224,4.368321275467598,CPG,SSPG,0.13599312014978454,0.3000994590290558,0.2002627220899259,-1.5703293616729068,5,-1.297446150744408,995.5,1.7,18.0
0.1717662888551242,0.31660159003857125,U8,MN8014,9.975842327615046,4.354593785388269,CPG,SSPG,0.13611187763831967,0.30007752426674383,0.2002175886973293,-1.5703607903486028,0,-1.2985128678447841,995.3,1.7,18.0
0.17180281859695204,0.31642320595030826,U8,MN8014,9.982381175218162,4.358882234712755,CPG,SSPG,0.13577108285421186,0.3000844181180266,0.20023555317404035,-1.5699610646446025,5,-1.2976652022319053,995.5,1.7,18.0
0.17182781365974362,0.316421872680539,U8,MN8014,9.983051905697018,4.360554560382806,CPG,SSPG,0.13576250525409433,0.30011752703033096,0.20027986149168656,-1.5701268660947965,7,-1.3001782428298103,995.1,1.6,18.0
0.17183311253155417,0.31621049204826274,U8,MN8014,9.99146376044175,4.36736097995718,CPG,SSPG,0.13575072020770912,0.300090854910495,0.20026183648460974,-1.569983067559836,2,-1.2961370691994336,995.6,1.6,18.0
0.17184150039988708,0.31678968985471423,U8,MN8014,9.987859433690158,4.36062801702647,CPG,SSPG,0.136084973517906,0.30009328062163343,0.2003557803270935,-1.5702107926769173,6,-1.2989394962384253,995.1,1.6,18.0
0.17183540082914733,0.3165191543457719,U8,MN8014,9.990599717047218,4.358640292470937,CPG,SSPG,0.13606891694751633,0.3000960375386175,0.20030471536189282,-1.5702963640321075,0,-1.2961903600401623,995.4,1.6,18.0
0.17183621002637786,0.31626737313938946,U8,MN8014,9.987904367300807,4.3585134725937245,CPG,SSPG,0.13579658115444326,0.3001200163273411,0.2002346425488962,-1.5699774794871535,4,-1.2997940023365588,995.1,1.7,18.0
0.17184480094591897,0.316371246421013,U8,MN8014,9.986343433221757,4.35772171305909,CPG,SSPG,0.13577488841652724,0.3001150274423724,0.20027627279036384,-1.5699409411678205,4,-1.2993805491684496,995.1,1.6,18.0
0.1718384191288371,0.3165091114297422,U8,MN8014,9.986757767717387,4.361436267421273,CPG,SSPG,0.13567429446721,0.3001127754616593,0.20029748290536756,-1.5700219229636962,7,-1.2993007467862983,995.3,1.7,18.0
0.17181477643854018,0.3162800128548157,U8,MN8014,9.990125479389492,4.362259440805917,CPG,SSPG,0.13545707117356212,0.3001267904685205,0.2002493804886266,-1.5697906687266772,0,-1.3001187640415361,994.8,1.7,18.0
0.17183415612526912,0.31618644743931645,U8,MN8014,9.988497638728358,4.364773866507545,CPG,SSPG,0.13558330620722397,0.30010841554306333,0.20024567637441731,-1.57002141340393,7,-1.3001824146549588,995.4,1.7,18.0
0.1718456232041527,0.31618740849131066,U8,MN8014,9.990836018009192,4.3634373103319914,CPG,SSPG,0.13563206654677426,0.3001168182836774,0.2002679712517307,-1.5700300217166159,3,-1.2984100714166278,995.3,1.6,18.0
0.17175465774704962,0.3161629108315337,U8,MN8014,9.98367920182565,4.3608230209698124,CPG,SSPG,0.13559854787097986,0.3001206743623836,0.20024807706669628,-1.5701110460149321,6,-1.2997145609117053,995.1,1.6,18.0
0.17179573115522523,0.3161439676571126,U8,MN8014,9.9943507539057,4.360654102902216,CPG,SSPG,0.13557855453971462,0.30009869219972074,0.2002293901575372,-1.5699739025377568,7,-1.2995219660989692,995.0,1.7,18.0
0.17176986384011936,0.31599683702884573,U8,MN8014,9.988981073597724,4.365539496915386,CPG,SSPG,0.1353713368226827,0.300113022170205,0.20025012379406112,-1.5698722881771978,4,-1.3006950577637957,995.1,1.6,18.0
0.1718217287859199,0.3160339345513762,U8,MN8014,9.995290941878434,4.365313119540254,CPG,SSPG,0.13537333298189683,0.30011231390762866,0.20025446599535165,-1.5699394115746537,5,-1.2998698924988838,995.0,1.6,18.0
0.17176547445404697,0.31607821603960806,U8,MN8014,9.994307012041393,4.3617280295778835,CPG,SSPG,0.13532680937420832,0.3001155122801884,0.20028325312933895,-1.5700597371706766,0,-1.300627947283803,994.9,1.6,18.0
0.17174281043631773,0.31616571811598904,U8,MN8014,9.992951227332371,4.364070756859031,CPG,SSPG,0.13539649812896587,0.30012792306759206,0.20030356545988112,-1.5701379005678957,7,-1.2988513002199706,995.0,1.6,18.0
0.17179145385144456,0.3160209075630549,U8,MN8014,9.994936592482855,4.361990315892166,CPG,SSPG,0.13556600498598242,0.3001087478221371,0.20021126285971705,-1.5701368390422032,1,-1.2978212852932636,994.9,1.6,18.0
0.1718481512756612,0.3161743873611935,U8,MN8014,9.996334323180509,4.3690843765921805,CPG,SSPG,0.13558042576957235,0.30011749855453934,0.20028270259634232,-1.5702610792961125,6,-1.3002424106788597,995.0,1.6,18.0
0.17181357233069286,0.3163105812794605,U8,MN8014,9.993065215576996,4.36173494227594,CPG,SSPG,0.1358465045006747,0.30009547275326237,0.2002562176588831,-1.570328073118913,2,-1.2981341399878508,995.0,1.6,18.0
0.17179465274237254,0.3162225137341018,U8,MN8014,9.989352187436765,4.361278423744034,CPG,SSPG,0.13559833267217258,0.30011098027018324,0.200306881707103,-1.5702883615276608,1,-1.301026375466817,995.3,1.6,18.0
0.1717807186305121,0.31595971703703896,U8,MN8014,9.994535748149975,4.3581943987032705,CPG,SSPG,0.1356166739735385,0.30010759441171164,0.20025695642283625,-1.57030196602555,6,-1.2995761893968032,995.3,1.6,18.0
0.17179270578764858,0.31607228837543466,U8,MN8014,9.99556930899778,4.363967577836087,CPG,SSPG,0.1356501378614302,0.30010175519856336,0.20027297910016842,-1.5702788864622508,6,-1.298879428406809,995.3,1.6,18.0
0.17186108483466184,0.3160664235082996,U8,MN8014,9.991469335605954,4.364508855183654,CPG,SSPG,0.13571258401217995,0.3000954463864777,0.20025101772406825,-1.5702151112478187,7,-1.2991145040836214,995.6,1.6,18.0
0.17178078411435116,0.31616440118454164,U8,MN8014,9.982333817284404,4.364658074536711,CPG,SSPG,0.13563797705018155,0.30010801709888,0.20026410374170683,-1.5701285276434063,7,-1.3001932103427372,995.5,1.6,18.0
0.1718692492091683,0.3160488059788484,U8,MN8014,9.992374280169678,4.370343400828108,CPG,SSPG,0.13566041220485026,0.30010399229069545,0.20022604397507152,-1.5701396517612447,2,-1.297284532030469,995.5,1.6,18.0
0.1718124838661396,0.3162299120042691,U8,MN8014,9.984188636489549,4.363680223227498,CPG,SSPG,0.1356983585037417,0.3000968658331931,0.20024330167289364,-1.5703103267792513,4,-1.2995750510024662,995.4,1.6,18.0
0.17185275724169505,0.31612090501543244,U8,MN8014,9.990392092139562,4.368543141087746,CPG,SSPG,0.13559324767225664,0.3001189784006618,0.20025771442722456,-1.5702327737658015,1,-1.2989032822843791,995.4,1.6,18.0
0.17176857866659012,0.3163312617297772,U8,MN8014,9.980391523495742,4.362977931633459,CPG,SSPG,0.1355302477440839,0.30011956992862,0.2002838796965174,-1.5701243285392779,0,-1.299513843785518,995.3,1.6,18.0
0.17180898931741245,0.3161392861467842,U8,MN8014,9.982608536082516,4.37660113415151,CPG,SSPG,0.13540699510688414,0.30012324726022155,0.2002738912904061,-1.5700068173607618,2,-1.3014864763171206,995.4,1.6,18.0
0.17181381257936876,0.3160881514431822,U8,MN8014,9.984576405618558,4.3781762167337614,CPG,SSPG,0.13536017297322706,0.3001252714097722,0.2002663675803273,-1.57002878923598,6,-1.300948316232434,995.4,1.6,18.0
0.17181266331800396,0.31593588919841586,U8,MN8014,9.989480670857688,4.37935645011904,CPG,SSPG,0.1353337591138969,0.3001418852969716,0.20024638604030245,-1.569972983766602,7,-1.300183517634661,995.2,1.6,18.0
0.171773067013839,0.31603998334966077,U8,MN8014,9.984789566271408,4.382496709322227,CPG,SSPG,0.135265211067929,0.3001416827117863,0.20026640959737554,-1.5699770246763334,4,-1.2989174847773644,995.4,1.6,18.0
0.17176157788623822,0.31603069472232875,U8,MN8014,9.98787844858601,4.3836624588499475,CPG,SSPG,0.13524380846074946,0.3001358296110889,0.2002964256268822,-1.5700726929510607,7,-1.3001247072495365,995.4,1.6,18.0
0.17181343279690164,0.3160926912540527,U8,MN8014,9.993865437266006,4.38770409431697,CPG,SSPG,0.13523042802674676,0.3001445095877276,0.20027606708321988,-1.569953760127727,4,-1.294990481228532,995.4,1.6,18.0
0.17183830940712025,0.3160118250380258,U8,MN8014,9.987322766641165,4.378347124821701,CPG,SSPG,0.13541837659109746,0.30012385963735,0.20024710580578614,-1.5701388490062675,5,-1.3007839109731885,995.4,1.6,18.0
0.17182579883226046,0.3161229865425219,U8,MN8014,9.985365260678135,4.3830214264831175,CPG,SSPG,0.1354561798652948,0.3001329364724305,0.20027545960400703,-1.5701696638167855,7,-1.3009021303912807,995.4,1.6,18.0
0.17184084797030122,0.31626007251160165,U8,MN8014,9.984470126177424,4.384201444901804,CPG,SSPG,0.13538161999208873,0.3001461536379724,0.20030063164280767,-1.5701914713342215,6,-1.3017364735537296,995.2,1.6,18.0
0.17182641784751637,0.31596607786970077,U8,MN8014,9.988276716610795,4.380010319931114,CPG,SSPG,0.13524318078984193,0.3001717238462739,0.20028218427150227,-1.5700354712705682,5,-1.3012645144698842,995.2,1.6,18.0
0.17183255425582128,0.31612927089218723,U8,MN8014,9.986045186192044,4.382929143867439,CPG,SSPG,0.13551201133697294,0.3001402858976128,0.20029107769183455,-1.5702216557788764,7,-1.3014916760540558,995.4,1.6,18.0
0.17179032697288346,0.3162506149436657,U8,MN8014,9.982011216466198,4.380777622369961,CPG,SSPG,0.13556354585676147,0.30011842112685544,0.2002874271166684,-1.5701773615240777,6,-1.3001371416019776,995.5,1.6,18.0
0.17183184711396646,0.316253378040793,U8,MN8014,9.984526500336292,4.37991738926869,CPG,SSPG,0.13569788568251706,0.30011139009535476,0.20029332254351018,-1.5702228348615592,6,-1.3005207187444787,995.6,1.6,18.0
0.17182431366650602,0.31605061192781003,U8,MN8014,9.989810935808638,4.383638401175993,CPG,SSPG,0.13542201513162164,0.30014212730681744,0.20029194745459827,-1.5701870175418868,2,-1.2997292603952895,995.5,1.6,18.0
0.17182912553256116,0.31603590559691985,U8,MN8014,9.989395245453917,4.382563922413837,CPG,SSPG,0.1354110779232342,0.300126968591412,0.20027374169827186,-1.5701921362798132,5,-1.3001069550703512,995.5,1.6,18.0
0.17182466015725376,0.31619705360682077,U8,MN8014,9.987154529857996,4.3820417937908855,CPG,SSPG,0.13557352912173554,0.3001282678585913,0.20029058220061388,-1.570214866569398,5,-1.3002080271489334,995.4,1.6,18.0
0.17182628528713512,0.3160780216130322,U8,MN8014,9.991265729208811,4.384817448408776,CPG,SSPG,0.13542578508331854,0.3001343888993924,0.20030881617090596,-1.5702031608073794,3,-1.301321791362775,995.4,1.6,18.0
0.17183371313731174,0.3161440380544255,U8,MN8014,9.987740521418633,4.380908608318682,CPG,SSPG,0.13545595635787147,0.3001284662620372,0.20030113337453098,-1.5701609880216285,7,-1.3017874368641271,995.4,1.6,18.0
0.1718352684846914,0.31615442013150674,U8,MN8014,9.988064572013306,4.384369422564987,CPG,SSPG,0.13540203544686738,0.3001347396896817,0.20031255656173994,-1.5700657011110917,1,-1.3015950181066627,995.4,1.6,18.0
0.171819664402603,0.3161256635944326,U8,MN8014,9.987219983089474,4.382029203583639,CPG,SSPG,0.1353755752080935,0.30014342788243964,0.20029997258259993,-1.5701153752680395,3,-1.3014249633107626,995.3,1.6,18.0
0.17182902761999716,0.31611634033457703,U8,MN8014,9.99016309624927,4.38477113245446,CPG,SSPG,0.13540112471238447,0.300142402476121,0.2003070578767379,-1.5700630446963806,1,-1.300925916046336,995.3,1.6,18.0
0.1718153215394205,0.31604932423008963,U8,MN8014,9.990354522496508,4.383939423949945,CPG,SSPG,0.1353586208019646,0.30014409326800373,0.2003084911079955,-1.5701062684003175,2,-1.3017863011683906,995.3,1.6,18.0
0.1718195116107582,0.31600479026431605,U8,MN8014,9.991709969124837,4.38368749920173,CPG,SSPG,0.13531043264557363,0.30014105448227135,0.20030147026860884,-1.5700697243184587,1,-1.3016381370859529,995.3,1.6,18.0
0.17181313235713258,0.3160920803986738,U8,MN8014,9.99005048950145,4.3820870916393995,CPG,SSPG,0.13530237591181543,0.3001419592485055,0.2003100281910145,-1.5700668142120777,1,-1.3010784946714251,995.3,1.6,18.0
0.17181844977177113,0.316002119689468,U8,MN8014,9.988900282200117,4.38304734560882,CPG,SSPG,0.13530711246672883,0.30014571903474424,0.20028345908353576,-1.5699932061936952,3,-1.301141001827828,995.3,1.6,18.0
0.17181590117167392,0.3161147180035987,U8,MN8014,9.98856329505077,4.383752383836717,CPG,SSPG,0.13533129445978792,0.30015209849381413,0.20031349212930005,-1.5700355864289532,0,-1.3009631363293668,995.3,1.6,18.0
0.17180192126726918,0.31604954499941695,U8,MN8014,9.98892500354475,4.382536520137428,CPG,SSPG,0.13532243171988548,0.30014120091186614,0.20030455185600365,-1.5700409673457174,7,-1.3017418345058802,995.3,1.6,18.0
0.1717924933909005,0.31605284310961224,U8,MN8014,9.988269495294961,4.379272760073758,CPG,SSPG,0.1353488328956315,0.30014471999085557,0.20030526563968776,-1.5700500701504159,2,-1.3015005871795324,995.3,1.6,18.0
0.17179790214499732,0.31607805554035395,U8,MN8014,9.988779813710313,4.380664493352255,CPG,SSPG,0.13538076277979855,0.3001421008625669,0.20030905982071687,-1.570060347189838,4,-1.301493164390572,995.3,1.6,18.0
0.1717946066676085,0.31610131530086716,U8,MN8014,9.989626202477508,4.3791129620790255,CPG,SSPG,0.13533774781215596,0.30014643157494697,0.20031436539367253,-1.5700581429539877,3,-1.3013252191195708,995.2,1.6,18.0
0.17178714194385586,0.3161119933772575,U8,MN8014,9.989280367347636,4.380043294350786,CPG,SSPG,0.13539349871962958,0.300140083121861,0.20031635214410365,-1.570091289298596,2,-1.3009710324706854,995.3,1.6,18.0
0.1717929974153809,0.31617677190038673,U8,MN8014,9.98826832065431,4.377357130371313,CPG,SSPG,0.13546021037448136,0.30013828254153724,0.20031747728599253,-1.5701065785788082,4,-1.3015838768917218,995.2,1.6,18.0
0.17180801560846903,0.31615750702117695,U8,MN8014,9.988173090286544,4.37918756682836,CPG,SSPG,0.13542446353780846,0.30014205650725057,0.20031960958443362,-1.570126260150714,2,-1.301588487918182,995.3,1.6,18.0
0.1718128153223851,0.31617563274387117,U8,MN8014,9.989997792236672,4.38074526685199,CPG,SSPG,0.1354355311435696,0.3001361059052264,0.20032174227464689,-1.5701033118732668,3,-1.3018851234374678,995.2,1.6,18.0
0.17178908474650798,0.3161621843993386,U8,MN8014,9.989380659402702,4.379800356093276,CPG,SSPG,0.1354090387983442,0.3001423747795684,0.20032575200013622,-1.5700887684763973,4,-1.3014021204018773,995.2,1.6,18.0
0.17180407043062476,0.3162059935021243,U8,MN8014,9.989076781109954,4.3812031535839635,CPG,SSPG,0.13547332615178237,0.3001362006660161,0.20032668772514128,-1.570115964493901,4,-1.3019170149128652,995.2,1.6,18.0
0.17179920026893328,0.316213011981173,U8,MN8014,9.988695658534468,4.380315399990131,CPG,SSPG,0.13545986667701015,0.30013757782605555,0.20032710691560157,-1.570091326174748,5,-1.3016310442596861,995.2,1.6,18.0
0.1718194886841256,0.3161852755172395,U8,MN8014,9.989963288157284,4.381398716779604,CPG,SSPG,0.1354856031043507,0.3001332601866483,0.20032545143938277,-1.5701214785597424,2,-1.3016825021715404,995.3,1.6,18.0
0.17180241243552533,0.31619170771502936,U8,MN8014,9.98931718382606,4.38078671721635,CPG,SSPG,0.1354767229164072,0.3001319471026987,0.20032603486520026,-1.5701103117322226,7,-1.301410976577701,995.3,1.6,18.0
0.17181328971316126,0.3161418834133598,U8,MN8014,9.991574354277382,4.3824671206706105,CPG,SSPG,0.13542288217459786,0.3001408646400173,0.20031994073280557,-1.5700623867553487,3,-1.3011519957802848,995.2,1.6,18.0
0.17181726584982315,0.3161550631291107,U8,MN8014,9.99160521385685,4.383663252640432,CPG,SSPG,0.13545358647099764,0.30013976148394134,0.20033679632403692,-1.570093508231199,2,-1.3016701063924394,995.3,1.6,18.0
0.17181133541207405,0.316149695194113,U8,MN8014,9.99099643563379,4.38147963723282,CPG,SSPG,0.13547190473959198,0.3001360365644046,0.20033165839522568,-1.5700974978008408,1,-1.3017914443153336,995.3,1.6,18.0
0.17180496669843123,0.3161826913135386,U8,MN8014,9.990497256507961,4.383104751547836,CPG,SSPG,0.13543928446766218,0.30013820809303193,0.20032613693497905,-1.5700577497668051,2,-1.3012999189909475,995.2,1.6,18.0
0.17181108745415483,0.3161643951578614,U8,MN8014,9.99049186003932,4.3834175645243185,CPG,SSPG,0.13544250771498248,0.3001359712977985,0.20032504533017484,-1.570100030451333,5,-1.3012240302121354,995.3,1.6,18.0
0.17181787799510723,0.3161636115239226,U8,MN8014,9.991082911191572,4.382758772375834,CPG,SSPG,0.13547972079166226,0.30013701743651455,0.20031978202330755,-1.5701118952636193,1,-1.3016075569419776,995.2,1.6,18.0
0.1718165405225033,0.3161979834356393,U8,MN8014,9.990110865461746,4.383139486010843,CPG,SSPG,0.1354811113156108,0.3001356911944059,0.20033511102111545,-1.5701150986951988,0,-1.3018193997483243,995.3,1.6,18.0
0.1718118462299927,0.3162343198573333,U8,MN8014,9.990710393002875,4.383230741407027,CPG,SSPG,0.1354802153432641,0.3001350721325817,0.200341235973959,-1.5701265470645682,1,-1.302034996124796,995.2,1.6,18.0
0.17180946814980705,0.3162431599827963,U8,MN8014,9.990403281732895,4.38270280153134,CPG,SSPG,0.13547412911303341,0.30013696229190157,0.20034060449670418,-1.5701365929969153,0,-1.301751783560297,995.2,1.6,18.0
0.1718175596418243,0.3162614669014888,U8,MN8014,9.990072870410444,4.38306780652299,CPG,SSPG,0.13550813112409738,0.30013320398452376,0.20033937862781193,-1.5701542878089259,0,-1.3021073108875685,995.2,1.6,18.0
0.17181112203326263,0.31622754339581904,U8,MN8014,9.991568896047518,4.383691938519861,CPG,SSPG,0.13547808931214345,0.30013302999088687,0.2003409647643221,-1.570138075192023,0,-1.3018668333051364,995.2,1.6,18.0
0.17180902322504965,0.3162739146406015,U8,MN8014,9.990213125889145,4.382599610298859,CPG,SSPG,0.1355056879296447,0.3001306230977259,0.20034247378991507,-1.570152852293877,1,-1.301913105951356,995.2,1.6,18.0
0.1717989933677986,0.31625665418661586,U8,MN8014,9.989793718890713,4.382241940014088,CPG,SSPG,0.1354787032478385,0.3001363679482619,0.2003481932499715,-1.5701165877963097,0,-1.3020095860389613,995.2,1.6,18.0
0.17180127648758992,0.31622132821854665,U8,MN8014,9.989956505453204,4.3818184327061696,CPG,SSPG,0.1354464898957348,0.3001402680285614,0.20034157170706662,-1.570120157898246,2,-1.301878848382441,995.2,1.6,18.0
0.1717939488914091,0.3162492702861872,U8,MN8014,9.988937618821627,4.382144014631303,CPG,SSPG,0.13546316640812495,0.3001381980647847,0.2003431227925611,-1.5701109726268652,2,-1.3018537120893665,995.2,1.6,18.0
0.17179649369092448,0.3162383941186886,U8,MN8014,9.989432719312568,4.38282721960298,CPG,SSPG,0.13545498366924838,0.30014242686212594,0.20034468736801575,-1.5701193548725934,7,-1.3017328967026947,995.2,1.6,18.0
0.17179824255744452,0.3162772646499102,U8,MN8014,9.989352329536665,4.3841688288210525,CPG,SSPG,0.13546564598845168,0.30014393921554966,0.2003574261944595,-1.570132296925822,1,-1.3019771629055947,995.2,1.6,18.0
0.17179827393613303,0.3162449021593623,U8,MN8014,9.989574461945487,4.38428682632733,CPG,SSPG,0.13545809410504833,0.3001433655655769,0.200350661380391,-1.5701256398247199,6,-1.3020222704835058,995.2,1.6,18.0
0.17179616507806433,0.31628363102010326,U8,MN8014,9.98875376273941,4.38481817933163,CPG,SSPG,0.13546774959185248,0.30014449186475145,0.20035742645107726,-1.5701347700205432,6,-1.3020583571577902,995.2,1.6,18.0
0.17180025354485945,0.3162466626560807,U8,MN8014,9.99000627351122,4.38398240354686,CPG,SSPG,0.13546845711509076,0.30014045113012394,0.20035031662642216,-1.5701314443905887,7,-1.3020531189709974,995.2,1.6,18.0
0.1718031625209664,0.31622746009424607,U8,MN8014,9.990912063873353,4.384796618837382,CPG,SSPG,0.13543274093069574,0.3001433141011101,0.20035218823702586,-1.5701020679241595,6,-1.3018826383931943,995.2,1.6,18.0
0.17180948532218024,0.3162352814514665,U8,MN8014,9.990688131705632,4.384883170166792,CPG,SSPG,0.13545591685648578,0.30014023349723223,0.2003497415635083,-1.570118523908926,4,-1.302183209930197,995.2,1.6,18.0
0.17180146145018718,0.31624887016854114,U8,MN8014,9.990034808617452,4.383214847975871,CPG,SSPG,0.13548645626798783,0.3001387336255082,0.20034850009393618,-1.570133933071824,1,-1.3020493631019852,995.2,1.6,18.0
0.1718032888928264,0.3162346462609653,U8,MN8014,9.990484337604924,4.384164766038757,CPG,SSPG,0.1354626288290079,0.3001400553859307,0.2003469674175382,-1.5701047496772618,4,-1.301846107539479,995.2,1.6,18.0
0.17180283310004518,0.3162413670208144,U8,MN8014,9.99018873823605,4.3838539223199495,CPG,SSPG,0.13546299170834042,0.3001405460104307,0.20035059131711866,-1.5701001254677944,6,-1.3020776299567505,995.2,1.6,18.0
0.17180761043873902,0.3162332251597858,U8,MN8014,9.990494952261528,4.384079349465976,CPG,SSPG,0.1354670028468633,0.30013950000709466,0.20034638581448552,-1.5701078969724003,3,-1.3020318243949989,995.2,1.6,18.0
0.1718067594640181,0.31624725419065924,U8,MN8014,9.990677313650885,4.3827011030086656,CPG,SSPG,0.1354904519867054,0.3001363734526182,0.20034829846151792,-1.5701304527261788,3,-1.3020855956951936,995.2,1.6,18.0
0.17180324173051026,0.31623974257544807,U8,MN8014,9.990333337224044,4.382812047939707,CPG,SSPG,0.13547770393487713,0.3001398873274957,0.20034872111886112,-1.5701249664509083,1,-1.3020314884028261,995.2,1.6,18.0
0.171803614494079,0.31625556899307633,U8,MN8014,9.990393118890182,4.382954766028971,CPG,SSPG,0.1354965518514461,0.30013684996752366,0.20034937139031708,-1.5701065258254119,5,-1.301947083235281,995.2,1.6,18.0
0.17179978037836544,0.3162469402240532,U8,MN8014,9.990152151897643,4.382234732811472,CPG,SSPG,0.1354985723984934,0.3001374617628,0.20034563690403234,-1.570115975436129,6,-1.3017977895542723,995.2,1.6,18.0
0.1717998902965275,0.3162341686777638,U8,MN8014,9.990188786591325,4.382991039673214,CPG,SSPG,0.13545713969769108,0.30014197138557186,0.2003503696383229,-1.570106506594313,4,-1.301995175590819,995.2,1.6,18.0
0.1718027174903743,0.31625137071080545,U8,MN8014,9.99030025901012,4.382822218105719,CPG,SSPG,0.13548651967976016,0.3001411908659754,0.2003516583549355,-1.5701314196078002,1,-1.3019531639660444,995.2,1.6,18.0
0.17180031771104187,0.31623287798180144,U8,MN8014,9.989834184592599,4.382754059771603,CPG,SSPG,0.13546180762646062,0.30014023887545416,0.20034418196028703,-1.5701105572162832,7,-1.3018845337856506,995.2,1.6,18.0
0.17180027182811355,0.31625688806382,U8,MN8014,9.989804584367949,4.3834154436004225,CPG,SSPG,0.13547304642352906,0.30014144688423927,0.20035096336277533,-1.5701106378670673,4,-1.3018647640308965,995.2,1.6,18.0
0.17180454746134324,0.31623458040695085,U8,MN8014,9.990414801709315,4.383836394902449,CPG,SSPG,0.13547086145002807,0.3001401333781011,0.20034840130627618,-1.5701131622957936,7,-1.3020662242324859,995.2,1.6,18.0
0.17180611046070524,0.31624359527966517,U8,MN8014,9.99029435925057,4.38401833394553,CPG,SSPG,0.13547269227023645,0.30013889110034947,0.2003462286377429,-1.570111355390658,1,-1.3019220022933844,995.2,1.6,18.0
0.17180081193180036,0.31624741005872825,U8,MN8014,9.990429099819249,4.38442857729445,CPG,SSPG,0.13546442885800752,0.3001413298017474,0.20035239695821824,-1.570114471855913,1,-1.3018850730717455,995.2,1.6,18.0
0.17180294561829734,0.31626238173494414,U8,MN8014,9.99005227358107,4.384002973330715,CPG,SSPG,0.13547243909966816,0.30014071626039024,0.20035438154002194,-1.5700998364644259,3,-1.3020151495307752,995.2,1.6,18.0
0.17180414736982155,0.3162285838112947,U8,MN8014,9.990411933514277,4.3844466860982285,CPG,SSPG,0.13546103409164434,0.3001417907728961,0.20034895283043325,-1.570102318393697,7,-1.302057491214323,995.2,1.6,18.0
0.17180399466358198,0.31626305786724046,U8,MN8014,9.990129080474166,4.383606295023466,CPG,SSPG,0.13549115400199774,0.30013910431092716,0.20035314360388828,-1.5701199659493081,5,-1.3021032515409443,995.2,1.6,18.0
0.1718038824690124,0.3162687690462086,U8,MN8014,9.990327506248438,4.384008631759296,CPG,SSPG,0.1354885152543449,0.3001393223900899,0.2003557065979172,-1.570115178813396,5,-1.3020485978245597,995.2,1.6,18.0
0.1718059987361638,0.3162795860108385,U8,MN8014,9.990187824526377,4.384092609780762,CPG,SSPG,0.13549805001878729,0.30013832545019187,0.20035706444694154,-1.5701159409175638,5,-1.3021700199640245,995.2,1.6,18.0
0.17180756797862298,0.3162569086395499,U8,MN8014,9.990652480129562,4.384352839961122,CPG,SSPG,0.13547843116320607,0.3001380481686261,0.20035318438356572,-1.5701117560408844,3,-1.3021322672179894,995.2,1.6,18.0
0.17180750795994618,0.3162508498904505,U8,MN8014,9.990617892023483,4.384665614930193,CPG,SSPG,0.13546569195436148,0.3001408751960519,0.20035418069626196,-1.570110144984824,6,-1.3021181449570554,995.2,1.6,18.0
0.17180811867819007,0.3162510900340949,U8,MN8014,9.990451180076318,4.384658506234936,CPG,SSPG,0.13547215970477477,0.3001406536282798,0.2003536449981024,-1.5701019143627872,2,-1.3021832227687558,995.2,1.6,18.0
0.17181141961040305,0.31625770456965474,U8,MN8014,9.9906456858625,4.384479998622299,CPG,SSPG,0.1354740413872565,0.3001409972641966,0.2003551391310849,-1.5701121297898601,1,-1.302178157084973,995.2,1.6,18.0
0.17180905067678878,0.31626230029119096,U8,MN8014,9.990560873071606,4.384210416201838,CPG,SSPG,0.135477090853788,0.30013869455224684,0.2003542300921428,-1.570118230589807,0,-1.302166307650218,995.2,1.6,18.0
0.1718101028937952,0.31625478571424215,U8,MN8014,9.990746101023138,4.384184401176077,CPG,SSPG,0.1354758483501014,0.3001395100134501,0.20035397477383532,-1.5701138265143486,5,-1.302166535910544,995.2,1.6,18.0
0.1718100002382803,0.31625440250318804,U8,MN8014,9.990915931575895,4.384667617499902,CPG,SSPG,0.1354683321528228,0.3001394957683322,0.200355971665798,-1.5701102151698065,5,-1.302224246189045,995.2,1.6,18.0
0.1718047583014602,0.3162579097880267,U8,MN8014,9.990579412998553,4.3849965724292295,CPG,SSPG,0.13546271763408446,0.3001406773828149,0.20035684083754018,-1.5701061429224648,4,-1.3021065294461112,995.2,1.6,18.0
0.17180752506579855,0.3162503514078221,U8,MN8014,9.990873431121388,4.38501597829641,CPG,SSPG,0.13545888339718176,0.30014184185831433,0.20035781583976373,-1.5701051730625968,3,-1.302188028209657,995.2,1.6,18.0
0.1718074136574836,0.31625082308599495,U8,MN8014,9.990787759037374,4.385003182719615,CPG,SSPG,0.13546610803929915,0.3001407652321538,0.20035587313597275,-1.5701078871633265,3,-1.3021664161387756,995.2,1.6,18.0
0.17180620617415593,0.31624245345492286,U8,MN8014,9.9907248711312,4.385349259462835,CPG,SSPG,0.13544572200035934,0.3001429168790531,0.20035575784095105,-1.5701023458941317,5,-1.3021159537873954,995.2,1.6,18.0
0.17180935301549527,0.31623745738635256,U8,MN8014,9.99091840959119,4.385228513715699,CPG,SSPG,0.13545318866455336,0.3001420019909261,0.20035456304370647,-1.5701049657924353,6,-1.3022198523582036,995.2,1.6,18.0
0.17181173987023704,0.31623549191067135,U8,MN8014,9.991123790276614,4.385989938314678,CPG,SSPG,0.13545124222361948,0.30014292781782137,0.2003552433999517,-1.5701110645608456,4,-1.302241210551351,995.2,1.6,18.0
0.1718140162388404,0.3162390790604829,U8,MN8014,9.991004388072,4.38569375367313,CPG,SSPG,0.13544337993380612,0.30014347389518853,0.20035534436427788,-1.5701055088419893,4,-1.3022455977697645,995.2,1.6,18.0
0.17181982490270317,0.3162298651390074,U8,MN8014,9.991629937898772,4.38620168050211,CPG,SSPG,0.13544449387242574,0.30014293262511393,0.2003545427508512,-1.5701102538943263,7,-1.3023027525661917,995.2,1.6,18.0
0.17181759070547353,0.31621874061663807,U8,MN8014,9.991690289371675,4.386584483886327,CPG,SSPG,0.13543801509972914,0.3001431755837949,0.20035326737986583,-1.5701008783006623,5,-1.3022751394199732,995.2,1.6,18.0
0.17181536370805664,0.3162450315872839,U8,MN8014,9.991455852520609,4.386360571951714,CPG,SSPG,0.13544992387536187,0.3001415920700371,0.20035779078754548,-1.5700966471291857,1,-1.3022596720421609,995.2,1.6,18.0
0.1718206490962149,0.3162384788893463,U8,MN8014,9.991665672919025,4.386949634267437,CPG,SSPG,0.1354417745376198,0.30014268790968485,0.20035681909203593,-1.5701061036061148,1,-1.3023259223094348,995.2,1.6,18.0
0.171819780635376,0.3162489529173526,U8,MN8014,9.99171619134318,4.386953474413847,CPG,SSPG,0.1354552357574259,0.3001420946652684,0.20035969885163038,-1.5701055603055212,2,-1.3023426514122276,995.2,1.6,18.0
0.17182173312454838,0.31624656582952004,U8,MN8014,9.991722369088748,4.387086482513262,CPG,SSPG,0.1354593680063403,0.30014156416820686,0.2003577856159316,-1.570104764237167,2,-1.3023488000086099,995.2,1.6,18.0
0.17181808528144835,0.3162398869454972,U8,MN8014,9.991181329596907,4.387404006340354,CPG,SSPG,0.1354428472921928,0.30014304824176014,0.20035563788392524,-1.570094277328592,4,-1.3023177699348452,995.2,1.6,18.0
0.17182449547238135,0.3162480967241454,U8,MN8014,9.991686750806565,4.387641663609789,CPG,SSPG,0.13545556537109793,0.30014200477795305,0.20035789700729187,-1.5701040659255963,0,-1.3024016522771156,995.2,1.6,18.0
0.1718237437911423,0.3162508643463894,U8,MN8014,9.991585024360155,4.387532950177545,CPG,SSPG,0.1354564041705713,0.3001423581813381,0.20035806561469716,-1.5701147496073533,2,-1.302388094304784,995.2,1.6,18.0
0.1718226243485957,0.31627362249113034,U8,MN8014,9.991140216108414,4.387509972301309,CPG,SSPG,0.13546837927066097,0.30014206403853055,0.20036133497916284,-1.5701129424222013,1,-1.302401829411715,995.2,1.6,18.0
0.17182374007814213,0.316271239550587,U8,MN8014,9.99132458552241,4.387414342912889,CPG,SSPG,0.1354706448414571,0.3001406221833239,0.20035992619548337,-1.5701110007409658,6,-1.3023874259807444,995.2,1.6,18.0
0.17182532413086543,0.3162721318168372,U8,MN8014,9.991571826284162,4.388015095866863,CPG,SSPG,0.13547369856320318,0.3001422167182003,0.20036321299857782,-1.5701082024627393,5,-1.3024330558755022,995.2,1.6,18.0
0.1718221103797143,0.3162698317766174,U8,MN8014,9.991221047582567,4.387759264160438,CPG,SSPG,0.13546348488291876,0.3001440687923148,0.20036288798062504,-1.5701086715145904,0,-1.3023755348856314,995.2,1.6,18.0
0.17182299001259418,0.316285219708132,U8,MN8014,9.991336962426496,4.388177786640514,CPG,SSPG,0.13546844399045238,0.3001436340413427,0.20036691301845583,-1.5701127153246976,3,-1.302397039118003,995.2,1.6,18.0
0.17182105239775936,0.3162801120477773,U8,MN8014,9.991223799088512,4.3876316822667025,CPG,SSPG,0.13546794580168758,0.3001427107879778,0.20036462129246382,-1.5701169342692747,7,-1.3023920289500612,995.2,1.6,18.0
0.17181847090599733,0.31630083384967234,U8,MN8014,9.991045230546856,4.387951682413868,CPG,SSPG,0.13547682739092187,0.3001453907109735,0.20037281942830484,-1.5701240495081348,4,-1.302444102496163,995.2,1.6,18.0
0.17181949570655106,0.3163041026298117,U8,MN8014,9.99093920014625,4.387795029936606,CPG,SSPG,0.1354801900938149,0.30014420898187344,0.2003704455355406,-1.5701249933836068,7,-1.302374822026425,995.2,1.6,18.0
0.17182555611704434,0.3162950516057059,U8,MN8014,9.991673424014355,4.389865500662307,CPG,SSPG,0.13546057571542475,0.3001461820884496,0.2003737708055572,-1.5701205719445943,6,-1.302477726484839,995.2,1.6,18.0
0.17182608109156775,0.31630830600697196,U8,MN8014,9.991617300806425,4.3896190130694315,CPG,SSPG,0.13547014097188076,0.3001453781061269,0.20037678123912475,-1.570118267728931,3,-1.302551300055474,995.2,1.6,18.0
0.17182703491035609,0.3163021645406006,U8,MN8014,9.9914006981622,4.389683944112511,CPG,SSPG,0.13546541759481456,0.30014621666808855,0.200373570864997,-1.5701179830755672,1,-1.3025009408025294,995.2,1.6,18.0
0.17182191176873488,0.3162953540526017,U8,MN8014,9.991336638276884,4.390464904373607,CPG,SSPG,0.13545445386229787,0.30014748646421247,0.2003763018373962,-1.5701046732425872,6,-1.3025798999925504,995.2,1.6,18.0
0.17182166135352087,0.31629656559541375,U8,MN8014,9.991343780684325,4.391054000342698,CPG,SSPG,0.13544865382541746,0.30014960527587825,0.20037888486183333,-1.570104947624591,3,-1.302583786838646,995.2,1.6,18.0
0.1718250925352399,0.31632109518478735,U8,MN8014,9.991085243314629,4.391673476403476,CPG,SSPG,0.1354539386071952,0.3001482936664779,0.20038116479060158,-1.5701096651750825,7,-1.3026304801015147,995.2,1.6,18.0
0.17182885786290342,0.3162928314623455,U8,MN8014,9.991934107887193,4.391594834834085,CPG,SSPG,0.13543943378841866,0.30015007989586434,0.2003798728974278,-1.5701140639152706,4,-1.302653450161877,995.2,1.6,18.0
0.17183001687798602,0.31631524985125503,U8,MN8014,9.991650376847089,4.392941106371924,CPG,SSPG,0.13544657264385573,0.300151680067944,0.20038511562586112,-1.5701253015415058,7,-1.3027216447544836,995.2,1.6,18.0
0.17183154615366875,0.31632737948819223,U8,MN8014,9.991714794729702,4.394325976773452,CPG,SSPG,0.1354383028017123,0.3001528862739441,0.20038869787996158,-1.5701306981654546,5,-1.3026962437561558,995.2,1.6,18.0
0.1718280704395694,0.31630950519170664,U8,MN8014,9.992071799276658,4.393723368175584,CPG,SSPG,0.13543948261506347,0.30015251850039737,0.20038812014100307,-1.5701215151646217,2,-1.302717421142459,995.2,1.6,18.0
0.17183347133018625,0.3163057367791322,U8,MN8014,9.992487377880309,4.393546180146398,CPG,SSPG,0.13544240767188429,0.30015193969734044,0.2003855152609544,-1.5701317191583222,7,-1.3026258164760804,995.2,1.6,18.0
0.17183499923822515,0.31629871779077656,U8,MN8014,9.992424829646524,4.395754320073122,CPG,SSPG,0.135426912734525,0.300154965490129,0.20038773471186389,-1.5701257607597245,1,-1.3027858298896255,995.2,1.6,18.0
0.17183599920912912,0.3162677571955381,U8,MN8014,9.992784928826564,4.395344149997146,CPG,SSPG,0.1354168354073837,0.30015465451431766,0.20038048218798077,-1.5701306054870692,1,-1.3027195007964378,995.2,1.6,18.0
0.17183020239448116,0.31629737393556545,U8,MN8014,9.991905785801773,4.397581823107221,CPG,SSPG,0.1354134278416715,0.3001610990397314,0.20039233639052045,-1.5701324654571291,1,-1.3028439446043656,995.2,1.6,18.0
0.17183316881497177,0.3163311090882525,U8,MN8014,9.9919576374742,4.397706806221599,CPG,SSPG,0.13542289729203352,0.30015781392199326,0.20039662768644945,-1.570154293824689,4,-1.3028767128568397,995.2,1.6,18.0
0.17183924436932693,0.31636203236227295,U8,MN8014,9.992565658175494,4.398523640509463,CPG,SSPG,0.13544167465941992,0.3001579965092492,0.2004079344826729,-1.5701530384124434,6,-1.3030258725598696,995.2,1.6,18.0
0.1718382668064738,0.31636881298687175,U8,MN8014,9.993200437657713,4.399549991982749,CPG,SSPG,0.13543681010150868,0.30016004325463813,0.20041628063680875,-1.570167421397649,2,-1.3030675930190663,995.2,1.6,18.0
0.17183523023804537,0.3163312478487872,U8,MN8014,9.993375783002097,4.399086728918453,CPG,SSPG,0.13540053990338208,0.300162399630374,0.20040935065971752,-1.5701612286644133,2,-1.3028581847440766,995.2,1.6,18.0
0.17183384840421856,0.3163320184871649,U8,MN8014,9.99354160632322,4.3981760185680265,CPG,SSPG,0.13540220281461318,0.3001588531701492,0.20040960429728166,-1.5701666876924913,4,-1.3030053886293977,995.2,1.6,18.0
0.17183942231703717,0.31633288619318867,U8,MN8014,9.9946717383452,4.400049220931728,CPG,SSPG,0.13540414043891744,0.3001593925029381,0.2004143382903826,-1.5701661955239437,7,-1.3029359248078363,995.2,1.6,18.0
0.17182629345379133,0.31629703718156277,U8,MN8014,9.992662719987123,4.39728046107392,CPG,SSPG,0.13538208689012604,0.30015782209739017,0.20039701308656552,-1.5701486479000206,0,-1.3029358274549905,995.2,1.6,18.0
0.17183656488957327,0.31634061385287526,U8,MN8014,9.99524468619038,4.402665673901266,CPG,SSPG,0.13535916272584703,0.30016718185732444,0.20043083559271793,-1.5701634381324028,6,-1.3030468865053173,995.2,1.6,18.0
0.1718278090479065,0.3163734786987632,U8,MN8014,9.994169760812468,4.40005360150095,CPG,SSPG,0.13541148265607572,0.30015842727912206,0.20042637919178188,-1.5701590132245469,7,-1.3029737656740812,995.2,1.6,18.0
0.1718413272660495,0.31639451375955474,U8,MN8014,9.994306690082642,4.398767002584033,CPG,SSPG,0.13543908011359523,0.30015556085575373,0.20042484169046315,-1.5701894588407799,5,-1.303126424432513,995.2,1.6,18.0
0.171841242022945,0.3163608244050068,U8,MN8014,9.99393592009461,4.3999545012441335,CPG,SSPG,0.13539966071732573,0.30016324345241713,0.2004201932203024,-1.5701782279803946,3,-1.3029961021488017,995.2,1.6,18.0
0.17184589913494458,0.31643171456900787,U8,MN8014,9.99340857801778,4.403511529128729,CPG,SSPG,0.13543615786909677,0.30016160956409216,0.20043580377127646,-1.5701696503444869,1,-1.3033711946852629,995.2,1.6,18.0
0.17183885161867288,0.31645903966395195,U8,MN8014,9.993312316310146,4.400668924633637,CPG,SSPG,0.13545010809606156,0.30015673645310414,0.2004374428153446,-1.5701800419294354,5,-1.303133907894824,995.2,1.6,18.0
0.17183693891388147,0.31640749170901616,U8,MN8014,9.99294014819273,4.399794087553866,CPG,SSPG,0.13543472763617145,0.3001593882424747,0.20042642242746084,-1.570149882410792,4,-1.3031561202746902,995.2,1.6,18.0
0.17183283239952357,0.31647467429572373,U8,MN8014,9.992334299914734,4.402306966358192,CPG,SSPG,0.13544431137574792,0.30015931716889327,0.20044263974184207,-1.570174903099803,1,-1.3033206044387855,995.2,1.6,18.0
0.17183034481914983,0.31641849255132914,U8,MN8014,9.991833779718288,4.401613581636594,CPG,SSPG,0.13540437741740277,0.30016232477702676,0.20042817456403172,-1.5701741843398773,0,-1.3032340675595089,995.2,1.6,18.0
0.17182667411855776,0.31643951101784173,U8,MN8014,9.99163552265399,4.4050696361986565,CPG,SSPG,0.13540165253834324,0.3001693863576351,0.20044150602150562,-1.5701694726999864,2,-1.303301819865963,995.2,1.6,18.0
0.17184065748774205,0.3164198152644819,U8,MN8014,9.993412267003816,4.40610376976971,CPG,SSPG,0.1353893786244656,0.3001682356859764,0.2004422339392661,-1.5701574607627766,6,-1.3033753144938087,995.2,1.6,18.0
0.1718492325686582,0.31646290387304277,U8,MN8014,9.994537736241753,4.408947978735039,CPG,SSPG,0.13538748054414726,0.3001707443897974,0.20046183217170596,-1.5701732492413836,6,-1.303602435979557,995.2,1.6,18.0
0.17184391215237785,0.31640423684451346,U8,MN8014,9.994894832571537,4.407551679009384,CPG,SSPG,0.1353614455459473,0.30017496873883603,0.20045615144928114,-1.5701626345184743,2,-1.3036103779223946,995.2,1.6,18.0
0.17185934189335775,0.3164055355644746,U8,MN8014,9.996308506365072,4.414673449080689,CPG,SSPG,0.13529964386159207,0.30018928100967646,0.20047287329096067,-1.5701767589046816,1,-1.3036186022829863,995.2,1.6,18.0
0.1718509095049937,0.3164565421772634,U8,MN8014,9.99483043485338,4.412993638764795,CPG,SSPG,0.13532671461582946,0.30018673407794483,0.2004787691662372,-1.5702071233414265,7,-1.3038096100995933,995.2,1.6,18.0
0.1718501396573078,0.3164931017945958,U8,MN8014,9.994761955714463,4.4112699220066425,CPG,SSPG,0.13537597445982363,0.3001783469162958,0.2004767670413636,-1.5702307744367794,4,-1.3036571291531773,995.2,1.6,18.0
0.17185334246650313,0.3165121606036402,U8,MN8014,9.99572423228572,4.4160961356019355,CPG,SSPG,0.13533672224048648,0.3001888182946767,0.20049898075951933,-1.570248427038779,7,-1.3038845522683733,995.2,1.6,18.0
0.17184709910073576,0.31647882223704105,U8,MN8014,9.995488948964947,4.415039788231541,CPG,SSPG,0.1353166874265055,0.3001845560759453,0.2004910736664912,-1.570203233601763,7,-1.304019449904822,995.2,1.6,18.0
0.1718601989807251,0.3165004379868406,U8,MN8014,9.997939324458027,4.419026222988896,CPG,SSPG,0.1353256365621689,0.3001881312266844,0.20050986578038293,-1.5702356636545236,2,-1.3041230835432174,995.2,1.6,18.0
0.17186767001473244,0.3165013639070339,U8,MN8014,9.996669413764913,4.41646005777983,CPG,SSPG,0.13532594740850448,0.3001862302129946,0.2004977028558622,-1.5702467612580384,6,-1.304173794767804,995.2,1.6,18.0
0.17186546451809762,0.31655529603328353,U8,MN8014,9.997509384504674,4.41963361383006,CPG,SSPG,0.1353389650188842,0.30018475642597325,0.2005169477452784,-1.570276551681911,3,-1.3043359160267496,995.2,1.6,18.0
0.17188040328023738,0.31649259453728196,U8,MN8014,9.998895255241864,4.422594728791746,CPG,SSPG,0.13527127179645743,0.300193185526327,0.20051435987063784,-1.5702668289977681,2,-1.3044620388954646,995.2,1.6,18.0
0.17187193142672072,0.3165526767276376,U8,MN8014,9.998851885993687,4.421609316347131,CPG,SSPG,0.1353225735932621,0.3001948115124374,0.2005331801121575,-1.5703036282816427,3,-1.3045055573138802,995.2,1.6,18.0
0.17188460934314426,0.3165453956499941,U8,MN8014,9.998439985830348,4.42596245318697,CPG,SSPG,0.13527620433155935,0.30020320025262404,0.2005331011581552,-1.5703077786586233,5,-1.3046159326462297,995.2,1.6,18.0
0.17188744644099285,0.3165021101902179,U8,MN8014,9.999449158236132,4.427437225867881,CPG,SSPG,0.13524280131578043,0.3002086747504903,0.20053142746908875,-1.5702840195151624,4,-1.3044372360385097,995.2,1.6,18.0
0.17187827855548862,0.3165448938305344,U8,MN8014,9.998264538992716,4.430927079242759,CPG,SSPG,0.13523678894552624,0.3002133454890137,0.20054582333196325,-1.570264965284829,7,-1.3046406399136172,995.2,1.6,18.0
0.17186477728427274,0.31654718372339363,U8,MN8014,9.997013109293388,4.427642750415698,CPG,SSPG,0.13526547186519267,0.30021000100770306,0.20053958135552613,-1.5702587279378322,7,-1.3045366667357996,995.2,1.6,18.0
0.17187235758721853,0.31658600317424684,U8,MN8014,9.998062421021226,4.4270190482233085,CPG,SSPG,0.13531651361213778,0.3001985159091682,0.20054419128396017,-1.5702675326995106,0,-1.304779912632723,995.2,1.6,18.0
0.1718818088334122,0.3165466083535426,U8,MN8014,9.998194944827564,4.429997017162806,CPG,SSPG,0.13527583037160687,0.30021094580476554,0.20054062097580905,-1.570279929026441,1,-1.3046034932525226,995.2,1.6,18.0
0.17186928723449435,0.31657875976430405,U8,MN8014,9.997521328949627,4.4266824472154145,CPG,SSPG,0.13530545207561087,0.30019885242983313,0.20053890657877574,-1.5702761802609033,5,-1.3046646136629318,995.2,1.6,18.0
0.17186848763778234,0.316586968296957,U8,MN8014,9.996241746459145,4.428135849668301,CPG,SSPG,0.13528867893092267,0.3002030175979371,0.20053818458463976,-1.5702321335248435,4,-1.30461884819601,995.2,1.6,18.0
0.17187045220036734,0.31666809308392185,U8,MN8014,9.99477850420211,4.428350115964066,CPG,SSPG,0.13533837095179235,0.30019752235944697,0.2005439286893515,-1.5702619348589806,7,-1.3047793308297857,995.2,1.6,18.0
0.1718836699406074,0.31663691867441635,U8,MN8014,9.996166155961802,4.432093302068768,CPG,SSPG,0.1352987713810196,0.3002046395391685,0.20054937952728785,-1.5702799736728614,0,-1.3050676073586898,995.2,1.6,18.0
0.1718870259625307,0.3166758802977395,U8,MN8014,9.995817040302523,4.436451206898748,CPG,SSPG,0.13529866399563412,0.3002118244255312,0.20056501217387107,-1.5702552411165767,4,-1.3052291206158007,995.2,1.6,18.0
0.17188026017786703,0.3166687862088987,U8,MN8014,9.995976440218186,4.4279153851107,CPG,SSPG,0.13535917238337294,0.30019476215736535,0.20054548257278745,-1.5702389608830616,0,-1.3047691124449088,995.2,1.6,18.0
0.1718874426709412,0.3167127953780266,U8,MN8014,9.996225899977453,4.433158560573067,CPG,SSPG,0.13533401119145744,0.30020378377760587,0.20056772954961594,-1.5702790813534466,7,-1.3051808831174103,995.2,1.6,18.0
0.17188055180976766,0.3166183227450994,U8,MN8014,9.997142882097513,4.430009780171223,CPG,SSPG,0.13529532466791144,0.3002015323865562,0.20054802859191145,-1.5702573299326867,5,-1.3048942165969235,995.2,1.6,18.0
0.17190552198245884,0.31663071741487714,U8,MN8014,9.997829206208912,4.4377680960139,CPG,SSPG,0.13527365789034668,0.3002144815094952,0.20055770249799706,-1.5702679954064802,5,-1.3049294452104432,995.2,1.6,18.0
0.1718888509901402,0.31667057253657416,U8,MN8014,9.996682562652175,4.437505234322387,CPG,SSPG,0.13529113525319791,0.30020822835580135,0.20056578442253067,-1.5702186740263597,7,-1.3051943995769797,995.2,1.6,18.0
0.1718846761049284,0.3167487613837945,U8,MN8014,9.996771891881426,4.439991068754573,CPG,SSPG,0.13531106543061222,0.3002114147360708,0.20059482761691058,-1.5702230725624424,1,-1.3055349428276593,995.2,1.6,18.0
0.17188742056314077,0.31667493481544456,U8,MN8014,9.997227081988001,4.441744397652781,CPG,SSPG,0.13525501869173484,0.3002158791308233,0.20058169618472924,-1.5702062757969182,3,-1.3054254076471254,995.2,1.6,18.0
0.1719058768214459,0.31670992489529887,U8,MN8014,9.9993848478056,4.449525413673211,CPG,SSPG,0.1352022913339475,0.30022530064952213,0.20061041047667877,-1.5702386608032717,7,-1.3058627716593287,995.2,1.6,18.0
0.17189734039735288,0.3166846819170466,U8,MN8014,10.000194338485816,4.447605980966882,CPG,SSPG,0.13518649579611636,0.30022865061432424,0.20061710789687343,-1.5701987280229783,2,-1.3058187203160712,995.2,1.6,18.0
0.17188145318645354,0.3166539995381761,U8,MN8014,9.999745073370406,4.444551721318096,CPG,SSPG,0.13520576671076823,0.3002220855820715,0.20060339710176692,-1.5701459818929266,7,-1.3054212570626822,995.2,1.6,18.0
0.17188879340816376,0.31664744395716876,U8,MN8014,10.001216567264352,4.4476527691879335,CPG,SSPG,0.13516173116577102,0.30023297961288525,0.20062466847694435,-1.5701580313275127,7,-1.3059089158673718,995.2,1.6,18.0
0.17187076920441563,0.316712283764848,U8,MN8014,10.000175662365251,4.447011451140528,CPG,SSPG,0.13516934452203883,0.30022797614443875,0.20063615733719284,-1.5701745822679436,6,-1.3058201058555001,995.2,1.6,18.0
0.1718813377194337,0.316658557479791,U8,MN8014,10.001327168702382,4.448091765601021,CPG,SSPG,0.13517187416202148,0.30022262755073403,0.20061622981254623,-1.5701877053402429,4,-1.305594545454679,995.2,1.6,18.0
0.17187935583295144,0.3165896376674422,U8,MN8014,10.003520980330219,4.444344258372565,CPG,SSPG,0.13514754084694974,0.30021746573707503,0.20059604041668977,-1.5702019195208625,0,-1.303716877574666,995.3,1.6,18.0
0.1718686833613933,0.3166926895641789,U8,MN8014,10.000955279666869,4.446251981759325,CPG,SSPG,0.1351862816795658,0.3002155428202258,0.20062178743285297,-1.5701547671863632,2,-1.3055321084953322,995.2,1.6,18.0
0.17185314438202787,0.3166889995505346,U8,MN8014,10.000411937680813,4.447448738871951,CPG,SSPG,0.13515316724531187,0.3002232587696376,0.20063110800455866,-1.5702003611685198,1,-1.3055842784303051,995.2,1.6,18.0
0.17187695603582295,0.31667812689399444,U8,MN8014,10.003359021994708,4.449836643001149,CPG,SSPG,0.1351411768823812,0.3002138357917367,0.20063651519353168,-1.5701858218124816,5,-1.3053669635713003,995.3,1.6,18.0
0.1718911508115323,0.3167186167400974,U8,MN8014,10.005798905532867,4.448046030351716,CPG,SSPG,0.135163856417782,0.3002087713532174,0.20065436955916213,-1.5702135399522368,2,-1.3056594327885778,995.3,1.6,18.0
0.17186402610622917,0.3166383320498918,U8,MN8014,10.001370228099326,4.441823427093954,CPG,SSPG,0.13510793680466315,0.3002140462532467,0.20061460024817407,-1.570131344653171,7,-1.3056002868366345,995.2,1.6,18.0
0.17187114887668656,0.3165158652100235,U8,MN8014,10.000613395099107,4.434416861826509,CPG,SSPG,0.13510999688755787,0.300207211537472,0.20056143653285496,-1.5701710915880642,7,-1.305119059157854,995.2,1.6,18.0
0.17187491157015594,0.31657385156429874,U8,MN8014,10.000539097519919,4.436637309962314,CPG,SSPG,0.1351635497849628,0.3002047454069431,0.20056860930268416,-1.5701414531774913,2,-1.3048638197813327,995.2,1.6,18.0
0.17186268642769215,0.31660903469507456,U8,MN8014,9.998213140882964,4.437607853716217,CPG,SSPG,0.1351713500555868,0.3002044424623108,0.20057109275938098,-1.5701527616129434,0,-1.305169042928311,995.2,1.6,18.0
0.17184890219816817,0.31654861515008154,U8,MN8014,10.000045232251665,4.436355645354956,CPG,SSPG,0.13509320701225194,0.30021227017910557,0.20057914295661616,-1.5701690175786587,1,-1.3049667100799,995.2,1.6,18.0
0.1718698783842665,0.31659176051458804,U8,MN8014,10.000538879288193,4.441157016808838,CPG,SSPG,0.13509632795766918,0.300213910064332,0.20059246675168685,-1.5701826285783855,3,-1.3055650566995025,995.2,1.6,18.0
0.17186898918862728,0.3166104539894893,U8,MN8014,9.999442858149866,4.442274044388556,CPG,SSPG,0.13509831712812426,0.3002165242551139,0.2005915794927009,-1.5702124277723346,5,-1.3055279864768483,995.2,1.6,18.0
0.1718676628752058,0.31667213286010865,U8,MN8014,9.998815218876823,4.438065831666211,CPG,SSPG,0.13519701331364337,0.30019663419674536,0.20058217048309795,-1.5701930484148294,3,-1.3053459811002819,995.2,1.6,18.0
0.17187605696867642,0.3167275426308734,U8,MN8014,9.999153523921706,4.445066636377029,CPG,SSPG,0.13514914036609682,0.3002033306751707,0.2006064080760767,-1.5702305276132935,3,-1.3058306821467465,995.2,1.6,18.0
0.17187105335903205,0.31664149081437587,U8,MN8014,10.002506360546697,4.44809760076489,CPG,SSPG,0.1350798029488617,0.30021163947739016,0.20061355342813486,-1.57023751762373,1,-1.305609840201261,995.2,1.6,18.0
0.17188337980070895,0.3167203772160272,U8,MN8014,10.001859173540963,4.446773527351538,CPG,SSPG,0.13512968466199854,0.3002059887249818,0.20062235218873453,-1.5702880366762995,7,-1.3060554972404894,995.2,1.6,18.0
0.17186771416707936,0.3166397244108793,U8,MN8014,9.99945245721981,4.440241274613755,CPG,SSPG,0.1351075782980706,0.300203116281275,0.2005831616169779,-1.5702310575098497,4,-1.305265448977539,995.2,1.6,18.0
0.17187147127160657,0.31651483352568827,U8,MN8014,10.002825901890116,4.446538343387381,CPG,SSPG,0.13497953648975441,0.3002197480426644,0.2005890574635086,-1.570210040125328,6,-1.3052918789799808,995.2,1.6,18.0
0.17186994956288962,0.316594764113434,U8,MN8014,10.003002517934789,4.447804497194212,CPG,SSPG,0.1350501440795464,0.300221621781155,0.20061229181633145,-1.5702592715558752,3,-1.3054410160528915,995.2,1.6,18.0
0.1718796745513771,0.3165703792739677,U8,MN8014,10.00360668094622,4.4456403529038395,CPG,SSPG,0.13505745319099155,0.3002203287262081,0.20060559166894046,-1.5702624718816218,4,-1.3055393787890264,995.2,1.6,18.0
0.17188078028998213,0.31669425367572607,U8,MN8014,10.002477248573944,4.446550091486337,CPG,SSPG,0.13514122022479275,0.30021032193468544,0.2006228161114112,-1.5703115894926116,5,-1.3059766271350552,995.2,1.6,18.0
0.17188344137000136,0.31671968506022463,U8,MN8014,10.002085461758188,4.44927700343134,CPG,SSPG,0.135123083430425,0.3002190858673744,0.2006332879831995,-1.5703184121021196,0,-1.3059234203742989,995.2,1.6,18.0
0.17186894581794596,0.316695757439848,U8,MN8014,10.000615111119362,4.445376986997219,CPG,SSPG,0.13512219895391897,0.30021766748889456,0.2006195297384597,-1.5703117912837394,2,-1.305622006065418,995.2,1.6,18.0
0.17188432901095305,0.31671707388815007,U8,MN8014,10.002958184274451,4.449494557852721,CPG,SSPG,0.13510321265570513,0.30021484640912194,0.20063328635452363,-1.5703216407486058,5,-1.3058660824043296,995.2,1.6,18.0
0.17187869746779932,0.3167567619184284,U8,MN8014,10.000480756504622,4.448833679899458,CPG,SSPG,0.1351357911043073,0.30021341936260393,0.20063126161797595,-1.5702960557390506,1,-1.3060357552380362,995.2,1.6,18.0
0.17187815074190638,0.3167672883521355,U8,MN8014,10.000492990645341,4.446772100031651,CPG,SSPG,0.13515125303974104,0.30021032477674703,0.2006289467965321,-1.5703212736579462,0,-1.3059135656572805,995.2,1.6,18.0
0.17186740872198364,0.3167784797042634,U8,MN8014,10.000577661140895,4.446587758573665,CPG,SSPG,0.13514175348676732,0.30020996567294417,0.20063757833721768,-1.5702933080078674,1,-1.305884632157758,995.2,1.6,18.0
0.17187081335192217,0.3167857769245178,U8,MN8014,10.000523528493208,4.4470146631431655,CPG,SSPG,0.1351614544678357,0.3002103380227628,0.20063666416071196,-1.5703203042128087,0,-1.3058864259299003,995.2,1.6,18.0
0.17188032023738906,0.31679382063225503,U8,MN8014,10.000740074553118,4.448216068553461,CPG,SSPG,0.1351759391591864,0.30020821236313294,0.20063401276483694,-1.5703368374133728,5,-1.3059720729608628,995.2,1.6,18.0
0.1718738934432927,0.31679814649766985,U8,MN8014,10.001251778714245,4.443841089194317,CPG,SSPG,0.13519967860155802,0.30019995424122675,0.20063217570715136,-1.570336243706935,5,-1.305868161293568,995.2,1.6,18.0
0.17188505313220367,0.31678818245002066,U8,MN8014,10.001105547691807,4.445724289663842,CPG,SSPG,0.13518516062212044,0.30020644132952523,0.20063197755157297,-1.570349417518692,4,-1.3060605249696797,995.2,1.6,18.0
0.17188515482877637,0.3168166498829959,U8,MN8014,10.000925377226613,4.446261765256993,CPG,SSPG,0.1351978970240662,0.30020258412405176,0.20063469390667316,-1.5703491873641042,1,-1.306100838881556,995.2,1.6,18.0
0.17188448041411386,0.3167923170488678,U8,MN8014,10.001378300700257,4.447078802874145,CPG,SSPG,0.13518391747818423,0.3002069134651201,0.20063495573725482,-1.5703652288217662,7,-1.306071687201766,995.2,1.6,18.0
0.17188838316356736,0.31682014857149,U8,MN8014,10.00156795844685,4.448808131346846,CPG,SSPG,0.13517261241309797,0.3002104147188607,0.2006466250114853,-1.570362490911005,2,-1.306184678905062,995.2,1.6,18.0
0.1718866313219629,0.3168100389911191,U8,MN8014,10.002307379430643,4.448656789747807,CPG,SSPG,0.13517177992960155,0.3002106633605403,0.20065069534384383,-1.5703541230713687,4,-1.3062336340816971,995.2,1.6,18.0
0.17189019195967084,0.3167975713050985,U8,MN8014,10.003046467790352,4.449609014911283,CPG,SSPG,0.1351668253430926,0.30021242124305864,0.20065294032244024,-1.5703504594769309,1,-1.3062751959699028,995.2,1.6,18.0
0.17187950284053205,0.31678197763921145,U8,MN8014,10.00201927684665,4.44586832342052,CPG,SSPG,0.135198837795992,0.30020525378231616,0.20063762822518927,-1.5703226444373475,5,-1.3060189410849938,995.2,1.6,18.0
0.17188941275655456,0.31679707465444334,U8,MN8014,10.002589883720349,4.447445467990455,CPG,SSPG,0.1352015420009085,0.30020638578680026,0.20064283127366758,-1.5703378893326845,0,-1.306147163968829,995.2,1.6,18.0
0.17188921094289045,0.3168248892809292,U8,MN8014,10.004330158897547,4.448030077361797,CPG,SSPG,0.13521573184871644,0.30020347731739344,0.2006571766051121,-1.570349258240675,0,-1.3060921976603277,995.2,1.6,18.0
0.1718835802227704,0.3168002798723548,U8,MN8014,10.00404042984528,4.4497007195588045,CPG,SSPG,0.13515867060039333,0.300206954480633,0.2006561541046074,-1.570345406274585,1,-1.3061276328957154,995.2,1.6,18.0
0.17188465030175148,0.3168022783381725,U8,MN8014,10.002476050743631,4.449537922324173,CPG,SSPG,0.1351636266853925,0.30021122479664347,0.20064816278999292,-1.5703692597004182,0,-1.3060341313017982,995.2,1.6,18.0
0.17188638178681198,0.3167956721036282,U8,MN8014,10.003428376728332,4.449962695090033,CPG,SSPG,0.13515554123928203,0.3002135852259229,0.2006557982696068,-1.5703619339616735,7,-1.306141846791542,995.2,1.6,18.0
0.17188814383016054,0.3168609459035723,U8,MN8014,10.002593268000023,4.449546437753595,CPG,SSPG,0.13519787665673286,0.30020590281744364,0.2006591046460177,-1.5703763247706874,0,-1.3062237909245527,995.2,1.6,18.0
0.17190436538465087,0.31682196066785423,U8,MN8014,10.00478431347512,4.449468533349948,CPG,SSPG,0.13517112330096115,0.3002055550701245,0.20065761709795948,-1.5703907162161475,1,-1.3063747820655331,995.2,1.6,18.0
0.17189231651501888,0.31681737433883894,U8,MN8014,10.004503473716115,4.448452621246289,CPG,SSPG,0.13515411626420012,0.3002066096000833,0.20066129655474393,-1.570376122018494,2,-1.3063349002242912,995.2,1.6,18.0
0.17190403426567746,0.3168285021728023,U8,MN8014,10.004822069888139,4.448999137808391,CPG,SSPG,0.13519269756819943,0.3002074666163177,0.20066089194651332,-1.5704029896505571,5,-1.3063814755886511,995.2,1.6,18.0
0.17190069655984397,0.3168731172912859,U8,MN8014,10.004835883061556,4.448473260296104,CPG,SSPG,0.13520512949323707,0.3002009317356483,0.20066783441924102,-1.5703945476723167,4,-1.3063787915831178,995.2,1.6,18.0
0.171905412174305,0.316841184088544,U8,MN8014,10.00541145649279,4.4493727280487745,CPG,SSPG,0.13519402549971637,0.3002080039115599,0.20066820668907845,-1.5704151489468041,2,-1.3064422009504293,995.2,1.6,18.0
0.17190283378806115,0.3168157425431766,U8,MN8014,10.00558253113191,4.4484131779656275,CPG,SSPG,0.13519032861247232,0.3002044147147902,0.20065905509703166,-1.5704080075057072,0,-1.3063068172116106,995.2,1.6,18.0
0.17190698152566863,0.3168337971534818,U8,MN8014,10.005429409326766,4.449735081572137,CPG,SSPG,0.13518280059736515,0.30020445600660084,0.2006632095312775,-1.570403656555089,2,-1.3064699366887726,995.2,1.6,18.0
0.17189390987831787,0.31680670402449446,U8,MN8014,10.004766920847391,4.448750377470245,CPG,SSPG,0.1351695821077522,0.3002045640254945,0.20065522414237943,-1.570377488033857,3,-1.3061834149906222,995.2,1.6,18.0
0.17190753611771367,0.3168156401976341,U8,MN8014,10.005499277697075,4.449733572006986,CPG,SSPG,0.1351770003418415,0.3002058314117604,0.2006587212527085,-1.5704223932101125,7,-1.3064078981976257,995.2,1.6,18.0
0.17190031069441486,0.31678749737740836,U8,MN8014,10.005503110205208,4.448870650059452,CPG,SSPG,0.13517011831777864,0.3002115455971796,0.20065930766286943,-1.570408611890062,5,-1.3062988261896686,995.2,1.6,18.0
0.17190362998854578,0.3168141632149933,U8,MN8014,10.006386533561079,4.448357056286216,CPG,SSPG,0.13517341748679373,0.30020716892805266,0.2006676272648984,-1.5704154566937836,2,-1.3064191212088838,995.2,1.6,18.0
0.17191406081684535,0.3168357557722223,U8,MN8014,10.007026015535182,4.449635491356664,CPG,SSPG,0.13518916629235764,0.3002059197369266,0.20067188615279,-1.570433720127215,3,-1.3065088599519195,995.2,1.6,18.0
0.1719061611762242,0.31683281924710205,U8,MN8014,10.006620977114418,4.449546391588158,CPG,SSPG,0.1351843233902557,0.30020536410832716,0.20067060020614497,-1.570436347853246,3,-1.3064580205850795,995.2,1.6,18.0
0.17190245017254344,0.31684897356673514,U8,MN8014,10.005852904182493,4.449502974462709,CPG,SSPG,0.135189914574156,0.30020533452198106,0.20067085364355022,-1.5704330201885766,6,-1.306413612755458,995.2,1.6,18.0
0.1719065272842522,0.31685416549985645,U8,MN8014,10.00611839859163,4.449657548775293,CPG,SSPG,0.1351977145504914,0.3002039593374268,0.20067128878583929,-1.5704394984642025,3,-1.3064776564956722,995.2,1.6,18.0
0.17191094842327598,0.3168856313760687,U8,MN8014,10.00568448517192,4.4496267032240215,CPG,SSPG,0.1352135698461803,0.30020042532187063,0.2006717913297352,-1.5704504624717914,5,-1.3065585440592926,995.2,1.6,18.0
0.17191046469027269,0.3168510620721402,U8,MN8014,10.007276073587919,4.449678852295103,CPG,SSPG,0.13518353055054844,0.3002035501548577,0.20067662463070718,-1.570451067262451,1,-1.306545675111515,995.2,1.6,18.0
0.17190829722301915,0.31688237060910696,U8,MN8014,10.00633234011681,4.449172024981511,CPG,SSPG,0.13519923478978668,0.30020077326886185,0.20067630804684572,-1.5704587063976332,1,-1.3065347576900805,995.2,1.6,18.0
0.17190246738764134,0.3168951688812428,U8,MN8014,10.005325964847344,4.448714761812742,CPG,SSPG,0.13522127497042447,0.3001979069853217,0.20067221205158428,-1.570436371093096,7,-1.3064497887616682,995.2,1.6,18.0
0.17191254001874653,0.3168805739490314,U8,MN8014,10.006551489926942,4.4481860921184175,CPG,SSPG,0.1352157259203462,0.3001971726659493,0.20067156514040824,-1.5704521541759213,4,-1.3064929760715875,995.2,1.6,18.0
0.1719172664468919,0.31688108646777785,U8,MN8014,10.007317724222458,4.448920491396853,CPG,SSPG,0.1352080831486122,0.30019923548789706,0.20067678086529786,-1.5704755462424596,3,-1.3065613601288355,995.2,1.6,18.0
0.1719097885138803,0.31687373211695585,U8,MN8014,10.007117996699138,4.449463675174191,CPG,SSPG,0.13519427874914813,0.30020136157686167,0.20067946343861143,-1.5704572415856524,3,-1.3065586334476338,995.2,1.6,18.0
0.1719038103137842,0.3168865134764054,U8,MN8014,10.006810998121377,4.449843051347644,CPG,SSPG,0.13518908168709098,0.3002032036944225,0.2006854996351855,-1.5704507946906718,0,-1.3065672755771045,995.2,1.6,18.0
0.17190995279085744,0.3168524246582195,U8,MN8014,10.007593085042,4.4485271739326455,CPG,SSPG,0.135184270524504,0.30020249990036557,0.2006771923934847,-1.57046387697548,1,-1.3064862041822733,995.2,1.6,18.0
0.1719110599528687,0.3168700964690078,U8,MN8014,10.00702172007943,4.449422447743328,CPG,SSPG,0.13518220484650717,0.3002028148291794,0.20067861414540314,-1.57046549117587,0,-1.3065513972130036,995.2,1.6,18.0
0.17191484086372077,0.3168534473955351,U8,MN8014,10.00795100107841,4.448793818461777,CPG,SSPG,0.1351856205821313,0.30020322917903386,0.20067866981233995,-1.5704713846021343,2,-1.3065286496373725,995.2,1.6,18.0
0.1719071407668103,0.3168681967152901,U8,MN8014,10.007683312444044,4.449612675994079,CPG,SSPG,0.135176814132884,0.3002041097500805,0.20068572908667828,-1.5704639624157968,3,-1.3065763059106628,995.2,1.6,18.0
0.17190324532290538,0.31688007610804736,U8,MN8014,10.006706112947043,4.448293739059788,CPG,SSPG,0.13519984600939383,0.30019937372214783,0.20067777081199695,-1.5704610255245195,5,-1.306440708699296,995.2,1.6,18.0
0.17190693752809968,0.3168802163783575,U8,MN8014,10.006838569111295,4.449454200509402,CPG,SSPG,0.13520356929026134,0.3002007523849512,0.20067797217830813,-1.5704573727079267,7,-1.3064142403817147,995.2,1.6,18.0
0.1719070073318537,0.3168833936621692,U8,MN8014,10.006534455301011,4.44714701280405,CPG,SSPG,0.13522114803265994,0.30019772944420337,0.2006735087663072,-1.570460907111553,6,-1.306392031812341,995.2,1.6,18.0
0.171905263799466,0.31688349317638353,U8,MN8014,10.005986308665875,4.4494745389188814,CPG,SSPG,0.13521290013330112,0.30020308252878847,0.20067682946034263,-1.5704565733796265,4,-1.306469152043082,995.2,1.6,18.0
0.17189833767534277,0.3168548072273199,U8,MN8014,10.0065064710795,4.447904748689208,CPG,SSPG,0.13519505812539284,0.30020179475857467,0.20067385811981536,-1.5704471589993567,5,-1.3063545947159394,995.2,1.6,18.0
0.17189763000948197,0.3168899004970212,U8,MN8014,10.005721870842802,4.447536567777159,CPG,SSPG,0.13521990082317603,0.3001998359539316,0.20067579524205703,-1.5704595503828822,0,-1.3063744757382443,995.2,1.6,18.0
0.17190302609760996,0.31687597189365113,U8,MN8014,10.006508900063128,4.44829638876622,CPG,SSPG,0.13519114947035568,0.300201702018067,0.20067775886247863,-1.5704742098294528,0,-1.3064628326645158,995.2,1.6,18.0
0.17190513217119924,0.3168865175200264,U8,MN8014,10.006612868727064,4.447477879561902,CPG,SSPG,0.13520586526962702,0.30019924784371116,0.20067770705301652,-1.5704820293250297,5,-1.3064797661814298,995.2,1.6,18.0
0.17190791761909574,0.3169127499784084,U8,MN8014,10.006252601188375,4.4491609967385415,CPG,SSPG,0.1352175224518017,0.30019662157225274,0.20067891143234978,-1.5704876423821374,5,-1.3065631574299603,995.2,1.6,18.0
0.17190565263708238,0.3169251164147191,U8,MN8014,10.005676538322568,4.448725589766612,CPG,SSPG,0.13522653789563854,0.30019500273022487,0.20067683125662736,-1.5704915247187208,2,-1.3065033837198747,995.2,1.6,18.0
0.1719100703964815,0.3168915479510033,U8,MN8014,10.006385104911416,4.448420022459761,CPG,SSPG,0.13521475958123985,0.3001952884518858,0.20066978118744638,-1.570491895355901,2,-1.3063821979877597,995.2,1.6,18.0
0.17190774406140974,0.31691217829266677,U8,MN8014,10.00646602723704,4.44859537942749,CPG,SSPG,0.13520650401718554,0.30019602519226746,0.20067839367329657,-1.5704955837181624,7,-1.3064634148874807,995.2,1.6,18.0
0.17189914185918637,0.31689322991027574,U8,MN8014,10.006341772896569,4.44838356323076,CPG,SSPG,0.13518655614316405,0.30019764154807305,0.20067931902826658,-1.57047041940667,4,-1.3064741603710228,995.2,1.6,18.0
0.17190759134746594,0.316890930352383,U8,MN8014,10.007408270828408,4.448984063016355,CPG,SSPG,0.13518588059035494,0.3001973463732599,0.20068187196733245,-1.5704946166369809,7,-1.3065619626871543,995.2,1.6,18.0
0.1719097854541707,0.3168960610571256,U8,MN8014,10.007273599651125,4.44860707533068,CPG,SSPG,0.13519741351449538,0.3001969521094111,0.2006808373387849,-1.5705005627506008,2,-1.306575088673533,995.2,1.6,18.0
0.1719165724456179,0.3168922549808955,U8,MN8014,10.006738434820956,4.449011193348324,CPG,SSPG,0.13518224175459104,0.3001977499638051,0.20067464023138099,-1.5705067731185232,3,-1.3065998965211172,995.2,1.6,18.0
0.17190995252417837,0.3168697577969804,U8,MN8014,10.006576423041398,4.447879443040624,CPG,SSPG,0.13519254650640028,0.3001991890470985,0.20067004470046507,-1.5704947953296455,3,-1.3064230010574231,995.2,1.6,18.0
0.171905847013052,0.31686727614336396,U8,MN8014,10.006843519913541,4.448187903573584,CPG,SSPG,0.1351720819468202,0.30019927995090084,0.20067494195465824,-1.5704685242318166,5,-1.3064840168886604,995.2,1.6,18.0
0.17191403524927626,0.3168775973728714,U8,MN8014,10.007065149566863,4.448578899318187,CPG,SSPG,0.13518352105926495,0.3001986274304025,0.2006748420057284,-1.570485981627098,6,-1.3065409481783528,995.2,1.6,18.0
0.17190893902439142,0.31689361353850976,U8,MN8014,10.006652286825343,4.449076635946852,CPG,SSPG,0.13518158649849313,0.30019680843474533,0.20067759602631402,-1.5704796789524167,1,-1.3065952550598494,995.2,1.6,18.0
0.1719022384524714,0.3169053228627616,U8,MN8014,10.005182457329449,4.4489972639681525,CPG,SSPG,0.13518462110676022,0.30019979143498743,0.20067617696136014,-1.5704780040790944,4,-1.3065346232290276,995.2,1.6,18.0
0.1719161374621612,0.316907124964994,U8,MN8014,10.00694413698448,4.449794641269348,CPG,SSPG,0.13519136250153976,0.3001968206043339,0.20067858130708435,-1.5705043260658664,3,-1.3065725324169986,995.2,1.6,18.0
0.1719086203909821,0.3168927805527212,U8,MN8014,10.006679066663615,4.4495203745188405,CPG,SSPG,0.13518535934769227,0.3001981813945017,0.2006786008892575,-1.5704806823303825,5,-1.3065761516066443,995.2,1.6,18.0
0.1719127210846405,0.3168917619708127,U8,MN8014,10.007044171883491,4.449336926961269,CPG,SSPG,0.1351819927316522,0.3001966735967114,0.20067679848111494,-1.5704876048559,7,-1.3065317337629558,995.2,1.6,18.0
0.17190641945681417,0.31687680739973295,U8,MN8014,10.006796760461452,4.4499220627262055,CPG,SSPG,0.13515066564513278,0.3002013199594401,0.2006804274219725,-1.5704797196986386,3,-1.3066273693908617,995.2,1.6,18.0
0.17190904081285482,0.3168681906295691,U8,MN8014,10.006413015928436,4.449780758608465,CPG,SSPG,0.13516194849457777,0.30020033219812675,0.20067300956106698,-1.5704826984979514,7,-1.3066012043462303,995.2,1.6,18.0
0.17190635801620852,0.3168723011378335,U8,MN8014,10.006836551469457,4.4499906740580055,CPG,SSPG,0.13516138939292777,0.3001995597278409,0.200677329548708,-1.570465684525503,5,-1.3065662810832706,995.2,1.6,18.0
0.17190740038280933,0.3168369097132179,U8,MN8014,10.006990800514608,4.44955263408457,CPG,SSPG,0.13513555785095135,0.3002045819525944,0.20067345697184463,-1.5704676380262104,7,-1.3065260163276173,995.2,1.6,18.0
0.17190315610437112,0.31684480728445585,U8,MN8014,10.00649077032078,4.4491933203502505,CPG,SSPG,0.1351376528841724,0.3002046976943143,0.2006741955967885,-1.5704626921043905,2,-1.30650923562973,995.2,1.6,18.0
0.1719058652619342,0.3168439626882148,U8,MN8014,10.00657118918302,4.449485556700475,CPG,SSPG,0.13513896654736673,0.30020504557372424,0.20067347431682986,-1.5704655731206474,4,-1.30650734099821,995.2,1.6,18.0
0.17190078197333702,0.3168640381909956,U8,MN8014,10.006272582089464,4.448892291470766,CPG,SSPG,0.13515362912768097,0.30020235279301005,0.20067631091704285,-1.570461888041044,1,-1.3065057193015317,995.2,1.6,18.0
0.171901868176324,0.31687883807695455,U8,MN8014,10.005856353340254,4.448892882918849,CPG,SSPG,0.1351565212307272,0.30020076791127487,0.20067565957726444,-1.570464451434089,3,-1.30652975460971,995.2,1.6,18.0
0.1719059645795735,0.31685857459875305,U8,MN8014,10.006889161155815,4.448050544267075,CPG,SSPG,0.13516299450753888,0.30019878969113695,0.20067246213696435,-1.5704645669617718,5,-1.3064598804604124,995.2,1.6,18.0
0.1719011255397598,0.31686552671282586,U8,MN8014,10.006084969502504,4.449193100065801,CPG,SSPG,0.13516214737361248,0.30020082104469525,0.20067306990283287,-1.5704538931867502,6,-1.306438068794968,995.2,1.6,18.0
0.17190076729495468,0.31684578143465003,U8,MN8014,10.007117909163998,4.449970611992069,CPG,SSPG,0.13514208405190392,0.3002046775032061,0.20068011383130538,-1.5704420260241885,2,-1.3065165630831945,995.2,1.6,18.0
0.17189797667421358,0.31684505523396095,U8,MN8014,10.007487885541359,4.449964058210864,CPG,SSPG,0.13513515668851467,0.3002030052422067,0.20068242463358513,-1.5704360762220109,0,-1.306529228613437,995.2,1.6,18.0
0.17190266777076801,0.3168497426402752,U8,MN8014,10.007611220700811,4.449051353074867,CPG,SSPG,0.13514283524063078,0.3002012135129763,0.20067969761053894,-1.5704486445643964,5,-1.3064876320897154,995.2,1.6,18.0
0.17189406736406962,0.3168529883408052,U8,MN8014,10.007622395955735,4.449942436082807,CPG,SSPG,0.13514583537799058,0.30020135418589655,0.20068474822341065,-1.570423062198899,0,-1.3064511631376803,995.2,1.6,18.0
0.17189578307591977,0.31685578783729007,U8,MN8014,10.007688987228866,4.449929313178061,CPG,SSPG,0.13513644185265183,0.30020192192318135,0.20068494471415443,-1.5704343800659901,6,-1.3064063216322603,995.2,1.6,18.0
0.1718964810546018,0.31684487090436414,U8,MN8014,10.007900813924953,4.44987619185049,CPG,SSPG,0.13512092366714978,0.30020089294498553,0.20068190308843797,-1.5704438951390804,4,-1.3063872258117701,995.2,1.6,18.0
0.17190077675128274,0.31683671045740325,U8,MN8014,10.008883892233829,4.44992050250872,CPG,SSPG,0.13511934091454486,0.3002014592246812,0.20068626125254613,-1.570439331797585,0,-1.3064912162387676,995.2,1.6,18.0
0.17189178947240663,0.3168402607303529,U8,MN8014,10.008216892803357,4.449288557802819,CPG,SSPG,0.13511852855285628,0.3002004712143207,0.20068568831544928,-1.5704197946897918,3,-1.3064143261484542,995.2,1.6,18.0
0.17189766219105518,0.31681873080072254,U8,MN8014,10.008820945504276,4.449558131774128,CPG,SSPG,0.13509970725725579,0.3002013781902871,0.20068398890479772,-1.5704220976423386,1,-1.3065330447593526,995.2,1.6,18.0
0.17189227526054396,0.3168402206768577,U8,MN8014,10.008791959779867,4.449955780981186,CPG,SSPG,0.13511895020596615,0.3002014978210376,0.2006914584425818,-1.570417222672151,7,-1.3065181428088533,995.2,1.6,18.0
0.17189248026565565,0.31683129612023164,U8,MN8014,10.008577009773838,4.449962603748783,CPG,SSPG,0.13511557404159866,0.30020437795790833,0.2006902526529798,-1.570417577633002,6,-1.3065010084940152,995.2,1.6,18.0
0.17189899209658135,0.3168364745857193,U8,MN8014,10.00931228801747,4.449076960166724,CPG,SSPG,0.13512202418898311,0.3001971463263283,0.20068456161602777,-1.5704424037375921,0,-1.3064123563997763,995.2,1.6,18.0
0.17190052200895883,0.31679113174042817,U8,MN8014,10.009505824985371,4.449267760534303,CPG,SSPG,0.1350914644658054,0.3002042951297318,0.20068141408440293,-1.5704293644516731,4,-1.3064315669539655,995.2,1.6,18.0
0.17189859616890402,0.3167983124818317,U8,MN8014,10.00970585731372,4.448696195472008,CPG,SSPG,0.1350830148458651,0.30019996550470285,0.20068145852848723,-1.5704372315356476,5,-1.3064487920492063,995.2,1.6,18.0
0.17190360320696887,0.3168019065451765,U8,MN8014,10.0094352208002,4.448904645113832,CPG,SSPG,0.1350950211675847,0.3002015402651892,0.20067964373931596,-1.5704557251070361,4,-1.3064929485880175,995.2,1.6,18.0
0.17190112477692204,0.31684008131142694,U8,MN8014,10.00962923377458,4.4492511297165205,CPG,SSPG,0.13511435511397513,0.30019703598280395,0.20068880191203542,-1.5704518848703648,6,-1.3066093376328052,995.2,1.6,18.0
0.17190451443796578,0.3168083758086683,U8,MN8014,10.010501042425275,4.448821555907079,CPG,SSPG,0.13509138114107527,0.30019871367274265,0.20068664356770863,-1.5704561069391225,0,-1.3066100423327152,995.2,1.6,18.0
0.17190022684250883,0.31683392067368144,U8,MN8014,10.009772617053784,4.448882196370453,CPG,SSPG,0.1351093132702516,0.3001995466797703,0.20069020181521233,-1.5704682842907645,6,-1.306583935972351,995.2,1.6,18.0
0.17189829971381076,0.3168456272703628,U8,MN8014,10.009144077077105,4.448917050989175,CPG,SSPG,0.13513607319917215,0.30019845499268466,0.20068836293831366,-1.5704512701450684,4,-1.3065297556549558,995.2,1.6,18.0
0.1719071582374913,0.3168337328757672,U8,MN8014,10.009829339910361,4.44886708823755,CPG,SSPG,0.1351088481380833,0.3001983084171733,0.2006866297966531,-1.5704747383615705,3,-1.3066260474098401,995.2,1.6,18.0
0.17190803079068412,0.31682220888927753,U8,MN8014,10.009439670916322,4.448996711928708,CPG,SSPG,0.13511201700389777,0.30020001714470435,0.20068206534404817,-1.57046965515894,7,-1.3065940991870013,995.2,1.6,18.0
0.17190208807780225,0.31682864379802256,U8,MN8014,10.00883262064809,4.449668601284461,CPG,SSPG,0.13511647502401053,0.3002016531515272,0.20068405987311094,-1.5704506856721345,3,-1.306564440289538,995.2,1.6,18.0
0.17190600350908833,0.3168169322604568,U8,MN8014,10.009516630222333,4.449522658323146,CPG,SSPG,0.13510929575561478,0.30019986772720586,0.2006829418468755,-1.5704567651284922,4,-1.3066429421453467,995.2,1.6,18.0
0.171906927858311,0.3168042097824365,U8,MN8014,10.009268208865507,4.448949092352396,CPG,SSPG,0.1351079470739539,0.3001995171574465,0.20067739322858752,-1.570443933182688,0,-1.3066088057677545,995.2,1.6,18.0
0.17191330501686766,0.3168216045393789,U8,MN8014,10.009875099957936,4.4493665263275535,CPG,SSPG,0.1351226991868935,0.3001972555109766,0.20068049006156186,-1.5704693293916574,3,-1.3066655421514666,995.2,1.6,18.0
0.1719150641586272,0.31681374323867195,U8,MN8014,10.009702050030846,4.449190534629228,CPG,SSPG,0.13511853122033418,0.3001982539695704,0.20067780774612606,-1.5704629197305868,4,-1.3066598474170075,995.2,1.6,18.0
0.17191505343219082,0.3168213348218517,U8,MN8014,10.01000968233184,4.448755407511422,CPG,SSPG,0.13511767110182094,0.3001956408647239,0.2006789552492464,-1.5704714732937384,3,-1.3066533445529043,995.2,1.6,18.0
0.17191393747957412,0.3168237746061528,U8,MN8014,10.009869710792007,4.449072829074293,CPG,SSPG,0.1351171199148079,0.30019580567157444,0.2006796849263974,-1.5704619630615395,2,-1.3066604700452586,995.2,1.6,18.0
0.1719120347054693,0.3168294437042617,U8,MN8014,10.010129411491398,4.449060698573376,CPG,SSPG,0.13511473687436998,0.30019478023072255,0.20068243114039003,-1.570469865380271,3,-1.3066610141889363,995.2,1.6,18.0
0.17191267169800795,0.316816306920886,U8,MN8014,10.010339808387444,4.448734662502292,CPG,SSPG,0.1351137373933562,0.3001946963103718,0.20068051326753245,-1.570455309475502,6,-1.3066557252851876,995.2,1.6,18.0
0.17191397224605554,0.3168070175492983,U8,MN8014,10.010907759761434,4.44942055243766,CPG,SSPG,0.13510240551059016,0.3001960238270226,0.20068339395985116,-1.5704519269372972,4,-1.3067096042291713,995.2,1.6,18.0
0.1719150406640456,0.3168053568186322,U8,MN8014,10.011160511257245,4.449430954142849,CPG,SSPG,0.13509040036715556,0.30019602617989954,0.20068387372175292,-1.5704557070084897,0,-1.3066812885010695,995.2,1.6,18.0
0.17191508633954328,0.31681972952086557,U8,MN8014,10.010878246787117,4.449433911106941,CPG,SSPG,0.13511092687376358,0.3001943497512479,0.20068447253195493,-1.5704536047070028,5,-1.3067294788943267,995.2,1.6,18.0
0.17191372765177157,0.3168196340759707,U8,MN8014,10.0110813725843,4.449287360328805,CPG,SSPG,0.1351053806166944,0.3001941871438861,0.20068612342498277,-1.5704517236797189,7,-1.3067112645074523,995.2,1.6,18.0
0.17191535215419423,0.3168229647760122,U8,MN8014,10.011229403753532,4.449782659491047,CPG,SSPG,0.13510090872950403,0.30019472578966533,0.2006882668930854,-1.570458198039898,6,-1.3067665386218126,995.2,1.6,18.0
0.17191500606130136,0.31679572763207703,U8,MN8014,10.011520486373659,4.449424801994388,CPG,SSPG,0.13508675945248172,0.3001969652841972,0.20068532711672396,-1.5704537918750288,1,-1.3067274217072002,995.2,1.6,18.0
0.17191451985606673,0.3168172556556578,U8,MN8014,10.01104454066504,4.449684818516017,CPG,SSPG,0.13510785235830985,0.30019589723304824,0.20068665470483527,-1.5704530711404745,4,-1.3067286203019357,995.2,1.6,18.0
0.17191328759048397,0.3168062920489562,U8,MN8014,10.011374888363783,4.449721293070712,CPG,SSPG,0.13509499842143569,0.3001965745731065,0.20068748926917476,-1.5704526930998137,5,-1.3067403536264965,995.2,1.6,18.0
0.171913465613912,0.31681226135736784,U8,MN8014,10.011399153008174,4.449742293402719,CPG,SSPG,0.13509977608545282,0.3001973029909976,0.20068939410133402,-1.570463008963717,4,-1.3067409071555032,995.2,1.6,18.0
0.17191732073182106,0.31681135860963505,U8,MN8014,10.011728538113818,4.449713609065762,CPG,SSPG,0.13510136815877985,0.3001950429103775,0.20068814335446145,-1.5704521388720725,1,-1.3067643801577784,995.2,1.6,18.0
0.1719171529405445,0.3168009916659885,U8,MN8014,10.012012650613897,4.44981791423334,CPG,SSPG,0.13508719303020822,0.30019649392539494,0.20068886976897704,-1.5704518606454603,2,-1.3067546712984255,995.2,1.6,18.0
0.17191832306708987,0.3167944755082093,U8,MN8014,10.012527651964987,4.449655360230239,CPG,SSPG,0.13508200233468998,0.3001956560938272,0.20068963629971806,-1.5704519629002136,0,-1.306779419337638,995.2,1.6,18.0
0.17191661077345446,0.31680697571726785,U8,MN8014,10.012090870429091,4.449849961232242,CPG,SSPG,0.13508411702649264,0.30019521218423456,0.20069038180414217,-1.5704518219652543,1,-1.3067874066808756,995.2,1.6,18.0
0.1719146054874779,0.3168198051345189,U8,MN8014,10.012101870413552,4.449492968932822,CPG,SSPG,0.1350932000138655,0.3001935980618181,0.20069282211889544,-1.5704546754951858,3,-1.3067837812053407,995.2,1.6,18.0
0.17191996904793694,0.3168159196898425,U8,MN8014,10.012532725728866,4.44962855611003,CPG,SSPG,0.13508577499295135,0.3001916439835098,0.20069066341668323,-1.5704655500219027,4,-1.3068192968069203,995.2,1.6,18.0
0.17191932927686668,0.31680552265015394,U8,MN8014,10.012728160828484,4.449506992210645,CPG,SSPG,0.135070139353187,0.30019333697107276,0.20069109498253251,-1.570469976847081,0,-1.3068063336826157,995.2,1.6,18.0
0.17192063876675368,0.31679638928137027,U8,MN8014,10.013523897497244,4.449807755010303,CPG,SSPG,0.13506005990449188,0.3001904374080144,0.20069153208712703,-1.5704580041133627,2,-1.3068437241829907,995.2,1.6,18.0
0.17192207108930402,0.3167899878603956,U8,MN8014,10.013965866742515,4.449705298493516,CPG,SSPG,0.13505274637293863,0.30018965651435187,0.20069166481605258,-1.570458885829176,7,-1.3068572412225814,995.2,1.6,18.0
0.1719279902413055,0.31679592593956524,U8,MN8014,10.014721887473371,4.44965500166786,CPG,SSPG,0.13504437787896106,0.30018794084461226,0.20069454959993144,-1.5704688063751244,0,-1.3069152470720136,995.2,1.6,18.0
0.17192406997063006,0.31680480786854576,U8,MN8014,10.01498424533116,4.449595272649909,CPG,SSPG,0.13505097959673903,0.30018740524211046,0.20069981338160334,-1.5704566327686953,5,-1.3069048317313277,995.2,1.6,18.0
0.17192766231464668,0.31679642936585245,U8,MN8014,10.014611949449925,4.44932403002545,CPG,SSPG,0.1350482203011355,0.3001860073085389,0.20069167130223511,-1.5704533602349773,4,-1.3068298450982914,995.2,1.6,18.0
0.1719244765698961,0.31681430128773164,U8,MN8014,10.014203363829274,4.449187301250403,CPG,SSPG,0.13507583203175008,0.30018574504487355,0.2006945618387655,-1.5704619557344264,4,-1.3068758832943281,995.2,1.6,18.0
0.17193269841761274,0.31679130182972554,U8,MN8014,10.015645092125885,4.449648546093473,CPG,SSPG,0.13503766532075445,0.3001836101889397,0.2006937648453819,-1.5704640450557275,6,-1.3069357138866957,995.2,1.6,18.0
0.1719300490962971,0.31677530204995047,U8,MN8014,10.014693136066814,4.449839600794038,CPG,SSPG,0.13502663490450575,0.30018599176791994,0.20068711412506296,-1.5704551393928172,3,-1.306921198459107,995.2,1.6,18.0
0.17192966193242334,0.31679561150635505,U8,MN8014,10.015632799348158,4.4494676810991125,CPG,SSPG,0.1350395283241623,0.3001817156576677,0.20069462766518567,-1.5704564113719264,6,-1.3069494133036557,995.2,1.6,18.0
0.1719339142304064,0.316802549871344,U8,MN8014,10.015533661754063,4.449184129635429,CPG,SSPG,0.13504573033602799,0.3001811594669417,0.200692811560556,-1.5704694367601475,5,-1.3069319803538688,995.2,1.6,18.0
0.17193357326508715,0.3168293716522075,U8,MN8014,10.015783602953457,4.448239738511863,CPG,SSPG,0.13507039822802452,0.30017741506564344,0.20069635828950078,-1.5704903102391745,5,-1.306887603372684,995.2,1.6,18.0
0.1719301631051898,0.3168288921223768,U8,MN8014,10.017045801571413,4.448966748661934,CPG,SSPG,0.13503991005222876,0.30017690337230435,0.20070797308561872,-1.5704859291190962,2,-1.3061811831749761,995.3,1.6,18.0
0.17192543925052015,0.316839770077095,U8,MN8014,10.016071125489956,4.449434851668642,CPG,SSPG,0.13503686790609676,0.300180632490664,0.20070928233573,-1.5704938746863983,6,-1.3070210812768108,995.2,1.6,18.0
0.17192823559912396,0.31683997186301294,U8,MN8014,10.016047390788025,4.449830966015753,CPG,SSPG,0.13504322305254268,0.3001821158314836,0.20070985109267953,-1.5704872253183662,0,-1.3070481037760562,995.2,1.6,18.0
0.17192630169883202,0.31684479030247964,U8,MN8014,10.016284172993828,4.449214522016793,CPG,SSPG,0.13502984232125903,0.3001803166247954,0.20071190742848957,-1.5704953733856002,7,-1.3070609502365178,995.2,1.6,18.0
0.17193576389401644,0.31685710159299874,U8,MN8014,10.016561054930598,4.449076966808028,CPG,SSPG,0.1350522367966442,0.30017621356692914,0.20070786740318927,-1.5705064711725392,2,-1.307024745524509,995.2,1.6,18.0
0.17194075462633493,0.31687544459776235,U8,MN8014,10.01656822549041,4.448914985218362,CPG,SSPG,0.13505820721481415,0.3001731615487991,0.20070736122732244,-1.5705179790961865,0,-1.3070338017424366,995.2,1.6,18.0
0.17193538812328812,0.316886469423763,U8,MN8014,10.017990968231466,4.448573703338729,CPG,SSPG,0.13505079657998476,0.30016780934396536,0.2007172970358368,-1.570509825680279,4,-1.3070694496624613,995.2,1.6,18.0
0.17193384965533307,0.3168890930583268,U8,MN8014,10.01742834461916,4.448169050621926,CPG,SSPG,0.1350640235435865,0.30016991007084004,0.20071723591728888,-1.5705056154426107,1,-1.307089942706913,995.2,1.6,18.0
0.17193172040877547,0.31688427773758415,U8,MN8014,10.017832671979193,4.447987009333788,CPG,SSPG,0.13504745634065735,0.30016687536982295,0.2007169795842379,-1.5705037530279882,3,-1.307094463774554,995.2,1.6,18.0
0.17192759269413627,0.3169014959533391,U8,MN8014,10.017269825468016,4.4487050630028415,CPG,SSPG,0.13503799179879988,0.30016709620698545,0.20072052227938572,-1.570495627848049,2,-1.3071265810283235,995.2,1.6,18.0
0.17192556381184776,0.3168608027438176,U8,MN8014,10.018322845471609,4.448844208706927,CPG,SSPG,0.1350054905903381,0.30016987339545814,0.2007222950551189,-1.5704675153020453,3,-1.3071677295118764,995.2,1.6,18.0
0.17192035127292907,0.31687932081132897,U8,MN8014,10.018455164892597,4.449692373162108,CPG,SSPG,0.13499886081385798,0.3001679910275442,0.2007288568763151,-1.5704569890900664,3,-1.3071722396708774,995.2,1.6,18.0
0.17192916647537534,0.31687449540174495,U8,MN8014,10.018786263160383,4.449810210697704,CPG,SSPG,0.13499747233221593,0.3001700098379307,0.20072800044086733,-1.5704806556381363,5,-1.3072449421418346,995.2,1.6,18.0
0.1719313232316439,0.316845506370881,U8,MN8014,10.019757421321042,4.449218583446577,CPG,SSPG,0.13498668159216234,0.3001711416061013,0.20072640168795916,-1.5704953240521238,2,-1.307223275463147,995.2,1.6,18.0
0.17193914555060588,0.31689692875969966,U8,MN8014,10.020179777229151,4.448532831148782,CPG,SSPG,0.1350210485157294,0.30016306217428573,0.20073046065773484,-1.5705190788876702,6,-1.3072464902417913,995.2,1.6,18.0
0.17193342595319774,0.31688360035516666,U8,MN8014,10.02058768096859,4.449580331315051,CPG,SSPG,0.1349840186134249,0.30016282948362194,0.20073469728583845,-1.5704915865972342,2,-1.3073700790877103,995.2,1.6,18.0
0.17194030102875382,0.3168768283345608,U8,MN8014,10.019991274554922,4.449508456619787,CPG,SSPG,0.13500671264661582,0.3001637309619719,0.2007245051019423,-1.570505545243646,6,-1.307226201499203,995.2,1.6,18.0
0.17194151910306696,0.3168743635377653,U8,MN8014,10.020670067977496,4.449629614002625,CPG,SSPG,0.13499860391950055,0.3001636780219872,0.2007287680505514,-1.5705000946506926,5,-1.3072865357938372,995.2,1.6,18.0
0.17193796660298818,0.31689256264074755,U8,MN8014,10.021493222154955,4.4485104123215455,CPG,SSPG,0.13499792903376656,0.3001581009131914,0.20073459110891323,-1.5704992531240383,5,-1.3072650043813416,995.2,1.6,18.0
0.17194262423161322,0.316895533215344,U8,MN8014,10.021459662053438,4.448907985589219,CPG,SSPG,0.134988554890202,0.3001583220078179,0.20073334776934337,-1.5705146922842248,5,-1.3072873323907448,995.2,1.6,18.0
0.17194833004892696,0.316893144449348,U8,MN8014,10.022262882651328,4.449646143321186,CPG,SSPG,0.13498242693217033,0.300158101610633,0.20073582814323324,-1.5705162410484759,4,-1.307334024262449,995.2,1.6,18.0
0.17194828422589964,0.31685361628404474,U8,MN8014,10.022702305839601,4.448813416981785,CPG,SSPG,0.13497081470432082,0.30015817458683713,0.2007294786100479,-1.570509256296504,2,-1.3073610431681342,995.2,1.6,18.0
0.1719472020735419,0.3168754090590762,U8,MN8014,10.022215615850229,4.449091984961269,CPG,SSPG,0.13497795585223343,0.3001561777364476,0.20073053336259972,-1.5705127027679215,4,-1.307386577970174,995.2,1.6,18.0
0.17193408633633792,0.316850027210667,U8,MN8014,10.022588377986352,4.449355559064385,CPG,SSPG,0.13494196118756085,0.3001596010349576,0.20073729809947302,-1.5704652487069537,2,-1.3074038235431367,995.2,1.6,18.0
0.17194010000325965,0.3168832077822371,U8,MN8014,10.022171576154399,4.449202814319037,CPG,SSPG,0.1349680398340656,0.3001568066392957,0.20073681824403386,-1.5704900344453894,7,-1.3074064552822202,995.2,1.6,18.0
0.17194127932613276,0.31690278464251753,U8,MN8014,10.022151203562487,4.449673670914602,CPG,SSPG,0.1349848668280077,0.30015517327790153,0.20074030903166323,-1.5704821306256653,6,-1.307466813098256,995.2,1.6,18.0
0.17194169462193412,0.31690538603549223,U8,MN8014,10.022698422236434,4.449231763102769,CPG,SSPG,0.13495998530051803,0.3001525163285726,0.20074200030897524,-1.5704976905040458,4,-1.3074952822037815,995.2,1.6,18.0
0.17194674498484844,0.31690886047386424,U8,MN8014,10.022721407912695,4.449354419923991,CPG,SSPG,0.13497522529339218,0.30015363267785705,0.20074135421695943,-1.5705092769295315,7,-1.3074902507793311,995.2,1.6,18.0
0.17194069386472374,0.3169182873218434,U8,MN8014,10.022836171148256,4.448866068287075,CPG,SSPG,0.13496558235514156,0.30015080492976215,0.20074472491538736,-1.570494069632551,2,-1.307473009442214,995.2,1.6,18.0
0.17193231562851355,0.31694477364558127,U8,MN8014,10.023020302648813,4.449171097399717,CPG,SSPG,0.1349816267951602,0.3001493955553223,0.20075598748499707,-1.5704712901847453,6,-1.3075337755872374,995.2,1.6,18.0
0.17192803983205696,0.31695023500692165,U8,MN8014,10.02203634550498,4.449445633192203,CPG,SSPG,0.13499072604514228,0.30014937141942744,0.2007521811467095,-1.5704625955804845,2,-1.3074590458354463,995.2,1.6,18.0
0.17193672681494393,0.3169564677821345,U8,MN8014,10.022967913785157,4.449461260138968,CPG,SSPG,0.1349837197210672,0.30014494948650766,0.20075242330862458,-1.5704724175911158,1,-1.3075345342148657,995.2,1.6,18.0
0.1719346597954721,0.3169659189646514,U8,MN8014,10.023591236979208,4.449734477257433,CPG,SSPG,0.13497508433293293,0.30014606691173173,0.20076165082517392,-1.570474638097263,5,-1.307605743087458,995.2,1.6,18.0
0.1719355763510102,0.31697730570064214,U8,MN8014,10.023145803747617,4.449710639456028,CPG,SSPG,0.13499414707706514,0.30014334193139675,0.20075858385057133,-1.5704666269043177,4,-1.3075972877793083,995.2,1.6,18.0
0.1719404787603204,0.31696605896941143,U8,MN8014,10.022398594677368,4.4491641774557955,CPG,SSPG,0.13499241640698784,0.3001460674863026,0.2007507690156151,-1.5704860501908113,7,-1.3075738100015624,995.2,1.6,18.0
0.171942132879855,0.3169637443298605,U8,MN8014,10.023708569412703,4.449102941222271,CPG,SSPG,0.13497807897846323,0.30014244787549904,0.20075500798129461,-1.570489632486934,5,-1.3076264713013188,995.2,1.6,18.0
0.1719427972254572,0.3169973417253975,U8,MN8014,10.024337180398735,4.449375311269751,CPG,SSPG,0.1349828320517427,0.30013885288865044,0.2007646834899841,-1.570494547371784,2,-1.307716854410926,995.2,1.6,18.0
0.17194787534171477,0.31700219768862026,U8,MN8014,10.02490675380913,4.449569998643616,CPG,SSPG,0.13496119623758257,0.3001383343122337,0.2007667073278764,-1.5705233382189743,1,-1.307748947534738,995.2,1.6,18.0
0.17194584667764332,0.3169896406103633,U8,MN8014,10.024460823720082,4.4491741719284486,CPG,SSPG,0.1349586862202163,0.30013767033147487,0.20076194242319598,-1.570500389752502,5,-1.3077642109618601,995.2,1.6,18.0
0.17194490640692175,0.3170144782577856,U8,MN8014,10.0246846061998,4.449332617600032,CPG,SSPG,0.13497385082106556,0.30013523622636534,0.2007674201323205,-1.5704959302491002,3,-1.3077470737266417,995.2,1.6,18.0
0.1719525675682558,0.31703912240635024,U8,MN8014,10.02532645232201,4.449062784286374,CPG,SSPG,0.1349930016140165,0.3001305319589549,0.20077096905176245,-1.5705012038487252,2,-1.3078539444784854,995.2,1.6,18.0
0.17194656774696976,0.31703468223547926,U8,MN8014,10.025602589554012,4.449419998451658,CPG,SSPG,0.13499641481231034,0.3001307732722203,0.20077409578032024,-1.570485972509999,0,-1.3078113758152696,995.2,1.6,18.0
0.17195292453153804,0.31704523675477353,U8,MN8014,10.025987741690646,4.449866953504895,CPG,SSPG,0.13499482684348196,0.3001288223909892,0.2007759383204093,-1.570481901664976,5,-1.307899050050679,995.2,1.6,18.0
0.17195231000359013,0.317007285600727,U8,MN8014,10.02738245110167,4.448745463605444,CPG,SSPG,0.13494373759963485,0.3001273915453543,0.20077464584241456,-1.5704857609209975,6,-1.3078947796421527,995.2,1.6,18.0
0.17195669673818448,0.31702992432192767,U8,MN8014,10.028228019433485,4.448923919216137,CPG,SSPG,0.13494787310656675,0.30012363727768593,0.20078170558968034,-1.5704764566482858,1,-1.3079856384918926,995.2,1.6,18.0
0.1719538756455032,0.3169996556308893,U8,MN8014,10.029404811432316,4.449412565953285,CPG,SSPG,0.13491863905488966,0.3001247932207968,0.20078531163580202,-1.5704544777684795,7,-1.308032321882564,995.2,1.6,18.0
0.17196648251346378,0.3170379910701167,U8,MN8014,10.029209623644686,4.448575031508185,CPG,SSPG,0.13494768842629545,0.30011856481241894,0.20077970624865876,-1.5705046688507616,1,-1.307943544142546,995.2,1.6,18.0
0.17194498228411362,0.31701129587170807,U8,MN8014,10.029944288012587,4.449251440620981,CPG,SSPG,0.13490046117882842,0.300119225911976,0.2007915872858936,-1.5704142223338253,0,-1.3080169042771121,995.2,1.6,18.0
0.17195507761498477,0.31703198391328324,U8,MN8014,10.03067824715456,4.449041517891262,CPG,SSPG,0.13490485888938333,0.3001161992007935,0.20079368564078387,-1.5704440229581353,5,-1.3080491632588753,995.2,1.6,18.0
0.17195273506710246,0.3170334880748179,U8,MN8014,10.032199139301486,4.4491308096264826,CPG,SSPG,0.13486798088810387,0.3001138335188948,0.200804475170563,-1.5704443853715644,4,-1.30816687633952,995.2,1.6,18.0
0.17196739664749944,0.3170180086413562,U8,MN8014,10.032157893275397,4.44900105746855,CPG,SSPG,0.13489125777291877,0.300116820343623,0.20079666979649483,-1.5704606276957238,7,-1.3082132791899426,995.2,1.6,18.0
0.17197421802101448,0.31703217828424113,U8,MN8014,10.033815842307444,4.449462136198434,CPG,SSPG,0.13486280903104214,0.3001113131483735,0.20080442299752518,-1.5704621523041715,3,-1.3083245535162238,995.2,1.6,18.0
0.1719729302942518,0.317084417107994,U8,MN8014,10.035655117594047,4.448671572357743,CPG,SSPG,0.13488716411993168,0.300102297020566,0.2008222032880188,-1.57045079091767,5,-1.3084017131645052,995.2,1.6,18.0
0.17196830624784407,0.31700501949731624,U8,MN8014,10.035050334489236,4.449109043299784,CPG,SSPG,0.13486287881869333,0.30011203485519156,0.20080917021470923,-1.570435693560272,2,-1.3083253002585167,995.2,1.6,18.0
0.1719511440680473,0.3170352796921994,U8,MN8014,10.0366736522958,4.448520644881486,CPG,SSPG,0.13483392951761855,0.3001061744596804,0.20083115112543792,-1.5703869556429249,7,-1.3083430196784471,995.2,1.6,18.0
0.1719707969338239,0.3170366786057056,U8,MN8014,10.038654520193145,4.448810479762675,CPG,SSPG,0.13482161590129454,0.30010261987741926,0.20083297341147724,-1.5704120999831566,6,-1.308457090267039,995.2,1.6,18.0
0.17198643497378446,0.3170836792274159,U8,MN8014,10.042318541017693,4.4480864263543145,CPG,SSPG,0.13479892842088856,0.3000920544383134,0.20085153764104635,-1.5704551889296146,6,-1.3085342527294568,995.2,1.6,18.0
0.17198419345874466,0.3170123519385356,U8,MN8014,10.043077400407764,4.448898327311172,CPG,SSPG,0.13474856007332392,0.30009349994559853,0.20084261580057078,-1.570396158938711,5,-1.308505252249624,995.2,1.6,18.0
0.17198931665349604,0.3169642528802794,U8,MN8014,10.048950557194875,4.448586309009735,CPG,SSPG,0.13470090715806177,0.300085955992928,0.20086253498926918,-1.5703371854692583,4,-1.3086592885198947,995.2,1.6,18.0
0.17202173686807262,0.31706969875557733,U8,MN8014,10.0490174135991,4.449085212842235,CPG,SSPG,0.13472716618456437,0.3000792668230417,0.20086746293935273,-1.5704865270092745,0,-1.308802005392086,995.2,1.6,18.0
0.17201266650990604,0.3170849064572549,U8,MN8014,10.04970000154193,4.449464488194439,CPG,SSPG,0.13473216357296053,0.30007733101726275,0.20088041557613226,-1.5704488090862123,5,-1.3089822291925115,995.2,1.6,18.0
0.1719882152010821,0.3170667884045713,U8,MN8014,10.047590592720852,4.449235955211002,CPG,SSPG,0.13468088837768222,0.3000778198585645,0.2008743312533242,-1.5703977763570784,0,-1.3089131291759735,995.2,1.6,18.0
0.17200586333218834,0.3170180189405268,U8,MN8014,10.04973082362475,4.448604760452799,CPG,SSPG,0.13468918510394273,0.3000819055989637,0.2008705769477443,-1.5704415540795231,1,-1.3089033023846328,995.2,1.6,18.0
0.1719835456547022,0.3170662318731774,U8,MN8014,10.049461047010375,4.448312923628897,CPG,SSPG,0.13467568050823292,0.3000786118076325,0.20089059995878142,-1.5703892115831741,3,-1.309029058867008,995.2,1.6,18.0
0.1720117547315183,0.31705150185334885,U8,MN8014,10.048483550386464,4.446065618494521,CPG,SSPG,0.13470159986332852,0.30007707305267717,0.2008586729893708,-1.5704676871838732,0,-1.3085022937687683,995.2,1.6,18.0
0.171988318433758,0.3170579250750661,U8,MN8014,10.04615110801933,4.4465576429323255,CPG,SSPG,0.13468473009403664,0.3000848777481766,0.2008647358421816,-1.5704595409585025,0,-1.3086492472599156,995.2,1.6,18.0
0.17198776761060397,0.3169880463525499,U8,MN8014,10.049329014891715,4.445912604676646,CPG,SSPG,0.13464105352424166,0.3000859446720609,0.2008729367140132,-1.5704174305377507,6,-1.3088666303491339,995.2,1.6,18.0
0.17198843681009124,0.31707677606702556,U8,MN8014,10.048009909882872,4.446965107760771,CPG,SSPG,0.13468035266572187,0.3000837113269999,0.20088563277042754,-1.5704374596458468,6,-1.3090333051533483,995.2,1.6,18.0
0.17199088422000997,0.31704692364795883,U8,MN8014,10.047620584827644,4.44647616334114,CPG,SSPG,0.13466409643613764,0.3000863083831115,0.20087575959873058,-1.5704643783516763,3,-1.3089767087038293,995.2,1.6,18.0
0.17197987150624758,0.31708589634173684,U8,MN8014,10.047791190829823,4.446010396435942,CPG,SSPG,0.13471486329922672,0.30008584084648215,0.20089061661165386,-1.5704215410919604,3,-1.3089008005580016,995.2,1.6,18.0
0.1719695819373758,0.3170051416060095,U8,MN8014,10.048526749594448,4.447033490643568,CPG,SSPG,0.13464874262480322,0.3000890898264144,0.2008867706514201,-1.57030797732146,6,-1.3088981441440604,995.2,1.6,18.0
0.17196739561474642,0.31705888431009016,U8,MN8014,10.049219722833067,4.447227532475309,CPG,SSPG,0.13466871870896113,0.3000825084882734,0.2008987052169736,-1.570331547703162,4,-1.3089209515542235,995.2,1.6,18.0
0.1719708837335192,0.31699875040298275,U8,MN8014,10.04611331612536,4.445891546856502,CPG,SSPG,0.1346888508620679,0.3000940229737985,0.20086707420679442,-1.5703875737226687,4,-1.3085946697324768,995.2,1.6,18.0
0.171977082794035,0.3170537035432008,U8,MN8014,10.047948281468999,4.444520891058907,CPG,SSPG,0.13467931440806385,0.30008410500608157,0.20088169624284438,-1.570395357956889,3,-1.308671449885952,995.2,1.6,18.0
0.1719557409497272,0.3170117580447184,U8,MN8014,10.047234023193944,4.444950921551783,CPG,SSPG,0.13466582352576587,0.30008690618424344,0.2008772581960689,-1.5703269322165605,3,-1.3083943510632388,995.2,1.6,18.0
0.17198246801552108,0.3170069431727541,U8,MN8014,10.04984704470991,4.445625433506749,CPG,SSPG,0.1346703347097049,0.3000822944383689,0.20087903237140287,-1.5703516659709371,7,-1.308676151639749,995.2,1.6,18.0
0.17199512294463487,0.3170132830296384,U8,MN8014,10.048392137084804,4.444950831585684,CPG,SSPG,0.13469988272884192,0.3000893506633556,0.20087153991521955,-1.5704259409032724,1,-1.3087723402585327,995.2,1.6,18.0
0.1719737322835223,0.31703766788124443,U8,MN8014,10.047863776884885,4.4446163591027394,CPG,SSPG,0.13468871079812783,0.3000877818396834,0.200883213278468,-1.5703809446411012,6,-1.3087472386115877,995.2,1.6,18.0
0.17196547568572396,0.31708020853464314,U8,MN8014,10.048043734285105,4.445068896401135,CPG,SSPG,0.13469798229214702,0.30008646583882687,0.20089917971927918,-1.5703584019009202,3,-1.3088283527725801,995.2,1.6,18.0
0.17196436502653967,0.3171141635143645,U8,MN8014,10.048521486392561,4.4448116250428695,CPG,SSPG,0.13471149035511232,0.3000814544842349,0.2009062380128966,-1.5703606599214546,4,-1.3088293617883204,995.2,1.6,18.0
0.17198371411748659,0.31721251608046735,U8,MN8014,10.049339740934464,4.443798298122013,CPG,SSPG,0.13472907184080796,0.30007380613454004,0.2009189880170022,-1.5704633084155653,4,-1.3089593850095236,995.2,1.6,18.0
0.17197808031976203,0.3171371156110799,U8,MN8014,10.04732623722084,4.445059178787357,CPG,SSPG,0.13471259465427776,0.30007972841881386,0.2008950967968662,-1.570430593350361,0,-1.308848745005042,995.2,1.6,18.0
0.17198882603881346,0.3171709290124793,U8,MN8014,10.047867727186478,4.443668934551285,CPG,SSPG,0.1347314133403767,0.30007869916530105,0.20090083824086233,-1.5704817244685985,0,-1.3089248594366651,995.2,1.6,18.0
0.171994317966163,0.31723849214374006,U8,MN8014,10.049197369042762,4.443686176127701,CPG,SSPG,0.1347185462198758,0.30007036758958133,0.20091828588995497,-1.5704800112208956,2,-1.309084662096618,995.2,1.6,18.0
0.17200093592753107,0.31722740643652636,U8,MN8014,10.04893813046576,4.443394149127176,CPG,SSPG,0.13474865094012373,0.30007387946829733,0.2009147514468051,-1.5704904932063541,0,-1.3091654036836866,995.2,1.6,18.0
0.17200337709229796,0.3172073916969312,U8,MN8014,10.04838315057109,4.4448461663776495,CPG,SSPG,0.13475354107719356,0.3000747977271898,0.20090525334156684,-1.5704793229372815,5,-1.3090819881120384,995.2,1.6,18.0
0.17199043735413921,0.31718951259300887,U8,MN8014,10.04689998901889,4.444951248033726,CPG,SSPG,0.13475751689891918,0.3000787235062688,0.20090114799235215,-1.5704399268191498,7,-1.3090403102372559,995.2,1.6,18.0
0.17199093290820955,0.3172216039925735,U8,MN8014,10.047732691153623,4.445075500315749,CPG,SSPG,0.1347353151697141,0.30007404049308667,0.2009114686848713,-1.5704342605176902,2,-1.3091228083242656,995.2,1.6,18.0
0.1720048855035992,0.31726072715178144,U8,MN8014,10.048168334032257,4.444012112453678,CPG,SSPG,0.1347463219802127,0.30007257413765637,0.20091565024588925,-1.570505764733881,4,-1.3092108827985838,995.2,1.6,18.0
0.17198975187481666,0.3172322901887068,U8,MN8014,10.046386612666888,4.445579230485278,CPG,SSPG,0.13474614208731678,0.3000770994002931,0.20090727328078853,-1.5704640998819814,3,-1.3090625474245998,995.2,1.6,18.0
0.1720003926391213,0.3172728815493279,U8,MN8014,10.047960978578175,4.445326771514141,CPG,SSPG,0.13475252944319763,0.3000719506687029,0.20091827802388296,-1.5705042426790043,4,-1.3092005091125856,995.2,1.6,18.0
0.17198749323884102,0.31724319899396136,U8,MN8014,10.048227484301396,4.446151616817343,CPG,SSPG,0.1347161118904464,0.30007311213606236,0.2009219452125646,-1.5704378797536591,2,-1.3092295064669157,995.2,1.6,18.0
0.17199188344534452,0.317252006233287,U8,MN8014,10.047102901004859,4.44645656925302,CPG,SSPG,0.13471759809221584,0.3000753947247608,0.20091722600862724,-1.5704756486721987,0,-1.309296901416622,995.2,1.6,18.0
0.17200106414080987,0.3172990807001276,U8,MN8014,10.049436638113413,4.444996231015195,CPG,SSPG,0.13471819363109777,0.3000678488893676,0.2009317651566805,-1.5705061125810431,3,-1.3093198612119874,995.2,1.6,18.0
0.17198908974384086,0.3172457148337945,U8,MN8014,10.049405157287328,4.444871554544841,CPG,SSPG,0.1346890886141423,0.3000726594269359,0.200928955311062,-1.5704681648568026,0,-1.3092761793201113,995.2,1.6,18.0
0.17200470664140244,0.31732308674105164,U8,MN8014,10.049363889120894,4.445200495472385,CPG,SSPG,0.13474563437655437,0.30006649153474635,0.2009340993634721,-1.5705032324848738,5,-1.3093153252554206,995.2,1.6,18.0
0.1720179876679037,0.3172693321889305,U8,MN8014,10.049658253303612,4.445305167931724,CPG,SSPG,0.13474133663800408,0.3000692548789694,0.2009175568509287,-1.5705324520611148,2,-1.3092099115698206,995.2,1.6,18.0
0.17199807660917546,0.31729478275326156,U8,MN8014,10.049083298769656,4.445433650801716,CPG,SSPG,0.1347260565977031,0.30006946377757815,0.2009317481323306,-1.570492827191632,4,-1.309336639689131,995.2,1.6,18.0
0.17200766448009558,0.3172644308296736,U8,MN8014,10.04957455264698,4.445364687155674,CPG,SSPG,0.1347463156338063,0.3000714583293241,0.20092340812693427,-1.5705049483977505,2,-1.3092603566001264,995.2,1.6,18.0
0.1720025466780622,0.31725463064545323,U8,MN8014,10.049450047994348,4.445839380280058,CPG,SSPG,0.13472758460290865,0.30007161318361586,0.20092376729069025,-1.570485174737486,3,-1.3092994176785338,995.2,1.6,18.0
0.17199274219551627,0.3172596557745956,U8,MN8014,10.049573509532937,4.445282438794915,CPG,SSPG,0.13472269928368172,0.30007062263958756,0.2009300140578942,-1.5704642052144122,2,-1.309322614482718,995.2,1.6,18.0
0.17200345161564357,0.3172893176174933,U8,MN8014,10.049779554338922,4.4455559018490405,CPG,SSPG,0.1347279991279831,0.3000679760584805,0.20093110262779149,-1.5704962749051348,4,-1.3093624120816836,995.2,1.6,18.0
0.17200621415119396,0.3172945363189037,U8,MN8014,10.048526711449709,4.445786615189935,CPG,SSPG,0.13474706655559937,0.30007116698060027,0.2009262543620033,-1.5705153743506524,7,-1.309402235244879,995.2,1.6,18.0
0.1720093376178345,0.31726427490333314,U8,MN8014,10.049946706739991,4.446235087899179,CPG,SSPG,0.13473833332711016,0.30007104728321377,0.2009269691632982,-1.570497411635685,0,-1.3094331225585973,995.2,1.6,18.0
0.17200188897412522,0.3172949219058754,U8,MN8014,10.04760566885783,4.446352535832357,CPG,SSPG,0.1347726202115671,0.30007308561204726,0.20092386059417236,-1.5704987098898393,4,-1.3093633106517641,995.2,1.6,18.0
0.17199631645398775,0.31727447843634743,U8,MN8014,10.048075771060217,4.446537457194056,CPG,SSPG,0.13474342886509616,0.3000739196489156,0.2009256456852094,-1.5704809390638397,0,-1.309357296308825,995.2,1.6,18.0
0.1720034715112304,0.3172800388810288,U8,MN8014,10.048301465499694,4.44636239354209,CPG,SSPG,0.13476142425089416,0.3000724291784622,0.20092322724870068,-1.570494971351464,3,-1.3093501061791395,995.2,1.6,18.0
0.17201200829165028,0.3172801095673821,U8,MN8014,10.0487340383847,4.447073000449305,CPG,SSPG,0.13475617228569148,0.30007087236154856,0.20092068633080373,-1.5704981124341666,0,-1.3093346872312503,995.2,1.6,18.0
0.17200490372328833,0.3173142526482494,U8,MN8014,10.048892467008644,4.4466617833772455,CPG,SSPG,0.13476072412554546,0.3000682138978862,0.20093164304861347,-1.5704890106680105,5,-1.3094034606131526,995.2,1.6,18.0
0.17200224897893815,0.31726330207433945,U8,MN8014,10.048830912619858,4.446635396090509,CPG,SSPG,0.13473295613276648,0.3000725229214025,0.2009241541985789,-1.5704837752997558,4,-1.309391915284606,995.2,1.6,18.0
0.17200708047726687,0.31728425020492523,U8,MN8014,10.048616051371852,4.447059598419257,CPG,SSPG,0.1347515010614604,0.3000715917231723,0.2009247979724139,-1.57049104694693,3,-1.3094020613831265,995.2,1.6,18.0
0.172011604591977,0.3172832127485089,U8,MN8014,10.049561019483228,4.44735864703472,CPG,SSPG,0.13475360439139034,0.30007100819184335,0.20092854601511648,-1.570489399428775,4,-1.3094535839680885,995.2,1.6,18.0
0.17201136144496873,0.3173029528231402,U8,MN8014,10.049930139910575,4.44688801051654,CPG,SSPG,0.13475001460906705,0.3000687979113863,0.20093343627627258,-1.5705011490750262,0,-1.3094502092246616,995.2,1.6,18.0
0.17200780503681568,0.31730883293814144,U8,MN8014,10.049076905434156,4.446584900644394,CPG,SSPG,0.13475955535105322,0.30007009924032957,0.20093214756838895,-1.5704999939010085,5,-1.309437276777702,995.2,1.6,18.0
0.17200291698759168,0.3173017254247807,U8,MN8014,10.04930761325645,4.446614544066191,CPG,SSPG,0.1347471036941818,0.30006976825173615,0.20093482050504505,-1.5704733819626042,5,-1.3094641902556656,995.2,1.6,18.0
0.17201296512248537,0.3172868716705681,U8,MN8014,10.04948641049961,4.446833407702787,CPG,SSPG,0.13474958335015264,0.30007123024903054,0.20092855968405918,-1.570503108249944,1,-1.30946729908516,995.2,1.6,18.0
0.17200861691978006,0.3172868943683775,U8,MN8014,10.04893066904122,4.446160542563963,CPG,SSPG,0.13475710939586882,0.3000713374249237,0.20092507040946006,-1.5705116722138694,4,-1.3093358725136675,995.2,1.6,18.0
0.17201127842111322,0.31730885340559206,U8,MN8014,10.048919317859273,4.446580219992676,CPG,SSPG,0.1347460895292199,0.3000698068210467,0.20092952377786838,-1.5705182388351178,5,-1.3094661560500338,995.2,1.6,18.0
0.17200505019472817,0.3173106598906816,U8,MN8014,10.04941114907507,4.446101692062311,CPG,SSPG,0.13473990174285383,0.30006885278459816,0.20093572567368834,-1.570496756668878,5,-1.3094900335734296,995.2,1.6,18.0
0.17200713146629373,0.317318932116851,U8,MN8014,10.048986364599426,4.446363340201213,CPG,SSPG,0.13475330246658906,0.3000692326524631,0.2009340148983871,-1.5704981058134917,7,-1.309456396908927,995.2,1.6,18.0
0.17200465837634069,0.31732380776951763,U8,MN8014,10.048843346378884,4.446596191018475,CPG,SSPG,0.1347550472792361,0.30006932710904044,0.20093593301678167,-1.5704950260697346,5,-1.3094908570039872,995.2,1.6,18.0
0.17200979996585708,0.3173184752384975,U8,MN8014,10.049390708702116,4.447025995217231,CPG,SSPG,0.134745035048547,0.30006875684662415,0.20093564886644127,-1.5705002383509807,5,-1.3095241763510606,995.2,1.6,18.0
0.17201189724718813,0.3173186274923732,U8,MN8014,10.049450890059397,4.446679658119081,CPG,SSPG,0.13474845343460376,0.30006920881753674,0.20093539985123804,-1.5705025617207309,7,-1.3095101257307968,995.2,1.6,18.0
0.1720102809244997,0.31730507494141325,U8,MN8014,10.049859638216565,4.446719203198229,CPG,SSPG,0.13473789130226355,0.30006968795459604,0.20093613597590504,-1.570494058120006,3,-1.3095187873849907,995.2,1.6,18.0
0.17201346911752616,0.31732048697245974,U8,MN8014,10.0494278893665,4.446451866700404,CPG,SSPG,0.13474954063389305,0.30006899109287116,0.20093441342493804,-1.5705120023561996,1,-1.309494730376083,995.2,1.6,18.0
0.17201125071447876,0.3173145479264921,U8,MN8014,10.049288293799599,4.446236333393829,CPG,SSPG,0.13474480795237204,0.30006981728518156,0.20093383166473042,-1.570509964586357,1,-1.3094874799267782,995.2,1.6,18.0
0.1720097457787215,0.31731328959682253,U8,MN8014,10.049061180963543,4.446392687610146,CPG,SSPG,0.1347340672258398,0.30006971752423434,0.2009332137072169,-1.570500708659317,7,-1.309497152686462,995.2,1.6,18.0
0.1720086457014741,0.3173198006061717,U8,MN8014,10.049246765746705,4.446228149397319,CPG,SSPG,0.13474032645390394,0.3000694139800641,0.20093562008128124,-1.5705069609266884,7,-1.3094787336642826,995.2,1.6,18.0
0.17200873760940238,0.31731690138887914,U8,MN8014,10.049238011646363,4.446537472317881,CPG,SSPG,0.13474236653646296,0.3000691291332268,0.20093482031048474,-1.5704993015858286,7,-1.3094890593736128,995.2,1.6,18.0
0.17201011899864443,0.3173184281532822,U8,MN8014,10.04954778000966,4.446582817399904,CPG,SSPG,0.13473278376226877,0.30006806759263843,0.2009358335616937,-1.5705005008117525,5,-1.3095051070003905,995.2,1.6,18.0
0.17201130349049487,0.31730827952365337,U8,MN8014,10.049768870920879,4.44669973512783,CPG,SSPG,0.13472546567174348,0.300068316503405,0.20093431964089714,-1.5704957377420863,6,-1.309478469044084,995.2,1.6,18.0
0.17200680389285083,0.3173004804250479,U8,MN8014,10.049395249349091,4.446849848073762,CPG,SSPG,0.1347231459740031,0.30006919732728654,0.20093303763960155,-1.5704851286642676,2,-1.3094735486047169,995.2,1.6,18.0
0.17200814837900286,0.31731324752025974,U8,MN8014,10.04980813219828,4.4467176370650705,CPG,SSPG,0.1347335724115217,0.30006830936085793,0.2009378774202341,-1.5704891507863468,5,-1.3095378311468373,995.2,1.6,18.0
0.17200491269500653,0.3173125228210624,U8,MN8014,10.049136205523478,4.446687625309626,CPG,SSPG,0.13473083353822835,0.30006871741334085,0.20093468395180172,-1.5704853809698456,2,-1.3094728459710208,995.2,1.6,18.0
0.1720066715298603,0.3173175034885795,U8,MN8014,10.049346714947246,4.44732841032965,CPG,SSPG,0.13472955554277796,0.30006769674990696,0.20093613403178331,-1.5704844313936732,1,-1.3095251710973583,995.2,1.6,18.0
0.17200564732378648,0.3173106070369949,U8,MN8014,10.049953315182677,4.447019277120408,CPG,SSPG,0.1347246429438553,0.30006775375573963,0.20093935724470552,-1.5704719673637582,4,-1.309546381259639,995.2,1.6,18.0
0.17200774514941233,0.3173050724234574,U8,MN8014,10.049843146878704,4.44717441870105,CPG,SSPG,0.13472731287489992,0.30006759193128457,0.2009356560323258,-1.5704773778089096,1,-1.3095162763676793,995.2,1.6,18.0
0.1720067551667449,0.31730872629736645,U8,MN8014,10.049867247834948,4.446957785429334,CPG,SSPG,0.13471573785882412,0.3000668783131899,0.2009368375806451,-1.570478751795037,6,-1.3095324178250456,995.2,1.6,18.0
0.17200508747339122,0.31731152449856026,U8,MN8014,10.04961108273864,4.447141282495833,CPG,SSPG,0.13471658008684037,0.30006700462431013,0.20093706944880943,-1.57047033652408,7,-1.3095362009648959,995.2,1.6,18.0
0.17200664098393006,0.3173150717817997,U8,MN8014,10.049893895984795,4.447139424517742,CPG,SSPG,0.1347245325105634,0.3000667295136906,0.20093873019502617,-1.5704698922286022,3,-1.3095419813273557,995.2,1.6,18.0
0.1720096975931935,0.31732476278131905,U8,MN8014,10.049592372866739,4.447225890424053,CPG,SSPG,0.13472928248604343,0.3000661699629393,0.20093675861092822,-1.570492038269317,4,-1.3095432179885753,995.2,1.6,18.0
0.17200792779092525,0.3173160479469471,U8,MN8014,10.049839342144498,4.447202860258039,CPG,SSPG,0.13472292617629758,0.3000659323922448,0.2009371574105943,-1.5704777016196674,7,-1.309545094469347,995.2,1.6,18.0
0.17200824560302175,0.3173045852537857,U8,MN8014,10.049933847642594,4.447252064016782,CPG,SSPG,0.13472259440282952,0.3000669258666515,0.2009359311953117,-1.5704732795578538,4,-1.3095553928961845,995.2,1.6,18.0
0.17201093328051908,0.3173018236491859,U8,MN8014,10.049708866181735,4.447120157500787,CPG,SSPG,0.13471995251206995,0.300067171548213,0.20093244939818963,-1.5704820559294257,2,-1.3095270388887839,995.2,1.6,18.0
0.17201132886152043,0.3173037685982767,U8,MN8014,10.049395531539242,4.447528659440724,CPG,SSPG,0.1347242606529665,0.30006813472621846,0.20093182189171338,-1.57048490525717,2,-1.3095468087425068,995.2,1.6,18.0
0.17201163302186526,0.31731320505215493,U8,MN8014,10.049016774533799,4.447422962819077,CPG,SSPG,0.13473429157000966,0.30006852806300144,0.20093185727318488,-1.570492915349421,6,-1.309556657639459,995.2,1.6,18.0
0.17201126725586513,0.3173054884128312,U8,MN8014,10.04896345941426,4.447367586603481,CPG,SSPG,0.13472708457868143,0.3000691472387082,0.20093025125753403,-1.5704964766651648,4,-1.3095490321222716,995.2,1.6,18.0
0.17201344531189627,0.31730125910881585,U8,MN8014,10.049805238278982,4.4474896908451775,CPG,SSPG,0.1347137417427357,0.30006797539995983,0.20093340648109198,-1.5704844031281928,4,-1.3095884029962042,995.2,1.6,18.0
0.1720104241331961,0.31730687316857475,U8,MN8014,10.04910514482015,4.447525080868586,CPG,SSPG,0.13472051144477917,0.30006882012722375,0.2009320940133569,-1.570492168982982,0,-1.3095795724495964,995.2,1.6,18.0
0.17201321242056378,0.31728786180660534,U8,MN8014,10.04982796898009,4.447472049398224,CPG,SSPG,0.13470326868422722,0.30006866012964795,0.20093073322938418,-1.57049455820724,3,-1.3095852239167005,995.2,1.6,18.0
0.17201112340021996,0.3172895289039813,U8,MN8014,10.04969555332882,4.4473778477802135,CPG,SSPG,0.1347036718717819,0.3000687409173255,0.20093168622993132,-1.570483604488061,3,-1.3095908260361409,995.2,1.6,18.0
0.17201293105658486,0.31729995447189213,U8,MN8014,10.049976513615558,4.447330864282037,CPG,SSPG,0.13469634194768287,0.3000672170628949,0.20093409321394312,-1.5704897588785518,3,-1.309617033910424,995.2,1.6,18.0
0.172016587444152,0.31730554110493436,U8,MN8014,10.04975707729801,4.447332628653228,CPG,SSPG,0.13470201846754742,0.30006764348993575,0.20093255345581454,-1.5705023759735985,4,-1.3096121330106492,995.2,1.6,18.0
0.17201158878251793,0.31731003869101354,U8,MN8014,10.049377440422404,4.447262017034186,CPG,SSPG,0.13470560198718964,0.30006748850874765,0.20093319431118598,-1.5704957951329432,7,-1.3095969670612213,995.2,1.6,18.0
0.17201023063941234,0.31729342517644726,U8,MN8014,10.049607509895235,4.447229362081936,CPG,SSPG,0.13469452777630336,0.3000682459790179,0.20093196108752387,-1.5704890691324656,4,-1.3095861644504563,995.2,1.6,18.0
0.1720084885106328,0.31729310870493205,U8,MN8014,10.049602694182123,4.447244162891307,CPG,SSPG,0.13469710651309486,0.3000681402869087,0.20093300177730783,-1.5704748255666938,3,-1.3095965553367108,995.2,1.6,18.0
0.17201121576198458,0.31729765919620245,U8,MN8014,10.049939130828703,4.447156127425918,CPG,SSPG,0.13468805945870627,0.3000674939182578,0.20093479938948727,-1.5704838070774032,1,-1.309632636536282,995.2,1.6,18.0
0.17201165425234757,0.3173081590407338,U8,MN8014,10.049643726837726,4.447312159468128,CPG,SSPG,0.13469531491680348,0.30006688793504027,0.20093439824796971,-1.5704908731333023,3,-1.3096235670585212,995.2,1.6,18.0
0.17201353281453233,0.31730755998846905,U8,MN8014,10.049969872890877,4.44727815735079,CPG,SSPG,0.1346892022321679,0.3000667101101796,0.2009353840827412,-1.5704958687851966,3,-1.3096339619805875,995.2,1.6,18.0
0.17201309301298684,0.3172940029267852,U8,MN8014,10.049942669536373,4.447316734782495,CPG,SSPG,0.1346988718668975,0.3000678581434048,0.20093262469320405,-1.570491532471359,2,-1.3095995454873757,995.2,1.6,18.0
0.1720134156646331,0.31729988706449896,U8,MN8014,10.04989193278048,4.447600318847053,CPG,SSPG,0.13469698814261316,0.30006737381708526,0.20093351815598023,-1.5704896854095458,4,-1.3096209243357722,995.2,1.6,18.0
0.17201378965026207,0.3173037479323815,U8,MN8014,10.049862444069543,4.447656454157605,CPG,SSPG,0.13471049184332817,0.3000673479596026,0.20093400222100954,-1.5704841870068904,4,-1.3096146903702097,995.2,1.6,18.0
0.1720116472913233,0.31731381285203264,U8,MN8014,10.049746049659626,4.4477759645867865,CPG,SSPG,0.1347094590733634,0.3000664374940616,0.2009360821175973,-1.5704814536237268,4,-1.3096294272683098,995.2,1.6,18.0
0.17201243059831298,0.317311511325716,U8,MN8014,10.049784761314623,4.447458251649784,CPG,SSPG,0.13469937222078598,0.30006670124876345,0.20093569762537783,-1.5704897655180867,2,-1.3096350748369137,995.2,1.6,18.0
0.17201194443094558,0.31731141924618944,U8,MN8014,10.04980699649745,4.447432543586022,CPG,SSPG,0.1347026025920581,0.30006696381633674,0.2009364040200903,-1.5704858163643554,3,-1.3096406882437988,995.2,1.6,18.0
0.17201207858079004,0.3173062770761647,U8,MN8014,10.049813229240414,4.447671861798226,CPG,SSPG,0.1347023059543635,0.3000672485959277,0.2009355284219627,-1.5704800251611784,0,-1.3096410790924438,995.2,1.6,18.0
0.17200937161951377,0.317309874968568,U8,MN8014,10.049840726853432,4.447531424999909,CPG,SSPG,0.1346987620636937,0.30006670512323186,0.2009373486439285,-1.5704748551378782,4,-1.3096345361281436,995.2,1.6,18.0
0.1720118798195626,0.3173165009154306,U8,MN8014,10.049802815609688,4.447684021205776,CPG,SSPG,0.13470170426480793,0.30006653883735057,0.20093720042766067,-1.570489266557839,6,-1.309645240067458,995.2,1.6,18.0
0.1720105631157137,0.3173182749608919,U8,MN8014,10.049819757580346,4.447648895844484,CPG,SSPG,0.13470542687249715,0.30006645957807304,0.2009383807643692,-1.570484741838041,1,-1.309651955031656,995.2,1.6,18.0
0.17201097176608068,0.3173130532467062,U8,MN8014,10.04971876586897,4.447544669383016,CPG,SSPG,0.13470701035553703,0.3000672078016818,0.20093665895707943,-1.57048770017423,5,-1.3096332554570527,995.2,1.6,18.0
0.17201068651320728,0.31731791768559864,U8,MN8014,10.049733166056232,4.447662084020104,CPG,SSPG,0.13470846141530568,0.30006688697581574,0.2009379545938358,-1.5704833422483757,0,-1.3096391204761098,995.2,1.6,18.0
0.1720115410764486,0.31732086013501715,U8,MN8014,10.049692291382799,4.447666577871445,CPG,SSPG,0.13470849749194863,0.3000668597166646,0.20093794415714417,-1.5704903298555868,6,-1.3096469677568283,995.2,1.6,18.0
0.1720115454792141,0.31731602437078976,U8,MN8014,10.049705316998498,4.447385874818226,CPG,SSPG,0.13470433655198677,0.30006701930799695,0.2009369918504612,-1.5704899720922518,0,-1.3096398458943277,995.2,1.6,18.0
0.17201208981266958,0.31732212836185725,U8,MN8014,10.049854835582241,4.447547344785584,CPG,SSPG,0.13470429835128223,0.3000665294104189,0.20093898990172368,-1.5704885429283315,6,-1.30965713377251,995.2,1.6,18.0
0.1720129125153264,0.31732204128833785,U8,MN8014,10.049999291407278,4.447648082583849,CPG,SSPG,0.1347027415410512,0.3000660260631453,0.20093934095337096,-1.570486452426413,5,-1.3096755968727942,995.2,1.6,18.0
0.17201253697615174,0.31731973899968047,U8,MN8014,10.049896515029781,4.447675047687168,CPG,SSPG,0.13470287554717114,0.3000661083385481,0.20093794135564771,-1.5704897509970017,2,-1.3096506486767936,995.2,1.6,18.0
0.17201141410128074,0.317317970096285,U8,MN8014,10.049778503850124,4.447514344201466,CPG,SSPG,0.13470176127789008,0.3000666534549925,0.20093777617251735,-1.5704912558190203,7,-1.309652767656483,995.2,1.6,18.0
0.1720118620564089,0.31731806491187664,U8,MN8014,10.049890314822168,4.447560661387345,CPG,SSPG,0.13469941248925038,0.3000663661228741,0.20093814698995768,-1.5704913901504642,4,-1.3096603612336057,995.2,1.6,18.0
0.17201280526205237,0.3173226209584935,U8,MN8014,10.049822465005779,4.447669732840693,CPG,SSPG,0.13470540392618152,0.30006643332478083,0.20093836855087413,-1.57049590765379,5,-1.3096658920353672,995.2,1.6,18.0
0.17201191303292235,0.3173179289692868,U8,MN8014,10.049953383464544,4.447729133620121,CPG,SSPG,0.1347062126984891,0.30006633421002404,0.20093838154955762,-1.5704876921112214,4,-1.3096571776466712,995.2,1.6,18.0
0.17201233857101006,0.31731744820996355,U8,MN8014,10.049959443054584,4.447798853482477,CPG,SSPG,0.134709033055712,0.300066460135487,0.2009381924910975,-1.5704880451055088,3,-1.309658436366612,995.2,1.6,18.0
0.1720112020977826,0.3173184112172626,U8,MN8014,10.049900117781638,4.4476534013954,CPG,SSPG,0.13470664302384577,0.3000662517021738,0.20093832841975365,-1.570486456236481,7,-1.3096489357235512,995.2,1.6,18.0
0.17201354553816262,0.3173172492417903,U8,MN8014,10.04990657780405,4.447771569727668,CPG,SSPG,0.13470580504625734,0.3000664887132352,0.20093734055583604,-1.5704883350421168,7,-1.3096525659801195,995.2,1.6,18.0
0.17201281887578257,0.3173188592283179,U8,MN8014,10.049861447231283,4.447787965411394,CPG,SSPG,0.13470608845874266,0.30006633258746623,0.20093762904808926,-1.570489374485018,7,-1.3096571397370633,995.2,1.6,18.0
0.17201332438665415,0.31731722727701495,U8,MN8014,10.049995388287314,4.447844453884232,CPG,SSPG,0.13470215647766548,0.3000662132608087,0.20093783859011197,-1.5704891082700323,4,-1.309661580269717,995.2,1.6,18.0
0.17201253140443531,0.31732108775002654,U8,MN8014,10.04992669671914,4.447833882235184,CPG,SSPG,0.1347051953815326,0.3000662113939219,0.20093863949805751,-1.5704883987136435,3,-1.30965806008152,995.2,1.6,18.0
0.17201300424115923,0.3173229740982429,U8,MN8014,10.049920525604929,4.447810067717892,CPG,SSPG,0.13470479503478838,0.30006610539991435,0.20093870830988497,-1.5704927072161174,7,-1.3096622778059377,995.2,1.6,18.0
0.17201126518284668,0.3173240731961382,U8,MN8014,10.049906331166397,4.447901910404665,CPG,SSPG,0.13470580627611406,0.3000658807260592,0.2009396390986446,-1.5704851993325408,3,-1.3096654401055803,995.2,1.6,18.0
0.1720108624517775,0.31732421648116343,U8,MN8014,10.049963323056927,4.447963302492873,CPG,SSPG,0.134707420155191,0.3000658203926592,0.2009402042003579,-1.5704825933434101,1,-1.3096677742559173,995.2,1.6,18.0
0.1720099540457276,0.3173231797428505,U8,MN8014,10.04998066735966,4.447979567987818,CPG,SSPG,0.13470432206840866,0.30006590266433575,0.20094079167416923,-1.5704788545456079,4,-1.3096774188845908,995.2,1.6,18.0
0.17201030752951754,0.31732691254108575,U8,MN8014,10.049857355222313,4.447828373736559,CPG,SSPG,0.1347052233238193,0.3000657688038446,0.2009403812808733,-1.5704844490074887,4,-1.3096649758383574,995.2,1.6,18.0
0.17201047308558878,0.31732118859063957,U8,MN8014,10.049824335330367,4.447961257395378,CPG,SSPG,0.1347053783081107,0.30006623005533867,0.20093920936982165,-1.570480121198938,0,-1.3096634824085678,995.2,1.6,18.0
0.17201098680945437,0.3173229791792336,U8,MN8014,10.049949252579458,4.448045174074351,CPG,SSPG,0.13470368814722178,0.3000658961993386,0.20094007330112365,-1.570482723578518,2,-1.3096834686845913,995.2,1.6,18.0
0.17201051035877948,0.3173210540129159,U8,MN8014,10.049955460107217,4.447999883761618,CPG,SSPG,0.1347027889770815,0.3000659512441478,0.20093986931378668,-1.570481126964836,3,-1.3096772800396534,995.2,1.6,18.0
0.17200992921564046,0.3173235505429237,U8,MN8014,10.049911958501323,4.44796749394498,CPG,SSPG,0.13470125105611963,0.3000658333037269,0.20094035924234308,-1.5704800901605824,4,-1.3096719116941689,995.2,1.6,18.0
0.17200945315386923,0.3173226633872691,U8,MN8014,10.049986882675018,4.447904963568173,CPG,SSPG,0.13470253944979754,0.3000658273353234,0.20094079709490134,-1.5704776317295694,7,-1.3096679609655482,995.2,1.6,18.0
0.17200969658420084,0.3173269264488501,U8,MN8014,10.049889181040472,4.4480091628061045,CPG,SSPG,0.13470401305430268,0.30006568289450847,0.2009411267002211,-1.5704775500459787,1,-1.3096779187059147,995.2,1.6,18.0
0.172010430982928,0.31732379143269285,U8,MN8014,10.04990797775106,4.44791302385062,CPG,SSPG,0.13470122588315703,0.3000659844825512,0.200940435482075,-1.5704808232009397,1,-1.3096811385236151,995.2,1.6,18.0
0.17201031099518976,0.3173245714775444,U8,MN8014,10.049970714175672,4.447905075932961,CPG,SSPG,0.13469692245301385,0.3000657151657931,0.2009409031805439,-1.5704820342056416,5,-1.3096858533056048,995.2,1.6,18.0
0.1720119231201494,0.3173249275307226,U8,MN8014,10.049947989370597,4.44785263670496,CPG,SSPG,0.13470183999893112,0.30006615171603346,0.2009401933898964,-1.570489573126032,0,-1.3096779642344227,995.2,1.6,18.0
0.17201193333437562,0.3173234023058001,U8,MN8014,10.049959873353883,4.448003879402384,CPG,SSPG,0.1347003290216129,0.3000660799889629,0.2009399028084465,-1.5704896963843324,7,-1.3096856303452364,995.2,1.6,18.0
0.17201197372652424,0.31732354835618315,U8,MN8014,10.049960094858811,4.447943342793492,CPG,SSPG,0.13469741671383845,0.3000658499280686,0.20093977108805003,-1.570488796309437,7,-1.309683836142237,995.2,1.6,18.0
0.17201243845106534,0.3173247396986214,U8,MN8014,10.049996255661998,4.44787510709923,CPG,SSPG,0.1346980654062565,0.3000659923771495,0.200940112156603,-1.570493130755384,7,-1.3096849829952726,995.2,1.6,18.0
0.1720116810866144,0.3173236348373858,U8,MN8014,10.049983201602789,4.447951622224755,CPG,SSPG,0.13469965711898751,0.3000660565435946,0.20094022433172062,-1.5704880788169993,3,-1.3096830586223822,995.2,1.6,18.0
0.17201166210359067,0.3173247797611801,U8,MN8014,10.049912858198244,4.448026802825007,CPG,SSPG,0.13469795402176982,0.3000660569329811,0.20094013775361447,-1.5704889153175035,5,-1.3096872514404536,995.2,1.6,18.0
0.17201234321690756,0.31732239185308986,U8,MN8014,10.049929377248919,4.448085783211539,CPG,SSPG,0.13469525778313515,0.3000662599342136,0.20093959460369543,-1.5704909614697582,3,-1.309692794486999,995.2,1.6,18.0
0.17201162257206085,0.3173248619375735,U8,MN8014,10.049902375061711,4.448200439703841,CPG,SSPG,0.1346967064674151,0.30006600845918574,0.20094019481740671,-1.5704882639589106,1,-1.3096963083171973,995.2,1.6,18.0
0.17201196615055264,0.31732416991587076,U8,MN8014,10.049976192771018,4.448046435193278,CPG,SSPG,0.1346942717763004,0.30006616063076474,0.20094045679699302,-1.5704908537978706,1,-1.309696221255419,995.2,1.6,18.0
0.17201242345089549,0.31732122042139244,U8,MN8014,10.04992451219573,4.448161931651352,CPG,SSPG,0.13469176074045458,0.3000662918790251,0.20093942506759377,-1.5704907152358025,0,-1.3097007505599505,995.2,1.6,18.0
0.17201296670116295,0.3173202346771134,U8,MN8014,10.049984165722806,4.448182228963799,CPG,SSPG,0.13468647313463317,0.3000662164162607,0.20093925622848777,-1.5704949416060454,1,-1.3097053224620705,995.2,1.6,18.0
0.1720114506996034,0.3173243800225337,U8,MN8014,10.049908747082675,4.448073130265767,CPG,SSPG,0.134686461087766,0.3000659035985993,0.2009403129771696,-1.5704920170998746,7,-1.3097084103313303,995.2,1.6,18.0
0.17201099782695098,0.317321563515109,U8,MN8014,10.049839720300657,4.448054173982347,CPG,SSPG,0.1346829433037512,0.3000662719415979,0.20093983803578988,-1.5704915365499876,7,-1.288786102618233,995.2,1.6,18.0
0.17200961720146454,0.3173271725014471,U8,MN8014,10.049871461905099,4.448092592337296,CPG,SSPG,0.13468760670571384,0.3000658954319671,0.20094176543653053,-1.570489763543793,1,-1.288812183276499,995.2,1.6,18.0
0.17200965805195803,0.31732518586561786,U8,MN8014,10.049698344564112,4.447931276716981,CPG,SSPG,0.13469070941149025,0.3000660827340679,0.20093989542764354,-1.5704883016246702,4,-1.3096831937920026,995.2,1.6,18.0
0.17200984626242502,0.31732469022301857,U8,MN8014,10.049598681775688,4.448059476649776,CPG,SSPG,0.13468845510205413,0.30006625199942943,0.2009391519038298,-1.5704930965904031,2,-1.3096861414875143,995.2,1.6,18.0
0.17200940609722004,0.3173238163451324,U8,MN8014,10.049709469289326,4.448146014616571,CPG,SSPG,0.13468475282218212,0.30006571333506526,0.20093959457041194,-1.5704847919060365,2,-1.3096862197346475,995.2,1.6,18.0
0.17200923482765273,0.31732365559784387,U8,MN8014,10.04984400366411,4.448022379085375,CPG,SSPG,0.13469309328444068,0.3000659093886435,0.20094050970898247,-1.5704835577932863,5,-1.3096840410890724,995.2,1.6,18.0
0.17201243146244216,0.3173211700884475,U8,MN8014,10.049895709717756,4.44837771081681,CPG,SSPG,0.1346913109696672,0.3000658802596882,0.20093894205898036,-1.570488168914305,6,-1.3097044513790186,995.2,1.6,18.0
0.17201069231375346,0.3173187357486654,U8,MN8014,10.049883782705564,4.4482198371488035,CPG,SSPG,0.13468657313677862,0.30006593814231247,0.20093915861789913,-1.5704853915538661,2,-1.3096995865855776,995.2,1.6,18.0
0.17201275390975826,0.31732075994403064,U8,MN8014,10.049990033297956,4.44829507582469,CPG,SSPG,0.134686483339837,0.3000661468763119,0.20093961505228272,-1.5704909087776553,2,-1.3097098507874563,995.2,1.6,18.0
0.172013658286049,0.31731904592361826,U8,MN8014,10.049960009098157,4.448113207189485,CPG,SSPG,0.13468787156429246,0.3000664028227254,0.20093865709391964,-1.5704942837187206,4,-1.3097008241834898,995.2,1.6,18.0
0.1720126059945935,0.31732229150893504,U8,MN8014,10.0499433873081,4.4483006053583845,CPG,SSPG,0.13469134786552212,0.30006569571802844,0.20093916503217488,-1.570487680501371,6,-1.3096940737164893,995.2,1.6,18.0
0.1720130084149021,0.31731855951782373,U8,MN8014,10.049918237645265,4.448071947679283,CPG,SSPG,0.13468866399697338,0.3000662802500221,0.20093821621007404,-1.570494642028599,4,-1.3096854894964407,995.2,1.6,18.0
0.1720115121058018,0.31732129413620047,U8,MN8014,10.049823617811299,4.448027699533017,CPG,SSPG,0.13468663435506592,0.3000659489031138,0.20093892370471805,-1.5704902990628675,3,-1.3096949397282236,995.2,1.6,18.0
0.17201128362850368,0.317323349157303,U8,MN8014,10.04984917122708,4.448009357815596,CPG,SSPG,0.13468289927799273,0.30006567436261855,0.20093964333564815,-1.5704903932669287,1,-1.3097067338225212,995.2,1.6,18.0
0.17201201038240427,0.3173223178370817,U8,MN8014,10.049877753652009,4.448138863178645,CPG,SSPG,0.1346855889378546,0.30006593010518057,0.20093942384508137,-1.5704927747682287,5,-1.309711934301987,995.2,1.6,18.0
0.17201229178126987,0.3173177120560486,U8,MN8014,10.049846549652521,4.448111176854342,CPG,SSPG,0.13468437553446516,0.3000663155595723,0.2009381731972391,-1.5704931774158435,3,-1.30969865667588,995.2,1.6,18.0
0.17201301296207655,0.31731982307169154,U8,MN8014,10.049929387182539,4.4482175394463725,CPG,SSPG,0.13468565868312712,0.300066018351783,0.20093867751396186,-1.5704932599452746,2,-1.3097056986679787,995.2,1.6,18.0
0.1720131940295439,0.317319002331438,U8,MN8014,10.049910751076947,4.44819994823594,CPG,SSPG,0.13468491011282546,0.3000662024428496,0.20093844921077708,-1.5704948144034145,5,-1.309707609015998,995.2,1.6,18.0
0.17201299002981646,0.31732367386908433,U8,MN8014,10.049967756631517,4.44822901080997,CPG,SSPG,0.1346835856467059,0.3000657381758827,0.20093977983539726,-1.5704957933838224,2,-1.309721988529053,995.2,1.6,18.0
0.17201267116598556,0.31732140535915127,U8,MN8014,10.049956944789393,4.448316353958209,CPG,SSPG,0.1346849062863808,0.30006596997334684,0.20093953697558395,-1.5704923113988647,5,-1.3097193029425087,995.2,1.6,18.0
0.17201187987410152,0.317322135667693,U8,MN8014,10.049995794265323,4.448344668952907,CPG,SSPG,0.1346835319575041,0.30006569839506086,0.20094022146645366,-1.5704885794240746,2,-1.3097241112104783,995.2,1.6,18.0
0.17201117717481185,0.3173211571738364,U8,MN8014,10.04994093357762,4.448321177858208,CPG,SSPG,0.1346834276520853,0.30006575006984676,0.20093994051314024,-1.5704867573391526,3,-1.3097158894675038,995.2,1.6,18.0
0.17201109581840587,0.31731841908354,U8,MN8014,10.049887526440717,4.4482862952958335,CPG,SSPG,0.13468148357783005,0.3000659174686385,0.20093913896051216,-1.5704858178099714,6,-1.3097119746609316,995.2,1.6,18.0
0.17201098033551637,0.3173206796348778,U8,MN8014,10.049972784874178,4.448280141913788,CPG,SSPG,0.13468097502225662,0.3000658291088894,0.20094015975568388,-1.5704883905167148,6,-1.3097151944405239,995.2,1.6,18.0
0.17201058632046368,0.31732597632864457,U8,MN8014,10.049861006815346,4.44834013678554,CPG,SSPG,0.13468079645759873,0.3000654131618322,0.20094057694364464,-1.5704902268998016,0,-1.3097200540462337,995.2,1.6,18.0
0.1720111253580434,0.3173226521227529,U8,MN8014,10.04996299146372,4.4482711483528075,CPG,SSPG,0.13467642926812215,0.3000654611361093,0.20094039199659436,-1.5704885756555984,3,-1.3097254892861274,995.2,1.6,18.0
0.17201050913083954,0.317326888080627,U8,MN8014,10.049853445571543,4.44830301627514,CPG,SSPG,0.13467902692141764,0.30006549110915304,0.20094096830118513,-1.570489990252468,7,-1.309724393081944,995.2,1.6,18.0
0.17201013242144392,0.3173277778398847,U8,MN8014,10.049841171130268,4.448457545931998,CPG,SSPG,0.1346812322268357,0.30006542767156963,0.2009412343379686,-1.5704871538081104,5,-1.3097236981772236,995.2,1.6,18.0
0.17201121284663368,0.3173250445323053,U8,MN8014,10.049854710386857,4.448464385042426,CPG,SSPG,0.13468062821251603,0.3000653806686227,0.2009400189898174,-1.5704891666424035,3,-1.3097188908556374,995.2,1.6,18.0
0.17201014115447089,0.3173271293418266,U8,MN8014,10.049820492877728,4.448458050006279,CPG,SSPG,0.13468238591378018,0.30006546817067475,0.2009408924273205,-1.5704887021779934,2,-1.309722519698787,995.2,1.6,18.0
0.17201041152928628,0.31732675723374,U8,MN8014,10.049823719376404,4.448579728245034,CPG,SSPG,0.1346823431680361,0.3000653652051742,0.2009406213832991,-1.5704871863755636,6,-1.309721049901773,995.2,1.6,18.0
0.17201056712661505,0.31732730605859955,U8,MN8014,10.04985507457678,4.448716007880429,CPG,SSPG,0.13468093790757082,0.30006520960773503,0.20094093381413222,-1.5704864101355975,2,-1.3097343558649515,995.2,1.6,18.0
0.1720112225836568,0.31732426739601943,U8,MN8014,10.049896477562939,4.4486298456834685,CPG,SSPG,0.13467967884743165,0.30006552161968636,0.2009403544222858,-1.5704899351378239,1,-1.309733221940494,995.2,1.6,18.0
0.17201166830659953,0.3173199666037947,U8,MN8014,10.049872269865238,4.448581776440143,CPG,SSPG,0.13467851959098803,0.30006585674772557,0.20093927116449353,-1.5704877231987566,7,-1.3097262701703167,995.2,1.6,18.0
0.17201157188546093,0.31732538996263393,U8,MN8014,10.049980126132798,4.448583981257895,CPG,SSPG,0.13468054017899236,0.3000653179786526,0.20094076110144274,-1.570489918889634,7,-1.3097300823622966,995.2,1.6,18.0
0.17201053796854215,0.3173249045872921,U8,MN8014,10.049964982683917,4.448566395025825,CPG,SSPG,0.1346806365171878,0.3000652716691096,0.2009410365705321,-1.5704869292894683,7,-1.3097310934522612,995.2,1.6,18.0
0.17201103681144986,0.31732416761697974,U8,MN8014,10.049875462900246,4.448550953299285,CPG,SSPG,0.13467970352637637,0.3000655873515147,0.200940255720702,-1.5704919723104942,6,-1.3097308196635735,995.2,1.6,18.0
0.1720119190860506,0.3173213761605861,U8,MN8014,10.049917951668988,4.4486059430937415,CPG,SSPG,0.13467739610548557,0.30006564363724536,0.20093956657849488,-1.57049288679524,7,-1.3097358922862572,995.2,1.6,18.0
0.1720111614573109,0.31732390000063626,U8,MN8014,10.049890495670265,4.448601786834347,CPG,SSPG,0.13468035562885178,0.30006562263364195,0.20094027204361062,-1.570491470862543,2,-1.3097318503696087,995.2,1.6,18.0
0.17201105909536352,0.3173215928853105,U8,MN8014,10.049869100986692,4.44862058550111,CPG,SSPG,0.13467436859693416,0.3000657009841268,0.2009397354124203,-1.5704943082733465,1,-1.309735552294347,995.2,1.6,18.0
0.1720107239552318,0.3173257040011602,U8,MN8014,10.049832193859213,4.448519415211078,CPG,SSPG,0.13467509508519526,0.3000655137342815,0.2009404663622074,-1.5704950607751738,1,-1.3097338930077145,995.2,1.6,18.0
0.17201187555902384,0.3173252484161636,U8,MN8014,10.049895753379513,4.4485458548992085,CPG,SSPG,0.13467450865001096,0.300065495584586,0.20094027211312876,-1.5704975810244686,5,-1.309741983572252,995.2,1.6,18.0
0.1720122663985848,0.3173234904771735,U8,MN8014,10.049899288496425,4.448587357874134,CPG,SSPG,0.13467362954705567,0.3000655195701523,0.20093966937982566,-1.5704985044990514,5,-1.3097402494339159,995.2,1.6,18.0
0.1720124110296692,0.31732316338833444,U8,MN8014,10.049840465924456,4.448610986547418,CPG,SSPG,0.13467205394259069,0.3000655798933391,0.2009392762279809,-1.5704994269221961,1,-1.3097445942456156,995.2,1.6,18.0
0.17201224544273194,0.31732109074992854,U8,MN8014,10.049874047969706,4.448748099138729,CPG,SSPG,0.13467181459587718,0.30006556725360883,0.20093909717748756,-1.5704975741775258,5,-1.3097478896388317,995.2,1.6,18.0
0.17201349996114385,0.31731960328766334,U8,MN8014,10.049890004855017,4.448873853456377,CPG,SSPG,0.13466915710669303,0.30006596568200594,0.20093877078060476,-1.5705002108900643,1,-1.3097591195321954,995.2,1.6,18.0
0.1720130093486234,0.3173210743981309,U8,MN8014,10.049921723855784,4.448695104424747,CPG,SSPG,0.13466670366856093,0.3000656258880608,0.20093908967052979,-1.5705023772670974,7,-1.3097493732309848,995.2,1.6,18.0
0.17201142169057387,0.31732357603721406,U8,MN8014,10.049999370473024,4.448850783047017,CPG,SSPG,0.1346716772480404,0.30006497918936964,0.20094048769004624,-1.5704913230543418,1,-1.3097506886833523,995.2,1.6,18.0
0.17201080778870514,0.317325178829535,U8,MN8014,10.04990118555224,4.448972178374087,CPG,SSPG,0.13466781447745663,0.30006492117004685,0.20094057204720206,-1.5704940216833756,1,-1.3097598385327895,995.2,1.6,18.0
0.17201077625063263,0.31732658369685346,U8,MN8014,10.049994823308836,4.449120025731654,CPG,SSPG,0.13467091887157,0.30006483868855616,0.20094148636675274,-1.5704917540644483,1,-1.309764660890183,995.2,1.6,18.0
0.17201161390867403,0.317326060426039,U8,MN8014,10.04995046923273,4.44913846828665,CPG,SSPG,0.13466490252722838,0.3000647093484301,0.20094075383548643,-1.570494446764191,3,-1.3097743251482932,995.2,1.6,18.0
0.17201234024329862,0.3173189013552039,U8,MN8014,10.049994605927779,4.449120905548386,CPG,SSPG,0.13466151764716539,0.3000653197504108,0.20093943908953055,-1.5704966491045385,5,-1.3097700561166343,995.2,1.6,18.0
0.17201363949971263,0.3173166208115667,U8,MN8014,10.049917749434277,4.449153137927808,CPG,SSPG,0.13465964796535013,0.30006569951834094,0.20093815829024567,-1.5705014916546634,3,-1.3097749659334426,995.2,1.6,18.0
0.17201269348433046,0.31731654693081457,U8,MN8014,10.049848615533026,4.449247677477945,CPG,SSPG,0.1346587398540787,0.30006573723600566,0.20093828780400116,-1.5704961338228296,0,-1.3097723194964326,995.2,1.6,18.0
0.1720123759743249,0.3173179656865468,U8,MN8014,10.049869068252399,4.449386823779825,CPG,SSPG,0.13465530906779205,0.3000655147983709,0.20093872653465722,-1.5704991540202513,3,-1.3097799596320785,995.2,1.6,18.0
0.17201177807245374,0.31731827772309906,U8,MN8014,10.049846205015546,4.449182250990678,CPG,SSPG,0.13465307158703715,0.3000654197372325,0.20093887555894022,-1.5704978614177059,1,-1.309775200889769,995.2,1.6,18.0
0.17201441739537604,0.31731587514667575,U8,MN8014,10.049939112163209,4.449170087120295,CPG,SSPG,0.1346536440419569,0.30006571347436256,0.20093796665524705,-1.5705034305573036,0,-1.3097853497958498,995.2,1.6,18.0
0.1720129704313263,0.31731681095387293,U8,MN8014,10.049869696627349,4.449175276849477,CPG,SSPG,0.13465000596655652,0.3000653310944735,0.2009380575054971,-1.570501756036062,0,-1.309779725543084,995.2,1.6,18.0
0.17201298090588252,0.3173206420513118,U8,MN8014,10.049864489941298,4.449359573077389,CPG,SSPG,0.13464349687642269,0.30006511739479513,0.2009389331924605,-1.5705063332314608,3,-1.3097957375188187,995.2,1.6,18.0
0.1720146148617066,0.3173179991419116,U8,MN8014,10.049990300175793,4.449104281491136,CPG,SSPG,0.1346412969008059,0.300065076243035,0.20093821726075936,-1.5705122228105552,3,-1.3097966283658788,995.2,1.6,18.0
0.17201533680856276,0.3173133582625737,U8,MN8014,10.04987766128131,4.449612115601747,CPG,SSPG,0.1346366076859002,0.30006561014964145,0.20093658990805474,-1.5705143694274255,0,-1.309802551421111,995.2,1.6,18.0
0.17201597375161137,0.31730812134701175,U8,MN8014,10.049989214509253,4.449688835982894,CPG,SSPG,0.13463093909555052,0.30006582150464484,0.2009361943002983,-1.5705126049092197,3,-1.3098158206326787,995.2,1.6,18.0
0.17201770958989343,0.3173107886532644,U8,MN8014,10.04981023937561,4.449735301519988,CPG,SSPG,0.13462953924849155,0.3000665397210113,0.20093553974008382,-1.5705258067442276,2,-1.309829930836476,995.2,1.6,18.0
0.17201506272455722,0.3173164629184104,U8,MN8014,10.049893909085384,4.449984042735224,CPG,SSPG,0.13461699381517617,0.3000656909075529,0.20093822472726888,-1.570524883485416,5,-1.309849883763908,995.2,1.6,18.0
0.17201752302484866,0.3173123637429412,U8,MN8014,10.049919230729653,4.44980248104601,CPG,SSPG,0.13461510144326683,0.30006607553713815,0.20093658253298588,-1.5705288556445138,0,-1.3098454266449169,995.2,1.6,18.0
0.17201775174974035,0.31731062560324813,U8,MN8014,10.049871814253038,4.449261305052661,CPG,SSPG,0.13463077394125658,0.30006659130223,0.20093548106133527,-1.570526391552877,4,-1.3097936202274196,995.2,1.6,18.0
0.17201858754934204,0.3173014075282973,U8,MN8014,10.049711388562708,4.449489450656441,CPG,SSPG,0.1346254818567738,0.3000668682921719,0.2009324324643159,-1.5705227447877097,1,-1.3098064245123275,995.2,1.6,18.0
0.1720167183908615,0.3173115274690026,U8,MN8014,10.049775641663143,4.449522569179912,CPG,SSPG,0.134620107777461,0.3000662103504046,0.20093572028226364,-1.5705239963895352,4,-1.3098180474374148,995.2,1.6,18.0
0.17201646150223202,0.31730526433062545,U8,MN8014,10.049838532217525,4.449806449153862,CPG,SSPG,0.13463236117877708,0.30006666226476797,0.2009350000743564,-1.5705155823592731,6,-1.3098138784078444,995.2,1.6,18.0
0.1720175145164284,0.31730677627842674,U8,MN8014,10.04984700651953,4.449480333785627,CPG,SSPG,0.13462536596253585,0.30006647193206476,0.20093504752501226,-1.5705186604962915,3,-1.3098255851256102,995.2,1.6,18.0
0.1720170500034812,0.31730348477879267,U8,MN8014,10.049867072584195,4.449984483442531,CPG,SSPG,0.13461571833201164,0.30006690302114575,0.20093511011175005,-1.5705234620166393,1,-1.3098437096543059,995.2,1.6,18.0
0.17201817608983702,0.3173075539930424,U8,MN8014,10.049960019779338,4.449965711330209,CPG,SSPG,0.13461450260447683,0.3000662438592864,0.20093585646633674,-1.57052280281343,6,-1.3098591775085398,995.2,1.6,18.0
0.17201884274782797,0.3173059995239951,U8,MN8014,10.049882633124092,4.44982496873312,CPG,SSPG,0.13460892108086614,0.30006670417776665,0.20093504376780003,-1.570528904119753,4,-1.3098554915003913,995.2,1.6,18.0
0.1720189079547507,0.31731202989858476,U8,MN8014,10.049922910079546,4.449824825799251,CPG,SSPG,0.13461027354011662,0.30006670437136596,0.20093686441509098,-1.5705327800496371,3,-1.3098731606054503,995.2,1.6,18.0
0.17201835150350253,0.31731253062575965,U8,MN8014,10.049964385150911,4.449910851963808,CPG,SSPG,0.13461369930384492,0.3000665485003451,0.20093738534651231,-1.5705275776834076,3,-1.309870948293324,995.2,1.6,18.0
0.17201578295074246,0.3173148587287318,U8,MN8014,10.049851288513757,4.449588316500958,CPG,SSPG,0.1346240209265715,0.3000664155525979,0.20093808982486638,-1.570520031278143,5,-1.288927977950383,995.2,1.6,18.0
0.17201785797026536,0.31731408035593167,U8,MN8014,10.049931984504358,4.449430167288205,CPG,SSPG,0.1346094442499684,0.3000665455156544,0.2009375937463402,-1.5705329054065085,0,-1.3098578267526824,995.2,1.6,18.0
0.17201932282971297,0.31730253746475445,U8,MN8014,10.049886088680074,4.449678174193616,CPG,SSPG,0.13459989825050508,0.3000674339646817,0.20093476924692794,-1.570535395351655,1,-1.3098635969855872,995.2,1.6,18.0
0.17201984265039932,0.31730290280664936,U8,MN8014,10.049982418827714,4.449791820687992,CPG,SSPG,0.1345953027579752,0.30006712371185645,0.2009352058399979,-1.5705376229698704,3,-1.3098855361396868,995.2,1.6,18.0
Time taken (seconds)
2026-05-31 03:35:02
