thigh_length,calf_length,motor_left_name,motor_right_name,gear_left_ratio,gear_right_ratio,gearbox_left,gearbox_right,torso_distance,ik_height,ori_l,ori_theta,best_index,best_cost,ac1,ac2,ac3
0.25882454973770086,0.24338257151051917,U12,MN8014,10.393978896498862,9.30724910923985,CPG,CPG,0.12430789885319597,0.342437148848744,0.4612513725002639,0.497160665870624,0,0.15068042934572534,436.7,4.8,28.6
0.2400247597235342,0.2384683704873432,U12,MN8014,9.3676930843685,7.318880678973156,CPG,SSPG,0.1320861064353181,0.3775261900998252,0.290992720694567,-0.2328720734517098,0,1000000.0,488.7,3.9,33.9
0.2621370721034713,0.24717805674696486,U10,MN8014,6.541268976649997,8.018122297829455,CPG,CPG,0.1194685317021096,0.3733158229240089,0.20666627159850556,-0.6023035527754697,0,0.6761671436311065,569.4,4.9,26.4
0.231651392429925,0.25705473826832,U10,MN8014,6.899288937997018,8.111010486981455,CPG,CPG,0.12068700975159868,0.37992091160615205,0.20094452000599033,-0.6260329987695102,2,0.1791921118979376,551.6,3.4,35.3
0.2325592376191487,0.2711929218070145,U10,MN8014,9.662368315003135,8.843479767403837,CPG,CPG,0.12311713883710464,0.43263377586646967,0.20567192170351842,-0.3247255607657695,2,1.2656704605658429,505.7,2.9,34.2
0.23742772291095898,0.2711525536162953,U10,MN8014,8.94712938608728,6.351626782240601,CPG,CPG,0.11302179632171847,0.42991243797840306,0.2459857973187717,-0.5985567552978182,1,0.13260108585933494,458.8,1.1,32.6
0.2324549579417215,0.2936613988669185,U10,MN8014,6.87247461626466,6.637319038053928,CPG,CPG,0.13009815923456997,0.389676165150217,0.25970700828441906,-0.6435896821450041,6,0.2440999308699947,515.1,2.2,32.6
0.2317069168313323,0.30787770358478617,U8,MN8014,6.19773496734304,7.411199139913585,CPG,CPG,0.11737517547332622,0.37972034369330776,0.235213583742221,-0.5258897618148206,0,-0.3080704513110484,525.2,2.4,33.6
0.2126530404337074,0.3036363890474172,U8,MN8014,9.169559257555377,6.395889271138612,CPG,CPG,0.1204888088574756,0.3653524688772597,0.2074358961862557,-0.7761894675582668,6,-0.48313885472327467,592.5,1.5,32.1
0.19880764068545667,0.32171093914485427,U12,MN8014,13.71059712761965,6.4608654697830925,CPG,CPG,0.10875513335547105,0.3578664008770853,0.20004239323629677,-0.9274514388262216,5,1.2024452407347521,665.4,0.6,32.2
0.23411507833543235,0.29456752174972567,U10,MN8014,16.212873313382808,7.413998564346608,WPG,CPG,0.11363636907123646,0.378526340687901,0.27642304991741407,-1.0101320636133648,4,1.200596655429192,560.1,0.3,33.2
0.22209985580652916,0.29720583037403303,U10,VT8020,11.042456222906312,7.455002635282959,CPG,CPG,0.10882424824364431,0.37563900151104074,0.20994898541015136,-0.4877364931360979,7,0.4390565840575009,542.5,0.1,38.3
0.23612542728780045,0.33081632031813235,U8,VT8020,14.848060596576849,6.825518722935945,CPG,CPG,0.12714295365660683,0.3739956464946117,0.22383395437513662,-0.5745830571317125,3,0.5938339400107928,589.4,0.3,30.0
0.22276552665250335,0.3389674879983486,U8,MN8014,13.140570519879205,7.161060780136259,CPG,SSPG,0.12347856201128533,0.35788645742533104,0.2780540539354695,-1.005241708040514,0,1.037864381825768,601.6,1.4,37.7
0.24161570152361,0.33372897795039325,U8,MN8014,12.907635426470053,5.732648383096266,CPG,SSPG,0.12015197403559917,0.3655638180716078,0.20316288522476406,-0.7889452378641256,3,-0.7044043383799234,596.4,0.6,39.4
0.22797975747287616,0.29863444873394596,U8,MN8014,13.257465471567286,4.761594822079361,CPG,SSPG,0.11972764229228537,0.3920803207639937,0.2404730882813051,-0.5454930854993825,1,-0.40713179969805413,589.5,0.5,36.6
0.23607149254057103,0.30316190074706884,U10,U12,10.944702456673523,7.891516870066432,CPG,CPG,0.12931266569030114,0.3798418116637634,0.5661363740781815,-0.21617913581086867,6,0.456501835734088,639.8,1.9,38.5
0.21634292953375822,0.34144431191169455,U8,U12,9.720335159670348,9.146560761128633,CPG,CPG,0.13439762656977278,0.39831937431205683,0.5478985727772847,-0.04778273669699229,2,-0.09840137296763046,557.3,0.4,35.4
0.2313557325776956,0.30500213679919286,U10,U12,9.737776761012562,6.336597830920962,CPG,SSPG,0.12903917002644957,0.39162304949650584,0.6084028568467631,-0.2892203948395764,2,0.798888601299622,635.8,1.5,41.1
0.24909930517533968,0.28849857067958595,U10,MN8014,11.749394053297785,5.254142671819752,CPG,CPG,0.1288231138479718,0.3953288540701382,0.21900975118993216,-0.9149542795657701,7,0.5047891262894817,523.8,1.6,37.0
0.2426350646564691,0.2972437909843354,U8,MN8014,13.121338453160417,4.863651461631338,CPG,CPG,0.11883676149951927,0.3746550254991168,0.21374611983040534,-0.7563861977820746,5,-0.5412954520004734,582.9,2.8,36.5
0.23976069851948045,0.2963782284732312,U8,MN8014,11.956895630745802,5.713121277554199,CPG,SSPG,0.12302456991321072,0.37452433903820076,0.21828797166409963,-0.44123713896061445,0,0.1273214611202782,589.9,3.4,34.1
0.24844093673804615,0.27291428415017677,U8,MN8014,10.713802520870688,6.276877871408474,CPG,SSPG,0.12459212038585522,0.38386234422023513,0.20002823718726026,-0.618737528160699,4,-0.3214320071620609,425.7,6.4,32.6
0.2549812644511291,0.2941362500079946,U8,MN8014,10.260109163325627,7.273813123501551,CPG,SSPG,0.128885123497625,0.37761546349540964,0.20032968835992693,-0.7665680437286124,5,-0.3157090129163693,535.2,4.1,34.0
0.23740027106967324,0.3130744265416655,U8,MN8014,10.266379145658178,8.1457225465036,CPG,CPG,0.12956653898729947,0.34498573650402686,0.2174059834217218,-0.5200725712792553,6,-0.23473082298357362,589.7,5.6,32.3
0.24595909041728253,0.296971086236045,U8,U12,10.663334394847599,6.3330833039314935,CPG,SSPG,0.13418250323552222,0.3654909236811534,0.20975771130379298,-0.6895183918328442,4,0.31305827446290824,575.6,4.3,33.6
0.22878238654479002,0.32283398144241404,U8,MN8014,13.665313886519646,8.368823245649633,CPG,CPG,0.1230189574308307,0.3515257396506284,0.2302635710660559,-0.6465676707538108,0,0.9232784877270497,540.6,5.3,29.3
0.23650000340206145,0.3090711186731224,U10,MN8014,14.713546795861747,8.295129123910161,CPG,CPG,0.12435833122003136,0.34438512728890214,0.20453140741345985,-0.8174244909755336,5,1.3419254584143845,528.4,4.7,33.8
0.24806076692585577,0.33618599633122137,U8,U12,13.936175161762632,7.055694951117488,CPG,CPG,0.12428282906225684,0.3524352579899971,0.21655488775562579,-0.6969511721962608,1,0.5712189759732835,602.7,4.1,30.2
0.24380197203747317,0.3246104038467371,U8,MN8014,14.130773880934202,9.197123725176041,CPG,CPG,0.12819153508735134,0.36128839830707604,0.22953240540975306,-0.5821948092360577,6,0.016635797287979592,593.0,5.5,30.1
0.2600482706205098,0.30536942111488397,U8,MN8014,14.34658055314287,7.345154926852286,CPG,SSPG,0.13295274518652606,0.35258235906357793,0.20028740416120502,-0.4638167386088665,0,-0.07745955179757225,455.2,6.1,29.5
0.26222307208886597,0.31368083527232593,U8,MN8014,13.974364226204461,10.016841296487499,CPG,CPG,0.12359212640420289,0.3689070524722928,0.21444542809824593,-0.43699970643296315,5,0.16194743921927834,520.9,5.2,34.2
0.25022835990600595,0.3039889949589306,U8,MN8014,13.803373448362164,7.053824175282603,CPG,CPG,0.13386677946838121,0.3737155012608564,0.218472295640616,-0.5222187994464609,7,-0.14644502251656988,494.3,5.2,36.2
0.24614592779732786,0.29037787526549785,U8,MN8014,12.012041111996972,7.805863186063554,CPG,CPG,0.12829485949692038,0.36951319199358357,0.20059484481272727,-0.46217474596077124,2,0.059645033777440126,544.1,6.2,34.8
0.2430552656890116,0.29990185000144765,U8,MN8014,12.641579003968358,8.017099641376102,CPG,CPG,0.12681709448281359,0.37770004040536026,0.20475548588080086,-0.7288587931746979,7,-0.1521568904906596,606.9,5.4,32.4
0.23223143727081313,0.2875464126597841,U8,MN8014,9.077777586000026,7.908939233653623,CPG,CPG,0.1267047230672188,0.37852831722119135,0.2046325556996264,-0.7680666814385715,0,-0.4162915154798563,571.3,6.2,34.1
0.20206467818078955,0.29193666998968204,U8,MN8014,9.68064269375483,7.016596397598024,CPG,SSPG,0.1353006393081696,0.3813284875467616,0.2163984877412597,-0.7782691851103217,0,-0.47215790711924743,596.0,5.6,36.3
0.2004554349456339,0.3325185455119308,U8,MN8014,11.81117732854791,6.103806709687409,CPG,SSPG,0.1313460427375841,0.37506415329845055,0.2363860309999152,-0.7319604512434551,5,-0.4247921280570486,590.7,4.2,38.2
0.20601439690753096,0.348171681056449,U8,MN8014,10.38866987995903,7.146268531836196,CPG,CPG,0.14577017070551546,0.41342748547584524,0.20049612543986053,-0.8659991050426622,7,-0.19701397946914234,603.1,3.9,38.9
0.2123355265071458,0.3430713915723841,U8,MN8014,11.706681707135267,6.279376528359096,CPG,SSPG,0.1446397186215737,0.3950250525846703,0.240313019914081,-0.6041254057067759,1,-0.2756904760008778,592.9,4.6,35.8
0.21117108116229463,0.3162946503576809,U8,MN8014,8.7102935833569,4.021688022426308,CPG,SSPG,0.14774016916434907,0.41250632684181066,0.21508449304164576,-1.033184403030695,5,-0.48082144440529095,655.9,3.1,37.9
0.21052593206674694,0.32014217823703633,U8,MN8014,9.62793031075412,4.165071544220282,CPG,SSPG,0.14996330368177008,0.4244437658464565,0.2020046977376884,-1.2211355599408935,1,-0.3806850407006639,626.7,3.5,35.8
0.1800104180794527,0.33360645245984233,U8,MN8014,8.356448286942982,4.308600573795005,CPG,CPG,0.14621040365423207,0.42663735769264804,0.23092998700768924,-1.225951766619444,5,-0.06495300078019461,707.9,4.7,36.1
0.22255256911184265,0.32852648449701577,U8,MN8014,10.695165188811842,4.4246762283997185,CPG,SSPG,0.14169500414961836,0.3902545559449014,0.23923415472006876,-1.1461269965487637,3,-0.553239237968767,614.2,5.1,28.4
0.22690840602374251,0.3462104531380493,U8,MN8014,8.927021314395915,5.459770582751435,CPG,SSPG,0.14840188351299954,0.38880309794358786,0.21155631203275438,-1.136407557913915,1,-0.599514371562103,663.3,2.8,34.9
0.23095512745867852,0.3485269619779843,U8,MN8014,10.087739672628972,4.700565356163275,CPG,CPG,0.14493701772602607,0.37095265106424347,0.21801967356943525,-0.8766276508124964,7,-0.632953796618331,691.5,3.4,37.0
0.22271304374015405,0.34736092059711,U8,MN8014,8.11452036600984,5.685386819435395,CPG,SSPG,0.14476017388654483,0.37379559657364525,0.20076800638952189,-1.2026775146119744,0,-0.6085300556744597,795.6,4.0,37.3
0.22870822430536852,0.3498666050261787,U8,MN8014,7.606097367555558,4.016287554518342,CPG,SSPG,0.1434039447621021,0.36445677822755296,0.20087416107725917,-0.9917287372446221,0,-0.6692937086546795,762.0,2.9,41.2
0.21157843502155274,0.34358522842023914,U8,MN8014,10.765497222620366,4.094091317633761,CPG,SSPG,0.13685147181964064,0.3488252939355979,0.20028880421836687,-1.039130387102721,3,-0.7644508912895009,890.8,2.3,42.3
0.20964546314576374,0.3417456605074386,U8,U12,11.395261296875772,4.0000228989715705,CPG,CPG,0.1441279280411933,0.3762857480485312,0.22586589548089378,-1.011517796435518,3,0.3252201350802313,752.7,1.8,42.0
0.21244652409532336,0.3307641366430387,U8,MN8014,10.51254131183595,6.614128118810472,CPG,CPG,0.1336032353071323,0.3593964785805934,0.20848547280770752,-1.0574093321566096,5,-0.47309654377011867,777.5,2.4,39.0
0.20555103003474845,0.3036161077884103,U8,MN8014,12.16741710153068,5.742516225008179,CPG,SSPG,0.13197122878712764,0.375677146049383,0.2020336564941434,-0.905733507771793,1,-0.5862818753990213,756.9,2.6,42.2
0.2207616478642635,0.30379520460689147,U8,MN8014,11.2869571075669,7.307868383327385,CPG,SSPG,0.13079537519196083,0.3825079577634636,0.20374834314156237,-0.9818731132955425,6,-0.4826592859950418,751.0,2.1,42.3
0.22693375920677564,0.32213792489317533,U8,MN8014,11.925255882487608,7.5487389722891995,CPG,CPG,0.13128257099784768,0.357342852624844,0.20009669397610166,-0.5752884118477677,4,-0.13507339246182326,662.9,4.6,37.9
0.22806767963568178,0.3338155798462166,U8,MN8014,13.555087051890363,4.21815215778732,CPG,SSPG,0.13246694604093856,0.3721122287334573,0.2000549356627831,-0.8512582066523766,3,-0.700294576296514,694.0,3.5,37.0
0.2242634489899583,0.3377441420901015,U8,MN8014,12.029658174311168,5.856396077656349,CPG,SSPG,0.12996586167015622,0.37006035283789884,0.21051175043294554,-0.7828641261252876,4,-0.8128578948544574,618.3,5.1,34.9
0.21817727386284996,0.30808443155632104,U8,MN8014,12.814920791362576,4.209275877833305,CPG,SSPG,0.12296621458284059,0.35634378669960753,0.21569595935110647,-0.7520253954059283,7,-0.7813127852824868,731.9,4.4,37.1
0.23593924013895395,0.3255600606430585,U8,MN8014,12.42331004016666,4.013608841553012,CPG,SSPG,0.12510845473259088,0.3675280597231972,0.20010708352655335,-1.0824741120315358,7,-0.6290779342478441,670.9,3.7,35.9
0.22936654671664197,0.3375923783026819,U8,MN8014,12.780582165523434,4.197727942462638,CPG,SSPG,0.13544024571870183,0.3653430066366158,0.2014202085329616,-1.086247455695018,4,-0.7128243015095768,708.0,4.7,36.3
0.21719879900022626,0.3374519715349621,U8,MN8014,14.479272773896684,4.520055025328115,CPG,SSPG,0.12357080337038867,0.3758275500212972,0.20785268429650422,-1.0761889076843438,3,-0.9306587572282066,726.7,3.9,35.6
0.21500366505400528,0.3450792887079144,U8,MN8014,12.410670815413797,4.028785611124712,CPG,SSPG,0.12238474043230836,0.3831575688471732,0.21857569116189873,-1.174664435721456,3,-0.8135182747294794,794.4,4.6,37.0
0.21226302077987907,0.3409767953935043,U8,MN8014,11.049447656909265,4.608605468672875,CPG,SSPG,0.12818067769693137,0.38143972192235087,0.2226028140775377,-1.0927184594409591,0,-0.8144931375753917,787.6,4.4,38.3
0.22395841206858982,0.33359053519394594,U8,MN8014,14.11269722624984,4.3351698172036555,CPG,CPG,0.12079628296359375,0.3803840954037667,0.20801686988470747,-1.1167325288953938,4,-0.8140850186204016,727.5,4.6,35.7
0.2362162313036974,0.327813091467366,U8,MN8014,12.427042108725365,4.251116337463054,CPG,CPG,0.128763515898075,0.3708868089015738,0.20013258068675416,-0.9973676232543497,4,-0.7534445740549813,721.4,4.8,37.7
0.22893835826688053,0.34878645395334246,U8,MN8014,13.4257907231323,4.170986425388066,CPG,SSPG,0.1344774202812961,0.37134673686480113,0.20006712342848948,-0.9711613770605494,5,-0.6995420974064963,730.9,4.5,37.2
0.22433105392841926,0.3421524553595132,U8,MN8014,13.540794814524057,4.165357419977406,CPG,SSPG,0.13000767961219406,0.3591607538080164,0.2064981841717511,-0.8852705337029863,4,-0.8269573476416401,686.8,5.2,33.4
0.2225645131011074,0.3275774419038628,U8,MN8014,13.504066910631707,4.245540547172288,CPG,SSPG,0.128619868407995,0.35358969946996377,0.21047334044970897,-0.9708264537070865,5,-0.8030002852716418,739.2,5.7,35.8
0.23073300405044886,0.3394564741774343,U8,MN8014,14.259917070193413,4.257941258239942,CPG,CPG,0.13152154752347178,0.3580653824451412,0.20078919712898408,-0.8611752521934939,1,-0.8472069054353657,706.9,5.7,35.8
0.22881890773957525,0.34373094706920054,U8,MN8014,12.822564241708982,4.029630299218262,CPG,SSPG,0.12659058620130387,0.3529040106753222,0.20151118111426378,-0.8202448806621618,4,-0.8653484125469628,726.0,5.1,37.4
0.21691798122064004,0.323941632162741,U8,MN8014,13.900595052630207,4.1836226288711575,CPG,SSPG,0.12321590763553301,0.3624838383202094,0.2022459365370949,-0.9760165725674634,2,-0.9554622611274421,726.0,4.8,35.0
0.224234049487671,0.3243012358577568,U8,MN8014,14.226413765738258,4.389982558515539,CPG,SSPG,0.12105523222408415,0.3538101674873405,0.20092741487439278,-0.8724111544642441,3,-0.8735084018680652,693.1,5.2,37.6
0.22077431291442465,0.34036843982582266,U8,MN8014,13.41328567148108,4.309332999946225,CPG,CPG,0.12361594421264674,0.35678265376308105,0.20280392068056874,-0.8901725801173215,2,-0.8958449446930903,734.6,4.8,36.4
0.21809226354539135,0.3336037035523487,U8,MN8014,13.050394487395318,4.281825259772235,CPG,CPG,0.12000780861286306,0.3554080511489134,0.20010789949745794,-0.9157906439886498,7,-0.9198237544309595,701.0,4.8,35.3
0.2129172548923412,0.32522256241667324,U8,MN8014,12.014593812538378,4.767453932243116,CPG,SSPG,0.12125815901321013,0.3487144361424688,0.2202766093644262,-0.8482621051856555,6,-0.8647784027148324,739.1,5.3,36.0
0.20790894141655575,0.32340435521939914,U8,MN8014,12.617219553954751,5.000958824770359,CPG,SSPG,0.11951311260966395,0.346930862351783,0.21204491405427314,-0.8588125000366749,1,-0.8537095461398518,738.2,5.2,34.7
0.2053031172177877,0.3456630598841529,U8,MN8014,11.760504338648527,5.205813271597167,CPG,SSPG,0.12635376697411183,0.34749425373485415,0.20134062727764024,-0.9503228048538063,3,-0.8174800943695191,785.4,4.9,35.4
0.19793818674638486,0.3431688425122602,U8,MN8014,11.177616899426521,4.781674247901882,CPG,SSPG,0.12868838743372796,0.34836172632398626,0.20182355483149825,-0.9229227366708922,3,-1.0088825028619182,743.5,5.0,33.6
0.19947845138950646,0.34477574566433433,U8,MN8014,10.82593524945119,4.7739543562440225,CPG,SSPG,0.12752323018316733,0.35184595963707865,0.20095802197660853,-0.9191534612275125,3,-0.9234734221954337,749.6,5.6,34.9
0.20263513933739333,0.34424164328654344,U8,MN8014,10.193008212590524,4.511684541957968,CPG,SSPG,0.12855154387877288,0.342645918046485,0.2025759306063167,-0.9179800332588769,6,-0.9420800270660168,773.9,5.9,34.0
0.20090747884850638,0.33170890543675996,U8,MN8014,9.98759142825643,4.254494383412856,CPG,CPG,0.1275275261129441,0.3413641361777897,0.20252771567344618,-0.9388825699731891,3,-0.9467368210939382,784.3,6.2,33.5
0.1947519178626154,0.34645585722952393,U8,MN8014,10.800990729836208,4.0012578954141444,CPG,SSPG,0.1283898108779005,0.33843446186498516,0.20015962513929908,-0.8911696045460349,3,-0.9461798901293044,774.7,5.4,33.6
0.20026586415962028,0.34554668387372345,U8,MN8014,10.857234753220077,4.004408887728893,CPG,SSPG,0.12378327574258477,0.34183755138869887,0.2049678485528155,-0.9338656720753495,0,-0.9650354344171124,789.0,6.2,32.6
0.19318327975309318,0.3381645835627822,U8,MN8014,11.16111581895966,4.017746366712907,CPG,SSPG,0.12483612499126231,0.3422870455369829,0.20096785364354247,-0.9827376576592713,6,-0.9983154293597014,808.1,5.7,34.6
0.1931076133919127,0.34002096751044086,U8,MN8014,11.192789021489835,4.106098916003738,CPG,SSPG,0.1277995574182191,0.34006681210881823,0.2000351414472932,-0.901982680666127,5,-0.9353008422899665,808.4,6.0,35.3
0.1965806486645902,0.3393608066060603,U8,MN8014,12.020769588371435,4.026388399173245,CPG,SSPG,0.12721041097375385,0.3496883648127974,0.20143307018452067,-0.9658467416021346,1,-1.0341148095872734,774.6,5.5,35.1
0.19976340633627138,0.33874160220884564,U8,MN8014,10.910261145003084,4.011764287999064,CPG,SSPG,0.12619426913462545,0.34616483989370933,0.20068326555659333,-0.9012806668798906,5,-0.916478328186332,777.6,5.8,34.3
0.19566660974492522,0.3426364750866349,U8,MN8014,9.969589411687931,4.018517939574768,CPG,SSPG,0.12587907621480665,0.34227138364426235,0.20492241664356853,-0.9339235145573989,0,-1.0300922656582001,802.1,5.9,36.1
0.19552268027593192,0.34360223446062405,U8,MN8014,10.994786459104294,4.033716276300515,CPG,SSPG,0.12678477376115144,0.34633481037887953,0.20804726383578534,-0.9064715227011846,7,-0.9945629030062593,784.7,6.5,34.3
0.20128396878034815,0.3445389853125904,U8,MN8014,12.367440758821912,4.028642619342449,CPG,SSPG,0.12217855158328092,0.339556550196697,0.20255602788645244,-0.955532702955437,1,-0.991158744194129,792.6,6.6,36.0
0.1974234715148917,0.3359780996353856,U8,MN8014,11.654349629880933,4.000486012548095,CPG,SSPG,0.12304501459025748,0.33850877319757444,0.20005163465374406,-0.9688593990701311,3,-0.9241074836072665,780.2,6.3,35.3
0.19977606884232652,0.34195724927515964,U8,MN8014,12.359114997121033,4.00034167389183,CPG,SSPG,0.1263828449301342,0.33850659294639235,0.20107672040808577,-0.8914750163303476,3,-1.0325682300106056,760.9,6.2,34.4
0.19126278716187187,0.3398295238922231,U8,MN8014,10.925354486901785,4.010165203352131,CPG,SSPG,0.12391890313943207,0.3337085661310448,0.20160428745775857,-0.9382439736263498,7,-1.027566771260351,805.6,6.4,33.2
0.19966363833046685,0.34222993912417127,U8,MN8014,12.045930085797117,4.03277948525497,CPG,SSPG,0.12398003530352658,0.3401247153108396,0.20282982124531776,-0.8842001339867086,0,-1.0240560381793866,781.9,6.3,34.9
0.19896930645594113,0.3373590594873079,U8,MN8014,12.734181410078788,4.039442632859832,CPG,SSPG,0.12112419090527221,0.3402514634872038,0.20113423484880136,-0.8571536355015368,6,-0.9969100986131298,771.4,6.4,35.5
0.1937327435011917,0.33792274669747957,U8,MN8014,11.361852291489075,4.025129557772538,CPG,SSPG,0.12380893743758613,0.341837769178573,0.20303554740025165,-0.9310243897704501,5,-1.0820032712890812,790.5,6.7,33.9
0.19145063178053356,0.34002120428436766,U8,MN8014,11.222589948333336,4.00138552535619,CPG,SSPG,0.12347812113667316,0.34538452426048916,0.20004706288816096,-0.9789110419221574,6,-1.0098802986756965,776.9,6.3,35.6
0.19340309810762588,0.33609749524858057,U8,MN8014,11.003616809904955,4.015693360513414,CPG,SSPG,0.12015696352344306,0.3426802850294904,0.20120581168081916,-0.9644337695883377,4,-1.0188269293015528,785.7,6.7,34.4
0.1937190522192193,0.334826305320679,U8,MN8014,11.230787427319093,4.008537715691065,CPG,SSPG,0.12025625608531049,0.34152382019427097,0.20005227029592504,-0.9373064924134413,0,-1.0550112738798436,781.0,6.6,35.8
0.19328038045099227,0.33545525896750994,U8,MN8014,11.211583256019388,4.007348591418686,CPG,SSPG,0.12166955565860187,0.34318125342344324,0.20099744145835746,-0.9774987669517176,3,-1.0500459548936538,790.5,6.6,35.2
0.1964728987714816,0.33579762586544193,U8,MN8014,11.37117742762186,4.014833016325679,CPG,SSPG,0.12039041073383608,0.34071620704980055,0.20059693656281213,-0.9134930938180646,1,-1.0666583840626949,795.6,6.7,34.5
0.1998998274872898,0.33054319240646896,U8,MN8014,10.983516718324598,4.037592501589488,CPG,SSPG,0.11853511833230572,0.3430260263698297,0.20043790975572873,-0.9261232121678068,5,-1.0399743365134393,793.9,6.7,34.2
0.19340510124831034,0.3307654482565706,U8,MN8014,10.969778813805254,4.111438460611061,CPG,SSPG,0.11834595978264711,0.3419090435842348,0.20000024750905707,-0.9236164700456638,0,-0.973427828545339,789.5,6.9,33.5
0.1993617420340465,0.3361452020506367,U8,MN8014,10.69983918656388,4.218089688788323,CPG,SSPG,0.11933206547874733,0.33719490476686975,0.20025626638377717,-0.9349625222482006,0,-1.0076794194453909,809.2,6.6,33.9
0.19311191574737746,0.3307978732701592,U8,MN8014,11.024650790633608,4.027404621708395,CPG,SSPG,0.1209944079935639,0.3427963523249488,0.20347853359008575,-0.9340668532909756,3,-1.0047306224359893,788.5,6.6,33.1
0.20000504258242355,0.3338698392770644,U8,MN8014,10.957592526243623,4.045190605783122,CPG,SSPG,0.1185823700451933,0.34097064767644886,0.20018209332545894,-0.963928203106528,6,-1.0527744587477255,789.4,6.6,33.6
0.19726891688206538,0.3315704953807255,U8,MN8014,10.963346072569273,4.128569965070024,CPG,SSPG,0.1177258108325167,0.33938038403942233,0.20007641286848252,-0.9256052231863922,1,-0.9814890290878093,778.6,6.6,34.1
0.19640073069144737,0.3361637296873241,U8,MN8014,11.57407564443352,4.21368409986412,CPG,SSPG,0.11692995187594207,0.34356659336697926,0.20309269859489656,-0.9299117084751677,5,-0.9805947389469356,782.3,6.4,34.4
0.19488187438582066,0.3383758214163917,U8,MN8014,11.961867012784634,4.206956841024189,CPG,SSPG,0.1163263142756656,0.3378686087614994,0.20219197534529448,-0.8851565321610464,7,-1.0660503030926192,785.5,6.6,34.0
0.19770618007402785,0.33725646125376313,U8,MN8014,11.029027889234971,4.161550373475034,CPG,SSPG,0.11697654006540262,0.3390532224074144,0.20487459042702946,-0.9393585341071418,7,-1.0700593286428868,799.3,6.4,34.3
0.19426570666436344,0.3365991481624436,U8,MN8014,11.029900453609507,4.402352733911906,CPG,SSPG,0.11747681666940238,0.3377761549099232,0.2057860064017027,-0.9159437678315109,7,-1.0640893883947289,791.7,6.4,34.1
0.19758769323989722,0.33504213999561683,U8,MN8014,11.805904935153382,4.388047339099251,CPG,SSPG,0.11726779085106653,0.3380243967471652,0.20170110255332838,-0.8981107133510238,3,-1.0122115532703608,779.9,6.4,33.8
0.19949821609370538,0.3343417473720016,U8,MN8014,11.379535859073663,4.439655444556328,CPG,SSPG,0.11624966211468472,0.3346314441999171,0.2022570447565952,-0.8965290901126383,7,-1.0692440326367434,780.9,6.6,33.8
0.20191547828469533,0.33835136718390774,U8,MN8014,11.006223173355146,4.357391786440491,CPG,SSPG,0.11996170052243156,0.3338821277671342,0.20021760158916166,-0.9197651962593482,3,-1.0871823455813336,789.2,6.3,34.6
0.20335121122125166,0.338429512471287,U8,MN8014,11.409337280270844,4.406909193737208,CPG,SSPG,0.11838225985015798,0.3337445341986117,0.20122056988435927,-0.9299030262608825,4,-1.0863535561687083,798.2,6.4,35.1
0.20106338595203344,0.3387751272020657,U8,MN8014,11.211843501905859,4.318382147086793,CPG,CPG,0.11819243725290769,0.33426644388952353,0.20017954096244267,-0.8929992968983079,4,-1.0400380200418855,794.4,6.4,34.4
0.2024500552417392,0.3429209296918059,U8,MN8014,10.966429780924043,4.346483699734229,CPG,CPG,0.11795785326488822,0.33456247833270064,0.20042486842653215,-0.8903965795597315,4,-1.0394638284808497,786.3,6.5,34.6
0.2011147449382798,0.33735460222700836,U8,MN8014,10.986423972911911,4.424632273473543,CPG,SSPG,0.11639203685262861,0.3332986020346836,0.2000813896452595,-0.8916627136487718,2,-1.0793136975618252,781.2,6.6,34.4
0.205232104192955,0.33921080355825617,U8,MN8014,11.112845170422153,4.40720615734872,CPG,SSPG,0.11878606434587409,0.33414863891428637,0.20018716853710294,-0.8944411959338523,4,-1.0149655083577631,781.6,6.5,34.3
0.20197652177620756,0.33829612838109935,U8,MN8014,11.214441090213711,4.461871853298923,CPG,SSPG,0.11868960971022328,0.3319367312577024,0.20069699139209862,-0.8839258943623498,3,-1.0638400356963063,784.1,6.6,34.0
0.20431578821052776,0.34100265871332247,U8,MN8014,11.351768674632513,4.399670232521231,CPG,SSPG,0.11787128762978967,0.32950463941869323,0.20079739492931367,-0.8682445957617783,4,-1.0951734969941764,786.3,6.5,34.0
0.19915424873286464,0.34195153399227063,U8,MN8014,11.201735434036115,4.396870168285147,CPG,SSPG,0.11911082550267993,0.33306098455665484,0.20053673285820645,-0.8751746245419888,4,-1.0917283456235687,787.5,6.5,34.1
0.19671279391720953,0.34086458249780294,U8,MN8014,11.185282129269313,4.347896155510126,CPG,CPG,0.11910595023553318,0.3334084574573822,0.2010446015435686,-0.9043161966029649,5,-1.0448987080719645,795.9,6.6,33.8
0.1989394760708029,0.3419002696836345,U8,MN8014,11.007686403217367,4.212048253397572,CPG,SSPG,0.11925503846764525,0.33232123309480704,0.200229120967005,-0.9095436354638584,1,-1.1027240534831693,797.5,6.6,34.0
0.20144974835658847,0.34218451339958594,U8,MN8014,11.227175506257709,4.398476916251825,CPG,SSPG,0.1181329179087253,0.3306225299558553,0.20000132970747833,-0.8974393553318571,7,-1.043196407011413,785.0,6.5,33.6
0.20017998477702015,0.3410814782630322,U8,MN8014,10.988814644880788,4.283451604718214,CPG,CPG,0.11804983325220517,0.33057619124319915,0.20027703999479204,-0.9176058600304058,6,-1.059662891533189,798.5,6.7,34.1
0.19954840626037912,0.33964432378564546,U8,MN8014,10.999875972542743,4.354213595697745,CPG,SSPG,0.11817050969439132,0.33091811305099883,0.20025753092900195,-0.9001264609054556,5,-1.1301432657977122,804.2,6.6,34.3
0.1989016633833051,0.3448870177824786,U8,MN8014,11.224140158029224,4.3376329645994405,CPG,CPG,0.11851436562239868,0.33122753368933733,0.2000508012277355,-0.9125193956192135,0,-1.063057300869108,801.7,6.5,34.8
0.19590576120867714,0.345510709276326,U8,MN8014,11.196117533323722,4.227195248904393,CPG,SSPG,0.11853403134207144,0.33000970168011573,0.20132741294553883,-0.9135294534869338,6,-1.09199426577152,811.6,6.5,34.0
0.19941853742959803,0.3445918433588375,U8,MN8014,11.237271295360792,4.368724118072183,CPG,SSPG,0.11731848014409237,0.3295093709555185,0.20149702949118736,-0.9140007967538618,6,-1.0738328571439384,802.7,6.5,34.0
0.19719714801985766,0.3443555406476857,U8,MN8014,11.043356006954408,4.225739120695749,CPG,SSPG,0.11711790063057652,0.3307100137520737,0.20106839748018235,-0.9135925009242737,4,-1.0721340988871404,807.6,6.6,33.8
0.19954098010246712,0.3456679627633838,U8,MN8014,10.98276114238812,4.190937034794679,CPG,SSPG,0.11773992588946743,0.3321144042672748,0.20083520945605415,-0.927380056592419,6,-1.1022917836719426,805.0,6.6,34.4
0.19883844434191647,0.34726547716212913,U8,MN8014,10.954847094324744,4.183724213666807,CPG,SSPG,0.1189811170480014,0.3330795869910647,0.20120822929186674,-0.9442286349319503,2,-1.0929580178638094,807.4,6.4,34.8
0.19802038941782868,0.3462782299658378,U8,MN8014,11.009847672095784,4.191636243816089,CPG,SSPG,0.11828896331406087,0.3325233042691494,0.20200687661879357,-0.9477038087269505,3,-1.0366531947584416,810.2,6.5,34.9
0.19974446844881638,0.34602580417212886,U8,MN8014,10.984458980941547,4.246570789928428,CPG,SSPG,0.11886444913668227,0.32930511056957595,0.20005989616669045,-0.9337470426869067,4,-1.0977410498546707,812.6,6.6,34.5
0.19848149286195269,0.3443450232716539,U8,MN8014,11.020196133748236,4.2588664639533045,CPG,CPG,0.11858669834281606,0.32971448571275813,0.20034925363487496,-0.9278484701245501,2,-1.043881450852811,804.7,6.6,34.7
0.19730713292325464,0.3447934079939305,U8,MN8014,11.048740820644644,4.239587223160885,CPG,SSPG,0.1187802091896648,0.331264775893878,0.2011221432713734,-0.9369502799039596,7,-1.087466323132391,798.4,6.6,34.5
0.19791192080800515,0.34529685031308494,U8,MN8014,10.98166463853355,4.188346382380515,CPG,SSPG,0.11832755475517182,0.3322115603594703,0.20137816926485053,-0.9451001252702863,2,-1.0526954121046375,804.5,6.5,34.6
0.19650643060382877,0.34531391504575204,U8,MN8014,11.015406761205792,4.156438499229152,CPG,SSPG,0.11845336719667572,0.3324926393484956,0.20166665548121607,-0.93930224100488,7,-1.0962185241957965,801.8,6.5,34.5
0.19760994531395046,0.3460518653143328,U8,MN8014,11.23658531815979,4.194974143113475,CPG,SSPG,0.11811875612071827,0.3302717461448843,0.201490884996773,-0.9247700523217343,1,-1.0613049679353628,804.6,6.5,34.9
0.1988907664896287,0.34602774277462056,U8,MN8014,11.202961321138012,4.169459605100342,CPG,SSPG,0.11857876432837534,0.3322252530768162,0.20012714993716232,-0.9363627680906479,5,-1.0477291015892138,797.1,6.5,34.7
0.19805209198999887,0.3459065893517529,U8,MN8014,10.958232968419836,4.164123664028637,CPG,SSPG,0.11850296792268304,0.33203173716425755,0.20002951974505012,-0.9400973452705008,7,-1.087535018815661,804.4,6.5,34.5
0.19834154680851157,0.3459910051772057,U8,MN8014,10.987115898737466,4.181644625860745,CPG,SSPG,0.11785172643353502,0.33218776603118605,0.20001663089320512,-0.9413849209608058,0,-1.0962845253143687,802.6,6.6,34.3
0.20063338536356679,0.34665264676552593,U8,MN8014,11.175257219437661,4.226191263680702,CPG,SSPG,0.11782993831954192,0.3322618314295208,0.20006800689120016,-0.9398270488387552,7,-1.098934069116308,802.7,6.5,34.5
0.2003380013750408,0.3460426293285972,U8,MN8014,11.046773937206414,4.239425237088774,CPG,SSPG,0.11771891591963994,0.3316984108451244,0.20021618220839432,-0.9313889801648073,6,-1.1199341062317094,803.7,6.5,34.3
0.20039236118335457,0.34709120307567376,U8,MN8014,11.182799680440194,4.183717550096039,CPG,SSPG,0.11700190574116072,0.3327109958464651,0.20010305481579108,-0.940840656085754,2,-1.0892559490074367,799.9,6.5,34.4
0.20111748643999178,0.3468341566325823,U8,MN8014,11.217519812830712,4.168138036161245,CPG,SSPG,0.11683490088004968,0.3332344113836596,0.20075980984422176,-0.9325622611987576,0,-1.0384462520100302,800.6,6.5,34.4
0.2022702867126724,0.34663925694505315,U8,MN8014,10.97872002225903,4.175709692038506,CPG,SSPG,0.11684950931038213,0.3314360059520282,0.20007551475812518,-0.9322293725735386,3,-1.0765566922561405,797.6,6.6,34.4
0.2003599989632787,0.34545140570529176,U8,MN8014,11.245840881675267,4.1623379790227935,CPG,SSPG,0.11628943973453343,0.3329727120310876,0.20029633613369469,-0.9325980082983043,2,-1.0980965110604464,801.5,6.7,34.1
0.2010267217079968,0.34652896147169465,U8,MN8014,11.117715017417051,4.15993814089484,CPG,SSPG,0.11656157748300784,0.3311512503203226,0.2001309960093784,-0.9233652229435207,0,-1.035624961529809,798.6,6.7,34.0
0.1997859166420815,0.3455525653264017,U8,MN8014,10.988216539311612,4.188537836470063,CPG,SSPG,0.11680758861786485,0.33211421299164423,0.20038412541556397,-0.9297459578489027,0,-1.1161115732114846,797.1,6.8,34.3
0.20097536985123576,0.3465449875588482,U8,MN8014,10.989845330658314,4.196030524620546,CPG,SSPG,0.11696238660897974,0.3294748910043263,0.20000650422872748,-0.9284395197771204,6,-1.0486183738299948,801.3,6.8,33.9
0.20166393187404724,0.34665497167268605,U8,MN8014,10.989541637787568,4.233746492261158,CPG,SSPG,0.11786170828587104,0.32844881625655004,0.20000601395860224,-0.9207543250620305,7,-1.0943259089973614,802.5,6.8,33.9
0.20207514258302992,0.3461449772007222,U8,MN8014,10.747298794027435,4.179231165709672,CPG,SSPG,0.11835335367090942,0.3288703834923344,0.20043819362220877,-0.9274036184442195,1,-1.0164434130724587,801.6,6.8,33.9
0.2013951470008708,0.34586765642644446,U8,MN8014,10.860344299267382,4.187788484881409,CPG,SSPG,0.11754357318653476,0.3287473368679484,0.20051175367273347,-0.9075073232373025,3,-1.0199834108381927,800.9,6.9,33.8
0.20234783866794498,0.345292730274028,U8,MN8014,10.974896314141798,4.2492517195989175,CPG,SSPG,0.11606572264203581,0.32908958073766637,0.20000342557894546,-0.8910910530711256,1,-1.1160212282826478,796.9,7.0,33.6
0.201060616250837,0.3450867879955821,U8,MN8014,10.980470237773302,4.186465777452084,CPG,SSPG,0.11688181115398968,0.33047754009415764,0.20003652534628166,-0.8961632103271858,7,-1.1012194301243943,796.6,6.9,33.7
0.2025815495750256,0.34451688261661995,U8,MN8014,11.03376290103413,4.215002335754616,CPG,SSPG,0.11612580957982606,0.32767932314897336,0.20064117146999075,-0.876539582439531,0,-1.1215262843096152,798.6,7.1,33.2
0.20285876041393935,0.3444408605910305,U8,MN8014,11.391560753309346,4.23790103598907,CPG,SSPG,0.11553656742438996,0.3287860461777611,0.2000832098280768,-0.8737020717388672,1,-1.079116928915325,802.1,7.1,33.4
0.20165960398373062,0.3443857425284326,U8,MN8014,11.190928502323441,4.197109290590583,CPG,SSPG,0.11638894495881683,0.3255281881265269,0.20003945500793632,-0.8874306662947348,0,-1.1009836244041393,799.4,7.2,32.7
0.20230079550097949,0.34339246263970036,U8,MN8014,10.976434059498281,4.234244936214993,CPG,SSPG,0.1159219305141551,0.3265982784023261,0.20000100197193146,-0.8739673839264206,6,-1.0472379270305288,802.8,7.3,32.7
0.2009645231719776,0.3438390133752499,U8,MN8014,10.965193994884576,4.2414466297300715,CPG,SSPG,0.1174808439423292,0.32691365280631735,0.20031994611955292,-0.881983904192262,5,-1.1115152957681609,795.5,7.4,32.6
0.20164129555447247,0.34561262671751836,U8,MN8014,11.046587197790895,4.177511623176228,CPG,SSPG,0.11513995926139552,0.32898893493930537,0.20012093562244163,-0.8952588512548533,7,-1.0879213490476838,803.6,7.2,32.5
0.2009553699292799,0.3444433560285876,U8,MN8014,11.027042020054253,4.182186264018393,CPG,SSPG,0.11432973136697792,0.325557480210289,0.2000024713555684,-0.8804439817472242,2,-1.1201491500234075,806.1,7.3,32.5
0.1995284341891026,0.34557142360676224,U8,MN8014,10.956388473572305,4.208459520787238,CPG,SSPG,0.11410998903167259,0.32545991045548534,0.20000137203794002,-0.8659716182277467,5,-1.0883104321974706,810.8,7.6,32.1
0.20141191715339543,0.34278549687479265,U8,MN8014,11.0102665355378,4.237883572486315,CPG,SSPG,0.11464876869424274,0.3260880423322073,0.20033797717049684,-0.8716431842101112,2,-1.1246722189069338,807.9,7.3,32.3
0.2008356655077378,0.3421817407797682,U8,MN8014,10.978011944998153,4.212123588783208,CPG,SSPG,0.11440839699967116,0.32735401531088765,0.20025378708577352,-0.8816934943597164,4,-1.1033575191076865,810.1,7.3,32.1
0.20045959611051264,0.344031341016204,U8,MN8014,11.386084713799749,4.220348719689699,CPG,SSPG,0.11301891528580905,0.3246622212912942,0.20000263433652413,-0.8687477974121551,1,-1.0937447488910435,812.9,7.5,32.3
0.20009396658630446,0.34424627281093906,U8,MN8014,10.96024860808685,4.217504955527785,CPG,SSPG,0.11398411841332506,0.3276538925984041,0.20004533940233488,-0.8859884253528515,6,-1.0970015590760411,807.7,7.4,32.8
0.19822906603805307,0.3437752940116487,U8,MN8014,11.020775355827178,4.174582282942683,CPG,SSPG,0.11449897632430933,0.32910391693633,0.20002600031504428,-0.9019316420067855,7,-1.1120289600479767,810.3,7.2,33.0
0.20152706856350175,0.34298385440784124,U8,MN8014,10.955128404184975,4.1961128733115505,CPG,SSPG,0.11439516314802813,0.32880643444706775,0.20001370952892866,-0.8973334322353785,3,-1.1150486837217803,805.9,7.3,33.1
0.19952868293172377,0.3458721239070599,U8,MN8014,11.034156389241204,4.16143629877609,CPG,SSPG,0.11448391439881267,0.32773163936210803,0.20036273912444624,-0.9176385282438906,6,-1.1173835873467457,809.3,7.3,33.3
0.19983313824317378,0.34416585693728696,U8,MN8014,11.014782112111305,4.201896246043412,CPG,SSPG,0.11351469941685942,0.3279910184561638,0.20166492729828087,-0.9270629768694847,3,-1.1353832956944165,810.2,7.5,32.8
0.1987241929180107,0.3397433114511811,U8,MN8014,11.215387121316827,4.1882674180390405,CPG,SSPG,0.11391022689892764,0.32831584951493303,0.20042645220224728,-0.8976945987956054,6,-1.105039487732582,801.6,7.1,33.3
0.19725883733997715,0.34011621997985075,U8,MN8014,11.015783432994798,4.198938825275136,CPG,SSPG,0.11431290615453844,0.3276673051769493,0.20060941482762273,-0.8829126838309947,1,-1.1237020282963686,803.9,7.3,32.9
0.19498003425588664,0.3408270016430176,U8,MN8014,11.233210833624554,4.219779297995974,CPG,SSPG,0.11530294739099235,0.3308569376813261,0.2060813780565738,-0.9023145576570557,1,-1.0984375929162074,806.5,7.1,33.5
0.19459272821369122,0.34108733070098085,U8,MN8014,11.434605119371799,4.198077401806456,CPG,SSPG,0.11475983708553271,0.3307823457099655,0.20569954058900142,-0.8981967359863336,0,-1.0791282971306186,806.4,7.1,33.6
0.1998298580166262,0.3425708384310605,U8,MN8014,11.13773868628714,4.227340456388798,CPG,SSPG,0.11313424893636209,0.32689704596228075,0.2000012232969787,-0.8968234875701911,1,-1.0528286709465426,803.4,7.4,32.7
0.19716390980387066,0.3403565728877041,U8,MN8014,11.219905976613488,4.200863444616033,CPG,SSPG,0.1140331729928637,0.3279939498462353,0.20056236956108273,-0.8861074469307457,5,-1.0865095966574705,796.0,7.3,33.3
0.19840841229649703,0.33740691140087115,U8,MN8014,11.16365627171786,4.190326948357918,CPG,SSPG,0.11350082587191171,0.3305996078549168,0.20055639810264128,-0.875614494385177,7,-1.1106397088322657,792.6,7.3,33.3
0.1983849009574117,0.34138645117650146,U8,MN8014,10.974637264095275,4.213733560916768,CPG,SSPG,0.11455491631637284,0.32795903268458465,0.20051439944293067,-0.8934903199061249,4,-1.127066623970956,799.8,7.3,32.9
0.1981982849089944,0.338754830353595,U8,MN8014,11.229839264610472,4.152580960389655,CPG,SSPG,0.11343730239075539,0.3298298933382678,0.20077413281871073,-0.9058742066701039,6,-1.0988267024899265,794.7,7.3,33.2
0.1952083331339955,0.34049159689299885,U8,MN8014,11.031856930138133,4.166874286870155,CPG,SSPG,0.11360344894720512,0.3301183081220736,0.20000096284997185,-0.9296828799618124,7,-1.1118261199215969,803.4,7.1,33.2
0.19627112972898034,0.34164662492880093,U8,MN8014,10.96669793774954,4.153950412047827,CPG,SSPG,0.11412055026868305,0.32974084686291405,0.20018304735403444,-0.9135536133218157,3,-1.0680850009584972,801.3,7.2,33.4
0.19495283769433608,0.33986537775757053,U8,MN8014,11.009722671374579,4.192378203182755,CPG,SSPG,0.11395892875185505,0.3307870384024015,0.20002354123003493,-0.9048891279306213,6,-1.1146922874233969,800.0,7.2,33.4
0.19623444656992878,0.3408366798637846,U8,MN8014,10.97441773855841,4.194680194314058,CPG,SSPG,0.11387241061032237,0.3318745414862895,0.20067097195358113,-0.9229353590604152,2,-1.0692538541478411,789.6,7.1,33.1
0.19654367437224865,0.33894390118739104,U8,MN8014,11.048792273815366,4.194678583269284,CPG,SSPG,0.11298637160395289,0.3300263435161506,0.2011533857605984,-0.8828014838160481,7,-1.1075825773646537,792.2,7.4,33.0
0.19662391760371184,0.33753722933212177,U8,MN8014,11.027652707580355,4.163270884038011,CPG,SSPG,0.11282364443081545,0.3307007781768021,0.20019963339441482,-0.8800131310837616,2,-1.0920396964514367,790.5,7.4,32.5
0.1988366010001568,0.33636754823438547,U8,MN8014,11.01329893254561,4.204827770983843,CPG,SSPG,0.11322423947553985,0.33175222521211906,0.201418296659272,-0.8871008653271469,1,-1.1107364902986774,788.7,7.3,33.3
0.1987733348943665,0.3388011514491219,U8,MN8014,10.98592604359672,4.154501332536018,CPG,SSPG,0.11381690356897417,0.33129742569768933,0.20063765111090506,-0.9140254653953923,7,-1.1212444014525937,798.7,7.2,33.5
0.19863284234957984,0.33979176730417204,U8,MN8014,10.993473357492341,4.167591798792515,CPG,SSPG,0.11305449361202322,0.3305804343547609,0.20002896277812537,-0.9077470057492064,0,-1.1264557156878707,793.9,7.4,32.6
0.19790129122643535,0.33857905820643075,U8,MN8014,10.978966120039903,4.213735705580744,CPG,SSPG,0.11332078121334822,0.33169755533670664,0.20008707179263416,-0.9113152562658677,1,-1.116002790023935,786.4,7.3,32.8
0.1993556708626989,0.33881692394926427,U8,MN8014,11.018890895730733,4.165381430725793,CPG,SSPG,0.11474400748037344,0.33172924688717836,0.2000248163339595,-0.9181532312176908,1,-1.1182714860828202,787.6,7.1,32.8
0.20077392996455617,0.3385717466731215,U8,MN8014,11.000500157851153,4.171175733195167,CPG,SSPG,0.11319106723867835,0.33100667767812253,0.20118475397750185,-0.9144242265413454,5,-1.0967255797185143,788.3,7.2,32.9
0.20032557122553907,0.3387187942218205,U8,MN8014,11.03443491885109,4.15647506637444,CPG,SSPG,0.11266642508232518,0.331645568505887,0.20154503176588465,-0.9215623518700558,2,-1.072108209463348,788.5,7.3,32.6
0.20207967951377398,0.3389659927386036,U8,MN8014,11.001508929768153,4.158911959488478,CPG,SSPG,0.11302601022545576,0.3298079396034709,0.20294656410098297,-0.9116344673726917,6,-1.1136587693820905,796.1,7.4,32.7
0.20013306950307194,0.3388370100685958,U8,MN8014,11.164024147099834,4.1557800965210046,CPG,SSPG,0.11337941802862604,0.32996783748776454,0.20032533911514175,-0.920409362537629,7,-1.048220302049729,791.2,7.3,32.5
0.20230679175551997,0.33835630169636094,U8,MN8014,11.01009126631666,4.196793117604587,CPG,SSPG,0.11259009382760247,0.33137090016594106,0.20040405555996316,-0.9280810520833813,2,-1.1170383447436043,786.4,7.2,32.7
0.2026106031252764,0.3379540045255493,U8,MN8014,11.039776901786123,4.161875551502987,CPG,SSPG,0.11259288009291506,0.3316968209735535,0.20087026387643755,-0.9278843426022413,2,-1.1089103128797682,788.2,7.3,32.5
0.20269222177417204,0.34031799869672313,U8,MN8014,11.024206046628581,4.2153119644092705,CPG,SSPG,0.11256721591740886,0.3300705291265431,0.20163117848741993,-0.928447576563284,1,-1.1104065893358621,792.6,7.3,32.3
0.20290379609257597,0.3389964781612772,U8,MN8014,11.171430042018745,4.178051884216004,CPG,SSPG,0.11360422082898756,0.33087142579939244,0.20079799519354988,-0.9301307339551755,4,-1.1035879819213665,792.0,7.1,32.5
0.20252389785361266,0.3376859427572658,U8,MN8014,11.17661787749935,4.213507541877027,CPG,SSPG,0.11218983079121764,0.329511463033124,0.2026794822961422,-0.9123233795631911,0,-1.1038072034702573,789.2,7.2,32.3
0.2026625916662952,0.3380923117811595,U8,MN8014,11.231349036433983,4.233394540927238,CPG,SSPG,0.11228505920082853,0.33047790356426815,0.20115331527319108,-0.9190457226325741,1,-1.0977243523846791,790.1,7.2,32.4
0.20210494198510404,0.3403973652712773,U8,MN8014,11.245969703042572,4.2082469593336755,CPG,SSPG,0.1125866057319194,0.3307020060517212,0.2000025615993944,-0.929443505998367,1,-1.0850788168858445,791.2,7.2,32.4
0.20285164331194194,0.3387073991697378,U8,MN8014,11.233594389217775,4.196211405688063,CPG,SSPG,0.11214329763393024,0.3316564839960526,0.20008384973846233,-0.9292382045711151,4,-1.103102394742554,790.3,7.2,32.5
0.20296151514597915,0.3389417941215307,U8,MN8014,11.211555471614947,4.226015217210252,CPG,SSPG,0.11248124691453779,0.3304921497979715,0.20000078482529374,-0.9298981108838025,7,-1.1016629965737472,787.0,7.2,32.4
0.2030894314155201,0.33784055153276166,U8,MN8014,11.229446748387765,4.195798921879648,CPG,SSPG,0.11210536236209015,0.33198110148747534,0.20007425471616014,-0.9348945173613995,5,-1.1033859520732818,787.1,7.2,32.2
0.20295637866012425,0.3383651712812638,U8,MN8014,11.220428427870385,4.236179127289117,CPG,SSPG,0.11233429466072686,0.3303794601787674,0.20054454648086398,-0.9279782573664884,0,-1.1079354812112152,791.7,7.2,32.2
0.2031332913108284,0.3373449365453346,U8,MN8014,11.19381926160679,4.196214541544285,CPG,SSPG,0.11133261918287239,0.3310953481732763,0.2008771272706436,-0.9312445238972237,5,-1.1001087155204212,789.4,7.3,32.1
0.20335505517142577,0.3384108820565015,U8,MN8014,11.211294218119665,4.214544082886236,CPG,SSPG,0.11172576062684067,0.3309704420655331,0.20059846881853843,-0.9285450381986775,3,-1.1124916234544582,791.1,7.3,32.3
0.20348763044349796,0.33849613829762853,U8,MN8014,11.180184798809066,4.205740726444904,CPG,SSPG,0.1119214553699533,0.3317200961503062,0.20105326969153364,-0.9341452852747392,3,-1.107483494156237,791.8,7.2,32.6
0.2028711337628409,0.3388364265514758,U8,MN8014,11.19282078804019,4.213438546294643,CPG,SSPG,0.11178379584792197,0.3310689067146856,0.2004466916377104,-0.9322882014929537,5,-1.1088073640968128,791.4,7.3,32.2
0.20257150931426093,0.33880802280835015,U8,MN8014,11.163550357920123,4.201497641980678,CPG,SSPG,0.11211004783816433,0.3309547204331239,0.2003331484389005,-0.9312515186340813,1,-1.108858973494268,792.2,7.4,32.2
0.20286106309205945,0.3369831577251151,U8,MN8014,11.182623910155062,4.208981995578054,CPG,SSPG,0.11134094048909812,0.3315924896929785,0.201101149959202,-0.9220026055737779,4,-1.111919353308764,790.4,7.4,31.9
0.2027147050870193,0.3380004389453206,U8,MN8014,11.185663110924935,4.217244919835881,CPG,SSPG,0.11184775723152171,0.33129599033173546,0.20067891541551902,-0.923579104247898,0,-1.1067704198564172,789.9,7.3,32.2
0.2028051832016803,0.337520627444239,U8,MN8014,11.201371084689711,4.222285915717596,CPG,SSPG,0.11150991643229684,0.3310814532745535,0.20050042647821714,-0.9202335371071779,0,-1.1116207156752251,790.0,7.4,32.0
0.20237761318280173,0.3368046840264687,U8,MN8014,11.23586235214075,4.202788581295125,CPG,SSPG,0.11115970098895497,0.331168702222896,0.20091181915227108,-0.9175475459082824,7,-1.105171707520853,792.6,7.4,31.9
0.20268493912137397,0.3375436306987638,U8,MN8014,11.151842992731096,4.211275039103701,CPG,SSPG,0.11167761626636155,0.33023567138455545,0.20043485474268688,-0.9138908950708872,6,-1.1133599409181318,792.9,7.4,32.1
0.2021137615202765,0.3367969455259477,U8,MN8014,11.188785964978777,4.198205483199728,CPG,SSPG,0.11169196248619367,0.3306751481092597,0.20042626222458515,-0.9187581264907043,2,-1.1057842361516483,793.5,7.4,32.1
0.20256328057795872,0.33661964517537224,U8,MN8014,11.202132892445391,4.1718195760411545,CPG,SSPG,0.11180383801232788,0.3300685712300193,0.20109776154446646,-0.9117427556262885,2,-1.1123176715330763,794.8,7.4,31.9
0.20290330692597375,0.3364922131736135,U8,MN8014,11.207786666630518,4.167018233306538,CPG,SSPG,0.11148245606238824,0.3301695172545308,0.20112998662035758,-0.9087357908547018,3,-1.1018585688830722,795.7,7.5,31.7
0.2028785833449249,0.3372590361576726,U8,MN8014,11.23751993244357,4.172307125517429,CPG,SSPG,0.11154200318465111,0.3296980330395855,0.20155320582330796,-0.9122952025949116,5,-1.109786810780668,797.3,7.4,32.0
0.20281714861331368,0.3373660657339223,U8,MN8014,11.224508427571593,4.178165540093194,CPG,SSPG,0.11156331352111948,0.3299957997325807,0.20132228955147827,-0.9088232099342317,5,-1.1157451288838658,796.2,7.4,32.0
0.2029877980083224,0.3380632808053316,U8,MN8014,11.24641880454227,4.1835440723565895,CPG,SSPG,0.11147606220000122,0.3299703279143461,0.2008281046773081,-0.9188270440039209,3,-1.1047654361314834,795.4,7.4,32.2
0.20326847804519493,0.339242188772913,U8,MN8014,11.231928843538059,4.1755206788853565,CPG,SSPG,0.11206004605419449,0.3295568585970607,0.20157199270923995,-0.9164569890078478,4,-1.1111598054721004,796.9,7.3,32.2
0.2024444824083268,0.33981477655726244,U8,MN8014,11.221727950840862,4.158782408794863,CPG,SSPG,0.11243573030499901,0.329578771960142,0.20098802626867313,-0.9217166747813416,3,-1.0947930993421444,798.9,7.3,32.3
0.202857771975008,0.33841692751394986,U8,MN8014,11.196858726321757,4.195561453755864,CPG,SSPG,0.11187085118895043,0.33056891400650956,0.2013264230527309,-0.9216324855198395,1,-1.1052691195644497,794.6,7.3,32.3
0.2030611540109548,0.3390697410190635,U8,MN8014,11.219338288793814,4.183999098802715,CPG,SSPG,0.11204693701168705,0.329477994006981,0.20108702443314824,-0.9148421130011396,7,-1.1085669345000682,797.0,7.4,32.1
0.20314930463636918,0.3387781577951203,U8,MN8014,11.209921505967724,4.1946541847609975,CPG,SSPG,0.11206597923225885,0.32950418055324143,0.20095335386640664,-0.9102746425668355,6,-1.1079113112495431,795.1,7.4,32.1
0.20335721583013716,0.33872510049339366,U8,MN8014,11.223292570741258,4.177237714258365,CPG,SSPG,0.1124652307577182,0.3289568577989844,0.2007649363208803,-0.9122486540247887,7,-1.1126698886134792,799.3,7.4,32.2
0.2029776169625655,0.33851929719297835,U8,MN8014,11.210472056373376,4.189704193638021,CPG,SSPG,0.11243558898000924,0.32831419317630206,0.20082994309334862,-0.9061716854932687,0,-1.1149355831914791,800.5,7.4,32.0
0.20333774430875273,0.34024675028701024,U8,MN8014,11.20992902544408,4.192565520121163,CPG,SSPG,0.11264660113915691,0.32879256879550933,0.2016073470583224,-0.9198871493093965,4,-1.1112227625566717,796.2,7.3,32.3
0.20384243028757998,0.3395180592354474,U8,MN8014,11.23784187988743,4.177342757185452,CPG,SSPG,0.11232706761300887,0.32940972491529974,0.20144655662409763,-0.9174914646336483,1,-1.1128194283890949,795.9,7.3,32.3
0.20398720209750373,0.3386490906394667,U8,MN8014,11.240791790498669,4.16118999330579,CPG,SSPG,0.11226755786549567,0.3298330016298571,0.2011386466911869,-0.9198822391348959,6,-1.1199076619869937,795.2,7.3,32.2
0.2033277365267517,0.3389742558917359,U8,MN8014,11.196591307265697,4.173791822048458,CPG,SSPG,0.11229996221446784,0.3291981150240285,0.20126697282404904,-0.9168642589800142,7,-1.1173131396432208,795.9,7.3,32.1
0.20287391926804269,0.3389006739799459,U8,MN8014,11.211010713919958,4.167597982138411,CPG,SSPG,0.11253944767135236,0.32918611608750464,0.20114793381923043,-0.9099984155309981,4,-1.1069627405910119,796.9,7.4,32.1
0.20283664875103824,0.3383154795225343,U8,MN8014,11.210019356864805,4.165429494004032,CPG,SSPG,0.11279494729864739,0.328749042614991,0.2011703436177074,-0.9069721895497795,1,-1.11088489797923,798.4,7.3,32.1
0.20319674733056442,0.33804312541736026,U8,MN8014,11.226617205979927,4.162849715664931,CPG,SSPG,0.1123763905305458,0.32892852267156836,0.20132814376568453,-0.9156754233716077,0,-1.1162794171748915,796.9,7.3,32.1
0.2036501461106502,0.3383000599109045,U8,MN8014,11.225873401245767,4.162445445419114,CPG,SSPG,0.11228857924291161,0.32908098985323364,0.20150513067645187,-0.9192201512975583,5,-1.1209302648727215,795.9,7.4,32.0
0.20358686181535945,0.33788601749399405,U8,MN8014,11.238715740355943,4.164691162985493,CPG,SSPG,0.1119995813023386,0.3301555826588521,0.20118854809098877,-0.9231199836898987,4,-1.1066287139986075,795.7,7.3,32.1
0.20337445369053644,0.3385690810498898,U8,MN8014,11.22573515609391,4.176752038581507,CPG,SSPG,0.11248228492626167,0.3293437095215784,0.20088382159771573,-0.9210192994903202,6,-1.1136490772319352,797.2,7.3,32.0
0.20339064454842573,0.33835797546913493,U8,MN8014,11.229539112448773,4.175129978387178,CPG,SSPG,0.11260270863272374,0.3286069729758293,0.20107239533528298,-0.9121678846647139,5,-1.1208074282511182,797.4,7.4,32.0
0.20352934438408588,0.33929918851215046,U8,MN8014,11.240988274642394,4.184606820974492,CPG,SSPG,0.11239681098542945,0.3294853386253989,0.20047398037729733,-0.9218824237080001,5,-1.109213255979057,797.0,7.3,32.1
0.20286220122100473,0.3393483019269574,U8,MN8014,11.198323208108103,4.171700838827839,CPG,SSPG,0.11263961451879927,0.3284813196928011,0.20103845612409993,-0.9142644914050887,6,-1.117042068193422,799.6,7.4,32.0
0.20304285822707918,0.33947319782562324,U8,MN8014,11.164793076711966,4.183758287513061,CPG,SSPG,0.11279220162368014,0.32853976386405387,0.20079925985972388,-0.9161730403165392,0,-1.1174858826202803,798.6,7.3,32.1
0.20337704991338118,0.3394184797095233,U8,MN8014,11.220224102809372,4.181323346333048,CPG,SSPG,0.11283837865153638,0.3282264970415664,0.20075731054112617,-0.9143090960288418,6,-1.119820196018912,799.0,7.3,32.0
0.20341035142468464,0.3398948502985997,U8,MN8014,11.219921827383946,4.190690734219932,CPG,SSPG,0.1127948815330514,0.3287942501505751,0.20047960818901497,-0.9197518567048468,5,-1.1168982049059615,798.4,7.3,32.1
0.20335711598996126,0.3399096131275945,U8,MN8014,11.227999621833675,4.180132404609685,CPG,SSPG,0.11293522731027664,0.32799237235824646,0.20032916565080244,-0.9185386534425752,4,-1.1172356290914944,800.5,7.3,32.1
0.20316512769276357,0.3396992882426351,U8,MN8014,11.243083009595718,4.185963023920658,CPG,SSPG,0.11333726095962501,0.32805652578101796,0.20014949938570098,-0.9176425347098288,1,-1.11285517842256,800.4,7.3,32.0
0.20289520644594444,0.33993954340095606,U8,MN8014,11.227150436596936,4.18031243551666,CPG,SSPG,0.1132960680401235,0.3279442221403403,0.20028942241148037,-0.9188675940391587,3,-1.1006281429288363,801.0,7.3,32.1
0.20276688254535769,0.33889474181078344,U8,MN8014,11.229829311200572,4.179339094979073,CPG,SSPG,0.11347041481122637,0.3278006917081117,0.20080804754455747,-0.907494223807993,3,-1.1141963558289554,801.3,7.3,32.1
0.20300764256486048,0.33889069057136545,U8,MN8014,11.225461742645678,4.183002009554006,CPG,SSPG,0.11323826613928602,0.3279255631241837,0.2010780075102998,-0.9101566657658589,1,-1.1123095048457419,801.0,7.3,32.0
0.20342534277296295,0.3388687604491406,U8,MN8014,11.21209435441081,4.177152559580644,CPG,SSPG,0.11354279184990188,0.3279070811229656,0.20103898810830126,-0.9135239901852672,0,-1.1205372443243427,801.3,7.3,32.1
0.2030722877842364,0.3388528772546054,U8,MN8014,11.211646260589204,4.186621038629823,CPG,SSPG,0.11330865692554123,0.3282726269516143,0.2005730403946556,-0.911701948472652,7,-1.1075770828739566,800.2,7.3,32.0
0.20292113332904418,0.33850713908819385,U8,MN8014,11.198007075110988,4.1794973670999065,CPG,SSPG,0.11338172493919543,0.3280839309841612,0.2010171760243404,-0.9095900121870085,3,-1.1117978745457506,799.5,7.3,32.0
0.2029809574938394,0.3390114390528249,U8,MN8014,11.216941465158657,4.191043643222641,CPG,SSPG,0.11316103373345383,0.3280764695152187,0.20044406240861995,-0.9119762883042906,6,-1.1163737659572082,798.7,7.3,32.1
0.2030498881162327,0.33934179461146136,U8,MN8014,11.208455676680698,4.192049264916383,CPG,SSPG,0.11320377982903591,0.32783141376905994,0.200764914479703,-0.9098962301076149,0,-1.1170403559301594,800.4,7.3,32.2
0.20261062519741171,0.3388213097087102,U8,MN8014,11.175825783169019,4.185531952777513,CPG,SSPG,0.11338584548235062,0.3273222738264464,0.2006000675541192,-0.9045453724239982,3,-1.1167236788098505,801.6,7.3,32.1
0.2025341007610472,0.33909155095359605,U8,MN8014,11.20844465014271,4.1807210109441835,CPG,SSPG,0.11350315998108325,0.3272545342552996,0.20110034050352055,-0.9036788539905819,4,-1.116382917019699,802.3,7.3,32.1
0.2028135620029843,0.33904371358809454,U8,MN8014,11.190987987047157,4.185645126122797,CPG,SSPG,0.11351046637488627,0.32767429565121176,0.2009930679605998,-0.905794204050838,0,-1.1141092604384601,801.7,7.3,32.2
0.20289258581306457,0.33962951790392326,U8,MN8014,11.174103919467278,4.193558059682103,CPG,SSPG,0.11358303367178288,0.3270734715635925,0.20061800483836867,-0.9085747535659238,1,-1.1195011812219517,801.8,7.3,32.2
0.2021156721065222,0.3392278400048682,U8,MN8014,11.150351196885833,4.182914790741232,CPG,SSPG,0.11371867833036149,0.3269705169482554,0.20111427187936795,-0.9053859683296768,7,-1.1151322422041288,804.1,7.3,32.2
0.2022327980468371,0.33889275673518465,U8,MN8014,11.209623329688299,4.18946483401748,CPG,SSPG,0.11347874549864584,0.32773361872799006,0.20060194478148502,-0.9097251796184768,7,-1.1080325874820067,801.4,7.3,32.2
0.2022516139281626,0.34000787042016284,U8,MN8014,11.157049848879659,4.192031420874066,CPG,SSPG,0.11376973640482534,0.32697544712807775,0.20062021772355432,-0.9125191586965455,4,-1.11062111640729,803.7,7.3,32.2
0.20227196064953665,0.33995382722710205,U8,MN8014,11.162691356362263,4.196323571551245,CPG,SSPG,0.11423296274262755,0.32642992544840854,0.20103642283615236,-0.9067195148263939,3,-1.1131612224245506,806.0,7.3,32.2
0.20246369260910957,0.3396505437879348,U8,MN8014,11.163958549522652,4.1866378388903644,CPG,SSPG,0.11386599993398044,0.32697577512203985,0.20162290107647912,-0.9049168406193823,1,-1.115381784934586,804.3,7.3,32.2
0.20264455664433237,0.3395939142630431,U8,MN8014,11.168073215786809,4.199039737867963,CPG,SSPG,0.11363268311243575,0.326792113630281,0.20094780173588664,-0.9086161303419854,7,-1.1133979156441791,804.1,7.3,32.1
0.20245880420637072,0.3397344158496051,U8,MN8014,11.177183158814767,4.180437682744726,CPG,SSPG,0.11369845395298785,0.32681233981723545,0.20144984267341004,-0.9035313777776232,5,-1.118871485549457,804.8,7.3,32.1
0.20255072619875136,0.33977103675491754,U8,MN8014,11.203261997679839,4.192656649418735,CPG,SSPG,0.11369974217572516,0.32694122597547853,0.20094422112306295,-0.9035559093309625,5,-1.1202281101644154,803.7,7.3,32.1
0.20274308154604204,0.33973223501852534,U8,MN8014,11.220684324734215,4.1858866371748045,CPG,SSPG,0.11343404443705386,0.3273405545599342,0.2007991395612191,-0.9057454623553195,0,-1.1165701799373453,803.5,7.3,32.1
0.20261202260279376,0.33969286402358767,U8,MN8014,11.195209785430123,4.193209391259124,CPG,SSPG,0.11372445193572225,0.3270518704076261,0.2010194422635115,-0.9032756407441688,2,-1.1116717246300212,804.8,7.3,32.1
0.20246364618603765,0.338877151155384,U8,MN8014,11.1916817055535,4.1931763672037015,CPG,SSPG,0.11322892545027625,0.32735598784991116,0.20117599066226333,-0.9026371082273849,6,-1.1198413838935846,804.6,7.3,32.0
0.20285423996086377,0.33914385839195293,U8,MN8014,11.223718227493274,4.193642101449908,CPG,SSPG,0.11353786573046137,0.3273180253253756,0.20095886714419417,-0.9039397588673862,5,-1.1208400845283304,804.9,7.3,32.0
0.20292425749687798,0.33922959624160076,U8,MN8014,11.22656438494505,4.191678542744264,CPG,SSPG,0.11331287228363758,0.32727617356413863,0.20081805738927178,-0.9058013843171181,2,-1.1173022033162,802.7,7.3,32.2
0.20282701968038264,0.3392615268946617,U8,MN8014,11.228084468863806,4.185108960216358,CPG,SSPG,0.11346469066460386,0.32707538941838454,0.20098904276225057,-0.9031093891247316,2,-1.1144172307527658,803.9,7.3,32.1
0.20278890877760802,0.3387675118308693,U8,MN8014,11.215384199881417,4.186484209012713,CPG,SSPG,0.11336805582299506,0.3269372756499693,0.20119486902796027,-0.9025379072790506,4,-1.1224463752023457,804.4,7.3,32.1
0.20278822969451205,0.33948724635854377,U8,MN8014,11.211714402612186,4.186941537832959,CPG,SSPG,0.11334353780913033,0.32719889022476645,0.20078229981234638,-0.9079005338223173,5,-1.1122611337236004,804.7,7.3,32.1
0.20263660477206727,0.339139819752182,U8,MN8014,11.229611464004723,4.179662845348543,CPG,SSPG,0.11336572028766413,0.32747155949955475,0.20096735086673198,-0.9088969924394403,1,-1.1148470970700473,803.9,7.3,32.1
0.20276235865566863,0.33958327419215173,U8,MN8014,11.238606241167652,4.183527967105379,CPG,SSPG,0.11335496918751471,0.32719045638501554,0.2007519620024705,-0.9072932571252375,7,-1.1183434357719007,804.5,7.3,32.0
0.20260792454987053,0.3397074415829483,U8,MN8014,11.240974716755701,4.181241204236585,CPG,SSPG,0.11352160660906443,0.3270121184972928,0.20066102492510154,-0.9074964636561822,6,-1.1171757221324903,804.1,7.3,32.1
0.2029342199092425,0.339675903582935,U8,MN8014,11.236623471752669,4.181162120537411,CPG,SSPG,0.11349601546280252,0.3275518682457845,0.2007880101013175,-0.911310972129636,4,-1.112979166734947,804.4,7.2,32.2
0.20284109615105483,0.3397064765972885,U8,MN8014,11.232909220819238,4.188582307793555,CPG,SSPG,0.11341475926653291,0.32726993493191536,0.20066303240110694,-0.9083705219244178,2,-1.1137037902017362,804.3,7.3,32.1
0.20286271283319252,0.33975110668953257,U8,MN8014,11.213257350672462,4.182906951420254,CPG,SSPG,0.1133912115174789,0.32752257978273114,0.20078206628619938,-0.9122718516652946,5,-1.1147229429269103,803.8,7.2,32.2
0.20280177218331288,0.33984027091521557,U8,MN8014,11.203566973465616,4.174737690865805,CPG,SSPG,0.11340292273378212,0.3271478785645209,0.20089077706092842,-0.9098603780625023,0,-1.1187124764041405,805.5,7.2,32.1
0.2027359007652788,0.33949318489065106,U8,MN8014,11.195663915736507,4.17227920426304,CPG,SSPG,0.11340400982051464,0.3271427719057219,0.20089286180083585,-0.9100600190833389,6,-1.1194518653900438,804.8,7.3,32.1
0.20294870620974986,0.3393296426593413,U8,MN8014,11.202468061556079,4.175708856292336,CPG,SSPG,0.11332132691391171,0.327482620555336,0.200971528689018,-0.9107210905083281,3,-1.114201272247942,804.4,7.2,32.1
0.20293418887300238,0.3390152085848358,U8,MN8014,11.204671263593008,4.174985936154229,CPG,SSPG,0.1132916279363044,0.32728620312678985,0.20106727596215096,-0.9094559706175628,4,-1.1197977689835739,804.1,7.3,32.0
0.202899415027521,0.33916308804109246,U8,MN8014,11.213228887302465,4.181995053917362,CPG,SSPG,0.11331698711871847,0.3273996751507218,0.20091352743874327,-0.9105372268291235,6,-1.1204128870570154,803.9,7.2,32.0
0.2031925058379987,0.3394776128811179,U8,MN8014,11.238603785958048,4.181132701704109,CPG,SSPG,0.11309187750526549,0.3272859218011229,0.2011383015151126,-0.9103232378234023,0,-1.1212965492802605,804.4,7.3,32.1
0.20317112653091565,0.3394418099297934,U8,MN8014,11.235881865957854,4.180083877918584,CPG,SSPG,0.11328269073062557,0.3272107862794881,0.20117899480398935,-0.9096804856187646,1,-1.1214842999321615,804.9,7.3,32.1
0.20328548627766874,0.33894342488896745,U8,MN8014,11.245212553767956,4.179963541899786,CPG,SSPG,0.1131144790916187,0.3271921834391245,0.2009949781928536,-0.9073868345428155,5,-1.120314928514496,804.1,7.3,32.0
0.20327996762715123,0.3388412993291673,U8,MN8014,11.245904531014233,4.178647701911415,CPG,SSPG,0.11301459945007036,0.3275632241990535,0.20099748383839755,-0.9093862152378152,5,-1.11580761125325,803.5,7.3,32.0
0.20317518393892067,0.3384792190236758,U8,MN8014,11.233822829174052,4.177945499429605,CPG,SSPG,0.11305739584967846,0.32738979662327794,0.20108927422039574,-0.9072091809666385,5,-1.1220775158178355,804.4,7.3,32.0
0.20319827576050262,0.33895731652471295,U8,MN8014,11.23979806415043,4.184511643469116,CPG,SSPG,0.11314097658891063,0.3274125476972328,0.20095612867446352,-0.9077506492051127,4,-1.1212992213654065,804.6,7.3,32.0
0.20317687907273566,0.33842555184165624,U8,MN8014,11.245521795411937,4.180251594490661,CPG,SSPG,0.11308274882135379,0.3275889627755253,0.20108206800829959,-0.9060661537665009,7,-1.1234428863190669,804.0,7.3,32.0
0.20324421419267036,0.3383897146336269,U8,MN8014,11.247278980453874,4.176821299910836,CPG,SSPG,0.11309731607937114,0.32760181818588474,0.20112895449741175,-0.9065213669744315,1,-1.120668302937709,804.8,7.3,32.0
0.20309660698014026,0.3386262704004143,U8,MN8014,11.245687878328773,4.176754525305018,CPG,SSPG,0.11322806069289866,0.3273823770897413,0.20101935666175044,-0.90753782642256,0,-1.1205732941547035,804.8,7.3,32.1
0.20304973309030963,0.33823126115791435,U8,MN8014,11.243413280583674,4.176481279967984,CPG,SSPG,0.11323913094206252,0.3272721598405977,0.20115614134526788,-0.9057923949748566,1,-1.1200341050618112,804.7,7.3,32.0
0.20287866418805767,0.33842288021991834,U8,MN8014,11.230566816963528,4.173765821554318,CPG,SSPG,0.11333215759513174,0.32730142820275887,0.20095959007006858,-0.9043231424074669,4,-1.1209559871287205,805.8,7.3,32.1
0.2029697283701878,0.3380446729568991,U8,MN8014,11.24767087951422,4.1748822618975785,CPG,SSPG,0.11320215422643266,0.32757679157638997,0.20099776105047396,-0.9033970316336009,6,-1.1200226881189153,804.6,7.3,32.0
0.20276740778495245,0.3383476178629019,U8,MN8014,11.24723254547329,4.175630327509957,CPG,SSPG,0.11338115603109618,0.3275224099651885,0.2008007973846155,-0.905350547236473,1,-1.1184571620294834,805.3,7.3,32.1
0.2030315387349591,0.33887289784387964,U8,MN8014,11.231812236717623,4.178402901517666,CPG,SSPG,0.11338201400995729,0.32739723911848423,0.20088040408149235,-0.9100288883340262,3,-1.1159450677443443,805.6,7.3,32.1
0.203037085914686,0.33866094945283987,U8,MN8014,11.247857221048013,4.177667086110487,CPG,SSPG,0.1134297995816458,0.3277170677541032,0.20066053856333024,-0.9090960222716489,7,-1.115709616242074,805.5,7.3,32.1
0.20298742685190874,0.3384186090370865,U8,MN8014,11.23633685067104,4.175600847674857,CPG,SSPG,0.1133742246615132,0.327729569004163,0.2007731039451908,-0.9098452845248877,2,-1.118155976713104,805.0,7.2,32.1
0.20287061720850916,0.33832694545919184,U8,MN8014,11.245739991613554,4.1722717743403,CPG,SSPG,0.11346953594568385,0.3278238257336804,0.20078225159723975,-0.9103121586385453,3,-1.1154828258641691,806.0,7.2,32.2
0.20294499936136695,0.3384146913955885,U8,MN8014,11.24299641441286,4.176282749580386,CPG,SSPG,0.11350503964488473,0.32753509620738397,0.20085538533299066,-0.907713184091843,0,-1.1189306622652158,806.9,7.2,32.1
0.20289237795255477,0.3392670633046335,U8,MN8014,11.22644486812365,4.182783833107095,CPG,SSPG,0.11362246748350063,0.32736977918880017,0.20064137309800162,-0.9132133732350504,4,-1.1140425073658538,806.7,7.2,32.2
0.20290447860748248,0.3393661792838091,U8,MN8014,11.218836863054694,4.188673844090167,CPG,SSPG,0.11376843793189341,0.3271531990672005,0.20060373325918604,-0.9126761551760144,5,-1.1157463428656396,807.5,7.2,32.2
0.20272601038449203,0.3393792654709823,U8,MN8014,11.234587657450938,4.184335254395509,CPG,SSPG,0.1137080416763913,0.32713123318162524,0.20042798397427444,-0.9130023750275208,0,-1.1142335563530867,807.5,7.2,32.2
0.20300611157578516,0.33898366237426164,U8,MN8014,11.241517482227728,4.188377127334835,CPG,SSPG,0.11354938032003306,0.327311725771378,0.20060034047136577,-0.908388765427297,0,-1.115276331071704,806.5,7.2,32.1
0.20267052834753244,0.3385324164196676,U8,MN8014,11.233157459247394,4.19252080744056,CPG,SSPG,0.11362023670510975,0.3269909826268295,0.2005935490988208,-0.910095484397581,3,-1.1169301706075467,807.5,7.2,32.1
0.20249620390582374,0.3381561915008453,U8,MN8014,11.221469587449025,4.182583349375623,CPG,SSPG,0.11350392143545061,0.3269681851671058,0.20050994019005378,-0.904530483212675,3,-1.1189881561332324,807.6,7.3,32.0
0.2026052802871806,0.3385557881224725,U8,MN8014,11.217261419606968,4.188416442032049,CPG,SSPG,0.11364264273324415,0.3269054611054217,0.20039553419934733,-0.9077910820130399,3,-1.1193582542733926,808.3,7.2,32.0
0.2025387192421891,0.33802242497085416,U8,MN8014,11.194916216781499,4.190997288325374,CPG,SSPG,0.11357083671049774,0.3268761787999417,0.20067782618803062,-0.9053079676727885,2,-1.120422684457445,809.1,7.3,32.0
0.20284345247051308,0.3377956885266018,U8,MN8014,11.238414762132372,4.185056244010517,CPG,SSPG,0.11349909952278565,0.32744577240722594,0.2005861343377038,-0.9069752438841905,5,-1.1195507309938373,806.9,7.2,32.0
0.20294892738030396,0.33797109615270055,U8,MN8014,11.237739434624203,4.19312861154029,CPG,SSPG,0.11342498446799343,0.3274388009308443,0.20065265368216412,-0.9073375146850887,5,-1.116889381670906,807.7,7.2,32.0
0.20293254714941933,0.3379389078217562,U8,MN8014,11.233397367332362,4.1912036525195875,CPG,SSPG,0.11350147066900282,0.3275068843260496,0.20058278339757915,-0.9072685423675113,7,-1.1190937179369413,808.5,7.2,32.1
0.2030304000570795,0.33818774183309774,U8,MN8014,11.235659714854593,4.192029824710666,CPG,SSPG,0.11357291854639591,0.32735316824589106,0.20095713720453642,-0.9060072208594596,5,-1.1203804989042307,808.2,7.2,32.2
0.20311661516490823,0.33843974618176076,U8,MN8014,11.235046457216313,4.187722729395719,CPG,SSPG,0.11331203506826792,0.32723110971975156,0.20083940661471109,-0.9073179814934945,1,-1.114420389126603,807.6,7.2,32.1
0.20299289290393288,0.3383316735781398,U8,MN8014,11.219598042415072,4.194484544570652,CPG,SSPG,0.11346307111798666,0.32713493435380897,0.20099348489753113,-0.9072875807774685,5,-1.1145098031570475,807.8,7.2,32.1
0.20318343682903905,0.3381080095767576,U8,MN8014,11.243972822154333,4.195962119105429,CPG,SSPG,0.11345497067852242,0.32721467117946923,0.20089229221667038,-0.9074831815624833,6,-1.1215316991416584,807.8,7.2,32.1
0.20297583540877043,0.33791699034547357,U8,MN8014,11.233510056649223,4.195468548241134,CPG,SSPG,0.11327511319337565,0.326939518266885,0.20095715209558732,-0.9013558804302215,0,-1.1235432954949012,807.2,7.3,32.1
0.20316138805236603,0.33840655892619603,U8,MN8014,11.209052704819644,4.191928083951606,CPG,SSPG,0.11336656498506424,0.32712474877191955,0.20104610511951387,-0.9055862312440774,6,-1.120813925954982,807.8,7.3,32.1
0.20294252195885376,0.33837685452028404,U8,MN8014,11.230202201384927,4.19112682566205,CPG,SSPG,0.11338612643726173,0.32739819962023947,0.20069960327750275,-0.9053729233230072,1,-1.1174505202541907,808.3,7.2,32.1
0.2031455874557362,0.3387393805362223,U8,MN8014,11.217756790430336,4.185343701675686,CPG,SSPG,0.1133693152556797,0.3278202134509267,0.20090738543836753,-0.908612940540924,4,-1.1154279215894665,807.3,7.2,32.2
0.2030365802193212,0.33813985759940357,U8,MN8014,11.216222360708345,4.193874661096235,CPG,SSPG,0.11347303356665152,0.32749483922308387,0.20080901131096118,-0.9055657972242248,7,-1.1209101583165735,807.4,7.2,32.2
0.20327832883468314,0.3385406078915926,U8,MN8014,11.215164959046886,4.190681500574415,CPG,SSPG,0.113081926532893,0.3278332344040608,0.20108867255635202,-0.9110381918886156,7,-1.1222106951980555,806.2,7.2,32.1
0.20311951512154525,0.3379515354728847,U8,MN8014,11.219408609438025,4.193288741471567,CPG,SSPG,0.1131360541021953,0.3275896944145511,0.2009501335043136,-0.9074456536478159,7,-1.118371291566847,806.0,7.3,32.1
0.20308761060692604,0.337546775861409,U8,MN8014,11.201226916939012,4.190290189040605,CPG,SSPG,0.11321918872662531,0.3274966984354368,0.20106133589445796,-0.9061880105070073,6,-1.123584454579614,807.7,7.3,32.1
0.20316794662049872,0.3379150735472885,U8,MN8014,11.2043319104915,4.186805366871678,CPG,SSPG,0.11324995547079676,0.3275278327938338,0.20120875547664518,-0.9061520921986568,6,-1.1221994902579322,807.5,7.3,32.2
0.20320979039712833,0.33775928017082535,U8,MN8014,11.214024325721752,4.182085956489287,CPG,SSPG,0.11313513205956431,0.32798468422700366,0.20093631721071983,-0.9083054070756018,4,-1.1202446603207799,806.6,7.3,32.2
0.203234262765703,0.33798958299975473,U8,MN8014,11.216200912307638,4.182334517641955,CPG,SSPG,0.11312558334922168,0.32761209351983367,0.20105023077834117,-0.9063567322075855,4,-1.111761520715067,806.9,7.3,32.1
0.20328838388193005,0.3380184216597255,U8,MN8014,11.202054850101028,4.1797280000684625,CPG,SSPG,0.11316935264372678,0.3276074751822711,0.20119529333126468,-0.9086473114815488,5,-1.1212296504496084,807.0,7.3,32.1
0.20325916814092368,0.33821306929992256,U8,MN8014,11.204733835755189,4.184520656620975,CPG,SSPG,0.11323901799022167,0.32765960671704775,0.20108450818200307,-0.9072275886576255,4,-1.1112321008525052,807.3,7.3,32.2
0.203369334768671,0.3383100319822406,U8,MN8014,11.211079273457536,4.1850917289284455,CPG,SSPG,0.11302140747066704,0.32780178096264,0.2009008402040547,-0.9098353362888463,7,-1.120659943291109,806.0,7.3,32.1
0.20325922032652843,0.33799951196326944,U8,MN8014,11.223457976380672,4.186017129297483,CPG,SSPG,0.11308369126667486,0.3278322366690593,0.20110774774169413,-0.9073566124046835,4,-1.1190560788494697,805.5,7.3,32.1
0.2034381777619742,0.3384201017967616,U8,MN8014,11.223646011697884,4.187389881272154,CPG,SSPG,0.11302692676024041,0.327847565891308,0.20103740626973754,-0.9099561778962424,5,-1.1234047973478365,805.6,7.3,32.1
0.20336422695666437,0.3378305155132526,U8,MN8014,11.225954146528291,4.182591141169185,CPG,SSPG,0.11291320581204936,0.3281037560577349,0.2012047435084789,-0.9077027945892533,4,-1.1174844329786477,805.0,7.3,32.2
0.2033778056519444,0.3378809954248208,U8,MN8014,11.234256833060499,4.179991292814785,CPG,SSPG,0.11275908095709852,0.32823892476837296,0.20117181819547883,-0.9089480697756318,4,-1.1196221462857023,804.3,7.3,32.1
0.20348692846286984,0.33778821599774117,U8,MN8014,11.234418785775212,4.183358010011564,CPG,SSPG,0.11302333659752123,0.32803269457628126,0.20099081898607724,-0.909971520429064,7,-1.119686156610081,805.2,7.2,32.1
0.2033301180212632,0.33814185295644245,U8,MN8014,11.231788431409022,4.182937470845292,CPG,SSPG,0.11294270219353643,0.3279378886521216,0.20098221766106233,-0.9078499373181904,0,-1.1212660516569581,805.3,7.3,32.2
0.2035168727153727,0.3377642453862309,U8,MN8014,11.23799128112294,4.181169348215783,CPG,SSPG,0.11286912603116468,0.32813874628063977,0.2010975907404728,-0.9088290009404665,5,-1.123744422857607,804.4,7.3,32.1
0.20349278140837684,0.3378968338852485,U8,MN8014,11.237130168456561,4.185616831992574,CPG,SSPG,0.1128476606149689,0.32820787108194655,0.20109102075984847,-0.9106868279326202,5,-1.1178743469613979,804.7,7.2,32.2
0.20350553871306395,0.3378708555316308,U8,MN8014,11.232881422403064,4.1964634348992425,CPG,SSPG,0.11290722603606279,0.32821391010354295,0.20097532792616832,-0.9110307605943581,5,-1.1226416556185859,804.1,7.2,32.2
0.20348467450191857,0.33815893301940014,U8,MN8014,11.238475542689782,4.193239381608303,CPG,SSPG,0.11297882341744322,0.3280708552119298,0.2009571276508992,-0.9115209139242887,0,-1.1192273616856072,804.4,7.2,32.2
0.20345473992028262,0.3384593190195525,U8,MN8014,11.23500295882107,4.200012370997596,CPG,SSPG,0.11304594130605271,0.3278965544416618,0.20091414477673272,-0.911844646303793,3,-1.1192710439621374,804.8,7.2,32.2
0.20353922184258805,0.3388021787091015,U8,MN8014,11.227704851886006,4.19694606650683,CPG,SSPG,0.11303650000068949,0.32792078558643706,0.20087697199004614,-0.9129398563437718,4,-1.121747661391674,804.8,7.2,32.2
0.2035929984334261,0.3383683657971579,U8,MN8014,11.240283361376115,4.1985913413617455,CPG,SSPG,0.11277909499626926,0.3282749201238481,0.20102657325085088,-0.9142550142333066,3,-1.1165576480565331,803.2,7.2,32.2
0.20361043691048508,0.3388398479659274,U8,MN8014,11.248197815800395,4.197707113544522,CPG,SSPG,0.11281870166468544,0.3282700030642126,0.2006701965682047,-0.9153743923481804,6,-1.1174624798554245,804.4,7.2,32.2
0.20339351475265274,0.3382455879357122,U8,MN8014,11.248114184077867,4.190492964619046,CPG,SSPG,0.11279551898242794,0.3284720946143942,0.20067411062268167,-0.9130486964260772,0,-1.1171058391378805,802.6,7.2,32.2
0.20365068495019642,0.3387210218951548,U8,MN8014,11.246254885423548,4.193351528137391,CPG,SSPG,0.11279170448213012,0.32839240497649147,0.20072636703256264,-0.9133335602040965,7,-1.119081085915056,803.2,7.2,32.2
0.20342080553311523,0.338696720802521,U8,MN8014,11.236906999570035,4.190025430137491,CPG,SSPG,0.11297679910917709,0.32815972706422913,0.20077686658698268,-0.9118491622724572,3,-1.1166402981720003,804.1,7.2,32.2
0.20366502321440907,0.3391824338300744,U8,MN8014,11.228278948986361,4.202106380923785,CPG,SSPG,0.11301772222034441,0.32788925697889154,0.2007025193452177,-0.9165956492268538,1,-1.1185974415293654,803.9,7.2,32.2
0.20338299518847885,0.3388510109781661,U8,MN8014,11.220010282951451,4.191816492731485,CPG,SSPG,0.11300028639143318,0.3279707598990221,0.20081482348413618,-0.9125856862881373,5,-1.1192445688676829,804.1,7.2,32.2
0.20348426247378873,0.3391741394624313,U8,MN8014,11.215567117989925,4.197971062743171,CPG,SSPG,0.11297978100970603,0.3283078149961649,0.2006269431679666,-0.91590700357986,5,-1.1190110770758501,803.1,7.2,32.2
0.2035583617326583,0.33918556518248544,U8,MN8014,11.21174321740086,4.200382145594154,CPG,SSPG,0.11316348235493763,0.32778712141357247,0.2006446645878793,-0.9149212071096056,1,-1.113371511270989,804.4,7.2,32.2
0.20352200570562745,0.33903590170951636,U8,MN8014,11.225296890406078,4.2015478367427175,CPG,SSPG,0.11311012730258509,0.32780094469025206,0.2004768578893537,-0.9138839808892403,0,-1.1199323752575658,803.5,7.2,32.2
0.20356692172494073,0.3389713512809151,U8,MN8014,11.225939399128434,4.204102743410635,CPG,SSPG,0.11287124654362832,0.3280801400886334,0.20038951487774243,-0.9163269878569813,6,-1.119427533724572,803.4,7.2,32.1
0.20372613457970562,0.3387604522691417,U8,MN8014,11.231510055831873,4.200706553462202,CPG,SSPG,0.1127796477777799,0.32832111694681987,0.20040891513708065,-0.9157820456528659,1,-1.1233331079229751,802.1,7.2,32.1
0.2034675141262553,0.33895228474683187,U8,MN8014,11.226356073132704,4.203967481493682,CPG,SSPG,0.1129532681446659,0.327780769814039,0.20043075837692317,-0.9135263558303788,1,-1.1193240624276317,803.4,7.2,32.1
0.20346453518227536,0.3385908915084493,U8,MN8014,11.23067939735235,4.193651557057336,CPG,SSPG,0.11294611801595812,0.3278965866676645,0.20047761912476877,-0.910084582826936,1,-1.1203677823597689,803.5,7.2,32.1
0.2036414101878838,0.3387389138277824,U8,MN8014,11.239293939236665,4.197953535733052,CPG,SSPG,0.11284253784430877,0.3280250165153131,0.20050115278001585,-0.9157528177500889,7,-1.1223132149489103,803.6,7.2,32.1
0.20341729341915876,0.3383739283851282,U8,MN8014,11.228246739865387,4.195323252033357,CPG,SSPG,0.11290785209351392,0.3277671407813363,0.20048993517993594,-0.9103660232778487,0,-1.1208853975902437,805.1,7.2,32.0
0.20354366841775803,0.3386841390834644,U8,MN8014,11.24271276612772,4.1926445989055905,CPG,SSPG,0.11279484018450847,0.327882505273197,0.2003379564603592,-0.9112510260357916,4,-1.1121129423797225,803.8,7.2,32.0
0.20341640967635763,0.33822044525266914,U8,MN8014,11.231157040137209,4.191708029516863,CPG,SSPG,0.11280565611467917,0.3276924854808911,0.2004409427936473,-0.908293199128442,0,-1.1246036722929214,804.2,7.3,32.0
0.20336269995182282,0.33838404155930996,U8,MN8014,11.239323860909863,4.195229739009178,CPG,SSPG,0.11291713354483969,0.32737463415938767,0.20036243509950774,-0.9077369221087617,1,-1.1167604271908855,805.1,7.3,32.0
0.20339867290547145,0.33898636591957076,U8,MN8014,11.226077931720198,4.192708228016704,CPG,SSPG,0.11280020071024295,0.32782695208047113,0.20037437099078118,-0.9108959384645995,6,-1.1157503334691938,803.7,7.2,32.0
0.2033104813898758,0.3392428184087718,U8,MN8014,11.21985486349098,4.195357857639465,CPG,SSPG,0.11305355621666123,0.32770507127904336,0.2003239980934438,-0.9133271734544125,0,-1.1204808184723136,804.3,7.2,32.1
0.20330870773985285,0.3388588631561282,U8,MN8014,11.233622330180122,4.195595256124804,CPG,SSPG,0.11290184889666616,0.327897889463937,0.2002207385871273,-0.9142598217044642,6,-1.1203292701027632,803.4,7.2,32.0
0.2032279143397516,0.3390012813381515,U8,MN8014,11.228563672681101,4.193014498337442,CPG,SSPG,0.11281343579191426,0.3277261417658392,0.2002635528522698,-0.9124044464082567,2,-1.1205780826471914,803.6,7.3,32.0
0.20320434969485446,0.3387700175866315,U8,MN8014,11.231871139792982,4.1785662099566325,CPG,SSPG,0.11274269551573635,0.32781735654395233,0.2001781797430346,-0.9097513860715163,2,-1.1209673046402564,803.6,7.3,31.9
0.2030925653024753,0.33889358438924855,U8,MN8014,11.227274911453183,4.188459009132696,CPG,SSPG,0.11298012230698756,0.3277317218714726,0.20012810996747474,-0.9107489286111706,7,-1.1203531561584006,803.8,7.3,32.0
0.20327843256574174,0.3388228598754316,U8,MN8014,11.238512261507946,4.195129950194563,CPG,SSPG,0.11293020509535408,0.32788123536275127,0.20010027590082938,-0.9158074720056871,5,-1.1199129445219889,803.4,7.2,32.0
0.2031971669491729,0.33896593604277564,U8,MN8014,11.234889142578957,4.189445199759404,CPG,SSPG,0.1126851215016948,0.3281393623181203,0.20003557768041924,-0.9167250679729895,5,-1.1169596971042584,802.3,7.3,32.0
0.20356186160880238,0.339136776540453,U8,MN8014,11.238532698805507,4.198153128527439,CPG,SSPG,0.1128302805457026,0.3283008106813038,0.20012693864358538,-0.9189508117219437,0,-1.115281697565134,801.5,7.2,32.1
0.20368294795527472,0.33931053624507135,U8,MN8014,11.24478039624309,4.195986480926664,CPG,SSPG,0.11282987229602705,0.3284778068124321,0.20009194335514227,-0.919502403482807,5,-1.1210707085977685,801.8,7.2,32.1
0.2036591863144558,0.3392473251896541,U8,MN8014,11.238269480563897,4.193482577511419,CPG,SSPG,0.11261263141457395,0.3285791270552333,0.2001032154025815,-0.9209434016965508,3,-1.1185363321404589,801.0,7.2,32.0
0.20373364954553655,0.3392427591096674,U8,MN8014,11.240598560066282,4.191795722270697,CPG,SSPG,0.1127746536087315,0.3285889592229612,0.20014498798432506,-0.9205091430307096,4,-1.109622783668244,801.9,7.2,32.1
0.2037848289945552,0.3388983620112217,U8,MN8014,11.235863794439688,4.1932007963982985,CPG,SSPG,0.11254946252434529,0.3287847708160762,0.20019035198002103,-0.9206777917155503,5,-1.119654034692842,801.6,7.2,32.0
0.20365274190281712,0.3385587467305583,U8,MN8014,11.240374373395003,4.184029827149541,CPG,SSPG,0.11239261512060195,0.32861055764408315,0.20034464323196638,-0.9168745293566182,6,-1.112151632635186,802.1,7.3,31.9
0.2035153214633019,0.3389619845247198,U8,MN8014,11.238963863665841,4.182617532111072,CPG,SSPG,0.11256022341478453,0.32869951927451246,0.2002493945737194,-0.9167275775682395,3,-1.1206642462490874,802.8,7.3,32.0
0.20365577277895036,0.33889205254076304,U8,MN8014,11.233675159200155,4.187872906201791,CPG,SSPG,0.11258170737735461,0.32875769267460814,0.20031566835806272,-0.919938732907232,2,-1.1208230083479593,801.5,7.2,32.0
0.20359842052025545,0.3392120579309531,U8,MN8014,11.248320057112934,4.187913204934839,CPG,SSPG,0.11250419705005053,0.32871854083862895,0.20020465990049233,-0.919875353295685,2,-1.1204645048568764,801.2,7.2,32.0
0.20377645580261533,0.33935351006321013,U8,MN8014,11.245786121299098,4.191892296459858,CPG,SSPG,0.11239659135610877,0.32887747158487607,0.20015249820804137,-0.9229884697711614,1,-1.120370638311548,800.7,7.3,32.0
0.2037174961992651,0.33927139170201226,U8,MN8014,11.244073655185362,4.195298030750557,CPG,SSPG,0.11233413507115586,0.32875784663430385,0.20015740413749342,-0.9217676240813946,6,-1.1157681126985963,801.1,7.3,32.0
0.20385314140627953,0.3393271783481384,U8,MN8014,11.240488741918057,4.198880747770116,CPG,SSPG,0.1124575669228372,0.3287488210652543,0.20017464042412014,-0.9250897733441931,0,-1.1191029103264043,801.7,7.3,32.0
0.2036152324003828,0.3387979432922474,U8,MN8014,11.225534108147567,4.189527893182988,CPG,SSPG,0.11253731015590304,0.3287425062075893,0.2002485548763925,-0.9223317866654206,7,-1.1198602042436363,801.7,7.3,32.1
0.20356864148760953,0.3385399130167139,U8,MN8014,11.232263598426716,4.198084618846,CPG,SSPG,0.11256560801770386,0.3286408860545214,0.20020514556530955,-0.9215445242610077,2,-1.1164694976630791,801.5,7.2,32.1
0.2034130027444807,0.3388809262794013,U8,MN8014,11.218922533264584,4.193359742792476,CPG,SSPG,0.11245644984181234,0.32881067206260634,0.200165116127978,-0.923116774372961,7,-1.114779386146017,801.5,7.3,32.0
0.2036461392256273,0.338613278174403,U8,MN8014,11.22162229555251,4.201743856672316,CPG,SSPG,0.11260380253259081,0.3287207448450748,0.2002096995734312,-0.9239337916530783,5,-1.119468681538482,801.5,7.3,32.0
0.20358998479177504,0.3387633308323109,U8,MN8014,11.22895320345603,4.195169948531013,CPG,SSPG,0.11241973587103404,0.3289602260710122,0.20022724151383592,-0.9238074528332362,1,-1.120232730243651,800.9,7.2,32.0
0.20351198871790477,0.33846556184511134,U8,MN8014,11.225064045359325,4.197967783270252,CPG,SSPG,0.11233692210119733,0.32898366655720557,0.2001648878215069,-0.9253759501058627,2,-1.1173841598816372,800.6,7.3,32.0
0.2035756109492576,0.338657638313265,U8,MN8014,11.218500328066153,4.20166009287434,CPG,SSPG,0.11244311667505767,0.32881243238272334,0.20015563914413032,-0.9252272950438327,3,-1.1203557422884227,801.3,7.3,32.1
0.20363319328877805,0.3391367516525589,U8,MN8014,11.2268648639932,4.20225729932025,CPG,SSPG,0.11242931334463258,0.3288683110621179,0.20017596042497135,-0.9278819857013652,4,-1.1186089393888636,801.5,7.3,32.1
0.2036068420275394,0.33914730742857413,U8,MN8014,11.226935182039963,4.200806322151525,CPG,SSPG,0.11242971647617558,0.3286040936316848,0.20022028249687956,-0.9240775844335686,4,-1.1217114933641472,802.3,7.3,32.0
0.20346352550804436,0.3389549621914579,U8,MN8014,11.219327424719207,4.201618769362842,CPG,SSPG,0.1125783660053107,0.32813768909648156,0.2002658366816152,-0.9208014925063346,5,-1.1222011597585517,803.3,7.3,32.0
0.20353866915045962,0.33893640807900677,U8,MN8014,11.216692030710533,4.204516530904261,CPG,SSPG,0.11257432453477251,0.3282221439245059,0.20034259307100433,-0.9201063003751304,3,-1.1215099490200746,803.4,7.3,32.0
0.20376106605950595,0.3388222224653803,U8,MN8014,11.226065692565133,4.198893739187455,CPG,SSPG,0.11231146347278735,0.3285543211723865,0.20038834776226147,-0.9232622991993757,1,-1.1237255068485705,802.0,7.3,32.0
0.2038194385701384,0.3391599519991366,U8,MN8014,11.228082852618726,4.199094397120328,CPG,SSPG,0.11225883751768827,0.32842456438964046,0.20040844888213807,-0.920929823868484,2,-1.1137154267112583,801.5,7.3,32.0
0.20394384535752888,0.3393845356219167,U8,MN8014,11.240753469413766,4.199713316507633,CPG,SSPG,0.11237751145068536,0.32862882813680355,0.2004290900695773,-0.9221519161021908,1,-1.1187260374623609,801.7,7.2,32.0
0.20378542406292605,0.33917439855028964,U8,MN8014,11.234848156631369,4.198255329721129,CPG,SSPG,0.11257495121596496,0.3280921392551051,0.2005859237147103,-0.9168022496853887,4,-1.1197366149466284,802.8,7.3,32.0
0.2038568789271196,0.338962990875477,U8,MN8014,11.2414028196864,4.194752533437643,CPG,SSPG,0.1124835621679661,0.3285039593288212,0.20043952624735106,-0.9189720096127352,5,-1.1220078867441385,801.0,7.3,32.0
0.20376105640185826,0.338970068303819,U8,MN8014,11.22728946117243,4.193693626420724,CPG,SSPG,0.11243845979903627,0.32839015566477076,0.2006210043872433,-0.9190473549949818,7,-1.1191976167506938,801.5,7.3,32.0
0.20384529986687108,0.3387898572188457,U8,MN8014,11.236934210770784,4.195443806135881,CPG,SSPG,0.11235748094068457,0.32866266858278914,0.2004601562230092,-0.9213064496308508,5,-1.1139719746528316,801.0,7.3,32.1
0.20366274878319282,0.3388955375233965,U8,MN8014,11.241017972973513,4.1967017035500005,CPG,SSPG,0.1125031207578814,0.32832370241891823,0.20036967110450069,-0.9201480946561058,0,-1.1204373117758903,801.8,7.3,32.1
0.20367293663603808,0.338818682396629,U8,MN8014,11.232261277354452,4.190074908099178,CPG,SSPG,0.11241462692708062,0.32812987613147293,0.20058761881382664,-0.9194858603182783,2,-1.1234149390877333,802.3,7.3,32.0
0.20369999973270558,0.3387639991732516,U8,MN8014,11.243158096345077,4.194317699547971,CPG,SSPG,0.11256533384768311,0.32808431973147645,0.2005140469849161,-0.9143405494152598,4,-1.1247014003645424,802.7,7.3,32.0
0.20345042086560025,0.33889468237152176,U8,MN8014,11.23595666385561,4.1887066618267825,CPG,SSPG,0.1126622691757671,0.32780100148629127,0.2007027583534303,-0.9132699108740614,5,-1.121751037505967,802.6,7.3,32.0
0.20350111087077655,0.3386700873973629,U8,MN8014,11.226513747230609,4.188278581581483,CPG,SSPG,0.112508571392981,0.32790247147457,0.20067714589991562,-0.9163417154370012,5,-1.1230631111718523,802.5,7.3,32.0
0.2037157349369558,0.33909854401369227,U8,MN8014,11.241419081584002,4.194072980492861,CPG,SSPG,0.11252904906447353,0.3277765184320216,0.20062427687130896,-0.9167290059613725,3,-1.1228165988502008,801.7,7.3,32.1
0.20369708881666065,0.3387202908998157,U8,MN8014,11.246514851717404,4.191916831666792,CPG,SSPG,0.1124160109444988,0.3279975956728262,0.20060450150213283,-0.9151938796447899,3,-1.1212462018914202,802.4,7.3,32.0
0.20367981268255347,0.3389590821065512,U8,MN8014,11.23877217993102,4.195403592769027,CPG,SSPG,0.11242535901575228,0.32796805519737127,0.20067212734851514,-0.9160253693366939,2,-1.1234833437333567,802.8,7.3,32.1
0.20365835570135604,0.3389317094844281,U8,MN8014,11.237798799396625,4.190178554638438,CPG,SSPG,0.11241825922280238,0.32802689774266663,0.200800254067172,-0.9149875127917156,1,-1.1233757310053125,802.7,7.3,32.1
0.2036833325059366,0.3387642369178835,U8,MN8014,11.24420061840368,4.190789937240775,CPG,SSPG,0.11221919889663837,0.32794522504398665,0.20097994379200723,-0.9136106573659025,4,-1.1186701515586632,802.3,7.3,32.0
0.20377683294380133,0.3386605773268268,U8,MN8014,11.246220875019578,4.1900536043331,CPG,SSPG,0.11230219337875791,0.3280330728873288,0.20081888842889778,-0.9138083174714994,2,-1.1247200896522704,802.4,7.3,32.1
0.20375095156010148,0.33898833171523746,U8,MN8014,11.243167536366244,4.190681969852839,CPG,SSPG,0.1121984227557491,0.3280199977115207,0.20065157964890568,-0.9153601157282508,1,-1.1223714988364764,802.3,7.3,32.0
0.20367226295248972,0.3389183454722047,U8,MN8014,11.241554675329956,4.194547272767475,CPG,SSPG,0.11221932643139636,0.3279470100596368,0.20049680283186536,-0.9158038936385451,6,-1.123111332211443,802.0,7.3,32.0
0.20364118012050725,0.3386347631483937,U8,MN8014,11.243485932799807,4.193758035613878,CPG,SSPG,0.11229832177795451,0.32798151278595267,0.20054368627513847,-0.9158677143052604,0,-1.1219828750541234,802.6,7.3,32.0
0.20360685720942434,0.3389484103906384,U8,MN8014,11.238821713273872,4.194943480345674,CPG,SSPG,0.11237624658160927,0.32798145791651406,0.2005293601859006,-0.9164536172715484,0,-1.1227761896615247,802.3,7.3,32.0
0.20374739892515267,0.3389821369908853,U8,MN8014,11.239794225490627,4.191094412385919,CPG,SSPG,0.1122343365138612,0.32836759263679755,0.20044180948847326,-0.918860675586582,3,-1.123774549944235,801.2,7.3,32.0
0.20363211779451026,0.3391039288944414,U8,MN8014,11.2370143450252,4.199834228355669,CPG,SSPG,0.11248320340314237,0.3278131275732324,0.2004181714849073,-0.9171047944095865,4,-1.1240333784702514,802.7,7.3,32.0
0.20371288174187135,0.338880369778731,U8,MN8014,11.241455167727853,4.195693592391705,CPG,SSPG,0.11233770212297114,0.3280680916625246,0.20049341706543708,-0.9168488770555459,4,-1.1230247925401882,802.1,7.3,32.0
0.20376029215521435,0.33882721025510276,U8,MN8014,11.24085784684432,4.194479641640211,CPG,SSPG,0.11238211440797147,0.32801970756461757,0.20047627237758875,-0.9157055586924426,5,-1.1233530200079693,801.9,7.3,32.0
0.20376796829861266,0.3387318850894012,U8,MN8014,11.243629144383968,4.1928670199435745,CPG,SSPG,0.11225217905723203,0.32802981051308655,0.200511949157112,-0.9147274751889283,2,-1.1219093622730174,801.7,7.3,32.0
0.2036999028911858,0.33869467475089793,U8,MN8014,11.236901064297449,4.187986396594237,CPG,SSPG,0.11229545706215383,0.3279699872463485,0.20052773258458897,-0.9137416622370729,0,-1.1204378861140842,802.0,7.3,32.0
0.2036872838095925,0.33854790998388357,U8,MN8014,11.23636435865675,4.192508973872459,CPG,SSPG,0.11228325233574768,0.3280212259859513,0.20047111153723288,-0.9138904520044957,7,-1.1210714620692794,801.7,7.3,32.0
0.20363982282964982,0.33850836029603976,U8,MN8014,11.233120003107778,4.19204420555077,CPG,SSPG,0.1123021465060057,0.32798494568812875,0.2006367270154454,-0.9130272765444338,1,-1.1223327192344872,802.4,7.3,32.0
0.20375873056336863,0.3387120936577558,U8,MN8014,11.237433721219606,4.197515840914269,CPG,SSPG,0.11225322913090793,0.32814070728093264,0.20050497193807734,-0.9158884905407358,1,-1.1213530667151472,802.1,7.3,32.0
0.20364402302275336,0.3385929239265492,U8,MN8014,11.234143200869429,4.191264066767617,CPG,SSPG,0.11235102885653389,0.327928141007629,0.2006275608369916,-0.9134873047847959,5,-1.1255089513934244,802.4,7.3,32.0
0.20370745165511853,0.33838885982247324,U8,MN8014,11.239300656894024,4.190845185504845,CPG,SSPG,0.11219106905743736,0.3282584062385863,0.20066044578764994,-0.9146150112264817,1,-1.1228461910258076,801.9,7.3,32.0
0.2036691762937038,0.3384608227304995,U8,MN8014,11.237392488023282,4.194836169385456,CPG,SSPG,0.11228734829960517,0.32813612495658534,0.20049086802059302,-0.9154953576633014,7,-1.123406797164062,801.9,7.3,32.0
0.20370342726435225,0.33853133570177646,U8,MN8014,11.238319396439028,4.197590882889606,CPG,SSPG,0.11232063394846264,0.328051169505317,0.20057078774449943,-0.9141633255416944,7,-1.122356295010114,802.1,7.3,32.0
0.2037322408971456,0.3383957675064283,U8,MN8014,11.235633996537214,4.199368851907755,CPG,SSPG,0.11222434277827592,0.3281961404744917,0.20050867358056304,-0.9149551310152655,1,-1.119070570279395,802.2,7.3,32.0
0.203710353030764,0.3385706288048036,U8,MN8014,11.237683014692305,4.1996019185412345,CPG,SSPG,0.11224466790942428,0.32820698568929957,0.20065821352821772,-0.9156730866053384,4,-1.1247781109460142,802.3,7.3,32.0
0.20374312515787274,0.3384279383180654,U8,MN8014,11.234789776875138,4.20144743102425,CPG,SSPG,0.11220160676664775,0.32811302768800066,0.20071074763641927,-0.9151657595379484,1,-1.1196128964097216,801.9,7.3,32.0
0.20371697936330413,0.33856091568614755,U8,MN8014,11.229997477004218,4.198400604193958,CPG,SSPG,0.11219935421995667,0.32820239562537123,0.20054927666479977,-0.9171494374454838,7,-1.120902168790085,801.4,7.3,32.0
0.20371902284277002,0.3383849178113638,U8,MN8014,11.229481664063975,4.199726242576863,CPG,SSPG,0.11214860059533566,0.32832157082216223,0.20065545371377222,-0.9172483830566326,3,-1.1251136123410932,801.4,7.3,32.0
0.20365931560489914,0.33877654225738,U8,MN8014,11.224397470893798,4.207123100461225,CPG,SSPG,0.1123791564780183,0.32809831202474954,0.20055493356085352,-0.9183658480010971,1,-1.1232023689944501,802.2,7.3,32.0
0.20369892455312033,0.3387371963340047,U8,MN8014,11.224017492387713,4.201601879566215,CPG,SSPG,0.11226125335684309,0.3282292571259043,0.20061227212823954,-0.9185887747918465,5,-1.1248504299917128,802.0,7.3,32.0
0.2036778167377366,0.33858304978440895,U8,MN8014,11.226210138605417,4.203881342578328,CPG,SSPG,0.11231561985623383,0.3282290834126226,0.20044496416651603,-0.9189770766706672,0,-1.1209734401753373,801.8,7.3,32.0
0.2036278854172442,0.338714537073718,U8,MN8014,11.220624536733448,4.199749850081452,CPG,SSPG,0.11236992680068486,0.32807309224850734,0.20061077059518087,-0.9178826105231387,2,-1.124702181619532,802.5,7.3,32.0
0.203696627053848,0.3388387279862831,U8,MN8014,11.228954781446394,4.205731137180545,CPG,SSPG,0.11232794292756132,0.3281840869118117,0.2005951091978049,-0.9189635403273877,3,-1.1241702585349342,801.9,7.3,32.0
0.20368669151048518,0.33889857128923295,U8,MN8014,11.22928003242416,4.208309737177531,CPG,SSPG,0.11241752414484178,0.32813708290579635,0.2005704699967553,-0.9196051984986436,0,-1.1182511455689532,802.8,7.3,32.0
0.20364046118991952,0.33867486151360704,U8,MN8014,11.228092627610682,4.202785691579883,CPG,SSPG,0.11241248603170956,0.32799401493332525,0.20067591740725296,-0.9173152169180819,0,-1.121128155229047,803.0,7.3,32.0
0.20365341976424653,0.3387173320772856,U8,MN8014,11.227525670104253,4.203719014715565,CPG,SSPG,0.11233415531608029,0.32818389495344225,0.20063341554450342,-0.9192639352206192,0,-1.1232732595390598,802.6,7.3,32.0
0.20361519232453162,0.3387377843276306,U8,MN8014,11.225973168150308,4.201711337220716,CPG,SSPG,0.11243021032228692,0.3280514756409533,0.20058276565945526,-0.9186158063344195,5,-1.1212570130871296,802.8,7.3,32.0
0.20351311949375908,0.3387819932443472,U8,MN8014,11.223474281335207,4.201612472996936,CPG,SSPG,0.1124876507653268,0.3280327480682762,0.20065415991428595,-0.9183388571164796,3,-1.1172037796942185,803.3,7.3,32.0
0.2036159010046827,0.3385713515652756,U8,MN8014,11.226230759972223,4.203898697302813,CPG,SSPG,0.11229342259171786,0.32824065097535543,0.20062350657932573,-0.9190943405959815,4,-1.1233876643411635,802.4,7.3,32.0
0.20356471468114976,0.33853266977775853,U8,MN8014,11.225587063545289,4.20783893557143,CPG,SSPG,0.11240932927613173,0.3280523812606512,0.20070092197295897,-0.9179289234178838,7,-1.1231116824838452,803.2,7.3,32.0
0.20366960334233125,0.3384922188058045,U8,MN8014,11.228794867606503,4.20644671424322,CPG,SSPG,0.11232822625855426,0.32818669638800807,0.20063256474307375,-0.9186425000759716,2,-1.1230159833194184,802.7,7.3,32.0
0.2037633680621339,0.3385518314227167,U8,MN8014,11.23271422031803,4.203887479799852,CPG,SSPG,0.11222998015811261,0.3283876885210874,0.20062502220976627,-0.9192715244258678,3,-1.1233877302778676,801.8,7.3,32.0
0.20371572719551792,0.33871727785829875,U8,MN8014,11.23321528530318,4.20781044839525,CPG,SSPG,0.11232581873774375,0.3280730561070553,0.200767920068645,-0.9181119868907414,2,-1.123198849730226,802.9,7.3,32.1
0.20364901171455735,0.3386117163609281,U8,MN8014,11.22955404977418,4.206815166341468,CPG,SSPG,0.11234121601882313,0.3279989156979197,0.20062864142326442,-0.9176784462494726,6,-1.1218614949936079,802.9,7.3,32.0
0.20372944768604534,0.33857683781956377,U8,MN8014,11.232894288630265,4.204046296069781,CPG,SSPG,0.1122454748351903,0.32815470631509447,0.20074048710265083,-0.9174596003583119,6,-1.1235184406861158,802.5,7.3,32.0
0.20376576756361517,0.3387175922364829,U8,MN8014,11.235014514645407,4.203905810494176,CPG,SSPG,0.11220806642652452,0.3282283985037936,0.20069458457597683,-0.9187088499886932,5,-1.1226919020964772,802.3,7.3,32.0
0.20377083735167373,0.338685129186179,U8,MN8014,11.234290080165636,4.203905602883459,CPG,SSPG,0.11220511448662068,0.32815205551032733,0.20070150661391442,-0.9181050669169005,2,-1.124183038723797,802.4,7.3,32.0
0.2037591156362389,0.3385565793559404,U8,MN8014,11.228848943603246,4.2021472513248215,CPG,SSPG,0.11217839724031756,0.3281936210853057,0.20069887394407898,-0.9173131560295305,6,-1.1249523983522076,802.2,7.3,32.0
0.20377600070742494,0.3388328907158936,U8,MN8014,11.232262086493314,4.202115261862501,CPG,SSPG,0.11217700230991684,0.32804701393224417,0.2007242320939101,-0.9174336631558113,5,-1.1226215807216464,802.7,7.3,32.0
0.20373486022588297,0.33876022280177054,U8,MN8014,11.234332711495618,4.199682705851551,CPG,SSPG,0.11223148921295917,0.3280263522659894,0.20066766491939372,-0.9174621309812179,1,-1.1249411666282967,802.2,7.3,32.0
0.20372897389152234,0.3385897083722538,U8,MN8014,11.231629470737737,4.198040454992881,CPG,SSPG,0.11219347578115067,0.328091326840579,0.20067362685935008,-0.9172693700248468,6,-1.1245785972709799,802.3,7.3,32.0
0.20368679123501615,0.33877156930136904,U8,MN8014,11.228865471881328,4.201835401968428,CPG,SSPG,0.11220562042079121,0.3279430147856027,0.20058149573594655,-0.9180796789188567,6,-1.1246218937383317,802.7,7.3,32.0
0.20371764517706925,0.3386426030624221,U8,MN8014,11.230755943101634,4.198758559849402,CPG,SSPG,0.11216591348043997,0.32799926060488105,0.20060224802757978,-0.917701189161188,6,-1.1250581036360794,802.5,7.3,32.0
0.20368291929497967,0.33855921746474177,U8,MN8014,11.228823827481229,4.1994235181067205,CPG,SSPG,0.11221174753229951,0.32784829335565,0.20059330903523098,-0.9165225987828584,2,-1.1241351660342565,802.9,7.3,32.0
0.2037292539541022,0.3385326874426022,U8,MN8014,11.228261538615563,4.203622388810431,CPG,SSPG,0.11214538614017536,0.3279668731724602,0.20056992515476238,-0.9173386558251972,4,-1.124080279107619,802.8,7.3,32.0
0.2036526915019921,0.33848436536998505,U8,MN8014,11.227293958691643,4.198755113728191,CPG,SSPG,0.11225365083148955,0.32786971139626475,0.20060329293461057,-0.9171781288968335,4,-1.1248490230702215,803.3,7.3,32.0
0.20367218883626703,0.3383483857912117,U8,MN8014,11.227803026542773,4.197694384034245,CPG,SSPG,0.11216187993677951,0.32797542861125323,0.20066429843121714,-0.9161587917856137,2,-1.125833874059901,802.7,7.3,32.0
0.20373363014201115,0.3383894047905862,U8,MN8014,11.23027347740651,4.197105068220475,CPG,SSPG,0.11214081691433764,0.3280073414527979,0.20078172525341242,-0.9160356578522679,6,-1.1255431772983426,803.1,7.3,32.0
0.20365176188019077,0.3382905147771035,U8,MN8014,11.22712238945591,4.1976828340153896,CPG,SSPG,0.11223011301798294,0.32800036826302276,0.20068720600943,-0.9165217418034328,2,-1.1238488263045783,803.2,7.3,32.0
0.20363835071868913,0.338319717902938,U8,MN8014,11.225701540532699,4.198582853240775,CPG,SSPG,0.11229969739190773,0.32802290898947095,0.20067312507953167,-0.9168585916911981,3,-1.1225995141896181,803.3,7.3,32.0
0.20362129063234177,0.3381789516545596,U8,MN8014,11.2277653732055,4.195283934969114,CPG,SSPG,0.11222958870583491,0.3280142701248449,0.20071301325736318,-0.9162241283637034,4,-1.1239099129471857,803.2,7.3,32.0
0.2036524695673958,0.3380643426123138,U8,MN8014,11.225439111068404,4.196481364867823,CPG,SSPG,0.11213696074628898,0.3279918340636255,0.20073785328074825,-0.9156011175648898,4,-1.1257541386903993,803.4,7.3,32.0
0.20360493125233353,0.33804291241174667,U8,MN8014,11.220258480526336,4.194935639766766,CPG,SSPG,0.11217583005810586,0.3281882551282039,0.20080567727154763,-0.9163534609710728,1,-1.1253421395776222,803.4,7.3,32.0
0.20353165811029222,0.33793598871333486,U8,MN8014,11.220288156284857,4.196201269155819,CPG,SSPG,0.11224459697476663,0.3278947190103323,0.2007322949016963,-0.91431667775863,7,-1.1217184013218997,803.8,7.3,32.0
0.2035982416202288,0.3380321093994371,U8,MN8014,11.225873867040335,4.19684387139686,CPG,SSPG,0.11217134671118342,0.3279836299063194,0.20080785955539196,-0.9151510816652236,6,-1.123400971867036,803.7,7.3,32.0
0.20357605887015748,0.3379751569665236,U8,MN8014,11.225127735474494,4.197438656371715,CPG,SSPG,0.11216698733407204,0.32777220345358915,0.20088835902047172,-0.913020826387186,0,-1.1262565935413837,804.0,7.3,32.0
0.20360137851365676,0.33820457105728746,U8,MN8014,11.231987563023502,4.192989077560219,CPG,SSPG,0.11218792288824518,0.32777392280030665,0.20089281148389504,-0.9138573407970114,4,-1.1251304501243427,803.8,7.3,32.0
0.20359634311239266,0.3381592884852718,U8,MN8014,11.234788646958268,4.195024701853351,CPG,SSPG,0.11222571542646778,0.32767671482731453,0.20087041143485934,-0.9134242287292764,0,-1.125215980613289,803.9,7.3,32.0
0.2035513433080032,0.33796218590973803,U8,MN8014,11.234860697272612,4.196337475918661,CPG,SSPG,0.1121462621058896,0.327553501724778,0.20093229533378593,-0.912033064959072,5,-1.1260981114539357,804.4,7.3,32.0
0.2035359682559316,0.3382744547331397,U8,MN8014,11.238065109727266,4.194097055234209,CPG,SSPG,0.11229494027758671,0.32748478526913993,0.20082692633464305,-0.9133721235910791,7,-1.1256787455505224,804.1,7.3,32.0
0.2035940052481832,0.33805786785280784,U8,MN8014,11.240448454155985,4.192386843674544,CPG,SSPG,0.11220943900345812,0.3275876823601404,0.20092566839941858,-0.9120458042412154,7,-1.1252226044026967,803.9,7.3,32.0
0.2035684831298132,0.3379061963676989,U8,MN8014,11.240729417735325,4.193634155903933,CPG,SSPG,0.11222822529173401,0.32772515321981316,0.2009015822684901,-0.9129936598972389,1,-1.1250851777112487,803.7,7.3,32.0
0.203723667037028,0.3381479139119543,U8,MN8014,11.24643418661107,4.190957807393124,CPG,SSPG,0.11208004151712751,0.3276983823623838,0.2009861864700946,-0.9125267663193671,2,-1.1264405824724237,803.6,7.3,32.0
0.20368151962932582,0.3382057280009327,U8,MN8014,11.233064386428442,4.1909015966374294,CPG,SSPG,0.11208116839439151,0.327850064796224,0.20087428049330913,-0.9141722372140366,1,-1.1260276969723497,803.5,7.3,32.0
0.20369450674633588,0.33816055562379427,U8,MN8014,11.241305594330626,4.188474510040412,CPG,SSPG,0.11218322592858503,0.32781357421076773,0.20105037450102997,-0.9128694387868335,7,-1.125162145647419,803.8,7.3,32.0
0.20380866335409092,0.3384855051278206,U8,MN8014,11.241926204601334,4.195508223124655,CPG,SSPG,0.11201857029915085,0.3279722380487371,0.20072490555802047,-0.916479176915718,4,-1.1228164268034133,802.8,7.3,32.0
0.20375617033607352,0.33846099841292343,U8,MN8014,11.239830651854822,4.196634860708407,CPG,SSPG,0.11211309085997473,0.3277859330779088,0.2007923967006304,-0.9147910525026921,6,-1.1253826663877415,803.1,7.3,32.0
0.2037395534847943,0.33842281901656196,U8,MN8014,11.23710437244262,4.196794781630053,CPG,SSPG,0.11217256309718607,0.3278286572439917,0.20066915006916297,-0.9159848885338315,0,-1.1252341761805704,803.0,7.3,32.0
0.20367091574308033,0.33844224873122297,U8,MN8014,11.237067352315755,4.196064370227621,CPG,SSPG,0.1122632038764014,0.32736601416466043,0.20078185309551982,-0.9128075758478286,0,-1.1266932742946745,804.2,7.3,32.0
0.20374539602594804,0.33846291409136203,U8,MN8014,11.240409008101938,4.194662084982665,CPG,SSPG,0.11219797848534163,0.32767188719185986,0.20089040629247992,-0.9139612707968987,5,-1.124330026693408,803.9,7.3,32.0
0.20375727896172083,0.33853285516983717,U8,MN8014,11.24321334132642,4.196601241024965,CPG,SSPG,0.11223483717951666,0.32767703759081085,0.20081684264415386,-0.9148503636417384,6,-1.1249587552775973,803.6,7.3,32.0
0.20373722150756407,0.33850059649206643,U8,MN8014,11.240729981655043,4.1951948358302555,CPG,SSPG,0.11225618810369037,0.32766355476644443,0.20083412231532363,-0.9140897011627223,4,-1.1241485439272454,803.6,7.3,32.0
0.20367001566378667,0.33846948625003204,U8,MN8014,11.239217215520709,4.197115894134745,CPG,SSPG,0.11233270683629207,0.32760176325622986,0.2007370085704251,-0.9147093063191155,6,-1.1239332820492702,803.7,7.3,32.0
0.20367730962411415,0.33843936272440817,U8,MN8014,11.238380163329023,4.194411983886599,CPG,SSPG,0.11225109468556814,0.32762492952189565,0.20072522864539255,-0.9146370647476332,3,-1.1237579205885817,803.6,7.3,32.0
0.20368879915809354,0.3386659560741763,U8,MN8014,11.24138694774767,4.19723457562145,CPG,SSPG,0.1123024438650395,0.3275928037370869,0.20066924536670463,-0.9157199273174657,6,-1.125303517850317,803.3,7.3,32.0
0.20364401633870646,0.3385278961220305,U8,MN8014,11.237335592413162,4.196031960169063,CPG,SSPG,0.1124112118047266,0.32739600584553913,0.2007765770380319,-0.9142369391435695,6,-1.1255473937985014,804.6,7.3,32.0
0.20365529461528883,0.3382901604495014,U8,MN8014,11.238873246976965,4.191111543180161,CPG,SSPG,0.1123053111324742,0.3275931383424205,0.2008870482882185,-0.9135112763725054,7,-1.1262693974212175,804.1,7.3,32.0
0.20363674119000907,0.33825943816291126,U8,MN8014,11.238878108437358,4.194308360372093,CPG,SSPG,0.11222921082057247,0.32755615542203365,0.20077097630567875,-0.9138221401335493,2,-1.123032143475763,804.1,7.3,32.0
0.20367884284654,0.3382854326952932,U8,MN8014,11.23799266909641,4.1937778822556675,CPG,SSPG,0.11215725562049571,0.32778567621033,0.20073681255873915,-0.9154375430001965,5,-1.1239583406848785,803.5,7.3,32.0
0.20367115234389138,0.3384178360423624,U8,MN8014,11.23129787694333,4.196780284446354,CPG,SSPG,0.11215261654801328,0.32767960516539446,0.2007231610361697,-0.9151837453311066,5,-1.1246130788262665,803.9,7.3,32.0
0.20365857647879276,0.3382447145728853,U8,MN8014,11.233943182592418,4.19487759119707,CPG,SSPG,0.11224300847728788,0.3276862946918531,0.20083880847192373,-0.914548152518315,3,-1.1263599436090974,804.2,7.3,32.0
0.20367339510201746,0.3382358689077885,U8,MN8014,11.235060626349517,4.202086945025502,CPG,SSPG,0.11219403330344485,0.3277522151106969,0.20079701173394118,-0.9146877632303828,7,-1.1248667094912292,803.8,7.3,32.0
0.20366580551050698,0.33845857193415096,U8,MN8014,11.23018334139757,4.202368708077941,CPG,SSPG,0.11222764637089047,0.3275184807388996,0.2007278320749248,-0.9142741902348382,7,-1.1258287669165146,804.2,7.3,32.0
0.20364005764370213,0.3383071688249172,U8,MN8014,11.237358350290398,4.200393556766444,CPG,SSPG,0.11231215204123146,0.3275220616997459,0.20088578002052176,-0.9131401060348857,4,-1.1252750523909372,804.4,7.3,32.0
0.20370615988442553,0.3382585240134485,U8,MN8014,11.2395680410292,4.1983464969586075,CPG,SSPG,0.11219788436873485,0.32761200915941546,0.2010469965835915,-0.9127016116546218,1,-1.1268114527200375,804.6,7.3,32.0
0.20369840014315974,0.33835641084504814,U8,MN8014,11.241473311692914,4.198968183037764,CPG,SSPG,0.11228687678123414,0.3276635796456022,0.20098609936873257,-0.913826877857639,2,-1.1260910209223551,804.3,7.3,32.0
0.20367942004301168,0.3381730675918112,U8,MN8014,11.239679759114644,4.195509425740649,CPG,SSPG,0.11224254977838258,0.3276823305788371,0.20093308331431065,-0.9130110293081003,3,-1.1246977921389298,804.0,7.3,32.0
0.20367787914429553,0.3382897930811371,U8,MN8014,11.240792674146245,4.195770538892786,CPG,SSPG,0.11227030236135677,0.32780553177436755,0.20091307149239435,-0.9143186891378724,3,-1.1213743720217755,803.9,7.3,32.0
0.20364723902928322,0.33805016725663595,U8,MN8014,11.24102932674884,4.197707037117757,CPG,SSPG,0.11218481846053721,0.32787934196281276,0.20094028963359786,-0.9142533855936026,6,-1.124364180173223,803.7,7.3,32.0
0.2035865136875164,0.33804109615733713,U8,MN8014,11.244448538027193,4.195171196596362,CPG,SSPG,0.11228357003014088,0.3276118586507464,0.20102589523383982,-0.9129702881134617,1,-1.1254496005534822,804.6,7.3,32.0
0.20366591467865724,0.3383915082879236,U8,MN8014,11.235450027030955,4.203241295483792,CPG,SSPG,0.11220757993179559,0.32775907048396147,0.20070214497135289,-0.9159202646922788,3,-1.1251087331877088,803.5,7.3,32.0
0.20369915458898694,0.3382648750886845,U8,MN8014,11.241180036717449,4.204282402580082,CPG,SSPG,0.11223986588312944,0.3278107188647407,0.2008663456216374,-0.9156599546349198,4,-1.1244806955576223,804.1,7.3,32.0
0.20368250181763475,0.33829696585097463,U8,MN8014,11.242974602353184,4.199229870964188,CPG,SSPG,0.11221070955179506,0.32790698187060846,0.20084533824891385,-0.9157340341599179,0,-1.123134899593567,803.4,7.3,32.0
0.20377901951330218,0.33833866675995106,U8,MN8014,11.247454948152285,4.199453378042983,CPG,SSPG,0.11218317872210842,0.32783463843972194,0.20085006592615728,-0.9153996635107773,6,-1.1261539730657084,803.3,7.3,32.0
0.20368615617245014,0.3381388670424473,U8,MN8014,11.242962796062036,4.198984734173903,CPG,SSPG,0.11224810897585652,0.32762171720477756,0.20098132587269782,-0.9126685105224862,4,-1.1263443176850165,804.2,7.3,32.0
0.20381207180019992,0.3382264029393351,U8,MN8014,11.249455872183486,4.196971148417415,CPG,SSPG,0.1121804649208236,0.32790647186806715,0.20093402335088884,-0.9148282835560201,0,-1.1260001735802678,803.3,7.3,32.0
0.203854930790705,0.3383768114921114,U8,MN8014,11.249127484085328,4.200173809200607,CPG,SSPG,0.11213445791835312,0.3279012570024236,0.20076428154169573,-0.9162187149634969,7,-1.1262256704942386,802.9,7.3,32.0
0.20378126319925455,0.33836800176261456,U8,MN8014,11.248414862364955,4.199236533947444,CPG,SSPG,0.11233493795121362,0.32763672323873255,0.20096464122381574,-0.913865012475216,6,-1.126958244699142,804.1,7.3,32.0
0.20376030135706263,0.33833751154980674,U8,MN8014,11.245866994896957,4.1971810510663214,CPG,SSPG,0.1122815938376132,0.3276178309648284,0.20083872750438966,-0.913701218787487,6,-1.1251335511448914,803.7,7.3,32.0
0.20376586335420083,0.33835240031179137,U8,MN8014,11.245878497277332,4.195339068969575,CPG,SSPG,0.11232002797942536,0.32745362986500315,0.20091873729578763,-0.9127096901024222,2,-1.126866979348213,804.4,7.3,32.0
0.20367874163779137,0.33853793465788923,U8,MN8014,11.244033325394543,4.192798999625562,CPG,SSPG,0.11245505980252468,0.3272523113256779,0.2009143897233028,-0.9117851675895688,0,-1.1233420170624902,804.9,7.3,32.0
0.20373417282287964,0.3382808850440028,U8,MN8014,11.245262844918278,4.19352191264373,CPG,SSPG,0.11234075762620052,0.3275239993767171,0.20086843247327477,-0.9130858085676898,4,-1.1268589202958124,804.0,7.3,32.0
0.20373964198103373,0.3383331895368369,U8,MN8014,11.242066583063316,4.192712346195714,CPG,SSPG,0.11226490215854965,0.3276027112108107,0.2008838919328926,-0.9132578794366252,5,-1.1258998876799433,803.9,7.3,32.0
0.20375868941852066,0.3382703280239226,U8,MN8014,11.245117684722173,4.191437799176696,CPG,SSPG,0.11228462223176794,0.3276374774209805,0.20087254310996475,-0.9136744180253148,4,-1.1266070596979878,803.8,7.3,32.0
0.20367927703317398,0.3383616511838102,U8,MN8014,11.238311123360525,4.195805920626965,CPG,SSPG,0.11234026764084046,0.3276046009356491,0.20079433731033713,-0.9147312689396672,3,-1.126230090975266,804.1,7.3,32.0
0.20376059055570386,0.3382568478676781,U8,MN8014,11.243812959361685,4.193609627554597,CPG,SSPG,0.11220107744685706,0.3277462668239473,0.20089746391148924,-0.9140271952922727,7,-1.1267383335687429,803.6,7.3,32.0
0.20376907011375514,0.3382982227402961,U8,MN8014,11.240528919464474,4.189167372787135,CPG,SSPG,0.11217947148137003,0.3278633771167898,0.20089867626283214,-0.9141717351904208,7,-1.126254450662504,803.2,7.3,32.0
0.20374819017058526,0.3382184748758844,U8,MN8014,11.239332963767662,4.190266722794254,CPG,SSPG,0.1121231124103254,0.32782843419131474,0.2009561153798269,-0.9135670920198892,3,-1.1269462318760475,803.5,7.3,32.0
0.20371465885288875,0.3381588481542225,U8,MN8014,11.241153270892934,4.1895996449529935,CPG,SSPG,0.11213119024269905,0.32780804635863164,0.2009862437165594,-0.9134253894108915,2,-1.126283561686023,803.7,7.3,32.0
0.203806014020048,0.33830799501951103,U8,MN8014,11.245595006107816,4.187809056792985,CPG,SSPG,0.11214515717049182,0.32781835647933544,0.20095180144532301,-0.9139703805363282,3,-1.1267421888558884,803.4,7.3,32.0
0.2037759078995249,0.3383536152683181,U8,MN8014,11.241445679927846,4.189559086137571,CPG,SSPG,0.11219090807850604,0.32781425834413114,0.20084952151678834,-0.914630916017949,5,-1.1261626205589268,803.3,7.3,32.0
0.20381837970429878,0.3383049735963509,U8,MN8014,11.244668914101744,4.193580339377452,CPG,SSPG,0.11216729414124266,0.32769598141446304,0.2007534257304632,-0.914683116198081,4,-1.1268543705611904,803.4,7.3,32.0
0.20377428411312848,0.33832148311929805,U8,MN8014,11.245122858965626,4.189115230282624,CPG,SSPG,0.11222231464145298,0.32764499910466277,0.2008937734919804,-0.9131687942358524,6,-1.126163018287011,803.6,7.3,32.0
0.20373620312222937,0.3382974240637843,U8,MN8014,11.24463532434719,4.19482645068296,CPG,SSPG,0.11224668666004889,0.3275862906905799,0.20082160490707554,-0.913736613327627,5,-1.1269697228361313,803.7,7.3,32.0
0.20376288371643003,0.33838802806141416,U8,MN8014,11.248865610194883,4.192529142821932,CPG,SSPG,0.11222721815294523,0.3276656020217521,0.20090381141764144,-0.9141101086555743,4,-1.126866581633279,803.6,7.3,32.0
0.2036843823317667,0.33849595168487145,U8,MN8014,11.244345765270356,4.194772402830404,CPG,SSPG,0.1123553449759212,0.32744794529826626,0.2008078794489507,-0.9138535841553992,5,-1.1265035384608932,804.0,7.3,32.0
0.20368310187738312,0.33848781235452935,U8,MN8014,11.243225154177157,4.193613145044337,CPG,SSPG,0.11230677745174576,0.3275127887691227,0.20069805414574757,-0.9146813546760798,5,-1.1253659675167764,803.6,7.3,32.0
0.20370489835253697,0.3384402668235294,U8,MN8014,11.242368458499213,4.189590100351243,CPG,SSPG,0.11225781485152236,0.3275392709047593,0.20083529469612818,-0.9134610824678192,0,-1.125487383433497,803.8,7.3,32.0
0.20372516292059908,0.33844695913947986,U8,MN8014,11.246365029339618,4.188857871635431,CPG,SSPG,0.11224421753182218,0.3275426353853249,0.2008685143581024,-0.9132504910927176,3,-1.1254182389523066,803.7,7.3,32.0
0.2036905438319914,0.3384280751918294,U8,MN8014,11.245846225007934,4.18943496188476,CPG,SSPG,0.11222465104040827,0.32751723378073994,0.20084518361120682,-0.9136476166134784,3,-1.1262737125488487,803.8,7.3,32.0
0.20362520732075753,0.3383771029280324,U8,MN8014,11.242351094336938,4.191091017226882,CPG,SSPG,0.11224922606327137,0.3274344608633346,0.20084302226200693,-0.9130855393006452,3,-1.1260239288717449,804.1,7.3,32.0
0.20366506647872815,0.33841553983563083,U8,MN8014,11.242737415298043,4.190618391944893,CPG,SSPG,0.11225095020078385,0.32751835973148014,0.20085613794221224,-0.9133111654056569,3,-1.1263822418983738,803.8,7.3,32.0
0.20366735703743277,0.3384342077135323,U8,MN8014,11.241700888044402,4.190224161468221,CPG,SSPG,0.11217968423973002,0.32750013017034363,0.2008917303180812,-0.9127064869549005,4,-1.1265511407000197,803.8,7.3,32.0
0.20368967331095705,0.3384108472317463,U8,MN8014,11.243522471415865,4.187469358079251,CPG,SSPG,0.11216175969694014,0.3275491154377995,0.20091770893166352,-0.912894798838404,7,-1.1263177909955386,803.8,7.3,32.0
0.20372763024006846,0.3383878787417442,U8,MN8014,11.2461331190217,4.1879695441032,CPG,SSPG,0.11215246968446382,0.32763252022070144,0.200911213130701,-0.9130664600889192,3,-1.1262269575049135,803.4,7.3,32.0
0.2037476434021618,0.33862731310950767,U8,MN8014,11.246559612832272,4.190109709669849,CPG,SSPG,0.11221551417973624,0.32752840762509544,0.20079926850094154,-0.9139007314124296,0,-1.1265745956264404,803.3,7.3,32.0
0.20368787550024414,0.33853178599140443,U8,MN8014,11.240899023566906,4.1894621199936735,CPG,SSPG,0.11225887035849828,0.3274247353223139,0.20083734147256388,-0.9131012365441548,5,-1.1267991424724793,804.0,7.3,32.0
0.2037453800951548,0.33848614624527995,U8,MN8014,11.247427400852201,4.187611432248065,CPG,SSPG,0.11225446393742028,0.32743625328708603,0.20089445210912607,-0.9123809093080566,6,-1.1268497817254666,803.8,7.3,32.0
0.20375835819352003,0.3384958227516264,U8,MN8014,11.247995947882456,4.186684209611763,CPG,SSPG,0.11228271293548864,0.327424791026453,0.20085741274715646,-0.9128220391515501,2,-1.1274520217509911,803.8,7.3,32.0
0.20374380340891074,0.3385254767990161,U8,MN8014,11.247476191165855,4.186367371040359,CPG,SSPG,0.11226351030316387,0.32754511823253624,0.2009127925414134,-0.9131283635470168,0,-1.1267053770951767,803.6,7.3,32.0
0.20374940533970465,0.3385895813142852,U8,MN8014,11.249576271024782,4.18750829759496,CPG,SSPG,0.11227435786581051,0.32751891391372173,0.2008512287358601,-0.9136052403636455,0,-1.1268644285663898,803.4,7.3,32.0
0.20381286531009452,0.3386600916011,U8,MN8014,11.246072056208133,4.186950800715722,CPG,SSPG,0.11223344292201587,0.3276322660514851,0.20073806648955664,-0.9147339584751091,3,-1.1258209615204473,803.0,7.3,32.0
0.20378640175701526,0.3385687125927406,U8,MN8014,11.24415599228995,4.18863183549656,CPG,SSPG,0.11225918113442651,0.32758085635589984,0.20077726407042126,-0.9140158935949041,7,-1.1264407401898593,803.3,7.3,32.0
0.20380593286972676,0.3386333564603502,U8,MN8014,11.249175115941222,4.186766512615403,CPG,SSPG,0.11224208951865344,0.327637203431867,0.2007784072044234,-0.9147078244091217,7,-1.126488369927321,803.0,7.3,32.0
0.20375347755646012,0.3385960961503234,U8,MN8014,11.246181176990136,4.187105871009405,CPG,SSPG,0.11234083790537364,0.3274516463487451,0.20074763131162848,-0.9138922387821813,2,-1.126956263848002,803.5,7.3,32.0
0.2037850785913043,0.3385396400608146,U8,MN8014,11.247807218749319,4.188719971306833,CPG,SSPG,0.11227676374933152,0.3276061509514232,0.20068281619780842,-0.9150325200587324,1,-1.1263997863285722,803.0,7.3,32.0
0.20381795691442722,0.3386105972417256,U8,MN8014,11.247696109368201,4.189004076116632,CPG,SSPG,0.1122768971734894,0.3275941266907895,0.2007361170231867,-0.9150572250990106,1,-1.1257534330124939,803.4,7.3,32.0
0.20379739111318415,0.33863314028848895,U8,MN8014,11.246993101625495,4.189091369038044,CPG,SSPG,0.11229912335000022,0.3275313342666819,0.20070200176386305,-0.9148444438594276,1,-1.1266781231510627,803.3,7.3,32.0
0.20380156007566042,0.33859438543547493,U8,MN8014,11.245061288717793,4.189124468681609,CPG,SSPG,0.11227438158537498,0.3275701488660377,0.20064034989278093,-0.9153878512083994,7,-1.1267148697334548,803.2,7.3,32.0
0.20378107921253377,0.3386550003402726,U8,MN8014,11.245764949362812,4.188471118338771,CPG,SSPG,0.11233541620514134,0.32747452180689623,0.20067578215229448,-0.9148346991133552,3,-1.1260682677608918,803.5,7.3,32.0
0.20383597541315118,0.3387482504560737,U8,MN8014,11.247044795179452,4.187499235422891,CPG,SSPG,0.11233730105937893,0.327459167945818,0.20067402977083884,-0.9150547378182271,2,-1.1269604240804245,803.5,7.3,32.0
0.20380135753092968,0.3386883565623262,U8,MN8014,11.247015099071,4.187366422965659,CPG,SSPG,0.11237004748289514,0.3273455304517425,0.20076536147256793,-0.9135806848045459,4,-1.127386925169528,803.9,7.3,32.0
0.20382533617574616,0.33868112602383427,U8,MN8014,11.24579633491508,4.1885015442928575,CPG,SSPG,0.11233984212217195,0.32745150692138486,0.2006977686855207,-0.9146977343746898,5,-1.12659660478249,803.7,7.3,32.0
0.20381416153772428,0.3387259182035335,U8,MN8014,11.248088336610564,4.1883162243388945,CPG,SSPG,0.11240536357706703,0.3272993779022366,0.2007530384791046,-0.913750010956568,3,-1.1271694572709015,804.1,7.3,32.0
0.20378900855965254,0.3388425091846497,U8,MN8014,11.247185006380848,4.187478364029366,CPG,SSPG,0.11240361376739548,0.32727502970216454,0.2007096704336726,-0.9140990838358236,0,-1.1262766468515064,804.0,7.3,32.0
0.20378497394940565,0.3388917200819104,U8,MN8014,11.24965960102859,4.190709596104937,CPG,SSPG,0.11244346980405744,0.32721292825718284,0.20071417347361878,-0.9140211376222791,6,-1.126324469399413,804.1,7.3,32.0
0.20375698370740863,0.33876881382268864,U8,MN8014,11.24894903093444,4.188961807544796,CPG,SSPG,0.11249478221100107,0.3271761256268673,0.2007182053548782,-0.9134887284340869,7,-1.1260161998934741,804.3,7.3,32.0
0.2038388410938063,0.3389598287059127,U8,MN8014,11.246344506028368,4.190808722074093,CPG,SSPG,0.11246832813717703,0.3273321927760158,0.20071577573437535,-0.9150912843389337,1,-1.1270838254158058,804.1,7.3,32.0
0.20382737021132188,0.3388803244490508,U8,MN8014,11.247738720148586,4.188690730319265,CPG,SSPG,0.11246750422678685,0.3273056890368609,0.2007022737105759,-0.9146138026629498,0,-1.1268533377720482,804.0,7.3,32.0
0.20383571364090827,0.3389398334484732,U8,MN8014,11.247309972569429,4.190495829245491,CPG,SSPG,0.11246703990602505,0.3273057413419495,0.2006725321652957,-0.9147156791180877,4,-1.1269502561651148,803.8,7.3,32.0
0.20383033378619478,0.33885194514610867,U8,MN8014,11.248794905347157,4.187691779931921,CPG,SSPG,0.11246368365107431,0.3272294117231117,0.2007046248279375,-0.9138017502281938,1,-1.1272209876209125,804.0,7.3,32.0
0.20382591668986821,0.3389629348796509,U8,MN8014,11.24631920468807,4.189465615990173,CPG,SSPG,0.11249493430650254,0.32723552222439684,0.20061411432448845,-0.9147126210533981,7,-1.127352037475629,803.8,7.3,32.0
0.20381390850701772,0.33898293295311444,U8,MN8014,11.24963648424191,4.1910898382598525,CPG,SSPG,0.11256356461505798,0.32718701450773297,0.20061986958717568,-0.9147036974361085,2,-1.125845845248982,804.0,7.3,32.0
0.2037920456202305,0.3389772706506622,U8,MN8014,11.249190476530494,4.187635351779858,CPG,SSPG,0.11255325912393936,0.32708658912293564,0.200718831461447,-0.9135795428051013,6,-1.1274994391177042,804.4,7.3,32.0
0.2037245171107002,0.3388581576406168,U8,MN8014,11.247254010631892,4.187305192775199,CPG,SSPG,0.11252537695178096,0.32696742119294164,0.20072154588489158,-0.912447852704205,6,-1.1272615528673597,804.7,7.3,32.0
0.20377499863169674,0.33906063578843315,U8,MN8014,11.248907981066132,4.189669978500699,CPG,SSPG,0.11254282963597649,0.32700160245994836,0.20065946972646193,-0.9134447518583607,2,-1.1261838442047978,804.4,7.3,32.0
0.2037497558046613,0.3390026588744005,U8,MN8014,11.248013266567323,4.1895701392570945,CPG,SSPG,0.11256286176306908,0.3269640336758991,0.20067181543849444,-0.9132552744114316,6,-1.1270653272370046,804.6,7.3,32.0
0.20376411881385564,0.33903160292300427,U8,MN8014,11.247029640023948,4.187977405491076,CPG,SSPG,0.11255903545889204,0.32698661695647624,0.20067619578761303,-0.9133120834127502,5,-1.1276959477700732,804.5,7.3,32.0
0.20376657704594006,0.3390717992108763,U8,MN8014,11.248607048465571,4.18805078285457,CPG,SSPG,0.11259808339650929,0.32689825952499585,0.2006653982288765,-0.9129041086334941,5,-1.1275602845814392,804.6,7.3,32.0
0.20377736502793686,0.33889818260265153,U8,MN8014,11.246967678877144,4.188367873466998,CPG,SSPG,0.11247012326354736,0.3270538728797243,0.20068067220238633,-0.9129764235369254,2,-1.1273109153850385,804.3,7.3,32.0
0.2037455806086457,0.3389060643819882,U8,MN8014,11.247519095757019,4.188614688771877,CPG,SSPG,0.11251452673756804,0.3269646016110963,0.20067935358703995,-0.912709518097714,5,-1.1277803358864293,804.5,7.3,32.0
0.20373885380793103,0.33884206763572705,U8,MN8014,11.2474162136919,4.188064230631511,CPG,SSPG,0.11248371214368857,0.3269964371325,0.20071656409368702,-0.9123752742508274,5,-1.127558769557691,804.5,7.3,32.0
0.203702465241511,0.33879904098930064,U8,MN8014,11.246159084831966,4.189277073126793,CPG,SSPG,0.11250663653974752,0.32703143340204566,0.20071082992132136,-0.9127137307825332,0,-1.12747923126447,804.5,7.3,32.0
0.20373032429861226,0.3387933990497131,U8,MN8014,11.246990971175524,4.1892012648237715,CPG,SSPG,0.11247054555275747,0.32700318645296916,0.2007458434268153,-0.9121429749878404,3,-1.1276509904145984,804.6,7.3,32.0
0.20374841743186978,0.3387632220738594,U8,MN8014,11.245320648598758,4.190147295858074,CPG,SSPG,0.1124651113473848,0.32706482562889755,0.20069524564708766,-0.9128733354779517,5,-1.1277198041279242,804.5,7.3,32.0
0.20375642303747693,0.3387868137412123,U8,MN8014,11.246172935227781,4.19015594015638,CPG,SSPG,0.11244366761203478,0.32706096472716517,0.20065798544036634,-0.9131339772945067,3,-1.1273299935078454,804.4,7.3,32.0
0.20378015568843721,0.3388230871461324,U8,MN8014,11.246695661782418,4.19039019380761,CPG,SSPG,0.11249433898455784,0.32703388564848973,0.20064728204346285,-0.9132862071253136,7,-1.1277022327005746,804.5,7.3,32.0
0.20378215009719877,0.33872747060735486,U8,MN8014,11.249038950170434,4.191147714830264,CPG,SSPG,0.11244924474941145,0.3271229763907356,0.20069122162956837,-0.9130704759544289,6,-1.127855548112307,804.2,7.3,32.0
0.20379937398331766,0.3388188197402493,U8,MN8014,11.248836245248626,4.189962842532141,CPG,SSPG,0.11247177035754574,0.3270646304631163,0.20068305897446037,-0.9130850785735627,5,-1.127516014546515,804.4,7.3,32.0
0.20379008344670396,0.3387044968367984,U8,MN8014,11.249520011401202,4.187806675761945,CPG,SSPG,0.11241725411868522,0.32715304712533005,0.20072095833258025,-0.9128908361362594,7,-1.1273256834830816,804.2,7.3,32.0
0.20380139947959564,0.3388273150319049,U8,MN8014,11.24956147226847,4.190358621717055,CPG,SSPG,0.11245031385259432,0.3270980746028679,0.2006824031266311,-0.9134157450198005,6,-1.1277498814884321,804.3,7.3,32.0
0.20384428969770688,0.3387863675105358,U8,MN8014,11.24892353956998,4.192215242374727,CPG,SSPG,0.11245220456643122,0.3272024121698207,0.20064326048574024,-0.9140145750315014,1,-1.1278683340850097,804.0,7.3,32.0
0.20381226993223792,0.33880250718144417,U8,MN8014,11.249305294488357,4.192500408711777,CPG,SSPG,0.11251374373540772,0.3271132971171577,0.20072131221225226,-0.9132343710130005,3,-1.127147313377339,804.5,7.3,32.0
0.20379690042241283,0.33889915350870026,U8,MN8014,11.24880436782594,4.190880794584936,CPG,SSPG,0.11251530699700209,0.3270374231057445,0.2006995518909085,-0.9133093904466709,7,-1.127570618309786,804.6,7.3,32.0
0.20381121162148275,0.3389405155182016,U8,MN8014,11.248562504059748,4.190710933859352,CPG,SSPG,0.11250911705161872,0.3270843419988481,0.20063465766521163,-0.9140653019767748,7,-1.127592509574968,804.3,7.3,32.0
0.20381798430358816,0.33890509718080947,U8,MN8014,11.247592965699607,4.191214057117045,CPG,SSPG,0.11246502671812772,0.32720389331085953,0.20067755886943014,-0.9144381243387866,1,-1.1077627826169456,804.1,7.3,32.0
0.20381295671101374,0.338949356675487,U8,MN8014,11.24745919219288,4.190954788243955,CPG,SSPG,0.11251986597244203,0.3271266314121089,0.2006590759641076,-0.9141575054886968,6,-1.1264676006424885,804.4,7.3,32.0
0.20381540722575017,0.33909054737908195,U8,MN8014,11.24687663158504,4.191067719222057,CPG,SSPG,0.11257265916943372,0.32708260827604013,0.20058760687609228,-0.9147176108845886,0,-1.1274014349383892,804.2,7.3,32.0
0.20380806561422002,0.33906209525909065,U8,MN8014,11.24675774888821,4.1929703595032155,CPG,SSPG,0.11255929174518865,0.32709863487465735,0.20055010746847543,-0.915001842579439,6,-1.1271812027202568,804.1,7.3,32.0
0.20383285324246256,0.33903263504354675,U8,MN8014,11.245541921798416,4.191927533307176,CPG,SSPG,0.11254528318785996,0.32710489382015484,0.20055816612247124,-0.9149546272280553,5,-1.1081246688469575,804.1,7.3,32.0
0.20378339410644916,0.3390286943464677,U8,MN8014,11.245048226423958,4.191510259608497,CPG,SSPG,0.11258856434059931,0.326992977466905,0.20057674484352322,-0.9141623166696389,4,-1.1085541276173716,804.3,7.3,32.0
0.20378956290221456,0.33910388753847337,U8,MN8014,11.244225175231271,4.193944218380717,CPG,SSPG,0.11259887004891336,0.32695009531099306,0.20058709077394865,-0.9141969861559045,7,-1.1276492615161358,804.7,7.3,32.0
0.20385339880360925,0.3391793969142279,U8,MN8014,11.245310613714192,4.193706675965807,CPG,SSPG,0.11256964873405444,0.3270293234675186,0.20054366294768175,-0.9149277738786932,1,-1.109293423564269,804.1,7.3,32.0
0.20383538960442368,0.3392200928602108,U8,MN8014,11.243261959699986,4.194971040788633,CPG,SSPG,0.1126303083398887,0.32699231402950607,0.20052460408038256,-0.9150769807365225,2,-1.1099460629484765,804.2,7.3,32.0
0.20385761135535493,0.33914412580491304,U8,MN8014,11.243785606058186,4.194993678251755,CPG,SSPG,0.1125397013857936,0.32711727809110824,0.2005410412811225,-0.9154208505464778,0,-1.1104011330907504,803.9,7.3,32.0
0.20386139232726574,0.3391098548275523,U8,MN8014,11.242561449612246,4.196067421364545,CPG,SSPG,0.1125553075947159,0.3271067836444113,0.20051065286481196,-0.915619331166107,7,-1.1117639403304036,803.9,7.3,32.0
0.20387139333899912,0.33922284697703875,U8,MN8014,11.243739687285466,4.197430003530581,CPG,SSPG,0.11259174604037138,0.32704087391175524,0.20049259896490357,-0.9158851626917158,6,-1.113340273893649,803.9,7.3,32.0
0.20392205412373218,0.33912389361199985,U8,MN8014,11.242527808474438,4.198912127039597,CPG,SSPG,0.1125471045251827,0.3272841904367206,0.20046926489828126,-0.9170689479744424,3,-1.1135768148444791,803.4,7.3,32.0
0.20393569292392905,0.3391128863360171,U8,MN8014,11.241533959146953,4.200056766711921,CPG,SSPG,0.11255081196633496,0.32740125100873113,0.2004446725631721,-0.9176965890453255,2,-1.1141902560747168,803.0,7.3,32.0
0.20396048970701505,0.3393706945545256,U8,MN8014,11.24116726570041,4.200450970136376,CPG,SSPG,0.11265633323667663,0.3272380533954973,0.20038480326798527,-0.9182424985437514,5,-1.1166669778403477,803.2,7.3,32.0
0.2039492085393013,0.3390570525751378,U8,MN8014,11.240184008664674,4.204896786529629,CPG,SSPG,0.11258830934375642,0.32727848245373425,0.20038377464762824,-0.917265036858281,1,-1.11874947118688,802.9,7.3,32.0
0.20391481709665685,0.3391390850689059,U8,MN8014,11.234305835200995,4.203505844944366,CPG,SSPG,0.11265084485536901,0.32730675039974233,0.20031806602660024,-0.9184539993222097,4,-1.1228416146733204,802.7,7.3,32.0
0.20394335855049434,0.3394148952004099,U8,MN8014,11.23468588797883,4.206005255872434,CPG,SSPG,0.11276723060638076,0.32725190081832223,0.20026351569535963,-0.9198547271384093,7,-1.1255746186673568,802.7,7.3,32.0
0.20389792108037663,0.3393351999977271,U8,MN8014,11.231517842979251,4.205919939622566,CPG,SSPG,0.11272407033524487,0.32714767804777967,0.20023952191482955,-0.9188547565353089,3,-1.1256011470358471,802.8,7.3,32.0
0.20377088716815242,0.33926069601297776,U8,MN8014,11.226272041589311,4.207145484980672,CPG,SSPG,0.11286548831782021,0.32711559313300126,0.20026012184445077,-0.9189212047910555,5,-1.1249532131570987,803.3,7.3,32.0
0.20372053430887377,0.33926539933681477,U8,MN8014,11.223238209523796,4.200167405382063,CPG,SSPG,0.11280031322779673,0.3271474315745249,0.200256291239023,-0.9189004842652218,1,-1.1229228646011045,803.3,7.3,32.0
0.2038331274321474,0.33904773408055033,U8,MN8014,11.22591092412064,4.2003387380958666,CPG,SSPG,0.11251797848372526,0.32745611679612335,0.20030267951857453,-0.9185673322030514,5,-1.1247007829386941,802.1,7.3,32.0
0.20379909615375735,0.33928669295234415,U8,MN8014,11.227595163127106,4.204046456087557,CPG,SSPG,0.11274983405510859,0.3271873406659773,0.20024882870394237,-0.9181644202995725,0,-1.1246022368038275,802.4,7.3,32.0
0.20378390414324563,0.3395858500993538,U8,MN8014,11.230161578003978,4.204733010960242,CPG,SSPG,0.1127600004175655,0.3268384835823496,0.20022937477122515,-0.9174235171424779,4,-1.121867486866841,803.3,7.3,32.0
0.2037153744770365,0.33952202230790146,U8,MN8014,11.2205456920468,4.212500451028439,CPG,SSPG,0.1128835365339753,0.32681118097110956,0.20022112081490878,-0.9186140005444831,4,-1.12311071058428,804.4,7.3,32.0
0.2037434437114011,0.3394154383380187,U8,MN8014,11.220655437913148,4.206180564054004,CPG,SSPG,0.11276785344474292,0.3269651980715395,0.2001772184041059,-0.918888582930845,4,-1.1244751680928164,803.6,7.3,32.0
0.20371068787929597,0.3395166356568209,U8,MN8014,11.218137560877475,4.207318607538607,CPG,SSPG,0.1128107304756696,0.32685340903800286,0.20018090521131818,-0.9182429931624898,4,-1.1259023274682463,803.6,7.3,32.0
0.2037664732339751,0.33952165009715224,U8,MN8014,11.223438310556002,4.20867521168974,CPG,SSPG,0.11276872642012742,0.32686742714313377,0.20018188224624564,-0.9180554832345633,6,-1.1256225908456017,803.3,7.3,32.0
0.20371716617980914,0.34004554859650027,U8,MN8014,11.221832064196938,4.205558196105575,CPG,SSPG,0.11292047098125049,0.3266297593743686,0.20019167781732541,-0.9181811634345007,7,-1.1230718852443902,803.9,7.3,32.0
0.20371320170590718,0.3400952298024907,U8,MN8014,11.220863253301484,4.210119740904988,CPG,SSPG,0.1129139381537992,0.32654464114512205,0.2001978962393515,-0.9182106857317418,2,-1.1259174279853879,804.1,7.3,32.0
0.20379390358990176,0.34052984976109824,U8,MN8014,11.212666949817066,4.212124662102046,CPG,SSPG,0.11303598784734611,0.32652209508641056,0.2000954101926957,-0.9206376617580875,2,-1.113639621142453,803.9,7.3,32.0
0.20380632670714693,0.340181594053145,U8,MN8014,11.218927972799666,4.201189442595962,CPG,SSPG,0.1128364363162519,0.3267381701695049,0.2002106107786269,-0.9191674737442312,3,-1.1246667873963805,803.9,7.3,32.0
0.2037337846208205,0.3399091651781987,U8,MN8014,11.218641398291606,4.200669534839129,CPG,SSPG,0.1127820695781284,0.32676312737490654,0.20026840806804874,-0.917944196802008,4,-1.1257869478599831,803.7,7.3,32.0
0.20374407871088906,0.3399513069706863,U8,MN8014,11.225219159267901,4.199350048836554,CPG,SSPG,0.11291406656146456,0.32653066637499073,0.20023320002396885,-0.9177427609542689,2,-1.1213599838594472,804.7,7.3,32.0
0.2038123019816552,0.3399989887354389,U8,MN8014,11.222947658859038,4.204760283982344,CPG,SSPG,0.11283751994547005,0.3267262660055257,0.20025722228821294,-0.9181284472498165,3,-1.1235267553168509,803.7,7.2,32.0
0.20366118027849728,0.3399027452169616,U8,MN8014,11.224990325280178,4.204289424885811,CPG,SSPG,0.11276307561099264,0.3264870643331198,0.2003592964079575,-0.9157138156690661,7,-1.123792988012827,804.3,7.3,32.0
0.20366031684925245,0.34004486745709683,U8,MN8014,11.221202842314627,4.2024694021028415,CPG,SSPG,0.11285039479236261,0.32653138640416407,0.20030766704535216,-0.9170807764659215,2,-1.1244732669051363,804.3,7.3,32.0
0.2036166157590314,0.3402197332379822,U8,MN8014,11.216799474795002,4.205255138791305,CPG,SSPG,0.11295357144504146,0.3264429614003742,0.20032231311419338,-0.9166549784805897,3,-1.125038888189417,804.4,7.3,32.0
0.2037159565893787,0.3400832519076328,U8,MN8014,11.22040619513955,4.19918251322173,CPG,SSPG,0.11291949108277594,0.3264512774666322,0.2002505355973513,-0.9175298212767687,7,-1.126252943218252,804.6,7.3,32.0
0.20360188330759846,0.34000800348604804,U8,MN8014,11.220008923631163,4.204284523182965,CPG,SSPG,0.11296568350545921,0.3261659546642874,0.20026503277947783,-0.9158634164581433,7,-1.1242651023148422,805.5,7.3,32.0
0.20355554781731194,0.33995629759954626,U8,MN8014,11.21918509723481,4.206983333127774,CPG,SSPG,0.11302096915871364,0.3260764932968576,0.20029547319764257,-0.9153399871685726,2,-1.1258817340627925,805.8,7.3,32.0
0.20356656263491796,0.3399843993074709,U8,MN8014,11.217619645391263,4.2037795906215205,CPG,SSPG,0.11306166355007696,0.32605562980570957,0.20022226865641066,-0.9155448387946409,6,-1.126429621292516,805.6,7.3,32.0
0.2035353888482757,0.33964839222585136,U8,MN8014,11.218098677864349,4.202920139019389,CPG,SSPG,0.11293072243535936,0.32623179435316263,0.20030858220509473,-0.9148516022446238,0,-1.1253182207557728,805.4,7.3,32.0
0.20368579950336552,0.3398441034645225,U8,MN8014,11.220407311524124,4.20737453165982,CPG,SSPG,0.11291683043312892,0.32639008642110584,0.20029029505895393,-0.9162471602627242,2,-1.1252401451114027,805.0,7.3,32.0
0.20368002621542242,0.34002480632554266,U8,MN8014,11.218701182096362,4.208810449061737,CPG,SSPG,0.11295061450583212,0.32636086005941484,0.20027414222371512,-0.9167272353140824,1,-1.126724945523887,804.9,7.3,32.0
0.20362761864037196,0.340054126286336,U8,MN8014,11.218377828924353,4.206152854898546,CPG,SSPG,0.11297833924197578,0.3260837926600182,0.2002609428701473,-0.9157157747242708,1,-1.126697515586942,805.7,7.3,32.0
0.20363828976637752,0.33989953588843147,U8,MN8014,11.217257221356018,4.206073829219076,CPG,SSPG,0.11294710839040417,0.3262416372787979,0.20029357564725334,-0.915890462383583,5,-1.1263543872742385,805.5,7.3,32.0
0.2036276988464512,0.3400805996438248,U8,MN8014,11.219858723482112,4.2033026200264345,CPG,SSPG,0.1130357799014637,0.3261048740597186,0.2002630499482633,-0.9158412310936124,1,-1.1260168665653678,805.6,7.3,32.0
0.2035714552594292,0.3400310183691245,U8,MN8014,11.219128776280034,4.202687588034158,CPG,SSPG,0.11298820995476162,0.3261102774287135,0.20028995346211162,-0.9154385727014965,5,-1.1261467958321019,805.5,7.3,32.0
0.2035600947592108,0.3400862048303121,U8,MN8014,11.216792820385104,4.2065411323136095,CPG,SSPG,0.11306856634472483,0.32602713660999305,0.20024878155387968,-0.9157063455157162,0,-1.1266950511125096,805.8,7.3,32.0
0.20358119951910844,0.3400957539434507,U8,MN8014,11.213001172422542,4.2069055070641905,CPG,SSPG,0.11300272733730748,0.3261297912821963,0.2002469307963037,-0.9159279975480417,0,-1.1260956087052216,805.6,7.3,32.0
0.20358381928177927,0.33982487068148054,U8,MN8014,11.21806683222868,4.2078391300480895,CPG,SSPG,0.11296061543207501,0.32613846463388413,0.20023748414714876,-0.9154115322812957,5,-1.1261410022395646,805.5,7.3,32.0
0.2035686753000154,0.34000873475470345,U8,MN8014,11.217392054949189,4.205215221474573,CPG,SSPG,0.11300839890461502,0.3259825937241263,0.20027405906358542,-0.914697393068126,7,-1.125977457303848,805.9,7.3,32.0
0.2035993070985501,0.34024436021405535,U8,MN8014,11.217347637845018,4.205260047278913,CPG,SSPG,0.11310514599729157,0.3258655115867721,0.20023625633767975,-0.9151216487608731,6,-1.1269156804798488,806.1,7.3,32.0
0.20363839356830613,0.3400941499267419,U8,MN8014,11.21711471252489,4.20611815668257,CPG,SSPG,0.11300051962179924,0.32623918296535726,0.20026426653870025,-0.9164710056987994,4,-1.124972076586821,805.4,7.3,32.0
0.20361855950231894,0.34012961564155547,U8,MN8014,11.215862030005622,4.20697815230141,CPG,SSPG,0.113023358998061,0.32616342819939625,0.20025729939491174,-0.9162481458678583,6,-1.126276097970341,805.5,7.3,32.0
0.20361166379775328,0.34027126879218184,U8,MN8014,11.215476883400745,4.2080804347176946,CPG,SSPG,0.11313923389845026,0.326006962780303,0.20022352753355088,-0.9161964385434522,6,-1.126247792500978,805.9,7.3,32.0
0.20361546893328336,0.3401486125747153,U8,MN8014,11.215236999387528,4.207506704319444,CPG,SSPG,0.11309079098403682,0.32606301513899116,0.20023214042166293,-0.9160669393111016,1,-1.1265066337808536,805.8,7.3,32.0
0.20362731470821654,0.34014903394352264,U8,MN8014,11.21611873451868,4.208276984763085,CPG,SSPG,0.11307170555502553,0.3261282403982594,0.20022183503603175,-0.9165746175301308,7,-1.126583506431822,805.6,7.3,32.0
0.2036374640104865,0.3402016656831338,U8,MN8014,11.217771591304743,4.206202299976781,CPG,SSPG,0.1130250071455383,0.326166860311545,0.20022132798111672,-0.9168997761701937,6,-1.1263345085909684,805.4,7.3,32.0
0.20360382531428223,0.3402837612270656,U8,MN8014,11.213609718328163,4.20800102017379,CPG,SSPG,0.1131139862982746,0.32609746129928624,0.20022941859041704,-0.9165208990930763,0,-1.126639787074799,805.6,7.3,32.0
0.2036275132742232,0.34025395495316985,U8,MN8014,11.216390942767745,4.206546955073001,CPG,SSPG,0.11311280238464258,0.3260844233115749,0.2002159183769662,-0.9164038970598264,3,-1.126777403580867,805.5,7.3,32.0
0.20363850955455198,0.3402286924825775,U8,MN8014,11.214980786819932,4.207672493505157,CPG,SSPG,0.11308190267655348,0.32614490142456065,0.200233518099889,-0.9164959406542704,3,-1.1262755621019576,805.5,7.3,32.0
0.20361502070214213,0.3400487817649815,U8,MN8014,11.214027133259517,4.20571909149236,CPG,SSPG,0.11300196869337369,0.3261834456746243,0.20024989514113145,-0.9159937206571764,1,-1.1268856936384077,805.4,7.3,32.0
0.20358865656159275,0.3402002451451178,U8,MN8014,11.215004039661466,4.202985273503885,CPG,SSPG,0.11305775084198534,0.3261100232366301,0.20026625742022813,-0.9160141591897695,1,-1.1259775874763935,805.6,7.3,32.0
0.2035773561097799,0.34011301712902997,U8,MN8014,11.214986621165746,4.203876278465738,CPG,SSPG,0.11305889027757922,0.3261051057084322,0.20028731792596338,-0.9154135585490303,2,-1.1259121464638273,805.6,7.3,32.0
0.20363955079516632,0.34008158953340106,U8,MN8014,11.21696820130105,4.203305035026563,CPG,SSPG,0.1129660691903048,0.32630091421874285,0.2002908011991576,-0.9161188208864195,1,-1.1267728666097607,804.9,7.3,32.0
0.20359097934561948,0.33996561133038194,U8,MN8014,11.21915284500163,4.202870963265402,CPG,SSPG,0.11290496086799248,0.32623850577765684,0.2003152702687221,-0.9152774843517644,0,-1.1263123369319166,805.0,7.3,32.0
0.2035618881833984,0.3399815957870531,U8,MN8014,11.219135417887387,4.202005141140549,CPG,SSPG,0.11297786800580475,0.3260362976058308,0.20030424265456415,-0.9143682896601679,4,-1.1255527192003756,805.6,7.3,32.0
0.20355054851802898,0.3399754697107531,U8,MN8014,11.216634290630088,4.202397110083977,CPG,SSPG,0.11296520717889016,0.32601099951520385,0.20028595022914994,-0.9143590392958496,4,-1.1270420063505755,805.6,7.3,32.0
0.20360959989789762,0.3401217339636609,U8,MN8014,11.215588438681309,4.205191342992811,CPG,SSPG,0.1129515292806928,0.32618748775092943,0.200249189404517,-0.9159189206157371,4,-1.1268765369140707,805.1,7.3,32.0
0.20359411484360643,0.34000181884978814,U8,MN8014,11.21655928553652,4.203327882806775,CPG,SSPG,0.11292630296199993,0.3261453390562966,0.20025799037492792,-0.915288826917483,6,-1.1270324070525959,805.2,7.3,32.0
0.20356671716505964,0.33993311777881674,U8,MN8014,11.216083147284731,4.204355003498508,CPG,SSPG,0.11290415858247864,0.32611646041822084,0.20026791213083006,-0.9148769798001315,6,-1.1270306727074697,805.3,7.3,32.0
0.20359008254898564,0.3400930570265476,U8,MN8014,11.21463286700165,4.204441940986847,CPG,SSPG,0.11296948065203789,0.3261364397599708,0.2002612903607755,-0.9154997814549689,1,-1.1269336519601687,805.3,7.3,32.0
0.2035805540846049,0.3400743342610146,U8,MN8014,11.215307044571887,4.2063786457574714,CPG,SSPG,0.11299660201549319,0.32611003149725076,0.20026214897732889,-0.915497172206206,7,-1.1261919378577314,805.5,7.3,32.0
0.20358728732383832,0.340130646113045,U8,MN8014,11.216020078560204,4.205401801002694,CPG,SSPG,0.1129873516105154,0.32614139512896445,0.200292933682704,-0.9154620351111727,5,-1.1268288710213552,805.3,7.3,32.0
0.20356547624133442,0.3400855502838616,U8,MN8014,11.214430731018918,4.2061292429582435,CPG,SSPG,0.11297344139973915,0.3261576577565774,0.2002795126648491,-0.9155356594965262,3,-1.1265818847357236,805.3,7.3,32.0
0.20358571565536793,0.3401530792715983,U8,MN8014,11.213999414634362,4.207645932892424,CPG,SSPG,0.11299051726590112,0.3262085986836372,0.20025176112063203,-0.9161551828965581,7,-1.1266366037720514,805.1,7.3,32.0
0.2035784071253836,0.34010933044200425,U8,MN8014,11.21411031465423,4.207782467535055,CPG,SSPG,0.11297662567903369,0.3262083897239108,0.200261226687764,-0.916059211083234,1,-1.1262741250363657,805.2,7.3,32.0
0.20357052002037998,0.34003318616493133,U8,MN8014,11.215005094744685,4.207051085411578,CPG,SSPG,0.11297326462895475,0.32620165657437994,0.2002788217310703,-0.9156474909774625,2,-1.126458587592447,805.2,7.3,32.0
0.20359136684587473,0.3400696368742262,U8,MN8014,11.214795436788975,4.207584976022458,CPG,SSPG,0.1129943909703089,0.32621251378586574,0.20027186785974035,-0.9158722016744177,7,-1.1265201982845827,805.2,7.3,32.0
0.20356498344381943,0.3400580900140366,U8,MN8014,11.214847512913813,4.206742437381339,CPG,SSPG,0.11296046225741609,0.32615306308269226,0.200265648548334,-0.9155525526049131,2,-1.1263860440161801,805.3,7.3,32.0
0.20359639832884363,0.34005912135220784,U8,MN8014,11.215081657102132,4.207089147848966,CPG,SSPG,0.11291220531856132,0.32630427557519504,0.20025487511198825,-0.9162889527475666,7,-1.126551972786463,804.8,7.3,32.0
0.20358887238565113,0.34005003405373907,U8,MN8014,11.213379657340917,4.207720123537963,CPG,SSPG,0.11293155600200891,0.32627190644269033,0.2002613575447905,-0.9160654078798826,2,-1.1264993416814857,805.0,7.3,32.0
0.20359143293382695,0.340088874275181,U8,MN8014,11.215213473118052,4.20610227104964,CPG,SSPG,0.11295528763847588,0.32618965489253604,0.20027190598764208,-0.9157514754099959,6,-1.1265899983348602,805.2,7.3,32.0
0.20359455862821743,0.3400978592692419,U8,MN8014,11.21355429621915,4.2073000149938,CPG,SSPG,0.11297521341772244,0.32615076864005527,0.2002591551274092,-0.9157410389997033,4,-1.1267544812999697,805.4,7.3,32.0
0.20360124636044946,0.34007885898354917,U8,MN8014,11.215942853322996,4.207548424346111,CPG,SSPG,0.11296254591586795,0.3262258930351211,0.20025100628430975,-0.9161590640794518,4,-1.1264186596666317,805.1,7.3,32.0
0.20360965501503403,0.34003814807703264,U8,MN8014,11.216474795440899,4.207485411293051,CPG,SSPG,0.1129599721357653,0.32619268727318657,0.20025911436436503,-0.915955713457922,7,-1.126462947303918,805.3,7.3,32.0
0.20359336173559206,0.3400391449438036,U8,MN8014,11.215133645705574,4.206491004086943,CPG,SSPG,0.11292929782626236,0.32619535474476213,0.20025194204832503,-0.9158427373978887,1,-1.126566298649478,805.2,7.3,32.0
0.20360997917585333,0.3401072584579978,U8,MN8014,11.215703164341127,4.2074931365527,CPG,SSPG,0.11298070396774186,0.32616996960605465,0.20023307164644658,-0.9162063024240542,5,-1.1265637725111297,805.3,7.3,32.0
0.20360603354746634,0.34003025322996266,U8,MN8014,11.21592188001955,4.206270386253878,CPG,SSPG,0.11293326988520974,0.32623553236077063,0.20025037356969014,-0.9161227400441452,1,-1.1267124716524624,805.1,7.3,32.0
0.20361355882675825,0.3399859617829207,U8,MN8014,11.217591050449489,4.2049370269591595,CPG,SSPG,0.11289930265960808,0.3262517456884608,0.2002774346982636,-0.915778386139665,0,-1.1268474858031592,805.0,7.3,32.0
0.20362188203351775,0.33996668169720157,U8,MN8014,11.21757153655846,4.205347446406286,CPG,SSPG,0.11290336259943921,0.32623472230597833,0.2002822341709129,-0.9156356839040128,0,-1.126977961229069,805.1,7.3,32.0
0.2036212977805584,0.33993771816885476,U8,MN8014,11.21790779733907,4.205913072799725,CPG,SSPG,0.11289269197832583,0.3262604333358091,0.20029377028018852,-0.9154571209466245,6,-1.126665734702275,805.0,7.3,32.0
0.20361027360055173,0.33996863123699916,U8,MN8014,11.217387904384225,4.206612573982673,CPG,SSPG,0.11292478825169612,0.3261723668945223,0.2002782888489832,-0.9154012421584437,0,-1.1268577108633862,805.3,7.3,32.0
0.20362147954084361,0.33987374147030136,U8,MN8014,11.218329357143173,4.204928400954688,CPG,SSPG,0.11285408550135888,0.32629796055870464,0.2002907909921913,-0.9155756145121315,1,-1.1269661482280222,804.9,7.3,32.0
0.20361654809228716,0.3398967540879057,U8,MN8014,11.21751371813339,4.20453960344988,CPG,SSPG,0.1128855222776692,0.326247533703101,0.20028369786946193,-0.9155274883348543,5,-1.127024648936903,805.1,7.3,32.0
0.2036145252601705,0.3399582891063653,U8,MN8014,11.216479067528915,4.205755842457759,CPG,SSPG,0.11290557656624836,0.32621916629657216,0.20027730939665855,-0.9156267080190496,6,-1.127052076882519,805.2,7.3,32.0
0.20364204024448268,0.3399982987573201,U8,MN8014,11.217101434698083,4.206153799684793,CPG,SSPG,0.11293356444434356,0.3261879687995855,0.20026652810380824,-0.9156707022435784,1,-1.127033816301335,805.3,7.3,32.0
0.20363184874600276,0.34001998233474096,U8,MN8014,11.217150821967769,4.205290678302617,CPG,SSPG,0.11293433429372643,0.32613472879347327,0.20025782788444385,-0.9155038071314052,1,-1.1269844151680486,805.4,7.3,32.0
0.2036189176380192,0.34000631048983343,U8,MN8014,11.215761964349966,4.204065921828175,CPG,SSPG,0.1129259897656647,0.3261635613377794,0.20026221336661207,-0.9155040204898536,5,-1.1272810180811064,805.3,7.3,32.0
0.20362920496240816,0.33999519234859965,U8,MN8014,11.217833579385651,4.204749458966762,CPG,SSPG,0.11290809091548591,0.326177257152124,0.20027391167062766,-0.915494973305549,6,-1.1264899910357462,805.3,7.3,32.0
0.20361380567696455,0.33998914191632423,U8,MN8014,11.21693057154829,4.20417820966864,CPG,SSPG,0.11290386518239194,0.32618275047765233,0.20028390708525187,-0.9154643107563495,3,-1.1268166829784736,805.3,7.3,32.0
0.20361188067974917,0.3399813583665364,U8,MN8014,11.216524136170916,4.204424427115566,CPG,SSPG,0.11293167293146623,0.3261724158934558,0.20028349152684183,-0.915465907423547,1,-1.126706263648531,805.4,7.3,32.0
0.20359915584937738,0.3399793766369993,U8,MN8014,11.215758844941504,4.204891121588978,CPG,SSPG,0.11290898626083785,0.3261891253257608,0.20028149094849235,-0.9154703578185742,7,-1.1267610384084934,805.3,7.3,32.0
0.20361059973067555,0.3400371782293692,U8,MN8014,11.214877877167476,4.206270897658,CPG,SSPG,0.1129497573077158,0.3261786323454098,0.20026820278687635,-0.9158324828733847,3,-1.1270572474340792,805.4,7.3,32.0
0.20358730887072715,0.3400506267400699,U8,MN8014,11.214584838510767,4.205880350894673,CPG,SSPG,0.11295403787625997,0.32609431427046515,0.2002679783901381,-0.9153857347330315,2,-1.1268533548611783,805.6,7.3,32.0
0.20359535253675315,0.3400712792590004,U8,MN8014,11.213474966000174,4.204919674977836,CPG,SSPG,0.11296548821622816,0.3261167390359613,0.2002703095771783,-0.915587061779783,3,-1.1271316879532343,805.6,7.3,32.0
0.2035844316378717,0.340013822103456,U8,MN8014,11.214361826652555,4.205127416544017,CPG,SSPG,0.11295353717112203,0.3261066471583223,0.20028155768627806,-0.9152757637629675,3,-1.1271800694646767,805.6,7.3,32.0
0.20356221497103796,0.3400502920652142,U8,MN8014,11.212759674418232,4.205008287432059,CPG,SSPG,0.11294910443923124,0.32606934434680507,0.20027807922366714,-0.9151810511004435,0,-1.1271440716956977,805.7,7.3,32.0
0.20358679559086962,0.3400743521331101,U8,MN8014,11.21352208552053,4.205372047962203,CPG,SSPG,0.11294949112451763,0.3261187822759799,0.2002792440591807,-0.9155354387761787,5,-1.1269512929829268,805.6,7.3,32.0
0.20361081359499628,0.3400549687422536,U8,MN8014,11.214878555727381,4.2055471987632576,CPG,SSPG,0.112949206567859,0.3261535908281481,0.20027497100928576,-0.91575658829476,4,-1.1271485794024407,805.5,7.3,32.0
0.20358362354145695,0.34004765808836773,U8,MN8014,11.213520494503943,4.205096025984361,CPG,SSPG,0.11294794637033218,0.32613266506338434,0.20027936249453906,-0.9156176413258068,1,-1.1270188337526497,805.6,7.3,32.0
0.20360716486908267,0.33997894686255614,U8,MN8014,11.215229450715068,4.205164087081377,CPG,SSPG,0.11290816923385016,0.32622906975849597,0.2003007349983496,-0.9156565239370433,1,-1.1270617704173267,805.3,7.3,32.0
0.20356670629320958,0.3399700160102915,U8,MN8014,11.213527275167891,4.205113472425608,CPG,SSPG,0.11294530776035272,0.3261202476240996,0.20030515328674836,-0.9151645084710873,4,-1.127032544105659,805.7,7.3,32.0
0.2036178403219441,0.34004573250402237,U8,MN8014,11.213958829699207,4.2063700439928615,CPG,SSPG,0.11294402577493236,0.3261976680618398,0.20026567145551616,-0.9161535981327651,0,-1.126897966189576,805.5,7.3,32.0
0.20361141783958467,0.3400342339280362,U8,MN8014,11.213687900137161,4.206348049757935,CPG,SSPG,0.11293179393167839,0.3262281954088791,0.20027019111363792,-0.9162011927988535,7,-1.1268768224709804,805.4,7.3,32.0
0.20362288259981104,0.34000744952592427,U8,MN8014,11.215363506684987,4.207146599552035,CPG,SSPG,0.11294029905553744,0.3262231970609643,0.2002801588638689,-0.9160513876827617,6,-1.126946695110739,805.4,7.3,32.0
0.2036249698272263,0.340061517110972,U8,MN8014,11.215629935723488,4.206836281808808,CPG,SSPG,0.11296068462165437,0.3261761305448736,0.2002639530819311,-0.9161208405949133,5,-1.1268813951038572,805.5,7.3,32.0
0.2036011479183839,0.34005949591026235,U8,MN8014,11.214565872731113,4.206479361441482,CPG,SSPG,0.11296873286208216,0.3261127493874359,0.20026950808877664,-0.9157139022235476,2,-1.1267196930653771,805.7,7.3,32.0
0.2036118019270335,0.340041552846498,U8,MN8014,11.215802236610099,4.2070881504219555,CPG,SSPG,0.11294689691347289,0.32618974525804567,0.2002881189679968,-0.9158171997105804,7,-1.126986911390369,805.4,7.3,32.0
0.2036096067555938,0.3400284527670752,U8,MN8014,11.216101027691275,4.2067741308683,CPG,SSPG,0.1129593785519961,0.326155169956032,0.2002944426773285,-0.9155443733397648,0,-1.1270048425708614,805.5,7.3,32.0
0.20360265804900052,0.34000708304938065,U8,MN8014,11.214700566738983,4.206281840550203,CPG,SSPG,0.112934153837448,0.32619091387031035,0.2003032487860816,-0.9156025076029607,0,-1.1266925770564349,805.5,7.3,32.0
0.20360566531731006,0.34000813791734075,U8,MN8014,11.215084679834614,4.206773133902807,CPG,SSPG,0.11295307057909611,0.32615294194052735,0.20030520117307454,-0.9154323468054729,7,-1.126999206667465,805.6,7.3,32.0
0.20358268983249272,0.3400455888001843,U8,MN8014,11.213414615485764,4.207458274961123,CPG,SSPG,0.11296852522015449,0.3261176447990246,0.2003054954001174,-0.9153106710043882,2,-1.12695761633438,805.7,7.3,32.0
0.20360331447797564,0.34005240700972394,U8,MN8014,11.214907127404086,4.208126900820106,CPG,SSPG,0.1129897538467992,0.326111773365122,0.20029517997430846,-0.9154696939281708,1,-1.127140907275292,805.7,7.3,32.0
0.20360838118153007,0.3399988309786148,U8,MN8014,11.214851975959123,4.20752018666525,CPG,SSPG,0.11295321700293297,0.32617432014856357,0.20028228196457518,-0.9156689373875025,4,-1.1269994135579111,805.5,7.3,32.0
0.20357575250227652,0.33996406045676686,U8,MN8014,11.2144807236149,4.207438949769932,CPG,SSPG,0.11296092641793117,0.32611757635505145,0.20031141249715514,-0.9150899349773177,4,-1.1270583774586065,805.7,7.3,32.0
0.20360100680952944,0.3399802577699569,U8,MN8014,11.214483955132415,4.206733439780513,CPG,SSPG,0.1129245831823689,0.32617279123688087,0.2002969517635237,-0.915454558833861,4,-1.1272229286258817,805.5,7.3,32.0
0.20359202976120175,0.33995345511292985,U8,MN8014,11.21546032352974,4.207004905987424,CPG,SSPG,0.11293439105407511,0.32615846331474424,0.2003140389285756,-0.9151338991956983,3,-1.1272430410107486,805.5,7.3,32.0
0.20357977136445504,0.34001806788873706,U8,MN8014,11.213651418153344,4.207564027178406,CPG,SSPG,0.11296661174484862,0.32608768092317636,0.20029722591378585,-0.915188641091501,6,-1.1268750691469247,805.8,7.3,32.0
0.20359670275076253,0.340001100900831,U8,MN8014,11.21487852204858,4.207640265301281,CPG,SSPG,0.11294230167336261,0.3261591628056932,0.20030820686776382,-0.9154512694920048,0,-1.12691138156754,805.6,7.3,32.0
0.20359734215256067,0.33999914723116526,U8,MN8014,11.214828697551518,4.207867263298107,CPG,SSPG,0.11293962220109949,0.32614893946440415,0.20030493787090678,-0.9154133858349239,4,-1.1272054237820868,805.6,7.3,32.0
0.20358320496706342,0.33999547801127267,U8,MN8014,11.214096444820955,4.2088204274433965,CPG,SSPG,0.11294613968915843,0.32612426185366383,0.20031125506421046,-0.9152400070760719,7,-1.127190106125454,805.7,7.3,32.0
0.20357312237086309,0.3400482387834031,U8,MN8014,11.213563243049833,4.208433354868824,CPG,SSPG,0.11296862803259873,0.3260750245901505,0.20028550228072067,-0.9153418965623127,4,-1.1269634901137442,805.8,7.3,32.0
0.2035775635507356,0.34006725570999663,U8,MN8014,11.213385012523414,4.2086409698131435,CPG,SSPG,0.11296325671925117,0.3261025841263356,0.20028277154677038,-0.9155112992682043,2,-1.1269274906120232,805.7,7.3,32.0
0.20357287418745273,0.34010283735049557,U8,MN8014,11.212425736033863,4.209467884770524,CPG,SSPG,0.11297093649382335,0.32608547701346563,0.20027701219662136,-0.9156303546655067,6,-1.1268229356031334,805.8,7.3,32.0
0.20356653588233142,0.3400751517318061,U8,MN8014,11.213426350667621,4.209329330977481,CPG,SSPG,0.11295853462652292,0.3260994244618819,0.20029465835504998,-0.9154334864995143,7,-1.1269583985156526,805.7,7.3,32.0
0.2035931498951529,0.34007108462130253,U8,MN8014,11.21451023624125,4.208161036604473,CPG,SSPG,0.11292744154352195,0.32615304415545104,0.20030808828182048,-0.9156464983328365,5,-1.1269534388991618,805.6,7.3,32.0
0.20359931723420238,0.34008050334377143,U8,MN8014,11.214033308469002,4.208020281088069,CPG,SSPG,0.11293682383469596,0.32612431101252415,0.20029358645613168,-0.9156622022764686,0,-1.127028742294538,805.7,7.3,32.0
0.203606802435649,0.3401115557969589,U8,MN8014,11.214343340605009,4.2077716679224375,CPG,SSPG,0.11293043163234612,0.3261272565816677,0.20028431085774193,-0.9157494968581185,6,-1.127200062356855,805.6,7.3,32.0
0.2035851163353474,0.3401128402737872,U8,MN8014,11.212740716263243,4.207817402966437,CPG,SSPG,0.11293908490081242,0.32609669634947047,0.20029316748561962,-0.9155978207231336,6,-1.1269035597394295,805.8,7.3,32.0
0.20358356770211306,0.3400570547499283,U8,MN8014,11.213336597292393,4.208129114428028,CPG,SSPG,0.11294752612810657,0.326086031669166,0.20029007257883719,-0.915395492040573,4,-1.1270723668497613,805.8,7.3,32.0
0.2035726247870443,0.34005368807273173,U8,MN8014,11.213094148217106,4.207961587220905,CPG,SSPG,0.11296781806058435,0.3260540195051716,0.2003001251528633,-0.9151613002837152,1,-1.1272429376399025,805.9,7.3,32.0
0.20358390425747871,0.3400314890403817,U8,MN8014,11.213591373984052,4.207717301860336,CPG,SSPG,0.1129552940781197,0.3260697193044657,0.20028475453258662,-0.9152422677801026,0,-1.1273181809954247,805.8,7.3,32.0
0.2035850993419922,0.3399987130562644,U8,MN8014,11.21388346750085,4.207129464473593,CPG,SSPG,0.11294263529911397,0.32609765088484893,0.2002875057769397,-0.915320986812607,1,-1.1267516185070283,805.8,7.3,32.0
0.20358448731983436,0.33996035034858924,U8,MN8014,11.214280845166536,4.206586711394563,CPG,SSPG,0.11291030051391744,0.3261212147677945,0.20030100468718653,-0.9151768496067618,7,-1.1270080802268723,805.7,7.3,32.0
0.20357478186186212,0.34004178199391244,U8,MN8014,11.21332446632514,4.208485405292125,CPG,SSPG,0.1129730244118914,0.3260499216493092,0.20027415743498295,-0.9153518939747601,4,-1.127055161704571,805.9,7.3,32.0
0.20356577231579115,0.3399874065927805,U8,MN8014,11.213913297200385,4.206882349708995,CPG,SSPG,0.1129308278531209,0.326049380505854,0.2002983900923531,-0.9150018003968781,1,-1.1272515205053333,805.9,7.3,32.0
0.2035586080711165,0.33997581314802644,U8,MN8014,11.212626360258277,4.205670809490861,CPG,SSPG,0.11292812027605455,0.3260666562503575,0.20029451920701488,-0.915040503707331,5,-1.1269142074403522,805.9,7.3,32.0
0.20355770572047585,0.33994831407954446,U8,MN8014,11.212531641447448,4.2052254882981055,CPG,SSPG,0.1129210136660525,0.3260501759098082,0.20029404613083251,-0.9148101736184234,2,-1.1272444864613158,805.9,7.3,32.0
0.203569066846186,0.33996118517101326,U8,MN8014,11.212906720839888,4.206375952697453,CPG,SSPG,0.11294615573957054,0.32605666032187164,0.20028440261081099,-0.9150305719898589,3,-1.1272881494587157,805.9,7.3,32.0
0.20354997696431681,0.33993854683889135,U8,MN8014,11.212419392077368,4.206070895557904,CPG,SSPG,0.11291824867578058,0.3260589572508632,0.20029779442437062,-0.9148567435693497,3,-1.1272439863673682,805.9,7.3,32.0
0.2035524979176577,0.33998415259892095,U8,MN8014,11.211105573260102,4.206332105407712,CPG,SSPG,0.11293365845988151,0.32603831244346054,0.2002841361203903,-0.9149716438648754,3,-1.1270309700897512,806.0,7.3,32.0
0.20354638477561077,0.33993827508576874,U8,MN8014,11.212186710222532,4.204712636989972,CPG,SSPG,0.11291705586526378,0.3260533653455217,0.20029993954970135,-0.9147549634916673,3,-1.1272098207615944,805.9,7.3,32.0
0.2035367529789167,0.33992345358397785,U8,MN8014,11.212577432510667,4.205744850395444,CPG,SSPG,0.11293644750638017,0.3260175927751571,0.20029596512066375,-0.9146350607778646,5,-1.1272571380948193,806.0,7.3,32.0
0.2035459627468372,0.3399802989791035,U8,MN8014,11.212533907779209,4.20607026777437,CPG,SSPG,0.11294265743405557,0.32601274839242994,0.2002812838191859,-0.9149156613021907,5,-1.1272284537936894,806.0,7.3,32.0
0.20354781953405865,0.3400327007789493,U8,MN8014,11.211649313623443,4.206368843628437,CPG,SSPG,0.11295563356908518,0.32601654382209405,0.2002790860954471,-0.9150779154145535,7,-1.127193398945888,806.0,7.3,32.0
0.20357461171282773,0.34006372740638746,U8,MN8014,11.21176885589544,4.206474862549296,CPG,SSPG,0.11294974480710122,0.3260552895352975,0.20026604162668327,-0.9154659432776753,1,-1.127193592596666,805.9,7.3,32.0
0.20354971704493574,0.3401352452022388,U8,MN8014,11.210606805943979,4.2069062884689306,CPG,SSPG,0.11296774194959215,0.32600961416214325,0.20026299294416108,-0.9154453725016298,3,-1.1270733430568187,806.0,7.3,32.0
0.20356832056824425,0.3400458996837495,U8,MN8014,11.212954832804204,4.2069794760760555,CPG,SSPG,0.11292118842466395,0.32610078448515895,0.20028462621587784,-0.9154314105237542,0,-1.1271000014093637,805.7,7.3,32.0
0.203563650871126,0.34012797080004104,U8,MN8014,11.211392740475102,4.206646534876972,CPG,SSPG,0.11294633154476096,0.3260664627220823,0.20028045586231308,-0.9155753710191492,3,-1.1265790954123815,805.9,7.3,32.0
0.20354883046663003,0.340030348098582,U8,MN8014,11.21238096837132,4.20673266093993,CPG,SSPG,0.11295096547800515,0.32602067862582734,0.20029077276979357,-0.9150060401524877,1,-1.126964453609479,806.0,7.3,32.0
0.20358036889188946,0.34007058777689175,U8,MN8014,11.213213648977653,4.206588400805927,CPG,SSPG,0.11295299176275701,0.32606751802456563,0.20027785643727447,-0.9155167925874882,1,-1.1266926315658017,805.9,7.3,32.0
0.2035471471749963,0.34010755188855524,U8,MN8014,11.211822061551755,4.206820206711895,CPG,SSPG,0.11295938690154574,0.3259895675572408,0.20029859998860752,-0.9149990732075038,3,-1.1268957072556232,806.1,7.3,32.0
0.2035628088559803,0.3400768111974244,U8,MN8014,11.212871474576097,4.206692589901065,CPG,SSPG,0.11296387473403585,0.3260024638230393,0.20028483649933426,-0.9150817797059162,0,-1.1272661739143208,806.0,7.3,32.0
0.20356502015517608,0.34010361231944464,U8,MN8014,11.212884601254245,4.2067245747023,CPG,SSPG,0.11295853710131655,0.32600745932466557,0.20028760984077157,-0.9151970299118843,6,-1.127243322730683,806.0,7.3,32.0
0.20356201093551032,0.34006942153819053,U8,MN8014,11.21291325897645,4.206740497122571,CPG,SSPG,0.11294103451563023,0.3260269826462054,0.20029786267091948,-0.9151592793506809,7,-1.1270926337723184,806.0,7.3,32.0
0.20355878142423434,0.34001627798057454,U8,MN8014,11.21318971069224,4.205307141863059,CPG,SSPG,0.11292937539229846,0.3260146947126043,0.2003018972460206,-0.9148497316598825,5,-1.1272884780374284,806.0,7.3,32.0
0.20354985771087464,0.34002269727696843,U8,MN8014,11.212738426301208,4.20513272666469,CPG,SSPG,0.11293866085726725,0.3259877366934353,0.20029905911032092,-0.9147401277324918,0,-1.1269585665278816,806.1,7.3,32.0
0.20357053369747105,0.34001033201442304,U8,MN8014,11.213917144268166,4.205232807786352,CPG,SSPG,0.11291615810316043,0.3260494717065671,0.20030070972811231,-0.9149771750553229,5,-1.1268971801001522,805.9,7.3,32.0
0.20356023951803728,0.34002570068101634,U8,MN8014,11.212850360805183,4.2056423000913234,CPG,SSPG,0.11293361357239669,0.3260285487372162,0.20029939174238565,-0.9149867649738851,3,-1.1270574416453512,806.0,7.3,32.0
0.20356793619713504,0.34005223072823487,U8,MN8014,11.213310266225132,4.205909947578102,CPG,SSPG,0.11291342720815291,0.3260456364013303,0.20029623593735627,-0.9151474566674174,2,-1.1271461750604814,805.9,7.3,32.0
0.2035574446995133,0.34001181392025187,U8,MN8014,11.212643865404747,4.205860445885006,CPG,SSPG,0.1129143277888729,0.32602256590193657,0.20030115376925106,-0.91487254132634,4,-1.1272229944135512,806.0,7.3,32.0
0.20357246022246037,0.3400042341234182,U8,MN8014,11.213410832397264,4.205502526375035,CPG,SSPG,0.11289801439090702,0.326083612112741,0.2002990882399368,-0.9151629300564527,2,-1.1272335216897327,805.8,7.3,32.0
0.20357149965745372,0.33998880004046855,U8,MN8014,11.213805859526524,4.205911698176742,CPG,SSPG,0.11289738464506281,0.3260789257210655,0.20030228269355885,-0.9150568136062962,2,-1.1272285934757758,805.8,7.3,32.0
0.20358353754428918,0.33997039823817304,U8,MN8014,11.214670369968589,4.2048106177402635,CPG,SSPG,0.11287794990829822,0.32610332753107496,0.2003035066899501,-0.9150700177954894,4,-1.1271925855856413,805.7,7.3,32.0
0.20358317173810356,0.34000174790854626,U8,MN8014,11.214397925038412,4.205468868098027,CPG,SSPG,0.11288955323218391,0.32610070675879127,0.20029912210818485,-0.9151911558252767,5,-1.1272262198472003,805.7,7.3,32.0
0.20357977456137646,0.3400207701350681,U8,MN8014,11.214417603991091,4.205414770554848,CPG,SSPG,0.11290815823854872,0.3260703041757225,0.2002957314754614,-0.9151601485052784,0,-1.1271314924520466,805.8,7.3,32.0
0.20358470288633862,0.34002913803229934,U8,MN8014,11.214220290757298,4.20551103463276,CPG,SSPG,0.11292066985850664,0.3260766201003744,0.20029478224727254,-0.9152298482277503,5,-1.1271465146764452,805.8,7.3,32.0
0.20358026520360062,0.3400257298709164,U8,MN8014,11.214777894596487,4.205538449610024,CPG,SSPG,0.11293382243376679,0.3260426177293333,0.20029421172547268,-0.9150918901520845,1,-1.1270112044258473,805.9,7.3,32.0
0.20357532287573754,0.3400209305698357,U8,MN8014,11.21459858811549,4.205757545911351,CPG,SSPG,0.11290853151872023,0.32608975191884265,0.20030323823831678,-0.9151201512331936,5,-1.1270724328495607,805.7,7.3,32.0
0.20357351653891678,0.3400399545963434,U8,MN8014,11.214325319400398,4.205364170487368,CPG,SSPG,0.1129282830718205,0.3260475515076005,0.20029115694743976,-0.9150703999334936,6,-1.1272516681593023,805.8,7.3,32.0
0.20356126574724703,0.34002581193999565,U8,MN8014,11.213880363451413,4.205965528196438,CPG,SSPG,0.11293317162647999,0.32602629936034994,0.20029416587458182,-0.9149446605969471,6,-1.127182823892353,805.9,7.3,32.0
0.2035569069844783,0.33999874524203044,U8,MN8014,11.214087135870908,4.205628070173628,CPG,SSPG,0.11292553449885735,0.32603245447208734,0.2002992433315087,-0.9148270876653435,5,-1.126820794266509,805.9,7.3,32.0
0.20355738058582673,0.3400159888015552,U8,MN8014,11.213523815343335,4.20609192697007,CPG,SSPG,0.1129362752078358,0.32600214025392843,0.200289930214552,-0.9148633246967808,3,-1.1271601373255775,806.0,7.3,32.0
0.20355482267862043,0.34005091349257577,U8,MN8014,11.212921130471496,4.205956886692859,CPG,SSPG,0.11294833722032586,0.32599348238671494,0.20027885941391935,-0.9149604241340715,1,-1.1270577884991235,806.0,7.3,32.0
0.20355684533817514,0.3400108728755123,U8,MN8014,11.213640453244498,4.206004430382954,CPG,SSPG,0.11294732114942403,0.32599587981906664,0.20028419914305676,-0.9148633315233715,0,-1.1272194850562665,806.0,7.3,32.0
0.2035472210294472,0.3400595585738059,U8,MN8014,11.21232708019076,4.206682055201749,CPG,SSPG,0.11297250070209346,0.32597082207805955,0.20027764340883417,-0.9149046690835106,1,-1.1269435885849548,806.1,7.3,32.0
0.20354087509244478,0.3400726706217396,U8,MN8014,11.211933852245307,4.206538024037607,CPG,SSPG,0.11298528165343158,0.3259395929347357,0.20026620250286395,-0.9149367968124623,4,-1.1269893673448435,806.2,7.3,32.0
0.20355471551465712,0.3400906179728118,U8,MN8014,11.212433121262983,4.206163465176186,CPG,SSPG,0.11297421194636585,0.3259773520056841,0.20026865275194933,-0.9152084631393709,4,-1.1271046586014508,806.1,7.3,32.0
0.20354951347732064,0.3400860025150201,U8,MN8014,11.212330950680833,4.205885121834894,CPG,SSPG,0.11295804441944794,0.326000117832177,0.2002731470455681,-0.9152171905419784,3,-1.127126856621678,806.0,7.3,32.0
0.20355311869035578,0.34010805121399,U8,MN8014,11.212583380818035,4.20560170699651,CPG,SSPG,0.11295842196651268,0.3259780009935667,0.20027972820577314,-0.915174066487042,7,-1.1270723878784148,806.1,7.3,32.0
0.2035675325004042,0.3401210183785687,U8,MN8014,11.213330553179143,4.20648327389623,CPG,SSPG,0.11294615999795371,0.326037791223004,0.2002826421014938,-0.9154192602666119,6,-1.1268067174402177,805.9,7.3,32.0
0.20356447644106823,0.34010767614709303,U8,MN8014,11.213170812559063,4.206694495860972,CPG,SSPG,0.11295216293756113,0.3260401551164704,0.20028166232033304,-0.9154075842588728,6,-1.126827396780656,805.9,7.3,32.0
0.20355426565847892,0.3401188550982315,U8,MN8014,11.212265706783274,4.2058523234319205,CPG,SSPG,0.11295490142910564,0.32601753411449386,0.20028187372632594,-0.9152995572805096,6,-1.1265420052759882,806.0,7.3,32.0
0.2035543605550882,0.340090539418725,U8,MN8014,11.212963232800284,4.2066728511881015,CPG,SSPG,0.1129626527686995,0.3260093050027426,0.2002911419306034,-0.9151442953385015,0,-1.1270129409384984,806.0,7.3,32.0
0.203555623768533,0.34012039015595563,U8,MN8014,11.212190471279506,4.206246369273716,CPG,SSPG,0.11297313908168473,0.32600328448962596,0.2002816518846365,-0.9152438678149387,3,-1.1271649393969216,806.0,7.3,32.0
0.20356291080650002,0.34011774270366935,U8,MN8014,11.212564875318543,4.205305255815524,CPG,SSPG,0.11296177824434102,0.3260278047713289,0.2002772842275223,-0.9153621137656898,0,-1.1271520817876484,805.9,7.3,32.0
0.20355386238480777,0.3401297009036436,U8,MN8014,11.212102844143887,4.205458788675809,CPG,SSPG,0.11297431517535557,0.3259922248372358,0.2002668662465055,-0.9153087752393776,2,-1.1270574431115765,806.0,7.3,32.0
0.2035679300818662,0.34006858825804887,U8,MN8014,11.213528528874685,4.205085129967644,CPG,SSPG,0.11293537312419824,0.32606085627731674,0.20028330200245806,-0.9152971982806524,2,-1.1268591810946287,805.8,7.3,32.0
0.20355886231936318,0.3400658146424034,U8,MN8014,11.213063320342279,4.2053822231664775,CPG,SSPG,0.11293723375933538,0.32603048368001647,0.20028803596884606,-0.9151308464707639,4,-1.1270947881325304,805.9,7.3,32.0
0.20356056511141013,0.3400800850444623,U8,MN8014,11.213128781614145,4.205452245766072,CPG,SSPG,0.11293396949645856,0.32603092379348814,0.20028328935409198,-0.9152029662248283,5,-1.1268642305921253,805.9,7.3,32.0
0.20356708041488308,0.34006716776610507,U8,MN8014,11.21341112998834,4.205321252563143,CPG,SSPG,0.11293829948370256,0.32603449600953405,0.2002838091776954,-0.9151930674231898,7,-1.126924386199712,805.9,7.3,32.0
0.20357250521887854,0.3400747988669901,U8,MN8014,11.2134377177654,4.205413667338787,CPG,SSPG,0.112931398890403,0.32606302362152995,0.2002861066123905,-0.9153210521153077,4,-1.12707359817517,805.8,7.3,32.0
0.20356714110626264,0.3400811689946841,U8,MN8014,11.213405833475905,4.205943808441557,CPG,SSPG,0.11292884122817722,0.32606414487720187,0.20029136330315342,-0.915328907794795,4,-1.1271135957667466,805.8,7.3,32.0
0.2035642715603901,0.3400897118568468,U8,MN8014,11.212497092027094,4.205913484099892,CPG,SSPG,0.11294679595971191,0.32604002171177493,0.20028175663393363,-0.915319438378099,5,-1.127102689699659,805.9,7.3,32.0
0.2035708668709828,0.34006298227747006,U8,MN8014,11.21334732081811,4.205581652619955,CPG,SSPG,0.11293796402840917,0.32606377184013285,0.20028807650649352,-0.9152734088890406,5,-1.1271562885670532,805.8,7.3,32.0
0.20357272765396278,0.34005513363301,U8,MN8014,11.213238599164079,4.205497777632246,CPG,SSPG,0.11293047699432479,0.3260744584183404,0.20028847135072222,-0.915320345448172,2,-1.1270473839069144,805.8,7.3,32.0
0.2035652361279948,0.34000149219284903,U8,MN8014,11.213543873645566,4.205555079845198,CPG,SSPG,0.11291676761103088,0.3260612935019614,0.20029477029478943,-0.9149959739486189,2,-1.1272341354082158,805.8,7.3,32.0
0.20356663368810343,0.3400298828747955,U8,MN8014,11.21361941813571,4.205265680421454,CPG,SSPG,0.11292149135715424,0.32606551362551417,0.20029312401368965,-0.9151145412961373,3,-1.126921262978069,805.8,7.3,32.0
0.20356406601577787,0.3400458933989901,U8,MN8014,11.213222464062504,4.20556615440283,CPG,SSPG,0.11293469582943888,0.32606239907440354,0.2002930160897123,-0.9151604658787647,4,-1.1271808146440554,805.8,7.3,32.0
0.2035667887846492,0.34004430667661967,U8,MN8014,11.213257367422523,4.205841633497358,CPG,SSPG,0.11293026246719956,0.32605933726782155,0.20028849483300415,-0.915159508679814,2,-1.1271593668438333,805.8,7.3,32.0
0.20356408042293966,0.3400184061349262,U8,MN8014,11.21302198229626,4.205098042941545,CPG,SSPG,0.11291409508291987,0.3260601199430033,0.20029179610303935,-0.915044529944579,3,-1.1272785517377528,805.8,7.3,32.0
0.2035646988159703,0.3400199309862383,U8,MN8014,11.2133463110119,4.204943387855777,CPG,SSPG,0.11292038375346117,0.32605526333450807,0.20028755131085083,-0.915045785799596,7,-1.1271270895261898,805.8,7.3,32.0
0.20357652998804535,0.34000123699161044,U8,MN8014,11.214232921375476,4.205282528963778,CPG,SSPG,0.1129089506249435,0.326088932390141,0.20029073845427472,-0.9151373554782078,6,-1.1270686862831925,805.7,7.3,32.0
0.20357160880260472,0.3400197934866928,U8,MN8014,11.213741209325788,4.205064943327362,CPG,SSPG,0.11291124164516703,0.32608273149205047,0.20028758580746478,-0.915178255993538,3,-1.1272180054138312,805.7,7.3,32.0
0.20356781649775427,0.33998059781236534,U8,MN8014,11.214191898072372,4.205334745162153,CPG,SSPG,0.1129000833685508,0.3260858801970625,0.20029317316013626,-0.9150301576099698,3,-1.1270352560985204,805.7,7.3,32.0
0.20357249608129951,0.33998172706322577,U8,MN8014,11.21415016983357,4.205250446787326,CPG,SSPG,0.11290710861898935,0.32608765077634916,0.20029134818905742,-0.9150586017032604,0,-1.1271014235514896,805.7,7.3,32.0
0.2035684387333752,0.3399693631264558,U8,MN8014,11.21392072832682,4.205138176020873,CPG,SSPG,0.11291516859009601,0.3260829903033759,0.20029375248258519,-0.9149562798442665,3,-1.1272711951426029,805.7,7.3,32.0
0.20356981644444253,0.33996641446362275,U8,MN8014,11.213978876967492,4.2048101188801,CPG,SSPG,0.11290665654352795,0.32608002998345775,0.20029129615832394,-0.914947576011579,4,-1.1273057200105976,805.7,7.3,32.0
0.20356813615195796,0.3399700219534558,U8,MN8014,11.213892719760457,4.204607563096515,CPG,SSPG,0.11289858215841621,0.3260841382419702,0.2002949142424487,-0.9149626593241804,2,-1.1272813915685473,805.7,7.3,32.0
0.20356537775602795,0.3399664221980487,U8,MN8014,11.213735415348559,4.204868161333327,CPG,SSPG,0.11290991347431206,0.32605534185417384,0.2002957449238321,-0.9148029143791095,2,-1.1272439444347064,805.8,7.3,32.0
0.2035762335736897,0.33996182497537814,U8,MN8014,11.214309948433675,4.204878091640203,CPG,SSPG,0.11290314494147849,0.32608647737473595,0.20029412964395438,-0.9149509226655063,5,-1.1271959101702516,805.7,7.3,32.0
0.20357390415954146,0.33997123114078354,U8,MN8014,11.213997358806642,4.205033765680892,CPG,SSPG,0.11289492121875985,0.3260944707256453,0.20030020853340247,-0.9149901585827526,3,-1.127206318586941,805.7,7.3,32.0
0.20357005530387728,0.3399623479865796,U8,MN8014,11.213961052427953,4.204848341933398,CPG,SSPG,0.11289700265800305,0.3260858519722015,0.2002988034645253,-0.9149169330914361,1,-1.1273508966483465,805.7,7.3,32.0
0.20357521323098238,0.3399811440051751,U8,MN8014,11.21423354977981,4.204713631249377,CPG,SSPG,0.11290395203727095,0.3260844129510114,0.2002908369478092,-0.9150137902468234,5,-1.1270638524246985,805.7,7.3,32.0
0.2035738213226747,0.3399805364828945,U8,MN8014,11.213995018306129,4.204506045853751,CPG,SSPG,0.11290477924429945,0.32608214772251487,0.20028840932888106,-0.9150100991703598,6,-1.1271351911634024,805.7,7.3,32.0
0.2035759867377388,0.33998957204190783,U8,MN8014,11.213935510776096,4.204944285259741,CPG,SSPG,0.11291028535597367,0.3260815889214532,0.20028667062933345,-0.9150570568584208,7,-1.1272217680868541,805.7,7.3,32.0
0.2035781672216116,0.33998255140161693,U8,MN8014,11.214188447639359,4.204979356616243,CPG,SSPG,0.11290774673016796,0.32608384708411065,0.2002926534934777,-0.9150132748927062,5,-1.1272914062119055,805.7,7.3,32.0
0.20356538743459804,0.3399867461249211,U8,MN8014,11.213431724313518,4.2046026948324835,CPG,SSPG,0.11291884585974084,0.3260455222529342,0.20028740573336024,-0.9148489972209694,1,-1.1273173508375711,805.8,7.3,32.0
0.20356483260434882,0.3399806040052394,U8,MN8014,11.213443287748738,4.2050145134306565,CPG,SSPG,0.11292635757181325,0.3260488961548867,0.20028643533380308,-0.9148698604482207,2,-1.1272776843977361,805.8,7.3,32.0
0.2035667082488049,0.3399866347089957,U8,MN8014,11.213501558952037,4.205065422103469,CPG,SSPG,0.11292059955183976,0.32604794580098034,0.20028584306933878,-0.9148721144187131,3,-1.1271974899030175,805.8,7.3,32.0
0.20356824240598634,0.34000542766888653,U8,MN8014,11.213444836414295,4.204882934369186,CPG,SSPG,0.11292687357778841,0.32604859532891245,0.2002864847229832,-0.9149599832025949,1,-1.1273586894084993,805.8,7.3,32.0
0.20355549307959248,0.34001864061526954,U8,MN8014,11.212969080421402,4.204905385158123,CPG,SSPG,0.11294200953588028,0.3260134583625918,0.20028590427372994,-0.9148000541646949,4,-1.1271734247660428,805.9,7.3,32.0
0.203563866991295,0.340000906197994,U8,MN8014,11.213777261358322,4.204965349944851,CPG,SSPG,0.11292874433936273,0.3260401089837,0.2002873051444612,-0.9148816253431582,5,-1.1273003316720072,805.8,7.3,32.0
0.20356653263661156,0.3400008928050618,U8,MN8014,11.21386079977401,4.204758297541611,CPG,SSPG,0.11291615687286638,0.3260493561317839,0.20029352843420717,-0.9148670717290597,3,-1.1270662244060867,805.8,7.3,32.0
0.20356502771332396,0.3399805018848228,U8,MN8014,11.214061687311055,4.204722041868547,CPG,SSPG,0.11292382975787672,0.3260382089350266,0.20028882967864065,-0.9147835629317372,5,-1.127280928965459,805.8,7.3,32.0
0.2035655134749402,0.3399849898643995,U8,MN8014,11.213796063466258,4.204844267252771,CPG,SSPG,0.11292087892205839,0.32605101321293617,0.20029222763793963,-0.9148613497314447,5,-1.1271959103514266,805.8,7.3,32.0
0.20356904468693177,0.33999144152752897,U8,MN8014,11.213995135279545,4.204531768435615,CPG,SSPG,0.11291846855067397,0.32605115343196733,0.20028981403017582,-0.9149038500177288,0,-1.1271126310502977,805.8,7.3,32.0
0.20355841014563625,0.33998709535038096,U8,MN8014,11.213375891591209,4.203982552599634,CPG,SSPG,0.11293040868322735,0.32601197601235965,0.2002842680976884,-0.9147247026165216,1,-1.1272536259673398,805.9,7.3,32.0
0.20355086488397983,0.33998872718348316,U8,MN8014,11.213281565866193,4.204190789446657,CPG,SSPG,0.11293197998383421,0.3260097022915458,0.20028927706639912,-0.9146869851599332,1,-1.1273188634446338,805.9,7.3,32.0
0.20356792039851931,0.3399737438501774,U8,MN8014,11.21433556612849,4.203584063495848,CPG,SSPG,0.11291341536435735,0.32605097094382157,0.2002889098971981,-0.9148512229034225,3,-1.126928162673427,805.8,7.3,32.0
0.2035628525042361,0.3400015983325473,U8,MN8014,11.213752124749261,4.203813882152673,CPG,SSPG,0.11291732988909116,0.32603728847366775,0.2002866506741861,-0.9148741985271786,2,-1.1273477419659166,805.8,7.3,32.0
0.20356669652227277,0.34001127029075023,U8,MN8014,11.213905225744224,4.2041511715937485,CPG,SSPG,0.11291845115291232,0.3260404466073605,0.20028595086041628,-0.9149388487502437,6,-1.1272790861597777,805.8,7.3,32.0
0.20356846636620915,0.3400197192634592,U8,MN8014,11.213634827791791,4.204071548162532,CPG,SSPG,0.11292739625614008,0.32604662434797066,0.2002851206319484,-0.915009723818302,1,-1.1272635504421178,805.8,7.3,32.0
0.20355070021269075,0.3400129182461821,U8,MN8014,11.21296988980518,4.204253018546228,CPG,SSPG,0.11293134140554967,0.32601561496415676,0.2002858956414201,-0.914813292403446,4,-1.127085385586537,805.9,7.3,32.0
0.20354686959202453,0.34002686575238866,U8,MN8014,11.21275847821191,4.204342276898745,CPG,SSPG,0.11292467873119627,0.3260155102078474,0.20029188320643188,-0.9148319554484966,2,-1.1272821438839369,805.9,7.3,32.0
0.20355037351114766,0.34001437722497796,U8,MN8014,11.213062847764943,4.203835172570963,CPG,SSPG,0.11292780710268502,0.3260068915948395,0.20028976159329628,-0.9147334807111741,6,-1.127337933966075,805.9,7.3,32.0
0.20355397426385405,0.34002223449839386,U8,MN8014,11.213217182413494,4.203721359270108,CPG,SSPG,0.1129401177757096,0.3260051774087722,0.2002851208912116,-0.9147902994369657,2,-1.127318895649985,805.9,7.3,32.0
0.20355066178421033,0.34003988520449424,U8,MN8014,11.212871263029545,4.203546576626331,CPG,SSPG,0.11293819583961849,0.3260068737089297,0.20028767852818222,-0.9148230536695602,7,-1.1272830371800664,805.9,7.3,32.0
0.20354860440444503,0.34003159998798144,U8,MN8014,11.212730141561615,4.204012180512718,CPG,SSPG,0.1129372294270989,0.3260034357030767,0.20028331685403714,-0.9148003972253487,3,-1.1272874295930002,805.9,7.3,32.0
0.20355824985026538,0.3400387952121963,U8,MN8014,11.213472400965266,4.20393339792155,CPG,SSPG,0.11294053446209452,0.3260255035934162,0.20028323668181267,-0.9148950588397778,0,-1.1272448017843635,805.8,7.3,32.0
0.20356158186594603,0.340052123782351,U8,MN8014,11.213243944564915,4.2042500939255785,CPG,SSPG,0.11293028884839212,0.32603277471814407,0.20028371354956584,-0.9149946259645761,4,-1.1272927094420266,805.8,7.3,32.0
0.20356512002721824,0.3400184635155761,U8,MN8014,11.213893595115167,4.203809256325066,CPG,SSPG,0.11291386630575506,0.3260584828396305,0.20028769110345687,-0.9149475466177678,3,-1.1272346881036706,805.7,7.3,32.0
0.20356276413663507,0.34004209137871416,U8,MN8014,11.213483594955306,4.203876307765627,CPG,SSPG,0.11293053518863598,0.3260300530464019,0.20028116167637078,-0.9149475083819926,4,-1.1271547327771936,805.8,7.3,32.0
0.20355441043254371,0.3400478401966876,U8,MN8014,11.212867986987904,4.204063091682754,CPG,SSPG,0.11292913033568538,0.3260339643700943,0.20028373232137542,-0.9149493353998784,7,-1.1270777875526923,805.8,7.3,32.0
0.20355848442693086,0.3400496442476253,U8,MN8014,11.212942336754985,4.204292631644226,CPG,SSPG,0.11294070236645366,0.3260308908309145,0.20028170523846708,-0.9149629431668996,7,-1.1272570679148686,805.8,7.3,32.0
0.20356046888803214,0.34003287551454936,U8,MN8014,11.213125263286651,4.204102082666278,CPG,SSPG,0.11292144202720783,0.3260444319655528,0.20028744848676197,-0.9149791470436999,0,-1.1271611908511012,805.8,7.3,32.0
0.20356601543880415,0.3399981299329582,U8,MN8014,11.214130159936587,4.2041994652942805,CPG,SSPG,0.11291430050861997,0.32606019450003404,0.20028650824095,-0.9149199230379855,3,-1.1272250712031644,805.7,7.3,32.0
0.2035609344762334,0.34000432132085523,U8,MN8014,11.213185235879418,4.204342735736104,CPG,SSPG,0.11293254359348157,0.32603458880562464,0.20028122848808516,-0.9148579149979638,6,-1.1273052570128517,805.8,7.3,32.0
0.20357688974046806,0.340037610214759,U8,MN8014,11.214135065343442,4.20483042124699,CPG,SSPG,0.11292423869101441,0.3260656592065017,0.20028127334937845,-0.9151441840582383,3,-1.12724974075757,805.7,7.3,32.0
0.2035745347352764,0.3400138332351357,U8,MN8014,11.214467006302065,4.204334361941018,CPG,SSPG,0.11290488730735859,0.32609925657511085,0.20029048823895884,-0.9151292518411344,3,-1.1270194788477612,805.6,7.3,32.0
0.2035704776351563,0.339992699767364,U8,MN8014,11.214415058811955,4.204287302362672,CPG,SSPG,0.11290145676855047,0.3260738624603047,0.20029354583235282,-0.9149590965427742,3,-1.1271105809887043,805.7,7.3,32.0
0.20355952692329438,0.340005825683927,U8,MN8014,11.213869584864398,4.204437372384595,CPG,SSPG,0.11291402758285604,0.3260626381808738,0.20028756223659785,-0.9149507316319655,3,-1.1271128652069704,805.7,7.3,32.0
0.20356778865959263,0.3399905051622722,U8,MN8014,11.213991085312728,4.204350512023586,CPG,SSPG,0.1129043966123363,0.3260890217656563,0.20029140688481503,-0.9150187067626356,1,-1.1265830935571381,805.7,7.3,32.0
0.20355638913533314,0.3399834822887837,U8,MN8014,11.213369824951027,4.204521409395575,CPG,SSPG,0.11292925420642157,0.3260402023293844,0.20028059715582328,-0.9148389710741801,4,-1.127024961755625,805.8,7.3,32.0
0.20354729916490388,0.3399941382969826,U8,MN8014,11.213025373602882,4.204815147202469,CPG,SSPG,0.11293237668673113,0.3260119761286337,0.20028698351246974,-0.9146900773066108,6,-1.1269845497639945,805.9,7.3,32.0
0.20354459832897526,0.33996071828425084,U8,MN8014,11.213221655752633,4.204193385115012,CPG,SSPG,0.11292841753627317,0.3260000488176155,0.20028550749499324,-0.9145491150793149,6,-1.1273683896136282,805.9,7.3,32.0
0.20353952044714074,0.3399588543222619,U8,MN8014,11.213165217352213,4.204424428212044,CPG,SSPG,0.11292042435565809,0.32600426668875193,0.20029328191535273,-0.9145055648043304,0,-1.1272905539514593,805.9,7.3,32.0
0.20354224490072167,0.33996079258335504,U8,MN8014,11.213169382346079,4.2042782084681205,CPG,SSPG,0.11292797231350274,0.3260049436402033,0.2002952807168155,-0.9144952112651082,7,-1.1273623900409167,805.9,7.3,32.0
0.2035339993945955,0.33996515416407597,U8,MN8014,11.212686985125188,4.204284860054935,CPG,SSPG,0.11292746783360177,0.32600271639409195,0.20028971496358416,-0.9145076833502267,6,-1.1271610231501183,805.9,7.3,32.0
0.20353259608248614,0.33994469279463263,U8,MN8014,11.213013507737298,4.204452463012307,CPG,SSPG,0.11292195834558134,0.3259952573418519,0.2002899341753062,-0.9143901074938113,5,-1.1271991911833066,805.9,7.3,32.0
0.20352037956317143,0.33994291503270824,U8,MN8014,11.212398003805696,4.204044209625655,CPG,SSPG,0.11293582410156368,0.32595962785918,0.20028922685598885,-0.9141975346986999,5,-1.1272776037371184,806.0,7.3,32.0
0.20353159695571466,0.3399795626130433,U8,MN8014,11.212691977354869,4.205025914632753,CPG,SSPG,0.11294644622321064,0.32597357281773226,0.2002908920239487,-0.9144358207169531,2,-1.1271924505149098,806.0,7.3,32.0
0.2035391337036265,0.3399808986024535,U8,MN8014,11.213273251623647,4.204490623782906,CPG,SSPG,0.11293429798712565,0.32599829587043444,0.2002929511204498,-0.9145434253874741,2,-1.1273243887239826,805.9,7.3,32.0
0.2035266283600278,0.33997503220551106,U8,MN8014,11.212437773426505,4.204434517671905,CPG,SSPG,0.11293375483634707,0.32597728877558474,0.20029968068706117,-0.9143571849951045,0,-1.1271863269074114,806.0,7.3,32.0
0.20351200423205904,0.340018091238647,U8,MN8014,11.211721198596894,4.204771176251428,CPG,SSPG,0.11296121648824045,0.3259296986594443,0.20029020705384534,-0.9142859000109583,4,-1.1271736786324542,806.1,7.3,32.0
0.20352246838881538,0.3399657459701069,U8,MN8014,11.212879160725851,4.205256592847535,CPG,SSPG,0.11293840436052584,0.3259739823281927,0.20030035211624772,-0.914279378564195,0,-1.1268685605980897,806.0,7.3,32.0
0.20352569782932725,0.33999990039744,U8,MN8014,11.212492844874266,4.205712701705521,CPG,SSPG,0.11295224375315656,0.3259582868081605,0.20028877892285227,-0.9143943798509477,3,-1.1273102506835384,806.0,7.3,32.0
0.20353181523601127,0.33994670544381855,U8,MN8014,11.212923293644973,4.205134958136012,CPG,SSPG,0.11292087617786979,0.32599623666427957,0.20029608598822596,-0.9143360714115614,1,-1.1272248669245881,805.9,7.3,32.0
0.20351214627676056,0.3400233820172735,U8,MN8014,11.21105496835151,4.2048576823690835,CPG,SSPG,0.11297280899298023,0.3259259187845194,0.20028059791023764,-0.9143382162833863,7,-1.1273380855065245,806.1,7.3,32.0
0.2035128311304903,0.3399952631331177,U8,MN8014,11.21138755423382,4.204805212923332,CPG,SSPG,0.11294645916123754,0.32595974730857424,0.20028504876598605,-0.9143485393386478,2,-1.1270801583420216,806.0,7.3,32.0
0.20351004785934873,0.34009387816196734,U8,MN8014,11.210268599340584,4.205778420476115,CPG,SSPG,0.11297959889372367,0.325932349079492,0.20027928809948448,-0.9145728572355212,2,-1.1270244456566356,806.1,7.3,32.0
0.2035218637979043,0.3401053047585956,U8,MN8014,11.210607814301202,4.206169851860435,CPG,SSPG,0.11298457311262952,0.3259552814398034,0.20027581955839677,-0.9147235600640884,1,-1.1272065712861892,806.0,7.3,32.0
0.20351921553535288,0.34011821839842815,U8,MN8014,11.210707720184079,4.206166064834116,CPG,SSPG,0.11299613120735989,0.3259237455934504,0.20027027987350815,-0.9146718730381943,3,-1.1270298604712314,806.1,7.3,32.0
0.20351414195629272,0.3400560641638457,U8,MN8014,11.211224917412995,4.205849842245103,CPG,SSPG,0.11298118932751892,0.32592521928441287,0.20027238202865347,-0.9145067608270688,7,-1.127046846512119,806.1,7.3,32.0
0.20351630116118696,0.3400935316635967,U8,MN8014,11.210559472254788,4.205935054159127,CPG,SSPG,0.11298783108697137,0.3259251901053259,0.20027420777479005,-0.9145715307554007,2,-1.1271614501448726,806.1,7.3,32.0
0.20351702180684514,0.3401121220346063,U8,MN8014,11.210849293048442,4.2068643379113535,CPG,SSPG,0.11300044722354859,0.32590295279425363,0.20027290003479803,-0.914581799784631,0,-1.1268984393757266,806.2,7.3,32.0
0.20350975034168942,0.34007523903234743,U8,MN8014,11.210829340432856,4.2063550859496885,CPG,SSPG,0.11297478030928956,0.32592641486945034,0.20027903315041196,-0.9145248159325435,0,-1.1271849051266347,806.1,7.3,32.0
0.2035121022481044,0.3400721934820024,U8,MN8014,11.210810473022072,4.206495372488153,CPG,SSPG,0.11298328101400038,0.3259272297443696,0.20027640798710183,-0.9145248000124444,1,-1.127114674814119,806.1,7.3,32.0
0.20351484497334987,0.3400788488574083,U8,MN8014,11.2111320445397,4.206747877095225,CPG,SSPG,0.11299409047416603,0.3259212114718976,0.2002711907634193,-0.9145612451251723,5,-1.1271202316559155,806.1,7.3,32.0
0.20349705547052668,0.3400905545927504,U8,MN8014,11.210456027444819,4.206241435617998,CPG,SSPG,0.11299299438863115,0.32588864351350044,0.20027536293620202,-0.9144042396051756,6,-1.1271047992440089,806.2,7.3,32.0
0.20350592059247344,0.34008151775051737,U8,MN8014,11.210658095712521,4.206077877654936,CPG,SSPG,0.11297920837937292,0.32592318773017187,0.20027992155009605,-0.9145025677654925,7,-1.1271876937766603,806.1,7.3,32.0
0.20351316876198838,0.34010520312994214,U8,MN8014,11.210868729852095,4.206636374870335,CPG,SSPG,0.11298124318805633,0.32593179819325224,0.2002767826644403,-0.9146439431305187,1,-1.126802726377961,806.1,7.3,32.0
0.20350876870165097,0.3400831313551664,U8,MN8014,11.21080389265541,4.206265158803924,CPG,SSPG,0.11296452464632646,0.3259604018135274,0.2002822622929939,-0.914656051792099,1,-1.1269086442426168,806.0,7.3,32.0
0.20351873907773774,0.3400936906691134,U8,MN8014,11.210986435653464,4.206107515078393,CPG,SSPG,0.11296771960337895,0.32596258269102346,0.20027859065934528,-0.914774247902713,3,-1.1271334236544153,806.0,7.3,32.0
0.2035147697198773,0.3400752414932408,U8,MN8014,11.21089179784856,4.206084080299694,CPG,SSPG,0.11296324473087219,0.3259620465254491,0.2002809726394259,-0.9146818313455897,5,-1.1271434974318826,806.0,7.3,32.0
0.2035018479132688,0.3400694045050458,U8,MN8014,11.210266267877511,4.205536351378327,CPG,SSPG,0.11297087005401936,0.32592706460938914,0.2002819642117686,-0.9144661088582643,4,-1.1272284566795339,806.1,7.3,32.0
0.20350810299867073,0.34006389516227964,U8,MN8014,11.21075157323013,4.206296818918588,CPG,SSPG,0.11297353202072276,0.32593615677090737,0.20028311257736217,-0.9144989892645394,2,-1.1269411550419202,806.1,7.3,32.0
0.20351535437518206,0.3400547644206959,U8,MN8014,11.211150710560375,4.205659630056294,CPG,SSPG,0.11296506150454029,0.3259602133936131,0.20028319834490832,-0.9145845659054472,1,-1.127177070527675,806.0,7.3,32.0
0.20351864283934773,0.34006531465060574,U8,MN8014,11.211393084763316,4.206071445818958,CPG,SSPG,0.1129712557763919,0.3259623022928999,0.20028300406348312,-0.9146510192228013,7,-1.1271383300120004,806.0,7.3,32.0
0.2035058397918364,0.3400404315250332,U8,MN8014,11.211101396879808,4.205460774959784,CPG,SSPG,0.11296603915987771,0.32593432330831507,0.20028747245382444,-0.9144135388562302,6,-1.1271037267729875,806.1,7.3,32.0
0.20350589994737833,0.3400370345953746,U8,MN8014,11.2112131507752,4.205436747823644,CPG,SSPG,0.11297327355946658,0.3259243988846428,0.20028512025573755,-0.9143452280868066,6,-1.1272224063552923,806.1,7.3,32.0
0.20350673678581152,0.34004087056788207,U8,MN8014,11.211139017566879,4.205741609127656,CPG,SSPG,0.1129705726256228,0.3259270558219743,0.20028311185467226,-0.9143709337971573,5,-1.1270478072329837,806.1,7.3,32.0
0.2035072827915516,0.34003667794925113,U8,MN8014,11.211175802048414,4.2054697403841175,CPG,SSPG,0.11297220729679958,0.32592517652448366,0.20028288388562318,-0.9143384598197468,2,-1.1270605111551628,806.1,7.3,32.0
0.20350786430370493,0.34004138256003724,U8,MN8014,11.211323192735986,4.205893381862992,CPG,SSPG,0.11297953366028939,0.3259195636442315,0.2002842305820178,-0.9143131859442238,7,-1.1272054365072934,806.1,7.3,32.0
0.2035024457242266,0.34004530821787177,U8,MN8014,11.210850953905798,4.2057410204941466,CPG,SSPG,0.11298070752584567,0.32592147067966937,0.20028513280234403,-0.9142970499596264,2,-1.1270908375406394,806.1,7.3,32.0
0.20350815995852928,0.3400329632712731,U8,MN8014,11.211366969845848,4.205502142253934,CPG,SSPG,0.11296385669896575,0.32594616833490725,0.20029225801762562,-0.9143091010329687,7,-1.1272955589406903,806.0,7.3,32.0
0.20350874088634388,0.34004719125081584,U8,MN8014,11.211364619384643,4.205794530219929,CPG,SSPG,0.11295901793873134,0.3259583735016466,0.20029482649733127,-0.9144267439190774,6,-1.1270496037391622,806.0,7.3,32.0
0.20351482143048652,0.3400579291461312,U8,MN8014,11.211364040749277,4.206249455858537,CPG,SSPG,0.11297047240722395,0.32596153604333566,0.2002906660522837,-0.914524227104216,5,-1.1270621711947566,806.0,7.3,32.0
0.20352167757578515,0.3400559414315925,U8,MN8014,11.211460450422319,4.205956838020983,CPG,SSPG,0.11294884259020517,0.32599107933025806,0.20029260467239055,-0.9146338799087871,5,-1.127203891233612,805.9,7.3,32.0
0.2035214520620227,0.3400368699165382,U8,MN8014,11.211912616767306,4.206096031326204,CPG,SSPG,0.11294861567130489,0.32598834750528,0.20029348053373883,-0.9145403465450057,6,-1.1270662409567764,805.9,7.3,32.0
0.20351215353936075,0.3400474174152362,U8,MN8014,11.21157666485951,4.206177542574272,CPG,SSPG,0.1129527548454528,0.3259773678316277,0.2002934259802038,-0.9144910080362273,2,-1.1271934707579119,805.9,7.3,32.0
0.20350640810363418,0.34006361806025187,U8,MN8014,11.211037467078757,4.206117544894615,CPG,SSPG,0.11296217361883931,0.3259494259488347,0.20029283262026928,-0.9144217979566923,5,-1.127224787727684,806.0,7.3,32.0
0.20350066639459505,0.34003453774106046,U8,MN8014,11.210893395708043,4.206224051428533,CPG,SSPG,0.11295848155118283,0.3259549435889149,0.20029425698785117,-0.9143468419439265,7,-1.127098668577414,806.0,7.3,32.0
0.2035070055304391,0.3400354071479499,U8,MN8014,11.211139122555174,4.2062274482319415,CPG,SSPG,0.11295607313837958,0.32595521959604157,0.20029177834786832,-0.9143880991144218,6,-1.1271585823282662,806.0,7.3,32.0
0.20350585484286532,0.34004890276436905,U8,MN8014,11.21085588387729,4.2063234673255945,CPG,SSPG,0.11295957708193653,0.32595371454386424,0.2002913244823655,-0.9144102298734231,6,-1.1271874106788156,806.0,7.3,32.0
0.20349636255631295,0.3400555002437178,U8,MN8014,11.210487984320896,4.206532080200384,CPG,SSPG,0.1129649961763277,0.32592855388487996,0.20029046502772033,-0.9143349704647815,2,-1.1269989224257957,806.1,7.3,32.0
0.20349793561430368,0.3400547996119652,U8,MN8014,11.21038687408584,4.20639481264605,CPG,SSPG,0.11296997856830951,0.325926216478519,0.20029070101366955,-0.9143211139419329,6,-1.1272014959552923,806.1,7.3,32.0
0.2034884777678503,0.34003967554774744,U8,MN8014,11.210215148942789,4.206404336888776,CPG,SSPG,0.1129622482449923,0.3259277931557674,0.20029451362720976,-0.9142325597791332,2,-1.1270203390968216,806.1,7.3,32.0
0.20349113034689226,0.3399991043525862,U8,MN8014,11.210708129578276,4.205628490125519,CPG,SSPG,0.11295568978993396,0.3259264630929285,0.2002950760600428,-0.9141277773917895,3,-1.127216324395489,806.1,7.3,32.0
0.20349574367774292,0.34001962720012663,U8,MN8014,11.210629446820388,4.206084909947003,CPG,SSPG,0.11296833432170282,0.3259265960909745,0.2002915373574518,-0.9142188132973769,6,-1.1272233044394264,806.1,7.3,32.0
0.20349742701713977,0.340023078090832,U8,MN8014,11.210773088852324,4.2061497595000965,CPG,SSPG,0.11296348318538418,0.3259290949387946,0.2002923977387583,-0.9142356448910303,5,-1.1271046791403494,806.1,7.3,32.0
0.20348909254136152,0.34000864756284555,U8,MN8014,11.210648782408784,4.206144230129295,CPG,SSPG,0.11295521944576516,0.32592416540129593,0.20029882561431245,-0.9140890360005121,6,-1.1271723143126833,806.1,7.3,32.0
0.2034951940620376,0.3400264916640575,U8,MN8014,11.210497176093359,4.206219017672269,CPG,SSPG,0.11296011532863139,0.3259255558522913,0.20029218133977922,-0.9142122725255684,7,-1.1271989988337507,806.1,7.3,32.0
0.20349783145524064,0.3400091277528044,U8,MN8014,11.211038831119328,4.206730111734087,CPG,SSPG,0.11294091552044284,0.3259583462243178,0.20030303735536292,-0.9142336355667754,1,-1.1271978414930217,806.0,7.3,32.0
0.20350085109801647,0.3400150987407502,U8,MN8014,11.211078508394703,4.206432273194063,CPG,SSPG,0.11294282706174524,0.32596287112025213,0.20030219998300786,-0.9142813462559801,5,-1.1270584705123898,806.0,7.3,32.0
0.20350096925696348,0.3400337573044533,U8,MN8014,11.210887229530634,4.206598378399097,CPG,SSPG,0.11294078708729133,0.3259627436718945,0.20030386453381446,-0.9143159292237123,2,-1.127075005776085,806.0,7.3,32.0
0.20350525479831746,0.3400564800061905,U8,MN8014,11.210873148461808,4.206629011547017,CPG,SSPG,0.11295281264121539,0.3259596141017606,0.2002949273798457,-0.9144475069599306,6,-1.1270621463586075,806.0,7.3,32.0
0.20350548783007869,0.34005834867044205,U8,MN8014,11.21070603383468,4.206885583133248,CPG,SSPG,0.112959258466936,0.3259586971211669,0.20029749054136484,-0.9144218423316883,5,-1.1272121893011793,806.0,7.3,32.0
0.20350359066231263,0.34005634730681156,U8,MN8014,11.210566847427573,4.2072375352351745,CPG,SSPG,0.11295757334469449,0.3259605594588005,0.2003030442913282,-0.9143667523861108,0,-1.1272244510585852,806.0,7.3,32.0
0.20350085930612344,0.34005741227455055,U8,MN8014,11.210551394114503,4.207026274153675,CPG,SSPG,0.1129461246653619,0.32596432173853945,0.20030255961837815,-0.9143870154283589,6,-1.1269688153867214,806.0,7.3,32.0
0.20350881909454718,0.34008205755438203,U8,MN8014,11.210598714124789,4.207462962542779,CPG,SSPG,0.11294393963541086,0.3259975816198224,0.20030692930778154,-0.914575521469527,6,-1.126975382500584,805.9,7.3,32.0
0.20350258840815966,0.34007951234618494,U8,MN8014,11.210461828185057,4.207929471459801,CPG,SSPG,0.11295740526638638,0.3259659185115097,0.2003066657677881,-0.9144287347741742,1,-1.1270068417756072,806.0,7.3,32.0
0.20351188630683018,0.34005361304759785,U8,MN8014,11.21095660091276,4.207222456341324,CPG,SSPG,0.11294763619024784,0.32600038145401433,0.20031007448791202,-0.914499317578497,3,-1.127080773353316,805.9,7.3,32.0
0.20351239209131067,0.340046399433681,U8,MN8014,11.210941613668812,4.206347585593947,CPG,SSPG,0.11294418451470295,0.3259949809271535,0.20030420399820076,-0.9145017756640378,5,-1.127216791995897,805.9,7.3,32.0
0.2035249576742892,0.34004090662767666,U8,MN8014,11.211364502365189,4.2065239493077975,CPG,SSPG,0.11292427943651515,0.3260274927019502,0.20030394631949774,-0.9146292262083505,6,-1.1271941976806517,805.8,7.3,32.0
0.20352121065596238,0.34001128485283766,U8,MN8014,11.211545928208412,4.206172590230466,CPG,SSPG,0.11291679775115085,0.32603034571846223,0.20031178710364786,-0.9145038742092889,3,-1.1272485711520694,805.8,7.3,32.0
0.20351799607454635,0.33999844638002763,U8,MN8014,11.211385181265396,4.206489476681433,CPG,SSPG,0.11291770682331684,0.3260335591520321,0.2003125331861257,-0.9144513245269206,2,-1.127088000562491,805.8,7.3,32.0
0.20351489692409996,0.34003094748313795,U8,MN8014,11.210789755403232,4.206521267030216,CPG,SSPG,0.1129244212194495,0.3260331254044734,0.20031320987136467,-0.9145377977120007,6,-1.1271956337879026,805.8,7.3,32.0
0.20350633658415923,0.3400347372870315,U8,MN8014,11.210565463036012,4.206328486944059,CPG,SSPG,0.11293555201924618,0.3260005279743003,0.20030969429723366,-0.914434508369525,4,-1.1271404552325226,805.9,7.3,32.0
0.20351534938302218,0.34001587468620587,U8,MN8014,11.21095811975913,4.206001002666685,CPG,SSPG,0.11292004190938841,0.32603859083469683,0.200312311674768,-0.9145396411509998,6,-1.127043915722874,805.8,7.3,32.0
0.20350567549917034,0.3399874686416976,U8,MN8014,11.210909853825314,4.205414140054074,CPG,SSPG,0.11292699911422738,0.326002203274104,0.20030946858703969,-0.9143090444258181,2,-1.12711885616417,805.9,7.3,32.0
0.20351405123620633,0.3400401964263179,U8,MN8014,11.210618280359792,4.205758621291131,CPG,SSPG,0.11293354050582045,0.326010994877849,0.20030440965571178,-0.9145597636873716,0,-1.126906750403995,805.9,7.3,32.0
0.20349994407364008,0.33996707492729583,U8,MN8014,11.210237940451297,4.204654884936109,CPG,SSPG,0.11290665512513876,0.3260268221810089,0.2003212633109086,-0.914297847003165,3,-1.126915512335751,805.9,7.3,32.0
0.20349866531859126,0.3399578055866527,U8,MN8014,11.210594055230787,4.205229136886677,CPG,SSPG,0.112922228628342,0.32600917596216133,0.200317617984557,-0.9141864949985953,2,-1.1271490764186787,805.9,7.3,32.0
0.20349729027568778,0.33996101840812737,U8,MN8014,11.210590888669802,4.205030672298935,CPG,SSPG,0.11292643715922375,0.32600532397731397,0.20031252701634736,-0.9142145267231274,4,-1.1271127830828194,805.9,7.3,32.0
0.2035161364362919,0.34000963873881573,U8,MN8014,11.21098663081526,4.205221245729148,CPG,SSPG,0.11291958033182004,0.3260527442922674,0.2003131575620435,-0.9145915229389187,5,-1.126650211821989,805.8,7.3,32.0
0.20349481134615033,0.33996987590165406,U8,MN8014,11.209910476040433,4.204730222689158,CPG,SSPG,0.1128979220069285,0.326045044357586,0.20031883333593503,-0.9143738830285427,6,-1.1271168294672167,805.8,7.3,32.0
0.20350632369750551,0.3399808621317193,U8,MN8014,11.210813974758715,4.205559218457779,CPG,SSPG,0.11290867619189594,0.3260417801299616,0.20031951213672045,-0.9143755786170898,5,-1.1269719632491286,805.8,7.3,32.0
0.20352677548863704,0.3399698638386231,U8,MN8014,11.211617043549875,4.20596759283929,CPG,SSPG,0.11290169969295602,0.326082802712151,0.20031782943382648,-0.9146139849930416,1,-1.1270722393645451,805.7,7.3,32.0
0.2035350792390706,0.3399593599274302,U8,MN8014,11.212267860875727,4.2061625456928375,CPG,SSPG,0.11288364154142227,0.32610973814485944,0.20032484721995708,-0.9146372128514118,7,-1.1271543463819915,805.6,7.3,32.0
0.20350975234679375,0.339997678054468,U8,MN8014,11.210806570025659,4.206648024540356,CPG,SSPG,0.11289961473898653,0.3260453045129513,0.20032381341056998,-0.9144501209932986,3,-1.1271651638100613,805.8,7.3,32.0
0.20352133259823602,0.3399590847820904,U8,MN8014,11.211782141368506,4.206268493663749,CPG,SSPG,0.1128890576717368,0.32607812888724425,0.20032532908927256,-0.9144959818548966,1,-1.1271660414255988,805.7,7.3,32.0
0.20351234940783805,0.3400041365081013,U8,MN8014,11.211389861910487,4.206330670963137,CPG,SSPG,0.11293232743151727,0.32600683744606423,0.2003093824748601,-0.9144261975769892,7,-1.1270342242376161,805.9,7.3,32.0
0.20350708395485623,0.33999127903837706,U8,MN8014,11.210989610314048,4.2053953886738045,CPG,SSPG,0.11290643099565328,0.32604247268087855,0.20032176356801565,-0.914441033212,5,-1.1271261414913303,805.8,7.3,32.0
0.20350053334819632,0.3399431427812638,U8,MN8014,11.2108705157843,4.20452152401185,CPG,SSPG,0.1129024218238648,0.32602312274497847,0.20032111441757264,-0.9142154384492966,1,-1.1268494037406986,805.9,7.3,32.0
0.20347353420614303,0.3399790745312189,U8,MN8014,11.209316612242722,4.205076064972398,CPG,SSPG,0.11292623221414284,0.32594867730900723,0.20031496520795916,-0.9140104004175397,5,-1.127154239732711,806.1,7.3,32.0
0.2034925685010977,0.33995632185769004,U8,MN8014,11.210261265830557,4.204653759897982,CPG,SSPG,0.11293050730225541,0.32596241535031184,0.20030941772057673,-0.9141112456104797,6,-1.1269661697976563,806.1,7.3,32.0
0.2034824759472656,0.33995059845392817,U8,MN8014,11.209656590890926,4.204401555358754,CPG,SSPG,0.11290977976784712,0.32598541214976584,0.20031981867201967,-0.9140534569077692,7,-1.1271535229684497,806.0,7.3,32.0
0.20349143311434603,0.3399099437704416,U8,MN8014,11.210431492169121,4.203648622504618,CPG,SSPG,0.11288884448070641,0.3260234129568485,0.2003261185233732,-0.9141094855089886,3,-1.127245214455245,805.9,7.3,32.0
0.20351023911664134,0.3399726515364083,U8,MN8014,11.21055956389558,4.204824600694586,CPG,SSPG,0.11288277009337018,0.3260663558073061,0.20032684982090218,-0.9145065555910701,3,-1.1270270659895116,805.8,7.3,32.0
0.2034867748421448,0.339978112035595,U8,MN8014,11.210177037477436,4.204900443021384,CPG,SSPG,0.11292731726067297,0.3259763456667403,0.2003113971227713,-0.9141899361276484,0,-1.1271838244930512,806.0,7.3,32.0
0.20348706128739602,0.33997050288979613,U8,MN8014,11.21037000362165,4.203509922083612,CPG,SSPG,0.11292757185832974,0.3259767113227918,0.20030602381887702,-0.9142358075093518,2,-1.1271211899255906,806.0,7.3,32.0
0.20349710408199162,0.33998275825723506,U8,MN8014,11.210638469854622,4.205140304935305,CPG,SSPG,0.11290117288885139,0.3260205910013842,0.2003175221294686,-0.9143949600518138,1,-1.126944546870031,805.9,7.3,32.0
0.2035073325209086,0.3399733115466784,U8,MN8014,11.210909184181382,4.204633106804341,CPG,SSPG,0.11289615201842354,0.32606419889936267,0.2003217763865589,-0.9145447774811589,2,-1.1267725948061402,805.8,7.3,32.0
0.20350027236551063,0.34000002779204336,U8,MN8014,11.210253351724862,4.2056003423903485,CPG,SSPG,0.11292223279910536,0.32602282121142057,0.2003140035787137,-0.9144661432802763,3,-1.1269350701252554,805.9,7.3,32.0
0.20350389377887398,0.34000923194584065,U8,MN8014,11.210548104082296,4.205558479930119,CPG,SSPG,0.11292785519866963,0.32602925604456007,0.2003133409129923,-0.9145897441309748,7,-1.1269153654718158,805.9,7.3,32.0
0.2035227528062047,0.3400761251126649,U8,MN8014,11.210850882726278,4.206780561455136,CPG,SSPG,0.11292829828249801,0.3260569174418975,0.20031072444096248,-0.9149275616198972,0,-1.1269247241489104,805.8,7.3,32.0
0.2034984775826845,0.3400540386815522,U8,MN8014,11.209946635685125,4.206239707227053,CPG,SSPG,0.11293723582969474,0.3260268618333329,0.20031797116613653,-0.9146632803311814,1,-1.1270101595107516,805.9,7.3,32.0
0.20351732724077976,0.3400224063858596,U8,MN8014,11.210951723293466,4.205489366250647,CPG,SSPG,0.11292143306357841,0.32606580499147253,0.20031335973571304,-0.9148337779275452,4,-1.126951286069641,805.8,7.3,32.0
0.20349256631078708,0.33995779488417477,U8,MN8014,11.21054286660859,4.205146015270077,CPG,SSPG,0.11292737803290967,0.3259941723673422,0.20032066020697226,-0.9142124425671598,2,-1.1271750093833175,806.0,7.3,32.0
0.20348320393390762,0.340031245602178,U8,MN8014,11.21005216171654,4.2058695098360666,CPG,SSPG,0.11296007927512801,0.32595574330234245,0.20031651321446836,-0.9142776776879473,4,-1.1270615035896023,806.1,7.3,32.0
0.20351593341424654,0.3400594832652588,U8,MN8014,11.211529796114256,4.207180532857766,CPG,SSPG,0.11295987129957291,0.3260176657981343,0.20031108960387653,-0.9147177505424934,1,-1.1269482260942203,805.9,7.3,32.0
0.20349922201993462,0.3400898158672451,U8,MN8014,11.210625158646542,4.206897068614951,CPG,SSPG,0.11301090589124278,0.3259039341688284,0.20029130107744655,-0.9144102632711671,1,-1.1272185310812084,806.2,7.3,32.0
0.2035003284681946,0.3400474300705184,U8,MN8014,11.210602803623459,4.205465097567601,CPG,SSPG,0.11300163231230771,0.32591969085110123,0.20029109841065978,-0.9143972450725019,6,-1.127073219862476,806.2,7.3,32.0
0.20350280012201286,0.34008009318243365,U8,MN8014,11.21068803318692,4.206405834621055,CPG,SSPG,0.1130087950281006,0.3259075850952974,0.2002919435010343,-0.9143998490161758,5,-1.1272406511535698,806.2,7.3,32.0
0.2034775410130031,0.3400584847576102,U8,MN8014,11.20924017571097,4.205151394428352,CPG,SSPG,0.11301554298117504,0.3258597604774008,0.20028969259962717,-0.9141600060902023,5,-1.1271329311832226,806.4,7.3,32.0
0.20348212860941772,0.3400170706239505,U8,MN8014,11.210024624337093,4.2049426730571176,CPG,SSPG,0.11297447603001409,0.325912101648543,0.20030204592248843,-0.914117201883291,5,-1.1271718801244672,806.2,7.3,32.0
0.20344890609502023,0.3399949126068936,U8,MN8014,11.208920581974713,4.204554103696719,CPG,SSPG,0.11302120725133556,0.3258102904089071,0.2002944303835749,-0.9136314314649838,4,-1.1273281871427807,806.5,7.3,32.0
0.20347680186707046,0.33996988848944687,U8,MN8014,11.210308900880161,4.2044242280424005,CPG,SSPG,0.11294390237465578,0.3259447954574336,0.20031489147189172,-0.9140050132480386,5,-1.1271220936970083,806.1,7.3,32.0
0.20349918654513044,0.3400244950829663,U8,MN8014,11.211377381584336,4.205609505485953,CPG,SSPG,0.11297725028913844,0.325933173655632,0.200299057428421,-0.9142803772980864,3,-1.127223104677329,806.1,7.3,32.0
0.20345819983834262,0.339957270064122,U8,MN8014,11.210554148510226,4.205463987295533,CPG,SSPG,0.1129857571849266,0.32586141230825444,0.20030796150520988,-0.9135943381487026,4,-1.1271476097255455,806.3,7.3,32.0
0.20348423818271785,0.33997367633658493,U8,MN8014,11.211864556679666,4.2054755621032704,CPG,SSPG,0.11295976165751188,0.32594926606765884,0.200310902847483,-0.9140395734874228,5,-1.1271719368804334,806.0,7.3,32.0
0.20345165828370204,0.34000308679088664,U8,MN8014,11.210084951611053,4.20564551767052,CPG,SSPG,0.11298960593542283,0.32585717033515416,0.2003075015510844,-0.9137193852081427,5,-1.1271774152708218,806.3,7.3,32.0
0.203462366177455,0.33997055687730343,U8,MN8014,11.21080755725689,4.205565401098355,CPG,SSPG,0.11298483761636637,0.32588970857374855,0.200314532399626,-0.9137079459671795,0,-1.1272159518966003,806.2,7.3,32.0
0.20346311565879724,0.3399994153349092,U8,MN8014,11.209828008808774,4.20662449526026,CPG,SSPG,0.11298523790002657,0.32589569397424756,0.2003133376026406,-0.9138025860903402,6,-1.127213532402469,806.2,7.3,32.0
0.2034787403350652,0.3399395481407655,U8,MN8014,11.210962159341534,4.205836270111136,CPG,SSPG,0.11291582279739336,0.326005433322019,0.20033041462069304,-0.9140241050954095,7,-1.126968648830033,805.9,7.3,32.0
0.20349683742876204,0.34000801427021266,U8,MN8014,11.211415608094391,4.207543366571001,CPG,SSPG,0.11292231814420342,0.326060915712618,0.200331676615264,-0.9144534987824712,0,-1.1269442012373885,805.7,7.3,32.0
0.20349000085001795,0.33993594232946933,U8,MN8014,11.211472979426052,4.206725947608059,CPG,SSPG,0.11291446718421795,0.3260414204142919,0.20033649224125927,-0.9141356514024599,2,-1.1269311662843409,805.8,7.3,32.0
0.20349588829688947,0.34002317851262037,U8,MN8014,11.211149000839232,4.20765011537266,CPG,SSPG,0.11296436252801297,0.32597647192707896,0.20031255468417788,-0.9143360903601818,7,-1.1268613844639441,806.0,7.3,32.0
0.20350655459491543,0.33995830550883954,U8,MN8014,11.211745775959244,4.207045716390533,CPG,SSPG,0.112928350072199,0.32604800568883496,0.200327076627285,-0.9143905004993043,0,-1.127135386232058,805.8,7.3,32.0
0.20349624934167146,0.34000625483063346,U8,MN8014,11.211066551471067,4.207102619373406,CPG,SSPG,0.11294777565783046,0.3260101372753908,0.20032186341769395,-0.9143789210935278,6,-1.1270906803121443,805.9,7.3,32.0
0.20349422095930453,0.3400275135596508,U8,MN8014,11.211097880802125,4.207642044672747,CPG,SSPG,0.11295649134505258,0.3260094654048493,0.20032687076410047,-0.9143782347333161,6,-1.1269498367525657,805.9,7.3,32.0
0.2034698502007107,0.33998546943062236,U8,MN8014,11.21069717559979,4.207275362140396,CPG,SSPG,0.11297179932648034,0.32594745462593444,0.20032764386191979,-0.9139311053296125,5,-1.1266996727163976,806.1,7.3,32.0
0.2034758304269424,0.34003295334110134,U8,MN8014,11.21022873659788,4.208273879717732,CPG,SSPG,0.11297160184008544,0.32597626581568573,0.20032784911600302,-0.9142090764855736,5,-1.1269425200022214,806.0,7.3,32.0
0.2034743166077173,0.34000929791331913,U8,MN8014,11.210044513576136,4.20724750185086,CPG,SSPG,0.11295634307567923,0.3259853222306298,0.2003290442272247,-0.914213135520875,2,-1.127010398302569,806.0,7.3,32.0
0.20348294544955586,0.3399944552090268,U8,MN8014,11.210209905308368,4.207611550622846,CPG,SSPG,0.11292307862019592,0.3260536782468995,0.20034242475864483,-0.9143238977264623,1,-1.1268508167859421,805.8,7.3,32.0
0.20348911394046637,0.340022603511446,U8,MN8014,11.21056385895103,4.207267131636239,CPG,SSPG,0.11295242063336776,0.3260149156908998,0.2003278261634461,-0.9143871450016973,6,-1.1269699463672884,805.9,7.3,32.0
0.20346088024701323,0.34005449553199324,U8,MN8014,11.209033586435678,4.207352307503475,CPG,SSPG,0.1129745823473025,0.32595051820321236,0.20032565557554602,-0.9141604763433184,7,-1.1268349406963152,806.1,7.3,32.0
0.20346113963104467,0.3400243771916914,U8,MN8014,11.209000651925834,4.206582642924745,CPG,SSPG,0.11296747897371864,0.3259502032263646,0.20032787770019228,-0.9140598935915414,2,-1.1271002822547205,806.1,7.3,32.0
0.20343902618829982,0.3400151827840906,U8,MN8014,11.208235402950598,4.20681967648378,CPG,SSPG,0.11296537126415851,0.32592399056848476,0.20033850871966205,-0.9137746240870758,5,-1.126794531908832,806.2,7.3,32.0
0.20344527965937248,0.34003391459656873,U8,MN8014,11.20802394296139,4.206852510587732,CPG,SSPG,0.11297588515298301,0.3259155429057259,0.20032655338682764,-0.9138966857687797,6,-1.127101584356513,806.2,7.3,32.0
0.20345305568728012,0.3400331415082263,U8,MN8014,11.208736832098012,4.206203899518697,CPG,SSPG,0.11298683436610435,0.3259141411197033,0.20032499851167151,-0.9139243780655568,3,-1.1270887431263432,806.2,7.3,32.0
0.20345407175760222,0.34004786820897054,U8,MN8014,11.20860379909854,4.207390213991592,CPG,SSPG,0.11297681584137506,0.3259445699123425,0.20033307556773397,-0.913994126530041,3,-1.1269827454879007,806.1,7.3,32.0
0.20345904664112208,0.3400216803121202,U8,MN8014,11.209092521133776,4.2071542985946255,CPG,SSPG,0.11297327951855372,0.32595144171629026,0.20033462881105493,-0.9139826992263155,0,-1.127004195609162,806.1,7.3,32.0
Time taken (seconds)
2026-05-31 03:04:10
