thigh_length,calf_length,motor_left_name,motor_right_name,gear_left_ratio,gear_right_ratio,gearbox_left,gearbox_right,torso_distance,ik_height,ori_l,ori_theta,best_index,best_cost,ac1,ac2,ac3
0.25882454973770086,0.24338257151051917,U12,MN8014,10.393978896498862,9.30724910923985,CPG,CPG,0.12430789885319597,0.342437148848744,0.4612513725002639,0.497160665870624,0,0.09582890132465194,436.7,4.8,28.6
0.2400247597235342,0.2384683704873432,U12,MN8014,9.3676930843685,7.318880678973156,CPG,SSPG,0.1320861064353181,0.3775261900998252,0.290992720694567,-0.2328720734517098,0,1000000.0,488.7,3.9,33.9
0.2621370721034713,0.24717805674696486,U10,MN8014,6.541268976649997,8.018122297829455,CPG,CPG,0.1194685317021096,0.3733158229240089,0.20666627159850556,-0.6023035527754697,0,-0.2953338241656862,569.4,4.9,26.4
0.231651392429925,0.25705473826832,U10,MN8014,6.899288937997018,8.111010486981455,CPG,CPG,0.12068700975159868,0.37992091160615205,0.20094452000599033,-0.6260329987695102,2,-0.9757914665225043,551.6,3.4,35.3
0.2325592376191487,0.2711929218070145,U10,MN8014,9.662368315003135,8.843479767403837,CPG,CPG,0.12311713883710464,0.43263377586646967,0.20567192170351842,-0.3247255607657695,2,0.6681731541378522,505.7,2.9,34.2
0.23742772291095898,0.2711525536162953,U10,MN8014,8.94712938608728,6.351626782240601,CPG,CPG,0.11302179632171847,0.42991243797840306,0.2459857973187717,-0.5985567552978182,1,-0.6731912712615693,458.8,1.1,32.6
0.2385800534230305,0.25946200675332076,U10,MN8014,7.44877364284231,7.62815141005304,CPG,CPG,0.11273496545748053,0.4146901460376392,0.2078743593745503,-0.9292203767435467,1,-0.8778981392950733,497.8,1.0,34.4
0.2317191836041009,0.304786811811522,U8,MN8014,12.079628096223662,11.156111400533208,CPG,CPG,0.10978880146877062,0.4128041003494701,0.20276655661485696,-0.4053830021020097,7,1.1654067957053593,621.7,3.2,34.5
0.24642020035062095,0.2940438936288252,U12,MN8014,11.846344322349552,9.780274794620613,CPG,CPG,0.10732351526109746,0.36377986278213215,0.200399721269767,-0.7871183132922779,0,0.3563926982408194,585.3,1.9,40.6
0.24010244207838682,0.2897088873720757,U10,MN8014,10.908809717826266,8.715785163382552,CPG,CPG,0.10441416421489574,0.39696489240594107,0.24908164295668106,-0.5801055140725164,4,-0.12794864177929988,440.0,2.0,38.6
0.23463020260394848,0.29918755089196414,U10,MN8014,10.508374840491676,12.539069464938981,CPG,CPG,0.1004487706495252,0.4055193060901999,0.7224260164201473,0.09344709146744323,6,0.33232906444465454,495.9,2.0,33.9
0.2503107347058921,0.29105888497525984,U10,MN8014,12.3145466543501,9.985635169439071,CPG,CPG,0.11440181712382429,0.4531186217026903,0.3064423303458181,-0.42347479273866684,3,-0.4764174808455537,465.5,1.2,38.8
0.23235639590518944,0.28159464087407854,U10,MN8014,12.557323911559735,13.257847073982358,CPG,CPG,0.11625559767040727,0.43543285163878626,0.2366579222487017,-0.7208649252767784,1,-0.4844169982024411,428.8,2.6,31.2
0.25934086582095145,0.2949145340134067,U10,MN8014,17.52006837499719,11.901440523315365,WPG,CPG,0.11285256497602042,0.410402130089234,0.20896991004958984,-0.42071516205992365,4,-0.5514552806049178,372.4,2.8,38.3
0.21182517746771906,0.277295370921688,U10,MN8014,14.428317617594063,11.954004158354213,CPG,CPG,0.11595342399844723,0.44152336555660415,0.20385608064516647,-0.5920573393258423,2,-0.12077051666486804,327.2,3.4,36.8
0.20517547732879848,0.266686664074832,U10,MN8014,14.544113264485468,9.027385341109056,CPG,CPG,0.11217243235546423,0.43100875511798925,0.25502981046142714,-0.2532125146218205,4,-0.15394421357980015,357.9,3.4,38.3
0.20324754867085743,0.2729577825840708,U10,MN8014,16.75634687452028,11.536648839828892,CPG,CPG,0.11575283534946836,0.4434397674874185,0.20003831940899297,-0.6077784523179072,1,-0.16814436593368098,392.3,3.3,37.6
0.18310356508162084,0.23936319754326865,U10,MN8014,14.848218180446187,11.318288921070822,CPG,CPG,0.11373257731675793,0.4291007372630079,0.2842925399462145,-0.2051702923051646,3,-0.7843838222984267,343.8,2.6,37.1
0.202694627163078,0.22691853635172857,U10,MN8014,13.033756002905186,11.811452691582282,CPG,CPG,0.12559038654076182,0.44653119537284747,0.3034344040499059,-0.34682486766963216,0,-0.15516666511144706,308.2,3.4,37.8
0.18926739699299594,0.25553489826687426,U10,MN8014,16.497385942062742,10.72080821843107,CPG,CPG,0.12595366002358843,0.4926404243784406,0.31074216975677493,-0.39112345066675025,7,-0.25525609851408837,251.7,2.3,34.1
0.1589913307588679,0.20982651919360493,U10,VT8020,16.037495676697702,11.534046531772294,CPG,CPG,0.12898530339242475,0.4910419723707997,0.22969916602694848,-0.2925372615024162,3,-0.2216577741298063,213.7,3.1,36.4
0.20931933547533338,0.2254750240981165,U10,MN8014,14.880248225080726,13.055296856741538,CPG,CPG,0.13174788785803923,0.45586686260716613,0.20023290776210284,-0.43530901728618265,0,0.0009585139724878067,266.0,3.0,35.5
0.22821864600123548,0.2415116672609789,U10,VT8020,14.561637358708161,11.111917250511283,CPG,CPG,0.11688397032414216,0.496797951557019,0.39705853522147755,-0.4259192212432066,2,-0.37155593013552257,290.1,3.2,35.0
0.25180277005677865,0.2253987938283811,U10,MN8014,16.14861590922866,11.761077518910184,WPG,CPG,0.11153679493792965,0.48370383624212243,0.3299200318518476,-0.38137307138424403,3,-0.6580861716738667,260.5,3.2,32.6
0.2723747492466219,0.22063751204533583,U10,MN8014,15.804962565735961,10.871205629545457,CPG,CPG,0.12941594560093964,0.49593158182388253,0.25004674442252256,-0.4354260709631317,6,-0.06875649940772,289.3,3.5,35.2
0.2585357084030779,0.22467564149512056,U10,MN8014,13.731905044441692,10.458582295369666,CPG,CPG,0.12394886667924349,0.48150718197820563,0.27450722716852627,-0.4713849806497836,3,0.022656100202783858,379.3,4.1,37.0
0.254364190091261,0.2514696150623771,U12,MN8014,15.509975562000932,11.269013556928645,CPG,CPG,0.12407557818597033,0.5028360932465906,0.37137800930106596,-0.43127617826584697,3,-0.5509778666739688,309.8,3.3,38.4
0.27770974509425006,0.22171393792903063,U8,MN8014,12.525846893441337,10.839232729289314,CPG,CPG,0.1334672453950605,0.5005556507248929,0.2646760412631651,-0.27442472399198325,0,-0.10232563656102506,312.3,2.9,39.4
0.24972669945139903,0.2308692234460306,U10,MN8014,13.156062918675929,9.261296780170392,CPG,CPG,0.14247702256496647,0.4644997124485486,0.2509371643335961,-0.29496129467286325,4,-0.03860388979319285,354.4,3.0,40.5
0.255973882577602,0.2523842278250663,U8,U12,13.656252413041255,9.43072530303803,CPG,CPG,0.14530937712097722,0.505212929868793,0.2696418056626613,-0.34532769291872456,6,-0.18554219846882009,261.5,2.2,41.6
0.2639280122840675,0.25744045495657364,U8,MN8014,14.302383517781076,8.362842219546572,CPG,CPG,0.13498087535841585,0.4630138687113968,0.23579824729086749,-0.5918715893504841,7,-0.4764745316223431,344.3,2.0,39.9
0.2639771615387132,0.23321782445405057,U8,MN8014,15.898430424945511,8.721066466397886,CPG,CPG,0.13285778710300666,0.4763111294679694,0.34456166860418347,-0.5155054552880518,5,0.11063962237945968,415.5,0.3,37.3
0.2896399784720073,0.22253943314825303,U8,MN8014,16.924361321123804,10.084997439022027,WPG,CPG,0.1467395672961948,0.4916309054120717,0.20696501121074654,-0.648922036823463,5,-0.00554026758746895,356.8,0.7,35.7
0.2840874009377796,0.21055810559781168,U8,MN8014,15.610906622290393,10.256741201139288,CPG,CPG,0.149775162101901,0.4938578231655074,0.2163818249193459,-0.5349593310445442,2,-0.014204459511758194,281.1,0.6,33.1
0.30031093649536106,0.21870322665862307,U10,MN8014,17.88250799273885,10.544589857199158,WPG,CPG,0.1344408984455286,0.47522073596576553,0.3062238970523212,-0.6199836324708852,2,-0.023662291963024495,420.9,1.2,29.7
0.340871954550818,0.21556736626292147,U8,MN8014,17.687383624989753,9.012266778942898,WPG,CPG,0.13808720929194956,0.5219509225723854,0.20005738149333327,-0.5566640892927097,0,-0.12003536123979264,270.8,1.3,30.1
0.32589195982340324,0.20341641366148647,U8,MN8014,18.49489602069647,9.24322307265067,WPG,CPG,0.13924032591926339,0.48308427048355385,0.2061503403667406,-0.5789573888759396,3,-0.1668738121603539,360.0,3.0,33.8
0.3097816017121431,0.20546816866461962,U10,MN8014,18.068462165082902,8.569767326380331,WPG,CPG,0.12281471500688923,0.4935561224676266,0.22381821700810112,-0.499623586550376,0,-0.08169466047631624,272.6,3.4,32.7
0.30369725409699344,0.20633315696335525,U10,MN8014,17.748853002489973,10.577077206820423,WPG,CPG,0.1187054776768356,0.4614070442247649,0.336501693283634,-0.30776878969736177,0,-0.7938322044855037,366.7,5.2,31.9
0.3327584248892922,0.2125590512723336,U8,MN8014,19.5397121114919,9.657902493484482,WPG,CPG,0.11015345419146336,0.4334357787988493,0.2041061319060501,-0.8875924892013161,3,-0.2993908916068495,362.4,3.6,29.4
0.322242468685407,0.21212390382019256,U8,MN8014,17.374835255780557,9.178873431910567,WPG,CPG,0.12784458541691227,0.46471961446161214,0.20070302598021875,-0.7209486515941655,1,-0.5080509969499962,375.3,2.4,33.0
0.3278231041356755,0.1889362101004435,U8,VT8020,16.058693736901642,7.5046359862110315,WPG,CPG,0.10964740820581445,0.44786028618495316,0.2009060243994763,-0.7810679427269327,2,-0.3303659005817856,391.1,4.5,28.5
0.32436726452681247,0.19213455975770047,U8,MN8014,16.90237820445625,7.635454727890501,WPG,CPG,0.11665111582938505,0.4200703920902233,0.2017432524367573,-0.463557261758744,5,-0.22732147056428031,315.0,3.3,31.3
0.3496958142303052,0.20183393341654526,U8,MN8014,17.43533416759709,6.312650160241798,WPG,SSPG,0.12728087692972215,0.45035007438570274,0.20194419831617386,-0.8942433649843925,1,-0.7017202546532468,419.7,1.8,29.4
0.3481525499903726,0.1814107243833192,U8,MN8014,15.236704471780879,4.781217324445636,WPG,SSPG,0.13340286088677328,0.467354884435463,0.2044893743187171,-0.710155922705343,3,-0.47339232632020023,321.0,1.8,28.9
0.3306442550763424,0.1807680712960563,U8,VT8020,17.199252414170722,7.175406230044242,WPG,SSPG,0.1282520158259539,0.4733077903995437,0.33458716702474717,-0.5584378875464064,4,-0.5192005991366762,290.1,1.8,28.5
0.3266786292609858,0.15663444316262015,U8,MN8014,14.088405070705768,4.839673976497789,CPG,SSPG,0.14432049944364003,0.45020117022654293,0.28793074468895213,-0.7257460687546666,2,-0.3573202702953666,363.3,2.2,28.5
0.3474568225817854,0.17782769381158572,U8,MN8014,17.066324507811267,6.19672935335371,WPG,CPG,0.14371723502184724,0.4487158445484029,0.23210253763576888,-1.0542106975081313,4,-0.3812455486185131,461.6,1.0,28.0
0.3435412387855986,0.16837664365306892,U8,MN8014,16.428971252368882,5.62475007526553,CPG,SSPG,0.1287792848819267,0.4598112012201159,0.24386648296649754,-1.1368432644341169,6,-0.4474502607863018,443.8,2.8,26.0
0.34174523557892506,0.16709126947123482,U8,MN8014,15.042364220961263,4.175823449309298,CPG,SSPG,0.14326652448684263,0.44541259616360485,0.22960261513145522,-1.1440352783389975,3,-0.4065015152158864,446.1,2.6,26.7
0.3492291114309338,0.1823647306607486,U8,MN8014,15.311566112036964,4.0857745516704,CPG,SSPG,0.14422960267376173,0.4621439639988397,0.24689337017642285,-0.8479162576487479,0,-0.35616023375878125,452.0,1.2,24.5
0.34997674278488616,0.20528734802796567,U8,MN8014,14.274835028479842,4.755139859666251,CPG,SSPG,0.14983587625179287,0.4323499169245538,0.21384413563125415,-0.8699496527173552,4,-0.2095966353002261,408.4,2.0,26.1
0.3479393353032008,0.2096425834212735,U8,MN8014,15.550238788859593,5.96393333803084,CPG,SSPG,0.14178007826130634,0.4653585020174815,0.23561084226120538,-1.0886547994009486,4,-0.657160553441293,392.9,0.4,22.9
0.349842182889758,0.20740528890641446,U8,MN8014,13.352930209709953,5.142745121552183,CPG,SSPG,0.14207301520853372,0.47402217503868443,0.21043769237120988,-0.9856561005411942,2,-0.6010106720662676,338.8,1.6,26.6
0.335357240203323,0.21108029625539126,U8,MN8014,14.517633040786642,4.972257492513361,CPG,SSPG,0.14717562550358615,0.4705689024814462,0.23018711547006032,-0.9432030318051725,4,-0.6142574174977202,404.8,1.3,24.4
0.3295090602885427,0.22098952471101893,U8,MN8014,12.261152627207188,4.598362632393976,CPG,SSPG,0.12937840463404765,0.4701917605389089,0.2261182730822648,-0.8783303931168802,4,-0.5679586984480269,427.0,1.0,24.9
0.31940525891900906,0.21398799872347632,U8,MN8014,12.845558638696467,6.373604754288081,CPG,CPG,0.1254238199318936,0.4489511043239422,0.201223477241905,-0.8354344037231253,2,-0.7314398627147751,352.0,0.8,27.6
0.33534495409407516,0.24993962527461855,U8,MN8014,11.971537823347127,4.1930207183107235,CPG,SSPG,0.13971114092647777,0.4665396638470127,0.2312831859729867,-0.8829059732624376,5,-0.537565582048471,415.6,1.2,24.6
0.3346047507638299,0.21483244948526914,U8,MN8014,14.061330111316124,4.652401290519915,CPG,CPG,0.14308583209124365,0.4483851371654775,0.21738638033424806,-1.1734107828317102,5,-0.43122368914755427,389.3,1.1,27.4
0.338809922037507,0.21046083377768282,U8,MN8014,15.587722606725851,4.490349352250009,CPG,SSPG,0.1436487592688656,0.45422753969097174,0.20022517485536162,-1.2927481267848677,4,-0.7600054237346203,431.9,0.1,25.4
0.3403661569119991,0.22958376250356657,U8,MN8014,10.735822379085679,6.132478609737464,CPG,SSPG,0.1393273421632868,0.45512269945101025,0.2386636057388793,-1.2393283413886549,3,-0.499973144045053,449.0,0.8,27.0
0.34465032842853477,0.19676205440129857,U8,MN8014,12.708461675395938,4.742526836210535,CPG,CPG,0.14325380890274864,0.48486523758908395,0.2229523476962986,-0.9731256259102911,3,-0.40388047500976665,393.4,2.5,26.5
0.3450753091762204,0.17459707052943257,U8,MN8014,11.185181543175444,4.052765970130835,CPG,SSPG,0.13874537757259314,0.4686493373788701,0.200784821149329,-1.2929373594819815,3,-0.35363199628885367,385.6,2.0,26.9
0.34997433918127574,0.20991776584922947,U8,MN8014,13.336447330406056,4.057448593146355,CPG,SSPG,0.1302230973418742,0.47876040239380513,0.2308139738828437,-1.5095924961156661,6,-0.5651642350011885,426.2,0.5,26.0
0.33834473850675745,0.20950318135794654,U8,MN8014,14.313058492163156,4.001280805639874,CPG,SSPG,0.12459807030873118,0.46681126215647284,0.20150681095988512,-1.3211528925513794,0,-0.8301641442917305,469.0,0.1,29.7
0.3498104831834515,0.19833153982481821,U8,MN8014,14.15164186035893,4.002122458411135,CPG,SSPG,0.12091881501596408,0.46647221589350385,0.222291269429652,-1.3512630155526892,6,-0.7004030646107884,466.9,0.1,25.6
0.34980413441630975,0.20461712038919855,U8,MN8014,13.20955136054233,4.00324206348126,CPG,SSPG,0.12271736391070323,0.4803616062933615,0.24993878647601583,-1.30669316898996,5,-0.6700841046328807,456.3,0.0,25.8
0.33603590990987897,0.19574032260512964,U8,MN8014,13.756547586889731,4.0010040135287435,CPG,SSPG,0.1252190827562454,0.4795660309749826,0.22168031516235076,-1.2169357762892232,5,-0.7031092643422623,392.8,0.5,27.9
0.3499975950883494,0.21297541885142945,U8,MN8014,11.60500201353313,4.053725008482216,CPG,SSPG,0.12649981292951384,0.47223625434573235,0.21921105859792336,-1.0373119292518018,1,-0.5204596988662789,396.9,0.2,27.9
0.34999953054355953,0.189847008211449,U8,MN8014,14.190718013133601,4.411139900214129,CPG,SSPG,0.12234827941880456,0.47343157184254303,0.2108694208150318,-0.9496434291868936,4,-0.6610640254701354,394.6,0.0,29.6
0.3488700788525379,0.21360733268248644,U8,MN8014,13.584918786395265,4.281228094792359,CPG,CPG,0.11556131085690219,0.4836068900184337,0.2074615344819475,-1.1981789460718963,7,-0.7206116480611238,365.3,0.0,27.9
0.33585193444532635,0.22587949324695158,U8,MN8014,12.724895940241286,4.016213884771185,CPG,SSPG,0.11634463137543312,0.45798114605373763,0.21227099119909829,-1.2632399742359444,4,-0.8170204589873657,417.9,0.3,29.0
0.3377470743420493,0.21418589069088667,U8,MN8014,12.978069462523926,4.389575592340443,CPG,SSPG,0.10832784803949301,0.4714178882979462,0.20007336534266346,-1.2186344412103995,2,-0.8580997350355943,421.9,0.2,28.7
0.3415111538602153,0.20601059772348382,U8,MN8014,14.270485959348443,4.396968376871979,CPG,SSPG,0.11594204361858745,0.46624453899514706,0.2131928438262804,-1.1871810496943298,6,-0.8719986963293698,423.7,0.3,24.6
0.32932466344089484,0.22247886463594385,U8,MN8014,13.853976005221911,4.04956158841288,CPG,SSPG,0.10359346219253023,0.46360406929674347,0.2071887983433417,-1.1087247014897978,4,-1.0521408868226167,436.4,0.9,27.5
0.31123898490294705,0.22096711979536504,U8,MN8014,14.426763312867207,4.206495762012051,CPG,SSPG,0.10026350521209171,0.45595423677770186,0.20147490609108298,-1.1618153902066783,3,-1.0783097984208787,426.6,0.8,26.6
0.324244496720814,0.23299296893491842,U8,MN8014,13.865427193280865,4.280007583321766,CPG,CPG,0.09792340092003723,0.4451337228945137,0.20340618441009453,-1.2035166122783514,4,-1.1518797256770625,442.3,0.6,25.7
0.328456290116358,0.22663583728216222,U8,MN8014,15.521161373620341,4.245813295055509,CPG,SSPG,0.1032840472797299,0.4466591853549222,0.2141640200890491,-1.0826704563132798,3,-1.2054196516888736,433.1,0.6,25.7
0.29339931715993184,0.2442894093458708,U8,MN8014,13.817581413291867,5.192106754947401,CPG,SSPG,0.08788673383249548,0.43249831803960914,0.20001857270616066,-1.1484563150381144,0,-1.5162233047874274,452.8,1.7,25.9
0.30612080144349846,0.2655994537362806,U8,MN8014,14.78985412859502,4.00000130629755,CPG,SSPG,0.08788659394962231,0.43602542107620246,0.20002023487397938,-1.2084834696426658,5,-1.7013785422561698,481.3,3.1,27.8
0.286061803897104,0.26512191901960286,U8,MN8014,15.230968135772557,4.001888902657141,WPG,SSPG,0.0836216283412654,0.4369518094361762,0.20298056276452078,-1.2075271613838205,2,-1.7758739495712135,508.9,2.9,27.9
0.2991177606026144,0.2817350144292088,U8,MN8014,17.10096415890674,4.000535689306333,WPG,SSPG,0.08607896512933341,0.44482814608531984,0.2284780631368444,-1.438975535139362,6,-2.002825923929141,519.5,2.2,28.3
0.2875668570379477,0.2878380388382742,U8,MN8014,15.917245761558322,4.1046247526857425,CPG,SSPG,0.060734374674884795,0.44150547960750397,0.2036160656913851,-1.5540608624248498,5,-2.036257697551437,505.7,3.6,26.8
0.28339391700703487,0.31222725142078,U8,MN8014,14.991112504940395,4.476266912897733,CPG,SSPG,0.05780723233685771,0.4414080505360362,0.20019170599594982,-1.4222937292466258,7,-2.1438679907166334,524.1,2.6,28.6
0.2794186842943224,0.31932514819219004,U8,MN8014,17.409691285113148,4.453992854312528,WPG,SSPG,0.05180323210361417,0.42913432624790193,0.2163637701085055,-1.5385186591974023,6,-2.620329173793139,547.4,3.5,26.9
0.3050345420214836,0.31270529870864683,U8,MN8014,18.960765345308886,4.00032259831133,WPG,SSPG,0.06656865719473203,0.43576546034617725,0.20440882068741567,-1.5410074021084184,7,-2.4518802357139258,583.8,4.5,27.3
0.2680781045677364,0.34535154614408436,U8,MN8014,21.191327420339906,4.395941787779901,WPG,SSPG,0.05000090748114508,0.4133682809932704,0.20483391404800272,-1.5458859182068312,5,-3.178158496920368,637.6,4.2,27.0
0.27278955208386746,0.3495591495089743,U8,MN8014,21.06443225562727,5.507502948572505,WPG,SSPG,0.06431505579185597,0.4276851163925992,0.2000013527097022,-1.5401534461120967,5,-3.0469123524900663,615.8,4.8,28.9
0.26903200471225686,0.315262266607774,U8,MN8014,24.138269004576927,4.041587046989114,WPG,SSPG,0.06595712162741751,0.4282074260838955,0.23595933911731148,-1.5403893495230618,7,-2.448404566246574,639.1,5.3,23.7
0.27514693161284176,0.330192476825347,U8,MN8014,23.91954481605962,5.022700601017656,WPG,SSPG,0.09640981072718283,0.39125421125799487,0.2367037302280997,-1.203906885494976,1,-2.723062642051813,867.2,5.6,29.5
0.2650301803030424,0.3492629540615492,U8,MN8014,23.291303890080894,7.357593035248236,WPG,CPG,0.10818839905021652,0.42418851529708507,0.20464475382305622,-1.5503349440562177,2,-2.4881339244395573,787.6,5.6,32.5
0.24240313475168285,0.33734317230326777,U8,MN8014,22.293579013643683,4.134758760577567,WPG,SSPG,0.08895779118135394,0.43209260254471515,0.21133374655651316,-1.5114278640207122,3,-2.2815690438681475,635.2,5.5,27.1
0.25108494872571896,0.3328423140101968,U8,MN8014,22.299439588240368,7.679151874445754,WPG,CPG,0.08831959686435313,0.4239608609100736,0.22583920647823638,-1.567614447610434,0,-2.5781953845284384,698.5,4.3,30.9
0.2612486996351543,0.32611902079583116,U8,MN8014,24.99244092908742,5.933653070397445,WPG,SSPG,0.10533727740869794,0.3948571632579061,0.20288397650047454,-1.5035496693630626,7,-3.0623548935510563,688.3,5.1,31.5
0.28244811515173973,0.3472593315094227,U8,MN8014,21.039752691957833,4.020377290325646,WPG,SSPG,0.08536313600602549,0.4454384730543111,0.23728354824174588,-1.5706337694781236,2,-2.856714515159327,632.8,4.2,27.7
0.27405573767453756,0.3167841898379941,U8,MN8014,20.734785708638277,4.038383124506923,WPG,SSPG,0.092140608072839,0.42630607084368577,0.20320677695427328,-1.529158534486959,7,-2.972089180925183,586.5,4.4,30.9
0.24444674597721033,0.3203094304327518,U8,MN8014,20.666707128108705,4.016924769751077,WPG,SSPG,0.12072888649219693,0.43336369933181546,0.24898447207921856,-1.4834431606811902,0,-2.24751285101863,640.3,4.7,30.3
0.24942590226789435,0.3384986747550992,U8,VT8020,22.65320618551497,4.320638949860443,WPG,CPG,0.088645236604266,0.41911526227853857,0.21744489600240405,-1.4132155683902707,3,-2.2264909022152217,665.7,4.1,31.2
0.25662732530405685,0.3498342396415071,U8,MN8014,20.672755110533537,4.0298806092154,WPG,SSPG,0.09083430305894775,0.4239572826037935,0.21219282405882184,-1.2353715754656707,3,-2.3594734260260495,671.4,4.5,30.3
0.2645260318952906,0.3220924966959374,U8,MN8014,22.49322382312755,4.0384280457139035,WPG,SSPG,0.10995333668485449,0.42252699675718197,0.20003106491796482,-1.418133283959926,3,-3.2237961487171347,703.4,3.8,35.5
0.23578776022455133,0.32201923147348543,U8,MN8014,19.35758274039543,4.013841950382498,WPG,SSPG,0.10353290253796525,0.38603768319336507,0.20316195313909297,-1.4541235931779921,6,-3.402917989680704,773.5,4.5,34.6
0.24158709231312764,0.33452786016754765,U8,MN8014,19.516709301718684,4.736479337478131,WPG,CPG,0.08966544119248061,0.40364908882709716,0.21545462589913747,-1.411691130409427,1,-3.020572496599776,799.8,4.7,32.9
0.2398793485828691,0.3313932727671721,U8,MN8014,18.31517742759976,5.7472385781429205,WPG,SSPG,0.08803036549125647,0.3723517866905285,0.21925994604228619,-1.566537463760469,0,-2.0252723211871295,821.4,5.2,36.0
0.24949796592958473,0.3428270638811005,U8,MN8014,18.17108123340769,6.687503490227732,WPG,CPG,0.08249861994227099,0.392065943538327,0.22058158246428078,-1.5519918977718365,0,-2.943174912762764,853.6,4.8,34.3
0.2222121497569049,0.3121306574088623,U8,MN8014,19.01016953604762,4.73336763697698,WPG,CPG,0.10779704057341247,0.3952826223125724,0.201036406479745,-1.5097737369128208,2,-2.98199157924952,817.1,6.3,32.4
0.21661858772740025,0.313598606355569,U8,MN8014,20.584348721160495,4.917175621917801,WPG,CPG,0.09350443544797363,0.36975784318814053,0.20006352294507784,-1.4957856913158216,0,-3.5980471202792366,904.2,5.4,32.9
0.20865949706909803,0.3175627104629165,U8,MN8014,19.20784587812664,4.846846396302441,WPG,SSPG,0.08183763426035107,0.36633333996303935,0.2028786768063476,-1.568174361851321,2,-3.3244149787584547,834.8,5.7,29.9
0.2373252413068645,0.32468790383901736,U8,MN8014,20.354361807950568,5.245346648724736,WPG,SSPG,0.06953981757548781,0.37416814662485265,0.2022028807563231,-1.5522748445714158,1,-3.7458303508657966,872.7,5.3,31.9
0.22231734683573584,0.34554138965975295,U8,MN8014,18.039337767642905,4.484835587983435,WPG,SSPG,0.07198575845004465,0.3755507776512411,0.20201615243683974,-1.5258538673680277,7,-3.370622998141144,859.1,5.5,34.9
0.21598087747924727,0.34171115188900725,U8,MN8014,18.972288865035367,5.534080828831251,WPG,SSPG,0.05743681498076825,0.3668653563874143,0.2035717912163244,-1.5591895762862609,6,-3.458481470463987,881.2,4.6,34.2
0.24787393530534269,0.33847874294767555,U8,MN8014,19.265017125368132,5.11873140067915,WPG,SSPG,0.07227175128744649,0.40011862375086843,0.20689835663454043,-1.5514432235466853,3,-3.3262721236569703,874.9,5.1,36.2
0.25038834669411825,0.33757183982100153,U8,MN8014,17.612331242837698,5.503097219126178,WPG,SSPG,0.06283041938171108,0.3998642976279656,0.21348794104383947,-1.5407077203430721,6,-2.9390634593985876,853.4,4.6,37.9
0.2490792585331092,0.34609420333887386,U8,MN8014,16.70073466161282,5.178162744380164,CPG,SSPG,0.05587403895223302,0.39625122544047653,0.20579324769354831,-1.5410144377381336,4,-3.002541667983081,845.7,4.7,34.8
0.2391618705077192,0.3419809617040767,U8,MN8014,18.484638971130593,4.697829466542866,WPG,CPG,0.05533377344787458,0.38339285289639136,0.2006151924040031,-1.5422844432719283,2,-3.2102100214951843,846.4,4.6,34.5
0.24619970016014825,0.3383318122624502,U8,MN8014,18.277181934873475,4.8219845483839965,WPG,SSPG,0.050374668498327606,0.385108684954939,0.2002942176119137,-1.4839083656291616,6,-3.388017913327799,782.8,5.3,32.2
0.2454034405727153,0.3488274653146449,U8,MN8014,18.40384022745653,4.2244903426569245,WPG,SSPG,0.055901519291539706,0.37255535718693866,0.20113938440103715,-1.4045344675385587,6,-3.451312420939937,838.9,4.9,32.9
0.23955011165177187,0.3444718846084134,U8,MN8014,20.666224116444464,4.018945729210106,WPG,SSPG,0.0628180844070541,0.38636683183034454,0.22698956253995575,-1.4054553911632564,6,-3.6109119886332763,852.7,4.8,34.8
0.24086002351834956,0.342298055357452,U8,MN8014,19.66417164700605,4.629895222175305,WPG,SSPG,0.06147522434290895,0.3681892042065698,0.2021434997761299,-1.3484666288838867,0,-3.4627847946569545,872.1,5.9,31.6
0.2530036890131882,0.3431997159098545,U8,MN8014,19.02163000477195,4.986859609857004,WPG,SSPG,0.05223833530185869,0.3670882371878845,0.20193395048671453,-1.4245858576316128,5,-3.591857384962493,911.5,5.5,35.5
0.25131621260967085,0.3417673026381992,U8,MN8014,19.824287694652526,4.036105820939322,WPG,SSPG,0.05507828534579491,0.37722346410069524,0.2008977776876618,-1.3914691438084876,2,-3.650539251676854,879.8,5.2,34.7
0.2548254517354979,0.3498805556695419,U8,MN8014,19.31420368592225,4.417655523728829,WPG,SSPG,0.05505534392088053,0.37475889779615335,0.20186710040317662,-1.5341258252393424,5,-3.620714923347407,911.0,5.5,35.0
0.24284585786345325,0.3418908947932305,U8,MN8014,21.092169218316187,4.00438027640092,WPG,SSPG,0.050280885765626566,0.3687444005905158,0.20070397350399857,-1.522113675931577,6,-3.991861522039784,941.7,6.1,36.0
0.2590100338332856,0.3498882342786948,U8,MN8014,20.439551562355817,4.202176937662352,WPG,SSPG,0.06045386034159973,0.36855049595020295,0.20102861369140998,-1.5275908064162635,1,-3.7671905955410097,890.6,5.4,34.6
0.2625816440397933,0.3485761008340076,U8,MN8014,21.14192211391433,4.000337491834209,WPG,SSPG,0.062334003297986634,0.36616595921592227,0.21185677864952504,-1.5462944126460367,4,-3.772211507471333,937.0,6.3,33.9
0.23395109756935328,0.34071650287226923,U8,MN8014,22.289826498727486,4.289374576879212,WPG,CPG,0.05078753318808262,0.35591067093771855,0.20219427313686716,-1.4850067717342248,7,-3.7475410340621966,951.0,6.4,36.1
0.22710795338024878,0.3494389183659137,U8,MN8014,22.383695392931806,4.033610002886504,WPG,SSPG,0.05050332540940381,0.3585106910832554,0.20155940040228432,-1.5561372950798262,2,-4.271377116075257,988.3,6.5,35.4
0.22657562452817792,0.3308225274713072,U8,MN8014,23.613574362405476,4.441056198636025,WPG,SSPG,0.05807957776565109,0.3612797162425094,0.20402313599420227,-1.5065940115099747,2,-4.320230761434354,999.3,6.5,36.8
0.2351894801083605,0.34859045470735683,U8,MN8014,23.557963249146596,4.507607353008989,WPG,SSPG,0.050238517665142084,0.3774367764923711,0.2011822177978484,-1.5697309084316138,2,-4.351208956506467,968.7,6.7,37.9
0.21499654100631677,0.34782442662396923,U8,MN8014,24.56595529034897,6.079626481512089,WPG,SSPG,0.050424977750251496,0.3686341702830248,0.2000603951776166,-1.5418658911394758,2,-4.080601779037686,991.3,8.4,37.9
0.23017836402907912,0.3494058767871246,U8,MN8014,21.305821410329127,5.529126989075625,WPG,SSPG,0.055235653788325054,0.3807028158142317,0.20001129656215302,-1.5658059496688144,6,-3.898808591437543,977.5,6.7,39.5
0.24360832888626366,0.34373440191466714,U8,MN8014,22.393953351475535,4.728740820293681,WPG,CPG,0.05678396791875874,0.37322420862108213,0.2010119453364176,-1.5285976508391836,6,-3.691854221984425,999.8,6.3,40.5
0.22366297331370105,0.3478370880036842,U8,MN8014,20.553931049797146,4.000254334268126,WPG,SSPG,0.06019742698742256,0.36178615573560874,0.2097397070465483,-1.2307011560521124,3,-3.849539469945416,999.4,7.1,37.2
0.22653545842521183,0.349997094217705,U8,MN8014,22.5976190886724,4.392597085132979,WPG,SSPG,0.052810945265691245,0.3645955367480666,0.2002512558164049,-1.4355761829173912,3,-4.111492721715971,996.1,7.3,35.6
0.21630121518120016,0.34994642569206846,U8,MN8014,21.80857926611233,4.215734490633313,WPG,SSPG,0.051572363243822965,0.36779165226664245,0.20028554475322308,-1.5174715919822561,3,-4.163167958766898,995.3,7.6,37.1
0.19781262864053328,0.3462292578679593,U8,MN8014,22.47911052013714,5.387357558477237,WPG,SSPG,0.06310816231172091,0.3599449676009291,0.20086277688573032,-1.5167893705499176,0,-3.946997744346115,995.5,7.7,36.9
0.21110679952315622,0.349626746410551,U8,MN8014,22.65064914627416,5.2779105541734435,WPG,CPG,0.05194352166195114,0.3636562622618251,0.201589196831407,-1.5480074081256294,4,-3.8294192938013563,999.0,8.5,37.6
0.21281125999635392,0.34985728078643613,U8,MN8014,22.157204794775062,4.565299271532835,WPG,SSPG,0.05108829507788152,0.37041356171252093,0.20101976222619006,-1.5360596311267747,4,-4.030319009928823,964.3,6.9,37.4
0.210414144325151,0.34877049983392444,U8,MN8014,21.2482939746191,4.237226051736902,WPG,SSPG,0.05057923658994071,0.36477972978013445,0.200800364400974,-1.5223696923639796,7,-3.9918422479817774,993.4,7.9,39.2
0.21664234734428373,0.34632645495027203,U8,MN8014,21.19890476893589,4.481227753846991,WPG,SSPG,0.05699394845950239,0.3765525941236315,0.20779278722233047,-1.546069989913981,0,-3.9245830374435435,972.0,7.2,37.5
0.21778756747674688,0.3368772495766735,U8,MN8014,22.702645557018272,4.377883463744398,WPG,SSPG,0.053284860372863785,0.37595653306011256,0.2000460680887287,-1.5491726263603653,7,-4.177297414105661,998.3,7.7,38.9
0.22267559479296267,0.3499508194550437,U8,MN8014,21.083292760627284,4.481773169124294,WPG,SSPG,0.05076951450875023,0.3755386871874337,0.20005099701506615,-1.4968956169819234,5,-4.069043893053355,977.9,7.6,37.9
0.2165020133422644,0.3477420022332254,U8,MN8014,22.667807342798266,4.584823950173369,WPG,SSPG,0.050023753334219795,0.3759732875145528,0.20004620952035884,-1.517518226780602,6,-4.162783238904423,983.7,8.6,38.4
0.22785431937771194,0.34524987750886144,U8,MN8014,22.618728426623836,4.005540031695784,WPG,SSPG,0.05364686275605845,0.3772278227320538,0.2031978346519825,-1.5593640656582985,0,-4.089182950004551,997.9,8.0,38.9
0.22923276459312625,0.34627338481093706,U8,MN8014,22.927044375333107,4.203035187778759,WPG,SSPG,0.05087238094403992,0.3786207483987297,0.20464158654175152,-1.5474937039488785,3,-4.15572088385756,992.6,8.5,40.3
0.23421283664144343,0.34912238896444153,U8,MN8014,22.782731241454616,4.517136526875881,WPG,SSPG,0.05107745386033075,0.3711324666563623,0.2000075627080528,-1.5158060418624113,0,-4.107442886821335,998.4,8.3,40.4
0.22429946189066008,0.3420174990688329,U8,MN8014,21.77740175909936,4.223113112592021,WPG,SSPG,0.0529456635127005,0.3671856435131322,0.20066891582992483,-1.4900862232671455,6,-3.98423888007245,996.0,8.4,41.1
0.24293603448958234,0.3409212896315559,U8,MN8014,22.666563371080578,4.039574597338135,WPG,SSPG,0.05198405582135853,0.3793410672412265,0.20063890508019425,-1.468949939772128,7,-4.0833023108106605,999.2,7.9,40.7
0.23662910353860322,0.3278615247794876,U8,MN8014,24.160664475967895,4.769379053767174,WPG,SSPG,0.05038424981652611,0.3790792903372212,0.20000856735110722,-1.5424426945541156,2,-4.107070301449694,998.8,8.7,41.9
0.22865103730092262,0.333980878366115,U8,MN8014,23.56420617778893,4.190896431754672,WPG,SSPG,0.05060064992810361,0.370450201202937,0.2004794590028796,-1.520991646478236,1,-4.275436358067767,999.9,9.1,40.4
0.23636277465752337,0.3288166219609344,U8,MN8014,24.721357043584135,4.510349197019208,WPG,SSPG,0.05040722580440081,0.3887266379361566,0.2001900377618557,-1.5370932705411835,5,-4.101798883795576,999.5,8.6,41.3
0.23147104988209183,0.3409489162590903,U8,MN8014,24.56196621043039,4.315300779140645,WPG,CPG,0.05294930940455391,0.38026743038335686,0.20271931169216167,-1.5244243626878513,3,-4.245335974869189,1000.0,9.2,39.7
0.23264708611938195,0.3432481276085646,U8,MN8014,24.999957016692345,5.462328585285659,WPG,SSPG,0.05007947567323694,0.386816006522362,0.20172132730224426,-1.5464927006586755,7,-4.278104346811782,998.6,9.2,41.0
0.2335495481089776,0.340656956383047,U8,MN8014,24.979450654460155,4.429958802626986,WPG,SSPG,0.05000009596514844,0.3736358607102717,0.2000244553370907,-1.4594472685868802,1,-4.385572886260164,983.3,9.7,41.2
0.255516457302771,0.34998513590118197,U8,MN8014,24.994747478449415,4.0131093871470975,WPG,SSPG,0.051718108075921865,0.3682082502953317,0.20101282565728845,-1.535181626032616,5,-4.259199124047637,976.0,8.9,39.4
0.24984135960698128,0.3493179910754033,U8,MN8014,24.980741070482377,4.000009940717381,WPG,SSPG,0.051570471241857235,0.3726089558963156,0.20112153908510141,-1.568036456853593,5,-4.382129637864724,994.4,9.2,38.4
0.24738038815027275,0.3499388705339263,U8,MN8014,24.9502986993298,4.129306477112657,WPG,SSPG,0.0509147119207699,0.38118094719753043,0.20703601485578063,-1.554098489319322,6,-4.165858571097674,1000.0,8.5,39.7
0.24340528245669849,0.34999824948724556,U8,MN8014,24.61384307949269,4.071033146209601,WPG,SSPG,0.05001289377555121,0.3727559642936929,0.20144090622797775,-1.566228383303676,7,-4.18559159047097,1000.0,8.0,38.6
0.2540032629003805,0.3450948513944832,U8,MN8014,24.95880742539414,4.023065586440486,WPG,SSPG,0.059219968334104145,0.3765204693560972,0.20421935774901667,-1.5502288853206074,0,-4.302115340302883,999.9,8.8,38.5
0.25062085075875906,0.3371328321530247,U8,MN8014,24.246321711107797,4.028337061490622,WPG,SSPG,0.05146870577643479,0.38274324205776633,0.20004305862333038,-1.5609017591006882,3,-4.241229787462897,998.7,8.4,39.7
0.24087450107163888,0.34100241557419103,U8,MN8014,24.832327578645764,4.000050379158971,WPG,SSPG,0.05067511361942241,0.37289323978821454,0.20214264225815312,-1.5707882832974478,5,-4.262074371562811,987.0,9.2,38.6
0.24921803900724485,0.34462538329125825,U8,MN8014,23.912443346151193,4.001115426417374,WPG,SSPG,0.05059773220362297,0.3684287066898207,0.20047601017896755,-1.5635107645625812,0,-4.266974779472175,999.9,8.3,38.9
0.24166275127918585,0.3459140456654322,U8,MN8014,22.777992998689857,4.217078516086069,WPG,SSPG,0.05299368730299217,0.3672512546881338,0.20000273466212615,-1.5590289010607679,2,-4.260724804332311,998.3,8.4,37.2
0.25327031608677575,0.34799699774512904,U8,MN8014,23.60546417664711,4.790478928468897,WPG,SSPG,0.05102964954071318,0.3751822072113127,0.20002065277066192,-1.5691603793781188,7,-4.332525724287343,986.1,8.2,38.5
0.24952473123986513,0.3405802329465119,U8,MN8014,24.526673830663437,4.013596961429632,WPG,SSPG,0.05000254627438355,0.3807000577888597,0.2007116702365925,-1.569872364239629,6,-4.250958342205767,999.7,8.7,39.7
0.2543379373288007,0.3494643500648506,U8,MN8014,24.514982731571976,4.243597571162953,WPG,SSPG,0.05166414563103999,0.3827758767725,0.200001325405509,-1.5649188974014532,4,-4.223957066915304,994.6,8.5,38.9
0.2489616456760404,0.3489570992949402,U8,MN8014,24.59174041420618,4.2008295208855495,WPG,SSPG,0.055284260525199094,0.3853143561333669,0.2005567414959927,-1.5707958744915091,4,-4.235327745353127,995.4,9.1,39.2
0.24456260797454518,0.34966221229856775,U8,MN8014,24.468089308005837,4.000022559315916,WPG,SSPG,0.05176844162488485,0.3859438499073673,0.20003660486647049,-1.565760322651987,2,-4.227885856455897,984.6,8.9,38.8
0.2350497271933233,0.3490502258236073,U8,MN8014,24.963027018618245,4.012588873834008,WPG,SSPG,0.050087364571294306,0.3737971590868236,0.20016728488934932,-1.5628220837315954,5,-4.33660143554544,999.7,9.4,39.1
0.2430417295439626,0.34130846790695746,U8,MN8014,24.973704166040843,4.0003175995325995,WPG,SSPG,0.05037046573365652,0.38100122092600874,0.20063267473814794,-1.5652396563594964,6,-4.362073520258136,999.7,9.6,40.2
0.24740648254118253,0.3386643228035323,U8,MN8014,24.99236342627011,4.013423741043564,WPG,SSPG,0.05013152888504605,0.38019067210639784,0.20044212105715653,-1.5705527661693826,2,-4.327241030883913,996.7,9.3,39.3
0.24314143198813326,0.34349351791054306,U8,MN8014,24.998605582030777,4.013712242416288,WPG,SSPG,0.0523947132731952,0.38311550247426585,0.20182604993808761,-1.56978626308697,0,-4.372875002334885,999.6,9.4,38.6
0.24154569914064988,0.3468778276697285,U8,MN8014,24.972264874240455,4.0000749111259255,WPG,SSPG,0.05234844396458496,0.3749807628297894,0.20148485971126592,-1.5695537519899383,7,-4.35057708086784,998.1,9.6,38.4
0.2465479480777954,0.345980622973101,U8,MN8014,24.989785900431038,4.001016153030765,WPG,SSPG,0.057444714910139194,0.3772685329664687,0.20100820197213473,-1.5662801532730426,7,-4.409491567454863,999.9,9.4,37.9
0.23984326466139777,0.34520551391279797,U8,MN8014,24.997682440990708,4.029029886357998,WPG,SSPG,0.05216899109435794,0.3745193184336591,0.20115396673714758,-1.5626092046617024,6,-4.423224219239618,997.2,9.5,38.4
0.2353523739364231,0.3493141168280745,U8,MN8014,24.99673307074909,4.000532835362431,WPG,SSPG,0.054816387888265254,0.3735932761429838,0.20078079120748238,-1.563794331634214,4,-4.397101473599504,999.8,9.6,38.7
0.24452236716274034,0.34843015438002223,U8,MN8014,24.984909491314394,4.038172456172015,WPG,SSPG,0.05236525516557653,0.3764919702878468,0.20002719154732662,-1.5661952276800466,7,-4.404526216681335,1000.0,9.4,38.3
0.23889531556992993,0.3483375685686102,U8,MN8014,24.999371672446774,4.013662732885067,WPG,SSPG,0.050614240259782325,0.37126362947079283,0.20023423025423762,-1.5442596185404194,0,-4.447918901188029,999.6,9.5,38.7
0.23931149395503187,0.34875381356233015,U8,MN8014,24.99120031872884,4.018139665045163,WPG,SSPG,0.05077165245628352,0.367285395560331,0.20197869081136033,-1.539958357897396,5,-4.40113394254583,999.2,9.5,37.8
0.2421471791403283,0.34985968160128456,U8,MN8014,24.975554908977738,4.002607462459705,WPG,SSPG,0.05126461375951476,0.3701332424116394,0.20028068255420395,-1.5662091445644892,0,-4.432558041062331,999.9,9.4,38.2
0.24588757659276028,0.3486000785186125,U8,MN8014,24.998420165119928,4.00008653869623,WPG,SSPG,0.05158186951768075,0.37258795284079593,0.20010419963271217,-1.5353824290713969,3,-4.460618464161671,998.7,9.6,38.9
0.24749379011193584,0.34949950358777554,U8,MN8014,24.99081202813424,4.022172683022494,WPG,SSPG,0.054964283400600916,0.36992111591249666,0.20096363970314732,-1.508754762260936,2,-4.431864082688527,999.4,9.3,38.2
0.24292771376744204,0.34886597119382173,U8,MN8014,24.99915311342077,4.199078861623127,WPG,SSPG,0.054547326304605785,0.37327640845958504,0.20264270484143374,-1.5234576824720711,4,-4.399730963278408,999.9,9.7,39.1
0.2511226955447629,0.3499569369413817,U8,MN8014,24.966531015340102,4.0315555883402645,WPG,SSPG,0.052594254509055305,0.3709450365118627,0.2016186800827884,-1.5053665872756112,4,-4.401053740947045,999.4,9.3,39.1
0.24649379492722884,0.34964911344708893,U8,MN8014,24.99857824407978,4.2272830607217715,WPG,SSPG,0.050614459032255116,0.3689700804158849,0.2000356873049694,-1.5061267943367809,5,-4.360548569086809,999.7,9.6,39.5
0.2455309678776612,0.3496729747189296,U8,MN8014,24.98689128924393,4.379036957697422,WPG,SSPG,0.05081001876613716,0.37028848104159406,0.2017799733714443,-1.4677338789572363,2,-4.422547417572243,998.2,9.6,38.3
0.24081083728694108,0.3499949370099044,U8,MN8014,24.983972604317266,4.426436777498083,WPG,SSPG,0.050181037090047516,0.37345045734618104,0.2013905833513716,-1.521588300584239,4,-4.403475570053924,990.4,9.8,38.8
0.24979385273206578,0.34998125749079334,U8,MN8014,24.99427565127954,4.201301836235018,WPG,SSPG,0.058350650637716196,0.37128256404694066,0.20032092538425791,-1.5127070687673823,4,-4.431073214627348,997.3,9.6,38.6
0.241191309467865,0.34456421905234763,U8,MN8014,24.998116498538376,4.512658647552177,WPG,SSPG,0.05002501172147273,0.3710918576289652,0.20002648300310047,-1.5324341526038154,0,-4.4224312646667805,994.1,9.6,37.8
0.23831453256236934,0.3498858294356827,U8,MN8014,24.96770996483811,4.380624240127288,WPG,SSPG,0.05367398931795387,0.37332949808270255,0.20026681424686346,-1.5423392072220894,2,-4.37714766046377,998.5,9.9,38.2
0.23404083117672003,0.347382116487746,U8,MN8014,24.99018161343172,4.437551391381712,WPG,SSPG,0.05006667174160037,0.3791578236564977,0.20025207059405956,-1.5494803016561602,7,-4.428722943792154,990.5,10.0,39.2
0.23982762234313784,0.347927879681058,U8,MN8014,24.95008764183474,4.385150588871235,WPG,SSPG,0.05003332140921409,0.37317203577989155,0.2000448578847556,-1.501832481436443,1,-4.431579592451413,983.6,9.8,38.2
0.24303054182198425,0.34207910800942154,U8,MN8014,24.999623896481364,4.242603620336199,WPG,SSPG,0.05004183511556775,0.37651048156806577,0.20003827450442332,-1.518625522918216,0,-4.434169786466224,994.4,10.0,39.7
0.24300545123558803,0.34346954863945617,U8,MN8014,24.99934141449273,4.1935150124163485,WPG,SSPG,0.05005030156148375,0.3751234481602774,0.20169740148288662,-1.4839414997673166,6,-4.410325272737303,994.3,9.9,38.9
0.2482481309435075,0.34700301420566076,U8,MN8014,24.994488940950806,4.46411805582389,WPG,SSPG,0.05101389977576631,0.3706488317356773,0.20102961506101708,-1.4182996634180263,3,-4.349013815323316,993.4,9.8,38.5
0.2364711571805541,0.34283231770265177,U8,MN8014,24.989848219291364,4.546332755776847,WPG,SSPG,0.05000000009703225,0.37231378029129003,0.20027754899987138,-1.5139220378463458,2,-4.410718057260516,994.4,10.0,39.1
0.2459160762934166,0.3458054053961659,U8,MN8014,24.99476648525317,4.417330295105219,WPG,SSPG,0.050032216955119266,0.37956845245993054,0.20017602540687504,-1.5178698776250343,6,-4.368533604176948,992.3,9.9,39.2
0.250408101332974,0.3423810878441909,U8,MN8014,24.99554136057057,4.163815069679368,WPG,SSPG,0.0501760216279557,0.37436139276720326,0.20101596596243013,-1.4692630322973224,7,-4.391830347306168,998.2,9.9,38.5
0.24561898201448923,0.34698723618734273,U8,MN8014,24.997633123370857,4.357914413368004,WPG,SSPG,0.05013964589687159,0.37806621645089,0.20063352714795282,-1.5038001966233567,4,-4.396258033091536,995.2,9.9,38.0
0.25147538922262563,0.34783040730704073,U8,MN8014,24.977566359106227,4.770643153466748,WPG,SSPG,0.05076863637711957,0.3739653592075632,0.20005770078053994,-1.4740056687276448,0,-4.305461897709478,993.3,9.8,38.6
0.24696150952065432,0.34785643316758535,U8,MN8014,24.95294703898885,4.4286784256487435,WPG,SSPG,0.05129996033615795,0.3745574018228181,0.20062303747528096,-1.4588396301368736,5,-4.362531055724654,990.5,9.8,38.0
0.24655578774695658,0.34910088494462843,U8,MN8014,24.99875274084809,4.398783573497838,WPG,SSPG,0.050748243924155535,0.37291281700924006,0.20087195409176115,-1.5153801350074156,7,-4.372632503106896,994.3,9.6,38.5
0.2493792998128775,0.3494113563667723,U8,MN8014,24.99300350052632,4.403729511765681,WPG,SSPG,0.05006975368292611,0.3739713919364736,0.2014361069643854,-1.49622169531973,6,-4.402931245588999,995.1,9.6,38.2
0.24342395430790162,0.346678030364932,U8,MN8014,24.960781793528277,4.192742691383829,WPG,SSPG,0.050522289663952835,0.3695001026750356,0.20077397821020496,-1.5336191748932118,5,-4.41308247853218,995.2,9.8,38.4
0.24429713688990976,0.34833391955630755,U8,MN8014,24.99991130628613,4.221748709495414,WPG,SSPG,0.050151463744843604,0.37341950557849435,0.2000789626412551,-1.521140886871301,2,-4.447462340442744,996.6,9.8,38.7
0.2445630161954772,0.34503344047312845,U8,MN8014,24.999765636471256,4.440460077425721,WPG,SSPG,0.05044500252853942,0.3664681482459702,0.20000931894104493,-1.516970873214414,7,-4.436949335080815,998.6,9.8,38.7
0.24285403678381007,0.34794340628532605,U8,MN8014,24.979042317055377,4.21553168141726,WPG,SSPG,0.050527197230379996,0.3698622730049835,0.2000008661837638,-1.5303897067552765,7,-4.424122583957521,996.9,9.8,38.6
0.23667762193920483,0.34653015236100565,U8,MN8014,24.998684890447922,4.371540643951313,WPG,SSPG,0.05038370171195497,0.3694243624470722,0.20014903614126253,-1.5399614051101995,5,-4.447167817470847,998.0,9.9,38.4
0.24171012029088146,0.34841412171782704,U8,MN8014,24.99479038753159,4.467419676448212,WPG,SSPG,0.050145174486120166,0.3734268762161409,0.20004814424381506,-1.5334725731596732,6,-4.410557615802837,998.7,9.8,38.5
0.24417040581272734,0.34890955478748265,U8,MN8014,24.990125099851703,4.223724820144686,WPG,SSPG,0.05037244418275794,0.3746142426426541,0.20009448009238337,-1.5269895779253055,2,-4.435005848329773,998.2,9.7,38.3
0.23950986984791964,0.3445145494604176,U8,MN8014,24.993856292177025,4.198680995130472,WPG,SSPG,0.05098504367837243,0.37372201122482707,0.2000156346918241,-1.5503948622053008,5,-4.444284602562899,999.1,9.9,38.5
0.24067824176976743,0.34564258281352095,U8,MN8014,24.99596563939763,4.168642796368183,WPG,SSPG,0.050120962006255,0.3750970030833766,0.2001222887739271,-1.540511505960855,4,-4.459450704908361,999.6,9.9,38.9
0.24312362173034857,0.3478784142382326,U8,MN8014,24.98634439554121,4.224385639551139,WPG,SSPG,0.05003828549454231,0.3720648899632094,0.2007273599226291,-1.5242214562927088,4,-4.4338662743052275,999.4,9.8,38.6
0.23746627817760868,0.34710170432159515,U8,MN8014,24.975948052893305,4.19736839318467,WPG,SSPG,0.05007990097692296,0.3744624189958547,0.2003495234557862,-1.5277654906599363,0,-4.4359389252557495,999.9,9.8,38.5
0.23882796921167948,0.3485302107810675,U8,MN8014,24.99864886902444,4.414241718051653,WPG,SSPG,0.050001130762035294,0.3719658223236697,0.20000908007353707,-1.5308595202695878,2,-4.491977780525422,999.9,9.7,38.8
0.2403789236198089,0.34638923860635773,U8,MN8014,24.99350973475042,4.420136264873976,WPG,SSPG,0.05000816158905856,0.3743666044442501,0.2000399828043878,-1.5560635792147577,5,-4.463986681856888,999.8,9.6,39.0
0.2399578841001938,0.3432454127601814,U8,MN8014,24.98472923796563,4.248876044707278,WPG,SSPG,0.05029428465445647,0.3751209614154385,0.20003516945261943,-1.5557021973976424,6,-4.391461122569346,999.2,9.8,39.4
0.23567625580007961,0.3446666982083333,U8,MN8014,24.980985855186695,4.231020390041581,WPG,SSPG,0.050131721389534874,0.37332729084457206,0.2003513662479846,-1.5473693644739648,2,-4.433082587149059,999.8,9.7,38.3
0.2345595765339074,0.34490111392417677,U8,MN8014,24.98100410205388,4.364976888410143,WPG,SSPG,0.05018032476517789,0.3704233399265489,0.2001466060558955,-1.5616140570394763,6,-4.447674574340985,999.4,9.7,37.9
0.23832122713684267,0.34435911724796897,U8,MN8014,24.974785560716096,4.203705126653299,WPG,SSPG,0.05018653593386036,0.370091443415428,0.200771737938065,-1.5657078262713189,1,-4.443217185650779,997.6,9.6,38.1
0.23921405633054998,0.34956104756410866,U8,MN8014,24.97495602010063,4.191971687937813,WPG,SSPG,0.050013373117379724,0.3665570013661079,0.20009376496614142,-1.5631061972405573,2,-4.45087276485763,998.3,9.5,37.1
0.23457417352787951,0.3472138558507751,U8,MN8014,24.952093922520366,4.2278821191247875,WPG,SSPG,0.05000793774183778,0.36990130931130727,0.20110362542103388,-1.5660680458489837,7,-4.459619076382005,999.2,9.4,37.3
0.23353937361889793,0.349705945742242,U8,MN8014,24.99838093350271,4.373911107265023,WPG,SSPG,0.05023513981104797,0.37050820212416957,0.20050482645758747,-1.5634256621628517,4,-4.465621771632032,1000.0,9.5,37.0
0.23610524694180124,0.34843804239187703,U8,MN8014,24.960624755407494,4.234690475562309,WPG,SSPG,0.05096775871561658,0.36683189119068904,0.20041267563172707,-1.555897694899995,3,-4.426663495696408,999.7,9.4,37.0
0.23367810494168198,0.3473544420302857,U8,MN8014,24.999279999597306,4.241427744084986,WPG,SSPG,0.05085770099837197,0.3718670300752335,0.20102642078776958,-1.55093954259502,4,-4.448385135896965,1000.0,9.8,37.5
0.23339824035492296,0.3481730122594131,U8,MN8014,24.991693948635042,4.357706488248598,WPG,SSPG,0.0522303609668248,0.3692560436103046,0.2021675709965745,-1.5619889753889,5,-4.4598211222784645,999.9,9.5,37.3
0.2355027608889242,0.3490427443347559,U8,MN8014,24.990941364425314,4.355845529492558,WPG,SSPG,0.05163543694170459,0.3711568270857494,0.2008778953804366,-1.5551441492260276,1,-4.448909105570921,999.9,9.7,37.9
0.23615150101225935,0.34942414483822537,U8,MN8014,24.992729499447734,4.440878650978779,WPG,SSPG,0.05000009072696872,0.3695028544369664,0.20019703577211248,-1.5547150141021018,7,-4.451944411813534,999.7,9.7,38.3
0.2377140639788284,0.34942616738534027,U8,MN8014,24.999352714222514,4.237766875790531,WPG,SSPG,0.050002878427834366,0.373986820405983,0.2015816531024394,-1.5633986589530735,6,-4.4387909527263805,999.8,9.7,38.3
0.2351130925014438,0.3492487977403968,U8,MN8014,24.989796062392024,4.245399154821723,WPG,SSPG,0.05000033463587457,0.37103590001130604,0.20047963959132778,-1.5658456493476884,2,-4.455588649228826,999.8,9.8,37.5
0.2392848519109212,0.3496593266069166,U8,MN8014,24.994708182101913,4.208975681554551,WPG,SSPG,0.050004149210452604,0.36836534134115256,0.20045277958414118,-1.565717412411666,0,-4.408201048307465,1000.0,9.6,37.6
0.23822087055599983,0.3493492791112313,U8,MN8014,24.989254855495947,4.227266749744013,WPG,SSPG,0.050493916996199734,0.3706791620702198,0.2002466229234718,-1.56895941327261,5,-4.374784469609587,1000.0,9.6,37.9
0.23771322217901675,0.3480676125660845,U8,MN8014,24.999866886907448,4.235115440555727,WPG,SSPG,0.052040941358263565,0.3701377809674824,0.20171475804792577,-1.560643676592098,0,-4.432498507339647,1000.0,9.8,38.3
0.23985114497906662,0.34993905619526905,U8,MN8014,24.983631993364117,4.1547871366217715,WPG,SSPG,0.05025898041381434,0.3692678657363751,0.2002568131123515,-1.5631219402184389,7,-4.4197203672218315,1000.0,9.6,37.7
0.23787890726826932,0.34995916877467603,U8,MN8014,24.997066506520188,4.2345339448145305,WPG,SSPG,0.05037334583350288,0.3684811545951455,0.20047709459458232,-1.5600270971782109,3,-4.418907089734811,1000.0,9.8,37.4
0.24180818043466518,0.349972030870037,U8,MN8014,24.98435711378955,4.181319025179248,WPG,SSPG,0.0511776135726171,0.3687401717075693,0.2006208021604745,-1.5598200164919223,3,-4.477243687877065,999.9,9.5,37.2
0.24201157524289724,0.3499957164149604,U8,MN8014,24.978521478174734,4.160057721446902,WPG,SSPG,0.05170869535301313,0.37094195294930965,0.2006447751885779,-1.550158817412116,1,-4.447904962453416,997.2,9.6,37.3
0.23689625413443555,0.3496250020080609,U8,MN8014,24.990993172242383,4.247862177525564,WPG,SSPG,0.05030675696302429,0.3729757550550309,0.2009949581665433,-1.5583211322097454,1,-4.443987939314077,999.5,9.8,37.8
0.24417649878381392,0.34979920958829214,U8,MN8014,24.996648736792167,4.169639927231379,WPG,SSPG,0.0505024468112352,0.37228544066519953,0.20117563673703062,-1.55035294988397,3,-4.439715360733683,997.6,9.7,37.9
0.2423438010420847,0.34999255610429414,U8,MN8014,24.999549662440906,4.215749192278798,WPG,SSPG,0.05100629622088344,0.37156524044621114,0.2004436706052677,-1.5518115522096432,3,-4.4485810065215645,996.6,9.8,37.5
0.243637918386164,0.34995840818791796,U8,MN8014,24.997304960882392,4.2013315443706345,WPG,SSPG,0.051084277443905014,0.37411291056019996,0.2019241602510844,-1.559980597768908,4,-4.445525634466726,997.9,9.8,37.7
0.24290784438114374,0.34963328194796567,U8,MN8014,24.999983602102475,4.2406939626692335,WPG,SSPG,0.051728952880957045,0.3740085952610034,0.20235771857151338,-1.5546446933445905,1,-4.420004998211073,995.8,9.8,37.8
0.24421784267817317,0.34933631814081484,U8,MN8014,24.99949232957415,4.225689372697645,WPG,SSPG,0.05088137257692155,0.37546953737570576,0.20243995900259626,-1.534575100518336,0,-4.438919038794275,992.6,9.8,38.0
0.24547379699815614,0.3495824513167905,U8,MN8014,24.986926477995098,4.181707055320081,WPG,SSPG,0.05263629086148404,0.3755517221505884,0.20239290151427544,-1.5255517070466647,7,-4.341506185090482,990.2,9.9,37.0
0.24400437203801525,0.3493807646965623,U8,MN8014,24.999414888255043,4.166910901382944,WPG,SSPG,0.05081188463520175,0.37615276857579016,0.20112899221641217,-1.5393028279490308,0,-4.406086375300514,991.3,9.8,37.6
0.24475403689034825,0.3484099176120669,U8,MN8014,24.999423831649043,4.242632068089393,WPG,SSPG,0.05060055066921038,0.3740666550078665,0.20256418463324713,-1.5462144032816794,5,-4.386085708812676,994.3,9.7,37.0
0.24657388731398672,0.3492340223253644,U8,MN8014,24.980433398791988,4.16114076135135,WPG,SSPG,0.05023894852354179,0.3737627354088924,0.201314631333302,-1.5366730651472462,5,-4.4024643657356695,992.6,9.7,37.4
0.24173489559056238,0.347240285958056,U8,MN8014,24.994813366971787,4.219411376392805,WPG,SSPG,0.050821536269825086,0.37527581943791916,0.20330528004741716,-1.5313574100436698,1,-4.408519362722489,992.1,9.8,37.3
0.2411161085397352,0.34791279810800774,U8,MN8014,24.989486267301622,4.179813498609175,WPG,SSPG,0.05000086638147452,0.37461033099231533,0.20077462145952307,-1.5233749072080898,7,-4.406111965429009,995.1,9.9,37.5
0.2364660051956708,0.34820386465794206,U8,MN8014,24.990634950425807,4.234704781063432,WPG,SSPG,0.05028132018714516,0.37292714688995837,0.2007036912309779,-1.5322063999151347,7,-4.399820350472991,996.9,9.9,36.8
0.23602450664100447,0.3473146284810423,U8,MN8014,24.971400480270425,4.290736633569099,WPG,CPG,0.05021569058203134,0.3703745649342976,0.2003527802391083,-1.549804465356618,1,-4.361166203188198,999.2,9.8,37.2
0.2414873453247831,0.3489434510586723,U8,MN8014,24.98779776996684,4.412740799145111,WPG,SSPG,0.05001609992748664,0.36563241759869797,0.2009831568604472,-1.5345911792172449,7,-4.43938067932298,998.8,9.6,36.6
0.2358247245056747,0.3490579987079126,U8,MN8014,24.995979882755996,4.2497849330385025,WPG,SSPG,0.05016331467306629,0.36692380827672366,0.20121834409493475,-1.5560112688005965,0,-4.428820256871504,999.8,9.8,36.6
0.23412687545528726,0.3483181158123968,U8,MN8014,24.99998687968706,4.434934604993947,WPG,SSPG,0.050030506453508795,0.3693521077767053,0.20228873223285224,-1.553136800058297,7,-4.392773900273799,999.6,9.8,36.3
0.23878408695488024,0.3499079505745535,U8,MN8014,24.992791388716476,4.457426419064239,WPG,SSPG,0.05010675847449884,0.36850515606211554,0.2028815473395318,-1.5399517102801807,7,-4.368004689355116,998.6,9.7,35.9
0.2343772827664546,0.34937636700199415,U8,MN8014,24.98752324080861,4.365593284869711,WPG,SSPG,0.0506321459219464,0.36722493928175337,0.20120334936901313,-1.5485247890862495,1,-4.341555552756834,999.9,9.8,35.6
0.236238265427973,0.34996981462086607,U8,MN8014,24.987517043498187,4.3986888833764235,WPG,SSPG,0.0500028553182444,0.3664391773685891,0.20232974439519097,-1.5612306359980221,5,-4.445518396395627,999.9,9.5,36.3
0.2316132033848108,0.34951764878806046,U8,MN8014,24.97069640420542,4.406541374351032,WPG,SSPG,0.05003550602667686,0.36602817948399624,0.20341134339937333,-1.5652706808307928,2,-4.4038662359556895,999.8,9.5,35.8
0.22735018233646684,0.3496745673136737,U8,MN8014,24.963050794179427,4.434073161962739,WPG,SSPG,0.05030707524011198,0.3619077402710756,0.20139187026481187,-1.5614987716186912,3,-4.3620584541641545,997.4,9.4,35.6
0.23787584118209099,0.34969283595702966,U8,MN8014,24.9618106799795,4.405378125479784,WPG,SSPG,0.05207731350989239,0.3675477475522344,0.2012074366906707,-1.552244891054128,6,-4.367642344459975,999.9,9.5,35.8
0.23687580221116794,0.34929848390845464,U8,MN8014,24.99498223371477,4.467156958386384,WPG,SSPG,0.052348580973333954,0.36520820387828157,0.20153168563401705,-1.5564502379466219,7,-4.381387455452527,999.8,9.6,35.3
0.23453186865943176,0.3499323825469588,U8,MN8014,24.969622080046097,4.3789428326238,WPG,SSPG,0.05138197628767878,0.36571420507182023,0.2004402398732373,-1.5583002628219254,5,-4.473627951714327,1000.0,9.7,35.7
0.23437102954237943,0.3497171409001182,U8,MN8014,24.986030395296407,4.434215981714858,WPG,SSPG,0.05274798557482891,0.36630655631566233,0.20018279256354374,-1.5495060827941844,5,-4.446356521272552,999.7,9.7,36.0
0.23515342736380057,0.3499963910748868,U8,MN8014,24.98785343973286,4.417230435127939,WPG,SSPG,0.053785250755922734,0.365605421750536,0.201735783321707,-1.5549699984810477,7,-4.428361638762913,999.9,9.8,36.3
0.24107311606863496,0.3495435102423041,U8,MN8014,24.994308862231783,4.365387496178473,WPG,SSPG,0.053778771888667865,0.36749109750468606,0.20041105473162088,-1.5483403326879268,6,-4.424378015171081,1000.0,9.7,36.4
0.24278695316137155,0.3475066570456999,U8,MN8014,24.988735415997887,4.364371252717878,WPG,SSPG,0.0576698917102002,0.36897023335339296,0.20042567849515844,-1.54316246804646,5,-4.411883231202657,1000.0,9.7,36.5
0.2463522279941584,0.3487114713954878,U8,MN8014,24.973934382529492,4.527232625065527,WPG,SSPG,0.0537742209796051,0.3726221224846589,0.2013811339911671,-1.5340643145343644,1,-4.382793927617094,997.3,9.4,37.1
0.24038797512328974,0.34895350696426874,U8,MN8014,24.975556288861203,4.442768621388758,WPG,SSPG,0.051501381879042046,0.36708946300329975,0.20148031395089422,-1.5387319108296116,3,-4.413656950113735,1000.0,9.4,36.5
0.24420768184628477,0.3490325646753029,U8,MN8014,24.996200428112356,4.409581293058278,WPG,SSPG,0.05369029067107748,0.3672811625994923,0.20122947541714503,-1.5361713100027516,7,-4.4463251696813835,1000.0,9.4,37.1
0.24109052762100694,0.3488968852666555,U8,MN8014,24.99530622481252,4.376564502616384,WPG,SSPG,0.052038602313986326,0.368429727197943,0.20047246001565133,-1.5367780593147748,6,-4.471609251553513,999.9,9.6,37.5
0.23776917066077954,0.3497019439704392,U8,MN8014,24.9770120510184,4.387370894574561,WPG,SSPG,0.05401729577466809,0.36767952776265056,0.20031033766403017,-1.5354403734922526,5,-4.472925968609729,999.9,9.7,37.1
0.2379020472768052,0.34843965345292993,U8,MN8014,24.98762168462283,4.4010080738312345,WPG,SSPG,0.05656675813765314,0.36582281033808894,0.20047006307056767,-1.5472538080892857,1,-4.458569484441078,998.8,9.6,36.8
0.24113166432423333,0.34789044939195135,U8,MN8014,24.99333477271334,4.4010311877183765,WPG,SSPG,0.05566838944178071,0.36961603511807506,0.20002957204786861,-1.5378892197133391,4,-4.469721673603473,999.8,9.8,37.6
0.2445862815906532,0.34868142766419885,U8,MN8014,24.982875197461556,4.418981441311071,WPG,SSPG,0.054050900581256424,0.371170376520191,0.20049358131727976,-1.5497185193288614,0,-4.485164683344658,1000.0,9.5,38.0
0.2394759887594209,0.347955338809074,U8,MN8014,24.999300184182168,4.373117229931108,WPG,SSPG,0.05823879881148787,0.3691624893269224,0.20008452843233074,-1.5498229953455764,4,-4.458314090735049,998.8,9.8,37.6
0.24062161485051434,0.3476734092498863,U8,MN8014,24.99270380700964,4.54953838347568,WPG,SSPG,0.058512170998689876,0.3678332041520644,0.20037386269078494,-1.550751610764118,1,-4.438178953835804,999.3,9.7,37.4
0.2385902528837454,0.34714195460911634,U8,MN8014,24.997368609310946,4.539781418755707,WPG,SSPG,0.05636077304574237,0.36784768885595487,0.20095989842073034,-1.5529645395449467,5,-4.427693607411163,999.7,9.6,36.7
0.235582362085012,0.3492436751415779,U8,MN8014,24.98092154022052,4.473372805968278,WPG,SSPG,0.056344635918795447,0.36719591982216254,0.2006298700965044,-1.5438162577658936,2,-4.4131657038661025,999.8,9.7,36.6
0.23716389876544236,0.34898493310493894,U8,MN8014,24.997190044165745,4.431588454213008,WPG,SSPG,0.0582949946630163,0.3683391089538061,0.20023890485589735,-1.5472993586167296,7,-4.440444665502646,999.4,9.8,37.0
0.2369839789957798,0.3491640687433196,U8,MN8014,24.99372118690471,4.447708566346975,WPG,SSPG,0.059565922564936105,0.36803162340096784,0.2002135966952946,-1.535194836817946,7,-4.479320646741941,999.7,9.8,36.8
0.23581286767998,0.3495599674408847,U8,MN8014,24.98157939309918,4.410791708960067,WPG,SSPG,0.0588281138165523,0.3668232389771385,0.20035823823450813,-1.5296012490642434,6,-4.449597492954215,999.9,9.7,36.5
0.2355357803414609,0.3493627792102082,U8,MN8014,24.986738158403128,4.40402983744201,WPG,SSPG,0.059213970393840014,0.36595687736442417,0.20024184712025472,-1.535240091072378,7,-4.456128279972274,998.7,9.8,36.5
0.23508139781257525,0.34991063461255006,U8,MN8014,24.99400233353776,4.416358386808888,WPG,SSPG,0.05634079914434681,0.36619339594961564,0.20073906424289137,-1.52565344839664,7,-4.468436020541402,1000.0,9.7,36.6
0.2363929169686423,0.3493922070254728,U8,MN8014,24.995185194831556,4.447566410844555,WPG,SSPG,0.0592730772545922,0.36721506590066444,0.2001994185042438,-1.542141782735606,1,-4.4645351353716585,999.4,9.7,36.7
0.23549299443913935,0.34888491272582867,U8,MN8014,24.996334948307027,4.406560082207507,WPG,SSPG,0.058501577917748654,0.365423401721929,0.20041866453592877,-1.5418758199988543,5,-4.471320702684231,999.3,9.7,36.4
0.23580413190129762,0.34930746839604454,U8,MN8014,24.999961157905442,4.37137650471732,WPG,SSPG,0.05831012017985261,0.3665686669697914,0.20060394064683973,-1.5327444879386107,4,-4.470765295194429,999.4,9.8,36.5
0.23688503795768534,0.3490216604636656,U8,MN8014,24.99799352100415,4.3619992194883235,WPG,SSPG,0.05596825987738986,0.3668732110066152,0.20056814954190064,-1.5431511345506408,4,-4.47319147046589,999.7,9.8,36.6
0.23610707979614648,0.34907522850769374,U8,MN8014,24.997193949834696,4.356737413242721,WPG,SSPG,0.0549647327582217,0.36731702872827265,0.20121258182387197,-1.5461054751288568,5,-4.47050522992966,999.8,9.7,36.4
0.2362819966573735,0.34866156311304825,U8,MN8014,24.99600579699966,4.400980007131934,WPG,SSPG,0.05747608457844585,0.36605920098772127,0.20051816785001386,-1.5429027517802951,7,-4.463897577747485,999.8,9.7,36.4
0.2364052434225205,0.34692850106406203,U8,MN8014,24.99894533998036,4.400995979437726,WPG,SSPG,0.05838518020251474,0.3666524532099095,0.2004791761755486,-1.5506663779388992,6,-4.473632291068952,999.2,9.8,36.3
0.2339540770796279,0.34830160899108265,U8,MN8014,24.999951525015643,4.35351199419788,WPG,SSPG,0.055717987087315776,0.3650680704306488,0.20062013001709061,-1.5498391391934394,0,-4.455782875775883,999.2,9.7,36.1
0.23540494352015914,0.34833777283274814,U8,MN8014,24.99955406163655,4.383229522702546,WPG,SSPG,0.05623693596241656,0.3661812816641118,0.20080223234151287,-1.5479667914892261,0,-4.4613563721171445,999.2,9.7,36.2
0.23615702526343385,0.34784259650826643,U8,MN8014,24.99993369390244,4.355099547397738,WPG,SSPG,0.05622518561528481,0.36689858232959327,0.20081451369638514,-1.5461151205621202,7,-4.470777211507578,999.5,9.7,36.1
0.2345550823116766,0.34763690711569417,U8,MN8014,24.999185076658208,4.402082449301281,WPG,SSPG,0.056968284188084806,0.36554564067783885,0.20025942423969792,-1.5469875720502855,5,-4.468329275633824,998.7,9.8,36.0
0.2348024103427192,0.3481056033677559,U8,MN8014,24.997984629516807,4.351484058578412,WPG,SSPG,0.05609002821974883,0.3661741243008455,0.20068422746511935,-1.5518054953598268,0,-4.466874746230134,999.2,9.7,35.8
0.23509782050405098,0.3481083779644557,U8,MN8014,24.99834094344461,4.358436747137182,WPG,SSPG,0.05604866273901911,0.3661825056987684,0.20048517968883414,-1.5450857840697265,2,-4.4692662684265905,998.9,9.7,36.0
0.2348877828141115,0.3480216122042725,U8,MN8014,24.99517706850824,4.387818688043652,WPG,SSPG,0.0567722851367512,0.36704435725192347,0.2006327251207257,-1.5470454264597067,0,-4.459550204427819,999.2,9.7,36.0
0.23398057372373904,0.3474175156588263,U8,MN8014,24.99395209252014,4.373014037189996,WPG,SSPG,0.05746737525733688,0.3660448084884538,0.20056857536397027,-1.5497471745304636,6,-4.459648141646788,998.8,9.7,35.9
0.2345558423071383,0.3473185523959872,U8,MN8014,24.996512995117694,4.379650617975696,WPG,SSPG,0.05536936914185749,0.36586960973960675,0.20058910608025005,-1.5470993018188712,6,-4.465205998916144,999.6,9.7,35.9
0.23496849553525143,0.3468807510321581,U8,MN8014,24.997669012009638,4.391697460340848,WPG,SSPG,0.056736332711706805,0.3659126583222997,0.200404233101822,-1.5419480173124769,2,-4.463775434721935,999.4,9.8,36.0
0.23508841281907222,0.3469976331641782,U8,MN8014,24.998614350818475,4.362940986731319,WPG,SSPG,0.05580935555396246,0.3664580028415797,0.20054370415475295,-1.5450227353821129,0,-4.46179109366604,999.5,9.7,36.0
0.23586757190459867,0.3466363139791282,U8,MN8014,24.99784354860997,4.3647328210983005,WPG,SSPG,0.05820679363788638,0.367095054134099,0.20031731042591647,-1.5400123635615335,1,-4.458211646441862,999.3,9.7,36.1
0.23537142445570813,0.346779861462411,U8,MN8014,24.997098920364834,4.36200782979163,WPG,SSPG,0.05741929175215318,0.36647313916984325,0.2002354691780214,-1.5433591540695923,0,-4.463352710219679,999.0,9.7,36.1
0.23397932602734633,0.3458901459954367,U8,MN8014,24.998325135153678,4.358917923527674,WPG,SSPG,0.05666771403037326,0.3656644354929547,0.20019244627769997,-1.5425889530173098,2,-4.458426456221517,999.0,9.7,35.9
0.2360105062828902,0.3465707447506866,U8,MN8014,24.995820487032777,4.367494644083183,WPG,SSPG,0.05690582922129043,0.3666093240266541,0.200308156907274,-1.544743149946511,1,-4.471351678687206,999.1,9.7,36.2
0.23646800763229114,0.346821625721504,U8,MN8014,24.999590242682892,4.379705433276878,WPG,SSPG,0.05598427281019173,0.3666670210691796,0.20052713613300846,-1.5383006438250482,6,-4.4700806827378265,999.6,9.7,36.3
0.23598151647902071,0.34682694440708395,U8,MN8014,24.999219263897405,4.3738910166277005,WPG,SSPG,0.05414434715447559,0.36691392194757844,0.20051009991031313,-1.538724336343422,4,-4.47247808404466,999.8,9.7,36.2
0.23684186201846674,0.34720421103202814,U8,MN8014,24.998911372671465,4.387076100763654,WPG,SSPG,0.05527321627750431,0.3670946050142249,0.2003493697194215,-1.538086450275755,1,-4.463684509918442,999.8,9.7,36.3
0.23693329046321832,0.3472988975468747,U8,MN8014,24.99999432565528,4.404752045960003,WPG,SSPG,0.05449250328634948,0.36796781759789815,0.20049461616955846,-1.5373617982315997,6,-4.475190440603448,999.9,9.7,36.3
0.2372645351137978,0.34723918026525047,U8,MN8014,24.99983321069108,4.354118621421994,WPG,SSPG,0.054787244647527905,0.3677763088632428,0.2003854604260765,-1.5393605348406192,6,-4.476832621265823,999.8,9.8,36.3
0.2377638321195767,0.34668980447755104,U8,MN8014,24.999891995676318,4.3774887247242456,WPG,SSPG,0.05528263160741288,0.36799455431906847,0.20026758014287502,-1.5373556747723218,0,-4.471215030396005,999.8,9.8,36.5
0.23758020925325646,0.3469981774834824,U8,MN8014,24.99939136324035,4.39865910494743,WPG,SSPG,0.05585849634016517,0.3674406026546295,0.20027728912585935,-1.5358136485590124,0,-4.482846310329483,999.6,9.8,36.5
0.2384564950663201,0.3462206290059987,U8,MN8014,24.99988052205878,4.353991382777544,WPG,SSPG,0.05565508429155482,0.36779236094934553,0.20031184529116622,-1.540709474783939,0,-4.476334020004124,999.6,9.7,36.5
0.23791242015377817,0.3464560838000642,U8,MN8014,24.999402894316724,4.356449541040042,WPG,SSPG,0.05592489743169128,0.36734686449370374,0.2002485578774975,-1.5368331055663578,5,-4.475316931940867,999.6,9.8,36.6
0.23904012461559898,0.3464142628745025,U8,MN8014,24.995835731035267,4.386827416806744,WPG,SSPG,0.05602276522047239,0.36773933214577337,0.20044330144891195,-1.5396038472707934,1,-4.483219726468036,999.7,9.8,36.7
0.2396001533267867,0.3461413587975806,U8,MN8014,24.997734091457776,4.380656374997738,WPG,SSPG,0.05588958840019985,0.3683707129100765,0.20037323626505005,-1.5399053725805418,4,-4.484718536368121,999.8,9.8,36.8
0.23780351409838288,0.3461698378190246,U8,MN8014,24.99600505673583,4.3772161560935485,WPG,SSPG,0.05611714726668199,0.3672839245186148,0.20026173588072357,-1.540259830211666,7,-4.482607413174554,999.2,9.8,36.6
0.23916680786280498,0.34566568224713906,U8,MN8014,24.995863544750765,4.374057659626075,WPG,SSPG,0.05583845169831664,0.3681641114225871,0.2003353915006668,-1.5409694238593485,6,-4.479518258796469,999.8,9.8,36.8
0.23855782386588065,0.3467638641781395,U8,MN8014,24.993690282063927,4.369256598972721,WPG,SSPG,0.05399159936378735,0.3674055014398604,0.20057472720451724,-1.545528621869366,6,-4.486578823756581,999.7,9.7,36.6
0.23795150858780684,0.347188938000741,U8,MN8014,24.99864775067926,4.367439213150729,WPG,SSPG,0.05428874325058373,0.36799945903478914,0.20049924485458998,-1.5428884253424913,4,-4.481016787406453,999.8,9.7,36.5
0.23886075306254945,0.3465095519137818,U8,MN8014,24.998443127238673,4.3566379578878225,WPG,SSPG,0.055183254730043055,0.3678383464276502,0.2003976533351406,-1.5370835278429518,3,-4.486290173108692,999.8,9.8,36.6
0.23998588435814253,0.3464826099182511,U8,MN8014,24.997390003061287,4.371510713103317,WPG,SSPG,0.05531853115736048,0.36821477031365507,0.20043873066642776,-1.5402720025645285,2,-4.4751791944964445,999.9,9.8,36.8
0.23953817819494994,0.34634560143360493,U8,MN8014,24.99818140194541,4.377329032827158,WPG,SSPG,0.05469989314635159,0.36773931661340314,0.20032027617889475,-1.5370990207809994,4,-4.488294766083593,1000.0,9.8,36.8
0.2395867219178674,0.34627897626972337,U8,MN8014,24.998077598103617,4.37385063362366,WPG,SSPG,0.05535239929865835,0.36833468317435214,0.20031483361572416,-1.5419652396834602,0,-4.487253882154128,999.8,9.7,36.8
0.23908839230114312,0.34679615954039195,U8,MN8014,24.997936119650074,4.382585722559977,WPG,SSPG,0.05474112414279149,0.36774830323320384,0.20031655704887258,-1.5399398744191939,7,-4.491999897126288,999.9,9.8,36.7
0.23831831905312933,0.34644104014699284,U8,MN8014,24.997923702966514,4.389276641273158,WPG,SSPG,0.05538019749224051,0.36764078816397894,0.20047505256939843,-1.5436618263617148,1,-4.481284559014231,999.6,9.8,36.6
0.23976444024494548,0.34657394511958284,U8,MN8014,24.994233748369236,4.367409581133963,WPG,SSPG,0.055169450845003985,0.36833490366409266,0.20043214760706934,-1.539328828248568,4,-4.485038603661714,999.8,9.8,36.8
0.23985903426025984,0.3465825316239279,U8,MN8014,24.99463280654836,4.382084153465334,WPG,SSPG,0.05500479858542865,0.36803695730618197,0.20055082801081228,-1.5414649349811806,0,-4.47310411370986,999.8,9.7,36.8
0.23905567251825838,0.3462617016015207,U8,MN8014,24.996562714232542,4.379619914788414,WPG,SSPG,0.05526780427194936,0.36774148750038615,0.20051888799461628,-1.543521583651773,0,-4.488193881851286,999.7,9.7,36.6
0.23919990312766942,0.34624822436798786,U8,MN8014,24.99584899814704,4.384880938769699,WPG,SSPG,0.05561182355602999,0.36783753537719327,0.2003819695794239,-1.542522001085224,5,-4.4869328482243365,999.7,9.7,36.7
0.2401193821944166,0.3463681192478435,U8,MN8014,24.991116638235983,4.373417560281789,WPG,SSPG,0.055236662278124814,0.36841762490062047,0.20046707260640564,-1.539990153841967,3,-4.4894905246897565,999.8,9.8,36.9
0.23967911332869557,0.34642969393354756,U8,MN8014,24.991244296599525,4.379774595716095,WPG,SSPG,0.05538577989206798,0.3680465244384989,0.20048379387063325,-1.543844669587183,6,-4.481300119676275,999.7,9.7,36.8
0.23887501039607278,0.34636006599567215,U8,MN8014,24.992552915408368,4.385659677576423,WPG,SSPG,0.055323017754871376,0.3675227809526012,0.20044789764315382,-1.5418256447228416,1,-4.485423128924058,999.7,9.8,36.7
0.23903129857849736,0.34611572267805596,U8,MN8014,24.9924099269558,4.381789197349049,WPG,SSPG,0.0555071278898356,0.36777061164851377,0.20049014924625436,-1.5432452778549932,4,-4.488351561804119,999.5,9.7,36.6
0.23935496332925005,0.34593177159256794,U8,MN8014,24.990622566427717,4.373830667135133,WPG,SSPG,0.055700883320617144,0.3679510054690485,0.2004724322264263,-1.5441448188476967,4,-4.480120245999492,999.5,9.8,36.7
0.23960753803923773,0.34628727183787833,U8,MN8014,24.98940571264278,4.372275528321835,WPG,SSPG,0.05511160904863131,0.3681168068753737,0.20053164837116594,-1.5425524689104482,0,-4.485584606548873,999.7,9.8,36.7
0.23966411894855044,0.34592970251316674,U8,MN8014,24.990452043120925,4.3667114938237725,WPG,SSPG,0.05572412069187088,0.36784025441776375,0.20046737072249662,-1.5425559535135767,2,-4.48868025135682,999.5,9.8,36.7
0.23978362063830694,0.34577177960352534,U8,MN8014,24.989440124968727,4.3644557814229445,WPG,SSPG,0.05559943080445172,0.3677962241975326,0.20043840539189894,-1.5425392960400053,2,-4.491308645475927,999.6,9.7,36.7
0.23969749828658554,0.3458700328986082,U8,MN8014,24.989784275616273,4.371715323180836,WPG,SSPG,0.05545271901385812,0.3676053379745652,0.20047209344167438,-1.5440040141280926,0,-4.486071946847899,999.6,9.7,36.7
0.23983435184221585,0.3458690857161015,U8,MN8014,24.98843504249949,4.365216912578793,WPG,SSPG,0.05551926626525355,0.36779628122373254,0.20053903565073514,-1.5451956282360026,3,-4.482412635377871,999.6,9.7,36.7
0.23984684559915403,0.34600546535543436,U8,MN8014,24.98936889817959,4.356310183865992,WPG,SSPG,0.0555259839756837,0.36786579208254344,0.2004778583848003,-1.543846900808405,2,-4.4886548429452535,999.5,9.8,36.8
0.24016513598586098,0.3457870569511489,U8,MN8014,24.989234169290594,4.361301300696798,WPG,SSPG,0.055620818729260404,0.36810727418180295,0.20043576209216135,-1.545079290839779,4,-4.479942129515745,999.6,9.7,36.7
0.23987630275562616,0.34571259605608284,U8,MN8014,24.985101675776217,4.370276009749453,WPG,SSPG,0.0555467991525649,0.36754272296495966,0.2004751403464636,-1.5462649979300178,2,-4.484884414353669,999.4,9.7,36.7
0.2397828944982754,0.34565441385014567,U8,MN8014,24.988626966608102,4.367699015782485,WPG,SSPG,0.055742196021877896,0.36767450105197846,0.200438293999553,-1.5449371007368635,4,-4.4895885087615,999.5,9.7,36.7
0.240368039108009,0.3454323979223636,U8,MN8014,24.98470959233107,4.3651157235168325,WPG,SSPG,0.05572436881534611,0.3677904347606864,0.2004156358063448,-1.5443685603683914,7,-4.484424844080502,999.4,9.7,36.8
0.2404715978174804,0.3453278816175165,U8,MN8014,24.987014390890387,4.357668003660621,WPG,SSPG,0.05579926781204449,0.3677689147901604,0.20038757671683893,-1.5449703394462966,0,-4.491305648408163,999.4,9.7,36.8
0.2403980751633426,0.34561587238900415,U8,MN8014,24.984702213999427,4.357200377985255,WPG,SSPG,0.05553757605839597,0.3677736414517981,0.20043738788113444,-1.5455405272374096,6,-4.49111717892773,999.4,9.7,36.8
0.23976876358244914,0.3461939278982622,U8,MN8014,24.991493252964045,4.356200951393157,WPG,SSPG,0.05509912361286636,0.36752099470523864,0.20039523972706438,-1.5447320230792894,1,-4.48630083634999,999.5,9.7,36.7
0.23994808136889412,0.346032171490405,U8,MN8014,24.99205993111737,4.351139366636504,WPG,SSPG,0.05523946045640301,0.36755701164095245,0.2003932140728138,-1.5447491609848247,4,-4.487958992513125,999.6,9.7,36.7
0.2397978719692147,0.3458383267456504,U8,MN8014,24.992085983282625,4.355437777507251,WPG,SSPG,0.055524486899357725,0.3673240221459894,0.20033082666431945,-1.5454872746800152,6,-4.482736078538096,999.4,9.7,36.7
0.24008795089524676,0.34602916286612706,U8,MN8014,24.993333502752087,4.357972347043663,WPG,SSPG,0.05539271050253519,0.36770131082739554,0.20029651344627925,-1.5441241050141599,0,-4.489118625899627,999.5,9.7,36.8
0.23976690167786652,0.34621017190827064,U8,MN8014,24.992274179105685,4.364708421054089,WPG,SSPG,0.055273533244193915,0.3677259277398262,0.20033646915538583,-1.544770862223264,7,-4.491130436285504,999.5,9.7,36.7
0.23961963375551631,0.34607776611341573,U8,MN8014,24.990571905674745,4.367517591332833,WPG,SSPG,0.05546258756399421,0.3675455718562657,0.20033850496423158,-1.5462169710727907,2,-4.489844356807847,999.3,9.7,36.7
0.23984702794410073,0.34637820572662104,U8,MN8014,24.991509683322217,4.36009493144823,WPG,SSPG,0.05543640450588751,0.3675362487243622,0.20036205195782553,-1.545697126461968,0,-4.4853366022332,999.4,9.7,36.7
0.23997788788510216,0.3462563484210371,U8,MN8014,24.989146178197146,4.375386941237853,WPG,SSPG,0.05566819301337787,0.36760435740812214,0.20040159657388057,-1.5460583562684824,6,-4.492063141036539,999.3,9.7,36.7
0.23939424322903424,0.3462680849450826,U8,MN8014,24.989723658408035,4.3727806789837755,WPG,SSPG,0.05573757260004629,0.3673183714372582,0.20042549587920114,-1.5463495273113388,3,-4.490760625131207,999.2,9.7,36.6
0.2394255366924145,0.34639293322089404,U8,MN8014,24.989272868195656,4.372721088176134,WPG,SSPG,0.055551036976275205,0.3673384860258766,0.2004022400928766,-1.5466919630689682,0,-4.487802210971555,999.1,9.7,36.6
0.2394131234376899,0.34631420317568223,U8,MN8014,24.992441740117652,4.369466752461889,WPG,SSPG,0.05547283737879548,0.3674217237296994,0.20030485904571668,-1.546220016106518,7,-4.49077296906723,999.2,9.7,36.7
0.23951651959602482,0.34578853229449547,U8,MN8014,24.99034950863214,4.357864953855953,WPG,SSPG,0.055988849831465445,0.3673190069287672,0.20031055877102483,-1.545146310349065,5,-4.488468939518238,999.1,9.7,36.6
0.23971720624699522,0.3460424453198476,U8,MN8014,24.99256317483369,4.372434313471932,WPG,SSPG,0.05589649900168122,0.36782511032541965,0.20029827980297266,-1.5451401097623338,0,-4.485323869354286,999.3,9.7,36.7
0.2397499707375534,0.3463141565590226,U8,MN8014,24.991499129303524,4.372983669411095,WPG,SSPG,0.055353598124111704,0.3677913488500265,0.2003860171095027,-1.5448451923620818,2,-4.488698173139861,999.4,9.7,36.7
0.23999094003931803,0.34627833860036017,U8,MN8014,24.99162149419995,4.377496341926409,WPG,SSPG,0.05531750351205008,0.36782238852991966,0.2003961616918851,-1.5446234972386903,0,-4.49089064945705,999.4,9.7,36.7
0.24011772974066836,0.34597518790959386,U8,MN8014,24.992428305850865,4.371500823006645,WPG,SSPG,0.0556007420472923,0.36785535679092013,0.20033867251123624,-1.544482836029967,5,-4.490584797641656,999.4,9.7,36.7
0.23958833329186155,0.34635244134501336,U8,MN8014,24.99476998093317,4.373581766772256,WPG,SSPG,0.05549404042556026,0.36762943280338617,0.20035899985319103,-1.5430149756671099,4,-4.489576915410417,999.3,9.7,36.7
0.23972808209600957,0.3461626049794997,U8,MN8014,24.995065524403522,4.377101905571557,WPG,SSPG,0.055580806222163895,0.367891113432368,0.20028852652699813,-1.542692075144024,1,-4.4894963189800166,999.5,9.7,36.7
0.23924297984476633,0.34620847223012513,U8,MN8014,24.995714611951524,4.375149135460993,WPG,SSPG,0.05567960709200036,0.36776278320016786,0.20034204235617475,-1.5422694246557183,5,-4.47164954890512,999.4,9.7,36.6
0.23913131418577993,0.3461096385811955,U8,MN8014,24.99707325779743,4.376437440519418,WPG,SSPG,0.05593521566204608,0.36762605632147805,0.20024848461175082,-1.5423833400284228,6,-4.478906752223999,999.3,9.7,36.6
0.23975305292785162,0.34596149658559855,U8,MN8014,24.99552411781657,4.377190349390072,WPG,SSPG,0.055653896262239454,0.3679056638447695,0.20030498749499384,-1.5421091231326653,3,-4.491677619722461,999.5,9.7,36.7
0.23979942945148888,0.3461249680269055,U8,MN8014,24.99510252381165,4.384092996593971,WPG,SSPG,0.055735762984704895,0.36791061649610457,0.20030706165793602,-1.5421087763405115,0,-4.490102990911547,999.4,9.7,36.7
0.23949751971161468,0.34628560711906486,U8,MN8014,24.996390106495113,4.388239550026404,WPG,SSPG,0.055711936661394346,0.36776568065147347,0.20028926732466276,-1.5414417838232353,2,-4.487704705892591,999.5,9.7,36.7
0.23938491189260963,0.3461842939190989,U8,MN8014,24.99404493107373,4.389150669256896,WPG,SSPG,0.055687254487953294,0.3679094127343955,0.20034201282612074,-1.542638215975951,3,-4.489144794366007,999.3,9.7,36.7
0.23929226801234432,0.3464674085971794,U8,MN8014,24.995460459139835,4.3824974600700815,WPG,SSPG,0.05566141358660236,0.3679690997472089,0.2003673580342257,-1.5430905146259568,1,-4.484219252330895,999.4,9.7,36.6
0.239509694960271,0.34639538733473063,U8,MN8014,24.99444807865389,4.380445249188921,WPG,SSPG,0.05577767774732282,0.36788950014653155,0.20030032196163677,-1.5422185745086057,3,-4.481758285018989,999.3,9.7,36.7
0.2393555565029114,0.3462384939807639,U8,MN8014,24.99525615136809,4.382997647571504,WPG,SSPG,0.05570662470915054,0.3677898585275755,0.20030783177904224,-1.5412365180039778,1,-4.491811616909219,999.5,9.7,36.6
0.23894404561270094,0.34636515202014884,U8,MN8014,24.994360316348114,4.384645836356059,WPG,SSPG,0.05588827604402204,0.367639468895541,0.20029263183251347,-1.5424842544040405,3,-4.476911522995662,999.3,9.8,36.6
0.239044179712052,0.3461797732849379,U8,MN8014,24.994195225020494,4.390283855156215,WPG,SSPG,0.055874270386703194,0.3675370709674905,0.2002888046044578,-1.5422001126041296,6,-4.490518812882723,999.2,9.7,36.6
0.239415684418104,0.345853288553727,U8,MN8014,24.994096301444912,4.382738590260071,WPG,SSPG,0.05611484394350376,0.36769908085351094,0.2002881565213807,-1.5429434990775641,1,-4.490982082944969,999.3,9.7,36.6
0.2388373514211766,0.3461264390765021,U8,MN8014,24.99502011891263,4.384168068424809,WPG,SSPG,0.05601481450871876,0.36752560893532327,0.20028058842773272,-1.5423744826166306,1,-4.4888608696082635,999.2,9.7,36.6
0.23914686160419318,0.3459917196915555,U8,MN8014,24.994759559206255,4.388405694402003,WPG,SSPG,0.0558664843025274,0.3676172188981342,0.20028404947539744,-1.5425344890810553,6,-4.489980593581384,999.2,9.7,36.6
0.2387500589828923,0.34637915289615384,U8,MN8014,24.995535716474823,4.386653102942062,WPG,SSPG,0.055796464641731415,0.36742885578110573,0.20026428766279328,-1.5422027537270588,2,-4.488482364859971,999.2,9.7,36.6
0.23867453679448286,0.3463294716717641,U8,MN8014,24.99591381121617,4.391067862652535,WPG,SSPG,0.055743145617524456,0.36744339268039516,0.20030900834049434,-1.5421664498573964,6,-4.4890939945309825,999.3,9.7,36.6
0.2390035632017396,0.3462170778360827,U8,MN8014,24.995782898685167,4.3885811898350156,WPG,SSPG,0.05604613687766761,0.3674868002334731,0.20025065865922004,-1.5419483818823294,3,-4.48838460476156,999.2,9.7,36.6
0.23881969099705863,0.34625333291304067,U8,MN8014,24.996332643923875,4.3884120648054274,WPG,SSPG,0.05575513481820839,0.36741462914930145,0.20028429326664968,-1.5414104510941358,0,-4.4901221991954205,999.3,9.7,36.6
0.23877179959262101,0.3462511512125563,U8,MN8014,24.994751349926823,4.386799175178076,WPG,SSPG,0.056050110482229576,0.36724252557392556,0.2002578316588976,-1.5429162853833935,0,-4.4861360760766065,999.0,9.7,36.6
0.23880963599904576,0.34622728569777095,U8,MN8014,24.995235519000087,4.385878495147248,WPG,SSPG,0.05598377679437966,0.36714372578124205,0.20024125857588448,-1.542337553057154,6,-4.491111378529185,999.1,9.7,36.6
0.23882704382334596,0.34619120297133466,U8,MN8014,24.994628419553027,4.382901030412104,WPG,SSPG,0.056144463674052604,0.36723196771640815,0.2002474774252699,-1.5429739824477844,5,-4.489084816976909,999.0,9.7,36.6
0.2391903462194644,0.34607310159845744,U8,MN8014,24.993941233436004,4.386872729420846,WPG,SSPG,0.05607712474790453,0.3672515257954311,0.200262678421247,-1.5424173862252215,2,-4.49204427044884,999.2,9.7,36.6
0.2390346546824877,0.3462670718546164,U8,MN8014,24.99409060899505,4.3872831478068495,WPG,SSPG,0.056051185716409005,0.36729015935822606,0.2002716255508767,-1.542590699075031,4,-4.481917252565994,999.2,9.7,36.6
0.2392286715009403,0.3459323769675011,U8,MN8014,24.99169776823056,4.385828228812808,WPG,SSPG,0.05620076588927764,0.3673234949525891,0.20026445962479228,-1.543307016442063,3,-4.490103918766829,999.2,9.8,36.7
0.23914165705325996,0.3459642955996458,U8,MN8014,24.993255300639426,4.3934645328337725,WPG,SSPG,0.056255435263603604,0.36733945795971923,0.20024104498804787,-1.5423826634457212,4,-4.487821803990464,999.1,9.8,36.6
0.23893826222472125,0.34596966123515255,U8,MN8014,24.994222446506626,4.3910271279346,WPG,SSPG,0.056183750136404344,0.3672741565446516,0.200216978698512,-1.5428933189563474,1,-4.490806947977427,999.1,9.8,36.6
0.23894350346735743,0.34600963907701027,U8,MN8014,24.99345169824009,4.391386716070189,WPG,SSPG,0.056144917236133296,0.36738871926854183,0.20024538229129887,-1.543638756386664,1,-4.484990674949,999.1,9.8,36.6
0.2388348453254129,0.3460026040570954,U8,MN8014,24.99463021213426,4.391403733987564,WPG,SSPG,0.0562547041744884,0.36728912852202716,0.20023359216171363,-1.5432233017393167,2,-4.485940781414376,999.1,9.7,36.6
0.23888313603111638,0.346016326439026,U8,MN8014,24.993975730058718,4.393222371230969,WPG,SSPG,0.05623250314706137,0.3673347684369413,0.200223291979684,-1.5433513838039052,2,-4.487209129027976,999.0,9.8,36.6
0.23905640212867635,0.34585931590372543,U8,MN8014,24.99421370262285,4.394294020087768,WPG,SSPG,0.056251592865162,0.36734314379038496,0.2002183063222006,-1.5431877254175665,0,-4.486521948462201,999.1,9.7,36.6
0.23876889848643815,0.34615965436259055,U8,MN8014,24.994911133665585,4.391286222076852,WPG,SSPG,0.05621787742438916,0.3672472773864196,0.20021963693054312,-1.5426234905811906,4,-4.486037456401025,999.0,9.8,36.6
0.23889692817027008,0.34614150675619454,U8,MN8014,24.99397749617511,4.393737199763107,WPG,SSPG,0.05619427731115519,0.3672894679501343,0.20022661242838558,-1.5428920241279198,7,-4.485111704786027,999.1,9.8,36.6
0.23883204024608734,0.34624283011309653,U8,MN8014,24.993519724399473,4.391390806481296,WPG,SSPG,0.056199409578059634,0.36726576293714724,0.2002502932709688,-1.5431798407428663,3,-4.489746418966707,999.0,9.8,36.6
0.23893574242703755,0.34614528236522346,U8,MN8014,24.993564124106403,4.393680615849902,WPG,SSPG,0.05626069310748592,0.36726345194628773,0.20023892279699726,-1.5429420132457543,1,-4.490100985722901,999.1,9.8,36.6
0.23895364623322368,0.3461139999248656,U8,MN8014,24.99362395027073,4.3913228488203995,WPG,SSPG,0.05634386354820792,0.3672930694927752,0.20023266595304304,-1.5429401339590045,2,-4.489262531812068,999.0,9.8,36.6
0.23902959605503438,0.34605706102372474,U8,MN8014,24.99342452745637,4.390791069580171,WPG,SSPG,0.05636407699315288,0.36728872505823873,0.2002319654507677,-1.5430815409648098,2,-4.491511072441776,999.1,9.8,36.6
0.2390283456734933,0.3459919667178925,U8,MN8014,24.99307390850286,4.391671473629988,WPG,SSPG,0.056424498173379654,0.3672998443594828,0.20023802719543873,-1.5434818038882823,6,-4.488532255114121,999.0,9.8,36.7
0.23902206275394638,0.34604389663155094,U8,MN8014,24.993127375561954,4.389926275088606,WPG,SSPG,0.05647455956698601,0.36733331269062475,0.20023433404667493,-1.5434288857311345,5,-4.490998865028654,999.0,9.8,36.6
0.23889396726103257,0.34617771806609476,U8,MN8014,24.994227856226,4.392193459021467,WPG,SSPG,0.056318706606332834,0.36727871846883486,0.20024913139782805,-1.5431637376958576,2,-4.488926960626921,999.1,9.8,36.6
0.23882975077106203,0.34617446171776145,U8,MN8014,24.99459989799936,4.390543017820723,WPG,SSPG,0.05637157384392967,0.36729721193337594,0.20024048531847383,-1.543042741740217,1,-4.485994993321501,999.0,9.8,36.6
0.2389595622895055,0.34613513077261776,U8,MN8014,24.99376476763961,4.393064285526395,WPG,SSPG,0.056332932828771,0.3672896448782978,0.20023527311018058,-1.5431099426030777,6,-4.488524391452334,999.1,9.8,36.6
0.23895038621345072,0.34612716086005946,U8,MN8014,24.993861283974148,4.39122457585284,WPG,SSPG,0.056280673944278194,0.36732862624660945,0.20024995064452947,-1.5433434396312269,2,-4.487206348663987,999.1,9.8,36.6
0.23902590925202882,0.3460011741308665,U8,MN8014,24.993420138635386,4.392374624745567,WPG,SSPG,0.05637516677898661,0.3673857099118009,0.200243335010183,-1.5437760550896695,4,-4.48942222651165,999.0,9.8,36.6
0.23900785574050176,0.34607732299680516,U8,MN8014,24.993559008299368,4.391615286766735,WPG,SSPG,0.05638662826548903,0.3673179397224571,0.20023847519723836,-1.5433763416443578,7,-4.489731437194093,999.1,9.8,36.6
0.2389264674188526,0.34613251208525125,U8,MN8014,24.993771187464272,4.390929198444235,WPG,SSPG,0.05633839730806073,0.36731800211146526,0.20024741013722577,-1.5436719188570238,1,-4.489260826245692,999.1,9.8,36.6
0.23893056900070653,0.3461425324874786,U8,MN8014,24.993663674534066,4.392541117642268,WPG,SSPG,0.056302495151940246,0.3673141284166675,0.2002602530912385,-1.5435645393490374,5,-4.490254683769482,999.1,9.8,36.6
0.2389471192592313,0.3460931044958868,U8,MN8014,24.993973085431207,4.391405413477908,WPG,SSPG,0.05633226114662767,0.3673275792263142,0.20024660543073344,-1.5433475622842896,2,-4.487727854900994,999.1,9.8,36.6
0.23901385363811747,0.346094455851928,U8,MN8014,24.993952782995805,4.390257363585952,WPG,SSPG,0.05630454159461361,0.3673049648632932,0.20024716221777228,-1.5431729517641422,7,-4.4905121806990245,999.1,9.8,36.6
0.23904628014309603,0.3461125647173067,U8,MN8014,24.993948741768104,4.3895592486165755,WPG,SSPG,0.0562853498124596,0.36733260600950673,0.20025738437830562,-1.5435598801149002,3,-4.490960436345258,999.1,9.8,36.6
0.23907377368861404,0.34603850464131286,U8,MN8014,24.99409264228965,4.390487623977402,WPG,SSPG,0.056270691695293806,0.36731498351705805,0.2002672083027612,-1.5434060130487735,5,-4.491546610028662,999.1,9.7,36.6
0.23900423835226525,0.34604090308162905,U8,MN8014,24.99453823817652,4.39160137541614,WPG,SSPG,0.05626987118101599,0.36730265640347565,0.2002625944148668,-1.5431811433031448,5,-4.489612333025029,999.1,9.7,36.6
0.23915994606597077,0.34601917964802065,U8,MN8014,24.994194887303404,4.38978189236863,WPG,SSPG,0.056313650529945934,0.3673409451922403,0.20025871651468055,-1.5433486903116094,7,-4.489750708222042,999.1,9.7,36.6
0.23907246674516894,0.34603639016210136,U8,MN8014,24.994454678275577,4.390884902698813,WPG,SSPG,0.056318171553697616,0.3673305461525584,0.2002695578509376,-1.5434299718293465,2,-4.490189586373566,999.1,9.7,36.6
0.23908974154684037,0.345984569305572,U8,MN8014,24.994295793789195,4.390057669185939,WPG,SSPG,0.056315039520813105,0.36737599069829546,0.2002673573491324,-1.54339265302315,0,-4.4866244662176165,999.1,9.7,36.6
0.23910969962741033,0.34608117576670866,U8,MN8014,24.99451651022888,4.389329280502314,WPG,SSPG,0.0562630409710951,0.3673224414489271,0.2002754746708305,-1.5432528212388863,1,-4.490304465913585,999.1,9.7,36.6
0.23914319561573857,0.34600425415060365,U8,MN8014,24.994220990083193,4.390533705138916,WPG,SSPG,0.05637054765789414,0.36732669623356584,0.20026550565323303,-1.5432954211768661,5,-4.491649581429929,999.1,9.7,36.6
0.23920034324554462,0.34598920603351957,U8,MN8014,24.993986037119143,4.389068796165941,WPG,SSPG,0.05634339919335317,0.3673791533684349,0.2002753630781872,-1.543694103896679,3,-4.490866512459183,999.1,9.7,36.6
0.23917115660404997,0.3460004272588471,U8,MN8014,24.994299564713035,4.390143117984296,WPG,SSPG,0.05633459114691598,0.3673380209921909,0.20026414398051381,-1.5432890082440203,1,-4.490927644444859,999.1,9.7,36.6
0.23923226880698675,0.34599399830820293,U8,MN8014,24.99394522277741,4.391107045244366,WPG,SSPG,0.05632130232897531,0.3673598444628385,0.20027078517259742,-1.5434575323900122,6,-4.4916659197649835,999.1,9.7,36.6
0.23915120580960592,0.3459903839579443,U8,MN8014,24.99448872954806,4.390263696832124,WPG,SSPG,0.05635433380660163,0.3673464540369821,0.20025603210193796,-1.5434655173217116,7,-4.489995101803016,999.1,9.7,36.6
0.23910918287081212,0.3460507349667604,U8,MN8014,24.993904532741695,4.39136781999043,WPG,SSPG,0.056348426456504494,0.3673632726641504,0.2002637985917633,-1.5435001392821697,2,-4.490789953212142,999.1,9.8,36.6
0.2391203242275738,0.3460714438150867,U8,MN8014,24.994690810163004,4.391564549988075,WPG,SSPG,0.056289847394360194,0.3673374564399292,0.2002702296564848,-1.543371187319969,1,-4.489237110842508,999.1,9.7,36.6
0.23915985726463485,0.34600019930144754,U8,MN8014,24.99413684917955,4.392464726033041,WPG,SSPG,0.0563632533691056,0.367355101762697,0.20026505372781456,-1.5435519473240675,7,-4.490469351898852,999.1,9.7,36.6
0.23916106471819526,0.34597145036772553,U8,MN8014,24.994406621222133,4.392079351025721,WPG,SSPG,0.05635849700826073,0.36735477501068425,0.20025999850427836,-1.5437039410638083,7,-4.491512660151331,999.1,9.7,36.6
0.23922002061788922,0.34598865602886614,U8,MN8014,24.994695171548294,4.391432505495198,WPG,SSPG,0.05636721790715003,0.36735523138043896,0.20026376312087055,-1.5433706266613052,3,-4.490659996850395,999.1,9.7,36.6
0.23923661530794454,0.3459676493811158,U8,MN8014,24.99444829262323,4.390795255752072,WPG,SSPG,0.05635644707261293,0.36736303767704676,0.20027237495313044,-1.5433226189225624,5,-4.4913489749657725,999.1,9.7,36.6
0.23917865783482034,0.3460098700267976,U8,MN8014,24.994334703806906,4.392070062062554,WPG,SSPG,0.056323293394007934,0.3673587397849412,0.20027827551189073,-1.5435348545423346,3,-4.4914365744992075,999.1,9.7,36.6
0.23931310521217602,0.34588857504628084,U8,MN8014,24.99421349168721,4.391835467099075,WPG,SSPG,0.05641722285678147,0.36739347209271134,0.2002703179928955,-1.54346071166911,2,-4.4921859399010735,999.1,9.7,36.6
0.23928423594133497,0.34593021994719386,U8,MN8014,24.994373822696215,4.39212168411854,WPG,SSPG,0.05636786843408378,0.3673993154968687,0.200280778907386,-1.5435826238486068,6,-4.491683909784587,999.1,9.7,36.6
0.23925466508104395,0.34593262087170695,U8,MN8014,24.994278877850807,4.390767468440275,WPG,SSPG,0.056333173765633945,0.36739248190738527,0.20028116937249243,-1.543551613224721,1,-4.491667471678289,999.1,9.7,36.6
0.239185951768283,0.3459747797819097,U8,MN8014,24.994197527896667,4.3924532932000515,WPG,SSPG,0.05636561353418329,0.36737833451418356,0.20028048777286483,-1.5437353178295552,5,-4.491714547246589,999.1,9.7,36.6
0.2392260322906371,0.34591462255470784,U8,MN8014,24.9942214553582,4.393241381543599,WPG,SSPG,0.05636757494458503,0.3673978830977474,0.20028419512394646,-1.5436267388103306,0,-4.49169614299303,999.1,9.7,36.6
0.23931373284261237,0.34584864562169165,U8,MN8014,24.99372660366504,4.393317929881621,WPG,SSPG,0.05643399222020694,0.36742689821767505,0.20028299708520148,-1.5436359615113513,4,-4.4920293005181815,999.1,9.7,36.6
0.23934897842743114,0.34591225953724564,U8,MN8014,24.994084712524277,4.392191836193076,WPG,SSPG,0.056370384259479746,0.3674560954001008,0.20029764652191245,-1.5438554819795007,3,-4.490743210011017,999.1,9.7,36.6
0.2392058102703351,0.3460429532319086,U8,MN8014,24.993987129923337,4.392885730536545,WPG,SSPG,0.056330720795285685,0.36740612273871115,0.2002953861935112,-1.5437557465836134,4,-4.489160882960556,999.1,9.7,36.6
0.23921676354015525,0.34593128361248904,U8,MN8014,24.993800201984598,4.391904346552056,WPG,SSPG,0.05634925514780319,0.3674288780204745,0.20029756647197802,-1.5439633094760057,5,-4.491141783747494,999.1,9.7,36.6
0.23923396497553795,0.34597962361569207,U8,MN8014,24.993915034959137,4.392320525325316,WPG,SSPG,0.056288513946699946,0.36742443353492776,0.20029698293575182,-1.544028298884783,5,-4.491071301539453,999.1,9.7,36.6
0.2392922299784257,0.3459315515060288,U8,MN8014,24.994097102577737,4.389925832804788,WPG,SSPG,0.056315248513097785,0.36743695289693046,0.2002887843903138,-1.54400355800067,0,-4.491106718252009,999.1,9.7,36.6
0.23920399701150474,0.3459637754515753,U8,MN8014,24.99416928985045,4.392778612546326,WPG,SSPG,0.056314325516188216,0.3674016995484929,0.20029079315883191,-1.5438677418607052,1,-4.49168469710853,999.1,9.7,36.6
0.23929056033014384,0.34591647241972584,U8,MN8014,24.99380422602981,4.392190620132152,WPG,SSPG,0.05635829298686855,0.36743544736442335,0.20028854716843747,-1.543962644434037,7,-4.491393882062173,999.1,9.7,36.6
0.23929706053451572,0.3458947508605382,U8,MN8014,24.993803376811403,4.393087316923562,WPG,SSPG,0.05636501343304273,0.3674448827449711,0.20029503032652235,-1.5439173641118886,6,-4.4914681784738075,999.1,9.7,36.6
0.23931839125103305,0.34586040946865254,U8,MN8014,24.994005825629614,4.393193547687428,WPG,SSPG,0.05634167094476937,0.36744221086524875,0.20028998140087748,-1.5438010152257293,7,-4.491844750478304,999.1,9.7,36.6
0.2392635287910416,0.34586807894276567,U8,MN8014,24.993482747624437,4.394258763136099,WPG,SSPG,0.05636068330106166,0.367442654121,0.2002870371000305,-1.5438578002274426,2,-4.490631550617733,999.1,9.7,36.6
0.23938066273039083,0.3457785398374107,U8,MN8014,24.993377463754552,4.3929889561740865,WPG,SSPG,0.05639423532132196,0.3674773257049453,0.2002872385835156,-1.5438948700912871,5,-4.491789422192705,999.1,9.7,36.6
0.23938047516705452,0.3458248060292244,U8,MN8014,24.993521437817968,4.393169756531879,WPG,SSPG,0.056371098812306474,0.3674754690230551,0.20029538591259835,-1.543915191458245,1,-4.491746836131696,999.1,9.7,36.6
0.23936652308631884,0.34583606537526274,U8,MN8014,24.993410515100564,4.392610515290752,WPG,SSPG,0.05637247655878036,0.36748649108647774,0.20029917012677567,-1.5440481383396898,1,-4.491175490709621,999.1,9.7,36.6
0.2393334854719909,0.3458551425505527,U8,MN8014,24.994005645437692,4.391732083591892,WPG,SSPG,0.0563641907745888,0.3674460370265096,0.20028831125307303,-1.5436584104306947,3,-4.49089416998299,999.1,9.7,36.6
0.23930387565074826,0.3459012576402084,U8,MN8014,24.993943449610946,4.391293340958712,WPG,SSPG,0.05634373856192073,0.3674376780990995,0.2002935633187287,-1.5437874251622854,6,-4.491310334311615,999.1,9.7,36.6
0.23934469890858967,0.34588504375316653,U8,MN8014,24.993833504659108,4.390671642923583,WPG,SSPG,0.05636671753425967,0.36744223882980853,0.20029516141911424,-1.5437333727391258,0,-4.491920504484256,999.1,9.7,36.6
0.23934836360126055,0.3458013207071776,U8,MN8014,24.993893632653574,4.3916839450754415,WPG,SSPG,0.05640240667736799,0.3674699731519794,0.20029680823102386,-1.543792053982879,6,-4.491611712813537,999.1,9.7,36.6
0.23936702919187797,0.3458216355883809,U8,MN8014,24.99384922059328,4.391206978885377,WPG,SSPG,0.05640475378948652,0.367455857066024,0.20029037096351324,-1.543749100451891,5,-4.492087775438039,999.1,9.7,36.6
0.23930869251989575,0.34585421166954383,U8,MN8014,24.993801625625036,4.3914086361288955,WPG,SSPG,0.056405751808744284,0.3674432737167742,0.20028786219708522,-1.543829781681063,0,-4.491641323145428,999.1,9.7,36.6
0.23929583700536028,0.34584930460313895,U8,MN8014,24.993740343194567,4.392461423967622,WPG,SSPG,0.05641143388157551,0.36743690408464974,0.20028545418080448,-1.5437978033131314,1,-4.491765077931133,999.1,9.7,36.6
0.23925830374157814,0.3458448048542573,U8,MN8014,24.993677658357033,4.3926823919153035,WPG,SSPG,0.05641227504713738,0.3674391435326218,0.20028808552626687,-1.5438637986433632,0,-4.491533149709449,999.1,9.7,36.6
0.23932767560628748,0.3458250361074787,U8,MN8014,24.993883208595598,4.391741577205974,WPG,SSPG,0.05641215171247708,0.3674610915727717,0.200293283777459,-1.5437497063513055,7,-4.490946339211959,999.1,9.7,36.6
0.2393424604787462,0.3457916191842358,U8,MN8014,24.99370655238628,4.392115152467643,WPG,SSPG,0.056427888897541724,0.36747681484359773,0.20029466965507722,-1.5439102171447001,2,-4.491484855966192,999.1,9.7,36.6
0.239378275146867,0.34577760467694596,U8,MN8014,24.9936151620716,4.391765553038381,WPG,SSPG,0.05644261313267927,0.3674777431869944,0.20029222349117293,-1.543819590909296,3,-4.4917116996129405,999.1,9.7,36.6
0.2393316674503268,0.3457641763988124,U8,MN8014,24.99359457049506,4.392653132766142,WPG,SSPG,0.05646352180086086,0.3674737821260894,0.20029224388649386,-1.5438275899484524,6,-4.4915641596709275,999.1,9.7,36.6
0.23938987580797189,0.345780767268616,U8,MN8014,24.99326688971673,4.392052166683417,WPG,SSPG,0.05642433965494448,0.3674902137676348,0.20029673212543467,-1.5438911824810533,3,-4.49149976747211,999.1,9.7,36.6
0.2394125302265976,0.34575692310987416,U8,MN8014,24.993402624540394,4.3925794175023585,WPG,SSPG,0.05644713951692669,0.36749081459357347,0.20028974494046634,-1.5438666976505737,5,-4.491596198449093,999.1,9.7,36.6
0.23937670028665092,0.34576755700038475,U8,MN8014,24.9935569454642,4.392807359987785,WPG,SSPG,0.05645252606963164,0.367488327642776,0.20029543695280091,-1.5438609138903328,3,-4.491376281520953,999.1,9.7,36.6
0.23940877396057442,0.3457647407666966,U8,MN8014,24.993523376604518,4.392757632088803,WPG,SSPG,0.05642603318301563,0.36749131223988896,0.20029621389655963,-1.543852974491132,7,-4.491835045200375,999.1,9.7,36.6
0.23940067799623033,0.34577632829765415,U8,MN8014,24.99364230796064,4.391908434425402,WPG,SSPG,0.05641492560093769,0.36748191492299465,0.20029509353764038,-1.543786968315306,0,-4.491872680748221,999.1,9.7,36.6
0.2394119950335073,0.3457934868141085,U8,MN8014,24.993692190403337,4.392112413671864,WPG,SSPG,0.05641087050250691,0.3674866720124672,0.20029722045355078,-1.543897447915371,3,-4.491994998751151,999.1,9.7,36.6
0.23942507768933557,0.3457799856027359,U8,MN8014,24.993892512863795,4.3915413877230565,WPG,SSPG,0.05640054651849226,0.3674943271581073,0.20029603149901182,-1.5437354766597042,7,-4.490722507573583,999.1,9.7,36.6
0.23940659625156047,0.3457691749398049,U8,MN8014,24.993591421817346,4.392089996301968,WPG,SSPG,0.05641979262942304,0.36748966125357446,0.20029510812078813,-1.5438633012780372,1,-4.491790228216843,999.1,9.7,36.6
0.23941463410027292,0.3457867052198204,U8,MN8014,24.99371855196534,4.392582066833895,WPG,SSPG,0.0564274049374094,0.3674728610742407,0.2002915529620132,-1.5436992360834623,5,-4.491974227575149,999.1,9.7,36.6
0.2393817998442401,0.3458320374635607,U8,MN8014,24.99373812403479,4.392112880973477,WPG,SSPG,0.05642052909514855,0.36745353600741465,0.20029018369002405,-1.5436964445555716,4,-4.492070583460935,999.1,9.7,36.6
0.23938593410230677,0.3458186478422429,U8,MN8014,24.993952448929857,4.391982668554516,WPG,SSPG,0.05641301334226704,0.3674595811116507,0.2002909993185601,-1.5436995548460124,4,-4.491905389015455,999.1,9.7,36.6
0.23938901156778325,0.3458078604942947,U8,MN8014,24.993813994632365,4.392859809944268,WPG,SSPG,0.05640929210926121,0.3674646721414214,0.20029286487078585,-1.5437413016003438,7,-4.492155123279508,999.1,9.7,36.6
0.23942226224992647,0.345807429985556,U8,MN8014,24.99397776966377,4.392497844481159,WPG,SSPG,0.05640725925089011,0.36746572949458584,0.20028897218169125,-1.5436911646361526,3,-4.492011984007224,999.1,9.7,36.6
0.23937565638342279,0.345843635275604,U8,MN8014,24.993853595917724,4.393006687395727,WPG,SSPG,0.05642282908214896,0.3674456140509126,0.2002865836908589,-1.5437222180329744,6,-4.492246975181466,999.1,9.7,36.6
0.23939746953620022,0.3457987587488959,U8,MN8014,24.99397986988565,4.393319698730153,WPG,SSPG,0.05642146343220779,0.3674569952234235,0.20028604331002892,-1.543670202780025,4,-4.492228691099118,999.1,9.7,36.6
0.23939706591221704,0.34582491016685907,U8,MN8014,24.993835072380246,4.392848284315351,WPG,SSPG,0.05639995774600167,0.3674589747426418,0.2002892827179722,-1.5437327055167775,1,-4.492085605437362,999.1,9.7,36.6
0.2393592083963905,0.3458708541663163,U8,MN8014,24.993891072718213,4.39379475270034,WPG,SSPG,0.056384528122241054,0.36743780639967893,0.20028806907886493,-1.543732738772929,1,-4.492288795635108,999.1,9.7,36.6
0.2393803861654175,0.34586661976948957,U8,MN8014,24.994080561948323,4.393215630571701,WPG,SSPG,0.05638045120423209,0.3674423995042899,0.20028487610626036,-1.5437358865075823,6,-4.4919906125645355,999.1,9.7,36.6
0.23936344729759224,0.3458916017990466,U8,MN8014,24.994122331922203,4.393276659647738,WPG,SSPG,0.056365156199910435,0.36742690354288937,0.20028531304591385,-1.543648987369665,7,-4.492219590697694,999.1,9.7,36.6
0.2393867343377376,0.3458796059161663,U8,MN8014,24.99402121162276,4.393229238512926,WPG,SSPG,0.05636984646057691,0.3674372875488453,0.20028884886173184,-1.5436278512548935,5,-4.492148703352159,999.1,9.7,36.6
0.23936745475906357,0.34587761846100573,U8,MN8014,24.99387130466596,4.393300914720532,WPG,SSPG,0.056376074660499334,0.3674307007155341,0.20028719389596808,-1.5436354637791805,3,-4.492411837488852,999.1,9.7,36.6
0.23936354056784204,0.34587149345270063,U8,MN8014,24.993990451504594,4.393110463814037,WPG,SSPG,0.05638930909291845,0.3674297113323103,0.20028467566170882,-1.5436156326175872,1,-4.492189087328661,999.1,9.7,36.6
0.23937268564575748,0.3458663501396452,U8,MN8014,24.993879384579078,4.393121031131239,WPG,SSPG,0.05638042414840531,0.36742424605393476,0.20028233828130404,-1.5435080620037405,7,-4.492270504183667,999.1,9.7,36.6
0.2393736447726721,0.34587615415912415,U8,MN8014,24.99393812165329,4.392982508539367,WPG,SSPG,0.05636234761011255,0.36741991342532604,0.20028082685368592,-1.5434499341479844,1,-4.49202365894776,999.1,9.7,36.6
0.23936843786663087,0.34586817013133386,U8,MN8014,24.993924620961817,4.39365436863885,WPG,SSPG,0.05636699202998076,0.3674236691002971,0.20028389710629058,-1.5435069166708757,3,-4.4923502831954085,999.1,9.7,36.6
0.23937149587435536,0.3458785919928962,U8,MN8014,24.994135557714042,4.392818744747726,WPG,SSPG,0.056361154356099216,0.3674091564497933,0.20028070646932625,-1.5433850859747933,7,-4.492632305320093,999.1,9.7,36.6
0.23939181228494033,0.345855977297218,U8,MN8014,24.99418127023795,4.392917018325513,WPG,SSPG,0.05635485519881624,0.36741989535431746,0.2002828873656861,-1.5433760486896726,6,-4.492634082281388,999.1,9.7,36.6
0.2394150180429156,0.34584943719868855,U8,MN8014,24.993983310913947,4.3932335754712435,WPG,SSPG,0.056344328276681045,0.3674343357970309,0.20028592220179506,-1.543465100585622,3,-4.492597631708536,999.1,9.7,36.6
0.2394031816379394,0.34584574942222435,U8,MN8014,24.994049058160044,4.393640379279871,WPG,SSPG,0.05635104662644658,0.36743256798682516,0.20028261340219994,-1.5435079331360462,2,-4.492526073146497,999.1,9.7,36.6
0.2393970859858634,0.3458642799527496,U8,MN8014,24.994167379994913,4.393926999655344,WPG,SSPG,0.05635713532490386,0.3674294645815125,0.20028154636779252,-1.5435917309835765,4,-4.492599670187172,999.1,9.7,36.6
0.23937269304627126,0.3458798397188721,U8,MN8014,24.99424019536664,4.3938815194988,WPG,SSPG,0.05633905419897439,0.3674234137526772,0.2002803143127789,-1.543601707939483,2,-4.492288988948445,999.1,9.7,36.6
0.23939225046335375,0.34589287065632895,U8,MN8014,24.99431022803352,4.394080545986218,WPG,SSPG,0.05634476474065103,0.36741475052135036,0.20027779905812548,-1.5434763721739548,0,-4.492293354520481,999.1,9.7,36.6
0.23942155571406404,0.3458664283021868,U8,MN8014,24.99412022341256,4.394088576318543,WPG,SSPG,0.05633512419599086,0.3674358721068841,0.20028024858593102,-1.5436119489919988,5,-4.492370226859171,999.1,9.7,36.6
0.23937990063332376,0.34588668930192396,U8,MN8014,24.994139656007427,4.393958776456446,WPG,SSPG,0.05636266509958184,0.36741958317979867,0.20027955098524103,-1.5435160709740487,2,-4.492116625678868,999.1,9.7,36.6
0.23939476771304546,0.34584215313132854,U8,MN8014,24.994257820064885,4.394144961192324,WPG,SSPG,0.05637201491167879,0.3674222283843592,0.20027782859998555,-1.5434234160068971,2,-4.492518792149273,999.1,9.7,36.6
0.23938625583704431,0.345832708839346,U8,MN8014,24.994068180124152,4.394433773376552,WPG,SSPG,0.056397079312621626,0.3674253918519985,0.20027898092228558,-1.5434355946113933,7,-4.492460695474362,999.1,9.7,36.6
0.2393674502020367,0.34584982070581327,U8,MN8014,24.994209766303406,4.394215120786363,WPG,SSPG,0.056371288188414026,0.3674115095908715,0.20027638073526288,-1.5433776356336473,3,-4.492519270257464,999.1,9.7,36.6
0.23936451605489728,0.34585923851388184,U8,MN8014,24.994161534030436,4.394100385366346,WPG,SSPG,0.05638141380678598,0.3674085812986624,0.20027888534711863,-1.5433388958133232,2,-4.492573337874056,999.1,9.7,36.6
0.2393391192219545,0.34588268731424426,U8,MN8014,24.99421638358237,4.393885736417072,WPG,SSPG,0.05636747654013693,0.36739563959188287,0.20027934597409192,-1.543264444601007,1,-4.492469954456972,999.1,9.7,36.6
0.23932807805112566,0.3458450008489746,U8,MN8014,24.994279838746852,4.394362125693438,WPG,SSPG,0.0563941006209829,0.36739819700661835,0.200275283548371,-1.5432351200667698,0,-4.492311837759546,999.1,9.7,36.6
0.239350561674179,0.34585414024980643,U8,MN8014,24.99428383929427,4.394454688290983,WPG,SSPG,0.05634473558068095,0.36740228052871915,0.2002769746460757,-1.5432696096455956,0,-4.492501809062345,999.1,9.7,36.6
0.23931445551345962,0.3458446492138976,U8,MN8014,24.994288466800047,4.394606113692028,WPG,SSPG,0.05635357657623358,0.367400650028907,0.20027811567148915,-1.5432255435135722,0,-4.49204711346237,999.1,9.7,36.6
0.23930118153469981,0.34587198020273335,U8,MN8014,24.994157768281028,4.394810237349541,WPG,SSPG,0.05637043031960861,0.3673877555263084,0.200277282234074,-1.543202773554878,0,-4.492265015900044,999.1,9.7,36.6
0.2393066743099475,0.34589916661488185,U8,MN8014,24.99413642880593,4.394277265089544,WPG,SSPG,0.05635715643591636,0.36738589632928026,0.20027613380469347,-1.5432946161007224,2,-4.492306665185099,999.1,9.7,36.6
0.23928409664031375,0.3459155068484846,U8,MN8014,24.99435716935013,4.395088871157449,WPG,SSPG,0.05634959523129229,0.3673696647299136,0.2002717138429272,-1.5432337001636276,2,-4.492338736001452,999.1,9.7,36.6
0.23934365375716596,0.3458672000921006,U8,MN8014,24.99411821131994,4.394652990069153,WPG,SSPG,0.056353278102941315,0.367403134416846,0.20027468336518786,-1.5433867791435958,6,-4.49240602538814,999.1,9.7,36.6
0.23931992966300095,0.3459268704482656,U8,MN8014,24.994378463965383,4.394619674554351,WPG,SSPG,0.05634822818852793,0.3673752201332372,0.20027150879491257,-1.543323634106208,7,-4.492653927644064,999.1,9.7,36.6
0.23930784166860175,0.3459384233759705,U8,MN8014,24.9945161526839,4.394624185063132,WPG,SSPG,0.05633400948521633,0.36737204216338903,0.20027189844574053,-1.543349982263191,0,-4.492621795265659,999.1,9.7,36.6
0.23931423506862387,0.34594920235623494,U8,MN8014,24.99437040063042,4.3946683511640705,WPG,SSPG,0.05634732279114255,0.36737372225447074,0.20027206680963835,-1.5433938150262874,7,-4.492591783717479,999.1,9.7,36.6
0.23937992424781024,0.3459313140528055,U8,MN8014,24.994433470483962,4.394681701980696,WPG,SSPG,0.0563231707283793,0.36739116509151626,0.20027054944914047,-1.543457131846945,1,-4.492721752882845,999.1,9.7,36.6
0.23930440464077585,0.34594175711587816,U8,MN8014,24.99431255302416,4.3941339889559075,WPG,SSPG,0.05634830013631943,0.36737046278167246,0.20027177460186238,-1.5433093630287003,5,-4.492433736288826,999.1,9.7,36.6
0.23935240359951027,0.34594551510677296,U8,MN8014,24.99421481167585,4.3942545796611405,WPG,SSPG,0.056328017132542485,0.3673897126906992,0.20027723246257711,-1.5434753478031387,5,-4.492790992023355,999.1,9.7,36.6
0.23937730129597928,0.34592793579862047,U8,MN8014,24.99429315199576,4.394178654013319,WPG,SSPG,0.05634118219296656,0.36739791909504665,0.20027526523276024,-1.5434936765638887,5,-4.492740962086655,999.1,9.7,36.6
0.2393785892780353,0.34590851759557256,U8,MN8014,24.9940587402153,4.3934686057500825,WPG,SSPG,0.05634027349769651,0.3674126914858635,0.20028214877164022,-1.5435226927628054,0,-4.49260465986934,999.1,9.7,36.6
0.23940884458669962,0.34587511862595205,U8,MN8014,24.994189489126132,4.394607658291378,WPG,SSPG,0.05633980881729485,0.3674147330182304,0.20027375807971431,-1.5434761228468616,4,-4.492692693817242,999.1,9.7,36.6
0.23937044803341306,0.34589465518082074,U8,MN8014,24.994221628561522,4.394254460178503,WPG,SSPG,0.05633284074594275,0.3673984725286121,0.20027328284285242,-1.5433970385219047,3,-4.492656618656124,999.1,9.7,36.6
0.2393926738884081,0.3458654236248056,U8,MN8014,24.994140097552375,4.393625967626554,WPG,SSPG,0.05636469788407267,0.3674115503716394,0.20027644021422214,-1.5433913270580426,1,-4.492734522611395,999.1,9.7,36.6
0.23939336328291666,0.3458636545521689,U8,MN8014,24.994398385123482,4.393863127306378,WPG,SSPG,0.056341679131203484,0.36740251728942835,0.20027100500199035,-1.5433279783320586,0,-4.492798696280495,999.1,9.7,36.6
0.23939464611549288,0.34587397625953537,U8,MN8014,24.994225220915368,4.3939204317528535,WPG,SSPG,0.056338155093403244,0.3674097344150785,0.20027465467227812,-1.5434282169480469,1,-4.492778114781949,999.1,9.7,36.6
0.23939653674865818,0.3459036678701955,U8,MN8014,24.994276395259977,4.393693764918594,WPG,SSPG,0.05633271048629355,0.36740731748734357,0.20027444235463393,-1.5434884350589788,3,-4.492638651298936,999.1,9.7,36.6
0.2393798425777462,0.3459030368437094,U8,MN8014,24.994165232286903,4.394171626984302,WPG,SSPG,0.056348293685789766,0.36739685904469743,0.20027416857803926,-1.5433792802821393,3,-4.492797469106046,999.1,9.7,36.6
0.23938353601327694,0.3458911993798587,U8,MN8014,24.994295879230428,4.394339783226815,WPG,SSPG,0.05634114967881511,0.3673932180960085,0.20027100365483955,-1.5433166332282469,4,-4.492855387008262,999.1,9.7,36.6
0.23934456536997617,0.3459317008048777,U8,MN8014,24.994359841071905,4.394226363634295,WPG,SSPG,0.05633078849367644,0.367380920332249,0.20026972354811695,-1.5433258232375067,4,-4.492276408954817,999.1,9.7,36.6
0.23936171055638672,0.34591176483572283,U8,MN8014,24.994287470484185,4.394810494104234,WPG,SSPG,0.056351782577482246,0.36737763275948965,0.20026501198501045,-1.5433150804281446,0,-4.492930318581289,999.1,9.7,36.6
0.2393592820424797,0.34590698474615605,U8,MN8014,24.994194929185234,4.394584369937934,WPG,SSPG,0.0563631033076765,0.36737498869975616,0.20026495205550107,-1.543242368058548,3,-4.492879451520134,999.1,9.7,36.6
0.2393482461952606,0.34590765899219333,U8,MN8014,24.994243421546326,4.394898362481705,WPG,SSPG,0.056350819199835166,0.3673761274504893,0.20026581643379068,-1.5432206581114205,1,-4.492484820568347,999.1,9.7,36.6
0.23936558080439255,0.34591631619422,U8,MN8014,24.994292516990622,4.394570324429671,WPG,SSPG,0.05633407119164208,0.36737787709237746,0.20026605652353005,-1.5432635305778437,5,-4.492696361404308,999.1,9.7,36.6
0.2393221124283337,0.34592210762056663,U8,MN8014,24.99428009770889,4.394974202844101,WPG,SSPG,0.05634903767016014,0.36736651532523146,0.20026326287360216,-1.5432952686080728,0,-4.492766799746965,999.1,9.7,36.6
0.23933470151926678,0.34596864320858045,U8,MN8014,24.994275022204793,4.394173115817679,WPG,SSPG,0.05630838014972396,0.36735991249960576,0.2002679120084383,-1.5432749288130554,0,-4.492936871200495,999.1,9.7,36.6
0.2393267052354105,0.34595692929489535,U8,MN8014,24.9942765810121,4.394357474779972,WPG,SSPG,0.056315267460379306,0.3673613371013341,0.2002656384489141,-1.543310763867364,5,-4.492885395030088,999.1,9.7,36.6
0.23932229712473924,0.3459425651864747,U8,MN8014,24.994320111548895,4.394469232104323,WPG,SSPG,0.05631462731374689,0.367354949224253,0.20026292441564583,-1.5431851179499438,5,-4.4928422441134845,999.1,9.7,36.6
0.2393259623885688,0.34595984979930394,U8,MN8014,24.994531018118238,4.394657989462606,WPG,SSPG,0.056311840618051535,0.3673577105398534,0.20026474892748117,-1.5432660448786624,3,-4.492783340922946,999.1,9.7,36.6
0.2393336219933626,0.34596481848167776,U8,MN8014,24.994379194458578,4.3948071099758765,WPG,SSPG,0.05632535158815918,0.36735450523284807,0.2002635546540157,-1.5432248626061944,0,-4.49282612126639,999.1,9.7,36.6
0.23931593575486354,0.34598422336489165,U8,MN8014,24.994348441493443,4.395188823287362,WPG,SSPG,0.056328650276919676,0.36734638343818204,0.2002607972736554,-1.5432890439342768,2,-4.492927718595128,999.1,9.7,36.6
0.23927987266443657,0.34600254585512563,U8,MN8014,24.994483212053286,4.3954883923607,WPG,SSPG,0.0563116777886883,0.3673288122743428,0.20025795798966856,-1.5432129079731338,0,-4.492898790601789,999.1,9.7,36.6
0.23928887299046053,0.3460139059761577,U8,MN8014,24.99443898618788,4.39489973404403,WPG,SSPG,0.05630281606751645,0.3673259625241781,0.2002583566405223,-1.5431827041085466,3,-4.492981252955163,999.1,9.7,36.6
0.2392695867848395,0.3460631186056278,U8,MN8014,24.994504483723478,4.395416049744032,WPG,SSPG,0.056295138767934474,0.36731865883769427,0.20025944328562864,-1.543303579787081,3,-4.492920598066339,999.1,9.7,36.6
0.23928155032904838,0.3460127171542229,U8,MN8014,24.99445907637297,4.395674716328712,WPG,SSPG,0.05632193088294325,0.36732534868487104,0.20025663269305136,-1.5431990517386986,5,-4.492832690682285,999.1,9.7,36.6
0.23927177446739262,0.3460342173787681,U8,MN8014,24.994320847274874,4.395527518245612,WPG,SSPG,0.05631337625818206,0.3673222257064845,0.20025886788894032,-1.5432277061930175,5,-4.492857676479176,999.1,9.7,36.6
0.23926833864688563,0.34604831399077535,U8,MN8014,24.994370754075966,4.395442568816663,WPG,SSPG,0.05630724388828724,0.36731255972283905,0.2002548550997928,-1.5432121388201208,5,-4.49296208099277,999.1,9.7,36.6
0.23928888748214322,0.34601724108044674,U8,MN8014,24.994385680125585,4.395647999595658,WPG,SSPG,0.056308918914521354,0.367326631118995,0.20025627457742967,-1.5432163958235887,3,-4.492811843974927,999.1,9.7,36.6
0.23927132726582528,0.3460388199206419,U8,MN8014,24.99442484373208,4.395495482078089,WPG,SSPG,0.056308280559151415,0.3673113799561203,0.20025577963346589,-1.5431253664229483,2,-4.492982349142723,999.1,9.7,36.6
0.2392911996326213,0.34603089728194886,U8,MN8014,24.99455587187962,4.395416979760552,WPG,SSPG,0.05630327612389611,0.36731667124399064,0.2002548838924151,-1.543151716568205,1,-4.493036627308053,999.1,9.7,36.6
0.2392658493453693,0.34607566026010556,U8,MN8014,24.99463107657185,4.395699728423356,WPG,SSPG,0.05630386187107145,0.3672976716123023,0.2002524369211613,-1.543154995760774,5,-4.49318932439799,999.1,9.7,36.6
0.2392873898853562,0.3460536965804083,U8,MN8014,24.99452326397188,4.395604332270637,WPG,SSPG,0.056299505589987676,0.36731474515214535,0.20025642195771845,-1.5432232305871905,7,-4.493158861721126,999.1,9.7,36.6
0.23928600675623746,0.34606666797884816,U8,MN8014,24.99451304753336,4.39496469698966,WPG,SSPG,0.05631210112491948,0.3673141283922628,0.20025750307735612,-1.5432594550834244,4,-4.493177923118656,999.1,9.7,36.6
0.23929296886438994,0.346053235380931,U8,MN8014,24.9945287845779,4.395244474830865,WPG,SSPG,0.056299331578116896,0.3673205166052031,0.200257571436785,-1.5432731660673393,4,-4.493060342201646,999.1,9.7,36.6
0.2392914411873543,0.346056859864144,U8,MN8014,24.994451251783904,4.394846628165812,WPG,SSPG,0.05629605978958617,0.36731922332092437,0.20025708689040533,-1.543269502593451,4,-4.493027076060486,999.1,9.7,36.6
0.23928211339215055,0.346051125490182,U8,MN8014,24.994540675641325,4.395184030659525,WPG,SSPG,0.05630967081059853,0.36731194441506937,0.20025386111764465,-1.5432284814602677,4,-4.493175775907485,999.1,9.7,36.6
0.2392702043812101,0.346083441867467,U8,MN8014,24.9945935241624,4.395748337485953,WPG,SSPG,0.056295311720031736,0.36730364933798554,0.2002533942614362,-1.5432659334873702,2,-4.493172749694629,999.1,9.7,36.6
0.23929134784067102,0.34605122691919404,U8,MN8014,24.994561752888114,4.395662739713925,WPG,SSPG,0.056305787225224,0.3673102435924036,0.20025146999657323,-1.5431886065832006,5,-4.493068471942147,999.1,9.7,36.6
0.23928773739443737,0.3460552850880162,U8,MN8014,24.994597860454814,4.39537655115287,WPG,SSPG,0.05630668305339311,0.36731020749493754,0.2002529150865045,-1.5432182765179163,6,-4.493202358521158,999.1,9.7,36.6
0.23929475819508944,0.3460556878261326,U8,MN8014,24.99459277338976,4.395765421745811,WPG,SSPG,0.05630372757846366,0.3673135931923567,0.20025305880379463,-1.5432447230444866,1,-4.493135162842581,999.1,9.7,36.6
0.23928897977125374,0.3460660112901026,U8,MN8014,24.994624637023918,4.395362505924476,WPG,SSPG,0.05629741759933765,0.3673121016541131,0.20025330378607945,-1.5432773067853363,0,-4.4931249030475,999.1,9.7,36.6
0.23929945458956103,0.34604014129784066,U8,MN8014,24.994457561952412,4.39566729099079,WPG,SSPG,0.05630506173350126,0.3673241180951515,0.2002543154736014,-1.543306599493191,0,-4.493000123113399,999.1,9.7,36.6
0.23928759925302462,0.34605727610847314,U8,MN8014,24.994559298832748,4.395610683012759,WPG,SSPG,0.05629625916257443,0.36731443161467947,0.20025378123389145,-1.5432902442669862,1,-4.493204460465321,999.1,9.7,36.6
0.23929086972561095,0.3460670211306728,U8,MN8014,24.99461342421384,4.395654933736396,WPG,SSPG,0.05629235767592037,0.3673111179125874,0.20025297838884595,-1.5432720952645904,4,-4.493184511684859,999.1,9.7,36.6
0.23930104453436016,0.3460490376780344,U8,MN8014,24.994539324274502,4.395604075269845,WPG,SSPG,0.05630136609098578,0.36732023811498793,0.20025364970620183,-1.543305306873801,3,-4.493129143408307,999.1,9.7,36.6
0.23928688357693115,0.34607550546815385,U8,MN8014,24.99464600372074,4.395460395232174,WPG,SSPG,0.056289405321131636,0.3673095320099049,0.20025307710709933,-1.5433008113991353,6,-4.493226465497161,999.1,9.7,36.6
0.2392880214938761,0.3460750605224892,U8,MN8014,24.99459082375805,4.3956698297091865,WPG,SSPG,0.056292105482560306,0.36731151807951756,0.20025255823445803,-1.5433453395334586,0,-4.4932542258353365,999.1,9.7,36.6
0.23929599656335743,0.346059649692982,U8,MN8014,24.994511728525413,4.395318121986673,WPG,SSPG,0.056289860539705715,0.367324048272509,0.2002570514893407,-1.5433817988094367,4,-4.493144245298218,999.1,9.7,36.6
0.2392856647419472,0.34605983167040555,U8,MN8014,24.99454889381205,4.395486282601106,WPG,SSPG,0.05629717526286152,0.3673161888769276,0.20025471454953123,-1.5433187491993894,7,-4.4931711638858385,999.1,9.7,36.6
0.23928906223574126,0.3460672340437413,U8,MN8014,24.994465635018784,4.395455446297007,WPG,SSPG,0.05629572220207907,0.36732174247254545,0.20025689408390906,-1.543397853753892,1,-4.493143429117211,999.1,9.7,36.6
0.23928643321813434,0.3460774149342302,U8,MN8014,24.994502489484834,4.395595674455743,WPG,SSPG,0.05629102286451967,0.3673154102373898,0.20025427572320578,-1.5433818797297367,6,-4.4931495093201335,999.1,9.7,36.6
0.23929391204763012,0.3460624816139906,U8,MN8014,24.994547195502054,4.39571393080972,WPG,SSPG,0.05628817097371016,0.3673189891857265,0.2002549381306753,-1.5433433740968905,7,-4.493134800035065,999.1,9.7,36.6
0.23929745847945333,0.34606158565762285,U8,MN8014,24.994473454064444,4.395350517816598,WPG,SSPG,0.05629430081625421,0.3673231058172394,0.2002569594748542,-1.5433766912315872,6,-4.49319227779036,999.1,9.7,36.6
0.2392897329103802,0.3460718498937098,U8,MN8014,24.994497791126477,4.395476430509584,WPG,SSPG,0.05628842066533394,0.36731708571612065,0.200255820894798,-1.5433509092731212,1,-4.493162993885486,999.1,9.7,36.6
0.23928913658777334,0.34607573536783215,U8,MN8014,24.994532128287883,4.395543764552874,WPG,SSPG,0.05628672185506854,0.36731360888185394,0.20025458105660437,-1.5433347372095452,3,-4.493200626043958,999.1,9.7,36.6
0.23927574752186942,0.34608432713454834,U8,MN8014,24.994545300515217,4.395602745955982,WPG,SSPG,0.056288914338709715,0.36730676535144935,0.20025289406474656,-1.543320174858312,5,-4.4931935585657055,999.1,9.7,36.6
0.23928421618078266,0.34608404715173224,U8,MN8014,24.994544107540978,4.395513259848298,WPG,SSPG,0.056285906752978676,0.3673099715693195,0.20025366971569802,-1.5433395834224628,2,-4.493214604494943,999.1,9.7,36.6
0.23927620955208478,0.34608361312557306,U8,MN8014,24.99459521311601,4.395545398215963,WPG,SSPG,0.05628680135647076,0.36730663044706924,0.20025231841250785,-1.5433265893958161,0,-4.493202036965595,999.1,9.7,36.6
0.23928416640235672,0.3460831760160778,U8,MN8014,24.99459022681014,4.395631024294891,WPG,SSPG,0.05628376722864693,0.3673129586702225,0.20025453886537173,-1.5433730845185207,6,-4.4931838965823285,999.1,9.7,36.6
0.2392888243993671,0.34608437977864115,U8,MN8014,24.99458646076495,4.395591108370331,WPG,SSPG,0.05628301557303163,0.3673098867816479,0.20025351539748487,-1.5433364780501315,3,-4.493264619444744,999.1,9.7,36.6
0.23927618308895032,0.34609738581627625,U8,MN8014,24.994595648211174,4.395614212622876,WPG,SSPG,0.05628208014629742,0.36730458899633717,0.20025248575710966,-1.5433528668058307,7,-4.493239295325763,999.1,9.7,36.6
0.239278584616607,0.34609397411797815,U8,MN8014,24.994636996920576,4.39573505220393,WPG,SSPG,0.056286301561585816,0.3673030911980971,0.20025232855944902,-1.5433150543468241,7,-4.493292448801338,999.1,9.7,36.6
0.23927833563992817,0.3460919263555989,U8,MN8014,24.994602236451694,4.395725355185342,WPG,SSPG,0.056280311629459644,0.3673056262510962,0.20025300438011315,-1.5433356149963764,0,-4.493264312213112,999.1,9.7,36.6
0.23927593392173163,0.34609622396990014,U8,MN8014,24.994669486588254,4.395977181572565,WPG,SSPG,0.05627945137097098,0.36730207162303663,0.20025143859888678,-1.5433303163851915,6,-4.493284018799486,999.1,9.7,36.6
0.2392722176419024,0.34610165674122545,U8,MN8014,24.99463235768263,4.395962120913527,WPG,SSPG,0.056276912124192134,0.3672984921226201,0.20025106769514142,-1.5433070880511046,6,-4.493298460642675,999.1,9.7,36.6
0.23927348921121236,0.34610496661987566,U8,MN8014,24.994665485403353,4.395880523457407,WPG,SSPG,0.05627861337022623,0.36729762781002806,0.20025124580259065,-1.5432995472392987,0,-4.493299935664856,999.1,9.7,36.6
0.23927121465700424,0.3461029098398063,U8,MN8014,24.99464874019106,4.39580491608639,WPG,SSPG,0.05628029479706696,0.36729706522180006,0.20025128285227553,-1.5432834262067028,0,-4.4932835826268835,999.1,9.7,36.6
0.23927038664091926,0.34610483482635956,U8,MN8014,24.99468452649719,4.3958585529019265,WPG,SSPG,0.05627524606819258,0.36729855506268744,0.2002515463012686,-1.5433198725483988,1,-4.493285450048917,999.1,9.7,36.6
0.23927110611401203,0.34611669883363777,U8,MN8014,24.994662603490234,4.3958895326789635,WPG,SSPG,0.05627691153447355,0.3672964292213105,0.20025156016493237,-1.5433365150510197,7,-4.493325797272027,999.1,9.7,36.6
0.23928058006533265,0.3461049755386228,U8,MN8014,24.99464580538988,4.395831948440604,WPG,SSPG,0.05627827988024966,0.36730133785544794,0.20025204646170064,-1.5433360863496874,1,-4.493333406489883,999.1,9.7,36.6
0.23927915557862625,0.34610552713102594,U8,MN8014,24.994690697003904,4.395665761685136,WPG,SSPG,0.056274562768458894,0.3672997538120036,0.20025158921254851,-1.5433245191694687,7,-4.493341391020136,999.1,9.7,36.6
0.23928115070187675,0.3461089465317203,U8,MN8014,24.99470788445326,4.395680782723671,WPG,SSPG,0.056277372141467163,0.3673000373075139,0.20025144388062058,-1.543334843105748,5,-4.493301917666701,999.1,9.7,36.6
0.2392841685119398,0.34610328872601104,U8,MN8014,24.994694034550868,4.395671153613047,WPG,SSPG,0.05627759904376669,0.3673014654221516,0.20025111669198797,-1.5433301301129367,1,-4.493294544108599,999.1,9.7,36.6
0.23928934166864418,0.34609342873026194,U8,MN8014,24.994697402611536,4.395710773909262,WPG,SSPG,0.05627897997215735,0.367305452467725,0.200250886027463,-1.5433462214059104,1,-4.49328366108616,999.1,9.7,36.6
0.23928789739930895,0.34609463623360187,U8,MN8014,24.99469810922067,4.395789722250217,WPG,SSPG,0.056275541025582555,0.3673038909748022,0.20025033665029637,-1.5433466376351748,7,-4.493339201394711,999.1,9.7,36.6
0.23927747619729123,0.34610674876129255,U8,MN8014,24.994718859531858,4.395764258434336,WPG,SSPG,0.056280378265436734,0.3672983536536214,0.20025035968604446,-1.5433331965855288,3,-4.493339914763379,999.1,9.7,36.6
0.2392853023697935,0.3460898322037652,U8,MN8014,24.994713058569744,4.395842532996023,WPG,SSPG,0.056282702135667516,0.36730538821138364,0.20025107337539622,-1.543342077110802,4,-4.493291565795676,999.1,9.7,36.6
0.23929340398352364,0.3460917035080129,U8,MN8014,24.994722520196063,4.395659384478433,WPG,SSPG,0.05627941590632363,0.36730860898070455,0.20025196641045684,-1.5433696357535527,3,-4.493305021806604,999.1,9.7,36.6
0.2392909216482485,0.3460883562893212,U8,MN8014,24.994693436493062,4.395646439285032,WPG,SSPG,0.05628233490644373,0.3673085757744818,0.20025213656308577,-1.543353862794753,2,-4.493278211402876,999.1,9.7,36.6
0.2392872184195119,0.34609595841702645,U8,MN8014,24.99469404765816,4.395870015913033,WPG,SSPG,0.056283265086754686,0.36730411363127863,0.20025083535164515,-1.5433447781456626,5,-4.49330572339578,999.1,9.7,36.6
0.23927899463459612,0.34610614231380693,U8,MN8014,24.99471429778817,4.395699459268561,WPG,SSPG,0.05628215247021521,0.3673008886483835,0.2002510323449641,-1.5433600926591289,6,-4.4933333721947495,999.1,9.7,36.6
0.23928410850460147,0.3461042551028829,U8,MN8014,24.99473931636956,4.395751412334765,WPG,SSPG,0.05627838191506501,0.3673037074580597,0.20025077089100468,-1.5433931587911165,5,-4.493335345408614,999.1,9.7,36.6
0.23928883065818862,0.34610223192950385,U8,MN8014,24.994701924200605,4.39606872752848,WPG,SSPG,0.0562817850863072,0.367304573006983,0.20024975858207567,-1.5434074698264162,3,-4.49336926377376,999.1,9.7,36.6
0.23929724996120866,0.34608892108675116,U8,MN8014,24.994623787451047,4.395898276977094,WPG,SSPG,0.05628615655597221,0.3673138749596222,0.2002521690367452,-1.5434329320108326,0,-4.493281096119659,999.1,9.7,36.6
0.23928554327338086,0.34609077731633175,U8,MN8014,24.994668794069316,4.3961101170476935,WPG,SSPG,0.056292067985038906,0.36730696817989306,0.2002498822360531,-1.5433914800934192,5,-4.493262514682245,999.1,9.7,36.6
0.23928141495796812,0.3460920796057666,U8,MN8014,24.99468122235921,4.395974422561345,WPG,SSPG,0.05628373935825907,0.36730580436783833,0.20025076640029274,-1.5433771833822432,6,-4.493285440305954,999.1,9.7,36.6
0.23928911173246986,0.3460978520934213,U8,MN8014,24.99477055418086,4.3958022265892085,WPG,SSPG,0.05628243014751623,0.3673020046903825,0.20024901993637897,-1.5433573993502978,0,-4.4933878920729295,999.1,9.7,36.6
0.23928654923579673,0.3461059781005054,U8,MN8014,24.99472236583741,4.395888116687352,WPG,SSPG,0.056285108243563683,0.367302707552543,0.20024953103459184,-1.5433928253998992,1,-4.4933179794865215,999.1,9.7,36.6
0.2392794814197518,0.34610465508969157,U8,MN8014,24.994801145132524,4.396144619010029,WPG,SSPG,0.05627922747206974,0.36729819321784,0.20024828491915006,-1.5433524807433108,0,-4.493327345025179,999.1,9.7,36.6
0.23928822387330367,0.346096015725736,U8,MN8014,24.994765026135397,4.3958888239611245,WPG,SSPG,0.05628015487820198,0.3673032551419592,0.20024932145948143,-1.5433661517670134,3,-4.4933657918583485,999.1,9.7,36.6
0.23929115232917267,0.34609337426862974,U8,MN8014,24.994782748399366,4.39591786406337,WPG,SSPG,0.056278330359486005,0.3673041914999054,0.20025013413760057,-1.543347224207832,1,-4.4933643898309,999.1,9.7,36.6
0.2392804850965427,0.3461068055093166,U8,MN8014,24.994818271318795,4.396138031110749,WPG,SSPG,0.056276575117835,0.3672976498453959,0.20024883596122273,-1.5433453384185527,6,-4.49336479549752,999.1,9.7,36.6
0.23928182063889375,0.34610161765187664,U8,MN8014,24.99485478593862,4.395709287633641,WPG,SSPG,0.05627153492165725,0.36729851973371985,0.20024979944266585,-1.5433187670138202,3,-4.493373574725307,999.1,9.7,36.6
0.2392852044849603,0.34609897118968747,U8,MN8014,24.99481906971734,4.396095653856846,WPG,SSPG,0.05627697533157444,0.36729752384090675,0.2002478379117463,-1.5433148032510717,7,-4.493394974424193,999.1,9.7,36.6
0.23929343009663281,0.3460941628446924,U8,MN8014,24.99483996745104,4.39599183331047,WPG,SSPG,0.0562729681629779,0.36730362678916195,0.20024880575329462,-1.5433620585762997,0,-4.493387091541841,999.1,9.7,36.6
0.23928699846626264,0.3461080284138692,U8,MN8014,24.994842733008728,4.395876698277237,WPG,SSPG,0.056273141545593805,0.3673011450058813,0.20024961275503447,-1.5433786600071573,4,-4.4933513463128545,999.1,9.7,36.6
0.2392786789875419,0.3461113768912455,U8,MN8014,24.994871200726074,4.396156210599133,WPG,SSPG,0.05627006180662063,0.3672952795860816,0.20024776248784734,-1.543351858709872,5,-4.493385974758283,999.1,9.7,36.6
0.23929243335145,0.3461032671969296,U8,MN8014,24.994855528174583,4.396226234591435,WPG,SSPG,0.05627284938489417,0.36730244612963053,0.20024801177740012,-1.5433993404053454,6,-4.493388150628318,999.1,9.7,36.6
0.2392739510233537,0.34612718489510674,U8,MN8014,24.99485543794815,4.396224442057739,WPG,SSPG,0.05627083446040661,0.36729249614363846,0.20024770536878472,-1.543391604966193,3,-4.49341117790023,999.1,9.7,36.6
0.23928247364562294,0.34612731753568743,U8,MN8014,24.99487691261492,4.396232075232476,WPG,SSPG,0.05627338446123363,0.367295873788426,0.2002473525486439,-1.5434356716345912,3,-4.493418580941187,999.1,9.7,36.6
0.2392826084029995,0.34611710821309055,U8,MN8014,24.994862708630254,4.396308403957129,WPG,SSPG,0.056275274852790616,0.3672961025196351,0.20024670803910963,-1.5434052950093144,0,-4.493420248479664,999.1,9.7,36.6
0.23927131569610707,0.3461291704940651,U8,MN8014,24.9948709773836,4.396161251519212,WPG,SSPG,0.056273839080016874,0.36728983060092946,0.20024737385707442,-1.5433672823300688,5,-4.493418622060952,999.1,9.7,36.6
0.23926869440012577,0.34613605038310663,U8,MN8014,24.994898049483147,4.395987944783597,WPG,SSPG,0.056269366987028946,0.36728705457355043,0.20024651205823937,-1.5433741159098995,7,-4.49343683393168,999.1,9.7,36.6
0.23926782545749709,0.34614164575970835,U8,MN8014,24.994922573960444,4.396131570843137,WPG,SSPG,0.056271771240927096,0.36728561319041464,0.2002458788966999,-1.5433898831876502,3,-4.493448968358864,999.1,9.7,36.6
0.239255378917271,0.3461574509045841,U8,MN8014,24.99494582337365,4.396281486114527,WPG,SSPG,0.056270135712298205,0.3672763343858099,0.20024438492247046,-1.5433559986194847,0,-4.493450413546116,999.1,9.7,36.6
0.23925451061856778,0.3461668092641206,U8,MN8014,24.9949827820029,4.396263966065607,WPG,SSPG,0.05626680918932651,0.3672754655186301,0.20024472608828167,-1.5433799048990802,4,-4.4934525951380895,999.1,9.7,36.6
0.23925454743703833,0.34616762709340426,U8,MN8014,24.99499763388532,4.396392540145754,WPG,SSPG,0.056267812390376114,0.367272708616324,0.2002438461055717,-1.5433475856433385,0,-4.493452584639211,999.1,9.7,36.6
0.2392411591928526,0.3461915192543057,U8,MN8014,24.995121629179636,4.39680975092245,WPG,SSPG,0.05626755029205081,0.36725930907725274,0.20024015849344726,-1.5433368417954376,6,-4.493552063473157,999.1,9.7,36.6
0.2392358658952438,0.3461862159017147,U8,MN8014,24.995095621991307,4.396728238601104,WPG,SSPG,0.056269019902743855,0.36725694830991684,0.200239703100458,-1.543284127914284,7,-4.493497862016332,999.1,9.7,36.6
0.23922813828578388,0.3461926334584287,U8,MN8014,24.995123581146547,4.396806374163418,WPG,SSPG,0.05626855810187138,0.36725181499562976,0.20023982686345962,-1.5432442021446746,5,-4.493515367470046,999.1,9.7,36.6
0.23922443322918854,0.3461867767447933,U8,MN8014,24.995098832216033,4.396426816906628,WPG,SSPG,0.056275682636528455,0.36725013351218927,0.2002393655252851,-1.543209317201626,3,-4.49352821338876,999.1,9.7,36.6
0.2392266168415687,0.3461805018227174,U8,MN8014,24.99511772313672,4.39678330367761,WPG,SSPG,0.05627571056919735,0.36725131057300275,0.20023861036636764,-1.5432114849495775,1,-4.493534287942101,999.1,9.7,36.6
0.2392240719755419,0.34619123168157234,U8,MN8014,24.995195630483977,4.396719765692404,WPG,SSPG,0.05627557379059313,0.3672491981195459,0.20023799175998677,-1.5432458987296198,3,-4.493550807680501,999.1,9.7,36.6
0.23920963974976997,0.3462317859225419,U8,MN8014,24.995287718282306,4.396769847747226,WPG,SSPG,0.056264385372563605,0.36723650724308055,0.20023693233038997,-1.5432714434417685,2,-4.493619221403003,999.1,9.7,36.6
0.239207307400159,0.34623886320801,U8,MN8014,24.995321978569592,4.396820225418548,WPG,SSPG,0.05625946843651889,0.36723183767436146,0.20023540970282908,-1.543257237513911,1,-4.493652717761542,999.1,9.7,36.6
0.2391915156354587,0.3462335389406288,U8,MN8014,24.99528368386341,4.396610852662403,WPG,SSPG,0.05626659349611783,0.3672293839097939,0.2002365300506925,-1.5432026934564609,3,-4.49355158023595,999.1,9.7,36.6
0.23921346964650858,0.3462140558631129,U8,MN8014,24.995234631885697,4.396679788791986,WPG,SSPG,0.056267712446516883,0.3672398545134474,0.20023672863924732,-1.5432325470203452,5,-4.493556865949191,999.1,9.7,36.6
0.23920220787783658,0.34623873753578116,U8,MN8014,24.99535309814354,4.396760050877003,WPG,SSPG,0.056265650279279156,0.36722837117558566,0.20023445904731474,-1.5432227082028078,0,-4.493624598911488,999.1,9.7,36.6
0.23919496749374053,0.34624553524080404,U8,MN8014,24.995332787524198,4.396786499696242,WPG,SSPG,0.05626825989789595,0.36722450262558426,0.2002328234349242,-1.5432265347438094,2,-4.493580241590331,999.1,9.7,36.6
0.23918565339420617,0.3462600068727194,U8,MN8014,24.995370022921097,4.396639839443846,WPG,SSPG,0.05625960816397476,0.3672178977266676,0.2002328246307249,-1.5431999603427753,6,-4.49358365622132,999.1,9.7,36.6
0.23917384059706798,0.34628924879036604,U8,MN8014,24.995477626367816,4.396676165244399,WPG,SSPG,0.0562460990989457,0.3672080747295268,0.20023223455611053,-1.5432209717525351,2,-4.49369885668612,999.1,9.7,36.6
0.23918783802578936,0.3462674766102074,U8,MN8014,24.995398246713883,4.396500644141728,WPG,SSPG,0.05625725651992416,0.3672172304295872,0.20023252572735079,-1.543234051661528,1,-4.493663416458627,999.1,9.7,36.6
0.2391872640554315,0.3462693697030085,U8,MN8014,24.995435265003458,4.396448196006454,WPG,SSPG,0.056241355843560395,0.3672194344688853,0.20023262395185962,-1.5432767680096056,6,-4.493619036477613,999.1,9.7,36.6
0.23920678180762045,0.34625615687699485,U8,MN8014,24.99534657155736,4.396846675520764,WPG,SSPG,0.0562417890939433,0.367230759299767,0.2002342353315656,-1.5433265215058352,5,-4.4935932222357415,999.1,9.7,36.6
0.2392191489389977,0.34623313655461524,U8,MN8014,24.995302810531008,4.396841933369282,WPG,SSPG,0.05623839899234301,0.36723909782137976,0.20023522636489063,-1.5433256686795138,5,-4.493637236246542,999.1,9.7,36.6
0.23924035385347703,0.3462132854051583,U8,MN8014,24.995173172582394,4.396696837650287,WPG,SSPG,0.05624562963344536,0.3672486911452734,0.20023709409442988,-1.543330650143818,2,-4.485844223285431,999.1,9.7,36.7
0.23921683602866467,0.346216756152766,U8,MN8014,24.99533172047093,4.396754036354194,WPG,SSPG,0.05623552133195703,0.36723722124654745,0.2002326727364445,-1.5432618214445153,0,-4.493583647634702,999.1,9.7,36.6
0.2392298563249578,0.34620713892666843,U8,MN8014,24.9953121305204,4.396862297552221,WPG,SSPG,0.056247904809820747,0.36723894695568615,0.20023060846055604,-1.543282802465089,7,-4.4858548882359095,999.1,9.7,36.7
0.23924023551904477,0.3462066957456652,U8,MN8014,24.99529409343965,4.396797533407836,WPG,SSPG,0.05623872599502776,0.3672412862200731,0.20023194384974033,-1.5432910919003155,5,-4.486022854018218,999.1,9.7,36.7
0.23924595630385176,0.3462001694704045,U8,MN8014,24.99531138414959,4.395967463838068,WPG,SSPG,0.05623062104642421,0.3672487228953511,0.20023414270895504,-1.5433525026564128,1,-4.486084798630333,999.1,9.7,36.7
0.23928086703908247,0.34620328337684203,U8,MN8014,24.995237845433532,4.396565306676791,WPG,SSPG,0.05621250917561761,0.3672631606211624,0.20023471927892283,-1.543517708797165,3,-4.486210196963954,999.1,9.7,36.7
0.2392936991556936,0.3461649613186568,U8,MN8014,24.995205338369992,4.396268160761731,WPG,SSPG,0.056206464907588106,0.36726927472662546,0.20023439158134598,-1.5434435164241618,1,-4.4863549891389525,999.1,9.7,36.7
0.23932790130516562,0.3461385559062245,U8,MN8014,24.994977451660155,4.3960264840569305,WPG,SSPG,0.056233623013945,0.36728642660837063,0.20023875188665607,-1.5434767772962985,6,-4.486570538361544,999.1,9.7,36.7
0.23932440723623138,0.3461455478455409,U8,MN8014,24.994935892399646,4.396493508401118,WPG,SSPG,0.05621963906673059,0.3672809773967168,0.2002373966504884,-1.5435003069528583,0,-4.486909709474848,999.1,9.7,36.7
0.2392790303903522,0.34624668837710726,U8,MN8014,24.995290313945393,4.396816173123262,WPG,SSPG,0.056207691742923026,0.3672330094446411,0.20022967216924242,-1.5433969046447742,0,-4.4870638551337425,999.1,9.7,36.7
0.23933635592377056,0.34619648363028643,U8,MN8014,24.994983271984932,4.396326615563766,WPG,SSPG,0.056209714549932746,0.36726804444545047,0.20023277760794742,-1.543601962051979,0,-4.487334516736373,999.1,9.7,36.7
0.23929145313113298,0.34624724306776666,U8,MN8014,24.995255211557822,4.396429768750224,WPG,SSPG,0.056203851444688945,0.3672280053680159,0.20022660387090352,-1.5434153515964042,0,-4.487632891925731,999.1,9.7,36.7
0.2393138530834656,0.34618562872541303,U8,MN8014,24.995263485228328,4.396570448073381,WPG,SSPG,0.05621558917188786,0.3672334597067292,0.2002249652001184,-1.54323973837048,2,-4.487910111535449,999.1,9.7,36.7
0.23934872307703214,0.34622236600613576,U8,MN8014,24.995241972443097,4.397362399266142,WPG,SSPG,0.05618009910105989,0.36724643599151047,0.20022632894274886,-1.5435739427794812,7,-4.4883609276439245,999.1,9.7,36.7
0.2393620070205812,0.346222584632016,U8,MN8014,24.995546540911835,4.3962927473290705,WPG,SSPG,0.05617906334235699,0.36723524059318796,0.20022113268733438,-1.5434835631786938,1,-4.488707497874046,999.1,9.7,36.7
0.2392989059981757,0.34635317952556954,U8,MN8014,24.99580510659399,4.396637509906466,WPG,SSPG,0.056188923592344384,0.36719908394942746,0.20021758481900545,-1.5436127141990212,4,-4.490086238805922,999.0,9.7,36.7
0.23932926638865276,0.34635470926870204,U8,MN8014,24.995808583179677,4.39624228428566,WPG,SSPG,0.05618765209385238,0.36719735000744674,0.2002134503739218,-1.5436510290817407,6,-4.490646945757179,999.0,9.7,36.7
0.23941792212709148,0.3463788035760778,U8,MN8014,24.99576288554592,4.396676723221478,WPG,SSPG,0.056174228984802455,0.3672262179035214,0.20021051999518444,-1.544283765916025,5,-4.492059215911295,999.0,9.7,36.7
0.2394422516384423,0.3464281409007675,U8,MN8014,24.995834725412255,4.398386855387345,WPG,SSPG,0.05614767406926423,0.3671997272745177,0.2002007704657845,-1.5443003986936197,2,-4.4932088758979365,999.0,9.7,36.7
0.23933024102452893,0.3465147358955886,U8,MN8014,24.996217968878167,4.397336686219647,WPG,SSPG,0.05611910516203357,0.3671324476884508,0.20018979524236621,-1.5440931104218536,0,-4.493485382991169,999.0,9.7,36.7
0.23940302310926825,0.3464627078546137,U8,MN8014,24.99629494987709,4.398154618981776,WPG,SSPG,0.05612214753408248,0.36716196650562566,0.20018212933982835,-1.5442088193495884,7,-4.493033914946416,999.0,9.7,36.7
0.2393687637199865,0.34654895602974756,U8,MN8014,24.99635160622264,4.4000901503761165,WPG,SSPG,0.05613629815122133,0.3671320536911874,0.2001785470382373,-1.5443305860433398,6,-4.493604386979484,999.0,9.7,36.7
0.23952365302275183,0.34635860302079924,U8,MN8014,24.995651712182866,4.398856643286195,WPG,SSPG,0.056132236776628916,0.3672306174014682,0.20018436419470204,-1.5446061398109203,5,-4.493469769133018,999.0,9.7,36.7
0.2395790421903216,0.3464081081999655,U8,MN8014,24.99632824151414,4.398025005707627,WPG,SSPG,0.05605898993701538,0.3672108419160146,0.2001765397257563,-1.544547088962333,2,-4.494201063009736,999.0,9.7,36.7
0.23947153310887004,0.346493265961358,U8,MN8014,24.996489371802365,4.398127005940846,WPG,SSPG,0.0560295343482217,0.36717175604134145,0.2001764846315141,-1.5444839513911917,2,-4.49360669171681,999.0,9.7,36.7
0.23966961779677665,0.3461713725508246,U8,MN8014,24.995731457422043,4.39494121412254,WPG,SSPG,0.05616667128610323,0.36729796250095126,0.20018599219702066,-1.544519348847289,4,-4.4936714888281575,999.0,9.7,36.7
0.2396758676535377,0.3461510617215455,U8,MN8014,24.995650466176365,4.39603866005375,WPG,SSPG,0.05615525155547788,0.3673075651802935,0.20018547678944265,-1.544637792065581,1,-4.493928938347121,999.0,9.7,36.7
0.2395367307905861,0.3463660804457864,U8,MN8014,24.996235342129264,4.396306905969962,WPG,SSPG,0.056084709046735,0.36721722263939804,0.20018471744316074,-1.5444059321873829,6,-4.493768779887654,999.0,9.7,36.7
0.23955537926799142,0.3462999914613033,U8,MN8014,24.99650215593339,4.396888040947365,WPG,SSPG,0.05607477408775213,0.36721463751374794,0.20018453460882285,-1.5440412305660924,4,-4.493968648709906,999.0,9.7,36.7
0.23963014562279575,0.34625770314967036,U8,MN8014,24.99624672309824,4.3967480423896665,WPG,SSPG,0.056123892305072164,0.36726366675084876,0.20019052188669176,-1.5444133728183465,6,-4.49408965913328,999.0,9.7,36.7
0.23953892979531313,0.3463183570249937,U8,MN8014,24.99630113618625,4.397379658254437,WPG,SSPG,0.05616488128826941,0.3672114324387574,0.20018157430131925,-1.5441082874995842,2,-4.4935803178315314,999.0,9.7,36.7
0.23938294071353097,0.3464756818275957,U8,MN8014,24.997113464031205,4.396746050277232,WPG,SSPG,0.056144330909158546,0.3670954003632029,0.20016293670745078,-1.543640801966463,0,-4.493994028950482,999.0,9.7,36.7
0.2395080649206,0.34641695888061835,U8,MN8014,24.996552424327398,4.395563305947548,WPG,SSPG,0.05615066496580613,0.36717104879775575,0.20017495203620997,-1.5441617567514363,1,-4.494304469842632,999.0,9.7,36.7
0.23950901621561152,0.3464157127866375,U8,MN8014,24.996902720953223,4.3960612738751825,WPG,SSPG,0.05616479752152111,0.3671489417291389,0.20016764942752843,-1.543910570225676,0,-4.49445586912776,999.0,9.7,36.7
0.2395052265636715,0.34643433123210826,U8,MN8014,24.9966369285854,4.396391042572571,WPG,SSPG,0.056168227876819646,0.3671732093127813,0.2001750370944538,-1.5442362589536205,2,-4.49397865614748,999.0,9.7,36.7
0.23941419907083122,0.34654215072162214,U8,MN8014,24.99690916309664,4.397214514219806,WPG,SSPG,0.05613595643899113,0.3671303041196493,0.2001752102083836,-1.5442167274165368,4,-4.493787891941912,999.0,9.7,36.7
0.2395772942420194,0.3463591564142086,U8,MN8014,24.99634035725822,4.394664425403827,WPG,SSPG,0.05616685191858327,0.36723439412210973,0.20018670581900144,-1.5445610356895674,1,-4.493947573226325,999.0,9.7,36.7
0.23950788259118044,0.34642614638638336,U8,MN8014,24.99657026909633,4.397256512494989,WPG,SSPG,0.05615658081263765,0.3671919135666354,0.20018274580116951,-1.544386367415692,1,-4.493905618307496,999.0,9.7,36.7
0.23949522168271709,0.34647786361055366,U8,MN8014,24.996626488239215,4.396139925696423,WPG,SSPG,0.05613981679587919,0.3671779031035204,0.2001807276029935,-1.5444889913268591,3,-4.494184797107797,999.0,9.7,36.7
0.23947329567776524,0.34646981863693627,U8,MN8014,24.996569243753118,4.396828379624815,WPG,SSPG,0.05613731304273829,0.36716689751784626,0.2001799199115487,-1.5442611934427768,0,-4.493764529947793,999.0,9.7,36.7
0.23951671978353511,0.346449966704788,U8,MN8014,24.996396983843635,4.396869189826077,WPG,SSPG,0.056107805549987524,0.367189466848619,0.20018797584292727,-1.5443613216044607,2,-4.49419849047462,999.0,9.7,36.7
0.23942160182674738,0.3465768675174598,U8,MN8014,24.996557624555717,4.39532943902662,WPG,SSPG,0.05608300119361137,0.3671394986561613,0.2001932074503756,-1.5442130902640256,2,-4.49400100679485,999.0,9.7,36.7
0.2395279583330568,0.346459520321221,U8,MN8014,24.99622806111587,4.3960906567085285,WPG,SSPG,0.05612717894836218,0.3672023577437223,0.20019383603566632,-1.5444755395968877,6,-4.494086019337182,999.0,9.7,36.7
0.2394992752539119,0.3465481395393869,U8,MN8014,24.996130906293065,4.3969604557324775,WPG,SSPG,0.05605974163296007,0.3671927189324677,0.20019920016199189,-1.5446852901670387,6,-4.494058059333861,999.0,9.7,36.7
0.23959878731015072,0.34642392110250586,U8,MN8014,24.996008413688507,4.396761498043027,WPG,SSPG,0.056075808948604255,0.36722922635262456,0.20019634991334828,-1.5445457277359518,0,-4.494319969111778,999.0,9.7,36.7
0.23947422973684024,0.34660230000926473,U8,MN8014,24.996717400983567,4.397588432616415,WPG,SSPG,0.0560813665907877,0.36714447555352137,0.20017952466111952,-1.5445453584602034,3,-4.494348497411563,999.0,9.7,36.7
0.23952676885767615,0.34656457755731196,U8,MN8014,24.996534990714963,4.398376358212974,WPG,SSPG,0.05610494436929564,0.3671680275008845,0.2001824643634876,-1.5445755205934018,7,-4.494384242051735,999.0,9.7,36.7
0.23955983604208003,0.3465055860639821,U8,MN8014,24.996314747402685,4.39785660663549,WPG,SSPG,0.05611636239011496,0.36719729594190503,0.20019385818923124,-1.5445357136881714,6,-4.494431835471232,999.0,9.7,36.7
0.23967107368663054,0.3464077199392595,U8,MN8014,24.995777143068025,4.397308800219424,WPG,SSPG,0.05612495388835949,0.3672681786465594,0.2002010036577521,-1.5448624756181284,0,-4.494348486350395,999.0,9.7,36.7
0.23961297230484935,0.34647886020436647,U8,MN8014,24.996310142957675,4.396838576441812,WPG,SSPG,0.05609925193013186,0.3672150881782845,0.20018788011419586,-1.5446968265721006,1,-4.494619633621603,999.0,9.7,36.7
0.23981673384729046,0.3462282697515987,U8,MN8014,24.995540303140434,4.395703342177115,WPG,SSPG,0.05614284075032781,0.36734856265028476,0.2002043377970417,-1.5450116523562345,3,-4.494536396328625,999.0,9.7,36.7
0.2397960051693483,0.34631216910008644,U8,MN8014,24.995788962532608,4.396486185421019,WPG,SSPG,0.05607051140665119,0.36732948405214294,0.20019866470505654,-1.5452442215223439,4,-4.494738669609422,999.0,9.7,36.7
0.2398374923509828,0.34631294614720354,U8,MN8014,24.995439969092168,4.396611491769859,WPG,SSPG,0.05610659299465147,0.3673559218754966,0.2002089257262979,-1.5454062115381868,1,-4.494767643668197,999.0,9.7,36.7
0.23975191260044343,0.34635168169439146,U8,MN8014,24.99562203635352,4.396908617798653,WPG,SSPG,0.05615249853671657,0.3673130969738843,0.20020371806077636,-1.5451556731622245,4,-4.494586241892398,999.0,9.7,36.7
0.2399025314462443,0.3462615533521093,U8,MN8014,24.99536217901794,4.396673703487746,WPG,SSPG,0.05616383370429819,0.36738675129016096,0.20020667492024777,-1.5455441991318828,7,-4.494638451629452,999.0,9.7,36.7
0.2398268877435171,0.34633205671089845,U8,MN8014,24.99563695325613,4.397432866752537,WPG,SSPG,0.05617755012395774,0.36733749907878954,0.20019354394326813,-1.5454990927960157,3,-4.4948934350392005,999.0,9.7,36.7
0.2397633526027298,0.3464005663529078,U8,MN8014,24.99601948852392,4.397636521873782,WPG,SSPG,0.05610234057421165,0.36728509599689824,0.20018461940400317,-1.5452081699381268,0,-4.4948457841264275,999.0,9.7,36.7
0.23973781053174717,0.3464051747372003,U8,MN8014,24.996089019567254,4.397113345664684,WPG,SSPG,0.056079921419461484,0.3672779032531841,0.20018869130787204,-1.5451219978011639,3,-4.494898059454176,999.0,9.7,36.7
0.23980791940965418,0.3463152740932369,U8,MN8014,24.995723294481454,4.3981194896995826,WPG,SSPG,0.05612621471220588,0.3673114356325946,0.2001903141688951,-1.5450647972574045,6,-4.49493859591788,999.0,9.7,36.7
0.2398732230141971,0.3462517505482716,U8,MN8014,24.99538106452853,4.397726025661534,WPG,SSPG,0.05613102190521181,0.3673616813264701,0.2001974682068028,-1.545333700324212,5,-4.494850109647015,999.0,9.7,36.7
0.23985393821553902,0.34626277197211885,U8,MN8014,24.995726916506452,4.397642204824663,WPG,SSPG,0.05611031988545562,0.36734324436240173,0.20018830650976746,-1.5452823822792552,6,-4.494853795419239,999.0,9.7,36.7
0.2398429255922584,0.34624381747239935,U8,MN8014,24.995660635308976,4.398062416224787,WPG,SSPG,0.05611888152004877,0.36734009433414544,0.20019171832413712,-1.545102777514451,4,-4.494789436251812,999.0,9.7,36.7
0.23980549727428163,0.34631397963406774,U8,MN8014,24.995814479062776,4.399248266870225,WPG,SSPG,0.0561330707069296,0.3673168643226257,0.20019044051779128,-1.5451520713304687,4,-4.494826098151091,999.0,9.7,36.7
0.2398420535220631,0.3462872995591216,U8,MN8014,24.995751505291818,4.398776971039938,WPG,SSPG,0.05612785930737846,0.36732772451314166,0.20018788127233397,-1.5451846573196943,4,-4.495028878252054,999.0,9.7,36.7
0.23976843684729354,0.34638479224384155,U8,MN8014,24.996041920903796,4.399887123742298,WPG,SSPG,0.05610974641453087,0.3672864148222429,0.20018093290464448,-1.5452190338999645,2,-4.494885245387703,999.0,9.7,36.7
0.23978506803279825,0.34637970616638086,U8,MN8014,24.996087460811346,4.399461114181334,WPG,SSPG,0.056096730841665124,0.3672903340110597,0.20017953058932375,-1.545248291533026,2,-4.494954944425805,999.0,9.7,36.7
0.23977262292780827,0.3463452564340459,U8,MN8014,24.99619864401795,4.400130618839321,WPG,SSPG,0.05611669233029591,0.3672885696132253,0.20018308753118602,-1.5450535469576843,0,-4.494987055705273,999.0,9.7,36.7
0.23978352165840996,0.3463382359672691,U8,MN8014,24.996150334812608,4.399272398613086,WPG,SSPG,0.056150458830965776,0.367290157669676,0.2001867997786269,-1.5449181799238396,3,-4.494825352453681,999.0,9.7,36.7
0.23978814826409806,0.3463596642296226,U8,MN8014,24.99628117219323,4.399976969486147,WPG,SSPG,0.056147467060983135,0.3672842377666102,0.20017973336574238,-1.5450652160404166,3,-4.495083445853499,999.0,9.7,36.7
0.23981760418354975,0.3462907469315922,U8,MN8014,24.995651318777508,4.398358595029638,WPG,SSPG,0.05613838968010768,0.36733023775060014,0.2001959835520438,-1.5451305362664016,0,-4.49471790352162,999.0,9.7,36.7
0.23977414528688024,0.3463636226574435,U8,MN8014,24.99615271022041,4.39936283113813,WPG,SSPG,0.05613245577887255,0.3672803108017432,0.2001837300325438,-1.5449829296767001,3,-4.495096919591976,999.0,9.7,36.7
0.2397940625686682,0.34634544276480966,U8,MN8014,24.995944878601595,4.398739106993869,WPG,SSPG,0.056104483996023954,0.36730003977532655,0.2001901547552118,-1.545056943865874,1,-4.495003862776066,999.0,9.7,36.7
0.2397700812599356,0.3463568357264526,U8,MN8014,24.995949576302507,4.399679521570027,WPG,SSPG,0.05609650919227952,0.3672941634923527,0.2001901462042512,-1.5450681621244164,7,-4.494919189199614,999.0,9.7,36.7
0.23976479539633497,0.34635867655402175,U8,MN8014,24.996051396923285,4.399690984018993,WPG,SSPG,0.05614591502605807,0.367277747135379,0.200183421840615,-1.5449406436469648,5,-4.495050744736149,999.0,9.7,36.7
0.2397675483775868,0.34639866817256215,U8,MN8014,24.99609748890325,4.399682756810557,WPG,SSPG,0.05610740727502918,0.3672800359179878,0.20018834753238815,-1.5450579501983772,3,-4.495025585924932,999.0,9.7,36.7
0.23976807001947364,0.34638165492912854,U8,MN8014,24.99617776168249,4.40006808585675,WPG,SSPG,0.05610473564915558,0.3672785526270112,0.20018474547148235,-1.5450300583675025,2,-4.495083665540895,999.0,9.7,36.7
0.23978601290051832,0.3463864974161374,U8,MN8014,24.99602096542903,4.399449269453153,WPG,SSPG,0.05611169170520328,0.36729236030557033,0.20018880230742178,-1.5451681200064122,7,-4.495081613019291,999.0,9.7,36.7
0.2397705644784453,0.34638934077802025,U8,MN8014,24.99617218486819,4.399555818587822,WPG,SSPG,0.056115070390190314,0.36727715548478485,0.20018590259993588,-1.545012410690578,0,-4.495100854596002,999.0,9.7,36.7
0.23977211421393924,0.3463899079032326,U8,MN8014,24.99613588051847,4.399654297603079,WPG,SSPG,0.056118978508148495,0.36728051220937524,0.20018441239034251,-1.5450877013870665,1,-4.495041186752456,999.0,9.7,36.7
0.23979013857960868,0.34639504137855215,U8,MN8014,24.99609464792191,4.399564829686163,WPG,SSPG,0.05607994136760045,0.3672861388055245,0.20018501164026262,-1.5451624587414425,7,-4.495193807399559,999.0,9.7,36.7
0.2397611671757952,0.3464340151714365,U8,MN8014,24.99613213196481,4.400031199574922,WPG,SSPG,0.056089800605514176,0.367276734773624,0.20018779119587585,-1.5452025671318956,3,-4.495110545666503,999.0,9.7,36.7
0.2397776034330007,0.3463888411717414,U8,MN8014,24.996157389248285,4.399891676755367,WPG,SSPG,0.05611200606255601,0.36727954378091276,0.20018526820103774,-1.545052934469695,4,-4.495171227647946,999.0,9.7,36.7
0.23978045437928885,0.34643012050375444,U8,MN8014,24.99615224905235,4.4001101808928755,WPG,SSPG,0.05610667538425483,0.3672787928313363,0.20018451609173202,-1.5452228766458882,7,-4.495149070788845,999.0,9.7,36.7
0.2397589910379988,0.346442120262934,U8,MN8014,24.996192387626174,4.3993610500974,WPG,SSPG,0.05609404440266702,0.3672703957910887,0.20018601303467637,-1.5451529570343983,1,-4.4950580715386845,999.0,9.7,36.7
0.2397771085496157,0.34643170180588223,U8,MN8014,24.996106467820926,4.399963977562995,WPG,SSPG,0.056088303043936846,0.36727994859042873,0.20018699262814776,-1.5452177530938553,2,-4.49516278835892,999.0,9.7,36.7
0.23974888683884746,0.34644215151703256,U8,MN8014,24.996255800231637,4.3998803953136365,WPG,SSPG,0.05609888303757874,0.3672608020944603,0.20018467558968145,-1.5450532953299967,6,-4.49515402121701,999.0,9.7,36.7
0.2397458512476594,0.34646095828935064,U8,MN8014,24.996343207555483,4.400222694049161,WPG,SSPG,0.05608468461949544,0.3672533718506414,0.20018210138469972,-1.545073334058383,4,-4.495243198071769,999.0,9.7,36.7
0.23975430096724762,0.34645426235441623,U8,MN8014,24.996310831789355,4.400175925528481,WPG,SSPG,0.0560891786263766,0.367260278404671,0.20018269906358352,-1.5451268032968963,5,-4.49521845078748,999.0,9.7,36.7
0.23973208211028219,0.34646687232760254,U8,MN8014,24.996332349519818,4.4003128852738005,WPG,SSPG,0.05609090989164606,0.3672444270134706,0.2001808155719037,-1.54500201420009,7,-4.495229466542851,999.0,9.7,36.7
0.23974629493812738,0.34645917385597536,U8,MN8014,24.996246086653727,4.40032825843573,WPG,SSPG,0.05608571043865888,0.36725739516335876,0.20018419263992238,-1.5450931362868252,3,-4.495216667194567,999.0,9.7,36.7
0.23974577355230037,0.3464654106611011,U8,MN8014,24.9962924439097,4.400484633565806,WPG,SSPG,0.05608335661979093,0.3672572826947321,0.2001847341025711,-1.5451106920328805,5,-4.495204675999334,999.0,9.7,36.7
0.23973659648829698,0.34647262810457796,U8,MN8014,24.99634341142078,4.400270978245187,WPG,SSPG,0.05608701758575078,0.3672455091405625,0.2001814108235805,-1.545024384878121,4,-4.4952466362219,999.0,9.7,36.7
0.23971676805707326,0.3464889606174161,U8,MN8014,24.996318620224212,4.400038351231337,WPG,SSPG,0.05608990868225568,0.367237489726159,0.20018226457023464,-1.5449950976399955,2,-4.495206863714738,999.0,9.7,36.7
0.23972668198989744,0.34649249637788715,U8,MN8014,24.99640083368501,4.400128754728324,WPG,SSPG,0.05608861441739529,0.3672367018190516,0.20017937653227702,-1.5450337267455132,1,-4.495307067471195,999.0,9.7,36.7
0.2397101746690059,0.3465020983741772,U8,MN8014,24.99644609477379,4.400001408022972,WPG,SSPG,0.05608426572546815,0.3672280991075153,0.20017880904962487,-1.5449803414528163,1,-4.495275228319892,999.0,9.7,36.7
0.23969086406481077,0.3465230748936555,U8,MN8014,24.996514080447245,4.399883840809144,WPG,SSPG,0.056081082684865634,0.3672099683583445,0.20017604689437715,-1.5448656775215583,5,-4.495333947339045,999.0,9.7,36.7
0.23966927382997405,0.34654325035173306,U8,MN8014,24.996540431083,4.399959160419986,WPG,SSPG,0.05607214704050915,0.36720203988056777,0.20017569414740058,-1.5448745250698892,2,-4.495239105767514,999.0,9.7,36.7
0.2397009766850116,0.3465082353748493,U8,MN8014,24.99652159079478,4.400160524137772,WPG,SSPG,0.05607689662405072,0.3672181040494837,0.20017625417855553,-1.5449009490772714,4,-4.495273854565967,999.0,9.7,36.7
0.239677743980431,0.34653849308918616,U8,MN8014,24.9965679581171,4.399431239348201,WPG,SSPG,0.056076639273600216,0.36720295242638396,0.20017509029312344,-1.5448565088495538,0,-4.495262973061779,999.0,9.7,36.7
0.23969109184511178,0.3465259459262693,U8,MN8014,24.996439454833297,4.399592846095639,WPG,SSPG,0.05607593686574398,0.3672169748537685,0.2001783203598294,-1.5449482603873594,5,-4.495240002850142,999.0,9.7,36.7
0.2396778520306127,0.34655047573273323,U8,MN8014,24.996613899297305,4.3997712417710115,WPG,SSPG,0.05606535171537025,0.36720162780954957,0.20017455303762566,-1.5448990987027045,1,-4.495283292641073,999.0,9.7,36.7
0.23968983202729016,0.34653444567604363,U8,MN8014,24.99659863294116,4.399814608750871,WPG,SSPG,0.05606168860925963,0.3672104851754725,0.20017462137636782,-1.5449533897277636,5,-4.495311575986545,999.0,9.7,36.7
0.23969304207835473,0.3465194483751518,U8,MN8014,24.99658273297072,4.399696649801812,WPG,SSPG,0.056069264512985315,0.3672117121270614,0.20017484077013661,-1.5448960047777245,4,-4.495324783192011,999.0,9.7,36.7
0.23966293803346217,0.346543663889886,U8,MN8014,24.996630707899225,4.399755428147324,WPG,SSPG,0.05607108023854127,0.3671944807817942,0.20017438624488768,-1.54480012332137,2,-4.495328200798925,999.0,9.7,36.7
0.23967681516474143,0.3465425711500002,U8,MN8014,24.99659470080008,4.399832599085119,WPG,SSPG,0.056074555304385154,0.367204599519384,0.2001767136458593,-1.5448923094411424,0,-4.495326432564351,999.0,9.7,36.7
0.2396895277912466,0.34652800684452034,U8,MN8014,24.99649602574703,4.3992134621325265,WPG,SSPG,0.056073034841177684,0.36721526379535746,0.20017830581003784,-1.5449393238796363,2,-4.495273727241868,999.0,9.7,36.7
0.2396894593050325,0.34651931119915147,U8,MN8014,24.996557287155092,4.39982926622303,WPG,SSPG,0.056086835904239386,0.3672160034550155,0.20017759734314539,-1.5449324861720586,1,-4.495280854137292,999.0,9.7,36.7
0.23969052672362598,0.3465202005061262,U8,MN8014,24.996510070988958,4.399594444796187,WPG,SSPG,0.056080724734610066,0.3672156088685571,0.200177074719889,-1.544929452217496,0,-4.495266801901042,999.0,9.7,36.7
0.23968643400333123,0.3465304113400237,U8,MN8014,24.996558387598373,4.399600683771188,WPG,SSPG,0.05607598002760082,0.36720912844517817,0.20017503648768864,-1.5449173916993344,5,-4.49532834704409,999.0,9.7,36.7
0.2397005221936239,0.3465106856490198,U8,MN8014,24.99648111353511,4.3994244171947186,WPG,SSPG,0.05608281771642872,0.36722125101690917,0.20017772415097052,-1.5449496472961988,3,-4.4952972602097905,999.0,9.7,36.7
0.2396992663791458,0.3465110729628157,U8,MN8014,24.99653150764309,4.3992209119039165,WPG,SSPG,0.05608145294400716,0.3672176069745673,0.20017668856441145,-1.5449107103596904,4,-4.495313058464518,999.0,9.7,36.7
0.23969160914305182,0.34653630959369014,U8,MN8014,24.99657651322251,4.399387401072396,WPG,SSPG,0.05607688029338599,0.36720959692597877,0.20017565812325144,-1.5449300500530372,6,-4.495363577270123,999.0,9.7,36.7
0.23967942885841653,0.34653337036824133,U8,MN8014,24.99652843546778,4.399410777696571,WPG,SSPG,0.05608325414338459,0.3672072112750755,0.20017660659899494,-1.5448824572385151,7,-4.495280065437127,999.0,9.7,36.7
0.23967812245830677,0.3465427193456151,U8,MN8014,24.996508165265404,4.399750010666849,WPG,SSPG,0.056073268856848435,0.3672089356978395,0.2001777683436655,-1.5449415839653646,6,-4.495295113314773,999.0,9.7,36.7
0.2396880260793991,0.3465239154028325,U8,MN8014,24.99652827035487,4.399429513558205,WPG,SSPG,0.056076371406524717,0.3672135387665395,0.20017710316955256,-1.544921357034708,5,-4.495296718760947,999.0,9.7,36.7
0.23970746289123246,0.3465049784671242,U8,MN8014,24.9964556197444,4.399306796625618,WPG,SSPG,0.05607799956683067,0.3672244157031707,0.20017879289259297,-1.544937278285284,0,-4.495295139512589,999.0,9.7,36.7
0.23969352477301747,0.3465306268337721,U8,MN8014,24.996494001282326,4.399389649799521,WPG,SSPG,0.056067580587032415,0.36721514567283886,0.2001780726135946,-1.5449478799159198,3,-4.495328824529789,999.0,9.7,36.7
0.23970298591334874,0.346508744713371,U8,MN8014,24.99648150815175,4.399267940908538,WPG,SSPG,0.05607370506437733,0.3672203272313206,0.20017838501192253,-1.5449036301963628,7,-4.495308034184248,999.0,9.7,36.7
0.23970001535082663,0.34651458778669214,U8,MN8014,24.996446047149572,4.399390156194687,WPG,SSPG,0.056075599200276174,0.36721996854864475,0.20017874559768578,-1.5449247132313424,0,-4.495300137792965,999.0,9.7,36.7
0.23970105952325504,0.3465135407405745,U8,MN8014,24.996457546876144,4.399421384919873,WPG,SSPG,0.05607405775395661,0.3672209274752936,0.2001784085435642,-1.5449402629026479,6,-4.495297786055215,999.0,9.7,36.7
0.2397018763668205,0.34651455749385673,U8,MN8014,24.9964829279266,4.399352169026881,WPG,SSPG,0.056075495355680315,0.3672205703010031,0.20017803080669014,-1.5449474631444398,1,-4.495321554083064,999.0,9.7,36.7
0.23969277345776974,0.3465242679965566,U8,MN8014,24.996531824935715,4.399522830902592,WPG,SSPG,0.056077348946669506,0.3672135360489815,0.20017692099500622,-1.5449159242606731,6,-4.495333704204857,999.0,9.7,36.7
0.23970447377519924,0.3465138127014358,U8,MN8014,24.99647205074569,4.3994364915762265,WPG,SSPG,0.05608179854902012,0.36722039985986615,0.20017751916169865,-1.5449440850876646,6,-4.495338832172203,999.0,9.7,36.7
0.2397027956528227,0.346525932225691,U8,MN8014,24.996516277706718,4.399329405031304,WPG,SSPG,0.056073054254527945,0.367217418754643,0.20017688030642988,-1.5449629270911749,3,-4.495350054429553,999.0,9.7,36.7
0.2396931700941436,0.34654723433487833,U8,MN8014,24.99654566608647,4.39942272719974,WPG,SSPG,0.056073045483177854,0.36721004262499735,0.20017573836943273,-1.5449812507650127,0,-4.495377000714802,999.0,9.7,36.7
0.2396960315044336,0.34654525994974206,U8,MN8014,24.996526324500618,4.399424298960399,WPG,SSPG,0.0560729418778522,0.3672124897179798,0.20017599903847977,-1.5450029548678776,0,-4.495378824662708,999.0,9.7,36.7
0.2396953536850504,0.3465474730336078,U8,MN8014,24.996554126803538,4.399248346712136,WPG,SSPG,0.056071135425330765,0.3672102449367866,0.20017568329590424,-1.5449834661045205,1,-4.495399659029786,999.0,9.7,36.7
0.23968046734069928,0.34654692903279993,U8,MN8014,24.9965699279523,4.399376606344926,WPG,SSPG,0.05607564153820023,0.3672036909972426,0.20017498160814398,-1.544916834848122,2,-4.495353666060035,999.0,9.7,36.7
0.23968941012772566,0.3465241737465282,U8,MN8014,24.996560824275036,4.399126306818963,WPG,SSPG,0.05607607947195953,0.3672106922433226,0.20017493357286845,-1.5449006528353502,1,-4.4952764381874815,999.0,9.7,36.7
0.2396857553426578,0.3465253052482032,U8,MN8014,24.996590786280397,4.39935425853053,WPG,SSPG,0.05607888787791372,0.3672057574131288,0.20017468829705778,-1.5448403048630643,5,-4.495322985476756,999.0,9.7,36.7
0.23969429006012025,0.3465276723831139,U8,MN8014,24.99656376457027,4.399482453616039,WPG,SSPG,0.05607661173605455,0.36721010788907044,0.20017433764323966,-1.5449176098841693,1,-4.495381613174834,999.0,9.7,36.7
0.2396838609631237,0.3465303656285759,U8,MN8014,24.99659672777726,4.399380056312075,WPG,SSPG,0.05607544021673446,0.36720410878740456,0.20017372739881933,-1.5448635228029242,6,-4.495364419852301,999.0,9.7,36.7
0.23968137098611725,0.34653493598884566,U8,MN8014,24.99659816532237,4.399286382890317,WPG,SSPG,0.056076943228084375,0.36720282485514477,0.20017337420183642,-1.544872641185049,3,-4.495348572654054,999.0,9.7,36.7
0.23968521554054067,0.3465176429622876,U8,MN8014,24.996590196707853,4.399076608356935,WPG,SSPG,0.05608157109139148,0.3672057985448736,0.2001737446456013,-1.5448289225022518,2,-4.495340073390928,999.0,9.7,36.7
0.239679968747467,0.3465268948901385,U8,MN8014,24.996624308255356,4.3993668007688145,WPG,SSPG,0.05607713609232029,0.3672027444735554,0.20017281586622007,-1.5448486958779075,0,-4.495334798251111,999.0,9.7,36.7
0.23969627297952556,0.34650872113480635,U8,MN8014,24.99654693808002,4.399127273216324,WPG,SSPG,0.056081798050493306,0.3672137238200536,0.20017445805026612,-1.5448837030623899,5,-4.495341045855589,999.0,9.7,36.7
0.2396943932359923,0.3465091422574762,U8,MN8014,24.996572730641237,4.399200826558228,WPG,SSPG,0.056084566531546684,0.3672102786979135,0.2001730444539139,-1.5448540955012264,3,-4.495339803369941,999.0,9.7,36.7
0.239687041083176,0.3465231914281165,U8,MN8014,24.99658628624184,4.399103097354897,WPG,SSPG,0.056081703044140785,0.36720475966611704,0.20017285127679293,-1.544850274308409,4,-4.495376712498139,999.0,9.7,36.7
0.2396947945258438,0.3465187294771151,U8,MN8014,24.996573981884904,4.399141431834696,WPG,SSPG,0.05607892088250691,0.3672105020611397,0.20017298256442742,-1.5449004114900224,2,-4.495339020914411,999.0,9.7,36.7
0.23969781179991506,0.34652573669011977,U8,MN8014,24.996557200460316,4.399271933377461,WPG,SSPG,0.05608178976913912,0.3672101548703891,0.20017239788161276,-1.5449362812407617,7,-4.495403539261819,999.0,9.7,36.7
0.2396898498754382,0.34652616323936813,U8,MN8014,24.996604772924567,4.399226256811036,WPG,SSPG,0.056082475296347724,0.3672048292283636,0.2001721551706028,-1.544868906613116,2,-4.495380614252785,999.0,9.7,36.7
0.2396957539010616,0.34652834440503555,U8,MN8014,24.996594719389694,4.399301498300146,WPG,SSPG,0.05608311585197391,0.3672083357059432,0.20017217590373695,-1.5449282831591087,6,-4.495411343542829,999.0,9.7,36.7
0.23969170911776078,0.3465352169402404,U8,MN8014,24.996574086619262,4.399087686424976,WPG,SSPG,0.05607838802069974,0.3672063013937742,0.2001729963397159,-1.5449160155428237,6,-4.495392931010516,999.0,9.7,36.7
0.23968967214311887,0.34653512046615803,U8,MN8014,24.99658556245575,4.399143731140581,WPG,SSPG,0.05607863344122005,0.36720448843177833,0.2001720349026613,-1.544909418517953,0,-4.495408482451015,999.0,9.7,36.7
0.23969047653075998,0.34654316963130677,U8,MN8014,24.996567136171393,4.399201960600462,WPG,SSPG,0.05607786296669418,0.3672040738157606,0.20017236255507748,-1.5449303328832207,4,-4.495420506378148,999.0,9.7,36.7
0.23968405214482524,0.3465421575183239,U8,MN8014,24.996620140979136,4.399165631051149,WPG,SSPG,0.05607604311250843,0.36720012877207586,0.20017162829064775,-1.5448883210794075,4,-4.495411760733777,999.0,9.7,36.7
0.2396866487412863,0.3465363440021058,U8,MN8014,24.996583806461974,4.3992958842402885,WPG,SSPG,0.05608354193594504,0.3672027709340997,0.20017205733802326,-1.5448922947950083,2,-4.495401548848774,999.0,9.7,36.7
0.23968748239602922,0.3465400226468568,U8,MN8014,24.99659176316229,4.399215059151457,WPG,SSPG,0.05607676709510031,0.3672027807868294,0.20017190791813874,-1.5449111254818737,6,-4.495417180609248,999.0,9.7,36.7
0.2396880279924489,0.34652850585838896,U8,MN8014,24.996571247271707,4.399269182226298,WPG,SSPG,0.05608087743494915,0.3672046589459233,0.2001719559248319,-1.5448864923131576,7,-4.495389697316359,999.0,9.7,36.7
0.2396931196421485,0.34652856561424755,U8,MN8014,24.99657560600021,4.399312305251966,WPG,SSPG,0.056083785328579036,0.3672066432039425,0.20017193045915638,-1.5449101227961604,7,-4.495408652814849,999.0,9.7,36.7
0.23968765219709723,0.34654128655336036,U8,MN8014,24.996576820677024,4.399471436809403,WPG,SSPG,0.05607872539493327,0.3672030119437329,0.20017228540991824,-1.544912412892075,3,-4.4954120548865255,999.0,9.7,36.7
0.2396936228947872,0.34652365900453763,U8,MN8014,24.99654142143974,4.399500685895369,WPG,SSPG,0.0560824207246292,0.36720871022477947,0.2001730210984242,-1.5448988229674836,6,-4.495380278469739,999.0,9.7,36.7
0.23969017693357264,0.34653279200939047,U8,MN8014,24.99657573665208,4.39939757409667,WPG,SSPG,0.056081104282258265,0.3672056586662368,0.20017243943969895,-1.5449081208952686,1,-4.495388456933075,999.0,9.7,36.7
0.23969133474050094,0.3465334669604091,U8,MN8014,24.996588392921463,4.399380846974615,WPG,SSPG,0.056079768152700736,0.3672051301831373,0.20017172713924203,-1.544910724219815,4,-4.495391177652245,999.0,9.7,36.7
0.2396805900251639,0.3465479176641814,U8,MN8014,24.996613719395786,4.3994074305180115,WPG,SSPG,0.05607600164551961,0.3671987661619483,0.2001718317936093,-1.5448964409588357,2,-4.495407868543353,999.0,9.7,36.7
0.2396802870900215,0.3465511108009014,U8,MN8014,24.996622998114546,4.39946201923299,WPG,SSPG,0.05607620153087135,0.3671972130557069,0.20017122011284144,-1.544896777000082,6,-4.4954228695774265,999.0,9.7,36.7
0.23968586277324222,0.3465484612733622,U8,MN8014,24.996626898758,4.399357070487156,WPG,SSPG,0.05607584778033262,0.3672000662456621,0.200171333174705,-1.54491880260452,1,-4.495435377003393,999.0,9.7,36.7
0.23968202786985335,0.3465541311444897,U8,MN8014,24.99664702662092,4.399416874683756,WPG,SSPG,0.05607655896587539,0.36719689151521684,0.20017054209481053,-1.5449157459790546,1,-4.495447633754054,999.0,9.7,36.7
0.23968553836231674,0.3465469974172409,U8,MN8014,24.996640730871672,4.399481002359707,WPG,SSPG,0.0560764684282861,0.36719919949781443,0.20017095482100938,-1.5449052430587566,3,-4.495439440343397,999.0,9.7,36.7
0.23967921985863405,0.3465633194316226,U8,MN8014,24.996636180408895,4.399536114878354,WPG,SSPG,0.05607412987076571,0.36719496879539876,0.2001705014546311,-1.5449300792077107,7,-4.495442300602246,999.0,9.7,36.7
0.2396792573236946,0.34656823433503836,U8,MN8014,24.996639031698834,4.399636981135227,WPG,SSPG,0.05607205521108237,0.36719488383709215,0.20017068454641304,-1.544948706830806,6,-4.495451388135811,999.0,9.7,36.7
0.23968760242218407,0.34655461473918525,U8,MN8014,24.996622975060596,4.399549898532609,WPG,SSPG,0.05607298784338598,0.36719995836980723,0.2001708135780176,-1.544948056640355,2,-4.495440874912301,999.0,9.7,36.7
0.23968224243475733,0.34656245047599216,U8,MN8014,24.99665895647936,4.399584948397581,WPG,SSPG,0.05607135036033025,0.3671965293082461,0.20017091202768222,-1.5449401195899974,5,-4.495454708312735,999.0,9.7,36.7
0.23968646022249368,0.3465586384495817,U8,MN8014,24.996631997646904,4.399560462858933,WPG,SSPG,0.056073635738981595,0.36719960927587547,0.20017140517590554,-1.5449560494851309,0,-4.495455018238635,999.0,9.7,36.7
0.2396820576708854,0.34656585815497615,U8,MN8014,24.996668335967165,4.399438389127864,WPG,SSPG,0.05606691134701315,0.3671953677695937,0.20017027168367843,-1.5449446810595149,1,-4.495449107654293,999.0,9.7,36.7
0.23968300380635654,0.3465724329549991,U8,MN8014,24.996658719055862,4.39963478884648,WPG,SSPG,0.05606573645794636,0.3671955619981575,0.20017047576587108,-1.5449768890144149,3,-4.49548545999636,999.0,9.7,36.7
0.2396880890628162,0.3465547093191366,U8,MN8014,24.996621172273777,4.399555374408887,WPG,SSPG,0.05606862187988858,0.36720102234863267,0.20017159828834166,-1.5449534638566493,5,-4.495448594150298,999.0,9.7,36.7
0.23968828111842083,0.34655394768034276,U8,MN8014,24.99661975539894,4.399602041183798,WPG,SSPG,0.056074723454694476,0.36720016089285246,0.20017065496439365,-1.5449519521522597,0,-4.495455411313522,999.0,9.7,36.7
0.23968539212945364,0.34655807754637347,U8,MN8014,24.996621781055296,4.399683721090732,WPG,SSPG,0.05607364831527982,0.3671988886198665,0.20017100398555016,-1.5449501678660136,0,-4.495452554949647,999.0,9.7,36.7
0.23968343266038672,0.3465545053934187,U8,MN8014,24.996616799456834,4.3996024136185685,WPG,SSPG,0.05607463910167253,0.36719929969729115,0.20017149927376915,-1.5449347201865857,4,-4.495423846757163,999.0,9.7,36.7
0.23969257775636954,0.3465517974997026,U8,MN8014,24.996598316333184,4.399492406153397,WPG,SSPG,0.05607525967793579,0.36720362599544487,0.2001714409164649,-1.544976776704807,2,-4.495453921793716,999.0,9.7,36.7
0.23968991303641324,0.3465593027951317,U8,MN8014,24.996600969878344,4.3995811293551865,WPG,SSPG,0.05607134161535844,0.3672020880251192,0.2001716636499324,-1.5449868492004912,7,-4.495453785584893,999.0,9.7,36.7
0.23969599462496705,0.3465535120682626,U8,MN8014,24.996573317096306,4.39969529248384,WPG,SSPG,0.05607478017015063,0.36720647336142603,0.2001721319775002,-1.545011194808362,4,-4.4954480684438405,999.0,9.7,36.7
0.23969531726711032,0.34655669674723644,U8,MN8014,24.996571571651735,4.399861586174363,WPG,SSPG,0.056074157881736406,0.3672058903338403,0.20017155514748583,-1.5450285576446552,0,-4.495455329991627,999.0,9.7,36.7
0.23969132491919085,0.34656541506461624,U8,MN8014,24.99657061353443,4.399742211930347,WPG,SSPG,0.056072518601915144,0.36720350228177673,0.20017149333447895,-1.5450373726477113,1,-4.495451116931111,999.0,9.7,36.7
0.23969069566899365,0.34657190333549404,U8,MN8014,24.996599946473577,4.399572784879374,WPG,SSPG,0.0560696794387547,0.367200791514072,0.2001707586137836,-1.5450349856460828,5,-4.495468088931968,999.0,9.7,36.7
0.23968687900576047,0.3465694410268297,U8,MN8014,24.99661264747812,4.399652556934302,WPG,SSPG,0.05607220197370971,0.36719860763013956,0.20017058412276495,-1.545000435689046,3,-4.495467796954781,999.0,9.7,36.7
0.2396923880547393,0.3465624181261993,U8,MN8014,24.99660721638967,4.39952009009338,WPG,SSPG,0.0560730117047053,0.3672017219377402,0.20017025467129262,-1.5450142390844235,2,-4.495472440404081,999.0,9.7,36.7
0.23968905982597744,0.34656281372388215,U8,MN8014,24.996611961369076,4.399685671813775,WPG,SSPG,0.056073083035655245,0.36720009162846096,0.20017035912822387,-1.544995623581707,1,-4.495472328154129,999.0,9.7,36.7
0.23968908966028382,0.34657230511594705,U8,MN8014,24.99661678734343,4.399678053540038,WPG,SSPG,0.05607116186616793,0.3671986733914375,0.20016976817551715,-1.5450247688391368,4,-4.495486782080411,999.0,9.7,36.7
0.23968653255176092,0.3465811942512358,U8,MN8014,24.996639609450227,4.399826308155068,WPG,SSPG,0.05606941839878808,0.36719705889421184,0.2001695339647533,-1.5450498643607162,4,-4.495493578146897,999.0,9.7,36.7
0.2396806805913521,0.34659196732959463,U8,MN8014,24.99664744657626,4.399917804402052,WPG,SSPG,0.056068024946426896,0.3671941129383113,0.2001698946761233,-1.5450586645953979,5,-4.495497800482816,999.0,9.7,36.7
0.23968337892489172,0.3465927317040107,U8,MN8014,24.99665995575014,4.399908092495146,WPG,SSPG,0.05606607833617551,0.36719390316931244,0.20016861143128617,-1.54507250994071,2,-4.495501635795009,999.0,9.7,36.7
0.23968429713639935,0.3465953806623282,U8,MN8014,24.996668955845887,4.399782842005296,WPG,SSPG,0.05606224195171131,0.3671939082205774,0.20016890163787615,-1.54507736677077,4,-4.495509370478395,999.0,9.7,36.7
0.2396813288826482,0.3466027298707527,U8,MN8014,24.99668888699356,4.399920713992639,WPG,SSPG,0.05606474021360085,0.36718964064764487,0.20016758027387205,-1.5450737662963472,0,-4.495553596001113,999.0,9.7,36.7
0.23968271786570527,0.34660393970855896,U8,MN8014,24.99666698010055,4.399756046913151,WPG,SSPG,0.05606281009967749,0.367192642441174,0.20016872673770103,-1.5451039184078565,2,-4.495525425074103,999.0,9.7,36.7
0.23968183477318467,0.34661303038363606,U8,MN8014,24.996689601937423,4.399780668684279,WPG,SSPG,0.05605799910400179,0.3671908806076174,0.2001679608841918,-1.5451335066379401,1,-4.49554917240417,999.0,9.7,36.7
0.23968167933249385,0.3466180720863543,U8,MN8014,24.996736520994517,4.3995751253262085,WPG,SSPG,0.056053825701378256,0.36718803611356543,0.20016650353424326,-1.54513489905683,0,-4.495570684312799,999.0,9.7,36.7
0.23967576166170462,0.34662238239028825,U8,MN8014,24.996724899707996,4.399810098115495,WPG,SSPG,0.05605169598804137,0.3671856389678197,0.20016683278869135,-1.5451229272930629,6,-4.495564554823556,999.0,9.7,36.7
0.23967934115782305,0.34661410649599245,U8,MN8014,24.99671538426098,4.399712732897828,WPG,SSPG,0.05605379127861624,0.36718815927460874,0.20016674595987408,-1.5451204795264293,2,-4.49555915125215,999.0,9.7,36.7
0.23968711304205542,0.3466092717234312,U8,MN8014,24.99672335632247,4.399692910652749,WPG,SSPG,0.056053218282295314,0.36719137598662166,0.20016639556903293,-1.5451381398122186,2,-4.495561940414676,999.0,9.7,36.7
0.23968659051043834,0.3466350549587949,U8,MN8014,24.99673652706679,4.399909214622475,WPG,SSPG,0.0560468699154412,0.3671888731524584,0.20016533303532505,-1.5452348713977755,6,-4.495598104352428,999.0,9.7,36.7
0.23968187011893005,0.34663768753880575,U8,MN8014,24.996759797389128,4.399895441438851,WPG,SSPG,0.05603909410688176,0.3671852924776108,0.20016531887633543,-1.545199966908013,3,-4.495615519228156,999.0,9.7,36.7
0.23967195679845493,0.34664925935126223,U8,MN8014,24.99682663922897,4.400093045924464,WPG,SSPG,0.05603766432983931,0.3671786064231213,0.20016449932034372,-1.5451819698649472,1,-4.495628531749057,999.0,9.7,36.7
0.23966966203514434,0.34666729212478675,U8,MN8014,24.996877465551794,4.4001813407161805,WPG,SSPG,0.05602950135159081,0.36717355894023557,0.20016160507997155,-1.5452345246578203,6,-4.4956530953020994,999.0,9.7,36.7
0.2396573145060618,0.34668171513048535,U8,MN8014,24.99694452883585,4.400147198822516,WPG,SSPG,0.05602793798666187,0.36716492718908433,0.20016091185629845,-1.5452033938442449,0,-4.495688675233387,999.0,9.7,36.7
0.23966790260166682,0.34668882514880744,U8,MN8014,24.99699187273102,4.400329983404185,WPG,SSPG,0.05602558137140155,0.36716673421874174,0.20015871156894458,-1.5452847142666157,2,-4.495756336241161,999.0,9.7,36.7
0.23966978759199695,0.34668336891149854,U8,MN8014,24.99693969736383,4.400314633789717,WPG,SSPG,0.056026597594724205,0.3671685367682166,0.20015923227696777,-1.5452703170558664,6,-4.495726352356874,999.0,9.7,36.7
0.23967494382047416,0.34669405927095803,U8,MN8014,24.996922149255923,4.400525019168226,WPG,SSPG,0.05601132547406459,0.36717197783735755,0.20015969564517586,-1.5453572844063537,1,-4.495744004719485,999.0,9.7,36.7
0.23966741505977748,0.34671629146623284,U8,MN8014,24.99697597912357,4.400245421189187,WPG,SSPG,0.05600824634713245,0.3671651908332492,0.20015849801328914,-1.545388501262901,2,-4.495787260079977,999.0,9.7,36.7
0.2396661863570951,0.34674234384195085,U8,MN8014,24.996990843137183,4.4004413967553395,WPG,SSPG,0.05600426140364721,0.3671623207746847,0.2001564603617323,-1.5455004409422417,7,-4.495825256201734,999.0,9.7,36.7
0.23967663467785877,0.3467336054608794,U8,MN8014,24.996955383312326,4.400241271173263,WPG,SSPG,0.056000261705128694,0.3671691013642653,0.20015846740646875,-1.5455094546608399,6,-4.495807293895176,999.0,9.7,36.7
0.23966683770012454,0.34671400599671853,U8,MN8014,24.997005089221542,4.3999248457236435,WPG,SSPG,0.05600963184975903,0.3671615929172975,0.20015649210676986,-1.5453519549356975,0,-4.495798206902819,999.0,9.7,36.7
0.23966309133658048,0.34674861332832485,U8,MN8014,24.99702311924344,4.400077259984338,WPG,SSPG,0.0559882995981754,0.3671576413990165,0.20015640892877054,-1.5454551270960042,4,-4.495840186373773,999.0,9.7,36.7
0.2396793064463302,0.34673031659883347,U8,MN8014,24.996974158564875,4.400053701796322,WPG,SSPG,0.055998386185816394,0.3671701621324765,0.20015714946392998,-1.54553087525748,6,-4.495816234624428,999.0,9.7,36.7
0.23966980661160348,0.34672703721434894,U8,MN8014,24.99698295366703,4.400132203286798,WPG,SSPG,0.05599372299400925,0.3671653853957254,0.20015662614206475,-1.54546825463458,5,-4.495807350320167,999.0,9.7,36.7
0.2396842905556794,0.3467101778464032,U8,MN8014,24.996930885865844,4.4001485457708185,WPG,SSPG,0.05600680335329261,0.3671754931311082,0.20015881721208342,-1.5454862662425115,4,-4.495788751016249,999.0,9.7,36.7
0.239675174199389,0.34673784042607636,U8,MN8014,24.996964561790676,4.399785022963685,WPG,SSPG,0.05599636322958636,0.36716775916183586,0.20015746292593617,-1.5455313979097225,1,-4.49583317241823,999.0,9.7,36.7
0.2396754698024814,0.34673677401022907,U8,MN8014,24.996991057010355,4.399910365145629,WPG,SSPG,0.055992949492274104,0.3671672379988864,0.20015720758274114,-1.5455214820902754,3,-4.495835677173403,999.0,9.7,36.7
0.23968475381708373,0.34673357496613627,U8,MN8014,24.9969820208268,4.399913237029978,WPG,SSPG,0.05600182434292905,0.3671717952460388,0.2001568901925719,-1.5455673413739919,1,-4.495846094230199,999.0,9.7,36.7
0.23966509136083725,0.3467300862079583,U8,MN8014,24.99704267564608,4.400029506303449,WPG,SSPG,0.0560056140333162,0.3671593806217801,0.2001553571973312,-1.5454173950184995,2,-4.495834180598369,999.0,9.7,36.7
0.2396783482880235,0.3467310345733975,U8,MN8014,24.9969721683373,4.400036938472304,WPG,SSPG,0.055997464122665895,0.36717073640750675,0.20015829085650877,-1.5455253700351266,6,-4.49580355691111,999.0,9.7,36.7
0.23968391001085232,0.34673295949394833,U8,MN8014,24.996964202682005,4.400017032163949,WPG,SSPG,0.05599675148343378,0.3671729462063731,0.200157428968999,-1.5455702271418268,4,-4.495801121505979,999.0,9.7,36.7
0.23967880002746517,0.34675159070983497,U8,MN8014,24.997054504482822,4.400127202338891,WPG,SSPG,0.05599416116466568,0.36716630539161493,0.2001556701630224,-1.545594352994593,7,-4.495863871284875,999.0,9.7,36.7
0.2396786943949369,0.3467437991708402,U8,MN8014,24.997057123783176,4.400288805350497,WPG,SSPG,0.055991768641335427,0.36716706581960135,0.20015604264619097,-1.5455635016600056,2,-4.49584453451417,999.0,9.7,36.7
0.23968653442062823,0.3467671663008515,U8,MN8014,24.997070133305872,4.399983840438331,WPG,SSPG,0.05597673962051687,0.3671680406687275,0.20015509619802538,-1.5456857476695451,1,-4.4959035253058985,999.0,9.7,36.7
0.23968575750781182,0.34673970258137765,U8,MN8014,24.99702794311463,4.400063734960505,WPG,SSPG,0.05599722762042157,0.36717221302942954,0.20015699593211383,-1.5455981051801908,4,-4.4958422705864525,999.0,9.7,36.7
0.23968188408240626,0.3467592314972152,U8,MN8014,24.99707799107873,4.400218897654147,WPG,SSPG,0.05598133857273041,0.3671678245320396,0.20015595850611093,-1.5456401635281054,1,-4.495860443561796,999.0,9.7,36.7
0.2396887046294892,0.34676378217420195,U8,MN8014,24.997073519927994,4.40013125298076,WPG,SSPG,0.0559767843357038,0.3671703199349311,0.20015526984764653,-1.5456990253203773,4,-4.4958840073466515,999.0,9.7,36.7
0.23967688617377772,0.34677596477622963,U8,MN8014,24.997139286060243,4.400315632307476,WPG,SSPG,0.05597493307737024,0.36716096072184773,0.20015451931697756,-1.5456435979568799,4,-4.495922373539251,999.0,9.7,36.7
0.2396761606256307,0.3467809135181723,U8,MN8014,24.99712964988702,4.399901325243924,WPG,SSPG,0.05597647129020761,0.36716045988868157,0.20015403060789225,-1.5456693759696825,1,-4.495931328665444,999.0,9.7,36.7
0.23967616128374963,0.346796423720499,U8,MN8014,24.99714040795645,4.399916603932222,WPG,SSPG,0.05597071616779138,0.3671588404265006,0.20015328598241933,-1.5457259919913018,1,-4.495951976081896,999.0,9.7,36.7
0.23967452916283394,0.3468114274100248,U8,MN8014,24.99712981526805,4.40023079801228,WPG,SSPG,0.05596696025192181,0.367158108619034,0.20015369595980312,-1.5457845011294884,3,-4.495989380457715,999.0,9.7,36.7
0.23967838172653505,0.3468056307907942,U8,MN8014,24.997125621917213,4.400025510885493,WPG,SSPG,0.05597390419196452,0.3671608076292558,0.20015409009985738,-1.5457825446526452,4,-4.495955849433805,999.0,9.7,36.7
0.2396903553261831,0.34679865269909105,U8,MN8014,24.997120304800514,4.400215818027022,WPG,SSPG,0.05597020045132589,0.3671665157951155,0.20015323617595465,-1.5458303661021386,3,-4.495958450196264,999.0,9.7,36.7
0.2396836175986229,0.34680549839357977,U8,MN8014,24.997125344434075,4.4001906016774335,WPG,SSPG,0.05597399707080554,0.3671636985035537,0.2001544707136522,-1.5458138851281573,1,-4.495974352298964,999.0,9.7,36.7
0.23968058048363006,0.3468117132809442,U8,MN8014,24.997122272739592,4.400210401921508,WPG,SSPG,0.05597358731693177,0.36716085966674195,0.20015383944426932,-1.5458138732141837,0,-4.495991795233017,999.0,9.7,36.7
0.2396732967638811,0.34680904119646466,U8,MN8014,24.99708852587054,4.400042306760728,WPG,SSPG,0.05598077362961137,0.3671591729753032,0.20015575979535466,-1.545756492971371,2,-4.49596601665065,999.0,9.7,36.7
0.23966935060124717,0.34680138703632074,U8,MN8014,24.997100243152243,4.399970269291767,WPG,SSPG,0.05598618946943451,0.36715701967630027,0.20015488393484382,-1.545706988506549,5,-4.495935603381874,999.0,9.7,36.7
0.23967052921286275,0.3468085118058296,U8,MN8014,24.997087793438666,4.399987122890458,WPG,SSPG,0.05598775652963851,0.3671582543514167,0.2001558361062535,-1.5457429115294876,0,-4.49594806844245,999.0,9.7,36.7
0.23967206153061996,0.3468070377484115,U8,MN8014,24.99713092571177,4.400085140396244,WPG,SSPG,0.05597846669278696,0.367158171954032,0.20015504639501658,-1.5457476427875187,1,-4.495967056792551,999.0,9.7,36.7
0.23967435891425604,0.34681449641140555,U8,MN8014,24.997166475428404,4.399976122709808,WPG,SSPG,0.055967842145780156,0.36715704312966413,0.20015396685698444,-1.5457754895630875,1,-4.49598855856533,999.0,9.7,36.7
0.2396790158994055,0.3468179294389142,U8,MN8014,24.997130152549257,4.400025688675817,WPG,SSPG,0.05596923548638629,0.3671594812036457,0.20015439625568507,-1.5458137247283321,6,-4.496004024431317,999.0,9.7,36.7
0.2396786684842177,0.3468201823730294,U8,MN8014,24.99714985818686,4.400076628279389,WPG,SSPG,0.05596048776880617,0.3671599944901929,0.2001552351352548,-1.5458200729433138,4,-4.496006423367387,999.0,9.7,36.7
0.23967745508741034,0.3468220202767666,U8,MN8014,24.997141263546478,4.400120133285021,WPG,SSPG,0.055958578931383327,0.36716003918139795,0.20015528859119722,-1.545829519190631,2,-4.495992002765409,999.0,9.7,36.7
0.23967661459189268,0.3468176743756298,U8,MN8014,24.997140357202053,4.400308675087089,WPG,SSPG,0.05595700308812403,0.36716041640940184,0.20015520093190922,-1.5458203632601377,1,-4.49598617946104,999.0,9.7,36.7
0.23967440573221999,0.3468201822210712,U8,MN8014,24.997110413450606,4.400073435732224,WPG,SSPG,0.055967059437364075,0.36716013506932066,0.20015582143482286,-1.5458195787417575,5,-4.4959670942277725,999.0,9.7,36.7
0.23967016585387207,0.3468286535857677,U8,MN8014,24.99715779828441,4.400261516716803,WPG,SSPG,0.055958161233093016,0.3671540482566526,0.20015449211359507,-1.545790669951798,4,-4.496006388268048,999.0,9.7,36.7
0.23966998158440633,0.3468205410403268,U8,MN8014,24.99718728333107,4.400053776035424,WPG,SSPG,0.055962148116494706,0.36715339379341905,0.20015364601156493,-1.5457576503329773,1,-4.4959976934805574,999.0,9.7,36.7
0.2396788515854193,0.34682427864067344,U8,MN8014,24.997162424127552,4.400372278292382,WPG,SSPG,0.055954042403458235,0.3671593811218407,0.20015446635214657,-1.5458404205027314,6,-4.4960082120675775,999.0,9.7,36.7
0.23967557410882562,0.34682059218020306,U8,MN8014,24.997183710543794,4.400218108522225,WPG,SSPG,0.05595615809887403,0.3671572155027771,0.20015419145697777,-1.5457987703338882,2,-4.495996435999174,999.0,9.7,36.7
0.2396708133793204,0.346831777249543,U8,MN8014,24.99719757495238,4.400464881845957,WPG,SSPG,0.05595056792628946,0.36715270780360354,0.2001532349184238,-1.5458044824438653,0,-4.496027169868734,999.0,9.7,36.7
0.2396736567298659,0.34683986468587197,U8,MN8014,24.99723595708842,4.400495010752596,WPG,SSPG,0.05595117031874516,0.3671537769381238,0.20015323027721219,-1.5458537698227157,4,-4.496033501143247,999.0,9.7,36.7
0.2396704378424504,0.3468483084025596,U8,MN8014,24.997255736770235,4.40047799777798,WPG,SSPG,0.055941543680729976,0.3671499546088175,0.20015223375035227,-1.545855572871391,4,-4.496067584698025,999.0,9.7,36.7
0.2396671402541038,0.34684216867134715,U8,MN8014,24.997228875171874,4.400595250498597,WPG,SSPG,0.055951864666785645,0.3671503062128339,0.20015325800331185,-1.545819829932587,0,-4.496023044549402,999.0,9.7,36.7
0.23966593927829571,0.34684309797108204,U8,MN8014,24.997227044095247,4.4005628727264545,WPG,SSPG,0.05594980758905549,0.36715021574804657,0.20015362848545806,-1.5458186047450662,2,-4.496016846753815,999.0,9.7,36.7
0.23966038066401618,0.34685199739008604,U8,MN8014,24.997247196466002,4.400642216339624,WPG,SSPG,0.055945384042031164,0.36714606301218267,0.20015274931668203,-1.545820665397367,6,-4.496036987126535,999.0,9.7,36.7
0.23967107973938856,0.3468506585306755,U8,MN8014,24.997225457581298,4.4005824563432965,WPG,SSPG,0.05594732413153701,0.36715217785235554,0.20015310359480876,-1.5458823630151024,4,-4.496028491242825,999.0,9.7,36.7
0.23966732080172454,0.3468545869321988,U8,MN8014,24.997257808779466,4.4006599399856405,WPG,SSPG,0.05594335991426195,0.3671487094535955,0.2001529670263613,-1.5458561593802158,5,-4.4960526070457085,999.0,9.7,36.7
0.23967019218019464,0.3468748241174063,U8,MN8014,24.997299333722783,4.400907774404033,WPG,SSPG,0.05593400312414955,0.3671476185683184,0.20015152034870246,-1.54595411305659,1,-4.496110942348249,999.0,9.7,36.7
0.239669947832445,0.3468799592382696,U8,MN8014,24.99730628764798,4.401151142955367,WPG,SSPG,0.05592988625625811,0.3671475124636257,0.20015184900516575,-1.545970102025766,0,-4.496110601550651,999.0,9.7,36.7
0.2396618165715974,0.3468703377217952,U8,MN8014,24.997317481283044,4.4009871360736526,WPG,SSPG,0.05593801471897347,0.3671449201282919,0.2001526054487339,-1.5458866270945846,4,-4.496064710677942,999.0,9.7,36.7
0.23966500795873108,0.34687366418788945,U8,MN8014,24.99734681538026,4.400872216017245,WPG,SSPG,0.05593749128932381,0.36714479857884086,0.2001511690142671,-1.545917151095172,5,-4.496077316441879,999.0,9.7,36.7
0.23966806320575684,0.34688336478202847,U8,MN8014,24.99734684406832,4.401078255029852,WPG,SSPG,0.05593485884293733,0.36714452565539746,0.2001502535167181,-1.5459686205688734,1,-4.49611933361126,999.0,9.7,36.7
0.23966848674456215,0.3468682849296237,U8,MN8014,24.997281283787025,4.40087864334427,WPG,SSPG,0.055945755156319,0.36714836766382486,0.200152070692191,-1.545928926208633,4,-4.496075226071268,999.0,9.7,36.7
0.2396656112726095,0.34687717076446783,U8,MN8014,24.99733111842726,4.401067941906533,WPG,SSPG,0.05594106434203346,0.36714585377864506,0.20015161126875283,-1.5459446990405654,7,-4.496089795200604,999.0,9.7,36.7
0.23967987457854384,0.34687081276279325,U8,MN8014,24.997284639332875,4.400933107810104,WPG,SSPG,0.05593854386838461,0.36715395129107115,0.20015128986671143,-1.5460182984664566,6,-4.496078363720315,999.0,9.7,36.7
0.23966812925462852,0.34687765322580616,U8,MN8014,24.997341428696178,4.400701240665199,WPG,SSPG,0.055928205226240923,0.3671457332289713,0.20015094676044795,-1.5459502834330794,4,-4.496110382519641,999.0,9.7,36.7
0.2396745368213189,0.346886436131911,U8,MN8014,24.99736348393433,4.400873922212614,WPG,SSPG,0.05592568689849663,0.3671480174168459,0.20015065840983418,-1.5460190601233554,3,-4.4961292577062775,999.0,9.7,36.7
0.23967950126667148,0.346872281256124,U8,MN8014,24.99730662407269,4.400629864261649,WPG,SSPG,0.055930760358599466,0.36715364814580337,0.20015190836720095,-1.5460116003867352,2,-4.496089741862868,999.0,9.7,36.7
0.23968595611348686,0.3468462673698468,U8,MN8014,24.997207231427513,4.40038646379198,WPG,SSPG,0.055943293577760324,0.3671614331889952,0.20015378195059025,-1.5459687451416018,7,-4.496024195628788,999.0,9.7,36.7
0.2396799817450174,0.3468430406544937,U8,MN8014,24.997214701304625,4.400575701480807,WPG,SSPG,0.05594063928945438,0.3671577989478532,0.20015401241780498,-1.5459056178249249,6,-4.4960375116629745,999.0,9.7,36.7
0.23969035147591372,0.34684354021765484,U8,MN8014,24.997205615247776,4.400608290913356,WPG,SSPG,0.05593492091335933,0.3671636987025838,0.20015368109203494,-1.5459819170733464,6,-4.496012457681999,999.0,9.7,36.7
0.23968400104669174,0.3468484068237975,U8,MN8014,24.997208449748907,4.400582073026016,WPG,SSPG,0.05593583561949768,0.3671600878945027,0.20015401685911458,-1.5459558869443795,0,-4.4960279868769355,999.0,9.7,36.7
0.23968119263091628,0.3468490257012283,U8,MN8014,24.997187342153545,4.400662207177391,WPG,SSPG,0.055937690747020964,0.3671591134767151,0.20015476611792019,-1.5459360063877525,1,-4.496026317897853,999.0,9.7,36.7
0.23968926383415345,0.3468573964163787,U8,MN8014,24.99720300459846,4.4006969015026,WPG,SSPG,0.055931049887864695,0.3671629270080006,0.2001544552762635,-1.5460276968938045,4,-4.496057740697218,999.0,9.7,36.7
0.2396728006366542,0.3468645596992102,U8,MN8014,24.99728512796964,4.400686685895879,WPG,SSPG,0.055929695890720776,0.36715237625173724,0.20015294307999468,-1.545948671910973,7,-4.496041584813824,999.0,9.7,36.7
0.23967384119483942,0.34688158782482875,U8,MN8014,24.997319041933395,4.400988097787675,WPG,SSPG,0.05592118799071174,0.3671501731307718,0.2001517982374633,-1.5460112812114541,6,-4.496095295385439,999.0,9.7,36.7
0.23967376446437613,0.34689188063175397,U8,MN8014,24.997326736769022,4.401001621459022,WPG,SSPG,0.05591303625846492,0.36715090212690515,0.20015267215679303,-1.5460554283070829,0,-4.496094391609358,999.0,9.7,36.7
0.23967394058090485,0.34688274944874453,U8,MN8014,24.997277826211437,4.400793157053311,WPG,SSPG,0.05592034341552924,0.36715412743724657,0.20015422446981387,-1.5460374219808692,6,-4.496052486451344,999.0,9.7,36.7
0.23967824008112293,0.34688595860567994,U8,MN8014,24.99728044723035,4.400935252321925,WPG,SSPG,0.055916853569501525,0.36715451008312433,0.2001533654898523,-1.5460658815529507,0,-4.496091849513638,999.0,9.7,36.7
0.23967595193198962,0.3468732936743115,U8,MN8014,24.997287878185958,4.400801518142098,WPG,SSPG,0.055926167256591844,0.36715303110949954,0.2001526161231341,-1.5460013396519674,7,-4.496078205661416,999.0,9.7,36.7
0.23967485174929629,0.3468777422827222,U8,MN8014,24.997287268317113,4.40081030531518,WPG,SSPG,0.055914888494579276,0.36715346234908075,0.2001535262972423,-1.5460142880397667,2,-4.496068781297502,999.0,9.7,36.7
0.23967280709469502,0.34687770966198045,U8,MN8014,24.997266437604992,4.40087542924432,WPG,SSPG,0.055926581748755234,0.3671513589624652,0.20015295924632023,-1.5459940926655187,3,-4.496077732068063,999.0,9.7,36.7
0.23967683121554506,0.34687858559650836,U8,MN8014,24.997256724129855,4.40076487572137,WPG,SSPG,0.05592311433612479,0.3671539221717052,0.20015332470161074,-1.5460245655776534,6,-4.496078636474339,999.0,9.7,36.7
0.23967447466743386,0.3468879128791126,U8,MN8014,24.997285998088426,4.400881496352029,WPG,SSPG,0.05591730193445371,0.3671510609751088,0.2001523266239622,-1.5460429628955372,0,-4.496094923256484,999.0,9.7,36.7
0.23967197808442448,0.3468968447708418,U8,MN8014,24.99729995148792,4.401005378461137,WPG,SSPG,0.05591270770322426,0.3671486662499953,0.20015212110588115,-1.5460576820079346,6,-4.496131260976153,999.0,9.7,36.7
0.23967815882350868,0.34689102524291043,U8,MN8014,24.997276532727806,4.40110723048207,WPG,SSPG,0.055911582842686304,0.36715389152648753,0.20015316196023442,-1.5460817599915615,6,-4.496099359508788,999.0,9.7,36.7
0.23967431255559152,0.34688740548778196,U8,MN8014,24.99728273456058,4.401048060299671,WPG,SSPG,0.055911358318284074,0.3671517441858906,0.2001532090504383,-1.5460373918101877,0,-4.496094539522391,999.0,9.7,36.7
0.2396774732604407,0.3468965098071139,U8,MN8014,24.997307150573484,4.401169070356334,WPG,SSPG,0.05590627063271111,0.367153469361443,0.20015312272440175,-1.5461004623691488,2,-4.4960878118803524,999.0,9.7,36.7
0.23966612784862823,0.34689942091563397,U8,MN8014,24.997337173266065,4.401227653976481,WPG,SSPG,0.05590662848657667,0.367144925453852,0.2001517705968144,-1.5460260352590136,4,-4.496124112198723,999.0,9.7,36.7
0.23967271642874172,0.3468959868271512,U8,MN8014,24.99730902662503,4.401312736049661,WPG,SSPG,0.05590756510596227,0.36714952384365096,0.20015271164215817,-1.5460539209872561,0,-4.496117162306469,999.0,9.7,36.7
0.2396783584219912,0.34689633543804116,U8,MN8014,24.997305238957935,4.401309552986022,WPG,SSPG,0.055905273405670475,0.367152778013265,0.20015289319865706,-1.5460945609978198,7,-4.496127608194236,999.0,9.7,36.7
0.23968202973175948,0.34689507936684605,U8,MN8014,24.9973046679085,4.4014212531635675,WPG,SSPG,0.055903190104826105,0.3671553841001123,0.2001532320743874,-1.5461149239432554,1,-4.4961088480753375,999.0,9.7,36.7
0.23967810365269115,0.34689328498475996,U8,MN8014,24.99729131617297,4.401386092816983,WPG,SSPG,0.05590218553516692,0.3671538824091049,0.2001536494842078,-1.5460851441655652,1,-4.4961120211118,999.0,9.7,36.7
0.23968408987190987,0.346895071317963,U8,MN8014,24.997301158723683,4.401416327776445,WPG,SSPG,0.05589931024416993,0.3671559142139306,0.20015323392073692,-1.546121452962737,6,-4.496134527767186,999.0,9.7,36.7
0.23968946910592037,0.3468853667143183,U8,MN8014,24.997273019906284,4.401636162022395,WPG,SSPG,0.055897513277471465,0.3671605918645432,0.20015407151050196,-1.5461286410408686,6,-4.496128620110776,999.0,9.7,36.7
0.2396934371535465,0.34689275275387205,U8,MN8014,24.99728440506107,4.401806528645553,WPG,SSPG,0.05589719704980164,0.367161776694924,0.20015323630592746,-1.5461884858452197,4,-4.496145189200586,999.0,9.7,36.7
0.239688988217445,0.34689041843935886,U8,MN8014,24.997281031404196,4.401550174215491,WPG,SSPG,0.05589900339214232,0.36715849435623354,0.20015281788857314,-1.5461401829629395,6,-4.496147283049055,999.0,9.7,36.7
0.23968232628428365,0.34687158736873364,U8,MN8014,24.997241449353687,4.401732622439595,WPG,SSPG,0.05589964109292206,0.36715915850590314,0.20015471561999792,-1.5460442844230666,0,-4.49608306345273,999.0,9.7,36.7
0.23968116163615677,0.34689290630474096,U8,MN8014,24.997256507083154,4.401685222740236,WPG,SSPG,0.05590089584233199,0.36715699116381945,0.20015414323010808,-1.5461182778960476,1,-4.496100101374836,999.0,9.7,36.7
0.23968746667548127,0.3468836716187463,U8,MN8014,24.99723896720335,4.401688596653834,WPG,SSPG,0.05590651071927236,0.3671605987575943,0.2001542981204605,-1.546121061536816,1,-4.496113482550289,999.0,9.7,36.7
0.23969698229138547,0.34686111908658207,U8,MN8014,24.997214874142074,4.401628578996613,WPG,SSPG,0.05590960851679468,0.367169186377157,0.20015583329152017,-1.5461080988734575,2,-4.4960587762035775,999.0,9.7,36.7
0.23969434180741386,0.3468859383498458,U8,MN8014,24.997244224877562,4.4020526932659,WPG,SSPG,0.055903568193136764,0.36716559827882106,0.20015514176579763,-1.5461793546327105,7,-4.496080679932112,999.0,9.7,36.7
0.23969262573861916,0.3468955098705239,U8,MN8014,24.997262997258098,4.40191877368974,WPG,SSPG,0.055905637995663296,0.3671626907774545,0.20015455515696293,-1.5461899164734445,4,-4.496104243879374,999.0,9.7,36.7
0.23969001781449256,0.3468899804802079,U8,MN8014,24.997258295634126,4.401762843224129,WPG,SSPG,0.05590702330038503,0.36716174992430617,0.20015465097691773,-1.5461565698564281,1,-4.496113724987518,999.0,9.7,36.7
0.23969333034417234,0.34689305039696067,U8,MN8014,24.997239482131395,4.4016710477871115,WPG,SSPG,0.05591727690869229,0.36716391631262824,0.20015454538654784,-1.546199163336337,2,-4.496101072738952,999.0,9.7,36.7
0.2396800239865848,0.34690081496186975,U8,MN8014,24.997275031334404,4.401967836060023,WPG,SSPG,0.05590907771509938,0.36715545443673026,0.20015448553564613,-1.5461283106369348,6,-4.496120390095083,999.0,9.7,36.7
0.23968492433975297,0.34691841695606923,U8,MN8014,24.99731036669759,4.401948481009543,WPG,SSPG,0.05589251566053656,0.3671575311133095,0.20015482765437162,-1.5462254889637084,7,-4.496134675658743,999.0,9.7,36.7
0.2396885879665719,0.34691426637877937,U8,MN8014,24.99730395013098,4.4019052352294095,WPG,SSPG,0.055889114231642854,0.36715987456120325,0.20015437499331856,-1.5462435978668543,1,-4.496126179688654,999.0,9.7,36.7
0.239683700273411,0.3469111336120848,U8,MN8014,24.997311918811775,4.401918114188539,WPG,SSPG,0.05589783562966392,0.36715696784530993,0.20015460107744346,-1.5461926382821718,2,-4.496143425657193,999.0,9.7,36.7
0.23968107222112447,0.3469182227213948,U8,MN8014,24.997370059034047,4.401796737464336,WPG,SSPG,0.05589454546992038,0.3671528877893704,0.2001531718502142,-1.5461897136780898,4,-4.496168268901849,999.0,9.7,36.7
0.23967915436092033,0.3469104095580506,U8,MN8014,24.99733865797627,4.401689276318737,WPG,SSPG,0.0558989328679708,0.36715281955120027,0.2001534191316981,-1.546151265376932,2,-4.496149131215272,999.0,9.7,36.7
0.239684780292874,0.34689694116137726,U8,MN8014,24.99727899638442,4.401672345965158,WPG,SSPG,0.05590006895304654,0.36715820608529315,0.20015444743956956,-1.5461466247070645,6,-4.496127656577693,999.0,9.7,36.7
0.23967891973663208,0.34691557975074094,U8,MN8014,24.99736599045618,4.40177638876604,WPG,SSPG,0.055892562777959495,0.3671515506883116,0.20015286613246497,-1.5461651905169098,4,-4.496166489002757,999.0,9.7,36.7
0.23968682945601927,0.3469024961182522,U8,MN8014,24.997333857471453,4.401849600649619,WPG,SSPG,0.055895116132586256,0.36715748126285486,0.20015324646070126,-1.5461782515163571,2,-4.496150670593597,999.0,9.7,36.7
0.23968750551970885,0.34691187867687734,U8,MN8014,24.997348449916217,4.401892642020913,WPG,SSPG,0.05589627987325524,0.36715619614455786,0.20015263372563918,-1.5462095408834458,1,-4.4961713477216545,999.0,9.7,36.7
0.2396863920804952,0.3469141725731166,U8,MN8014,24.997350414001588,4.402068420782554,WPG,SSPG,0.05589001952410039,0.36715598859481324,0.2001533533202002,-1.5462071042503154,1,-4.496174685195454,999.0,9.7,36.7
0.23968209114238664,0.346913852839304,U8,MN8014,24.99738848090104,4.402049665043047,WPG,SSPG,0.05588523149821142,0.36715323429875163,0.20015280822285225,-1.5461774417733112,3,-4.496158898918457,999.0,9.7,36.7
0.2396810382987183,0.34692495691616815,U8,MN8014,24.997394796322673,4.4021267034755365,WPG,SSPG,0.05588632893967179,0.36715204280091557,0.20015275774247968,-1.5462143380093571,6,-4.496181015685519,999.0,9.7,36.7
0.23967973104006135,0.346931219493648,U8,MN8014,24.997427259909315,4.402262454264438,WPG,SSPG,0.05588480465414932,0.36714953566194974,0.20015189933518068,-1.5462197146689813,4,-4.496196889105997,999.0,9.7,36.7
0.23968215798575138,0.34693069164466805,U8,MN8014,24.997424659951985,4.40223392386385,WPG,SSPG,0.05588344134863995,0.36715054832311583,0.20015175693663773,-1.5462331657559445,0,-4.496214862302031,999.0,9.7,36.7
0.2396797692523251,0.346931660961527,U8,MN8014,24.997424911893187,4.402179156404593,WPG,SSPG,0.05588602724037474,0.36714998496174694,0.20015191989595502,-1.546229003815604,1,-4.496193001758527,999.0,9.7,36.7
0.2396824478534252,0.34693636964755337,U8,MN8014,24.997416225526184,4.4022538391068995,WPG,SSPG,0.05588191203455245,0.3671511308561667,0.2001519277291287,-1.5462647840086476,5,-4.496212524792734,999.0,9.7,36.7
0.23968423745204653,0.3469303962920918,U8,MN8014,24.997425858330985,4.402282212087652,WPG,SSPG,0.05588421903917925,0.36715084648336577,0.2001509309209665,-1.546246756261921,0,-4.49622497536329,999.0,9.7,36.7
0.23968114193767534,0.34693490997519266,U8,MN8014,24.997439473927837,4.4022608423884755,WPG,SSPG,0.05588595410115157,0.36714896955791415,0.20015061260148456,-1.5462477889850224,3,-4.496215268674005,999.0,9.7,36.7
0.2396752931880698,0.34694156242632646,U8,MN8014,24.997469462602645,4.402373161843569,WPG,SSPG,0.055879305525574775,0.36714520194877337,0.2001504344385033,-1.5462339520394608,1,-4.496226592499465,999.0,9.7,36.7
0.2396837375063537,0.34694202736164925,U8,MN8014,24.997466729404714,4.40235698163839,WPG,SSPG,0.055876857161907455,0.36714895534959907,0.20015015733836264,-1.5462842259894456,4,-4.496245758345388,999.0,9.7,36.7
0.23967724527789427,0.3469517906469292,U8,MN8014,24.997508822358856,4.402413763754363,WPG,SSPG,0.05588111134011818,0.36714393351752017,0.20014921092733085,-1.5462783095566124,2,-4.496255175053886,999.0,9.7,36.7
0.23968150740361777,0.34695442152050343,U8,MN8014,24.99751177965282,4.402496010067572,WPG,SSPG,0.055876516382414435,0.3671454888069981,0.20014879653367618,-1.546313884901888,3,-4.49627015441561,999.0,9.7,36.7
0.23967769578362796,0.3469645533720322,U8,MN8014,24.99754109672637,4.40272848965305,WPG,SSPG,0.05586796585478539,0.36714333265441795,0.20014848925560857,-1.5463379890326503,6,-4.496265420280347,999.0,9.7,36.7
0.2396769239597346,0.34696522110469125,U8,MN8014,24.99756081971109,4.402759766000509,WPG,SSPG,0.05586263620449846,0.36714224074987367,0.20014845166889947,-1.5463259539083358,0,-4.496275231470202,999.0,9.7,36.7
0.23967595970656985,0.3469811723992554,U8,MN8014,24.997616681043144,4.402967279321655,WPG,SSPG,0.05585497496345654,0.36713867333385003,0.20014703558419644,-1.5463705453150858,7,-4.496324982591693,999.0,9.7,36.7
0.2396693031576041,0.3469955631547785,U8,MN8014,24.99766996639717,4.4031797099819485,WPG,SSPG,0.05584358756788906,0.36713342187919595,0.20014621169336466,-1.5463796302389934,7,-4.4963392112371885,999.0,9.7,36.7
0.23966784549340242,0.3469942407355857,U8,MN8014,24.997678032201602,4.403036811821007,WPG,SSPG,0.055846157390305795,0.36713195811456356,0.2001462751921165,-1.5463518090605228,5,-4.496344923990165,999.0,9.7,36.7
0.23967509191595165,0.3469907622803051,U8,MN8014,24.997694064505392,4.403123257286728,WPG,SSPG,0.05584108684592587,0.3671354740422863,0.20014621043349626,-1.5463765914631016,2,-4.496341515806325,999.0,9.7,36.7
0.23967112796014542,0.3469998307292016,U8,MN8014,24.99774345805643,4.403327887620215,WPG,SSPG,0.05583644156508801,0.36713135116040757,0.20014457888504206,-1.5463898843859056,2,-4.496365490613702,999.0,9.7,36.7
0.23967320842596834,0.3470125445247186,U8,MN8014,24.997795429723837,4.403644480624781,WPG,SSPG,0.05582278816266038,0.3671318093313419,0.2001445734472002,-1.5464493509991484,6,-4.496364149226892,999.0,9.7,36.7
0.23966963905369898,0.3470117790001344,U8,MN8014,24.99776988248502,4.403630649610259,WPG,SSPG,0.05582853580589699,0.36712865794358096,0.20014430721901785,-1.546409277294394,5,-4.496394657865952,999.0,9.7,36.7
0.2396762634085054,0.3470329770992553,U8,MN8014,24.99788219332601,4.40446740219879,WPG,SSPG,0.05580876482579124,0.3671291632601732,0.200142618585703,-1.5465340595199168,4,-4.496449600680583,999.0,9.7,36.7
0.23966897142244936,0.3470097226837432,U8,MN8014,24.9978551576592,4.403770044093939,WPG,SSPG,0.05582059104517582,0.3671278666579897,0.2001428913258125,-1.5464144363439911,3,-4.496386971851756,999.0,9.7,36.7
0.2396834951416339,0.34701544560690645,U8,MN8014,24.997805665530834,4.403810263792829,WPG,SSPG,0.05582684468009852,0.3671368424628876,0.20014332364645904,-1.5465497914673565,2,-4.49640016319402,999.0,9.7,36.7
0.23967720602895523,0.34702909590314335,U8,MN8014,24.997881812198766,4.403751306853449,WPG,SSPG,0.05581581463565747,0.36713016169402857,0.20014139596896843,-1.5465509659761516,4,-4.496429513930199,999.0,9.7,36.7
0.2396810682620607,0.34703914464373736,U8,MN8014,24.997919845963516,4.404207251178593,WPG,SSPG,0.05580364822551785,0.3671299131619882,0.20014129839785672,-1.5465865882360548,3,-4.496466179736467,999.0,9.7,36.7
0.23967179198879224,0.3470312376129963,U8,MN8014,24.997920912991543,4.403833802603094,WPG,SSPG,0.055820654576248616,0.3671250766559873,0.2001408900482199,-1.546499909557279,1,-4.496452390041194,999.0,9.7,36.7
0.2396634617452782,0.34705196676254113,U8,MN8014,24.997998654019476,4.404232904615531,WPG,SSPG,0.05578849851445936,0.3671182233402663,0.2001406067731985,-1.5465059475329892,7,-4.496482666344802,999.0,9.7,36.7
0.2396600420529984,0.34705435336822515,U8,MN8014,24.998018502217974,4.404357421976468,WPG,SSPG,0.05579064730308142,0.36711560970333934,0.20013988691732043,-1.5464951607164468,5,-4.496488988173029,999.0,9.7,36.7
0.23966785881639852,0.3470624363804067,U8,MN8014,24.998018861737446,4.404165211401589,WPG,SSPG,0.05579082095732409,0.36711787539452867,0.2001389132943682,-1.5465700518672423,7,-4.4965243065740665,999.0,9.7,36.7
0.23967144850895677,0.34709129773105957,U8,MN8014,24.998132562522244,4.404815025496774,WPG,SSPG,0.05577218148749831,0.36711558627245405,0.2001372027812291,-1.5466913192020093,1,-4.496594125440245,999.0,9.7,36.7
0.23967290696530932,0.347104323176049,U8,MN8014,24.998179589707224,4.404760763001219,WPG,SSPG,0.055759405187718304,0.3671141170104681,0.2001357362712753,-1.5467507589723588,6,-4.496627718455848,999.0,9.7,36.7
0.23967005665351038,0.3471323524050723,U8,MN8014,24.99831314218787,4.405421068338723,WPG,SSPG,0.055736316877586234,0.36710768524427545,0.20013270762050547,-1.5468379989054828,3,-4.496698103406846,999.0,9.7,36.7
0.23966876676028526,0.34711985798277856,U8,MN8014,24.9982732717339,4.405255455093704,WPG,SSPG,0.05574654005957541,0.3671105990832003,0.20013450362940155,-1.5467946197820794,4,-4.49662535541105,999.0,9.7,36.7
0.23966847975697447,0.3471475209423655,U8,MN8014,24.998328693488805,4.405648297799544,WPG,SSPG,0.055731314506688015,0.36710577903866576,0.20013276949398462,-1.54687803252114,2,-4.49671053111968,999.0,9.7,36.7
0.2396521812253436,0.3471221152683194,U8,MN8014,24.998234412010348,4.404981418327721,WPG,SSPG,0.05575065170484247,0.36710071342136263,0.20013407828711774,-1.5466852289815956,7,-4.496623956152932,999.0,9.7,36.7
0.23967468338201764,0.34712257669209745,U8,MN8014,24.99822717327043,4.404960703173786,WPG,SSPG,0.055754588860442364,0.36711100132844166,0.20013286797309995,-1.5468234662278495,6,-4.49663712903593,999.0,9.7,36.7
0.23966577885091175,0.34714790522855327,U8,MN8014,24.998322633419885,4.405626044273146,WPG,SSPG,0.055741407037259015,0.3671042700682812,0.20013230890421754,-1.546863563885721,0,-4.4966737303978075,999.0,9.7,36.7
0.23966648719968636,0.3471404817635148,U8,MN8014,24.998298282706426,4.4054134863134475,WPG,SSPG,0.05573995370467363,0.3671049705887537,0.2001330124381615,-1.5468238575260134,7,-4.496658641867368,999.0,9.7,36.7
0.23967335152044478,0.3471427184398742,U8,MN8014,24.99832528268897,4.40551150052701,WPG,SSPG,0.05572990045132623,0.367107348828253,0.2001316336310015,-1.546881996968651,0,-4.496675933842434,999.0,9.7,36.7
0.23967700764601152,0.3471620540822196,U8,MN8014,24.99840143699712,4.405884426741669,WPG,SSPG,0.055720373028913674,0.36710565441232923,0.20012980677959313,-1.5469740694776928,7,-4.496754717382334,999.0,9.7,36.7
0.23967789082894064,0.3471448734261162,U8,MN8014,24.99838152977423,4.40614438024936,WPG,SSPG,0.05571864482279648,0.36710695044906616,0.20012952610014761,-1.5469152239906756,3,-4.496721325168098,999.0,9.7,36.7
0.23967271696191056,0.34716463154054417,U8,MN8014,24.998339100311746,4.406206102910744,WPG,SSPG,0.05572131166676849,0.36710543883065694,0.20013157199243684,-1.5469611309722557,2,-4.496744462361416,999.0,9.7,36.7
0.2396767389860035,0.3471534760442785,U8,MN8014,24.998346569203086,4.405728334413374,WPG,SSPG,0.055710863677499015,0.36710689188909573,0.2001292662061652,-1.546966765799581,0,-4.496759082267481,999.0,9.7,36.7
0.23968697253484544,0.3471864719071202,U8,MN8014,24.99844003205699,4.406640874704248,WPG,SSPG,0.055696426423988143,0.3671112627225266,0.2001290969664861,-1.5471716892752254,1,-4.496782940392825,999.0,9.7,36.7
0.23968793876300742,0.3471769240101471,U8,MN8014,24.998395076479945,4.406481102034176,WPG,SSPG,0.055712455474604114,0.36710958179942316,0.2001273227874555,-1.547132563953079,6,-4.496826067898315,999.0,9.7,36.7
0.2396898419470448,0.3472281845445927,U8,MN8014,24.998651025765394,4.408442342482965,WPG,SSPG,0.05565021534895035,0.3671027113931093,0.20012420504967307,-1.5473122893738724,4,-4.496948853334638,999.0,9.7,36.7
0.23967833053073465,0.3472051768545052,U8,MN8014,24.998558518932434,4.407647093871833,WPG,SSPG,0.055665725799151,0.36710243803935627,0.2001275319104643,-1.547159633349078,6,-4.4968246740283835,999.0,9.7,36.7
0.23968311596853215,0.3472125446453214,U8,MN8014,24.998523301316993,4.407648574154499,WPG,SSPG,0.05567593870845152,0.36710734373969367,0.20012854948426465,-1.5472363666569422,2,-4.496753090707237,999.0,9.7,36.7
0.2396912457724153,0.3472360645676904,U8,MN8014,24.99863186450224,4.408071313576903,WPG,SSPG,0.05565185844131065,0.36710348385291014,0.20012435200514037,-1.547354064143256,0,-4.496947636231701,999.0,9.7,36.7
0.2397058851520943,0.3472309778381392,U8,MN8014,24.998568444536495,4.408423748095556,WPG,SSPG,0.0556489093840968,0.3671166501737281,0.2001275822212843,-1.547449867465725,3,-4.496866628081914,999.0,9.7,36.7
0.23969627816625783,0.34727232424103904,U8,MN8014,24.99868924594843,4.4088840640439,WPG,SSPG,0.055597941410731586,0.3671073326545261,0.20012546497096145,-1.5475506299138762,7,-4.496949470851021,999.0,9.7,36.7
Time taken (seconds)
2026-05-31 23:11:41
