thigh_length,calf_length,motor_left_name,motor_right_name,gear_left_ratio,gear_right_ratio,gearbox_left,gearbox_right,torso_distance,ik_height,ori_l,ori_theta,best_index,best_cost,ac1,ac2,ac3
0.25882454973770086,0.24338257151051917,U12,MN8014,10.393978896498862,9.30724910923985,CPG,CPG,0.12430789885319597,0.342437148848744,0.4612513725002639,0.497160665870624,0,0.10069749820975266,436.7,4.8,28.6
0.2400247597235342,0.2384683704873432,U12,MN8014,9.3676930843685,7.318880678973156,CPG,SSPG,0.1320861064353181,0.3775261900998252,0.290992720694567,-0.2328720734517098,0,1000000.0,488.7,3.9,33.9
0.2621370721034713,0.24717805674696486,U10,MN8014,6.541268976649997,8.018122297829455,CPG,CPG,0.1194685317021096,0.3733158229240089,0.20666627159850556,-0.6023035527754697,0,-0.20910383648201325,569.4,4.9,26.4
0.231651392429925,0.25705473826832,U10,MN8014,6.899288937997018,8.111010486981455,CPG,CPG,0.12068700975159868,0.37992091160615205,0.20094452000599033,-0.6260329987695102,2,-0.8732756450839494,551.6,3.4,35.3
0.2325592376191487,0.2711929218070145,U10,MN8014,9.662368315003135,8.843479767403837,CPG,CPG,0.12311713883710464,0.43263377586646967,0.20567192170351842,-0.3247255607657695,2,0.7212067455414282,505.7,2.9,34.2
0.23742772291095898,0.2711525536162953,U10,MN8014,8.94712938608728,6.351626782240601,CPG,CPG,0.11302179632171847,0.42991243797840306,0.2459857973187717,-0.5985567552978182,1,-0.6016695051147889,458.8,1.1,32.6
0.2385800534230305,0.25946200675332076,U10,MN8014,7.44877364284231,7.62815141005304,CPG,CPG,0.11273496545748053,0.4146901460376392,0.2078743593745503,-0.9292203767435467,1,-0.7741594925722115,497.8,1.0,34.4
0.2317191836041009,0.304786811811522,U8,MN8014,12.079628096223662,11.156111400533208,CPG,CPG,0.10978880146877062,0.4128041003494701,0.20276655661485696,-0.4053830021020097,7,1.2728766707701302,621.7,3.2,34.5
0.24642020035062095,0.2940438936288252,U12,MN8014,11.846344322349552,9.780274794620613,CPG,CPG,0.10732351526109746,0.36377986278213215,0.200399721269767,-0.7871183132922779,0,0.5087559915784281,585.3,1.9,40.6
0.24010244207838682,0.2897088873720757,U10,MN8014,10.908809717826266,8.715785163382552,CPG,CPG,0.10441416421489574,0.39696489240594107,0.24908164295668106,-0.5801055140725164,4,-0.04272093367647578,440.0,2.0,38.6
0.23463020260394848,0.29918755089196414,U10,MN8014,10.508374840491676,12.539069464938981,CPG,CPG,0.1004487706495252,0.4055193060901999,0.7224260164201473,0.09344709146744323,6,0.34348860795677,495.9,2.0,33.9
0.23593830334227223,0.2899736608878144,U8,MN8014,9.522997125872632,9.941226439532581,CPG,CPG,0.10799593900555807,0.389295275440339,0.23862077414805563,-0.6793771330919113,6,-1.266584121201646,635.6,0.0,38.0
0.21880400234040762,0.3013782087992145,U10,MN8014,10.266459179614582,12.713237271240702,CPG,CPG,0.10202966441435923,0.36614881735553484,0.2001639690270428,-0.47749133159878965,2,-0.13998635466857046,647.0,0.4,34.1
0.21824708288947162,0.295338102637214,U10,MN8014,8.216680344542272,12.2271138787027,CPG,CPG,0.10898364663924626,0.40224628953213276,0.268147587017578,-0.808324970270449,5,-0.8663730079016769,667.7,0.2,35.8
0.2234609223514401,0.2951322592356348,U10,VT8020,6.277567553940217,10.223342966849208,SSPG,CPG,0.10443289783911967,0.3914833668044604,0.2356593910784541,-0.7233924601613791,2,-0.6863132950898727,638.7,0.1,31.2
0.20427522634607956,0.3163169049218368,U8,MN8014,6.669249844877694,8.667780806363467,CPG,CPG,0.11324507708534495,0.3899625784116058,0.2086708602232977,-0.7215830563384388,2,0.2772636536878461,664.7,1.4,29.1
0.1907099402872851,0.3221970866100196,U8,VT8020,7.756248691884245,7.579556571419959,CPG,CPG,0.11348473326070846,0.43893266897594174,0.22213984452055105,-1.2593542075818493,2,-0.5631178179683238,707.2,1.2,32.9
0.2230347085931586,0.3166179870314241,U8,MN8014,9.75664840422567,9.855782733382782,CPG,CPG,0.10789867202747541,0.4541938179081567,0.2113972244377206,-0.9180718309000991,7,-0.6869241240183124,573.9,0.9,36.4
0.22564435267559738,0.30146228647334006,U8,VT8020,8.03436246198289,6.9270257196962675,CPG,CPG,0.1162757608347837,0.4366894942224483,0.2274572483526282,-0.9693980384634054,0,-0.45872294570888794,660.4,1.4,32.9
0.2333901984553436,0.34374273713862985,U8,VT8020,9.677820943444997,10.67960731291122,CPG,CPG,0.10688742237729071,0.41059383629007684,0.231128027410625,-0.9959446663271485,2,-1.0907837821925677,650.2,0.5,35.2
0.2041817903326987,0.345497401330136,U10,MAD_M6C12,11.286141971007073,9.310158968459453,CPG,CPG,0.12202426346821883,0.4340539377346627,0.2822129445931968,-1.315184777295831,3,-0.8830173944916728,638.1,0.2,36.4
0.24359157795476064,0.3455007053313483,U10,MAD_M6C12,11.518327518632233,13.196480927963723,CPG,CPG,0.12306695910618198,0.41534407145125757,0.22459369544104307,-1.2657458943773487,6,-2.032417182148839,669.8,0.1,36.8
0.2281608193938125,0.30841927250350976,U8,MAD_M6C12,12.269958680303708,10.923833416758033,CPG,CPG,0.13150273089877612,0.37399758247787995,0.2000246732419238,-1.1945487298078752,5,-2.1806333827165156,733.1,0.6,32.7
0.24788265500298806,0.3055468074168017,U10,MAD_M6C12,10.979673748661146,7.475097127761295,CPG,CPG,0.13394292106988395,0.4222417135210123,0.24213004083392792,-1.4652155827819004,0,-2.0376012668821915,819.8,0.1,30.9
0.25365928197180954,0.3217695548257222,U10,MAD_M6C12,11.450109251804763,12.48386145681633,CPG,CPG,0.14049827104160229,0.4102876836557668,0.20024595105241955,-1.4774623521539367,5,-1.7040082576041353,769.6,0.0,31.5
0.24483804343616034,0.32959199635818043,U12,MAD_M6C12,9.939354409729932,11.785646900406686,CPG,CPG,0.11720424515489278,0.3973734538690695,0.20307261900066428,-1.5701935701474947,0,-1.3966861354595963,790.7,0.0,33.6
0.22480699654408856,0.34023046996697476,U10,MAD_M6C12,11.518979771199177,12.58914922692214,CPG,CPG,0.11905836868810644,0.39683599812455084,0.20537357078955154,-1.3180487319023408,0,-2.206740449071642,799.4,0.4,34.2
0.24068827475970317,0.3495715271820471,U10,MAD_M6C12,13.096063120354671,13.360104068341828,CPG,CPG,0.12374165576079527,0.4162303835891501,0.2000625665309041,-1.5168295522632862,7,-2.373793414504119,714.8,0.0,35.8
0.2317854751620334,0.34534245164577804,U8,MAD_M6C12,12.509487224563118,12.94316818002014,CPG,CPG,0.11614125386277274,0.40015022800297406,0.20240997254843363,-1.5247180569579728,4,-2.2553772797588056,745.7,0.1,32.7
0.2287341366463312,0.34844281690288076,U10,MAD_M6C12,12.191944232909766,12.200271646893297,CPG,CPG,0.11827733117787918,0.41966005942818835,0.21317863209623675,-1.3894106662919672,3,-2.080015941018724,625.6,0.6,31.2
0.19037044790541857,0.34813652943568457,U8,MAD_M6C12,9.947658699142226,11.04969774692163,CPG,CPG,0.10547015768842731,0.3827952594357031,0.20448270485977207,-1.5692566499765854,5,-1.9869320917445856,737.0,0.3,28.9
0.19821679552129393,0.34661768182903185,U10,MAD_M6C12,9.590590699329523,11.60313607562028,CPG,CPG,0.1051433630296528,0.41244234984155315,0.23434978005417867,-1.4690031006421271,2,-1.8792467832497621,704.4,0.1,29.0
0.1891902184271712,0.34021733782235636,U8,MAD_M6C12,11.271767952726268,13.266756708989675,CPG,CPG,0.10716928065746932,0.4109491448472742,0.22064112842746367,-1.567842674923816,5,-1.4652362056009114,701.2,0.0,31.7
0.2003722231770037,0.34775104393788764,U10,MAD_M6C12,11.651377544838642,14.025975307884968,CPG,CPG,0.09794706419400909,0.388153567630506,0.20065733388067064,-1.3023039698916619,3,-2.1089284585723345,671.8,0.9,32.0
0.18769559857331714,0.3498701712745534,U10,MAD_M6C12,8.08514391844611,13.145708174509673,CPG,CPG,0.08753064749561862,0.393279940577054,0.217855410981509,-1.4808389670196003,6,-1.7462182474084953,817.9,0.1,31.2
0.1979717803427731,0.3452232990136254,U10,MAD_M6C12,10.000204105936643,12.508452341151699,CPG,CPG,0.10432106256605153,0.39170164176778655,0.2043308324011281,-1.5472448753907746,2,-2.194275873131753,762.4,0.2,32.9
0.1944244461110541,0.3483117787323767,U10,MAD_M6C12,11.40606999622981,12.01370521305755,CPG,CPG,0.11033479887928438,0.4039397314018458,0.2657736883153839,-1.06376828086373,5,-1.9167243269770795,812.2,0.7,36.8
0.20285919253822693,0.34765836880154577,U8,MAD_M6C12,13.428954078029587,14.797920426154175,CPG,CPG,0.09400066093506373,0.40141275724257414,0.22078911453377453,-1.2837060083052356,7,-2.280529932198859,709.5,0.2,34.3
0.19903277990705803,0.3297322391244712,U8,MAD_M6C12,9.97215581168512,12.356209510502788,CPG,CPG,0.10180710468137102,0.40692460035230876,0.20960438795364852,-1.52310045577979,0,-1.402991538556364,692.1,0.6,32.3
0.21533952073678242,0.32774995405931784,U10,MAD_M6C12,10.03386330297122,11.91250266692218,CPG,CPG,0.11094196455780952,0.406513681032109,0.20037696026057913,-1.4850956069203196,6,-1.9187201039648407,672.5,0.6,32.8
0.19920682177503918,0.3459038531802815,U10,MAD_M6C12,9.887864753962536,13.09356629334781,CPG,CPG,0.10278361898644366,0.4080221234606039,0.22706327814972296,-1.221265987962806,6,-1.895336161614951,757.5,0.0,35.5
0.19790914299056434,0.34744550852033473,U10,MAD_M6C12,9.771793021056293,12.53972258999837,CPG,CPG,0.09376494798345097,0.39504491278386555,0.20101981808073505,-1.5675067485029712,0,-2.129018529667192,792.1,0.1,33.3
0.20326407096902163,0.34764844014663826,U10,MAD_M6C12,10.691772278153014,12.88481884893672,CPG,CPG,0.08813649003246954,0.4000922848384462,0.20497553072397232,-1.515528135631101,1,-2.0988836444861647,835.0,0.0,34.3
0.2199479931693675,0.34842667377339026,U10,MAD_M6C12,11.465984933765473,11.802100512098809,CPG,CPG,0.10323801813422429,0.4054836574582205,0.22140498628762428,-1.4386547553481364,3,-2.2591523943222978,793.9,0.1,35.5
0.21596201999220893,0.3491798064286552,U10,MAD_M6C12,10.599044411729988,13.511599072064454,CPG,CPG,0.09612956699779311,0.4040222316085086,0.21665006991180963,-1.3631016920367267,3,-2.1039025670977445,855.2,0.7,37.1
0.21919558804054937,0.34649728319560874,U10,MAD_M6C12,9.307672457689002,15.227653823918772,CPG,CPG,0.09742971964596475,0.3952494922183956,0.21151341350579905,-1.4580413788468392,1,-2.0352358222130658,810.1,0.8,32.7
0.2262102805075387,0.3455629570769152,U10,MAD_M6C12,10.66504357518949,14.475245603991644,CPG,CPG,0.09756663322256814,0.38129899216807406,0.22112032536980483,-1.4420469042456225,3,-2.488518034891177,847.8,1.2,31.9
0.21140745067572744,0.3465699833290119,U10,MAD_M6C12,11.995122192804828,14.921664810236576,CPG,CPG,0.08957485573065402,0.38085221600975266,0.20132794830883474,-1.3035516519175796,7,-2.354928034930902,727.7,0.2,34.2
0.2265005026978131,0.34806674931488624,U10,MAD_M6C12,12.537945225826803,14.108939187519342,CPG,CPG,0.0841536239652609,0.3855771285791204,0.21347751858210146,-1.235315708142455,7,-2.469745808894542,792.9,0.9,33.7
0.22586574347095395,0.34773361286109555,U10,MAD_M6C12,12.558619957012093,13.260204226460877,CPG,CPG,0.09231204416594613,0.3930456734435572,0.23269746684970602,-1.3006010246498727,0,-2.4898999321413626,869.5,1.1,35.8
0.23998052996317637,0.3427758513314912,U10,MAD_M6C12,13.483198793219742,13.80710712286296,CPG,CPG,0.09805278922665754,0.3697287573889626,0.20092670899660703,-1.160966503616691,1,-2.5181319658708805,810.0,1.0,36.1
0.24444585522991402,0.34355300531676974,U10,MAD_M6C12,13.45102753746037,12.545941330325508,CPG,CPG,0.09697269420546037,0.36006361026110534,0.20873716928142416,-0.9989507312621433,1,-2.466379402150775,783.9,2.3,36.4
0.23161347637479376,0.34682047090378876,U10,MAD_M6C12,10.80837113568094,13.85658669628276,CPG,CPG,0.09638948315545251,0.35336382254098364,0.206845116867073,-1.0952412373454437,5,-2.5389402644067083,810.9,1.1,36.0
0.23760463670977416,0.3451008115239131,U10,MAD_M6C12,11.680366707074192,13.144229522464743,CPG,CPG,0.10234838085137125,0.3652673528979387,0.20102248999148617,-1.2828535620857566,1,-2.4204364014120365,777.5,2.4,35.9
0.22079794838151606,0.349940812970442,U10,MAD_M6C12,12.524373744540164,12.786139753411033,CPG,CPG,0.09824169892830806,0.38244997025994437,0.20413715233436097,-1.3304668646819406,2,-2.737261005155526,811.6,1.6,35.5
0.22881822130185867,0.3499459219387435,U10,MAD_M6C12,12.93560710695492,14.522063554414757,CPG,CPG,0.09658181597533874,0.36670348499038075,0.20439467387891055,-1.3424862982302528,5,-2.666881722082554,827.4,1.6,36.6
0.23634039048185781,0.3491939379386148,U10,MAD_M6C12,12.863436926494732,13.779093473038783,CPG,CPG,0.10546872764070572,0.3696755860729256,0.2044667539590965,-1.3739096472162546,2,-2.630650718712957,852.4,1.5,35.5
0.23348724788985303,0.3495998745261025,U10,MAD_M6C12,11.326958526326067,13.266218074593192,CPG,CPG,0.10270472979085819,0.3451208072734129,0.20243448601612682,-1.2388441523289928,1,-2.641600143376982,856.7,2.1,31.7
0.23668868493376072,0.3472864228828718,U10,MAD_M6C12,13.092455778963386,14.49889987461917,CPG,CPG,0.10008988068622951,0.36420833981317535,0.20597245882822654,-1.2913969331371773,6,-2.7358013864048285,796.6,2.3,31.9
0.2309725969623447,0.3445992355506127,U10,MAD_M6C12,11.102302577802043,12.52061258201167,CPG,CPG,0.09726860786424979,0.3598285883291046,0.20258637810591226,-1.2877011419804252,2,-2.691674045318207,823.3,2.5,32.7
0.23474735049959455,0.3499808364740902,U10,MAD_M6C12,12.673350194202607,13.202286989194857,CPG,CPG,0.09559045805326499,0.3480480030783426,0.2005254887207645,-1.2875366201581238,6,-2.7339177286732124,927.6,1.9,34.5
0.23453698106789628,0.34749402538557006,U10,MAD_M6C12,12.126649924173108,12.681756735109461,CPG,CPG,0.09908431928282682,0.35642510429684526,0.215234074814943,-1.3640583070605703,0,-2.8254745938405286,917.5,1.8,32.1
0.2359055971520816,0.3488660314606829,U10,MAD_M6C12,13.254384573216575,14.548134710316363,CPG,CPG,0.09539953106357033,0.3528950057972518,0.20005189164482595,-1.237739666414453,3,-2.8588234532576333,952.1,2.0,34.6
0.24288524142272855,0.3496140163382653,U10,MAD_M6C12,14.284694166013736,13.70211219512351,CPG,CPG,0.09915323256487464,0.36252582660281285,0.2056987826473393,-1.5110487917082405,5,-2.933375971658732,971.7,2.0,33.0
0.23841220096764443,0.3475487921033046,U10,MAD_M6C12,13.88735474579085,13.871211284163133,CPG,CPG,0.09331209743545782,0.3535741989102908,0.20090356786572597,-1.4057723308719328,7,-3.1071587673925176,966.9,2.8,32.4
0.22714632250323122,0.34811254134658187,U10,MAD_M6C12,12.82156585576028,14.602532241643026,CPG,CPG,0.09012039477234507,0.3613487709585863,0.20263091520417242,-1.5063368950254787,6,-2.762919812677353,921.1,2.2,33.6
0.23041938528484704,0.348058726085392,U10,MAD_M6C12,13.418189704554027,14.041577734891236,CPG,CPG,0.09386925197328266,0.36010573400698775,0.2046494543309073,-1.4077036373395757,5,-2.7832353746309497,971.7,2.2,33.3
0.2238513233944218,0.34745158612401117,U10,MAD_M6C12,13.171046076580309,13.261051603570307,CPG,CPG,0.09933394917366062,0.3699604081561031,0.2013059121949369,-1.4675136145708483,7,-2.868495683187957,875.0,2.2,32.1
0.22554522828923323,0.34817008134239785,U10,MAD_M6C12,14.586600847372242,13.891063315421848,CPG,CPG,0.08769419846679796,0.36453882637789753,0.2158404875196883,-1.5053589421806113,0,-2.923415309909478,956.3,2.4,34.5
0.2294834028109663,0.34999061416063915,U10,MAD_M6C12,13.388116292073091,13.850835930541354,CPG,CPG,0.09048493223926557,0.3601968508421448,0.21090492769189811,-1.3746116163433784,4,-3.0137992575391177,950.0,2.1,34.4
0.23041940464270355,0.34996308503259965,U10,MAD_M6C12,13.583295686963774,13.267339483729817,CPG,CPG,0.09585949046466684,0.36339064680709976,0.20010567351292194,-1.4801499805937801,0,-3.0161706185099444,956.5,2.9,33.6
0.22930305451671223,0.34939555508196174,U10,MAD_M6C12,13.742516731058501,13.613541891942743,CPG,CPG,0.09682986531210824,0.3664504664716817,0.2013319401040778,-1.4586204172756856,2,-2.988930021564716,913.6,2.3,33.7
0.23452709537826258,0.3495200006403464,U10,MAD_M6C12,14.097650874881163,12.735358385964458,CPG,CPG,0.10026953049135223,0.36143775137998396,0.20009349627383327,-1.373703889881916,3,-3.0046774302859074,922.0,3.1,32.5
0.23389562376174083,0.3489961635903569,U10,MAD_M6C12,14.091493583403166,12.525406569019987,CPG,CPG,0.09799723330747509,0.3641318593843198,0.2034443371787501,-1.4581261852782768,4,-3.0498164792456794,950.5,2.9,34.5
0.22359240997856855,0.34891704569131776,U10,MAD_M6C12,14.077468117807832,12.668092873221568,CPG,CPG,0.102092529739857,0.36455660754156094,0.2031397212723469,-1.4779453525180866,4,-3.0835268229437887,897.7,2.1,32.9
0.22481843103459886,0.3496426102893361,U10,MAD_M6C12,13.798214324779535,12.656038689216743,CPG,CPG,0.09783867927879189,0.35931150487401564,0.20132423655419124,-1.3931352869689995,4,-3.0518834333265676,947.1,2.9,34.3
0.2250545515630637,0.34746399403877604,U10,MAD_M6C12,13.991879829674685,11.736719988282545,CPG,CPG,0.09875020454876435,0.368904196605483,0.20004827597392189,-1.535835979026233,0,-3.0495546767925035,944.4,2.2,33.5
0.22274987383844838,0.3485018035472004,U10,MAD_M6C12,14.18757451297334,11.058754743356248,CPG,CPG,0.10140923850592451,0.3593244886487835,0.20150891240242366,-1.4828307773349243,3,-3.109464929856916,957.2,2.6,32.5
0.22666869050585733,0.34647819669332475,U10,MAD_M6C12,13.983945791853467,11.103132697334075,CPG,CPG,0.099702636168718,0.3663628575598151,0.20005817942966186,-1.5585780784022798,4,-3.1128217727999434,957.4,2.5,33.7
0.22251625730612729,0.34265327319065886,U10,MAD_M6C12,14.42833530795668,10.495561326496512,CPG,CPG,0.10088844026171445,0.3757161870968098,0.20491029782437756,-1.5518254464970258,7,-3.2486221511254953,961.4,2.4,34.8
0.2310084737219734,0.3468335293144471,U10,MAD_M6C12,13.98001278833127,9.9693165676453,CPG,CPG,0.09966889068171378,0.36164146098808514,0.2062563715855255,-1.5704355458536547,5,-3.4116203658594735,975.0,2.0,33.7
0.23994760612825394,0.34823054337773435,U10,MAD_M6C12,14.655250689561111,9.911376767486656,CPG,CPG,0.09672103998761206,0.3588978121718464,0.2005097449572439,-1.5581787615885994,0,-3.3543638994787788,988.9,2.5,34.7
0.22863971902207214,0.3425787971713084,U10,MAD_M6C12,14.660302024552,9.340290759223922,CPG,CPG,0.10069198196452556,0.37143004181252803,0.20176646323552422,-1.5704642537404796,7,-3.4849195905058963,977.3,2.5,34.8
0.2352130027864736,0.3442607882004304,U10,MAD_M6C12,14.517856848826789,7.672122719617208,CPG,CPG,0.09645011439647447,0.3602624946060588,0.20080556017283827,-1.5626005172662216,0,-3.6260205088023785,999.3,3.0,35.3
0.2385110100458736,0.34545469035472776,U10,MAD_M6C12,14.687904314811181,7.795925257361729,CPG,CPG,0.09744348187675098,0.3538010218716195,0.20035197968630922,-1.5357563943286665,3,-3.538375357662071,997.3,2.7,33.6
0.2294833457660752,0.3413612216541958,U10,MAD_M6C12,14.386177134485328,7.674927532760156,CPG,CPG,0.09165159178080223,0.35291107804313104,0.2057294621098378,-1.4740262943441025,7,-3.5013710670599885,1000.0,2.5,32.8
0.23185697344393827,0.34172534982369807,U10,MAD_M6C12,14.499581224089678,7.7472209800636564,CPG,CPG,0.09022588165441978,0.3587269888171688,0.20088766878694028,-1.5555320586428343,1,-3.58797942468952,994.8,2.9,31.6
0.24147409824924765,0.3450057045569141,U10,MAD_M6C12,15.272962924796854,5.518574692779049,CPG,SSPG,0.09431217347283108,0.3544978332344442,0.2054713787213478,-1.5281820798014747,7,-3.7659050230228175,999.9,3.3,32.5
0.23054750186731005,0.3371787676147173,U10,MAD_M6C12,14.106259335728858,5.292307256186235,CPG,CPG,0.08649696753917589,0.358770658465826,0.20091891079243046,-1.536113191166761,6,-3.4974513966625445,1000.0,3.6,30.0
0.24852392476725516,0.3399064342605904,U10,MAD_M6C12,15.312104409446682,4.986407309683075,CPG,SSPG,0.09196991596694197,0.35187520750124157,0.2024777492762257,-1.5345442536513152,3,-3.701228398302794,995.2,4.1,32.6
0.2479170581141591,0.34944753772368137,U10,MAD_M6C12,14.478173422862898,7.803724013610152,CPG,CPG,0.08585375778148047,0.35087096892808906,0.20685727855950095,-1.5169324582271146,2,-3.4665249456123615,999.9,3.4,29.7
0.25407201621356196,0.346987231269409,U10,MAD_M6C12,14.534528729224482,7.295584462959216,CPG,CPG,0.09306846912741595,0.3524604155943666,0.20262871114037895,-1.570136246541687,5,-3.409984542781043,993.9,3.9,31.6
0.25409075019314176,0.3486017062998967,U10,MAD_M6C12,13.4280992584501,6.126590218899265,CPG,SSPG,0.09039037292940351,0.34149293429962985,0.2007528780717258,-1.4014563569484468,2,-3.2545706337134934,970.4,3.7,27.8
0.24880814509590787,0.34994427323188265,U10,MAD_M6C12,13.392914928223593,4.606652638223648,CPG,SSPG,0.088345306522428,0.35788430879488625,0.20602415475880786,-1.4700802097483041,1,-3.2006999379086594,972.6,4.5,27.9
0.24516792315490837,0.3487056262778201,U10,MAD_M6C12,12.637772782779008,5.4672541180064425,CPG,SSPG,0.09500219195485984,0.34606942524553563,0.2108445916885161,-1.3875091235092316,7,-3.1976809066577747,984.0,4.4,27.3
0.24467869634187522,0.3367810168543103,U10,MAD_M6C12,13.04196154482093,6.148294895988641,CPG,SSPG,0.08748275323742269,0.33609222071434075,0.2031164290438797,-1.5162943574387417,2,-3.46670273867117,983.4,3.7,27.0
0.24671169160892464,0.33915854745834634,U10,MAD_M6C12,13.993879955328218,5.331154389173808,CPG,CPG,0.09043313322176517,0.3560832745205409,0.21139638962520452,-1.273676571810355,0,-3.1790907457868745,908.0,4.1,30.5
0.23809447983719367,0.3407731046218313,U10,MAD_M6C12,13.332905787107995,4.155443266940724,CPG,CPG,0.085675608229696,0.34918503000930534,0.20002275477154316,-1.46792059423518,2,-3.4932357206994613,878.9,4.7,30.0
0.22895558071437716,0.3384720843813677,U10,MAD_M6C12,13.437311930694692,5.6685795265811585,CPG,SSPG,0.09008962024786676,0.35798467470979145,0.20453912506397573,-1.34264541023154,2,-3.471789575902415,918.1,4.4,31.7
0.23630821781052558,0.33715672653664336,U10,MAD_M6C12,14.886581517131072,5.579681538844747,CPG,CPG,0.08729989246672679,0.3587386463536855,0.20287984254549718,-1.4238321310626216,0,-3.5694110461197024,946.9,4.1,31.2
0.2297827293077732,0.3328926338980001,U10,MAD_M6C12,14.186576018366287,5.949726832292367,CPG,SSPG,0.09107292351366468,0.3557948262665953,0.20864764985179246,-1.363520748349887,4,-3.5176632392873177,933.3,3.5,32.2
0.23206665074085925,0.335407468791347,U10,MAD_M6C12,13.763577836153015,4.898597532635201,CPG,CPG,0.08973274800319772,0.35108422674790635,0.20375490291170456,-1.5462196654438802,4,-3.5737321342498127,964.2,3.6,30.3
0.2322388324445593,0.32647510299821786,U10,MAD_M6C12,13.37001033221145,4.5738312664795515,CPG,SSPG,0.08274470095216666,0.36113901357020595,0.20842464556717225,-1.5694446175955798,0,-3.588848307985563,962.6,3.1,30.1
0.23556471365507614,0.32919153139432356,U10,MAD_M6C12,13.698297923114326,5.045856450204704,CPG,SSPG,0.08538965579949906,0.35710872097224045,0.203458983935429,-1.5546356862845823,1,-3.660433931490113,977.0,3.1,31.4
0.23642612908982893,0.329638055926993,U10,MAD_M6C12,14.018342341901107,5.760193071330947,CPG,CPG,0.08613228212257378,0.3581498354108527,0.20020879486649804,-1.5321729596333624,7,-3.595486356634943,964.8,3.3,31.8
0.23073672678648624,0.32122217594003116,U10,MAD_M6C12,13.852322272615998,4.954413485694241,CPG,SSPG,0.08710310939296353,0.355277229908718,0.20136319728018764,-1.5605254188817508,3,-3.724700893674081,991.9,2.4,30.5
0.23741174373764307,0.33049534312448536,U10,MAD_M6C12,14.156870726828844,5.270611124826063,CPG,CPG,0.0943966973846512,0.3579586897866734,0.20712677863464288,-1.5534170060599197,1,-3.6589405904504044,997.2,3.0,31.5
0.23582767448135053,0.33079777878437244,U10,MAD_M6C12,14.662584923190352,4.609936168470174,CPG,SSPG,0.09409048377074111,0.35318988567715903,0.20094694701781032,-1.5702815256868647,3,-3.661356630130836,974.9,3.5,32.9
0.23007425529062642,0.32536883975750736,U10,MAD_M6C12,13.852197213773456,4.4319621827525095,CPG,SSPG,0.09749677225604349,0.3582537915023628,0.20381869370779443,-1.5589998077818226,7,-3.763756583375031,990.8,3.2,31.1
0.2258127098852883,0.3339907413745042,U10,MAD_M6C12,14.524426834577914,5.403068972696759,CPG,SSPG,0.09451661005599209,0.356051775583645,0.20020007647065727,-1.5687519577844165,7,-3.8512385836121688,986.9,3.1,33.5
0.232089206243452,0.3349551525435309,U10,MAD_M6C12,14.539491429940915,5.179355887650209,CPG,SSPG,0.08948908059482663,0.35502934241294654,0.20182356271357577,-1.5696150433309637,2,-3.739595161487909,964.4,3.5,30.9
0.2253687882270092,0.34443526448554057,U10,MAD_M6C12,14.218027952353019,5.517000432314319,CPG,SSPG,0.09395831979526104,0.3556776859368922,0.2016257079345133,-1.5694006434628271,5,-3.8426959064258934,997.1,2.8,31.9
0.22646429252127667,0.33379941381104145,U10,MAD_M6C12,14.980387046239665,6.0597422345463166,CPG,SSPG,0.0924133968596499,0.3516440478063168,0.2000891935814372,-1.55900113383502,5,-3.837632328624789,1000.0,2.5,32.5
0.23413260926183654,0.3455693515321323,U10,MAD_M6C12,15.034290060112095,5.222314492895373,CPG,SSPG,0.0911229631985401,0.358107066087405,0.20109398405527495,-1.569878482775173,2,-3.8509989028551477,998.7,2.8,31.9
0.23920431529256783,0.3469263243710009,U10,MAD_M6C12,14.897772219914708,4.833904030050801,CPG,SSPG,0.09872504120029525,0.3492803769554685,0.20005223820868742,-1.5706677630137198,0,-3.896198860751781,992.7,2.4,31.9
0.2323137814404023,0.3459721593129048,U10,MAD_M6C12,15.010052445825872,4.50689948357575,CPG,CPG,0.09654214723011868,0.36488698335993797,0.20270065346731744,-1.5679462661307018,4,-3.8001640985149674,999.3,2.3,32.5
0.23542695863592478,0.34805246579434,U10,MAD_M6C12,15.339004969902657,4.439489502340691,CPG,SSPG,0.09654973787103843,0.359543414822891,0.20304041957802574,-1.5682169174786242,7,-3.8780278711878093,999.5,2.4,32.4
0.22834802279219113,0.3465171962775533,U10,MAD_M6C12,15.388319054368027,4.956079786560392,CPG,SSPG,0.096156185196037,0.3535218934336668,0.2030125426187019,-1.5667944771566689,4,-3.860175145190741,1000.0,2.1,31.8
0.23663132027578077,0.3499140014785618,U10,MAD_M6C12,15.282929955622226,4.6174761901135595,CPG,SSPG,0.1000269169545683,0.3579038424053685,0.20062133138983254,-1.5707741413445282,4,-3.917378625924858,990.9,2.3,32.8
0.2244895454476999,0.3465806431028152,U10,MAD_M6C12,15.117499390564838,4.424124800279717,CPG,SSPG,0.09881152650838859,0.35491854772772274,0.20074408928992074,-1.5645372059909677,4,-3.876363526122349,997.8,2.1,32.0
0.23134518207025512,0.3498354176174407,U10,MAD_M6C12,14.927368443633448,4.3706197207454975,CPG,SSPG,0.10021761037100628,0.34981879720193315,0.20106882934934941,-1.5694635881266532,3,-3.9349321237430477,998.9,2.0,31.8
0.2310324737469398,0.349292937169149,U10,MAD_M6C12,14.546552714417937,4.376521556900307,CPG,SSPG,0.09838452628329855,0.35520368513726697,0.2016805922094119,-1.5621285106519984,4,-3.8941702800842215,999.7,1.5,31.5
0.2298758185634417,0.34836336757203956,U10,MAD_M6C12,14.588667137819744,4.856812822403284,CPG,CPG,0.09662667915991537,0.3593291456779373,0.202827930584944,-1.5647577823537406,4,-3.747038482860482,999.7,1.8,32.1
0.23028558448157382,0.34627491760352125,U10,MAD_M6C12,14.102191019240157,4.48663642189787,CPG,CPG,0.09318594737587677,0.35121356205856763,0.20000726135097457,-1.5617265806711014,2,-3.8493722516605633,999.5,2.1,31.3
0.2327286419266126,0.3489999987975942,U10,MAD_M6C12,14.455541583168737,4.375788765760734,CPG,SSPG,0.0997571740539475,0.35597269412268634,0.20001664198310545,-1.5444942032831461,6,-3.870420563184954,998.1,1.8,32.1
0.24054479931906247,0.34976966887842154,U10,MAD_M6C12,14.300471260783597,4.578524717795601,CPG,SSPG,0.09818253120950082,0.35360497624240694,0.20041810666066953,-1.5573208999924644,4,-3.8932793517472266,995.6,2.0,32.1
0.23738254262433947,0.34567842244844504,U10,MAD_M6C12,14.322131885061648,4.150582721829697,CPG,CPG,0.09847008721962722,0.3579094310482192,0.2003208816632113,-1.5523974084932288,2,-3.8828995131302175,999.1,2.2,32.5
0.23845188175892218,0.34520586740423836,U10,MAD_M6C12,14.273232369027852,4.415566825179074,CPG,SSPG,0.10039160705005537,0.3587671462485871,0.20258706337117613,-1.5707868782635295,2,-3.8629021570000983,990.9,2.0,33.3
0.23499640727093551,0.34599339651545025,U10,MAD_M6C12,14.628150682164781,5.0793950687529765,CPG,CPG,0.10144712408815659,0.3634476522185628,0.20108111069917844,-1.5546133000879752,3,-3.741431087983683,966.8,1.3,33.5
0.24154474607024243,0.3431283004770833,U10,MAD_M6C12,14.970506297039513,4.537473326806438,CPG,CPG,0.09765185581908337,0.3574827112961434,0.20096383364777348,-1.548344863237927,1,-3.7621239283746473,998.7,2.0,34.6
0.23525343596287862,0.3462948086142834,U10,MAD_M6C12,14.499209469682022,4.505355576036671,CPG,CPG,0.10066510663720987,0.3588343320978582,0.2015894734601725,-1.5639685132315821,1,-3.82537464207169,985.1,1.7,35.2
0.23180699179163008,0.3437826344580717,U10,MAD_M6C12,14.54996207274969,4.103050145378548,CPG,CPG,0.09825135254566274,0.3594574859993419,0.20089866986162425,-1.5075752664789341,5,-3.7488721110437453,994.4,1.4,33.9
0.23317428236920462,0.3477915859918832,U10,MAD_M6C12,14.302076626610457,4.60229238410578,CPG,SSPG,0.09839298542757183,0.35582271270868254,0.20038803344541758,-1.4818521296975258,6,-3.9170040889567694,999.4,2.0,33.5
0.23383298030783464,0.3447743294513251,U10,MAD_M6C12,15.098380684959638,4.411348134847577,CPG,SSPG,0.10258263034668941,0.35762961954405936,0.20062737227471472,-1.5039419753484877,1,-3.8548717245297546,986.0,1.6,34.2
0.226883402713816,0.33978360555369747,U10,MAD_M6C12,15.012495104434548,4.639525598668513,CPG,SSPG,0.10237480195718077,0.3597594076631339,0.20001872599582704,-1.5212254085856487,1,-3.935314602209088,990.9,1.7,34.4
0.23435505788214114,0.34728596415655505,U10,MAD_M6C12,14.724902117196688,4.245035567989012,CPG,CPG,0.10255871448300255,0.35838682546196626,0.20000548611336838,-1.548588056204419,2,-3.8302751770132435,992.3,1.8,34.8
0.23495715497101122,0.3482893703417999,U10,MAD_M6C12,15.870953366627157,4.049195669942763,CPG,CPG,0.10655842195277629,0.36099022894796956,0.20000000200621643,-1.546157019240407,0,-3.8919816192420456,973.4,1.5,35.2
0.2362589300408905,0.3459448679691175,U10,MAD_M6C12,15.392340044538182,4.218573407964346,CPG,CPG,0.1041450540707152,0.35839748497716833,0.20000860296688672,-1.5483315261330968,2,-3.9130167173711694,989.8,2.0,34.5
0.2357114886953065,0.34876279962697576,U10,MAD_M6C12,15.441168188868158,4.032229371377669,CPG,CPG,0.10652775029144576,0.3622342261060564,0.20000257927913234,-1.5565943535016868,5,-3.866306818082821,960.2,1.6,34.8
0.23571490236965564,0.3469278683764888,U10,MAD_M6C12,15.370887152583636,4.35138206867915,CPG,SSPG,0.10174989929685732,0.3541744423531771,0.20027705639148669,-1.5676533160252224,4,-3.8989610293134884,985.5,2.0,34.1
0.2361270971590746,0.3465283313069339,U10,MAD_M6C12,15.275368609989105,4.129629148166678,CPG,CPG,0.10352268655416097,0.35758129029588676,0.20107155196695317,-1.5592427833451,7,-3.818690976394535,982.9,1.6,33.2
0.23254711170579048,0.3414397239332178,U10,MAD_M6C12,15.740778361313593,4.459015942166467,CPG,CPG,0.1011158775553638,0.3613427748150898,0.20018932978445284,-1.560546185845015,5,-3.875818294832605,986.8,1.8,34.1
0.231652352619548,0.34103697275131306,U10,MAD_M6C12,15.560438726133357,4.806207559480177,CPG,SSPG,0.10045805607576391,0.35836042131433543,0.20006243039245286,-1.5581511896208675,7,-3.959863748256682,992.2,1.8,34.5
0.23046400813742138,0.34086148535036465,U10,MAD_M6C12,15.878223544439233,4.827235402349931,CPG,SSPG,0.10258540736407781,0.3674370891500811,0.20054841150610317,-1.5682021053060682,2,-3.9707914585068877,988.4,1.5,35.3
0.22848147495344218,0.3407829559910247,U10,MAD_M6C12,15.947045333722722,4.817313623960101,CPG,SSPG,0.10172375275116095,0.36539680625927207,0.20000187568909014,-1.5558891921895424,1,-3.9817723911444336,986.8,1.7,35.2
0.23437859975173075,0.3378611730486144,U10,MAD_M6C12,15.618048453057282,4.793341709225988,CPG,SSPG,0.10213600514953017,0.365493585313054,0.20077279857584857,-1.558887494938882,2,-3.940768055818385,981.5,1.9,34.3
0.23207579251303972,0.3391074582193371,U10,MAD_M6C12,15.851410614601916,4.597967186537994,CPG,SSPG,0.10546268579027082,0.3661713194402699,0.201805482776684,-1.5669629463408492,1,-3.9409178371085627,988.1,2.1,34.1
0.23004258610242806,0.336787321286968,U10,MAD_M6C12,16.137422976133905,4.559986384575201,WPG,SSPG,0.1042982307378027,0.36965779448579894,0.20037791307024602,-1.567084123216592,6,-3.9972438490049687,957.9,1.8,34.2
0.23264123231777828,0.3354357531674845,U10,MAD_M6C12,16.233332910879696,4.472385599805342,WPG,CPG,0.10471835858339021,0.36747251382359997,0.20000428228601297,-1.5669647497855652,2,-4.051641747850276,977.7,2.3,34.8
0.23168467248318853,0.33336545319704786,U10,MAD_M6C12,16.176530066499595,4.427907162724724,WPG,SSPG,0.1019680776623362,0.3716680734195353,0.20131065877629442,-1.5677466753726672,1,-4.052253149225251,982.6,2.4,35.3
0.23795784596369698,0.33001711261392863,U10,MAD_M6C12,16.095033263675987,4.023167687495784,WPG,CPG,0.10389710313591094,0.3677964881005048,0.2012489571979917,-1.5617024377728164,0,-3.960813246407474,986.7,2.4,34.5
0.23613776898417493,0.33340270498829216,U10,MAD_M6C12,16.230666432664,4.2723299062997615,WPG,CPG,0.10398762386245694,0.367982406535423,0.20069498942486266,-1.5643997313555509,2,-3.8935425603040965,987.9,2.5,34.9
0.23518006334131022,0.3343719600744638,U10,MAD_M6C12,16.41270534985383,4.793541709944191,CPG,SSPG,0.10479732492113106,0.37109386918444276,0.2017267533289306,-1.5675924722027519,6,-3.8694396032750706,978.5,2.4,35.0
0.2309736320570609,0.33471713510310913,U10,MAD_M6C12,16.225816435507966,4.76307002400683,WPG,SSPG,0.10422234982364492,0.37052435499925906,0.20237561414376737,-1.569277534977771,3,-4.07215268635713,979.3,2.3,35.2
0.23612407251204914,0.3367173559143925,U10,MAD_M6C12,16.445213849933204,4.431547645782165,CPG,SSPG,0.10468119228265846,0.36910120749230274,0.2015072777782607,-1.5602366046022191,2,-3.9216007240427295,972.6,2.2,35.3
0.23491483181340472,0.33072385007634675,U10,MAD_M6C12,16.19705298445102,4.1826207589983175,WPG,CPG,0.10360068572040447,0.3679173070639056,0.20191573489512818,-1.5686774364472156,1,-4.0167535760819835,965.9,2.4,34.6
0.23367490081901174,0.33333707886364705,U10,MAD_M6C12,16.152550704945384,4.406391291402883,WPG,SSPG,0.10443322903043589,0.366215300283369,0.20025693158418845,-1.5676538592449785,5,-4.075058374512624,978.8,2.3,34.7
0.23567049662416328,0.32878586056181847,U10,MAD_M6C12,16.37929131684924,4.387738389795004,CPG,SSPG,0.10397972317333257,0.36808129642650655,0.2010639780808624,-1.567274524131745,7,-3.8847430914819228,980.5,2.5,34.6
0.2350177878856874,0.3336733636143947,U10,MAD_M6C12,16.145217587434303,4.127990594984728,WPG,CPG,0.10567291700619363,0.36956409451006944,0.20068065769091165,-1.570764063461068,7,-3.97377282677925,963.1,2.2,34.8
0.23535925385230339,0.33436861078883773,U10,MAD_M6C12,16.1914114347043,4.097934214234439,WPG,CPG,0.10646894187247773,0.3634889087453354,0.20034691439949603,-1.567695235505151,2,-4.001310401477582,975.5,2.3,34.3
0.23489817759516773,0.3360291551466181,U10,MAD_M6C12,16.19365081361571,4.02628659797758,WPG,CPG,0.10580554130302189,0.36479093951855646,0.20082785240714113,-1.562232900264241,3,-4.085439839314823,988.7,2.5,34.9
0.232351549291253,0.3347772013386285,U10,MAD_M6C12,16.239089405874267,4.006640406679912,WPG,CPG,0.10682766800746518,0.3656202090208346,0.20039549599547382,-1.5450028261962585,7,-4.058593283265612,979.7,2.2,34.8
0.2307901761020757,0.3350928310035376,U10,MAD_M6C12,16.156527911631397,4.0115625301595434,WPG,CPG,0.10519415476283961,0.36437930704201094,0.20001015879445228,-1.5352803248483493,2,-4.066673686759797,990.1,2.4,34.1
0.231549905952463,0.3318417508070408,U10,MAD_M6C12,16.230376874286755,4.016687780255978,WPG,CPG,0.10441457085526729,0.3631125473733276,0.20043262332421458,-1.5467846363469637,5,-4.05806779723528,993.6,2.6,34.1
0.22922391691688154,0.32985038033903535,U10,MAD_M6C12,16.24861324060569,4.000000051008739,WPG,CPG,0.10664303669580263,0.3658572201700039,0.2001364211238731,-1.5406789312233122,5,-4.0074068908574905,987.4,2.6,34.1
0.23164279718980388,0.33365717826495295,U10,MAD_M6C12,16.225435447343294,4.014350527313451,WPG,CPG,0.10564741451839374,0.3658617206559575,0.20013375835799216,-1.5474590742351761,2,-4.054391682748948,987.8,2.8,34.1
0.22993910024688283,0.3330840979114186,U10,MAD_M6C12,16.188774865311167,4.241619174306052,WPG,CPG,0.10376368569682963,0.36963666678771057,0.20066004357495665,-1.5450812075677978,6,-4.064458105285706,984.4,2.7,34.9
0.23250492140197784,0.33375449253942296,U10,MAD_M6C12,16.178624634325786,4.145272346754901,WPG,CPG,0.10199024637102447,0.3666433150422914,0.20010515561168835,-1.5455630930208015,1,-4.02115640949186,993.4,2.7,34.5
0.22924601070317066,0.333253615842779,U10,MAD_M6C12,16.178657594754846,4.048216096841549,WPG,CPG,0.1012070926037768,0.370273150914048,0.20002398340192412,-1.5205075552764766,2,-3.8681603521642884,990.0,2.7,34.6
0.23010454335778996,0.3342767131758898,U10,MAD_M6C12,16.198935750898922,4.107628463990434,WPG,CPG,0.10380561958066106,0.3688210153188134,0.20077710263755852,-1.5474017870572316,5,-3.9623859227928477,991.3,2.8,34.4
0.2278999403933994,0.32849935104135086,U10,MAD_M6C12,16.249466826406035,4.1919300649146924,WPG,CPG,0.10181656253142438,0.36763579866977697,0.20005079035172657,-1.5369407634784842,7,-4.036788913411337,994.2,2.8,34.5
0.22576601813131386,0.327658855181317,U10,MAD_M6C12,16.24537636961754,4.1742747636571735,WPG,CPG,0.10301711695021325,0.3677565025082875,0.20070236584130982,-1.532943350776171,5,-3.9797781995031425,993.0,2.7,34.5
0.2251304873659799,0.3264650947396709,U10,MAD_M6C12,16.08723200019619,4.174594971154309,WPG,CPG,0.10213331412968438,0.36786332481577644,0.2000230966192846,-1.5522328753063035,3,-3.911796982112426,987.7,2.8,34.0
0.22359019902427013,0.32480162152531594,U10,MAD_M6C12,16.14322655950447,4.189601141646723,WPG,CPG,0.10237478786001546,0.36969748998823876,0.20031950490670763,-1.5502554280695948,6,-3.9604060244748656,988.2,2.6,34.9
0.2226756296788191,0.32387497443264024,U10,MAD_M6C12,16.082901859122295,4.1315536032304205,WPG,CPG,0.10196394741033102,0.3629227960377409,0.20019858974959137,-1.5076313765328522,4,-3.925714556988705,994.5,2.6,34.8
0.2233838853508709,0.3175164324428535,U10,MAD_M6C12,16.068051692551713,4.229836685242915,WPG,CPG,0.1030191246550915,0.3673406000746355,0.2000036110435717,-1.5536074557445076,6,-3.921866198488548,989.4,2.7,34.2
0.2243082975144085,0.3233401114302195,U10,MAD_M6C12,16.158614841204006,4.11585055422947,WPG,CPG,0.10241384456135083,0.3635527567707727,0.2000000010621382,-1.5313668927029704,3,-3.9480850277462043,994.2,2.5,34.7
0.22488108084840103,0.32531247432692884,U10,MAD_M6C12,16.09632764506526,4.055214116788993,WPG,CPG,0.10167991040376431,0.3643630569238338,0.20001200305790012,-1.5521486167226222,6,-3.9492165903098204,986.0,2.4,34.8
0.22426587596851774,0.32384733990601294,U10,MAD_M6C12,16.159144006106192,4.24675827958186,WPG,CPG,0.10214845577038745,0.3604201639474049,0.20001276449238553,-1.5445258546866132,0,-4.000838124423895,987.6,2.6,34.2
0.22737574125059623,0.32688611427025205,U10,MAD_M6C12,16.138993483615437,4.15079516864962,WPG,CPG,0.10240683123135205,0.36511873689508734,0.20018956596676205,-1.5646423228657234,1,-3.983801953147184,988.6,2.4,34.9
0.22834075331530515,0.3269310946941677,U10,MAD_M6C12,16.249692017012563,4.087057960435212,WPG,CPG,0.10335880667820702,0.3659263477159054,0.2001942466009753,-1.5695759281147637,0,-4.0038688118494115,977.8,2.2,34.8
0.2273961252383643,0.32820771115973896,U10,MAD_M6C12,16.145533361005718,4.1377848054621085,WPG,CPG,0.10364194839309626,0.3658908809580523,0.2000109831144703,-1.5661347618856287,3,-3.983430622053051,991.4,2.4,35.0
0.22704963950836327,0.3227827144287691,U10,MAD_M6C12,16.17219362072727,4.382322601403959,WPG,SSPG,0.10285463479420642,0.3651123316430694,0.2000919233839214,-1.5686852197275312,5,-4.088358855080555,991.6,2.5,35.1
0.2242795819072563,0.3225026256402909,U10,MAD_M6C12,16.210661576820232,4.409706602880216,WPG,SSPG,0.10315223843386978,0.36642164600713395,0.2000913663953507,-1.5591669417682752,3,-4.047263946866144,996.0,2.6,35.2
0.2258743957966228,0.32659466125643727,U10,MAD_M6C12,16.10584309708321,4.199492297518941,WPG,CPG,0.10285604204787305,0.3645656769469081,0.20005720906627247,-1.5563312843401638,5,-4.00311603312813,997.1,2.6,34.5
0.2258625522516945,0.3225833721059029,U10,MAD_M6C12,16.21420299664849,4.184791353592525,WPG,CPG,0.10248584485816545,0.3658220013540122,0.20000161149162432,-1.5599145905259846,1,-4.035624026641914,992.8,2.6,35.4
0.22571684327627478,0.3214822497946689,U10,MAD_M6C12,16.166347758921162,4.150214226952436,WPG,CPG,0.10360170758620929,0.36480713225637407,0.20007847488978986,-1.5666688103159703,6,-4.0060697342960445,990.1,2.6,35.5
0.22721185683779346,0.32414380128901604,U10,MAD_M6C12,16.138362676311658,4.142669560574151,WPG,CPG,0.10217857571643944,0.36164213246793847,0.20048204191107083,-1.5594801675899306,5,-3.98227305893899,999.3,2.8,35.0
0.2256141824104633,0.3209931308039654,U10,MAD_M6C12,16.054675440485486,4.212792918507317,WPG,CPG,0.10331380129830163,0.3651565260161437,0.20002122509660988,-1.558311455684802,3,-3.9981411977268824,992.7,2.6,35.2
0.22526474250611705,0.3200503359015118,U10,MAD_M6C12,16.147999737520383,4.181628134815845,WPG,CPG,0.10304447546870321,0.3641294022635888,0.20000346316887674,-1.5572790937496435,6,-3.9926756972771944,995.8,2.9,35.1
0.2261384186850794,0.32532580853086646,U10,MAD_M6C12,16.20695051756674,4.016487748615045,WPG,CPG,0.10448758590149859,0.36160192152567394,0.20065400841139658,-1.5538898960079242,0,-4.027416197462355,993.6,2.9,34.6
0.22796957417531633,0.3237051319284872,U10,MAD_M6C12,16.1425139721648,4.02570817281617,WPG,CPG,0.10390324029834641,0.3643986957785631,0.20025724458579916,-1.5566316870525776,6,-3.98401434602229,993.0,2.7,34.7
0.22852696704544778,0.3245058353792784,U10,MAD_M6C12,16.15960971262512,4.019541372766631,WPG,CPG,0.10361732161080521,0.36376026645973897,0.20000900007276634,-1.5548543481519077,0,-4.033224358213037,995.1,2.8,34.5
0.23011485077189456,0.32708346155719226,U10,MAD_M6C12,16.209165443588077,4.010820669813143,WPG,CPG,0.10327538246533334,0.36589560442241875,0.20112839317834488,-1.550029075150796,3,-4.081609892885526,996.3,2.9,34.7
0.23030959277822863,0.32600931701894226,U10,MAD_M6C12,16.18490159620131,4.0141472032916194,WPG,CPG,0.10402643538968856,0.36576424427697257,0.2008003118521408,-1.5497914357659208,7,-4.076875624863886,997.1,3.0,34.7
0.23112291602588406,0.3265904187599708,U10,MAD_M6C12,16.157485175066967,4.045545200131098,WPG,CPG,0.10311506638319504,0.3655915627479236,0.2007451978393048,-1.5623034141621461,3,-4.068937285760613,996.5,2.8,35.0
0.22981719584076465,0.32650780641295724,U10,MAD_M6C12,16.220677673326758,4.0307503085720295,WPG,CPG,0.1054481240228177,0.3654544317835775,0.20163453344272816,-1.560326337903736,4,-4.053527711964895,995.5,2.9,34.9
0.2312126097401323,0.32765778544808283,U10,MAD_M6C12,16.18282489181859,4.022518573440449,WPG,CPG,0.10521629347048417,0.36546031392687256,0.2015313079271705,-1.5660129617795795,4,-4.078431070441999,994.9,2.9,34.8
0.23011608116154633,0.32667340599035033,U10,MAD_M6C12,16.22625291979176,4.046546505585098,WPG,CPG,0.1042251962541828,0.36624144019638244,0.20171692671343555,-1.5518452532821583,4,-4.047469665897664,994.9,2.8,34.9
0.23041056767062587,0.3254097817499324,U10,MAD_M6C12,16.155427684301806,4.004080443734868,WPG,CPG,0.10451700468745188,0.36594449031705234,0.20208034491554483,-1.559104312980981,0,-4.034861524792742,998.1,2.9,34.7
0.23225812188450257,0.32915908756689394,U10,MAD_M6C12,16.098192596784447,4.01189627042505,WPG,CPG,0.10424797959659712,0.36518930707173825,0.20125192574308268,-1.55357012277745,3,-4.003498863031728,999.3,2.9,34.5
0.23159752905897973,0.3283588034420595,U10,MAD_M6C12,16.168908268998536,4.012841034178965,WPG,CPG,0.10433121463919476,0.36769554903934304,0.2019338790346872,-1.5603824294132156,1,-4.072830631311417,996.6,2.8,34.8
0.2307784586484096,0.32863409260353316,U10,MAD_M6C12,16.2302286903868,4.000209443897894,WPG,CPG,0.10511477908919713,0.3660953563780529,0.20073360414660466,-1.5546855744010042,2,-4.083753804195753,997.8,2.9,35.0
0.2308577806053476,0.3287903728423941,U10,MAD_M6C12,16.20585348437979,4.0166064616618575,WPG,CPG,0.10491355022679127,0.36671423812333465,0.20070597186958267,-1.5548953947039814,5,-4.07243991581273,995.9,2.8,35.1
0.23068142660230032,0.32935676539139647,U10,MAD_M6C12,16.228770187718098,4.009727072591802,WPG,CPG,0.1041355252102534,0.36600926502445097,0.20103541205101194,-1.5426993824674815,2,-4.108315850830206,998.5,2.9,35.0
0.23305892324387376,0.3305106826845303,U10,MAD_M6C12,16.21159878221453,4.020328492940672,WPG,CPG,0.10423964028377239,0.36509657400582696,0.20037132385660705,-1.5369521737321856,2,-4.06462128275108,999.0,2.9,35.1
0.23277000439846396,0.3305116363914865,U10,MAD_M6C12,16.227336917710943,4.017800205664234,WPG,CPG,0.10453133729494918,0.36717281466794927,0.2003762498037791,-1.5592703359085727,4,-4.107607725078752,995.4,2.7,35.2
0.23107887003651995,0.33086342195799734,U10,MAD_M6C12,16.22956395864213,4.022526918683104,WPG,CPG,0.10420855801279408,0.36776704279441647,0.20089364599705908,-1.5465254861536502,2,-4.078231456568075,996.5,2.8,35.1
0.23176379623421717,0.3321193332635951,U10,MAD_M6C12,16.206598961101953,4.0148826468928585,WPG,CPG,0.10462559504987595,0.36855290620784853,0.20106317091256734,-1.5500626640003496,3,-4.09822123142861,995.7,2.7,35.1
0.22988738554853685,0.33082896132100575,U10,MAD_M6C12,16.244608315412314,4.028995265520564,WPG,CPG,0.10491429143579839,0.36777259818162283,0.20072268007251068,-1.5476624135945762,7,-4.07959760020508,997.2,2.7,35.1
0.22990481563605294,0.3300594442049657,U10,MAD_M6C12,16.165618047179798,4.023014647005553,WPG,CPG,0.10503929596774156,0.3668965832769497,0.2000795892115793,-1.5459660612637383,2,-4.067393581245055,997.5,2.6,35.1
0.2321704725019579,0.3308528537264544,U10,MAD_M6C12,16.23851074354687,4.023580763378944,WPG,CPG,0.1049727472411279,0.3689447492132736,0.20083838811605645,-1.552585176996799,7,-4.089644133678,999.1,2.8,35.2
0.23030790389416997,0.33041482987110815,U10,MAD_M6C12,16.214094660382116,4.003688935570289,WPG,CPG,0.10505882974310737,0.36811163718380546,0.20029198848350235,-1.5420926308285192,7,-4.0576969049033345,998.6,2.8,35.2
0.23218303867963672,0.3293574640951208,U10,MAD_M6C12,16.20259334722003,4.020325097885795,WPG,CPG,0.10471108960044512,0.36770429458675585,0.2000061663760334,-1.5358917536990007,2,-4.093538741785887,999.4,2.8,35.2
0.2327125144678331,0.3281943231205551,U10,MAD_M6C12,16.21791565456693,4.035468454315531,WPG,CPG,0.1044882064784782,0.3667227807320786,0.20000043799160924,-1.5355646004993628,0,-4.092282651449702,999.7,2.9,35.3
0.23154529694561393,0.33017478590049615,U10,MAD_M6C12,16.175371822795032,4.005732547001006,WPG,CPG,0.10422384918077096,0.36671103731643384,0.20005217946052092,-1.53532538560753,7,-4.089755492930074,999.8,2.9,35.2
0.2320630824336749,0.32933332049648,U10,MAD_M6C12,16.175166312534145,4.035360009978389,WPG,CPG,0.10449205975124906,0.36658952892925767,0.20002720073397276,-1.538922557009161,7,-4.09548310621064,999.0,2.9,35.2
0.23216035244508976,0.3325549990654101,U10,MAD_M6C12,16.223235392460765,4.0003673950048855,WPG,CPG,0.10566508723120392,0.3670977357062382,0.20005636806815272,-1.5454929762090925,0,-4.129146826800078,998.5,2.9,35.3
0.23303882525394404,0.33249401623593683,U10,MAD_M6C12,16.22696031697157,4.0069820531804545,WPG,CPG,0.1049923225904979,0.3689324485619241,0.200397761234422,-1.546853555370165,1,-4.100364200489189,999.0,3.0,35.4
0.23069884172684155,0.32976972627199574,U10,MAD_M6C12,16.199477199437823,4.0020713750145545,WPG,CPG,0.10486806522634329,0.3669500670012816,0.20053601986884342,-1.5525576112570423,6,-4.080469877082162,998.3,3.0,35.2
0.23137895343720882,0.3291237917164459,U10,MAD_M6C12,16.204690874526726,4.015156057899717,WPG,CPG,0.10533366501471916,0.3668089811365094,0.20030058795517797,-1.5528318297525616,4,-4.082749548291872,999.2,3.0,35.5
0.23092985361719942,0.33055299414463535,U10,MAD_M6C12,16.187498289236302,4.0082930434386785,WPG,CPG,0.10502024645135694,0.36681862727461284,0.20042448851788916,-1.5502176891624897,2,-4.09327844899672,997.9,2.9,35.3
0.23073906966089627,0.3313058031431423,U10,MAD_M6C12,16.227013595869572,4.021485800820721,WPG,CPG,0.10517883164468586,0.3671217964407083,0.20040813059627233,-1.5533521768924385,3,-4.096295837105448,997.9,2.9,35.4
0.2310188655479174,0.33181454412109884,U10,MAD_M6C12,16.23594056823051,4.02630086317801,WPG,CPG,0.10624514433450505,0.3676698162671285,0.2014590486173126,-1.5579167302308201,0,-4.089288177887319,996.8,2.8,35.6
0.23110622995707314,0.33215084993357435,U10,MAD_M6C12,16.188760863754787,4.018753080035337,WPG,CPG,0.10586344421948285,0.36687594885484187,0.20114122122228986,-1.5493916386444864,4,-4.100543816925946,996.7,2.9,35.5
0.2319575688354391,0.33306118603527285,U10,MAD_M6C12,16.205842828089434,4.016927627250736,WPG,CPG,0.1066412094915029,0.36653011471842556,0.20067715300775396,-1.5458126811919066,3,-4.099648686015074,997.7,3.0,35.7
0.23126426076688192,0.3338474587417544,U10,MAD_M6C12,16.19646799184776,4.043865344856142,WPG,CPG,0.10604411799282547,0.3664113600424237,0.20083981571807433,-1.5521715056881544,4,-4.1052486485259685,997.8,2.9,35.6
0.2331520442712626,0.3335044033323996,U10,MAD_M6C12,16.236704504340025,4.004772835198557,WPG,CPG,0.10644653234982579,0.3671875986406542,0.200941279231887,-1.5457193735373564,4,-4.13234341721809,998.7,3.0,35.8
0.23253138911757734,0.3354324952791458,U10,MAD_M6C12,16.163782463722665,4.025444809778254,WPG,CPG,0.10666043050546137,0.36661287387359875,0.20026864282023146,-1.5502761772328346,0,-4.1152870538449005,997.7,2.9,35.7
0.23132941137343926,0.3362566344873714,U10,MAD_M6C12,16.184305937377378,4.037799001108867,WPG,CPG,0.10674739221483157,0.36748449500659974,0.20066753174653718,-1.534709642487288,5,-4.132046444925399,998.5,2.9,35.8
0.2310425404729471,0.3369513690204212,U10,MAD_M6C12,16.171301491374454,4.040381351363242,WPG,CPG,0.10717003203963635,0.3663147907817932,0.20095182414318222,-1.5310444025417154,5,-4.129558779368438,998.6,2.9,36.1
0.23169639603306771,0.3359953477391059,U10,MAD_M6C12,16.23695888338218,4.012242341820703,WPG,CPG,0.10772571589945998,0.3674218203615083,0.2006574123487673,-1.5310603279373014,5,-4.125980961924238,998.6,2.8,36.3
0.2312284378222425,0.33609240274297464,U10,MAD_M6C12,16.241557096733032,4.000386494046932,WPG,CPG,0.10834593953660612,0.36710919499090783,0.20111513865281638,-1.5387038235685142,3,-4.118916099152013,996.4,2.8,36.2
0.232484422236067,0.33727777706579126,U10,MAD_M6C12,16.213554133817144,4.0011396752538,WPG,CPG,0.10921590555434596,0.3690989505815825,0.20083330921512407,-1.5398906848107872,7,-4.100919407240699,994.0,2.7,36.5
0.23360733697174707,0.3369337193240608,U10,MAD_M6C12,16.23132928109011,4.003223915730308,WPG,CPG,0.10897826576200448,0.3683676742537819,0.2005271100674526,-1.5364185281801293,6,-4.139649201999449,996.6,2.7,36.2
0.23144337230744544,0.33737968091124226,U10,MAD_M6C12,16.223275929230653,4.003473453940561,WPG,CPG,0.10961556297579327,0.3680482236006561,0.20041914545449824,-1.5304211925049305,5,-4.129486730583997,994.7,2.7,36.0
0.23152905923569767,0.3375306343638272,U10,MAD_M6C12,16.187222980831805,4.0279169501646335,WPG,CPG,0.10994238921241564,0.3684534177651339,0.20031907035161317,-1.544618990106921,0,-4.099564196040079,995.0,2.7,36.2
0.2320333380437491,0.33914118617385186,U10,MAD_M6C12,16.23369283749237,4.01469211671891,WPG,CPG,0.1094987375981166,0.36931988147637407,0.20011999248362902,-1.5429373252673015,2,-4.111134851640344,993.3,2.7,36.1
0.23064057161508716,0.3392865161257188,U10,MAD_M6C12,16.217012765535436,4.000052617992783,WPG,CPG,0.10998358382796697,0.3687118055826711,0.2007141080139126,-1.5300374538676853,1,-4.105781902587401,994.3,2.7,36.3
0.23244454748170423,0.3385811890915206,U10,MAD_M6C12,16.203615536938663,4.001123659411434,WPG,CPG,0.10983120661778498,0.36966649703626914,0.20098099794024457,-1.5459303354957272,6,-4.118553926295961,991.7,2.7,36.0
0.2304701466798955,0.33950028456380016,U10,MAD_M6C12,16.1772124214297,4.000481160509917,WPG,CPG,0.11051171830027799,0.36833778077103213,0.20083784483605074,-1.5462758447977878,4,-4.096810551119006,992.8,2.7,35.8
0.2311919896322262,0.33552383457259116,U10,MAD_M6C12,16.21988019225664,4.00114973342555,WPG,CPG,0.1088589402365444,0.3667778664110457,0.20053319395311925,-1.5398884415610306,5,-4.1194648345465765,997.1,2.7,35.7
0.23141569584127938,0.3365192941766781,U10,MAD_M6C12,16.221968868948217,4.006363040140253,WPG,CPG,0.10851478537484632,0.3685288043632161,0.20158812672574514,-1.5429508949586395,0,-4.1176674075927036,996.4,2.6,35.6
0.2300731026825073,0.3378461442705177,U10,MAD_M6C12,16.20240407391034,4.007926220000283,WPG,CPG,0.11004994859832282,0.36814247791280874,0.20120329521083322,-1.5503984474150438,1,-4.110768649753494,990.9,2.5,35.6
0.230049901010537,0.3374844858819876,U10,MAD_M6C12,16.172126950603293,4.008896909977824,WPG,CPG,0.1106622401893522,0.3679735835259155,0.20270442856989254,-1.5561437928165598,0,-4.108582441982959,991.2,2.6,35.5
0.2287780010696005,0.3379006952734563,U10,MAD_M6C12,16.174827525459097,4.012033833192566,WPG,CPG,0.11121505179335632,0.36955399977053927,0.20218031390850638,-1.5545504042413845,3,-4.067575802203706,985.0,2.5,35.6
0.22844701911318482,0.3403334926306406,U10,MAD_M6C12,16.17894619497894,4.001951725407547,WPG,CPG,0.11141667995884585,0.3684864981963276,0.20398471933690362,-1.5536205286394067,2,-4.084411726087996,986.5,2.6,35.7
0.2301275675299011,0.33704317936846206,U10,MAD_M6C12,16.21168242744144,4.006249339527597,WPG,CPG,0.1104592509554927,0.3680483785077928,0.20331140104137196,-1.5587262156022739,0,-4.090242864711973,990.0,2.7,35.6
0.22912975416678089,0.3379535212959812,U10,MAD_M6C12,16.209913140956203,4.019657851393949,WPG,CPG,0.11145468903939751,0.366575848791981,0.20241411997699746,-1.547008485415259,2,-4.107025679168361,992.5,2.7,35.7
0.22938724174210595,0.33612188312954305,U10,MAD_M6C12,16.203706517252442,4.0033962303135775,WPG,CPG,0.1096881236681603,0.36701714953637216,0.20119937701340876,-1.5486075172596163,7,-4.1130705903004685,995.9,2.7,35.4
0.22948956886042912,0.338648446334738,U10,MAD_M6C12,16.210902073715854,4.000073670100844,WPG,CPG,0.11049190773825805,0.3687928983023482,0.20214719650539056,-1.5562755109636055,1,-4.105929627572788,989.7,2.6,35.5
0.22957450780693273,0.3384817440797303,U10,MAD_M6C12,16.214726865758543,4.001777463346485,WPG,CPG,0.11017975773648253,0.3670984840625904,0.20128095884474007,-1.538873613493662,4,-4.112102946247623,996.3,2.7,35.7
0.22969122186342575,0.3397865917795452,U10,MAD_M6C12,16.232406058682063,4.001517395679491,WPG,CPG,0.11014351529761883,0.36765918416193694,0.20247911791470263,-1.5492884746844617,0,-4.119494296878948,994.5,2.6,35.8
0.23040048564669044,0.3407687946519778,U10,MAD_M6C12,16.232186407305306,4.000575731609663,WPG,CPG,0.11017093320811425,0.3684235889873998,0.20113038936519034,-1.5436938930927622,1,-4.11563089665732,994.3,2.6,35.9
0.23024734190117865,0.33868337482418975,U10,MAD_M6C12,16.229814376458833,4.00035403595815,WPG,CPG,0.10976695592599817,0.36722762189255886,0.201283609333244,-1.550685288549277,2,-4.123479068754021,994.9,2.7,35.7
0.23033600564764442,0.3392481524154131,U10,MAD_M6C12,16.244831413041158,4.000237443889679,WPG,CPG,0.11009624941240737,0.36782475202382453,0.20087092454629904,-1.5491372216753427,4,-4.130268518429498,995.4,2.6,35.8
0.2303184961568579,0.3385038357232325,U10,MAD_M6C12,16.248511112268204,4.005513633276491,WPG,CPG,0.11002792447623835,0.36716835133336684,0.20116871993723154,-1.545812730658426,4,-4.140892578803561,995.6,2.6,35.7
0.23066632997826747,0.33928139951326935,U10,MAD_M6C12,16.241999523951776,4.000410983392773,WPG,CPG,0.10962651322652928,0.36805348263482945,0.20080202859113302,-1.5438553712345522,7,-4.127180670338754,995.8,2.6,35.9
0.2301295265295205,0.33934443682657195,U10,MAD_M6C12,16.22417878199181,4.00037929153344,WPG,CPG,0.10981800480476471,0.3680559841415718,0.20106354526638964,-1.5502477995072317,5,-4.128590985820056,993.6,2.5,35.8
0.23046538675544345,0.34006036491834946,U10,MAD_M6C12,16.226477738301952,4.000583707625925,WPG,CPG,0.10964179769518795,0.3672034029173234,0.20056918507006885,-1.5496212597827137,4,-4.139300647967108,996.2,2.6,35.9
0.22976404697524805,0.34064755393895074,U10,MAD_M6C12,16.21055454837472,4.000485254434022,WPG,CPG,0.1098846663930789,0.36731514171898194,0.2002889336558461,-1.5442893207311714,7,-4.137171488535641,996.4,2.5,35.9
0.23046396771944666,0.34106710503895316,U10,MAD_M6C12,16.216399942650565,4.002896374442485,WPG,CPG,0.11067441340505904,0.36710584501090865,0.20081050832842665,-1.5446883619661806,1,-4.144138797842448,996.6,2.5,36.0
0.230407781376347,0.33843788109902184,U10,MAD_M6C12,16.240830096897206,4.000139164327162,WPG,CPG,0.109576824237171,0.36653283833362615,0.20046196703494049,-1.5462594115259753,3,-4.145972829345732,996.8,2.6,35.8
0.2298328029000764,0.3385762516744126,U10,MAD_M6C12,16.22947947274661,4.002527429187782,WPG,CPG,0.10893593434222801,0.3665340756094798,0.20021888485506634,-1.5450162510307766,5,-4.140791154633229,998.2,2.6,35.8
0.23023766732261125,0.33983738038140027,U10,MAD_M6C12,16.198474963639228,4.00002802901984,WPG,CPG,0.109797756895121,0.3662374912129458,0.20027652408042457,-1.544184427931473,7,-4.144638874772893,998.0,2.7,35.8
0.22984459269746338,0.3382315500048259,U10,MAD_M6C12,16.191036593133298,4.000433084957344,WPG,CPG,0.10883026679795135,0.3657080906942322,0.20042822148535497,-1.5370860209406323,7,-4.1322115756933595,999.3,2.7,35.7
0.22961902012940988,0.3381750623836547,U10,MAD_M6C12,16.20161970222042,4.0026540142241425,WPG,CPG,0.10928689480869058,0.3659090743930379,0.2003064271062446,-1.5420122692443736,1,-4.136976383969207,999.0,2.6,35.8
0.22968273768641986,0.3374756794913558,U10,MAD_M6C12,16.18302339967864,4.000486747147854,WPG,CPG,0.10879571936030394,0.3659322336794031,0.20048895468377803,-1.5494928167778363,6,-4.136895313311529,997.9,2.7,35.5
0.22989456833339672,0.3370051126157086,U10,MAD_M6C12,16.200556617520352,4.002891789223204,WPG,CPG,0.10788085376557086,0.3665142080203414,0.2001855639450652,-1.542704717343701,5,-4.133087122079443,999.7,2.7,35.6
0.22978316162875145,0.33733396434756197,U10,MAD_M6C12,16.217837348839115,4.001270017929931,WPG,CPG,0.10744183792153936,0.3661534818377179,0.20034210234352484,-1.5455404114167623,2,-4.143699155669644,999.5,2.8,35.5
0.22993581327088475,0.3365004670590254,U10,MAD_M6C12,16.200221015000587,4.002778012438904,WPG,CPG,0.10734123506383836,0.36609381064101826,0.20014202707574505,-1.5415580214860554,1,-4.136491737290335,999.9,2.8,35.4
0.2300396079448191,0.33870817599854186,U10,MAD_M6C12,16.23401483846547,4.00497396282652,WPG,CPG,0.10847346250161372,0.3675695563710725,0.20042339056236472,-1.5454773866527434,3,-4.128342203699205,998.6,2.7,35.6
0.2297679126726328,0.33808799075919665,U10,MAD_M6C12,16.22367755220499,4.000127445245307,WPG,CPG,0.10808829854238082,0.3667467109185662,0.2002866795093439,-1.550289164147829,4,-4.140371811074386,999.3,2.7,35.5
0.22956112835864173,0.33918272003975086,U10,MAD_M6C12,16.20582834215866,4.000064419098293,WPG,CPG,0.10828666603099626,0.3669656593543719,0.20033469337970142,-1.5470186564623967,2,-4.13632366005343,999.4,2.7,35.6
0.22970761052266211,0.3384679883677603,U10,MAD_M6C12,16.217300378825733,4.00032009613949,WPG,CPG,0.1077408386230968,0.36680040691595617,0.20020470011552033,-1.5499891372232713,1,-4.140065326301778,999.8,2.7,35.5
0.23059972233123255,0.33925907656289883,U10,MAD_M6C12,16.224091807435666,4.00052533548261,WPG,CPG,0.10767714981417309,0.36681584306726417,0.20005528359416516,-1.546069523925574,4,-4.154287220606662,999.9,2.6,35.6
0.2305003534107502,0.3377043713155886,U10,MAD_M6C12,16.24713296331062,4.000100539573294,WPG,CPG,0.10785922532145746,0.3666778721489775,0.2003729196958594,-1.5525840846945176,1,-4.140188721775191,999.5,2.7,35.6
0.2302922155601997,0.33765669293201467,U10,MAD_M6C12,16.241444157123944,4.001328320959307,WPG,CPG,0.10691663737021592,0.366531196806849,0.20015036215026427,-1.5506892854331291,1,-4.147789220527487,999.9,2.7,35.6
0.23058971368266404,0.33739211201743546,U10,MAD_M6C12,16.230492472061464,4.000000893308788,WPG,CPG,0.10648051683307685,0.36604666459135315,0.20026414269495404,-1.5430613783616545,0,-4.152921578837116,1000.0,2.8,35.7
0.23068447344254453,0.33719215138482006,U10,MAD_M6C12,16.224042386251945,4.001173268514783,WPG,CPG,0.10654117744436772,0.36510481219166774,0.20016824050916587,-1.5436827220779132,3,-4.1579177448354,1000.0,2.7,35.7
0.23086439065565623,0.33678804497118303,U10,MAD_M6C12,16.24436876275407,4.0036722522545345,WPG,CPG,0.1064402924575438,0.3649721342876388,0.20020160222835678,-1.5488852136771323,7,-4.157732807202741,999.9,2.8,35.6
0.23109045768887496,0.33770435557866657,U10,MAD_M6C12,16.221291929740726,4.000337169159346,WPG,CPG,0.10743615695005208,0.3663760548334059,0.20012364058752613,-1.5532522686900665,1,-4.152716839958561,999.9,2.6,35.7
0.2307285614408591,0.33771684630501647,U10,MAD_M6C12,16.212433928000465,4.000062261606997,WPG,CPG,0.10629251825230271,0.3660696208638426,0.2001697260931949,-1.5485082485177935,5,-4.145246668139498,999.9,2.7,35.6
0.2306509186453174,0.33858011474430283,U10,MAD_M6C12,16.22418332546018,4.000010100209266,WPG,CPG,0.10738345395328339,0.3662682195878013,0.2002901006687935,-1.551803240719346,7,-4.155924303462767,999.9,2.6,35.6
0.23082630126461354,0.33866486260153056,U10,MAD_M6C12,16.23710862535051,4.000223797854511,WPG,CPG,0.10717853116720558,0.36602522153652806,0.20044199752762462,-1.5525339859773102,6,-4.157165806495229,1000.0,2.6,35.7
0.230231800767778,0.33746565004577156,U10,MAD_M6C12,16.227383800745763,4.000087460149752,WPG,CPG,0.10734261202443279,0.3651956665617925,0.20028403999798242,-1.549794738230962,5,-4.149743102115885,1000.0,2.7,35.6
0.2307973921792091,0.3377198443619834,U10,MAD_M6C12,16.230526140141983,4.000782902417726,WPG,CPG,0.10746811198792258,0.3648993984437256,0.20041045590315945,-1.5439343140978674,4,-4.160903767640788,999.8,2.8,35.8
0.23001030586096283,0.3383546044522859,U10,MAD_M6C12,16.232180833254425,4.000738333400057,WPG,CPG,0.10686750209609511,0.36519992733664797,0.2003802200043447,-1.5475386145062795,1,-4.161427946752481,999.8,2.7,35.6
0.2301284798104397,0.3384856484729178,U10,MAD_M6C12,16.230411923646763,4.000179431195332,WPG,CPG,0.10713291525358475,0.3659678603157591,0.20070043823082676,-1.541704776243687,4,-4.137757794727863,999.7,2.7,35.7
0.23050956672108283,0.33842356748375424,U10,MAD_M6C12,16.245893576372772,4.000479865420291,WPG,CPG,0.10645458775898131,0.3658972935345433,0.20027199302449974,-1.5443212039315537,4,-4.159018337873823,999.5,2.8,35.7
0.22985607161294724,0.33824716120478693,U10,MAD_M6C12,16.231073304462306,4.00021090679716,WPG,CPG,0.10667188028424922,0.3656082041287223,0.20058308681145287,-1.5480834925668119,2,-4.155002599581783,999.7,2.8,35.5
0.22983194617302524,0.3390705643950515,U10,MAD_M6C12,16.216591930015436,4.000555554564044,WPG,CPG,0.10715010506759204,0.36608366819517457,0.20047583330782764,-1.5435686573057092,7,-4.148973524171591,999.8,2.7,35.8
0.23079903716714237,0.33964545304457133,U10,MAD_M6C12,16.235217196009515,4.001513664223807,WPG,CPG,0.10750167331861465,0.3663261389935186,0.20052455859401377,-1.5437729881038975,0,-4.158481391931664,999.8,2.8,35.9
0.2300249713386954,0.34007258261468654,U10,MAD_M6C12,16.21922827126354,4.000032399339638,WPG,CPG,0.10757274370243951,0.3656591030589537,0.20082186721790352,-1.5477970440080018,0,-4.157659522565513,1000.0,2.7,35.9
0.22990202789191205,0.33974527138899085,U10,MAD_M6C12,16.218936372953323,4.000290071771149,WPG,CPG,0.10767014219331741,0.36554175795915317,0.2006077216294618,-1.5467967149405122,5,-4.159195132993251,999.9,2.7,35.8
0.22952222284501414,0.3392810467599289,U10,MAD_M6C12,16.223472814740568,4.000019971399829,WPG,CPG,0.10721228585692187,0.36564925717084273,0.200593602489357,-1.5445868507423244,2,-4.149035033332382,999.7,2.7,35.7
0.22958378953988298,0.3399240045640297,U10,MAD_M6C12,16.223635605030246,4.000005763921798,WPG,CPG,0.10751866993568807,0.36592454558311566,0.20075762483554044,-1.5454625086676856,0,-4.156290756796764,999.9,2.7,35.7
0.22963092878074737,0.33935153094492276,U10,MAD_M6C12,16.206122015364812,4.000756741740479,WPG,CPG,0.10740042654773871,0.3660381520773084,0.20074802273886916,-1.547416099010495,5,-4.1474843491135225,999.9,2.7,35.6
0.22943087056107392,0.3389496567748146,U10,MAD_M6C12,16.216262673165797,4.000409829273462,WPG,CPG,0.10716992722580546,0.3657294287430839,0.2006240251098606,-1.5493332102185335,0,-4.150660128400149,999.7,2.7,35.6
0.22957524801993964,0.3390141863927063,U10,MAD_M6C12,16.21208273778314,4.000081182783862,WPG,CPG,0.10713654202420625,0.36577297133450537,0.20066400630765072,-1.5467793613959557,7,-4.15051235225279,999.4,2.8,35.6
0.22973695573430922,0.33919979212517026,U10,MAD_M6C12,16.207356886010395,4.002957304155868,WPG,CPG,0.10761162647026098,0.3655619165181345,0.20058515805085433,-1.5471460064426836,6,-4.150582859641908,999.8,2.8,35.7
0.2299297874198414,0.3386545854956883,U10,MAD_M6C12,16.20947377027634,4.000821990372121,WPG,CPG,0.10733079080201434,0.36512552574340856,0.20033401598947245,-1.5438115121505176,7,-4.154440391159795,999.0,2.8,35.7
0.2292530269905263,0.3377070580893308,U10,MAD_M6C12,16.195961490070733,4.000042586769707,WPG,CPG,0.1065109931121051,0.36474408699119165,0.20019238868683809,-1.5478270602730742,4,-4.152139368378949,998.6,2.8,35.4
0.2295746678722023,0.3377633216706731,U10,MAD_M6C12,16.19174882835415,4.000025654732327,WPG,CPG,0.1066968893339304,0.365126887400128,0.20042108080394688,-1.5462027421945177,0,-4.146252344616325,998.5,2.8,35.6
0.2303553537273445,0.3378567172944035,U10,MAD_M6C12,16.192688797897446,4.001725947891173,WPG,CPG,0.10615225643536852,0.36565746031172996,0.20026632006347292,-1.5503727273569117,6,-4.150814276958011,998.4,2.8,35.5
0.2301679322922423,0.33950575244656617,U10,MAD_M6C12,16.205610289977166,4.000194821616424,WPG,CPG,0.10732906172920054,0.36613026412388944,0.20071025518410912,-1.5502131776448937,6,-4.153876792201967,999.5,2.7,35.7
0.22962223864964643,0.3384304813822811,U10,MAD_M6C12,16.211583696588995,4.000075732576305,WPG,CPG,0.10718986621578329,0.365436893528145,0.20039744263441928,-1.5472568968978737,6,-4.15479003058541,999.3,2.8,35.5
0.22953747215724643,0.3376747426022796,U10,MAD_M6C12,16.211351296072657,4.000848492173914,WPG,CPG,0.10702012662885582,0.3650969904627707,0.20041551962321916,-1.5460094927924983,7,-4.142566255920281,998.5,2.8,35.6
0.22957477802223689,0.3381220966397991,U10,MAD_M6C12,16.206150417600078,4.00002651196675,WPG,CPG,0.10737119295696423,0.3656708208596481,0.2006841669440039,-1.5475286387777165,3,-4.1433231876358985,999.8,2.7,35.6
0.22953098384384746,0.33797877543388843,U10,MAD_M6C12,16.222098696269402,4.000632537374877,WPG,CPG,0.10731160438819792,0.365652793865988,0.20083980320213718,-1.5495270181186336,0,-4.147980999662309,999.7,2.7,35.5
0.22921844757320065,0.3373738992915635,U10,MAD_M6C12,16.21823468555558,4.003079954382542,WPG,CPG,0.10684880814639605,0.364931627910122,0.2004825500240804,-1.5459447196905387,7,-4.147577001055007,998.6,2.7,35.4
0.22937840071416157,0.33709176170681227,U10,MAD_M6C12,16.22752811084741,4.004465361830691,WPG,CPG,0.10713135686364293,0.3647822928910031,0.2005436739481301,-1.547466738109219,3,-4.1456175511360005,998.9,2.7,35.4
0.22969629350555146,0.3387866528484791,U10,MAD_M6C12,16.227414470997147,4.002080091502597,WPG,CPG,0.10696387809546015,0.3650117736748263,0.20041834703348482,-1.5502759767719758,3,-4.142157493099097,999.2,2.7,35.5
0.22929977686560354,0.3386624040859362,U10,MAD_M6C12,16.214688076486894,4.000352992058733,WPG,CPG,0.10694598231690239,0.36538946887799906,0.2005215196580114,-1.5508666510620552,0,-4.1501144069432545,999.4,2.7,35.4
0.22943847591601108,0.33902289265310437,U10,MAD_M6C12,16.218155401354235,4.00099114039959,WPG,CPG,0.10729260276451785,0.3649571863379538,0.2006060895989647,-1.5482532946278016,4,-4.145976472132457,999.1,2.8,35.6
0.22940948598296698,0.3389416348228222,U10,MAD_M6C12,16.214251056809562,4.0011531457025225,WPG,CPG,0.10720300810660163,0.3654327578688326,0.20042824318115326,-1.5497741446734175,1,-4.150889655109246,999.3,2.7,35.5
0.2293138449624005,0.33856210311288215,U10,MAD_M6C12,16.211981772525853,4.000337162054857,WPG,CPG,0.10714484872352462,0.3645213778567576,0.2004431858606726,-1.549212721100226,3,-4.154105421230989,999.1,2.7,35.6
0.22934684076681955,0.339195038259444,U10,MAD_M6C12,16.219715648482705,4.000316178810672,WPG,CPG,0.10728946050534283,0.36455848090265336,0.20040370436905403,-1.5475105779168776,2,-4.153956879528225,999.2,2.7,35.6
0.2291432571297559,0.3398360137354791,U10,MAD_M6C12,16.212540280571154,4.000071895746754,WPG,CPG,0.1075996933448107,0.3650164025826109,0.20047568191337167,-1.547885339637828,7,-4.1541553197612995,999.6,2.7,35.6
0.22885917746604434,0.33938621985892403,U10,MAD_M6C12,16.21639015732584,4.000008107932984,WPG,CPG,0.10744871560750434,0.36467160806682963,0.20029120320861898,-1.5483669367197137,7,-4.157386660693076,999.5,2.7,35.5
0.22917357003995031,0.3387566543056626,U10,MAD_M6C12,16.216860611285405,4.0000220436222325,WPG,CPG,0.10757702559000237,0.36481711174948195,0.20040435281920224,-1.5505630724157076,2,-4.1565087058738595,999.7,2.7,35.4
0.22878249975192827,0.33896962183063406,U10,MAD_M6C12,16.21634362612486,4.000018992820751,WPG,CPG,0.10718658634400405,0.36492195159505586,0.20022968195230229,-1.5495707030614516,1,-4.147618325946203,999.4,2.7,35.4
0.22910490942014405,0.3390818659916207,U10,MAD_M6C12,16.222262566163845,4.000129625367991,WPG,CPG,0.10745964300175552,0.3651984236127108,0.20022117820039656,-1.5510519397049012,4,-4.141744547115936,999.7,2.7,35.5
0.22901414206613274,0.33897306474035765,U10,MAD_M6C12,16.208180931505694,4.00135073674937,WPG,CPG,0.10736146419056003,0.3650565300936499,0.20022768358611792,-1.551050179293811,2,-4.1523462222587195,999.6,2.7,35.3
0.2292145309232538,0.338438713067713,U10,MAD_M6C12,16.21355303486029,4.00014783552156,WPG,CPG,0.10727699572138957,0.3651726622235096,0.20023423725397188,-1.5527157458428678,3,-4.147944762844155,999.8,2.7,35.4
0.22951495937612432,0.3394144119712353,U10,MAD_M6C12,16.214146992742243,4.001205934433129,WPG,CPG,0.10800664390155668,0.36550407573285143,0.20019203580160957,-1.5511548003123146,1,-4.154011731206754,1000.0,2.6,35.6
0.22961945164575967,0.33921997184928887,U10,MAD_M6C12,16.21218374444092,4.001698407349034,WPG,CPG,0.1077325595757847,0.3659782022534016,0.20025738097463874,-1.5563573619865267,4,-4.149807815841742,1000.0,2.6,35.5
0.22960838450443524,0.33770413924687215,U10,MAD_M6C12,16.196224824558808,4.000836050759554,WPG,CPG,0.10725458427832421,0.36569960950546054,0.2002468750461564,-1.5532374597318692,4,-4.145637516130355,1000.0,2.6,35.4
0.22972638997967876,0.33878353177964,U10,MAD_M6C12,16.203163853577628,4.0038271019513845,WPG,CPG,0.10720602474408278,0.3658245117165446,0.20022248954567337,-1.550760543228437,6,-4.15059706214444,1000.0,2.6,35.5
0.23037509456139177,0.33885682219591373,U10,MAD_M6C12,16.219339244766005,4.005952841435371,WPG,CPG,0.10714781579336623,0.36650840098023985,0.2002404213090613,-1.552652652501345,1,-4.148172244323817,1000.0,2.6,35.6
0.2300235458104523,0.34034655403801,U10,MAD_M6C12,16.19596536638295,4.002400114076297,WPG,CPG,0.10816482865885234,0.3662789370758921,0.2003425706460934,-1.547871890333371,2,-4.141210373783743,999.9,2.5,35.8
0.22981521620008427,0.3394355073339852,U10,MAD_M6C12,16.21046581147581,4.004364741041964,WPG,CPG,0.10775077490108612,0.36584478822371835,0.20013233253979898,-1.5512941616274354,4,-4.15027552301699,1000.0,2.6,35.6
0.22992966162747647,0.3398516825555673,U10,MAD_M6C12,16.220092352847907,4.002045463183632,WPG,CPG,0.10792686264365606,0.3659584306228113,0.20016923789292468,-1.5500470252840917,5,-4.158526214311095,1000.0,2.6,35.6
0.22997108502060523,0.34038141779064207,U10,MAD_M6C12,16.219511580367907,4.001184324231293,WPG,CPG,0.10760838114291697,0.3660999644193806,0.20030603944903114,-1.5502637300876443,1,-4.149003679865823,1000.0,2.6,35.6
0.22998192447759216,0.3405886056319151,U10,MAD_M6C12,16.216214030516003,4.005132923125058,WPG,CPG,0.10773256350005922,0.36584032668953026,0.20014701742470487,-1.5517793506288884,2,-4.156342552868079,1000.0,2.6,35.7
0.22995007480178165,0.34105865465089347,U10,MAD_M6C12,16.215130856434037,4.00258742176924,WPG,CPG,0.10745166111589577,0.36626994957815084,0.20022274683201927,-1.5521610144493474,3,-4.158808210866368,1000.0,2.6,35.5
0.22958206333517334,0.3413940493632768,U10,MAD_M6C12,16.21361354438143,4.003557500331208,WPG,CPG,0.10793877572763541,0.365817364375221,0.20025998613146553,-1.5527310229937252,5,-4.160183508897346,1000.0,2.6,35.6
0.22939246925801504,0.34165154005306764,U10,MAD_M6C12,16.216761510589407,4.002065720635616,WPG,CPG,0.10820363649611939,0.36585617614951205,0.20015628779627592,-1.5519336056582913,5,-4.162415128889325,1000.0,2.6,35.6
0.22922569186507968,0.34189638459923954,U10,MAD_M6C12,16.21737925586457,4.0012602430861826,WPG,CPG,0.10844693551093065,0.36591398646308415,0.2002462570414656,-1.5568261380404333,5,-4.159500882116221,999.9,2.6,35.5
0.2293309274596219,0.3421841141792585,U10,MAD_M6C12,16.226792589664043,4.00328969177556,WPG,CPG,0.10840042577577974,0.3659423164960384,0.20022287437382202,-1.5555579863662252,7,-4.16394312958194,999.9,2.6,35.6
0.22951894184641755,0.3415448582893683,U10,MAD_M6C12,16.22423127286224,4.00068754087167,WPG,CPG,0.10780088605164512,0.3657556425092694,0.2000735169752426,-1.5555866906155467,3,-4.163164946986399,1000.0,2.6,35.5
0.22948852981744927,0.3420649588959098,U10,MAD_M6C12,16.239463362820032,4.003057803877281,WPG,CPG,0.10826403276640045,0.36592402162441406,0.2001263669058484,-1.5554620283212413,1,-4.166722565050453,999.9,2.6,35.5
0.22962968013143367,0.34218124091844193,U10,MAD_M6C12,16.24112953645224,4.00518830572556,WPG,CPG,0.10794618981181381,0.3659383248679351,0.20014091309819973,-1.555885797250018,2,-4.16718844610331,1000.0,2.6,35.5
0.22979000470160516,0.3420645190793134,U10,MAD_M6C12,16.24288415232391,4.003356206336741,WPG,CPG,0.10796654781937087,0.3660841352902845,0.20013143851158582,-1.5588578155307065,1,-4.167961192900924,999.9,2.5,35.5
0.22988627069153444,0.34149653349682213,U10,MAD_M6C12,16.231544175892267,4.000120522657777,WPG,CPG,0.10830863180445238,0.36593498833979915,0.2001249879709369,-1.5579624988767309,7,-4.162646731270215,1000.0,2.5,35.5
0.229489418583067,0.3421157213479143,U10,MAD_M6C12,16.226606539350264,4.001193892967141,WPG,CPG,0.108249892034193,0.3657896802409595,0.20015911545151083,-1.5581871255767579,6,-4.163641061250937,1000.0,2.5,35.5
0.2297324098169672,0.34156028265847815,U10,MAD_M6C12,16.22719237363812,4.00082028010519,WPG,CPG,0.10820686575235308,0.36568076785715364,0.20016671561481483,-1.5594372036986592,4,-4.1672693186324885,1000.0,2.5,35.5
0.23023422951351713,0.3415864261957794,U10,MAD_M6C12,16.228661941496355,4.000399070984052,WPG,CPG,0.10838749244518835,0.36574984445416053,0.20011896238795618,-1.5604661322626685,3,-4.1714624258241795,999.9,2.5,35.5
0.23022100984001415,0.34066397068961557,U10,MAD_M6C12,16.22438484674486,4.002686662055116,WPG,CPG,0.10810556907922603,0.36550930443249874,0.2001122193308502,-1.5571093790985224,0,-4.170934263861355,1000.0,2.6,35.5
0.2299072123016263,0.34138139640166365,U10,MAD_M6C12,16.22723461887484,4.001807921562632,WPG,CPG,0.10868668802173836,0.3658779345394867,0.20008760136464096,-1.557173831113845,4,-4.165276021660819,999.5,2.5,35.6
0.23014080386060964,0.34207223099236017,U10,MAD_M6C12,16.22721537032703,4.003394915128788,WPG,CPG,0.10891029604835234,0.36597541534888955,0.20009324040537935,-1.5570202111744698,0,-4.16981993714713,999.2,2.4,35.7
0.2304141978191329,0.34176242869116624,U10,MAD_M6C12,16.218741540206715,4.002844721254522,WPG,CPG,0.10864641000886781,0.36566161291920807,0.20009761736899265,-1.5584622227419556,6,-4.170741672986628,999.5,2.5,35.6
0.2304399327945495,0.3414922265932543,U10,MAD_M6C12,16.21404784154337,4.003336644033385,WPG,CPG,0.10845276722243366,0.3654661694570712,0.20011697972657244,-1.5556499577139207,5,-4.173327747292605,999.8,2.5,35.7
0.22992226221050602,0.3420077808318288,U10,MAD_M6C12,16.216967784146938,4.000316372441735,WPG,CPG,0.10886233633432868,0.36553716608482545,0.20016309780522126,-1.5575958671536818,7,-4.167924312769239,999.7,2.5,35.6
0.230225550653024,0.34264566762223464,U10,MAD_M6C12,16.232523625076812,4.000227757982143,WPG,CPG,0.10888342947360868,0.36568658586683134,0.2001352175056813,-1.5598171269569883,1,-4.174371826345512,999.8,2.4,35.6
0.22999875921184895,0.3423663942521865,U10,MAD_M6C12,16.23543924929913,4.000679249598969,WPG,CPG,0.10887683588162482,0.3655342297004096,0.2002264829534771,-1.559596115135133,4,-4.173203933975964,999.7,2.5,35.6
0.2302427830092757,0.34175167492468495,U10,MAD_M6C12,16.21860136393766,4.001218230959465,WPG,CPG,0.10892260082498809,0.3656064748307212,0.20023496937177307,-1.5602032945148432,5,-4.163691263261192,999.5,2.5,35.6
0.23037272300211714,0.34176252264550044,U10,MAD_M6C12,16.213389003888157,4.003409198669347,WPG,CPG,0.10895187025972614,0.36568575683600496,0.20016844262352515,-1.5590720528201887,3,-4.167756955728315,999.6,2.5,35.7
0.22995689901953095,0.34120434710461106,U10,MAD_M6C12,16.21859857441519,4.002000968083519,WPG,CPG,0.1086613795548989,0.36531526798923886,0.2001293374744904,-1.5593936491433953,3,-4.161423200278705,999.6,2.5,35.5
0.23018983106847438,0.34153270430267,U10,MAD_M6C12,16.22513063658663,4.0005458113267665,WPG,CPG,0.10861585675177442,0.3656126504824861,0.2002004036250343,-1.5597472867746196,5,-4.162481242306422,999.8,2.5,35.5
0.23032981872501265,0.34149971915753835,U10,MAD_M6C12,16.230407610748607,4.00173884478607,WPG,CPG,0.10859132761442107,0.36588276119918917,0.20016347630414535,-1.5614995053734835,6,-4.171234424974088,999.6,2.4,35.5
0.23031446570364866,0.3419111488027732,U10,MAD_M6C12,16.231857584974442,4.001966068784196,WPG,CPG,0.10858605480152306,0.36597226977504,0.20016201193868086,-1.560537749106756,1,-4.170254517819034,999.6,2.4,35.6
0.23081252719902884,0.3414312045160289,U10,MAD_M6C12,16.222450725181304,4.001047699899218,WPG,CPG,0.10835664302265816,0.36615307275801284,0.20014297553788915,-1.5598557197198981,0,-4.171228720795547,999.7,2.5,35.6
0.2307191902597437,0.3412776180721795,U10,MAD_M6C12,16.220935376693237,4.001169858933413,WPG,CPG,0.10818482299239589,0.3657515557158938,0.20011410660990073,-1.558705641167106,0,-4.170840242148852,1000.0,2.5,35.6
0.23070072895240584,0.3409706623218254,U10,MAD_M6C12,16.229295271342302,4.001478909677695,WPG,CPG,0.10813320726871323,0.3659132134365537,0.20015396408182717,-1.560332205248475,2,-4.17016510422407,999.9,2.5,35.6
0.23092410988825834,0.34147740149045747,U10,MAD_M6C12,16.236638099296535,4.002183682743118,WPG,CPG,0.10824235667923651,0.36609495988016183,0.20008568735186957,-1.5616254961103921,6,-4.169903979541708,999.9,2.4,35.6
0.23077555110483383,0.3409605220246158,U10,MAD_M6C12,16.220776750097126,4.001152395187485,WPG,CPG,0.10837090820341413,0.36579700536514775,0.20012401332615193,-1.5578272817650778,1,-4.1718930185330425,999.9,2.5,35.6
0.23074273077915014,0.3420560842231475,U10,MAD_M6C12,16.233821405670383,4.00181189030725,WPG,CPG,0.10896252221825004,0.36588220811500416,0.2001944019383933,-1.559239582589651,2,-4.175771194391677,999.7,2.5,35.7
0.23086002410085926,0.34195837121320954,U10,MAD_M6C12,16.237470967422155,4.000877806154197,WPG,CPG,0.10895439130167417,0.3662175535971149,0.20010053435315936,-1.5596172892553946,5,-4.162613614307695,999.7,2.4,35.7
0.23089666304452366,0.3417887437247611,U10,MAD_M6C12,16.24084371260296,4.0030993842031295,WPG,CPG,0.10855452011935898,0.36611001878360844,0.20010164778675002,-1.5593417024702767,6,-4.174892063028741,999.8,2.4,35.7
0.23126585669711996,0.34192627529315434,U10,MAD_M6C12,16.246682394280526,4.003918382741517,WPG,CPG,0.10858163110509148,0.3661596252962762,0.20009061221930521,-1.5592278944889275,2,-4.171267082019117,999.8,2.4,35.7
0.2314410416386968,0.3421673121399659,U10,MAD_M6C12,16.243274780150003,4.003051910419736,WPG,CPG,0.10876888033846809,0.36631836216781166,0.2000995269315112,-1.5581164847463629,3,-4.178134976858022,999.5,2.4,35.8
0.23163252625959285,0.342060854361589,U10,MAD_M6C12,16.248845718830335,4.000169115635511,WPG,CPG,0.10902360729616321,0.36590118423800827,0.2000655621779712,-1.558162114494842,3,-4.1782351748678614,999.8,2.4,35.9
0.23216670372209583,0.34219434173430946,U10,MAD_M6C12,16.240407647657676,4.00599023076823,WPG,CPG,0.10891716689484474,0.36668545476993114,0.20004978754183872,-1.5582088567781527,3,-4.179196902968366,999.2,2.4,35.9
0.23232806211788476,0.34195816532635587,U10,MAD_M6C12,16.236346906428274,4.004663309348076,WPG,CPG,0.10883439144090612,0.3664983379819584,0.20004977761830298,-1.55549617012399,3,-4.1763357565471,999.3,2.4,36.1
0.23240187688240002,0.34343860888449074,U10,MAD_M6C12,16.24459458154047,4.001764068126474,WPG,CPG,0.10913433032618572,0.3666118450910216,0.20009669405613106,-1.5574211995787606,1,-4.177449804997959,999.4,2.4,36.1
0.2318604879393733,0.3420762011678654,U10,MAD_M6C12,16.236161952659447,4.000292529756469,WPG,CPG,0.10863249157547297,0.36604987895064955,0.20013561667471783,-1.5582193591829139,6,-4.179111316879043,1000.0,2.5,35.9
0.2316548550595116,0.3418944729694126,U10,MAD_M6C12,16.24157397267208,4.001878626994433,WPG,CPG,0.10857977250411627,0.36599870571995485,0.2000435015913115,-1.5570148764900698,3,-4.168344064284705,999.9,2.5,35.9
0.230870894007715,0.34170334265240215,U10,MAD_M6C12,16.23674328273479,4.001737853372289,WPG,CPG,0.10869377857625845,0.3657502052453086,0.20011783643200562,-1.5577282105174073,5,-4.171194162012526,999.9,2.5,35.8
0.23115851446382263,0.3416371446071166,U10,MAD_M6C12,16.2255373661042,4.002628796553917,WPG,CPG,0.10854498330919032,0.3659838307483785,0.2000536001227163,-1.5559601360134132,2,-4.175891595433004,999.8,2.5,35.8
0.23123141457363225,0.3416917013082639,U10,MAD_M6C12,16.235695394568893,4.000153015905692,WPG,CPG,0.10892559671146107,0.3657263477051461,0.20007818610307368,-1.5584502346244185,6,-4.176185939448615,999.7,2.5,35.9
0.23129859271907544,0.34276032962974484,U10,MAD_M6C12,16.238024452683362,4.000047250878459,WPG,CPG,0.10901430741564472,0.36588990689257483,0.20013331964441966,-1.5548803804409668,1,-4.178531980409669,999.6,2.4,36.0
0.23131286348767957,0.3425821036059521,U10,MAD_M6C12,16.236965746427593,4.000556874935805,WPG,CPG,0.10875011522427044,0.36604168069720017,0.20008400841162302,-1.555989851915666,6,-4.180051946821289,999.6,2.5,35.9
0.23113260988442336,0.3425137227661803,U10,MAD_M6C12,16.232650793295065,4.000511793576125,WPG,CPG,0.10877479026913814,0.3655993646754039,0.20003885187491854,-1.5544817608491694,4,-4.179022270095951,999.8,2.5,35.9
0.2310992683488823,0.34238409737809294,U10,MAD_M6C12,16.216838195239976,4.002504372509968,WPG,CPG,0.10890530622536965,0.36574795676213234,0.20004080067904725,-1.5542468234317859,1,-4.176224031324232,999.4,2.5,35.9
0.23101992859297976,0.342677659751052,U10,MAD_M6C12,16.211413288605513,4.002570380843877,WPG,CPG,0.10877387944141115,0.3657034561498985,0.20003340991163845,-1.5539707492052093,0,-4.160123739460609,999.6,2.5,36.0
0.2315041780647137,0.3421188248372208,U10,MAD_M6C12,16.214470567819735,4.007640899989441,WPG,CPG,0.10892750084437061,0.36587930246764266,0.20003338304761206,-1.555108983943546,5,-4.169405285645658,999.3,2.4,36.0
0.23164280976468557,0.3427545883927177,U10,MAD_M6C12,16.219081965202633,4.0070615817582445,WPG,CPG,0.10939258824533918,0.3661271601209462,0.20001008114006016,-1.5512008015633592,3,-4.16594931409916,998.7,2.4,36.2
0.23157741769330636,0.3426303935255492,U10,MAD_M6C12,16.22612867559152,4.005364255263942,WPG,CPG,0.10903831566171071,0.3661803498630999,0.20000022433239617,-1.55315768467359,4,-4.177219205299387,998.7,2.4,36.1
0.23174790324010938,0.3424352237799121,U10,MAD_M6C12,16.22576074918469,4.002616453816998,WPG,CPG,0.10925896176737002,0.3662991662158903,0.20002342767566963,-1.553576592130852,3,-4.169303636031218,999.1,2.4,36.1
0.23227436335637267,0.34284973625983184,U10,MAD_M6C12,16.23247854138542,4.008616154123615,WPG,CPG,0.10925094586846273,0.3664843121917267,0.2000011598669849,-1.5524524613841773,5,-4.180675947463323,998.3,2.4,36.2
0.23206888427898087,0.34304466964661384,U10,MAD_M6C12,16.22827924390615,4.008571205506911,WPG,CPG,0.10903436851834739,0.36646435770545027,0.20000709909752476,-1.55444362347223,0,-4.180598758803454,999.1,2.4,36.1
0.23194877638671874,0.3428954131801748,U10,MAD_M6C12,16.24037247274684,4.002998865166552,WPG,CPG,0.10901002928870726,0.366195260631935,0.20000655933421926,-1.5561525081744714,6,-4.178758714741223,999.3,2.4,36.1
0.23205199540182253,0.3437378000842618,U10,MAD_M6C12,16.240518550056684,4.000976293733119,WPG,CPG,0.10945037629544654,0.3665116749241135,0.20003879653895248,-1.556557332842653,5,-4.168637845459358,998.5,2.3,36.2
0.23187222989777143,0.3436298454784908,U10,MAD_M6C12,16.234157271430004,4.0054995075938296,WPG,CPG,0.10929117499359703,0.36620934483894246,0.20000233690482017,-1.5524353509465774,1,-4.179109685315941,998.6,2.4,36.2
0.23158833542801882,0.3436698040341872,U10,MAD_M6C12,16.244894270751047,4.005674381683424,WPG,CPG,0.10911341497651764,0.3661596602468488,0.20002447321123673,-1.554857797309425,4,-4.184081020215627,999.3,2.4,36.1
0.2316158246790677,0.3442052141665092,U10,MAD_M6C12,16.22882921313151,4.008145276567176,WPG,CPG,0.10967221609510551,0.36616361228891026,0.2000045313901599,-1.5529164608377755,0,-4.1702861795888655,998.6,2.4,36.2
0.23134512272851562,0.34435799598032174,U10,MAD_M6C12,16.24223231129777,4.007572801413503,WPG,CPG,0.10958727972335727,0.3661015710095542,0.20000902579974272,-1.5508710234849032,7,-4.178015318568045,999.0,2.4,36.2
0.23194590889515398,0.3448798598390164,U10,MAD_M6C12,16.233209412516945,4.01802161913493,WPG,CPG,0.10976601640717654,0.3663790557647987,0.20000586359498232,-1.5511208714435314,0,-4.186930055265217,998.3,2.3,36.3
0.23149551197752397,0.3453336995918755,U10,MAD_M6C12,16.232282702500036,4.007056518384848,WPG,CPG,0.1098943219015253,0.3662512135869226,0.20000308867048622,-1.552913359080001,0,-4.166977147820488,998.3,2.3,36.2
0.2319562333085458,0.34464389269688533,U10,MAD_M6C12,16.23524947534161,4.007116889854321,WPG,CPG,0.10922118514929784,0.3665801012900948,0.20001259213426498,-1.5549745523840812,2,-4.1828801092520855,999.2,2.3,36.2
0.23191839691786187,0.3452879004920224,U10,MAD_M6C12,16.242312438675583,4.0091307380243615,WPG,CPG,0.10958538317238431,0.3664503990517801,0.20005038345300197,-1.556246065661574,2,-4.183035201530354,999.1,2.3,36.3
0.23068055922714803,0.34447536253607497,U10,MAD_M6C12,16.234254062615832,4.000970553872356,WPG,CPG,0.1097954912551421,0.3656944386767337,0.20004802855373133,-1.555622110925282,1,-4.174326725243267,999.8,2.4,36.0
0.2317587045599397,0.34629734919716054,U10,MAD_M6C12,16.242675365058552,4.007777865822774,WPG,CPG,0.11012373650542871,0.36643963417248226,0.20013509777576088,-1.5580339667153182,7,-4.182077600606229,998.8,2.3,36.3
0.23185642932921344,0.34648614341610606,U10,MAD_M6C12,16.243067291042003,4.000488650985286,WPG,CPG,0.11043330766599785,0.3661393148509033,0.20012245607064655,-1.5567910818083337,7,-4.190249774377351,999.6,2.3,36.3
0.2322446308775598,0.3471402507688646,U10,MAD_M6C12,16.24548798904562,4.009847888950488,WPG,CPG,0.11033594623027337,0.36691246057197835,0.20001652271145012,-1.5521326935177218,6,-4.194301046679556,998.7,2.3,36.5
0.23189585050824946,0.3462155331784862,U10,MAD_M6C12,16.239190991161312,4.014577377470619,WPG,CPG,0.11001901257838623,0.3666604226413491,0.20004980170192246,-1.553131894471975,3,-4.180505442297251,999.1,2.3,36.4
0.23199098574569063,0.34671239181384567,U10,MAD_M6C12,16.237895273762394,4.012550317969664,WPG,CPG,0.10990600793555386,0.3665040150508234,0.20007095152441876,-1.5489788837900922,1,-4.18660621008762,999.7,2.4,36.5
0.2318268795080816,0.3462799847293192,U10,MAD_M6C12,16.233453585768384,4.010620252654136,WPG,CPG,0.1096894457709529,0.36662890375905643,0.200163735627935,-1.553631142348025,1,-4.186467902987863,999.9,2.4,36.4
0.23183369514328844,0.34679133951471625,U10,MAD_M6C12,16.23822310616628,4.002119259417642,WPG,CPG,0.11046822629630607,0.3662793375835997,0.2001203570183845,-1.5454319128621883,4,-4.184861637889531,999.8,2.5,36.6
0.23117550804418224,0.3462447203404795,U10,MAD_M6C12,16.239267715189506,4.0109392600098674,WPG,CPG,0.1101057520845527,0.36629453594729156,0.2000243121895839,-1.5446091133162858,0,-4.181274641094111,999.9,2.5,36.4
0.23003579651680095,0.34751270708712256,U10,MAD_M6C12,16.242885849862162,4.017526072015712,WPG,CPG,0.11068310467156266,0.36614622848643463,0.20001356682516291,-1.5431392762691583,4,-4.182606697062075,999.5,2.5,36.3
0.23033165513903656,0.3477574771688914,U10,MAD_M6C12,16.229395709593753,4.019043752864082,WPG,CPG,0.11005446175451389,0.3658906082519967,0.20002394549486513,-1.5448518267950775,4,-4.181954259695164,999.9,2.6,36.4
0.23074298301027388,0.3479959220718699,U10,MAD_M6C12,16.23399866742479,4.0024838711560555,WPG,CPG,0.11101549992743795,0.3656927910236264,0.20003789657236568,-1.541096780265282,1,-4.188677150482485,999.9,2.5,36.7
0.23116497756996857,0.34822573116504907,U10,MAD_M6C12,16.236774172794924,4.0042931338070336,WPG,CPG,0.11030721500845768,0.36607510401816035,0.20008495735080647,-1.544662749605383,6,-4.1784568995757745,1000.0,2.4,36.6
0.2305536266464663,0.34687722859279574,U10,MAD_M6C12,16.234174188268366,4.003945812823132,WPG,CPG,0.1094337296827882,0.3655389816780164,0.20001831667159206,-1.544467195370506,5,-4.1746382445426775,999.8,2.5,36.4
0.22982476683829353,0.347546035964436,U10,MAD_M6C12,16.238760645074237,4.017052466214716,WPG,CPG,0.10966545372851132,0.3652600121025755,0.20007630608594262,-1.5448890589950468,3,-4.188100509095962,999.9,2.5,36.3
0.23067137042957378,0.34809147661875295,U10,MAD_M6C12,16.23616842472039,4.012893997392509,WPG,CPG,0.11007279655594218,0.36574671633498346,0.20007297009662267,-1.546245814502769,7,-4.195303001113375,999.9,2.5,36.5
0.23049440133273627,0.3488017421864221,U10,MAD_M6C12,16.236372537014653,4.030498872482433,WPG,CPG,0.10997666789965592,0.36565571553283854,0.20012955260966156,-1.541550752438448,3,-4.1806564784017475,999.9,2.5,36.7
0.22961667157151586,0.34878033884088944,U10,MAD_M6C12,16.242917968967898,4.005568267896965,WPG,CPG,0.10970472968490627,0.36526441773359475,0.20031435963643515,-1.5462428645256336,3,-4.190489848775361,999.4,2.6,36.4
0.22970966964789824,0.3487863630046266,U10,MAD_M6C12,16.241878168817067,4.014359687864313,WPG,CPG,0.11000405676534034,0.36578312780940747,0.20017825873501136,-1.5439903330973113,3,-4.191458749937466,1000.0,2.5,36.4
0.22951995100744474,0.34886427645971585,U10,MAD_M6C12,16.236901720281768,4.01431918964503,WPG,CPG,0.11015156657244504,0.3653669390277435,0.20040505956932061,-1.5492895362089805,1,-4.186068580676249,1000.0,2.5,36.4
0.2295118750853046,0.34867477305242534,U10,MAD_M6C12,16.23920312100448,4.029667484269689,WPG,CPG,0.10970743503200475,0.3652134757377794,0.20028134043081622,-1.5471853979486867,7,-4.1881840262165575,999.7,2.5,36.4
0.22965485210430814,0.3487233461755679,U10,MAD_M6C12,16.236430346662114,4.039390061513998,WPG,CPG,0.11007142131067676,0.365632262120697,0.20030957840422603,-1.543794795715286,5,-4.189727460874909,1000.0,2.5,36.4
0.22941536061607945,0.348927081664873,U10,MAD_M6C12,16.243515827391175,4.035677898316006,WPG,CPG,0.11003472032930932,0.3654516662300181,0.2005848979292368,-1.5493469550692562,0,-4.178452088831206,999.6,2.6,36.3
0.2292254315481064,0.34902615746939225,U10,MAD_M6C12,16.238068820561065,4.017081608998039,WPG,CPG,0.10963768187897464,0.3654344514230796,0.2006224835005963,-1.5512901934211663,2,-4.1879605158979185,999.5,2.5,36.3
0.2302255966227278,0.34916387851462805,U10,MAD_M6C12,16.23378997432488,4.0180551579078845,WPG,CPG,0.11031452507155326,0.3660791346320066,0.2005397977726241,-1.5479150252864269,7,-4.1900975529230315,1000.0,2.5,36.4
0.23015237960869353,0.34931656489554724,U10,MAD_M6C12,16.226252264974203,4.029728106249908,WPG,CPG,0.1099352631769878,0.3659689698730101,0.20053318863522845,-1.5475380860445977,7,-4.18955892155758,999.9,2.5,36.5
0.23049729641351974,0.3494092360461981,U10,MAD_M6C12,16.228007693783475,4.027642003520172,WPG,CPG,0.1102509811797652,0.36611227725482925,0.20027710099661963,-1.5400710741285537,5,-4.190901465722174,1000.0,2.5,36.7
0.2306945699226043,0.3493003130530352,U10,MAD_M6C12,16.23956851010947,4.018982378848169,WPG,CPG,0.10928301623965991,0.36623082312388616,0.20029964267401276,-1.546658635530737,1,-4.192987213050042,999.9,2.4,36.6
0.2310877880502962,0.3497162882840187,U10,MAD_M6C12,16.232926596705852,4.011987595877204,WPG,CPG,0.10995476826418416,0.36621345988224085,0.20018394914728158,-1.538469255862623,1,-4.179950114014545,999.9,2.4,36.9
0.23101709236540513,0.3497395875748111,U10,MAD_M6C12,16.24028455371569,4.013872386061025,WPG,CPG,0.1097411804095784,0.3666228226233043,0.2001234456986803,-1.5440930050483959,0,-4.195246692062396,999.9,2.4,36.8
0.23099843058634456,0.34987478652913556,U10,MAD_M6C12,16.239782431275067,4.015257023627939,WPG,CPG,0.10988031309806238,0.3665591627970891,0.20011137231851087,-1.5496352693966853,5,-4.192003229748089,1000.0,2.4,36.8
0.2320948130926588,0.34984558784326053,U10,MAD_M6C12,16.241657741569945,4.013235708076551,WPG,CPG,0.109254526036555,0.3671586099643168,0.20027558838065052,-1.5443090442044503,6,-4.192233978600354,999.9,2.4,37.0
0.23217343365570187,0.34986534163624533,U10,MAD_M6C12,16.243102017806027,4.008682883787159,WPG,CPG,0.10913468082951171,0.3673261237158274,0.2002318372186676,-1.5484248329882546,1,-4.1890049830576395,999.9,2.3,37.0
0.23077320313712218,0.34998583303626996,U10,MAD_M6C12,16.235599920814973,4.001578396002507,WPG,CPG,0.10994358833687387,0.36637643437619505,0.20035339915621755,-1.5517091139051935,7,-4.193323075753673,999.6,2.4,36.7
0.23191193599438947,0.3499593533986056,U10,MAD_M6C12,16.235520572424207,4.001064892147808,WPG,CPG,0.1103313955339411,0.3674177181240372,0.2001774515592072,-1.5494033332683113,1,-4.18795538245179,999.9,2.1,37.1
0.2316742754568009,0.3498912754371245,U10,MAD_M6C12,16.22079321523009,4.0052416640768715,WPG,CPG,0.11076455174006336,0.36722112867935397,0.20017478456039614,-1.5446648155136802,2,-4.1863875724136985,1000.0,2.2,37.1
0.23284004572863728,0.34981307087100594,U10,MAD_M6C12,16.2386627527871,4.003381523018205,WPG,CPG,0.11121154743564068,0.36727095335481186,0.20018534985465855,-1.5384429520468765,2,-4.193575708281855,999.9,2.3,37.3
0.23148005412336148,0.34994796616344154,U10,MAD_M6C12,16.23520594961584,4.000301757845701,WPG,CPG,0.11109207283135672,0.3660892949061132,0.20050730049339793,-1.5447055183741076,7,-4.194774634896634,1000.0,2.4,36.9
0.23245830599283243,0.3499988096856449,U10,MAD_M6C12,16.23595154934754,4.001678811808213,WPG,CPG,0.11104513596237073,0.3663630795335726,0.2004109992622654,-1.5456725679493746,6,-4.192825549670971,1000.0,2.3,37.1
0.23274849970526404,0.3499590926565806,U10,MAD_M6C12,16.23589465086149,4.0020573883073,WPG,CPG,0.11103901241685102,0.36621585245456156,0.20006849398421983,-1.5289139533949023,5,-4.191972728491475,999.9,2.4,37.5
0.23084607981284821,0.349854390510501,U10,MAD_M6C12,16.21996282474635,4.000000374223715,WPG,CPG,0.1110716292906476,0.3659908102808621,0.20031824037004087,-1.5380917300215209,3,-4.185230838358525,999.5,2.3,37.2
0.23168539892552178,0.34999342557403823,U10,MAD_M6C12,16.230144302088537,4.000139512002056,WPG,CPG,0.11015131681720977,0.3655937728851506,0.2002242719781073,-1.5293969379673367,0,-4.1900866460815465,998.5,2.4,37.4
0.23209178155407398,0.34999784113188737,U10,MAD_M6C12,16.215615297683005,4.001753680995378,WPG,CPG,0.1107020454338743,0.36583812963242546,0.20005733036006787,-1.5277333764628103,5,-4.1900822511617335,999.3,2.3,37.5
0.23040390377309883,0.34994520794617257,U10,MAD_M6C12,16.2030233395624,4.001158773891801,WPG,CPG,0.1121352744788443,0.3654769675111212,0.20009510844154146,-1.5296742969272445,3,-4.182348583011484,999.9,2.3,37.3
0.2320510827096845,0.34986553916170166,U10,MAD_M6C12,16.229263511436606,4.001963430521487,WPG,CPG,0.11006239009262489,0.3667148410880219,0.20003451697185767,-1.5329313927982708,3,-4.186348262880459,1000.0,2.2,37.3
0.231711211993955,0.34992290971519413,U10,MAD_M6C12,16.209236512661278,4.003306590944274,WPG,CPG,0.10994966058828523,0.3662935944061184,0.20004126638042433,-1.5156481575129608,7,-4.186094280292238,999.9,2.2,37.5
0.2313777291597856,0.34945104472110794,U10,MAD_M6C12,16.226515345329737,4.00311072332621,WPG,CPG,0.11155823860250728,0.36616210483148937,0.20000179592259343,-1.5242803915482939,3,-4.183282761872048,999.8,2.2,37.4
0.23166847076989316,0.3499776804199329,U10,MAD_M6C12,16.225269812257608,4.000723831452245,WPG,CPG,0.11116078386287437,0.3671111064980258,0.20001723102061825,-1.5313509077099,0,-4.187060145353364,999.5,2.2,37.4
0.23033660360474661,0.349702186759832,U10,MAD_M6C12,16.213160337660096,4.001265152451567,WPG,CPG,0.11174192612721984,0.3650776259604626,0.20000355933333336,-1.5338971635385685,6,-4.19126293069111,1000.0,2.3,37.1
0.2320325041533461,0.3491328092208972,U10,MAD_M6C12,16.230411331009435,4.000317835093058,WPG,CPG,0.11193165384197443,0.36605754042596533,0.20018660386718468,-1.5281394697176254,2,-4.187487917531486,999.7,2.1,37.4
0.23238344933100166,0.3496767333079475,U10,MAD_M6C12,16.20612182775004,4.002591416359724,WPG,CPG,0.11223774920478682,0.3661825377113604,0.20028628415381344,-1.5101405899004938,5,-4.183255122347317,999.3,2.1,37.9
0.23025221056612283,0.3497066673305256,U10,MAD_M6C12,16.218771430748273,4.00340156033318,WPG,CPG,0.11218633881411191,0.3649426746327346,0.20000556126377414,-1.5118117006497733,4,-4.19414087136572,999.9,2.4,37.4
0.23179365370279847,0.3498528098994812,U10,MAD_M6C12,16.218973924483258,4.013952593066005,WPG,CPG,0.11184035611472476,0.365512502964402,0.2001060623663423,-1.52070227495111,0,-4.18855564284098,1000.0,2.1,37.6
0.23140775934472127,0.3497386622546291,U10,MAD_M6C12,16.22636883911995,4.001837409830765,WPG,CPG,0.11152349081853402,0.36530896226162446,0.20000117921214,-1.5383109805852253,4,-4.1887438946880415,1000.0,2.3,37.3
0.23199835108972508,0.34983336101718765,U10,MAD_M6C12,16.210494253282615,4.018293045284236,WPG,CPG,0.11171346659342146,0.36482262683743544,0.20000592978300716,-1.528157187123489,1,-4.192927320590529,999.6,2.3,37.5
0.23262538891606716,0.34982728452440814,U10,MAD_M6C12,16.237228202196345,4.0101226434868344,WPG,CPG,0.11228932956789356,0.3651230092211009,0.20000945963313368,-1.5305802014372778,2,-4.18392930700708,1000.0,2.3,37.7
0.23062963876273854,0.34995732642778477,U10,MAD_M6C12,16.222533160113436,4.000008885684555,WPG,CPG,0.11254756015747448,0.364878439434598,0.2000353710784738,-1.5317522918504236,0,-4.187592303856505,999.9,2.4,37.3
0.2310153345974703,0.349555440544449,U10,MAD_M6C12,16.233728945711498,4.004175101909208,WPG,CPG,0.11224093579082248,0.36493665652344665,0.20006995532346494,-1.5292111635260661,1,-4.1909108634136345,1000.0,2.3,37.2
0.23176230752747543,0.34996238748633435,U10,MAD_M6C12,16.23926276704546,4.004729066237406,WPG,CPG,0.112873636672907,0.36510821750217753,0.20024215113446026,-1.5142549766638216,3,-4.194366149955476,1000.0,2.2,37.7
0.2315193946101688,0.34975951917839676,U10,MAD_M6C12,16.24736335225944,4.001043402430223,WPG,CPG,0.11283623194666252,0.36528080245066297,0.20008561689176985,-1.5169095345148313,7,-4.189628198709999,999.9,2.4,37.6
0.23175720959471055,0.34974661774922144,U10,MAD_M6C12,16.237007985543055,4.000173842216451,WPG,CPG,0.11255087242853735,0.3652218119632623,0.200019255716826,-1.526525918975491,5,-4.189913028905117,999.9,2.3,37.5
0.2304353610314815,0.3495054247661161,U10,MAD_M6C12,16.217619617434675,4.0136889678799905,WPG,CPG,0.11301256433947048,0.36569957314464513,0.20002487994566384,-1.5106896998417512,3,-4.1846273998116,999.5,2.3,37.4
0.23229306980154987,0.34917207690676805,U10,MAD_M6C12,16.21473824661109,4.025732527745045,WPG,CPG,0.11147596627762518,0.36682393038282246,0.20013927800359285,-1.5148100890212368,5,-4.190019946638493,999.6,2.2,37.6
0.2313176071584337,0.34892971959079727,U10,MAD_M6C12,16.218162425796358,4.022472153781006,WPG,CPG,0.11187887857554624,0.36602403809463635,0.20007429862862722,-1.5131656709289172,2,-4.193526373093379,999.9,2.3,37.4
0.2300331197385025,0.34896550016764327,U10,MAD_M6C12,16.207912223608364,4.020698576168807,WPG,CPG,0.11237398043236783,0.36535142920771213,0.2000547509188484,-1.5172573324090095,2,-4.180764328706518,999.9,2.3,37.2
0.2300454125272478,0.3483223115274918,U10,MAD_M6C12,16.20965014250482,4.003639088603744,WPG,CPG,0.11187962116581256,0.36469435528847594,0.20006246092519345,-1.52328303909077,4,-4.190656657837385,1000.0,2.4,37.0
0.23044736198851315,0.3478976874205269,U10,MAD_M6C12,16.208913973957493,4.001070657209232,WPG,CPG,0.11130136039121563,0.3647711643811219,0.2000572833311992,-1.5223681527984452,2,-4.187781757299895,999.9,2.4,37.1
0.23060614497991572,0.3482779721408472,U10,MAD_M6C12,16.20855713496074,4.004084983868154,WPG,CPG,0.11163147727467276,0.3651142703761238,0.2000027525639008,-1.530822847281483,2,-4.187757816178889,1000.0,2.3,37.0
0.23117602523700986,0.34860892287144646,U10,MAD_M6C12,16.219604217974883,4.000016008171067,WPG,CPG,0.11162589341107454,0.36499988299901776,0.20006242804546256,-1.5349151494289965,5,-4.186912780071594,1000.0,2.3,37.1
0.23039925745813694,0.34787551920529297,U10,MAD_M6C12,16.222192126949146,4.001069349908165,WPG,CPG,0.11188167458722534,0.36465484797248754,0.20006689207646836,-1.533939802582912,5,-4.18554002238648,1000.0,2.4,36.8
0.2308221820842067,0.3476201338253527,U10,MAD_M6C12,16.231795810901488,4.002241989925808,WPG,CPG,0.11112310653708221,0.36508288205133677,0.200141935077994,-1.5349547684614495,4,-4.193148257949034,1000.0,2.3,36.8
0.23017327683528585,0.34685444011623856,U10,MAD_M6C12,16.233654435155145,4.004660060722804,WPG,CPG,0.11240225809503127,0.364510794896469,0.20009835907918225,-1.5374249649753053,2,-4.178813282316931,999.8,2.3,36.7
0.22968127390596071,0.34759532609040683,U10,MAD_M6C12,16.214468487052898,4.005668404429032,WPG,CPG,0.11220001278983019,0.3649099463057426,0.20011081217594656,-1.529987144840972,2,-4.180775637158012,999.8,2.4,36.7
0.2298361900907773,0.3477910189057952,U10,MAD_M6C12,16.232836050688523,4.001543974795196,WPG,CPG,0.11279074804367896,0.36470046545555557,0.20009764667294275,-1.5346595756487105,4,-4.186176065277946,999.8,2.4,36.7
0.22998105891851217,0.34810144957704175,U10,MAD_M6C12,16.2225390149166,4.005769600747749,WPG,CPG,0.11336899524519779,0.36491250707342043,0.2000346816981326,-1.5305019258841608,3,-4.189986916439457,999.8,2.4,36.8
0.230106098605396,0.347199321739874,U10,MAD_M6C12,16.232594975286318,4.000897762339613,WPG,CPG,0.11335655032752441,0.3641086487521001,0.20002626816108524,-1.5353621114541085,3,-4.186943442917915,999.9,2.4,36.8
0.22991130100922333,0.3476802346255367,U10,MAD_M6C12,16.235966731346124,4.000268051436184,WPG,CPG,0.11265638873571651,0.3638879866137753,0.20001809339967264,-1.5377153453722492,0,-4.188666920727602,999.9,2.5,36.7
0.2285936974441294,0.34719221930659516,U10,MAD_M6C12,16.23037857407574,4.000077277009207,WPG,CPG,0.11275562574773462,0.36339919058110565,0.20003592276316984,-1.5361679221578726,5,-4.186977315254042,999.9,2.5,36.4
0.22873705894644686,0.3473185119425226,U10,MAD_M6C12,16.217667579425246,4.000380029643151,WPG,CPG,0.11297140825818476,0.36347033526798744,0.20003859336143395,-1.537478915580732,1,-4.180715711194157,999.8,2.5,36.5
0.228263029191904,0.34697328317006326,U10,MAD_M6C12,16.222208872816438,4.003642510199815,WPG,CPG,0.11364977245739534,0.36323796522933716,0.2000000262522811,-1.5434554490523742,3,-4.178617303575622,1000.0,2.5,36.3
0.22895857884204207,0.3474696602834585,U10,MAD_M6C12,16.22440920270011,4.00001541309786,WPG,CPG,0.11258267188585622,0.363750643759113,0.2000193226030826,-1.541383436966588,7,-4.177709155388442,999.8,2.5,36.4
0.22890262645649317,0.34865816309073205,U10,MAD_M6C12,16.22127930365796,4.000178462476689,WPG,CPG,0.11341893664931652,0.3642620141092066,0.2000640227172783,-1.532005661354924,4,-4.188154490480052,1000.0,2.4,36.6
0.22894547739740942,0.3477071675780721,U10,MAD_M6C12,16.22025501274708,4.000359800272672,WPG,CPG,0.11359417568621726,0.3641278740123027,0.2000878607774346,-1.5339931392614239,6,-4.187853323995565,999.9,2.5,36.5
0.22861327082319455,0.3478829729437126,U10,MAD_M6C12,16.228100744106435,4.000009171416072,WPG,CPG,0.11383233130525985,0.36416722833675275,0.20017822816432937,-1.5372615599832127,2,-4.171488595239701,999.8,2.4,36.4
0.22924100784532275,0.34810259648889547,U10,MAD_M6C12,16.219999670424095,4.000778927588166,WPG,CPG,0.11376606128831487,0.36436346681795195,0.20016296747390927,-1.5341995888893878,6,-4.187081841661019,999.9,2.4,36.6
0.22918290950856765,0.3475956201843228,U10,MAD_M6C12,16.22070628233049,4.000680636762984,WPG,CPG,0.11373881016569377,0.3640658059920873,0.20026924467405857,-1.5342282477826203,7,-4.174958177940342,999.9,2.4,36.6
0.2293616887635858,0.3475756353969774,U10,MAD_M6C12,16.217851793171256,4.000070012732832,WPG,CPG,0.11415187667751686,0.36441611973488275,0.20014495577488176,-1.5371944859730797,0,-4.181286922793724,999.6,2.4,36.6
0.2294258082113721,0.34779353531961105,U10,MAD_M6C12,16.2173316383562,4.00018213061186,WPG,CPG,0.1140246906456865,0.36452150844866266,0.20020665747477404,-1.537819161948393,4,-4.185127753369292,999.7,2.4,36.5
0.229575740922729,0.3482401279202377,U10,MAD_M6C12,16.213155464025718,4.000042222793027,WPG,CPG,0.11364057070141603,0.36484458329276787,0.20008022159510888,-1.5330376191746993,4,-4.1815644149129945,999.9,2.4,36.7
0.22916075826619428,0.34812634663275954,U10,MAD_M6C12,16.220005609658944,4.000101919735064,WPG,CPG,0.11372403775310073,0.3640039504352979,0.20004874776194992,-1.5349936665237125,6,-4.185728657564573,1000.0,2.5,36.6
0.22953796772984122,0.34836896460947786,U10,MAD_M6C12,16.214560129853425,4.001363037644983,WPG,CPG,0.11398344084691354,0.36471461986921555,0.20010175501619146,-1.5275495651955169,7,-4.1798472856642785,999.8,2.4,36.9
0.2290859298235105,0.34748305127365,U10,MAD_M6C12,16.226847098425086,4.00017122319272,WPG,CPG,0.11369358997317738,0.3642676474390756,0.20002987831782282,-1.5418542108882174,0,-4.184710153026504,999.9,2.4,36.4
0.2295488508538325,0.34807841390748084,U10,MAD_M6C12,16.224967554966813,4.000346816127288,WPG,CPG,0.11414304875671824,0.36467277902531736,0.20008780679294702,-1.5365784649286638,5,-4.184649522791302,999.9,2.4,36.7
0.22951423814640684,0.34815976357898715,U10,MAD_M6C12,16.23063702378767,4.000095521326994,WPG,CPG,0.11458934413796648,0.3644796946870287,0.20009102661547226,-1.5371918170231853,0,-4.177361790293936,999.6,2.4,36.7
0.22930267204637836,0.348083568301148,U10,MAD_M6C12,16.23116846094141,4.000547701781646,WPG,CPG,0.11456131859099465,0.3648596759689027,0.2000785488054645,-1.5385306657284683,6,-4.184502254758703,999.4,2.4,36.6
0.2302200138326604,0.348611013690185,U10,MAD_M6C12,16.2399860002623,4.0000485700270065,WPG,CPG,0.1149854435090402,0.3650025280311959,0.20010385243749368,-1.533335616284958,3,-4.184291082171692,999.3,2.3,36.9
0.2295099888691688,0.3485752081384185,U10,MAD_M6C12,16.237509537219445,4.000073025100431,WPG,CPG,0.11521208053341095,0.3646851196871673,0.20006165124180497,-1.5299095133418614,4,-4.182525727274557,999.3,2.3,36.9
0.23037203792218128,0.34832417287270523,U10,MAD_M6C12,16.229714176460565,4.000750304494632,WPG,CPG,0.11502578312761623,0.3650245723520191,0.2000850609850643,-1.531427100421903,4,-4.185323632182753,999.2,2.3,36.9
0.22993965885003503,0.34826253127310147,U10,MAD_M6C12,16.227466714184715,4.003657424490059,WPG,CPG,0.11468557757519436,0.36486709954097685,0.20008010447481686,-1.5266940116546817,4,-4.186907635383731,999.5,2.3,37.0
0.23087163351793155,0.3487268780986643,U10,MAD_M6C12,16.219789038032225,4.006548790623506,WPG,CPG,0.11477027719340954,0.36584144230249926,0.2001165991307338,-1.525371661236007,6,-4.189128109407703,999.0,2.3,37.1
0.23075425504847044,0.3487425173099111,U10,MAD_M6C12,16.223878029221982,4.008007984786907,WPG,CPG,0.11381694384030688,0.3658964767601536,0.20015430500093503,-1.5229293972704097,0,-4.189902202870185,999.7,2.3,37.1
0.23064102389526836,0.34801144245800225,U10,MAD_M6C12,16.22769247087102,4.002511331000559,WPG,CPG,0.11334900420871606,0.36538477843269906,0.20010004595034334,-1.5271044301411467,1,-4.186418748919525,999.9,2.4,37.0
0.23127365151411777,0.3484528744786122,U10,MAD_M6C12,16.221510294604272,4.007285794390678,WPG,CPG,0.11393690008725103,0.3661916542945216,0.20010494541325705,-1.5208552795621473,1,-4.185846196440542,999.6,2.3,37.2
0.23097811699005533,0.34858095910216974,U10,MAD_M6C12,16.221248009380908,4.006732088383744,WPG,CPG,0.11360830936844914,0.3659096452423783,0.20007676853406908,-1.5280841123182896,3,-4.184699866877038,999.7,2.3,37.1
0.2315293637056905,0.3484616151281836,U10,MAD_M6C12,16.212747572559323,4.00621918952704,WPG,CPG,0.11329445272181343,0.36588414517230616,0.2000431580550683,-1.5256608421239857,5,-4.179015767261353,1000.0,2.4,37.2
0.23055852610230926,0.3482839943252877,U10,MAD_M6C12,16.218219307956623,4.0006968592736145,WPG,CPG,0.11349363345084512,0.3652243294380664,0.20000545038467685,-1.5365529168930563,7,-4.18054172375035,1000.0,2.4,36.9
0.23087887016592318,0.3490456126624625,U10,MAD_M6C12,16.226226303004132,4.001466698410122,WPG,CPG,0.11368196717538473,0.3656663718409167,0.2000543089016176,-1.5287164416245935,5,-4.192508857150898,1000.0,2.3,37.1
0.23125746433104694,0.34890621422995327,U10,MAD_M6C12,16.221361701117956,4.005218979971215,WPG,CPG,0.11307438362942948,0.36582113859719967,0.20004102809308905,-1.533171277939021,2,-4.1827370514162325,1000.0,2.4,37.1
0.2309622954522888,0.3490051567004533,U10,MAD_M6C12,16.2243865160237,4.002027658304496,WPG,CPG,0.1131572281200285,0.3653769528378112,0.20001073861265264,-1.5327538160125698,1,-4.192741136694002,1000.0,2.4,37.0
0.23124112327493104,0.34904327921121264,U10,MAD_M6C12,16.214175575754787,4.002270565672633,WPG,CPG,0.11208154564169474,0.3656108364264748,0.2000646286766941,-1.529950383611175,4,-4.18695539173963,999.7,2.4,37.2
0.23152800582504557,0.3490924821932006,U10,MAD_M6C12,16.222055640175967,4.002589336690464,WPG,CPG,0.11281104361464768,0.3659207341590712,0.2000970600058099,-1.5267847532476797,0,-4.188914816932147,1000.0,2.3,37.3
0.2321309080964037,0.34918762649806023,U10,MAD_M6C12,16.224232379565798,4.005867944486646,WPG,CPG,0.11262589413418982,0.36640381646110687,0.20016489506050925,-1.5277113668551314,0,-4.1930211078203286,1000.0,2.3,37.3
0.23231129866786096,0.34925937346506253,U10,MAD_M6C12,16.232520058374877,4.005017825149152,WPG,CPG,0.11272508402892144,0.36641309841746234,0.20006962727032548,-1.5259330820896548,4,-4.186358136042568,1000.0,2.3,37.5
0.23225641934309532,0.3497795436943731,U10,MAD_M6C12,16.23711494721524,4.008787135885176,WPG,CPG,0.11310487666789683,0.36655721291221766,0.20013638434364547,-1.5221687499947263,1,-4.194700867659092,1000.0,2.2,37.6
0.2312357124587013,0.3497077366731185,U10,MAD_M6C12,16.23507248470039,4.005438744790338,WPG,CPG,0.11259816179534836,0.3659869465550484,0.20011408162325486,-1.5256701526441336,7,-4.185330350029922,1000.0,2.3,37.3
0.23192419782157175,0.3498717379674522,U10,MAD_M6C12,16.240230112892384,4.008944727158231,WPG,CPG,0.11332656277915058,0.3665198167386007,0.20022972926059243,-1.5143241949582977,7,-4.191341756613538,1000.0,2.3,37.6
0.23233825824737947,0.34980694532093104,U10,MAD_M6C12,16.23688891860826,4.011241161577127,WPG,CPG,0.11229793483947687,0.36670780743823517,0.20019640360983998,-1.5261728985218854,4,-4.194384469445566,1000.0,2.2,37.4
0.23259698362049117,0.3499884955110718,U10,MAD_M6C12,16.234140426575017,4.016885315799593,WPG,CPG,0.11215320670231936,0.3668771515363964,0.20011409296831392,-1.5232905034258468,4,-4.184797022789331,999.9,2.3,37.5
0.23095907754385053,0.34997354986758233,U10,MAD_M6C12,16.228393892680213,4.0089159867659205,WPG,CPG,0.11292645108165647,0.3659865310703468,0.20010250717775374,-1.5226789854678493,6,-4.194469441877162,999.8,2.3,37.3
0.23201174806144392,0.34999992710167255,U10,MAD_M6C12,16.22091196684007,4.002450955683419,WPG,CPG,0.11216610643930994,0.3663975137810926,0.20002701486441576,-1.5247954947134557,1,-4.191161555712561,999.5,2.3,37.6
0.23110928302820197,0.34989655464871133,U10,MAD_M6C12,16.227339054707528,4.00051641309003,WPG,CPG,0.1120125690103032,0.3656995438754104,0.2000005690910649,-1.530318078840808,0,-4.194136918594536,998.9,2.4,37.2
0.23212801430175745,0.3499926435707178,U10,MAD_M6C12,16.231074218660567,4.0027766670312745,WPG,CPG,0.11211951496514394,0.36640935040712236,0.2000059403893493,-1.526258704387027,6,-4.192472512674801,998.9,2.3,37.4
0.23168910435107262,0.34999747403484055,U10,MAD_M6C12,16.2288878480554,4.00007212431724,WPG,CPG,0.11344725790203403,0.36591547981721617,0.20001293252517072,-1.5291208763181843,3,-4.191435433530161,999.3,2.4,37.3
0.2323377892000403,0.3498455627249853,U10,MAD_M6C12,16.22018008187064,4.000619649848356,WPG,CPG,0.11228053297167276,0.3665348355364647,0.20004413799591703,-1.5304681245285452,2,-4.196402853545504,999.0,2.4,37.3
0.23234005170159674,0.3499999978502768,U10,MAD_M6C12,16.21725711621543,4.000030636470213,WPG,CPG,0.1122521610465578,0.36679138842324255,0.20008799301381758,-1.5243659287517846,4,-4.186818950877047,998.7,2.3,37.5
0.2328848957534987,0.3499974806737313,U10,MAD_M6C12,16.217693908884183,4.000220062816856,WPG,CPG,0.1121816039272324,0.3667931324542541,0.20002648868942724,-1.5200850250087037,1,-4.179382076948965,999.0,2.3,37.7
0.2324642669965319,0.349986773748733,U10,MAD_M6C12,16.218270676808785,4.000380196942336,WPG,CPG,0.11298241908447945,0.36660002611555365,0.20001433330799032,-1.5249916601223814,7,-4.1945226551391706,999.3,2.3,37.5
0.2322093012166988,0.3499212950609247,U10,MAD_M6C12,16.214017354123293,4.001610658351071,WPG,CPG,0.11166473224488063,0.3658622521379301,0.20000108401684982,-1.5348033846554225,1,-4.186986350308155,997.2,2.4,37.3
0.2326064790954491,0.34999607113584064,U10,MAD_M6C12,16.220924847832485,4.0000552276281125,WPG,CPG,0.11167019401635214,0.36645244360637796,0.2000011531291779,-1.5352581545708315,1,-4.190419000413883,997.6,2.4,37.3
0.23156333131768608,0.34998326035001126,U10,MAD_M6C12,16.214904777675066,4.000852941005692,WPG,CPG,0.11182403742840252,0.36572279707724226,0.20000663068254168,-1.5348500983504483,5,-4.189798800935307,997.5,2.4,37.2
0.23198882707350504,0.34996630364670667,U10,MAD_M6C12,16.21861510991308,4.000004740860595,WPG,CPG,0.1116121343383587,0.36617896446748344,0.20001711413713594,-1.5313625618005742,1,-4.190774336093552,997.4,2.4,37.3
0.2322204860866024,0.34996225756695093,U10,MAD_M6C12,16.238964031410582,4.0001951143842405,WPG,CPG,0.11262216480194329,0.3661151197714113,0.2000083310213124,-1.5269693878141177,4,-4.191066831183962,998.8,2.4,37.5
0.2335287150018388,0.34998996811221295,U10,MAD_M6C12,16.22317205954078,4.005174935869145,WPG,CPG,0.11275542646665014,0.36737576270762945,0.2000051966393349,-1.5230901063520836,6,-4.195523017821236,999.6,2.2,37.7
0.2324649697644986,0.3499796331011134,U10,MAD_M6C12,16.231751841697218,4.000243152872214,WPG,CPG,0.11330690691542238,0.3663785725553694,0.200040251401236,-1.5351186459315147,2,-4.188834316958065,999.4,2.3,37.3
0.23143288362058229,0.34969880715392426,U10,MAD_M6C12,16.235919208596847,4.000050689323557,WPG,CPG,0.11226390810967896,0.36551105148771557,0.20008350771516314,-1.5348466943193562,4,-4.193089068286836,997.7,2.5,37.1
0.23162630695319147,0.3498785186827833,U10,MAD_M6C12,16.218883927358597,4.001350306807073,WPG,CPG,0.11244100654617228,0.3654835674727389,0.200162089923544,-1.532673864794836,3,-4.189780133914418,997.1,2.5,37.3
0.2300845590384897,0.34961847311545546,U10,MAD_M6C12,16.23253800582917,4.000062488838346,WPG,CPG,0.11283982484564131,0.36468938639929693,0.2000395588868604,-1.5342996865122815,7,-4.188033758980582,998.4,2.5,36.9
0.23187589141953535,0.34986927636538967,U10,MAD_M6C12,16.227322775939385,4.001136152332036,WPG,CPG,0.11281044645892803,0.36601581069221073,0.20001332137091135,-1.530177104016673,5,-4.19436042414171,999.1,2.3,37.3
0.23217960384664194,0.3497577400079078,U10,MAD_M6C12,16.223294193890833,4.000043391699969,WPG,CPG,0.11180754999521607,0.36553644105185784,0.2000045430276386,-1.5336644545081548,4,-4.190511102089953,998.0,2.4,37.4
0.23176645370751803,0.3497615220540811,U10,MAD_M6C12,16.22237822944792,4.001273255920329,WPG,CPG,0.11219528844766485,0.3657423888645217,0.20002430987682202,-1.5346630896472062,6,-4.186505110065177,999.0,2.3,37.3
0.23163287898507395,0.3499113714700953,U10,MAD_M6C12,16.22251075289943,4.003189175668472,WPG,CPG,0.11250995132695647,0.3657398523527119,0.20001948111093207,-1.5267584062150574,5,-4.188350389505356,999.3,2.3,37.4
0.23291287934726487,0.34999685356939003,U10,MAD_M6C12,16.229833676803217,4.002209153266114,WPG,CPG,0.1130438051511958,0.3666322275932991,0.2000112486777855,-1.5325592530894352,7,-4.190454932309496,999.9,2.2,37.5
0.23289120440738117,0.3499973240510341,U10,MAD_M6C12,16.219622497873466,4.002619295785244,WPG,CPG,0.11298725993669682,0.36654048260989525,0.20000040827355106,-1.5311757790515674,3,-4.19327951728293,1000.0,2.2,37.5
0.23270357762060473,0.34985991871322747,U10,MAD_M6C12,16.212678308914796,4.02001217688228,WPG,CPG,0.11146663445445051,0.3665529873618799,0.20000001965733719,-1.5306430829175441,0,-4.194359095973752,999.8,2.2,37.5
0.23274285191738278,0.34997416561414857,U10,MAD_M6C12,16.223620708102473,4.019041926098007,WPG,CPG,0.11229189992133452,0.36646344356249644,0.20001900111844392,-1.5258030654634205,2,-4.193138773197429,1000.0,2.2,37.6
0.23342603331214934,0.3499854473027505,U10,MAD_M6C12,16.231629496925244,4.028625454335833,WPG,CPG,0.11156725925933278,0.3669800812065476,0.20000082269518132,-1.53151332109399,1,-4.190521243629416,1000.0,2.2,37.5
0.23236973056030674,0.34979630663082856,U10,MAD_M6C12,16.212709982910717,4.036497151596957,WPG,CPG,0.11180391117393942,0.3661287200866666,0.20000097413394585,-1.5319472163314864,3,-4.1889053080884935,1000.0,2.2,37.3
0.23284057068183445,0.34988107396673296,U10,MAD_M6C12,16.220499462307565,4.0298704806940115,WPG,CPG,0.11121073084369185,0.36621088756272824,0.20001408847754593,-1.5323121954281063,4,-4.188868635496107,999.8,2.3,37.4
0.23323238371864694,0.3499730642006874,U10,MAD_M6C12,16.21828125747166,4.011448621275662,WPG,CPG,0.11126357180959792,0.366048022769638,0.20000365360241099,-1.5354739662694914,3,-4.195892952257417,999.4,2.3,37.5
0.23349258728184247,0.34990146440674075,U10,MAD_M6C12,16.2343962312575,4.000109308455476,WPG,CPG,0.11158285164451107,0.3657766257288772,0.20012822096347274,-1.5429698912522558,3,-4.1834253628004365,997.9,2.3,37.4
0.23378055039278628,0.3497252477300163,U10,MAD_M6C12,16.235360103581222,4.013840878030949,WPG,CPG,0.11137858052077429,0.3667422070020291,0.20000675170090526,-1.5298333555948218,3,-4.1810071813799645,999.4,2.2,37.7
0.2341028144683136,0.34976318991188793,U10,MAD_M6C12,16.23963760340347,4.004588695505773,WPG,CPG,0.11132015002867399,0.3665295132020028,0.20001745276786093,-1.5361997321008254,6,-4.1866128616971885,999.5,2.2,37.6
0.23352087819877848,0.34980924528843266,U10,MAD_M6C12,16.23656856620306,4.04321693686041,WPG,CPG,0.11130012456618846,0.36692983991266537,0.20000000207792665,-1.5194144129653029,7,-4.197172124760179,999.9,2.2,37.9
0.2327253332151935,0.3499967777307887,U10,MAD_M6C12,16.230981572621275,4.011694571546713,WPG,CPG,0.11146669318899718,0.3659515065305348,0.20001157887400436,-1.5257043131267558,5,-4.191027046262919,999.5,2.3,37.6
0.23304927207523418,0.3497906183879762,U10,MAD_M6C12,16.243353842071926,4.000494633541682,WPG,CPG,0.11138380108240303,0.3658576900412623,0.20001666421321532,-1.5344563805586409,1,-4.185371832142103,998.5,2.3,37.5
0.23244925768494437,0.34992587360055616,U10,MAD_M6C12,16.23962398302049,4.005345472854179,WPG,CPG,0.11149447470167739,0.3658196796923092,0.2000241187485465,-1.5350860382919882,3,-4.197648640374373,999.5,2.2,37.4
0.23198764428890228,0.34999318610795466,U10,MAD_M6C12,16.23859745985082,4.000065855999517,WPG,CPG,0.11259207000252726,0.3650439072481462,0.20000148017026326,-1.538249179198478,6,-4.194593989945185,999.6,2.3,37.3
0.23221675349351664,0.3498819459838985,U10,MAD_M6C12,16.247292552994267,4.001064597964135,WPG,CPG,0.11134029375214508,0.36569774769223234,0.2000082900299103,-1.5372045468954614,2,-4.197195599048403,999.3,2.3,37.3
0.2330026468298362,0.34945575415324837,U10,MAD_M6C12,16.235022858715006,4.007732219750374,WPG,CPG,0.11104428428685637,0.3663788856798846,0.20002090959265315,-1.5260182285000714,7,-4.190538961098499,999.2,2.2,37.7
0.23391042095930803,0.3497155008073306,U10,MAD_M6C12,16.2294079669303,4.006907749661262,WPG,CPG,0.11117250158300404,0.3664739667757497,0.20004691823921447,-1.5261832726705746,5,-4.188314912443268,999.5,2.2,37.8
0.23323857774869103,0.34979476799671416,U10,MAD_M6C12,16.229003673249032,4.029720337490698,WPG,CPG,0.11097288552741366,0.36642224749165775,0.20006936932557298,-1.5185815607899982,0,-4.194268050290148,999.9,2.2,37.8
0.23329849418236154,0.34982851621630107,U10,MAD_M6C12,16.23858484607629,4.012827150995626,WPG,CPG,0.11184799131199916,0.3660169548446348,0.2000233803550319,-1.5237363759278733,7,-4.1897176677105605,1000.0,2.2,37.8
0.23299238961778934,0.3495439443063544,U10,MAD_M6C12,16.2439382811784,4.009565262016371,WPG,CPG,0.11250631727354443,0.36613331864802773,0.2000000011573203,-1.5300344481157218,1,-4.183229628935264,999.9,2.2,37.7
0.23324620518430983,0.3496125748708564,U10,MAD_M6C12,16.24465347973657,4.00584927658222,WPG,CPG,0.11139702064872312,0.3663418329502429,0.20000649828231865,-1.5271885656741462,2,-4.192587252320674,999.5,2.2,37.7
0.2324199593058615,0.349966989584228,U10,MAD_M6C12,16.24481498935433,4.00453806492753,WPG,CPG,0.11148972981129177,0.3658378715052427,0.2000133007376157,-1.5296135341104014,3,-4.198902525782501,999.5,2.3,37.4
0.23257996963379887,0.3499896316656719,U10,MAD_M6C12,16.242775635477926,4.003993133929808,WPG,CPG,0.11124184427408383,0.3657294758408983,0.20004391613946504,-1.5239270998202599,5,-4.199190714058812,999.6,2.3,37.6
0.23239137248187494,0.34993864994282325,U10,MAD_M6C12,16.238268006614042,4.004942783428375,WPG,CPG,0.1110934011242295,0.3657328979954653,0.20000028842230247,-1.5226882567126128,6,-4.197087586273412,999.0,2.3,37.6
0.23280198868726376,0.34987600678980707,U10,MAD_M6C12,16.240105740080132,4.004870826079887,WPG,CPG,0.11172102473225831,0.3660936544190973,0.20002090996219477,-1.5186926462516577,7,-4.179048277108757,999.7,2.2,37.8
0.2324316864270918,0.3499999072636388,U10,MAD_M6C12,16.238365008753934,4.003345237677778,WPG,CPG,0.11173344121714139,0.365797218723448,0.20000842880615868,-1.5209132084525243,5,-4.200744006188804,999.7,2.3,37.6
0.2324798128868509,0.34997485410236334,U10,MAD_M6C12,16.23639727039164,4.000479341551015,WPG,CPG,0.11189615540952139,0.3656797131238223,0.20001240207673504,-1.5241713571730227,6,-4.196823963912852,999.7,2.2,37.6
0.23264591199405205,0.3499918304010622,U10,MAD_M6C12,16.229632700280156,4.003799408098584,WPG,CPG,0.11195999432961334,0.36598957115880554,0.2000128738522218,-1.5229827568048222,7,-4.198352821353833,999.8,2.3,37.6
0.23238564331653647,0.34999948948670323,U10,MAD_M6C12,16.222161569276274,4.006411958272499,WPG,CPG,0.11194351003508085,0.3658237416754595,0.2000052926073778,-1.5210185310199598,2,-4.195396779880326,999.9,2.2,37.6
0.2324233419551377,0.3499934143658622,U10,MAD_M6C12,16.2334996025563,4.0111228790978934,WPG,CPG,0.1120954938258426,0.3660408543715675,0.20003642700409877,-1.523915580778658,2,-4.195211227238536,1000.0,2.2,37.5
0.2321802717763326,0.3498890571658052,U10,MAD_M6C12,16.22814795364234,4.003558984328899,WPG,CPG,0.11179111185012283,0.36575626961813806,0.20003145615381632,-1.5267564738551531,4,-4.190784099315644,999.8,2.3,37.4
0.2323355391269557,0.34995198400343625,U10,MAD_M6C12,16.231193480666615,4.006022750232313,WPG,CPG,0.11232796526658634,0.36588920345870507,0.20004277135161141,-1.5226929465785468,5,-4.195381115099002,1000.0,2.2,37.6
0.23218933351430815,0.34998539087003133,U10,MAD_M6C12,16.23900927358366,4.001277870058041,WPG,CPG,0.11248140819290872,0.3656290528288593,0.2000244553083805,-1.524034287019319,5,-4.1983925765063965,1000.0,2.2,37.5
0.23198878733819764,0.34991902236070044,U10,MAD_M6C12,16.23115466263601,4.002690136689808,WPG,CPG,0.11250668688027429,0.365412588809949,0.2000335775906643,-1.5205953278819635,7,-4.193797453400071,1000.0,2.2,37.6
0.23238840957956255,0.3499886469678253,U10,MAD_M6C12,16.2359946717577,4.008031199330327,WPG,CPG,0.11205529957314658,0.3658081261109346,0.20001413869214427,-1.5251802236998588,7,-4.190349733997785,1000.0,2.2,37.5
0.232512731863759,0.3499747809681302,U10,MAD_M6C12,16.23853246726484,4.0024735866217735,WPG,CPG,0.11227134895575595,0.36565854918723756,0.2000440202395231,-1.524465983243082,6,-4.198006062829537,1000.0,2.2,37.6
0.2329787083318942,0.3499739986203407,U10,MAD_M6C12,16.236816454923623,4.0026477158518405,WPG,CPG,0.11197468465733768,0.3659306087162504,0.20004114875196163,-1.5236451875407941,6,-4.199630311500549,1000.0,2.2,37.7
0.2326585456310681,0.3499892078950286,U10,MAD_M6C12,16.242199950031488,4.001337896203519,WPG,CPG,0.11228591350256117,0.3657544513289419,0.20008710454299156,-1.5243026576067091,0,-4.193264518093683,1000.0,2.2,37.6
0.23216710773700944,0.3499612846929157,U10,MAD_M6C12,16.239428015585723,4.000600583138729,WPG,CPG,0.11278798700940613,0.3653687308471563,0.20004556405990237,-1.5195818188955703,7,-4.194683872222418,1000.0,2.2,37.6
0.23228757840273653,0.3499936892524579,U10,MAD_M6C12,16.242848104873076,4.001173326482441,WPG,CPG,0.11308183511660053,0.36560567591682436,0.20004606985577164,-1.5227890949492255,7,-4.183170072975852,1000.0,2.1,37.6
0.23258951384651722,0.3499999108399892,U10,MAD_M6C12,16.24630286758034,4.001265777637367,WPG,CPG,0.11316897398715538,0.36584378300143894,0.20005838340423307,-1.5221473896782762,1,-4.196102245741958,999.9,2.1,37.6
0.23285694219497857,0.3499995598132352,U10,MAD_M6C12,16.245127336270002,4.000808743396062,WPG,CPG,0.11312630524760818,0.36579814922724396,0.20004510460450134,-1.5224744872206384,7,-4.1983875436176845,999.9,2.1,37.7
0.23238747845173757,0.34999937683861887,U10,MAD_M6C12,16.241903016561444,4.003144962312318,WPG,CPG,0.11266953548559863,0.36576901982155857,0.2000232574071218,-1.5221829882486209,7,-4.199615060515059,1000.0,2.2,37.6
0.2328193450193048,0.349998709361016,U10,MAD_M6C12,16.245469365856742,4.00346419890376,WPG,CPG,0.11298495827499182,0.366017438288234,0.20003527852809855,-1.5201702166957158,6,-4.1956335368551585,1000.0,2.2,37.7
0.23258230887837447,0.349997930018754,U10,MAD_M6C12,16.24481756923901,4.00088518000699,WPG,CPG,0.11366248191216255,0.3658981576291235,0.20001873339782208,-1.5230802080354102,4,-4.191328173353085,999.9,2.1,37.6
0.232936489554893,0.34999586638561125,U10,MAD_M6C12,16.24679200246084,4.000971026622524,WPG,CPG,0.11342657309146117,0.3660808982188633,0.2000208638575578,-1.5246543707495899,7,-4.188607279093182,999.9,2.1,37.6
0.23292699381611665,0.34999947227008793,U10,MAD_M6C12,16.248046351957555,4.000228552590688,WPG,CPG,0.11327359392252856,0.36597633225577775,0.20002557539532248,-1.5250901685302791,6,-4.19995555698139,1000.0,2.1,37.6
0.23280083793029135,0.34999655213016634,U10,MAD_M6C12,16.24512970004327,4.001095424559147,WPG,CPG,0.11348970701639154,0.36600354772646415,0.2000127922921031,-1.5258222403011772,6,-4.197485710562603,1000.0,2.1,37.6
0.2331052792339082,0.3499952560131108,U10,MAD_M6C12,16.243960859957994,4.001132369801269,WPG,CPG,0.11389817385653038,0.36622799396237476,0.20000905171804592,-1.5226651473421065,3,-4.190879472572757,999.8,2.1,37.7
0.23282151133098103,0.3499977788782636,U10,MAD_M6C12,16.24460012479586,4.000001397131021,WPG,CPG,0.11375176319105927,0.3659890687986009,0.2000108033650177,-1.5258040382740383,5,-4.199211522379532,1000.0,2.1,37.6
0.23256538502315366,0.3499903457228145,U10,MAD_M6C12,16.246677031617885,4.000147001814087,WPG,CPG,0.11388285699349177,0.36581169290229004,0.20000634480223234,-1.5279526183156213,7,-4.189145036604327,1000.0,2.1,37.6
0.2324967024331963,0.3499983048749656,U10,MAD_M6C12,16.243971596665602,4.000391878340079,WPG,CPG,0.11358378749495396,0.36571254080269344,0.2000167405223857,-1.526995853177997,1,-4.195067106167681,1000.0,2.1,37.6
0.23226801266305272,0.3499993176046153,U10,MAD_M6C12,16.249663641572315,4.001260223999804,WPG,CPG,0.11404881866922217,0.3656638497383152,0.2000223983583234,-1.5256312266161045,1,-4.197384614335844,999.9,2.1,37.5
0.2325743034581168,0.34999061544114307,U10,MAD_M6C12,16.24818055121367,4.000027293234414,WPG,CPG,0.11386736178152242,0.36591627393884896,0.2000132193962608,-1.5284648942755843,2,-4.194734205033317,999.8,2.1,37.5
0.23246987096489838,0.3499757807320629,U10,MAD_M6C12,16.24336964242977,4.00059406425975,WPG,CPG,0.11412967834202047,0.3658269657934812,0.2000174599616044,-1.5310178011976325,7,-4.184601254998114,999.8,2.1,37.5
0.23246057661927694,0.34999987816091344,U10,MAD_M6C12,16.239840192956557,4.000953705634671,WPG,CPG,0.11380388116871322,0.3654802689492571,0.200001767861899,-1.532280798260976,5,-4.194498649274177,1000.0,2.2,37.5
0.23229426044349982,0.3499881739453322,U10,MAD_M6C12,16.23624989433642,4.002026270314735,WPG,CPG,0.11328715691793899,0.36520994438098475,0.20000002838820685,-1.5317708205849863,1,-4.188986181514759,999.8,2.2,37.5
0.23257533429606592,0.34999906057284536,U10,MAD_M6C12,16.2408424276206,4.001168803706779,WPG,CPG,0.11377259682170017,0.3655464517354205,0.2000001409796695,-1.5333463477272045,4,-4.191599435855116,1000.0,2.1,37.5
0.23255020761827744,0.34998948327598534,U10,MAD_M6C12,16.235456356926885,4.000311833234054,WPG,CPG,0.11324270748294338,0.3656680179249567,0.2000002432088105,-1.5332958735966282,1,-4.194370762671074,1000.0,2.2,37.4
0.23234225422020677,0.34999819251943587,U10,MAD_M6C12,16.236845797061275,4.00000355764348,WPG,CPG,0.11341460328135775,0.36555647831843696,0.20000410970866214,-1.5273720129105082,4,-4.192470573944844,1000.0,2.2,37.5
0.23266511272943335,0.34999145146977145,U10,MAD_M6C12,16.238407709281738,4.0000151464548095,WPG,CPG,0.11318207110147781,0.3659124144215593,0.20000380281354005,-1.5283122153769344,1,-4.199878361623757,1000.0,2.2,37.5
0.2323063004260318,0.3499899532170937,U10,MAD_M6C12,16.235230980312362,4.000079440408885,WPG,CPG,0.1132682523183891,0.36564361463076833,0.20001104435262035,-1.5329721154439806,0,-4.200173382269659,1000.0,2.2,37.3
0.23247706438939597,0.3499944139236337,U10,MAD_M6C12,16.232468459997193,4.0000837644352965,WPG,CPG,0.11297078836735551,0.3655875374289071,0.20000934883532623,-1.5325095945905445,1,-4.199116417355151,1000.0,2.2,37.4
0.23264363268272645,0.3499906064005113,U10,MAD_M6C12,16.236303463414707,4.000005525192685,WPG,CPG,0.11312818874316212,0.3656941041452261,0.20001658813820447,-1.5327995202193458,5,-4.188986328744935,1000.0,2.1,37.4
0.23295022490507183,0.34998840693553274,U10,MAD_M6C12,16.23686476088752,4.000048004950769,WPG,CPG,0.11301929345103107,0.3658750412784807,0.20001428306390706,-1.5320315216792968,2,-4.197593396788285,999.9,2.1,37.5
0.232447496078173,0.3499912764225404,U10,MAD_M6C12,16.234486987891763,4.000482439464142,WPG,CPG,0.11316622943188039,0.36553894183008856,0.2000190869808053,-1.530972224323661,2,-4.193744495676299,999.9,2.1,37.4
0.23230373987269293,0.34999837103629244,U10,MAD_M6C12,16.23941810429416,4.001153586296993,WPG,CPG,0.11308963460091191,0.3654811239174399,0.20004260077154914,-1.5310114381159645,0,-4.198868241738383,1000.0,2.2,37.4
0.23228669764774254,0.34999991175683637,U10,MAD_M6C12,16.235662497835577,4.001885657717959,WPG,CPG,0.11342585709754933,0.36531050184280306,0.20002670524219482,-1.5297343874456744,7,-4.19553262352569,1000.0,2.1,37.5
0.2320385477060297,0.34999946537871174,U10,MAD_M6C12,16.239579514347824,4.00198660559749,WPG,CPG,0.11396902444926377,0.36515395282652335,0.20002403268080174,-1.5282643723715121,1,-4.196353374175981,1000.0,2.1,37.5
0.2322371081284909,0.34999527745023645,U10,MAD_M6C12,16.236797303898584,4.001453216208694,WPG,CPG,0.11367422634007099,0.3653524568132047,0.20005262568409596,-1.5286520759493585,6,-4.188190479514221,999.9,2.1,37.5
0.2321146665183134,0.3499468436474163,U10,MAD_M6C12,16.23892093550581,4.00138121269233,WPG,CPG,0.11366453234423296,0.3653934429354164,0.20004214712434482,-1.5298245748048214,1,-4.19635495118508,999.9,2.1,37.4
0.23193254082452225,0.34997468111487456,U10,MAD_M6C12,16.23825936398974,4.00097826860895,WPG,CPG,0.11407760641472268,0.36538771622574884,0.20005479917732644,-1.5295744739337749,3,-4.195530355235899,999.7,2.1,37.4
0.2318428953431915,0.34997506097705094,U10,MAD_M6C12,16.23955988718977,4.001758261839847,WPG,CPG,0.11402228777704969,0.36525722681234396,0.2000523468367641,-1.5280787668851321,3,-4.19706363980667,999.8,2.1,37.4
0.23193824285887582,0.3499957503721086,U10,MAD_M6C12,16.247744790190293,4.00261113697259,WPG,CPG,0.11425929599445929,0.36533734521688777,0.20005461541761765,-1.5248072923980414,1,-4.193018023572144,999.8,2.1,37.5
0.23188456673691604,0.34998419806228254,U10,MAD_M6C12,16.238896100999522,4.00242425637361,WPG,CPG,0.11351564231116365,0.3653991754871992,0.20007073252823437,-1.5264146310928934,6,-4.19538004676037,1000.0,2.1,37.5
0.23202615375878832,0.3499966497432787,U10,MAD_M6C12,16.238964158567413,4.0044554276589786,WPG,CPG,0.11373129350242707,0.3652350985456298,0.2000473416749395,-1.527967210234003,5,-4.188702353521034,1000.0,2.1,37.5
0.23175713064515238,0.34999245783385047,U10,MAD_M6C12,16.243051106643414,4.003710238204853,WPG,CPG,0.114089325094468,0.3653583110920158,0.20010383587523028,-1.5250342502654874,6,-4.19255686153906,999.9,2.1,37.5
0.23168953694709551,0.34999980201974357,U10,MAD_M6C12,16.23927673882715,4.004209795200763,WPG,CPG,0.1137870698091774,0.3653560066618731,0.2000519125529581,-1.52530947270202,3,-4.18696587479346,1000.0,2.1,37.5
0.23169928100737125,0.3499985538788459,U10,MAD_M6C12,16.23551920675073,4.001647930028475,WPG,CPG,0.11356239361215462,0.36559313906994917,0.20005143147415197,-1.5249546776698224,3,-4.194213346462247,1000.0,2.1,37.5
0.2316362985167664,0.34999778694867417,U10,MAD_M6C12,16.23803634531241,4.003559466552246,WPG,CPG,0.11373831685222033,0.3653922568943128,0.20006825518830382,-1.5261262466201893,0,-4.1983797944011805,1000.0,2.1,37.4
0.2312361107224071,0.349999269973036,U10,MAD_M6C12,16.232612740125607,4.005831711494027,WPG,CPG,0.1135866735040731,0.3652854752207042,0.20005266335950833,-1.527735602389029,4,-4.190309606957836,1000.0,2.2,37.3
0.23178897178241453,0.3499853655438897,U10,MAD_M6C12,16.23544716469364,4.00406398644212,WPG,CPG,0.11329953446904112,0.365699200410041,0.20008016636749354,-1.525584735910908,3,-4.1916758921460335,1000.0,2.1,37.5
0.2318549739374513,0.3499981676652893,U10,MAD_M6C12,16.23753249343239,4.0015828029430125,WPG,CPG,0.1136578474219589,0.36589469924281887,0.20009120244639383,-1.523520789687465,4,-4.195914436993204,999.9,2.1,37.5
0.23206281451831867,0.3499452871912027,U10,MAD_M6C12,16.242346969397126,4.003391453795178,WPG,CPG,0.11311713222833798,0.36581594168174786,0.200064635097528,-1.5234923686165143,0,-4.1944316646737025,1000.0,2.1,37.6
0.23164965172754726,0.3499829690935041,U10,MAD_M6C12,16.239213754856202,4.004264870807416,WPG,CPG,0.11344870192814833,0.36581753299934977,0.20007007513764963,-1.522740649489237,6,-4.190979779542344,1000.0,2.1,37.5
0.2320637692137102,0.3499972106408057,U10,MAD_M6C12,16.240468057218127,4.000866509428081,WPG,CPG,0.11316709701952413,0.36572859607284197,0.20005449585912388,-1.5220339816126123,7,-4.194761044757154,1000.0,2.1,37.6
0.23193917246004994,0.34999367146863625,U10,MAD_M6C12,16.24343531970179,4.000170991219423,WPG,CPG,0.11325249030589166,0.3657704122023122,0.20006587437545367,-1.5225340412587012,5,-4.200038837351343,1000.0,2.1,37.5
0.23202863209366037,0.34999998740267957,U10,MAD_M6C12,16.24594468743218,4.000077976982144,WPG,CPG,0.11289509021644052,0.36592411013690523,0.20009271709375578,-1.5234655429281396,6,-4.192569588973484,1000.0,2.1,37.5
0.23226514461315934,0.34999744008666506,U10,MAD_M6C12,16.243078660144327,4.001973708244267,WPG,CPG,0.1132360674946877,0.36573450904740584,0.2000308600192076,-1.526349225887188,0,-4.195607318352863,1000.0,2.1,37.5
0.2322180951357512,0.34998136714752365,U10,MAD_M6C12,16.246137234911703,4.000201752345962,WPG,CPG,0.11271045717332544,0.36589957414652535,0.20011171196663868,-1.5186273550676226,3,-4.199428757689127,1000.0,2.1,37.6
0.2322783829636919,0.3499850551791062,U10,MAD_M6C12,16.24286569508837,4.001910591579774,WPG,CPG,0.11235964221850417,0.36583448707811095,0.20010716504203438,-1.521332268190431,7,-4.1977642527617665,999.8,2.2,37.6
0.23197660277651053,0.34998583171054415,U10,MAD_M6C12,16.24504445984912,4.000186392571815,WPG,CPG,0.11259995147813479,0.365970405555615,0.20009431380307263,-1.5201608117571057,0,-4.192667597218948,1000.0,2.1,37.6
0.23169710514725247,0.3499996570224423,U10,MAD_M6C12,16.24885558570592,4.00198494112891,WPG,CPG,0.11280710199527576,0.3656321516048143,0.20013691626379618,-1.5194083788345225,2,-4.1999125893529925,999.9,2.1,37.5
0.2317013985268911,0.3499992310801279,U10,MAD_M6C12,16.24982527223823,4.0005437706700855,WPG,CPG,0.11240889891160925,0.3656431834925228,0.200125958953356,-1.5181317649813693,7,-4.192931049917625,999.8,2.1,37.5
0.23191003643999278,0.34999768761154143,U10,MAD_M6C12,16.249685878719106,4.000709748092275,WPG,CPG,0.112873802143344,0.3656998804171048,0.20012975611439934,-1.5205280534991301,7,-4.200818636760861,1000.0,2.1,37.5
0.23192088269945843,0.3499857092303452,U10,MAD_M6C12,16.23782969009713,4.0000000014858,WPG,CPG,0.11265001487630578,0.365781648577499,0.20007184620836588,-1.5251099380295388,2,-4.192465566780081,1000.0,2.1,37.4
0.23171944528606678,0.3499924773307368,U10,MAD_M6C12,16.245927001088077,4.001268445162298,WPG,CPG,0.11289680355527144,0.3657549002532332,0.20011482144832413,-1.5208125798369805,4,-4.193587259634818,999.9,2.1,37.5
0.23181489097441865,0.3499999385031703,U10,MAD_M6C12,16.243592818212658,4.0019042346025335,WPG,CPG,0.11272438580648748,0.3656798194086797,0.20007128111543748,-1.5193114538096006,6,-4.199926762448149,999.7,2.2,37.5
0.23189115122146065,0.3499962200589714,U10,MAD_M6C12,16.238470763696537,4.001052903918261,WPG,CPG,0.11268470679655604,0.36575544264799886,0.2000993803142136,-1.5198123646701869,7,-4.193635922055488,999.9,2.1,37.5
0.23171934684779286,0.34999099678191253,U10,MAD_M6C12,16.23560148213848,4.002147967170596,WPG,CPG,0.11195552874013487,0.36574344701092565,0.20011439728096836,-1.5228509495115101,0,-4.1983153076313915,999.5,2.2,37.4
0.2317717417996462,0.34999947548154636,U10,MAD_M6C12,16.240858185621455,4.000928192738946,WPG,CPG,0.11246202365464,0.36568692851049583,0.20009950775902804,-1.5227764928568244,6,-4.199491997881269,999.6,2.2,37.4
0.23198970234748095,0.349967411205862,U10,MAD_M6C12,16.242767183027883,4.000239904889303,WPG,CPG,0.11266601590091992,0.36617648974335193,0.2001023665295003,-1.5202410158265598,2,-4.177031554861655,999.8,2.1,37.6
0.23214372353680876,0.3499762073329639,U10,MAD_M6C12,16.239533041771622,4.000049803449625,WPG,CPG,0.11217267033402603,0.36619917822232595,0.20010816646342197,-1.5173737409195005,2,-4.199450294656533,999.7,2.1,37.6
0.23207069956793305,0.34996449207376373,U10,MAD_M6C12,16.240547953641553,4.000117417677873,WPG,CPG,0.1119382667131431,0.366236777553937,0.20015139317744113,-1.5170078110364629,3,-4.194327830947431,999.8,2.1,37.6
0.23202044334767635,0.34999962258116685,U10,MAD_M6C12,16.234941514568657,4.000379828785969,WPG,CPG,0.11205667460892277,0.36620046558633745,0.2002070627207763,-1.519986688084543,7,-4.193091548006711,1000.0,2.1,37.5
0.2322399290170285,0.34999178337323295,U10,MAD_M6C12,16.239308073053166,4.000945744810574,WPG,CPG,0.11246642873673865,0.36629947210615427,0.20020082753003068,-1.517433318202566,3,-4.194695514739937,1000.0,2.1,37.6
0.23235041598668787,0.3499605029968215,U10,MAD_M6C12,16.237076076865275,4.000466269654396,WPG,CPG,0.1126499497078267,0.36618534342389386,0.20016646070421687,-1.5173543464732808,1,-4.197481517892765,1000.0,2.1,37.7
0.23215068900005545,0.3499913391216146,U10,MAD_M6C12,16.234815444888447,4.001935404300287,WPG,CPG,0.11312088148263612,0.3662567242896528,0.2001672137625955,-1.512268039374917,5,-4.192076790542277,999.9,2.1,37.7
0.23188559271781678,0.3499916413473549,U10,MAD_M6C12,16.239709693990033,4.000147611557818,WPG,CPG,0.11277436118924615,0.3659251279776734,0.2001314565556383,-1.5173674852242343,2,-4.1879913159166655,999.9,2.1,37.6
0.23250849308100272,0.34994927466514014,U10,MAD_M6C12,16.233332841494168,4.0000194210147795,WPG,CPG,0.11251585804144645,0.36629733659487385,0.20009785365308716,-1.518226148270045,5,-4.190783781565349,999.9,2.1,37.7
0.23246154551562043,0.34991623642707514,U10,MAD_M6C12,16.24052691229325,4.000008851423881,WPG,CPG,0.11298468600569889,0.3663650578069416,0.20016809849711387,-1.5144431759984296,4,-4.197648729952531,1000.0,2.1,37.7
0.2321446645330661,0.34993882816793825,U10,MAD_M6C12,16.23827343103454,4.000021482329871,WPG,CPG,0.11265422902573152,0.3662305393483066,0.2001041292359175,-1.5170249096082664,2,-4.1911094857091165,999.9,2.1,37.6
0.23232455153477832,0.3499472167343179,U10,MAD_M6C12,16.240082356699507,4.0000004075348805,WPG,CPG,0.11266185942207689,0.3662084989482933,0.200106459588282,-1.5175204340657358,7,-4.1980273252943014,1000.0,2.1,37.6
0.23237465359207848,0.34998105056925816,U10,MAD_M6C12,16.24004522615311,4.000048328398322,WPG,CPG,0.112500421084358,0.3660731069292624,0.20012311129107768,-1.5204725243707544,0,-4.19799228860863,1000.0,2.1,37.6
0.2320542426739851,0.3499970008608806,U10,MAD_M6C12,16.240322904108893,4.000518956382139,WPG,CPG,0.1125887067752205,0.36592543984090553,0.20007047530580715,-1.52003392455426,7,-4.199559403934005,999.9,2.1,37.6
0.23227551794319776,0.34998654777518423,U10,MAD_M6C12,16.243542690477565,4.000012658823728,WPG,CPG,0.11242848949855803,0.3662232945169275,0.20016090642747122,-1.5172363540327347,1,-4.1876565725911,1000.0,2.1,37.7
0.23201474182003137,0.34999742720865434,U10,MAD_M6C12,16.24654517753956,4.000029634939639,WPG,CPG,0.11197868038380693,0.366161869402355,0.2001016892778612,-1.5182555259104553,3,-4.199652896567699,999.8,2.1,37.6
0.23182615720361371,0.3499985579190366,U10,MAD_M6C12,16.242792916927467,4.000033683754726,WPG,CPG,0.11245047363990548,0.3659904442732197,0.20008484565596976,-1.518717544282614,4,-4.190700093240666,999.9,2.1,37.5
0.23222158558976735,0.34999971259298784,U10,MAD_M6C12,16.243844473224282,4.000345726891176,WPG,CPG,0.11236177899556593,0.36621903767500824,0.20017773782888865,-1.5168286529282267,7,-4.195652247619291,1000.0,2.1,37.6
0.23243596065549474,0.3499850203190701,U10,MAD_M6C12,16.24231938782723,4.0000456088634735,WPG,CPG,0.11210296454908245,0.36631211621578397,0.20010054364663288,-1.5190877130157374,3,-4.198062368253639,999.9,2.1,37.6
0.2321747460284323,0.34999859628322283,U10,MAD_M6C12,16.24384015015358,4.000156021483976,WPG,CPG,0.11257960923819595,0.36600056666338665,0.2000968324758972,-1.520377170155739,5,-4.1976189761622535,999.9,2.1,37.6
0.23230933089143296,0.34999689190225314,U10,MAD_M6C12,16.24595835894792,4.000148699169278,WPG,CPG,0.11235662022704078,0.36607079036584134,0.20011404699945318,-1.5209347754515794,0,-4.197562882976952,999.9,2.1,37.6
0.23216038606506892,0.3499998748184482,U10,MAD_M6C12,16.246635577823795,4.000046365099804,WPG,CPG,0.11217116746019405,0.36599921846437966,0.20013627855684268,-1.519815353152364,4,-4.195921763413951,1000.0,2.1,37.6
0.23213206440848577,0.34999209030484635,U10,MAD_M6C12,16.243722523657173,4.00098397896262,WPG,CPG,0.11225556024228556,0.36584930924472614,0.20010181395311952,-1.522245637301751,1,-4.2008549048526245,999.9,2.1,37.5
0.2319162157456828,0.3499979343576547,U10,MAD_M6C12,16.242764111546144,4.000452741241757,WPG,CPG,0.11235887275233977,0.36580672947215304,0.2001113045878498,-1.5205646838346292,4,-4.192572779729762,999.9,2.1,37.5
0.2321796425225044,0.3499996725683277,U10,MAD_M6C12,16.24399610268256,4.000086316882228,WPG,CPG,0.11236698136283227,0.36602412660158046,0.20011056245534936,-1.520358528438346,6,-4.194762723829845,1000.0,2.1,37.6
0.23208197517118534,0.3499993859755105,U10,MAD_M6C12,16.246742903092226,4.000186068577546,WPG,CPG,0.11269324009288172,0.36600206356586057,0.2001288497500646,-1.5186331821208976,3,-4.186392214069459,1000.0,2.1,37.6
0.23219367714327158,0.3499997388069506,U10,MAD_M6C12,16.24626122061352,4.0001244756693195,WPG,CPG,0.11291245185827249,0.3659855392793706,0.20010751770296623,-1.5198831700796853,4,-4.1952105132251205,1000.0,2.1,37.6
0.2322081635694489,0.34999309731499795,U10,MAD_M6C12,16.24602075398487,4.000563594934022,WPG,CPG,0.11270977009567237,0.36591745276084087,0.20011670084938574,-1.519170802962079,4,-4.200402240590275,1000.0,2.1,37.6
0.2322476575663067,0.3499988708401533,U10,MAD_M6C12,16.244966703834187,4.000239428300771,WPG,CPG,0.11276027692976272,0.36593460899054603,0.20011107962772165,-1.5182905408257268,5,-4.1945806908090955,1000.0,2.1,37.6
0.2320409132221418,0.3499996526743824,U10,MAD_M6C12,16.24941179237708,4.000737881768518,WPG,CPG,0.11305956371731968,0.36584100970578326,0.2001086781871102,-1.5187996494000036,2,-4.200177156858064,1000.0,2.1,37.6
0.2321073777244277,0.34999968511217316,U10,MAD_M6C12,16.24846766041375,4.000560881416092,WPG,CPG,0.1130067711334955,0.36583712989022515,0.2000767777758133,-1.5188158304988444,2,-4.19944203426995,1000.0,2.1,37.6
0.23224649420627758,0.34999987197216037,U10,MAD_M6C12,16.24714743340555,4.000021263951585,WPG,CPG,0.11297693505692981,0.36595044926917325,0.2000823014908667,-1.518352531722928,3,-4.18933726069749,1000.0,2.1,37.6
0.23217136819788448,0.34999328528112866,U10,MAD_M6C12,16.246537313684918,4.000047680242209,WPG,CPG,0.11286210042588225,0.3660732309322735,0.2000887588651108,-1.5171633354340655,6,-4.201645003710992,1000.0,2.1,37.6
0.231904270291693,0.3499934949977418,U10,MAD_M6C12,16.24636782899734,4.000160233567547,WPG,CPG,0.11294450047039424,0.36592900449147586,0.20006699111445006,-1.5154707125242592,7,-4.199575657924909,1000.0,2.1,37.6
0.23219670311410973,0.3499894674402773,U10,MAD_M6C12,16.246012728402874,4.0003992447622245,WPG,CPG,0.11331155363716526,0.36605277852395024,0.20010026330083658,-1.5153184444311099,4,-4.187827702682185,999.9,2.1,37.7
0.23199894758023273,0.34999852030923656,U10,MAD_M6C12,16.24609378887915,4.0003673005686275,WPG,CPG,0.11320755642359269,0.3659931896507671,0.2000631875562853,-1.5155485733407439,3,-4.194796130381471,1000.0,2.1,37.6
0.2321548577177084,0.3499973154075026,U10,MAD_M6C12,16.24563144588273,4.000001950045682,WPG,CPG,0.11337639880132255,0.3661304150514094,0.20010131178118656,-1.5123075128972987,5,-4.195132306030205,999.9,2.1,37.7
0.23208433882267124,0.3499999418798636,U10,MAD_M6C12,16.241406044681383,4.000124574382069,WPG,CPG,0.11308353429918598,0.36607271263989355,0.20004938594036384,-1.5154801410532317,4,-4.188321205459642,1000.0,2.1,37.6
0.23201467539881293,0.3499969820784081,U10,MAD_M6C12,16.243787359999168,4.000106877963207,WPG,CPG,0.11288625708775198,0.36600504510250986,0.20003757336355873,-1.5163073647460492,0,-4.196395087753777,1000.0,2.1,37.6
0.23194685432736023,0.3499950869777071,U10,MAD_M6C12,16.243810987497156,4.0000016420861755,WPG,CPG,0.11305397741289626,0.36600895795291705,0.20005513722979112,-1.5160114966934068,7,-4.194484997527692,1000.0,2.1,37.6
0.23202880758806307,0.3499944575049618,U10,MAD_M6C12,16.243484859127523,4.000003229775058,WPG,CPG,0.11315863802913596,0.36602606853170405,0.20003854454196915,-1.5169251787349676,1,-4.197789467225391,1000.0,2.1,37.6
0.2317951453450354,0.3499997506867479,U10,MAD_M6C12,16.245450117300578,4.000344415611032,WPG,CPG,0.11315666766652774,0.3659408841356892,0.20003519586346546,-1.5150021171877595,4,-4.190044990135966,1000.0,2.1,37.6
0.23182442557696228,0.34999136327474245,U10,MAD_M6C12,16.244991776529652,4.00015509460993,WPG,CPG,0.11297837957089046,0.3658899081851734,0.2000326363036227,-1.5155584841244933,4,-4.199343436351771,1000.0,2.1,37.6
0.23192846836548428,0.3499861530725437,U10,MAD_M6C12,16.244922077407608,4.0000211273884805,WPG,CPG,0.11301953860785116,0.3659742282195675,0.20003602994974284,-1.5153655008394364,7,-4.192261247322897,1000.0,2.1,37.6
0.23190315943491807,0.34999572988691546,U10,MAD_M6C12,16.243347077852142,4.000002786891199,WPG,CPG,0.11294934527770269,0.366035171018286,0.20004670267113306,-1.5155963047975884,5,-4.18782667081561,1000.0,2.1,37.6
0.23181517382091996,0.3499757892327051,U10,MAD_M6C12,16.244643458421702,4.000011544469883,WPG,CPG,0.11305743479964415,0.3659341069716653,0.200050222133844,-1.5156148735593837,4,-4.196869396605782,1000.0,2.1,37.6
0.2318791160658196,0.3499950654533143,U10,MAD_M6C12,16.243286488462772,4.000023408313518,WPG,CPG,0.11318193822965407,0.3660508721944371,0.20004236242490792,-1.5154268770762924,4,-4.184107825334609,1000.0,2.1,37.6
0.23193808850160538,0.34998643954445824,U10,MAD_M6C12,16.243521570006443,4.000033545537794,WPG,CPG,0.11316860335072931,0.3659873360861597,0.2000537657722654,-1.516432746562512,7,-4.198862389531245,1000.0,2.1,37.6
0.23194352142691713,0.3499961143424453,U10,MAD_M6C12,16.246451960227596,4.000050086997071,WPG,CPG,0.11331165845869193,0.3660209039985413,0.2000390478410304,-1.5162676760467269,7,-4.191690750310686,1000.0,2.1,37.6
0.23200074144812746,0.34999992665273616,U10,MAD_M6C12,16.244308983829452,4.00028186403364,WPG,CPG,0.11311030716567895,0.36598561781721384,0.20003042736001023,-1.5164699500524974,5,-4.197851370955512,1000.0,2.1,37.6
0.23197520629849844,0.34999244505348004,U10,MAD_M6C12,16.245812127008215,4.00034890315771,WPG,CPG,0.11315981893213158,0.365947769851708,0.20003774342113592,-1.5160463474630255,1,-4.19939402403789,1000.0,2.1,37.6
0.23194304877054633,0.34999952356890823,U10,MAD_M6C12,16.24340647086506,4.000497932093765,WPG,CPG,0.11310490637222827,0.3658712781200322,0.20001982214074915,-1.5151930645241003,6,-4.201258810325138,1000.0,2.1,37.6
0.23202129303695207,0.34999824275916885,U10,MAD_M6C12,16.24550348410844,4.00038576820447,WPG,CPG,0.1131754202027719,0.36594491229619674,0.20002638427363778,-1.5154806872373845,2,-4.196663550533707,1000.0,2.1,37.6
0.2319733713262026,0.3499992898411994,U10,MAD_M6C12,16.24277545384582,4.0003445872658245,WPG,CPG,0.11315729468815211,0.36591954025194773,0.20001398125945224,-1.5158159842661105,6,-4.199697824932823,1000.0,2.1,37.6
0.2319661497286723,0.34999991126020624,U10,MAD_M6C12,16.247022847045102,4.000657431708692,WPG,CPG,0.11326776478513388,0.3658674799767989,0.2000255958351306,-1.515143811653953,4,-4.201126322314863,1000.0,2.1,37.6
0.2319612799063495,0.34999960880058567,U10,MAD_M6C12,16.24777508566703,4.000555690938628,WPG,CPG,0.11313071458530635,0.3658323853166964,0.20001794161222747,-1.514944516610456,2,-4.202782449262305,1000.0,2.1,37.6
0.23200116807136134,0.34999494346432514,U10,MAD_M6C12,16.24560981397876,4.000527711598634,WPG,CPG,0.11281112405062439,0.365926095677063,0.2000228266970804,-1.5157356327999658,3,-4.201298134156575,999.9,2.1,37.6
0.23212413352820374,0.3499927898085757,U10,MAD_M6C12,16.246537005218222,4.000515889662517,WPG,CPG,0.11303744569385941,0.3659084180439539,0.20002945485419188,-1.5156579101795935,4,-4.1960634710462354,999.9,2.1,37.7
0.23201733370855254,0.3499999965304601,U10,MAD_M6C12,16.24668075477453,4.00056137485071,WPG,CPG,0.11311523798590968,0.3659081437178764,0.20002639318709053,-1.5158109450352295,4,-4.201816256306831,1000.0,2.1,37.6
0.23235773123035663,0.34999570665670826,U10,MAD_M6C12,16.245295545979424,4.000678237915463,WPG,CPG,0.1129247835129721,0.36599882692266467,0.2000293685653556,-1.5169519179577737,1,-4.199439040872184,999.9,2.1,37.7
0.23226186932390527,0.3499876972182428,U10,MAD_M6C12,16.247159394354668,4.000561825851943,WPG,CPG,0.11304574237735718,0.3659610145280383,0.20002619905829694,-1.5161100714363087,5,-4.19389857640283,1000.0,2.1,37.7
0.23234478830917865,0.34998162109266284,U10,MAD_M6C12,16.24787260589966,4.00137117640428,WPG,CPG,0.11320020862687198,0.3659339344986211,0.20003438759604153,-1.5154981172094093,1,-4.196148287601835,1000.0,2.1,37.7
0.232328255592547,0.3499756290555176,U10,MAD_M6C12,16.24848737859442,4.000682315982016,WPG,CPG,0.11329973090343573,0.3659409992427699,0.20005019401690433,-1.5157512824940802,5,-4.197757497828187,1000.0,2.1,37.7
0.2322087675984474,0.3499993329733617,U10,MAD_M6C12,16.247135090010985,4.0006296938566415,WPG,CPG,0.11349645532894787,0.36588892362514225,0.20004703813731217,-1.5151635114077382,5,-4.196842589159893,1000.0,2.1,37.7
0.23223365458350415,0.3499693448812104,U10,MAD_M6C12,16.248575355723155,4.0005163811089455,WPG,CPG,0.11349925208560231,0.36587410036222295,0.20003807443823324,-1.5134700900617684,7,-4.189401156808371,1000.0,2.1,37.7
0.23224340550515865,0.34998714050100566,U10,MAD_M6C12,16.248999097407527,4.000412242880168,WPG,CPG,0.11353186694929392,0.3658425589304323,0.20003640386425292,-1.51493564660745,4,-4.199937237090573,1000.0,2.1,37.7
0.23226829894836595,0.34996342802381847,U10,MAD_M6C12,16.248840959288362,4.000371918342384,WPG,CPG,0.11338454592967862,0.36588283458785964,0.20003566799738032,-1.5149543361202737,2,-4.196935252037532,1000.0,2.1,37.7
0.23231405409579114,0.3499839039978127,U10,MAD_M6C12,16.248537685429774,4.000251924577774,WPG,CPG,0.11328954398129092,0.3659023133253386,0.20004898205712388,-1.5154060990822016,7,-4.199396456081184,1000.0,2.1,37.7
0.23232067283467395,0.3499870499827062,U10,MAD_M6C12,16.24777367720113,4.00000943212649,WPG,CPG,0.11321407085199577,0.36598035688310154,0.20006409982366893,-1.5166371031357466,1,-4.1995553001077806,1000.0,2.1,37.7
0.23233683913845513,0.34999564437792696,U10,MAD_M6C12,16.246386414589054,4.000002548502603,WPG,CPG,0.11337154884967841,0.36599297495338884,0.20007484571473708,-1.515372713593692,7,-4.193227352845383,1000.0,2.1,37.7
0.23231929626800207,0.34997627046244445,U10,MAD_M6C12,16.248042853185133,4.0000771314696735,WPG,CPG,0.11321311752427261,0.3658947712573014,0.2000588454293886,-1.5153510758859627,0,-4.201432872937804,1000.0,2.1,37.7
0.23239886266506765,0.34998428676965937,U10,MAD_M6C12,16.246481796667794,4.000023742941767,WPG,CPG,0.11321041646791807,0.36600131176765077,0.20004878216763053,-1.5147779133045403,1,-4.188444674717582,1000.0,2.1,37.7
0.232296340650333,0.34999433751295966,U10,MAD_M6C12,16.24711230905166,4.000005230505324,WPG,CPG,0.11331338856404122,0.3659292983767016,0.20006319217441668,-1.5158049973569017,6,-4.199905074112992,1000.0,2.1,37.7
0.23239252373282168,0.34998716662923623,U10,MAD_M6C12,16.24689533059145,4.000016220590488,WPG,CPG,0.11315371513728574,0.36599119779781314,0.20006666158986577,-1.5153227678228067,0,-4.193859943611509,1000.0,2.1,37.7
0.23228078377272668,0.3499911478478292,U10,MAD_M6C12,16.2461828637536,4.000001510701331,WPG,CPG,0.11304863929674022,0.3659868952716387,0.20004603298482632,-1.5167290454241795,5,-4.197169395570146,1000.0,2.1,37.7
0.23230576847342901,0.34997079550099924,U10,MAD_M6C12,16.247621848973758,4.000068956570469,WPG,CPG,0.11322646638306114,0.36590530558934226,0.20004620850929605,-1.5156623990348475,6,-4.200613231118947,1000.0,2.1,37.7
0.2322555554310573,0.34996994384926094,U10,MAD_M6C12,16.24675143229907,4.000127782359257,WPG,CPG,0.1134250740387693,0.36588479630357396,0.20005429651457154,-1.51474857136127,7,-4.197802608655175,1000.0,2.1,37.7
0.23218364127834035,0.3499780062351448,U10,MAD_M6C12,16.24551773482801,4.000162446326834,WPG,CPG,0.11322323913186152,0.36587283069708876,0.20003833184507216,-1.5152336087381526,3,-4.1986918143438245,1000.0,2.1,37.7
0.23214453398521645,0.34999461448328295,U10,MAD_M6C12,16.246138694715388,4.00000340843566,WPG,CPG,0.11328368135475621,0.36591015045153774,0.2000471752088766,-1.5160159662804056,1,-4.198122687071237,1000.0,2.1,37.7
0.2322327069025646,0.34998544895518213,U10,MAD_M6C12,16.245122598076513,4.000015278784069,WPG,CPG,0.11297550135032004,0.36592699286903574,0.20005081459852125,-1.515785476797298,1,-4.1984023003176585,1000.0,2.1,37.7
0.23228880334452912,0.34998326230884486,U10,MAD_M6C12,16.2455130764191,4.000073636167959,WPG,CPG,0.11305527452569847,0.36591655941893786,0.2000423010875419,-1.5158008980510904,6,-4.19997124150407,1000.0,2.1,37.7
0.2322248296612177,0.34998373782290504,U10,MAD_M6C12,16.245596693245545,4.000044236568972,WPG,CPG,0.11306966929000373,0.3659242301546265,0.20003335193852007,-1.5160151606824224,5,-4.197756809987363,1000.0,2.1,37.7
0.2322064163707019,0.3499844800917423,U10,MAD_M6C12,16.247226928469367,4.00000317474424,WPG,CPG,0.11305056511554658,0.36595772514425035,0.20005034857605697,-1.5166358505386262,5,-4.198117072612343,1000.0,2.1,37.7
0.2322594092241941,0.349987342103691,U10,MAD_M6C12,16.246008344196778,4.0000197343572514,WPG,CPG,0.1130757693507689,0.3659635968081592,0.20003909831727965,-1.516841774704165,7,-4.199138088750969,1000.0,2.1,37.7
0.2321478724581028,0.34998335219975907,U10,MAD_M6C12,16.24632842498677,4.000044501217113,WPG,CPG,0.11315926796514146,0.3658859324109306,0.20003699074047954,-1.5158314800626949,5,-4.199064979236901,1000.0,2.1,37.7
0.2321816247080212,0.3499876158123337,U10,MAD_M6C12,16.24563937742448,4.000102397380633,WPG,CPG,0.11326343178978276,0.3658884124948433,0.2000375382519858,-1.515513804477141,1,-4.1980857153395235,1000.0,2.1,37.7
0.23209677530518913,0.34998980407836106,U10,MAD_M6C12,16.244392651046873,4.000147346616677,WPG,CPG,0.11329529172979365,0.3658650032798857,0.2000287363573605,-1.5156677428933425,1,-4.198827206864552,1000.0,2.1,37.7
0.23210045594284584,0.3499846691337811,U10,MAD_M6C12,16.245372448988284,4.000024919904741,WPG,CPG,0.11324679113359377,0.3658895699167194,0.20003627910207117,-1.5155774408327414,1,-4.196383983144946,1000.0,2.1,37.7
0.23215803107323435,0.34998598673805936,U10,MAD_M6C12,16.244957879442165,4.000044698206085,WPG,CPG,0.1133573016879292,0.36588396709515775,0.20002863263315626,-1.5157706801174118,1,-4.198643253457545,1000.0,2.1,37.7
0.23220510704423422,0.34998223625974545,U10,MAD_M6C12,16.246104178734512,4.000033688049756,WPG,CPG,0.11341740761210413,0.3659080332767567,0.2000339268777462,-1.5152613833303519,7,-4.194712520445817,1000.0,2.1,37.7
0.23213969393913694,0.3499823718368099,U10,MAD_M6C12,16.247247788259024,4.000184766050261,WPG,CPG,0.11339455666029742,0.3658719191120676,0.2000329970138106,-1.5154696013873237,6,-4.197586392098238,1000.0,2.1,37.7
0.232247132031499,0.3499850802321117,U10,MAD_M6C12,16.244397643119758,4.000166857282979,WPG,CPG,0.11332864964036873,0.3658964321253921,0.2000270202688391,-1.5156730915920174,3,-4.199041079415565,1000.0,2.1,37.7
0.23230202860517374,0.34998319940492406,U10,MAD_M6C12,16.246509465674468,4.000242836022195,WPG,CPG,0.1133473089018888,0.36589833755812484,0.2000324074905245,-1.5155801697,5,-4.199494784759231,1000.0,2.1,37.7
0.2323090293742222,0.3499777601462549,U10,MAD_M6C12,16.245679431030034,4.000263071140512,WPG,CPG,0.11315551372948436,0.3659284048865585,0.20002086506241754,-1.515935944705349,7,-4.199580530880244,999.9,2.1,37.7
0.23226154611814087,0.3499812308448329,U10,MAD_M6C12,16.245881205585512,4.000233885843752,WPG,CPG,0.11313228827025336,0.3659059936860085,0.200032528166736,-1.5159012708830175,6,-4.199817631312273,1000.0,2.1,37.7
0.23236532163574206,0.3499633863958852,U10,MAD_M6C12,16.244699477628046,4.000274289547076,WPG,CPG,0.11321213651587889,0.36594737992412013,0.2000184500621136,-1.516123284584677,1,-4.200332597901042,999.9,2.1,37.7
0.23239038456411912,0.34996955741271224,U10,MAD_M6C12,16.245450070463797,4.0005791126881505,WPG,CPG,0.11308283014012845,0.3659517063716027,0.20002027757692442,-1.516215164573165,7,-4.20083797451008,999.9,2.1,37.7
0.23243892311104553,0.34996374170543243,U10,MAD_M6C12,16.246826838521876,4.000363221230946,WPG,CPG,0.11301210062632029,0.36599711963808323,0.2000287989837023,-1.5163899940876635,0,-4.19866900588549,999.9,2.1,37.7
0.23245104082795776,0.3499687551487048,U10,MAD_M6C12,16.245231642196053,4.000351359607974,WPG,CPG,0.1130398763919515,0.3660213405136972,0.20002531465391404,-1.5171745600025772,6,-4.200648684684804,999.9,2.1,37.7
0.23230916548034303,0.3499796145168627,U10,MAD_M6C12,16.24477524504865,4.000277704957175,WPG,CPG,0.11312476150846422,0.36595730862846726,0.20002778184449388,-1.51677353052497,6,-4.200123428952164,1000.0,2.1,37.7
0.2324147765244683,0.3499664622372351,U10,MAD_M6C12,16.244002777162788,4.000235118498436,WPG,CPG,0.11302169648455865,0.36601934585350115,0.20002521486186803,-1.517054431765729,5,-4.199839606586407,999.9,2.1,37.7
0.23244387181571152,0.3499687462418744,U10,MAD_M6C12,16.246246698960796,4.000250056950786,WPG,CPG,0.11299682137329842,0.366059928457676,0.20002610432030793,-1.5177718392038084,6,-4.197448126365208,1000.0,2.1,37.7
0.2323745917936827,0.349972245212273,U10,MAD_M6C12,16.244443868109663,4.000158485101615,WPG,CPG,0.11297601224595866,0.366039638154376,0.2000238569564881,-1.517633375574604,4,-4.199360833316193,999.9,2.1,37.7
0.23240849307108769,0.3499672711742261,U10,MAD_M6C12,16.244379017474444,4.0001332451409,WPG,CPG,0.11292945299572779,0.3660629813570291,0.2000315871859378,-1.5171627361581317,3,-4.196179194367232,999.9,2.1,37.7
0.23253538611093605,0.34997129032840585,U10,MAD_M6C12,16.244216329773153,4.000198361918219,WPG,CPG,0.11284599062411375,0.3660999560489596,0.2000261564137641,-1.518116759090589,7,-4.19990780596955,999.9,2.1,37.7
0.2325221120980162,0.3499621301363639,U10,MAD_M6C12,16.24516644649091,4.000093580079518,WPG,CPG,0.11281395965908354,0.36612437522689933,0.2000248045359608,-1.5186076445766252,7,-4.19931856706074,999.9,2.1,37.7
0.2326016253233106,0.34997018095579296,U10,MAD_M6C12,16.24477522582732,4.000149975795378,WPG,CPG,0.11269339156752144,0.36614466267059614,0.20002144960270934,-1.518774883162653,3,-4.199729727219902,999.9,2.1,37.7
0.23246851534351007,0.3499870811332048,U10,MAD_M6C12,16.243339529546997,4.000001694841393,WPG,CPG,0.11265473142173164,0.3661272032263361,0.20002949932982292,-1.5186576209444471,0,-4.198689209990267,999.9,2.1,37.7
0.23260969019306635,0.3499760838605518,U10,MAD_M6C12,16.245255215889955,4.000119406402959,WPG,CPG,0.11268724834435301,0.36617601960715745,0.20002211201195635,-1.5194266924918765,6,-4.199807060353281,999.9,2.1,37.7
0.23273583082174903,0.349968170425744,U10,MAD_M6C12,16.245470528616618,4.000069905883108,WPG,CPG,0.11253433430305242,0.36625252732124713,0.20002038939442493,-1.5204156593869924,7,-4.200038700798073,999.9,2.1,37.7
0.23261681805398568,0.34996277649682245,U10,MAD_M6C12,16.2471608010558,4.000357945355734,WPG,CPG,0.11276164906315196,0.3661215000623492,0.20001945315862302,-1.51821188414306,4,-4.1986164418777605,999.9,2.1,37.7
0.23263239017502346,0.3499769587495643,U10,MAD_M6C12,16.244627705913175,4.000058198952643,WPG,CPG,0.11262689911472533,0.36618656274188627,0.2000166143285852,-1.519490329679669,5,-4.199291577241876,999.9,2.1,37.7
0.2326849856301917,0.34997291195631486,U10,MAD_M6C12,16.246001639964355,4.000160923577859,WPG,CPG,0.11266385717977657,0.3662050579760701,0.20000788739010422,-1.5199721205406316,2,-4.199839086758171,999.9,2.1,37.7
0.2326384453499772,0.34996987196871754,U10,MAD_M6C12,16.24625201904027,4.000034922054237,WPG,CPG,0.11247105364158352,0.3662504657272033,0.20001831688001998,-1.5203243742846295,3,-4.196903107752737,999.9,2.1,37.7
0.23268567206389137,0.34996870382796386,U10,MAD_M6C12,16.24704653329858,4.000242212442053,WPG,CPG,0.11273126512564774,0.36616037870733115,0.20001798190262374,-1.5189735126037767,3,-4.199993295377233,999.9,2.1,37.7
0.23266577400711858,0.34996954925428736,U10,MAD_M6C12,16.243991821697243,4.0000424500355125,WPG,CPG,0.11268494070853992,0.3661868717872114,0.2000119007583257,-1.5189908869662199,2,-4.197321742124613,999.9,2.1,37.7
0.23264514901727815,0.34996921813050474,U10,MAD_M6C12,16.2455560014793,4.000134610408129,WPG,CPG,0.11287712682609034,0.3661442715160387,0.20001166015085206,-1.5185535457208124,0,-4.19828880728992,999.9,2.1,37.7
0.2326889799059925,0.34996053913099556,U10,MAD_M6C12,16.246540584105183,4.000148624505875,WPG,CPG,0.11273304051570465,0.36618985246731095,0.20002008583995434,-1.51932514916832,7,-4.199375621596992,999.9,2.1,37.7
0.23269256879397893,0.3499531721619864,U10,MAD_M6C12,16.24701278013969,4.000163753430543,WPG,CPG,0.1128274434805106,0.3661590671307061,0.20002347021320185,-1.5188112651620036,6,-4.2002702131148055,999.9,2.1,37.7
0.23275572905922426,0.34995027900236575,U10,MAD_M6C12,16.24755377073957,4.000096822330684,WPG,CPG,0.11266681346707419,0.3662151963615949,0.20002607722791416,-1.5195966969876864,6,-4.200255009896301,999.9,2.1,37.7
0.2328768410384437,0.34995125123572235,U10,MAD_M6C12,16.24691714577237,4.000012513074786,WPG,CPG,0.11258286160981824,0.3662896756260307,0.20004147017741433,-1.5202759053055575,6,-4.200716511254175,999.9,2.1,37.7
0.23282085448731327,0.3499508455142786,U10,MAD_M6C12,16.246460984818622,4.000041422522745,WPG,CPG,0.11264035577696549,0.36627399661976645,0.20004071263745246,-1.5201126742139988,4,-4.200206823202315,999.9,2.1,37.7
0.23263295612012597,0.3499659723078442,U10,MAD_M6C12,16.247834085421182,4.0000639651708,WPG,CPG,0.11281109585341742,0.36615827658713923,0.20005078621854172,-1.5189819397360234,7,-4.200141621208852,1000.0,2.1,37.7
0.23275392740739498,0.34997041873884555,U10,MAD_M6C12,16.24700628731081,4.000014678029217,WPG,CPG,0.11252537969682895,0.36630093854040674,0.20006063550038028,-1.5209448957285026,0,-4.199736034677789,1000.0,2.1,37.7
0.23257924511893358,0.3499795707147208,U10,MAD_M6C12,16.248512515077408,4.000063774072734,WPG,CPG,0.11251369851532535,0.3662311310312131,0.20004738698990382,-1.5204033194967752,7,-4.199746214253226,999.9,2.1,37.7
0.23260563179768814,0.3499827989530123,U10,MAD_M6C12,16.247835693694128,4.000043331975258,WPG,CPG,0.11263285707458466,0.3662475145248455,0.20006927396955979,-1.5202940033407957,3,-4.198538883987622,1000.0,2.1,37.7
0.2326841003911187,0.34997789843847127,U10,MAD_M6C12,16.248635868494603,4.000002588955856,WPG,CPG,0.11268755181500728,0.3662351762975743,0.2000540708171372,-1.5197199160220345,0,-4.197004025741382,1000.0,2.1,37.7
0.23266165758656837,0.34998439775338885,U10,MAD_M6C12,16.248638100385655,4.000006254356568,WPG,CPG,0.11253417902704732,0.3662569822307038,0.2000489666375867,-1.520615125437317,3,-4.198321150299417,1000.0,2.1,37.7
0.23262789574643494,0.34998133693873107,U10,MAD_M6C12,16.24826680077993,4.000010586184789,WPG,CPG,0.11259873277498374,0.36622750417791505,0.20004366599728518,-1.5202988584125439,2,-4.198573632301214,1000.0,2.1,37.7
0.23267166544158513,0.3499857536750277,U10,MAD_M6C12,16.248656330666385,4.000004444403515,WPG,CPG,0.11272686901584036,0.3662051346296717,0.20004141220281846,-1.5199527034830451,6,-4.19963890608294,1000.0,2.1,37.7
0.23261006871534076,0.34998873764844074,U10,MAD_M6C12,16.248125293018074,4.000061816584072,WPG,CPG,0.11276381836672128,0.36619372941456746,0.20004328762478382,-1.5196506663473317,5,-4.198031288279369,1000.0,2.1,37.7
0.2325835678873014,0.34999056163986075,U10,MAD_M6C12,16.246693265258394,4.000004812303184,WPG,CPG,0.11261211277538856,0.3662199601874811,0.20004731936335501,-1.519965686368519,7,-4.1972631966695655,1000.0,2.1,37.7
0.2324151065976739,0.34999651324234354,U10,MAD_M6C12,16.247544939412148,4.000005240642473,WPG,CPG,0.11270723695056557,0.3662144602826566,0.20004578625806788,-1.5196980072769222,0,-4.201250685211894,1000.0,2.1,37.6
0.23246787297784924,0.3499963826848542,U10,MAD_M6C12,16.246638625831732,4.0000065720051525,WPG,CPG,0.11260304743512863,0.3662433645556453,0.20004195715835837,-1.5194800149091505,4,-4.198347927672872,1000.0,2.1,37.6
0.23254125901254147,0.3499961341491132,U10,MAD_M6C12,16.246461293893688,4.0000032100912835,WPG,CPG,0.11249670006498079,0.3662556940577453,0.20004389628435132,-1.5200602817282332,7,-4.202256223471631,1000.0,2.1,37.6
0.23254032658358434,0.3499903493536412,U10,MAD_M6C12,16.24680334817969,4.000002629259654,WPG,CPG,0.112545128870461,0.3662618622243767,0.20003823862897827,-1.5201285032787286,2,-4.201336107471155,1000.0,2.1,37.6
0.2324756048341868,0.34999077192588623,U10,MAD_M6C12,16.247790738727026,4.000001710893788,WPG,CPG,0.1127426865878597,0.3661874211309591,0.20004026036295589,-1.5191871969529025,4,-4.202361759667982,1000.0,2.1,37.6
0.23249632615949356,0.34999448711794534,U10,MAD_M6C12,16.24678064981538,4.000000363324396,WPG,CPG,0.11276698268352554,0.36620033671537616,0.20003051478834544,-1.5193533829316062,0,-4.201673447097239,1000.0,2.1,37.6
0.23242051262292965,0.34999874505930634,U10,MAD_M6C12,16.247927328440184,4.000000069923868,WPG,CPG,0.11279002952238999,0.3661897813868976,0.20003979719319595,-1.5194583589077713,7,-4.201889943262946,1000.0,2.1,37.6
0.23249060313865658,0.34999829866024107,U10,MAD_M6C12,16.247819992990895,4.000001257258842,WPG,CPG,0.11264775466437889,0.36623146929831907,0.2000444598188346,-1.5197926617857698,3,-4.201571764974682,1000.0,2.1,37.6
0.23245939722618714,0.34999381135501945,U10,MAD_M6C12,16.24749713858145,4.000009154879278,WPG,CPG,0.11277067876660386,0.3661921662880193,0.20004165041396788,-1.5191792370353723,6,-4.2015777439739015,1000.0,2.1,37.6
0.2324843297951018,0.34999526297404115,U10,MAD_M6C12,16.247189405738162,4.00000033708923,WPG,CPG,0.11266841314308665,0.36622119180785284,0.2000476749220414,-1.5193863368378049,5,-4.200961212124005,1000.0,2.1,37.6
0.23237085437121185,0.3499992158102515,U10,MAD_M6C12,16.246570870982502,4.000013911313903,WPG,CPG,0.11262595529348786,0.3662029862235614,0.2000503489801429,-1.5195497938233633,0,-4.201411722846547,1000.0,2.1,37.6
0.2324520503419602,0.3499979300332461,U10,MAD_M6C12,16.24663235017918,4.000004599166448,WPG,CPG,0.11262421241293126,0.36622932467758473,0.20004388401473486,-1.5195211597224596,7,-4.199816735928405,1000.0,2.1,37.6
0.2324301828703221,0.3499967040859406,U10,MAD_M6C12,16.24585380322918,4.000001289690271,WPG,CPG,0.11257735073430165,0.36624753419590217,0.20004780256240973,-1.5200264327470192,6,-4.200758387442864,1000.0,2.1,37.6
0.2324843014785998,0.34999878546517643,U10,MAD_M6C12,16.246915578147963,4.000000928143359,WPG,CPG,0.1124368883971543,0.36629570974321907,0.2000505779960458,-1.5206195370478175,2,-4.200055514407628,1000.0,2.1,37.6
0.23250973652401022,0.3499971708326993,U10,MAD_M6C12,16.246031197053398,4.000004250079737,WPG,CPG,0.1124015343205923,0.36629994446161107,0.20003762102303682,-1.520766669939983,4,-4.200096479293649,1000.0,2.1,37.6
0.23246079406228357,0.3499973358471607,U10,MAD_M6C12,16.247797922077197,4.000017023113685,WPG,CPG,0.11242665267783497,0.3662738828149671,0.2000446349022161,-1.5206422292945394,0,-4.201036926119386,1000.0,2.1,37.6
0.2326509178396727,0.3499950866835968,U10,MAD_M6C12,16.246341777835934,4.000004688850453,WPG,CPG,0.11246917965362918,0.36633998839756016,0.20005075914364864,-1.520851084939103,6,-4.2009447930632415,1000.0,2.1,37.6
0.2325867650083424,0.3499919198887688,U10,MAD_M6C12,16.245339645004734,4.000012095904575,WPG,CPG,0.11245824205955006,0.3663099097012892,0.20003995242610204,-1.520402286940938,4,-4.201381340307073,999.9,2.1,37.6
0.23258250398495317,0.3499929475770288,U10,MAD_M6C12,16.245590418760905,4.000005745710704,WPG,CPG,0.11246860381977467,0.36631145030902657,0.2000533635200296,-1.5205279341983058,7,-4.201174890254348,1000.0,2.1,37.6
0.23256838337996721,0.34999310970850933,U10,MAD_M6C12,16.24502005214011,4.0000029848450485,WPG,CPG,0.11249444256944416,0.3662944357410557,0.20004567031828654,-1.5203979175516202,4,-4.20136432281328,1000.0,2.1,37.6
0.23259189914957046,0.349991417458692,U10,MAD_M6C12,16.244966988431496,4.000025787275305,WPG,CPG,0.11247562969276714,0.3663259509899467,0.20005139575703723,-1.5207641125803633,0,-4.201173156946869,1000.0,2.1,37.6
0.23251889032371206,0.3499956941452009,U10,MAD_M6C12,16.2451622847862,4.0000000064582455,WPG,CPG,0.11248013839774337,0.36630180290919206,0.2000452882273334,-1.520429383152014,0,-4.199398292158897,1000.0,2.1,37.6
0.23270821090631516,0.3499948870522135,U10,MAD_M6C12,16.244613552500255,4.00004010983998,WPG,CPG,0.11231328561296455,0.3663805839973808,0.2000488155824138,-1.521456736374629,0,-4.20179554684654,1000.0,2.1,37.6
0.23264100802644802,0.34999669477165035,U10,MAD_M6C12,16.2444720274155,4.000073713685602,WPG,CPG,0.11233344037878579,0.36637006288574514,0.20004899042632493,-1.5213203168845484,3,-4.200563423407509,1000.0,2.1,37.6
0.2325992946722092,0.34999410309620393,U10,MAD_M6C12,16.245391552946856,4.00003406545541,WPG,CPG,0.11232622605297188,0.3663531939141293,0.20005724945047637,-1.5211733958042084,0,-4.201110386033317,1000.0,2.1,37.6
0.23269029062012478,0.34999339660086365,U10,MAD_M6C12,16.245015785452406,4.000031249401552,WPG,CPG,0.11237416188343294,0.36637540236558674,0.20004981170168243,-1.5214271236469492,4,-4.201691365752662,1000.0,2.1,37.6
0.23268990278223375,0.34999291074564437,U10,MAD_M6C12,16.245357112932318,4.000012218277574,WPG,CPG,0.11247553733447489,0.36635920786407133,0.20004833200185312,-1.5212018736329642,6,-4.201872159061768,1000.0,2.1,37.6
0.23262863065179334,0.34999623838875277,U10,MAD_M6C12,16.245536468903826,4.000044758002268,WPG,CPG,0.11230089496957994,0.36638852337321914,0.20005518318362506,-1.521754159997229,7,-4.200860777512798,1000.0,2.1,37.6
0.23265450882197736,0.34999390403879355,U10,MAD_M6C12,16.245186206431807,4.000044346610057,WPG,CPG,0.11252434650769134,0.3663410053424643,0.20004972070875107,-1.5208854811685975,6,-4.2014092414136925,1000.0,2.1,37.6
0.23270451621172653,0.34999365866739907,U10,MAD_M6C12,16.245084639373392,4.000038226996487,WPG,CPG,0.11235284519606858,0.3663892943231553,0.20004950544147354,-1.5215983585545867,2,-4.20142349027158,1000.0,2.1,37.6
0.2326773976756516,0.3499917732488187,U10,MAD_M6C12,16.245835784842626,4.000023493042568,WPG,CPG,0.1124295438027495,0.36637354533915795,0.20004939545708308,-1.5215080638453693,7,-4.201654209279699,1000.0,2.1,37.6
0.23263988229985155,0.3499941135159594,U10,MAD_M6C12,16.244569390126124,4.000011951720805,WPG,CPG,0.11242447477146782,0.3663490922863924,0.20004030156315367,-1.5212441110346848,6,-4.201444211726388,1000.0,2.1,37.6
0.23266438098547315,0.3499929351472347,U10,MAD_M6C12,16.244899495422146,4.000000465813083,WPG,CPG,0.11246569561866426,0.3663467099149722,0.20004187499784654,-1.521141823611617,0,-4.201786531611647,1000.0,2.1,37.6
0.23268258535411906,0.3499932910786508,U10,MAD_M6C12,16.24540361949665,4.000003124851999,WPG,CPG,0.11241268560174004,0.3663856870468522,0.20004677450115133,-1.5217046863352481,0,-4.201407526267337,1000.0,2.1,37.6
0.23269343891678904,0.349990749133183,U10,MAD_M6C12,16.24580122822039,4.000005793881743,WPG,CPG,0.11244712260588839,0.3663815750121425,0.2000553491611484,-1.5214939394999163,2,-4.201736678146485,1000.0,2.1,37.6
0.23265649758615484,0.3499906858077217,U10,MAD_M6C12,16.245139029587335,4.000003208194981,WPG,CPG,0.11249498597229182,0.36634456184904574,0.20004361084504071,-1.5210986660904295,0,-4.201706485337278,1000.0,2.1,37.6
0.2327448997635117,0.34999011965612414,U10,MAD_M6C12,16.245774207101455,4.0000074834536195,WPG,CPG,0.11246796030213593,0.3664017308956342,0.20004924596944693,-1.5216524096249697,7,-4.201086364240306,1000.0,2.1,37.6
0.23264507592628234,0.34999433449832174,U10,MAD_M6C12,16.245425349682762,4.000019069181882,WPG,CPG,0.1124617837605617,0.3663756080724313,0.20004343142542264,-1.521629224184723,2,-4.200758740554804,1000.0,2.1,37.6
0.2326988169469517,0.3499927236970955,U10,MAD_M6C12,16.245297909533235,4.000049795271313,WPG,CPG,0.11243366323276272,0.3664055297753212,0.20004563180958423,-1.5219645305640086,2,-4.200990104862729,1000.0,2.1,37.6
0.23272016439343068,0.34999244541581126,U10,MAD_M6C12,16.24548501534429,4.0000418735679535,WPG,CPG,0.11239716943097469,0.3664067363878316,0.20004651543947963,-1.5219703222231753,0,-4.2014680209261925,1000.0,2.1,37.6
0.2326756806017487,0.3499935094636135,U10,MAD_M6C12,16.245078164883115,4.000058666312045,WPG,CPG,0.11240418493124386,0.36639001916481323,0.20004442289021707,-1.5218695646249283,1,-4.201534699243577,1000.0,2.1,37.6
0.23271793280073041,0.34999067493148556,U10,MAD_M6C12,16.245000233847225,4.00005918151298,WPG,CPG,0.11239592990440066,0.3664118232346247,0.20004526294669195,-1.5220225533170928,0,-4.201239943883365,1000.0,2.1,37.6
0.2326742508798894,0.3499934243206549,U10,MAD_M6C12,16.24482564094009,4.0000407694097255,WPG,CPG,0.1124737586877343,0.36638475834140893,0.20004526676764203,-1.5217181376220847,4,-4.201384422435538,1000.0,2.1,37.6
0.23269043928692285,0.3499931225165613,U10,MAD_M6C12,16.244903386247543,4.000062790878543,WPG,CPG,0.11243259305002803,0.36639651452288624,0.20004296884751657,-1.5218843782856246,4,-4.201188780707778,1000.0,2.1,37.6
0.23268224766066095,0.34999183317125226,U10,MAD_M6C12,16.245538509967453,4.000088819151331,WPG,CPG,0.11245156333057557,0.3663984421872527,0.2000503037046428,-1.521889140623165,4,-4.201323993592631,1000.0,2.1,37.6
0.23265645797233145,0.3499941646634357,U10,MAD_M6C12,16.245445158272553,4.00008833323726,WPG,CPG,0.11245177585804222,0.3663943552118397,0.20004765871398114,-1.5219594936654486,5,-4.201218107335151,1000.0,2.1,37.6
0.23272611732023935,0.34999159286501214,U10,MAD_M6C12,16.245573041057195,4.000054875074657,WPG,CPG,0.11248041808281943,0.36641510835203844,0.20004660174227723,-1.5220338833199147,5,-4.20099180070372,1000.0,2.1,37.6
0.2326851541562598,0.3499910749734271,U10,MAD_M6C12,16.24549079516911,4.000027919663355,WPG,CPG,0.11251089446905246,0.3663885309939346,0.2000489458925167,-1.5217486952404062,2,-4.201560039171378,1000.0,2.1,37.6
0.23272761694843064,0.34999025930005245,U10,MAD_M6C12,16.245226259765452,4.0000597441561245,WPG,CPG,0.11246131449953606,0.3664025708829163,0.200044743395051,-1.5218146361161475,6,-4.20118417803255,1000.0,2.1,37.6
0.23262877040831811,0.3499960472239594,U10,MAD_M6C12,16.245404135757408,4.000056003551378,WPG,CPG,0.11250745726241235,0.36637512942836925,0.20004408058660483,-1.5217142474875316,4,-4.200860631978738,1000.0,2.1,37.6
0.23264536989546447,0.34999444119576223,U10,MAD_M6C12,16.245357728305255,4.000048836654059,WPG,CPG,0.11247957284373876,0.36637979453704383,0.2000448659124676,-1.521718256503487,2,-4.200944163568991,1000.0,2.1,37.6
0.23266744491434824,0.34999303723795117,U10,MAD_M6C12,16.24548044349021,4.000051254738423,WPG,CPG,0.11248773197128892,0.3663838105704182,0.20004852816667545,-1.521698228953339,1,-4.201297860507298,1000.0,2.1,37.6
0.23269079626756836,0.3499942783775427,U10,MAD_M6C12,16.245305250666988,4.000099006179737,WPG,CPG,0.11244937536085317,0.3664013464208272,0.200049341022161,-1.521923452465525,5,-4.201343591869859,1000.0,2.1,37.6
0.23268062696447966,0.3499940706912319,U10,MAD_M6C12,16.245257379225777,4.000080161745202,WPG,CPG,0.11247262403356378,0.3663868223374971,0.2000485741013888,-1.5217001066097242,3,-4.201384737844993,1000.0,2.1,37.6
0.23272332817977676,0.3499907071574421,U10,MAD_M6C12,16.2458203017178,4.00005247967604,WPG,CPG,0.1124949219509605,0.3663959689832228,0.20004712811675157,-1.5217668128242792,5,-4.2015148408117575,1000.0,2.1,37.6
0.23272229701261604,0.3499913569955469,U10,MAD_M6C12,16.245641456053516,4.000036710801019,WPG,CPG,0.11245904476771859,0.3663945350637273,0.20004500440916323,-1.5218231390655519,0,-4.201806217052022,1000.0,2.1,37.6
0.23275404055197285,0.34998992665394335,U10,MAD_M6C12,16.245828623970578,4.000034778149127,WPG,CPG,0.11245827812097584,0.36640527891314567,0.20004646851891664,-1.5218934171758258,2,-4.201920970727539,1000.0,2.1,37.6
0.23270785952893702,0.3499916257983906,U10,MAD_M6C12,16.245747095290135,4.000056244774761,WPG,CPG,0.11244647457874263,0.3663991685511821,0.20004980723567184,-1.5218717141389053,5,-4.20166386975049,1000.0,2.1,37.6
0.23271865901150474,0.34999132701322466,U10,MAD_M6C12,16.245495277142467,4.000056210508799,WPG,CPG,0.1124855938469819,0.3663901823353565,0.20004775156914012,-1.5216732991791566,2,-4.201695695796385,1000.0,2.1,37.6
0.23272357546864927,0.34998953832856006,U10,MAD_M6C12,16.245890230544603,4.0000377852321565,WPG,CPG,0.11249292812041445,0.3663945723001096,0.20004807088975207,-1.5217341208071578,5,-4.201592224775466,1000.0,2.1,37.6
0.23272846205875242,0.3499902842918695,U10,MAD_M6C12,16.245685266866047,4.000049326043539,WPG,CPG,0.11245024254201973,0.3664049030644265,0.20004803377018548,-1.5218690925726677,4,-4.201415011748223,1000.0,2.1,37.6
0.23272704121390433,0.3499900793890471,U10,MAD_M6C12,16.24567499781098,4.000041336465418,WPG,CPG,0.11244726624647794,0.3664052902931755,0.2000476880261885,-1.521923979371354,5,-4.201605693881694,1000.0,2.1,37.6
0.23270233346536676,0.3499897086907626,U10,MAD_M6C12,16.245721848739333,4.000032207489111,WPG,CPG,0.1125044504161994,0.3663845320743433,0.20004698932883114,-1.5216388262524734,7,-4.201577052106927,1000.0,2.1,37.6
0.2327263094435748,0.3499892486484886,U10,MAD_M6C12,16.24572012678213,4.000036583048587,WPG,CPG,0.11248736753870911,0.36639401407825833,0.2000442496537885,-1.5217816862991695,2,-4.201659945183058,1000.0,2.1,37.6
0.23269739471938852,0.3499904899053594,U10,MAD_M6C12,16.245924880555354,4.000043229910579,WPG,CPG,0.11253371837157541,0.3663781291581715,0.20004495403892633,-1.5216020983847258,3,-4.201625183132055,1000.0,2.1,37.6
0.23268921880213275,0.34999115286363014,U10,MAD_M6C12,16.245882132824978,4.0000486196834375,WPG,CPG,0.1125390732050104,0.3663809615717497,0.20004671553565018,-1.5216508322532714,4,-4.201555912450537,1000.0,2.1,37.6
0.23268505830594785,0.3499894244901343,U10,MAD_M6C12,16.245724289229322,4.000033213036027,WPG,CPG,0.11260060764342546,0.36636320640214715,0.20004223683247047,-1.5214112416993748,5,-4.201673858691715,1000.0,2.1,37.6
0.23265288386269597,0.34998945088753686,U10,MAD_M6C12,16.24590599951668,4.000028968779622,WPG,CPG,0.11264688758296096,0.36634258663982544,0.20004198195003192,-1.5211235660248452,3,-4.201428845374794,1000.0,2.1,37.6
0.23263407632783914,0.34998892497832385,U10,MAD_M6C12,16.246130162239773,4.000025684729535,WPG,CPG,0.1126736935048358,0.36633819549163066,0.20004393934630355,-1.5210728207196758,2,-4.20127221886708,1000.0,2.1,37.6
0.2326750743550429,0.34998862194390035,U10,MAD_M6C12,16.245722086672185,4.000027601425368,WPG,CPG,0.11257115890512116,0.3663592264699569,0.20004554117063636,-1.5212923210365101,6,-4.201594552506037,1000.0,2.1,37.6
0.23269305999821555,0.3499896659299069,U10,MAD_M6C12,16.245424585273994,4.0000399678293626,WPG,CPG,0.11252759402082431,0.3663732017005178,0.20004508350337474,-1.5214732501819146,7,-4.201579370858992,1000.0,2.1,37.6
0.2326967375545287,0.3499902538797758,U10,MAD_M6C12,16.24535087024789,4.000048677948857,WPG,CPG,0.11255104751488858,0.3663699515489462,0.20004310893524763,-1.521469433819036,2,-4.201793177207062,1000.0,2.1,37.6
0.23272090553757213,0.34999082617881194,U10,MAD_M6C12,16.245292819671953,4.000051001729405,WPG,CPG,0.11251088849990049,0.3663900998977773,0.20004448395679408,-1.5216971437728213,3,-4.201624229160119,1000.0,2.1,37.6
0.23272464416433417,0.3499906403054892,U10,MAD_M6C12,16.245179862968303,4.000049453953406,WPG,CPG,0.11252424442290698,0.36639131929595703,0.20004495625349583,-1.5216967355651083,4,-4.20166645425882,1000.0,2.1,37.6
0.2327329990215809,0.34999115069696307,U10,MAD_M6C12,16.245116706547265,4.00006486458008,WPG,CPG,0.11246710054775158,0.36640959798058104,0.2000468378408752,-1.52196298206138,6,-4.201580295432631,1000.0,2.1,37.6
0.232717683878301,0.3499911137457424,U10,MAD_M6C12,16.245100514959994,4.000056172035496,WPG,CPG,0.11251401866121544,0.36638888968536343,0.20004493465937312,-1.5216710412427545,7,-4.201642833800497,1000.0,2.1,37.6
0.23270473276556333,0.34999094844143286,U10,MAD_M6C12,16.245137720367936,4.000044336355182,WPG,CPG,0.11254685815168236,0.3663812004884184,0.20004495144921197,-1.5215783415636508,5,-4.201620352656525,1000.0,2.1,37.6
0.23275020638209787,0.3499912088178998,U10,MAD_M6C12,16.244880934060554,4.000087553712529,WPG,CPG,0.11245801919897158,0.3664156883065183,0.20004669211180312,-1.5219823714656266,1,-4.201532316573974,1000.0,2.1,37.6
0.2327027576640398,0.34999115840372186,U10,MAD_M6C12,16.245198743464712,4.0000687237813715,WPG,CPG,0.11253290672376293,0.3663856380205287,0.20004714934661044,-1.5216208260486577,4,-4.201528520326482,1000.0,2.1,37.6
0.23272856260188823,0.3499916115829851,U10,MAD_M6C12,16.245297832897617,4.000053585013625,WPG,CPG,0.11245219496205403,0.3664054900424624,0.20004650875113053,-1.5219326515625902,2,-4.20165032391543,1000.0,2.1,37.6
0.23272968429358631,0.3499912150580963,U10,MAD_M6C12,16.245244364487014,4.000069571925562,WPG,CPG,0.11249923463944012,0.3663958110748804,0.20004667911285834,-1.521735028349004,2,-4.201669667905811,1000.0,2.1,37.6
0.23273013397916895,0.3499898646180495,U10,MAD_M6C12,16.245240681955423,4.000045074956071,WPG,CPG,0.11248675516476442,0.36639312352938563,0.20004661996666567,-1.5216918645554096,3,-4.201772288054567,1000.0,2.1,37.6
0.23273470378774735,0.34999039634383017,U10,MAD_M6C12,16.24532308431489,4.000041641643787,WPG,CPG,0.11248648782625098,0.36639262520230415,0.20004461647406657,-1.52172562100015,1,-4.201873453671189,1000.0,2.1,37.6
0.23272653069157917,0.3499900543163875,U10,MAD_M6C12,16.245232500185022,4.000054604089436,WPG,CPG,0.11248359736176614,0.36639814777549495,0.20004578940072568,-1.5218084543340469,2,-4.201685404307154,1000.0,2.1,37.6
0.23272502409536094,0.34999018786847924,U10,MAD_M6C12,16.245260907043292,4.000031304143795,WPG,CPG,0.11249532987834757,0.36639062139214407,0.20004516696490413,-1.5216992996585874,1,-4.201786832791877,1000.0,2.1,37.6
0.2327294197999943,0.34999009782203044,U10,MAD_M6C12,16.245264852161416,4.000030140405853,WPG,CPG,0.11250248616401283,0.3663889109374183,0.20004269331201707,-1.5216974832691423,3,-4.201813635017212,1000.0,2.1,37.6
0.23273686669447863,0.34998999688489135,U10,MAD_M6C12,16.245339154488462,4.000034259632811,WPG,CPG,0.11250129293954059,0.3663929378260261,0.20004441819489577,-1.5217021283319165,0,-4.201740606236358,1000.0,2.1,37.6
0.2327226326752495,0.34998964449079434,U10,MAD_M6C12,16.245458237715813,4.000016192337451,WPG,CPG,0.11253070582678128,0.36638081597047223,0.2000419840596341,-1.5216089376302384,4,-4.2018867077114805,1000.0,2.1,37.6
0.23271463920571722,0.3499901981744668,U10,MAD_M6C12,16.245441328537243,4.00001730793055,WPG,CPG,0.1125325544411125,0.3663804528004092,0.20004172573785406,-1.5216285573207897,0,-4.201800939661597,1000.0,2.1,37.6
0.23272180464527886,0.3499905711817749,U10,MAD_M6C12,16.24546277883489,4.000023254212317,WPG,CPG,0.11252558204706492,0.3663881015462328,0.2000423115959406,-1.521739843903305,3,-4.201800006385881,1000.0,2.1,37.6
0.23273601999472998,0.34999064048389716,U10,MAD_M6C12,16.245402120594246,4.000025195319063,WPG,CPG,0.11251312999202887,0.3663899667653405,0.20004138310288178,-1.5217383125988992,3,-4.201877654783264,1000.0,2.1,37.6
0.23270034325234795,0.3499908131721052,U10,MAD_M6C12,16.245588352415396,4.000016883594418,WPG,CPG,0.11253462048962691,0.3663797700234178,0.20004188749005963,-1.521680417148515,5,-4.2017463691522074,1000.0,2.1,37.6
0.23271117600731958,0.34999121483012285,U10,MAD_M6C12,16.245349262874768,4.000021299257503,WPG,CPG,0.11251647271939721,0.3663889721848697,0.20004285656824697,-1.521748678463351,7,-4.201583752563442,1000.0,2.1,37.6
0.2327091698291167,0.34999100858243004,U10,MAD_M6C12,16.24544877618218,4.000038491980395,WPG,CPG,0.11255128122854556,0.3663818817150894,0.20004351305000997,-1.5216306107576452,1,-4.201670648667871,1000.0,2.1,37.6
0.2327166555487467,0.3499901197798203,U10,MAD_M6C12,16.245540902711944,4.000034720507053,WPG,CPG,0.11253285143095047,0.36638710864214097,0.2000432795458496,-1.5217247351879344,3,-4.201772181740388,1000.0,2.1,37.6
0.23270563914007333,0.34998945544317817,U10,MAD_M6C12,16.24571104857288,4.000032238920178,WPG,CPG,0.1125945619728667,0.3663745638003502,0.20004238144789402,-1.521548846290623,0,-4.201721302933215,1000.0,2.1,37.6
0.232696782375239,0.3499886862209579,U10,MAD_M6C12,16.245875171946565,4.000028108934468,WPG,CPG,0.11259028802032926,0.36636801082940124,0.20004258430443958,-1.521468948257139,0,-4.201758596958799,1000.0,2.1,37.6
0.2327074608885998,0.3499903406808806,U10,MAD_M6C12,16.245615283081925,4.000023406702007,WPG,CPG,0.11256416224718156,0.36637738326906527,0.2000421383557363,-1.521610597502642,2,-4.20180757942501,1000.0,2.1,37.6
0.23268585635391298,0.34998851863506264,U10,MAD_M6C12,16.245681546143516,4.000013294468298,WPG,CPG,0.11261418022395642,0.36635877071195416,0.20004138165089247,-1.521356979358091,2,-4.201817481143628,1000.0,2.1,37.6
0.232690766622051,0.3499882936072053,U10,MAD_M6C12,16.2457046145631,4.000005797790263,WPG,CPG,0.11261425808117577,0.366362335369008,0.20004047673763106,-1.5214180592802564,5,-4.2017878339587735,1000.0,2.1,37.6
0.23269066837577085,0.34998884275122255,U10,MAD_M6C12,16.2457928236746,4.000016673118859,WPG,CPG,0.11260073990784977,0.36636369424917276,0.20004238352399722,-1.5214228427586183,6,-4.201823054132939,1000.0,2.1,37.6
0.23270369785573541,0.349989000933907,U10,MAD_M6C12,16.245547772790147,4.0000154494857485,WPG,CPG,0.11257601684480067,0.3663691955285909,0.20004087092449307,-1.5214746620587496,5,-4.2017842190352805,1000.0,2.1,37.6
0.23270606776420566,0.349989733128221,U10,MAD_M6C12,16.245440854288915,4.000033014520942,WPG,CPG,0.11255079382609613,0.36637899637164734,0.20004432266414698,-1.5215812934803628,3,-4.201752502037287,1000.0,2.1,37.6
0.23271535627935094,0.3499901410857856,U10,MAD_M6C12,16.24564795592839,4.000051040376777,WPG,CPG,0.1125445293084367,0.3663840550878088,0.2000452766497681,-1.5216257112793408,3,-4.201692083096999,1000.0,2.1,37.6
0.23269881017822414,0.3499889672137796,U10,MAD_M6C12,16.245726306117973,4.000021576837669,WPG,CPG,0.11258645716654948,0.3663684101103724,0.20004354697612373,-1.5214499157683998,6,-4.20181285577447,1000.0,2.1,37.6
0.23269613383290394,0.3499893360321057,U10,MAD_M6C12,16.24569829646157,4.000015827354836,WPG,CPG,0.11259173502403758,0.3663637275111347,0.20004158236124736,-1.5214108221370584,2,-4.201839859854992,1000.0,2.1,37.6
0.232691463260401,0.3499890699554455,U10,MAD_M6C12,16.245665428776952,4.000017672031755,WPG,CPG,0.11259742029044201,0.36636467251381866,0.20004111200736133,-1.5214495822175005,5,-4.201796822431529,1000.0,2.1,37.6
0.23269006279149418,0.34998877019570435,U10,MAD_M6C12,16.245841888066455,4.0000166375663175,WPG,CPG,0.1125950612302803,0.36636125170980527,0.20004347275473117,-1.5213660838185805,4,-4.201864371483728,1000.0,2.1,37.6
0.23270330263324354,0.3499891813374123,U10,MAD_M6C12,16.24573824349071,4.000020044560148,WPG,CPG,0.11255700369960416,0.36637509995413675,0.20004454314833922,-1.5215414184604144,6,-4.201808855988254,1000.0,2.1,37.6
0.23270755033137702,0.3499888442212168,U10,MAD_M6C12,16.245661579447948,4.00002032426409,WPG,CPG,0.11256063691651293,0.3663741339519635,0.20004432846076897,-1.5215077985217536,2,-4.201848400007648,1000.0,2.1,37.6
0.23269996390867204,0.34998849872618676,U10,MAD_M6C12,16.24575656529579,4.000015444905547,WPG,CPG,0.1125688371764638,0.366366660792349,0.2000427548213116,-1.52143339128296,0,-4.20187246055249,1000.0,2.1,37.6
0.23272510476031516,0.3499887169217486,U10,MAD_M6C12,16.245664890466383,4.000017324714416,WPG,CPG,0.11253601663262125,0.3663815469283866,0.20004370758917875,-1.5215891836512803,1,-4.201877876733542,1000.0,2.1,37.6
0.2327183206186384,0.34998844866906714,U10,MAD_M6C12,16.24579291851314,4.000018444222165,WPG,CPG,0.11253352400606356,0.3663793423286926,0.2000442115208118,-1.5215781987015446,3,-4.201899660004502,1000.0,2.1,37.6
0.23271064576453138,0.34998828106313085,U10,MAD_M6C12,16.245811578625634,4.000012490202494,WPG,CPG,0.11254544936060236,0.366372743860461,0.20004301442326822,-1.5214905409976756,0,-4.201817526800804,1000.0,2.1,37.6
0.2327172821396697,0.3499881743059329,U10,MAD_M6C12,16.24581826411251,4.000015078421031,WPG,CPG,0.11253281091360152,0.36637660354463275,0.20004461148454947,-1.5215249630482401,4,-4.201920865221767,1000.0,2.1,37.6
0.2327231088267037,0.3499884661652848,U10,MAD_M6C12,16.24576864494054,4.000018431964084,WPG,CPG,0.1125211559616814,0.36638039256632543,0.20004502504586902,-1.5215619226004629,1,-4.201918022466447,1000.0,2.1,37.6
0.23270675935218957,0.34998866325911626,U10,MAD_M6C12,16.245848843185936,4.000015407566237,WPG,CPG,0.11255032720434162,0.3663706565832945,0.20004402938590427,-1.5214650208644918,3,-4.2018854314959775,1000.0,2.1,37.6
0.23272205196759102,0.3499886138580469,U10,MAD_M6C12,16.245741368738486,4.0000131053561825,WPG,CPG,0.11253010200032866,0.36637928516035223,0.20004360964563034,-1.5215734638097826,1,-4.201929463096908,1000.0,2.1,37.6
0.23270743702242347,0.34998902713293845,U10,MAD_M6C12,16.245767587330217,4.000008194591751,WPG,CPG,0.11254861445800635,0.36636995384951837,0.20004259778795794,-1.5214773606696244,4,-4.201921919550561,1000.0,2.1,37.6
0.23272369754527839,0.34998785445837477,U10,MAD_M6C12,16.24582188868881,4.00001093882302,WPG,CPG,0.11252417019283563,0.36637929134472136,0.20004439538487828,-1.5215554962534434,2,-4.201943982559127,1000.0,2.1,37.6
0.2327198541848054,0.34998857975044956,U10,MAD_M6C12,16.245770400086226,4.000010969557288,WPG,CPG,0.11253583696882426,0.3663771734362501,0.20004319839468251,-1.5215467551033441,2,-4.201903509673301,1000.0,2.1,37.6
0.23271936053802547,0.3499887998674837,U10,MAD_M6C12,16.24579655299923,4.000013928024338,WPG,CPG,0.11253637945290366,0.3663762599020898,0.2000436087149467,-1.5215293804818062,2,-4.201922867550628,1000.0,2.1,37.6
0.23272281712057874,0.34998875657591033,U10,MAD_M6C12,16.245759822734783,4.000007566792384,WPG,CPG,0.11252478140791575,0.366376856130354,0.2000424201947799,-1.5215483001187933,4,-4.201948179840702,1000.0,2.1,37.6
0.2327134028005115,0.3499886566180761,U10,MAD_M6C12,16.245884754800663,4.000004812076488,WPG,CPG,0.1125414358365996,0.36637007857407344,0.2000418034125478,-1.521474262484452,4,-4.2019289290571304,1000.0,2.1,37.6
0.23271325472670748,0.34998858974108726,U10,MAD_M6C12,16.245890016611085,4.000013220333667,WPG,CPG,0.11253952384682475,0.3663718915887937,0.20004381962205361,-1.5214701010885285,7,-4.201913321261625,1000.0,2.1,37.6
0.23272417351784733,0.3499889648606559,U10,MAD_M6C12,16.245843646382262,4.000008620035538,WPG,CPG,0.11252646694596395,0.3663749524083124,0.2000431453908751,-1.5215085775334056,6,-4.202009500401376,1000.0,2.1,37.6
0.2327226945070548,0.3499885239663515,U10,MAD_M6C12,16.245854334468522,4.000007026528915,WPG,CPG,0.11252995739580993,0.3663761527528319,0.20004306387054996,-1.521534385309699,1,-4.201977349754278,1000.0,2.1,37.6
0.23272378717677789,0.34998880656699727,U10,MAD_M6C12,16.245784331120927,4.000010003112119,WPG,CPG,0.11251991701202758,0.366378995233936,0.2000439158751178,-1.5215602315055192,6,-4.201951072113394,1000.0,2.1,37.6
0.23272077471862057,0.3499886104510405,U10,MAD_M6C12,16.245757395821748,4.000007320711427,WPG,CPG,0.11252465048708872,0.36637469279303647,0.20004354348961007,-1.521496336207442,7,-4.201969779696688,1000.0,2.1,37.6
0.23270399982806403,0.3499889920646392,U10,MAD_M6C12,16.24593785732999,4.0000047784729365,WPG,CPG,0.11255505711512027,0.3663641884219394,0.20004257334491352,-1.5213990478386372,3,-4.201967386673015,1000.0,2.1,37.6
0.23270822843905856,0.34998924160946276,U10,MAD_M6C12,16.245855721943684,4.000009584138786,WPG,CPG,0.11254613912532485,0.3663679047754019,0.20004286073048239,-1.521443610077052,2,-4.201971613508281,1000.0,2.1,37.6
0.23271411219100646,0.3499890034111254,U10,MAD_M6C12,16.24586079846597,4.000007364827729,WPG,CPG,0.11252401641639308,0.36636996045087894,0.20004287307746196,-1.5214594269386765,7,-4.20200163287303,1000.0,2.1,37.6
0.2327126315690371,0.34998852681769244,U10,MAD_M6C12,16.24594840387695,4.000002333896427,WPG,CPG,0.11253473348927713,0.3663669168176051,0.2000424878728798,-1.521416279288329,4,-4.201992264055354,1000.0,2.1,37.6
0.23270891596700005,0.3499892202981972,U10,MAD_M6C12,16.245884598322682,4.000002997882916,WPG,CPG,0.11253272698792006,0.3663653953580916,0.20004257281197185,-1.5213995237079045,1,-4.201992885275107,1000.0,2.1,37.6
0.2327141866687235,0.3499884368967396,U10,MAD_M6C12,16.245839982028286,4.000005476861075,WPG,CPG,0.11253810589319939,0.36636900488807134,0.20004296854921463,-1.5214354702531203,6,-4.2019971012803605,1000.0,2.1,37.6
0.23271109763211767,0.3499889869698134,U10,MAD_M6C12,16.245860426130562,4.000006315890647,WPG,CPG,0.11252854126514057,0.3663681488997515,0.20004320234948686,-1.521428407757998,2,-4.201986441969773,1000.0,2.1,37.6
0.2327164029548136,0.3499888529466065,U10,MAD_M6C12,16.245934882162437,4.000005117501437,WPG,CPG,0.11251573935854699,0.36637109063502693,0.2000433750231192,-1.5214661094447814,0,-4.20200549672677,1000.0,2.1,37.6
0.2327162265037313,0.34998880035638735,U10,MAD_M6C12,16.245860510438895,4.000008166910798,WPG,CPG,0.11252543941032993,0.36637059136749167,0.20004327041527062,-1.521453046059936,6,-4.201995624704336,1000.0,2.1,37.6
0.23272431677939937,0.3499884541468875,U10,MAD_M6C12,16.245871087737875,4.000010610275541,WPG,CPG,0.11250483605906908,0.3663757130176228,0.2000438213809921,-1.521511155117344,2,-4.202030603101518,1000.0,2.1,37.6
0.2327159314195099,0.34998854192438844,U10,MAD_M6C12,16.245886825283627,4.000009775885967,WPG,CPG,0.11251277785067217,0.36637117120525553,0.20004377269982826,-1.5214518997947044,5,-4.201976397287057,1000.0,2.1,37.6
0.23271389079581903,0.34998900873155087,U10,MAD_M6C12,16.245958897838698,4.000007845749252,WPG,CPG,0.11251079422951374,0.3663721956437563,0.20004340867989323,-1.5214974934195047,1,-4.2019877451104986,1000.0,2.1,37.6
0.23271182143859004,0.34998963781989234,U10,MAD_M6C12,16.24580897034531,4.000005919253736,WPG,CPG,0.1125028101209968,0.3663705179968253,0.20004255610752025,-1.521482721438418,2,-4.201999166976957,1000.0,2.1,37.6
0.23271385770661718,0.349988357404154,U10,MAD_M6C12,16.245826306285352,4.0000067024655666,WPG,CPG,0.11252529211559943,0.3663666424044994,0.20004142769846864,-1.521422826989098,1,-4.202035061436504,1000.0,2.1,37.6
0.23271966286422907,0.34998853726276424,U10,MAD_M6C12,16.245805156656672,4.000011564089257,WPG,CPG,0.1125361638884172,0.3663706356379475,0.2000415295080785,-1.521467332507585,5,-4.201993875625149,1000.0,2.1,37.6
0.23270589438801442,0.34998844452130373,U10,MAD_M6C12,16.245791086801848,4.000005212389108,WPG,CPG,0.1125326008066998,0.3663622082777931,0.20004067429851013,-1.5213809897881005,3,-4.2020204534501975,1000.0,2.1,37.6
0.23271050456246908,0.3499883567207284,U10,MAD_M6C12,16.24578344341969,4.000004467465997,WPG,CPG,0.11252673478748434,0.3663640319630367,0.20004022244121628,-1.5213969310341113,7,-4.201987422412456,1000.0,2.1,37.6
0.23270236056331797,0.3499877195348599,U10,MAD_M6C12,16.24592217082595,4.000002123812492,WPG,CPG,0.11253681274012999,0.36635431074730923,0.20003973409252876,-1.5212765669460653,5,-4.202090967858716,1000.0,2.1,37.6
0.23269543611504526,0.34998826324375554,U10,MAD_M6C12,16.245958166752473,4.000003871758675,WPG,CPG,0.11253384476816687,0.36635417390400316,0.2000408239817486,-1.5212799952507492,6,-4.202041017323307,1000.0,2.1,37.6
0.23270539299276072,0.3499879744180092,U10,MAD_M6C12,16.24595902704319,4.000001832778565,WPG,CPG,0.1125363309211266,0.366357741740449,0.2000394504902219,-1.5213344061827745,1,-4.202059633085822,1000.0,2.1,37.6
0.23269749701622763,0.34998739820890623,U10,MAD_M6C12,16.24597535621141,4.000006874090961,WPG,CPG,0.1125261136638436,0.366355992869793,0.2000415318183678,-1.5212931669047036,4,-4.202056754099441,1000.0,2.1,37.6
0.2326945100453175,0.34998755454528624,U10,MAD_M6C12,16.246162934228412,4.000004317141984,WPG,CPG,0.1125288090227566,0.36635376365786954,0.20004198317682664,-1.5212665537839283,6,-4.202051065915962,1000.0,2.1,37.6
0.23269375908616247,0.3499869633381008,U10,MAD_M6C12,16.246209835695222,4.000005515023887,WPG,CPG,0.11254925891638669,0.3663513116878211,0.20004198628576003,-1.5212271486341844,3,-4.202065314859622,1000.0,2.1,37.6
0.2327221816556249,0.3499860611127259,U10,MAD_M6C12,16.246096498103245,4.000007196441123,WPG,CPG,0.11247999532879363,0.3663684646981644,0.20004188294402211,-1.5214204902884796,5,-4.202062259716039,1000.0,2.1,37.6
0.23271068332112932,0.34998621447981165,U10,MAD_M6C12,16.246080544379204,4.00000414377782,WPG,CPG,0.11250811743269838,0.3663605680489154,0.2000414726037959,-1.5213324174284537,1,-4.2020949477678275,1000.0,2.1,37.6
0.23271412881308917,0.3499865673002841,U10,MAD_M6C12,16.246164970956535,4.0000077149693745,WPG,CPG,0.11250324771237942,0.3663625319963886,0.20004339406395652,-1.5213349054208598,3,-4.202141054842752,1000.0,2.1,37.6
0.23271668042030236,0.349987823765106,U10,MAD_M6C12,16.245913093418977,4.000011844737425,WPG,CPG,0.11249331992541226,0.36636771592889933,0.2000439219696601,-1.5213801746030202,2,-4.202017351105209,1000.0,2.1,37.6
0.23271650472087899,0.34998817153280415,U10,MAD_M6C12,16.245823384707357,4.000008331496559,WPG,CPG,0.11249996686398908,0.36636646630863995,0.20004364582653084,-1.5213699595007066,0,-4.202084557812659,1000.0,2.1,37.6
0.23271449700679198,0.34998713109860646,U10,MAD_M6C12,16.245878521643125,4.000005529139256,WPG,CPG,0.1124777912144975,0.36636710472373596,0.20004383229191966,-1.5213856177695575,6,-4.202088189036838,1000.0,2.1,37.6
0.23271145550812053,0.34998673128793056,U10,MAD_M6C12,16.245959561275406,4.000002484431557,WPG,CPG,0.11249407933394971,0.36636024508965354,0.20004127253353027,-1.5213185660101576,2,-4.202098315274936,1000.0,2.1,37.6
0.2327082915604103,0.34998603227109903,U10,MAD_M6C12,16.246012722158284,4.0000000738836805,WPG,CPG,0.1124918846804008,0.36635585569209755,0.20004041175369794,-1.5212663074820267,0,-4.202121884970717,1000.0,2.1,37.6
0.23270886833894805,0.3499862396804252,U10,MAD_M6C12,16.24611720845312,4.000001474468654,WPG,CPG,0.1124943912823064,0.3663574265435576,0.20004280906135266,-1.5212649547316077,2,-4.202157442055286,1000.0,2.1,37.6
0.2327368879110234,0.34998592561907504,U10,MAD_M6C12,16.24590242813122,4.000006245377219,WPG,CPG,0.11244336587233253,0.3663761438913169,0.20004370547198433,-1.5214739994514612,4,-4.2021722034195506,1000.0,2.1,37.6
0.23274703408993114,0.34998553808765775,U10,MAD_M6C12,16.24587993209742,4.000001490938092,WPG,CPG,0.11242443875401453,0.36637804625020237,0.2000419381908104,-1.5214909274559918,0,-4.202160890818174,1000.0,2.1,37.6
0.23274495563035866,0.34998524831994743,U10,MAD_M6C12,16.245944212387307,4.000000729205573,WPG,CPG,0.11243708187795957,0.3663771375865001,0.20004130451156452,-1.5214993954736402,3,-4.202161488635523,1000.0,2.1,37.6
0.23272879955685608,0.34998531878738093,U10,MAD_M6C12,16.246176850221172,4.000002062286104,WPG,CPG,0.11246831414374811,0.3663668979510872,0.20004251235918427,-1.5213716513281623,1,-4.202190100331995,1000.0,2.1,37.6
0.23274873245257674,0.3499861472682312,U10,MAD_M6C12,16.246191103829226,4.000007568316513,WPG,CPG,0.11243054252489125,0.36637952043010225,0.2000445608693059,-1.5215027975709015,1,-4.2022396210191335,1000.0,2.1,37.6
0.23273980545937134,0.34998671316842184,U10,MAD_M6C12,16.24616981051105,4.000005267914353,WPG,CPG,0.11244066700693608,0.36637722847856397,0.20004548331243077,-1.5214772848374305,0,-4.202210868096076,1000.0,2.1,37.6
0.2327546497158495,0.34998617544897515,U10,MAD_M6C12,16.24600341338526,4.00000148621092,WPG,CPG,0.11242884072237955,0.36638235918499235,0.20004401694663115,-1.5215231076305304,6,-4.202204751772149,1000.0,2.1,37.6
0.23275079106615862,0.3499865239804563,U10,MAD_M6C12,16.245805068883122,4.000004288736285,WPG,CPG,0.11242327364935789,0.36637778781512836,0.20004324463918874,-1.5214524144612465,4,-4.202213699692795,1000.0,2.1,37.6
0.23276660141116987,0.34998602409058327,U10,MAD_M6C12,16.245923865440282,4.000004595068189,WPG,CPG,0.11240750357467398,0.366384126128162,0.20004247250403018,-1.5215325916015057,2,-4.202251923441775,1000.0,2.1,37.6
0.2327380946224999,0.3499855331339119,U10,MAD_M6C12,16.246183514106217,4.000003364400289,WPG,CPG,0.11247085492688089,0.3663681084367816,0.20004277997652975,-1.5213563334116222,7,-4.202224862905833,1000.0,2.1,37.6
0.23271577344205605,0.34998603475849255,U10,MAD_M6C12,16.246203196782986,4.000000112248789,WPG,CPG,0.1125229415189306,0.3663476186731476,0.20003937685149176,-1.5211367342602262,7,-4.202297068538929,1000.0,2.1,37.6
0.23274035631565876,0.3499860496111318,U10,MAD_M6C12,16.246280163833394,4.000003954693386,WPG,CPG,0.11245981677404253,0.3663682052598272,0.2000427149073804,-1.5213708639190695,1,-4.202301878784381,1000.0,2.1,37.6
0.23273060234375453,0.34998591288721564,U10,MAD_M6C12,16.246376084062923,4.000000275319657,WPG,CPG,0.11249434754105894,0.366356892023171,0.2000415763567505,-1.5212260284229888,1,-4.202327288552828,1000.0,2.1,37.6
0.23271101789979232,0.3499850284493252,U10,MAD_M6C12,16.246426013644026,4.000000453150856,WPG,CPG,0.11253223787753339,0.3663443923344616,0.20003934111202715,-1.521109829239471,6,-4.20231113430602,1000.0,2.1,37.6
0.2327141493189645,0.34998474636581284,U10,MAD_M6C12,16.246457064941403,4.000000012345391,WPG,CPG,0.11250942181961752,0.3663439907153798,0.20003901723274484,-1.5211018759466832,5,-4.202367298183166,1000.0,2.1,37.6
0.23273897026702822,0.3499859123381288,U10,MAD_M6C12,16.24626245943979,4.000000493492459,WPG,CPG,0.11244447781476877,0.36636369830300175,0.2000398657657352,-1.5213413709472472,6,-4.202326283811278,1000.0,2.1,37.6
0.23274543203460543,0.34998666101702314,U10,MAD_M6C12,16.246088922955103,4.000000213502938,WPG,CPG,0.11244046201775054,0.3663629422312693,0.20003926613301265,-1.521302410208603,0,-4.202347957968495,1000.0,2.1,37.6
0.23275289576920116,0.349985884924698,U10,MAD_M6C12,16.24621840459043,4.00000054520622,WPG,CPG,0.11242844091683615,0.36636615693629715,0.2000399881608399,-1.5213327453007683,1,-4.202399632894647,1000.0,2.1,37.6
0.2327285552320335,0.34998499777665165,U10,MAD_M6C12,16.246524290603993,4.000000649365624,WPG,CPG,0.11250182414377909,0.3663467659867252,0.20003652552755447,-1.5211469927504044,7,-4.202388756122051,1000.0,2.1,37.6
0.23272059624961736,0.3499847925214045,U10,MAD_M6C12,16.24645005841351,4.000007023346112,WPG,CPG,0.11249752412768398,0.3663437959677953,0.20003615692003499,-1.5211217363687142,4,-4.202374121236144,1000.0,2.1,37.6
0.23271840376119624,0.34998650084801364,U10,MAD_M6C12,16.246311276442672,4.00000953122535,WPG,CPG,0.11250761365319598,0.3663383653475782,0.20003405059809704,-1.5210635989652173,5,-4.202385069623167,1000.0,2.1,37.6
0.23273445436566598,0.34998676700789166,U10,MAD_M6C12,16.246244728595954,4.000000249073904,WPG,CPG,0.1124487545807053,0.3663503497070003,0.20003707343208427,-1.521173298613871,7,-4.202449368552854,1000.0,2.1,37.6
0.23271474760836017,0.3499859230318674,U10,MAD_M6C12,16.24670390517121,4.0000063457017125,WPG,CPG,0.11250407532744533,0.36633040954875795,0.20003437072355829,-1.520955468283892,7,-4.202472122545833,1000.0,2.1,37.6
0.23272250469054534,0.34998688062377076,U10,MAD_M6C12,16.246483324522995,4.000001708287009,WPG,CPG,0.11248380226276,0.36633436644745604,0.20003446860508542,-1.5209873279679407,3,-4.202494496624228,1000.0,2.1,37.6
0.2327120179532778,0.34998646621232077,U10,MAD_M6C12,16.24683610515421,4.000003652890957,WPG,CPG,0.11249083219419145,0.3663254859311022,0.20003477465941868,-1.520883455235703,0,-4.202537432698973,1000.0,2.1,37.6
0.23271984049097608,0.3499872945754994,U10,MAD_M6C12,16.24677397806535,4.000001079490594,WPG,CPG,0.1124696060639587,0.36632723698640546,0.20003667043057077,-1.5208595298787735,3,-4.202625777761909,1000.0,2.1,37.6
0.23271633024223864,0.34998772542082457,U10,MAD_M6C12,16.246909954897056,4.000005847294603,WPG,CPG,0.11247930333690204,0.3663222876453819,0.2000354653386364,-1.5208131145150852,1,-4.20263313118229,1000.0,2.1,37.6
0.2327014747964748,0.3499889820181711,U10,MAD_M6C12,16.246905308250174,4.00000105521668,WPG,CPG,0.11247201861264038,0.3663227725911725,0.2000375657700488,-1.520850040825942,0,-4.202605455260951,1000.0,2.1,37.6
0.2326668061796639,0.34998804177200304,U10,MAD_M6C12,16.24741349431371,4.000007658675562,WPG,CPG,0.1125645319932408,0.36629564918758123,0.20003560165399575,-1.5205555820569783,5,-4.202650753083569,1000.0,2.1,37.6
0.2326992117588429,0.34998629651818125,U10,MAD_M6C12,16.24737949870313,4.000004815102408,WPG,CPG,0.11248013759358991,0.366310341610818,0.2000372337675082,-1.5206687347014747,3,-4.202755675603431,1000.0,2.1,37.6
0.23269563703368493,0.3499887634574954,U10,MAD_M6C12,16.24740598959607,4.000000303249036,WPG,CPG,0.11246250037184993,0.36631317846529643,0.2000380346364635,-1.5207347813829002,0,-4.202747391251563,1000.0,2.1,37.6
0.23267021823391015,0.3499900084608594,U10,MAD_M6C12,16.247683715246197,4.000008925358263,WPG,CPG,0.11253566072952587,0.3662920008797645,0.20003390031149004,-1.5205366668749036,1,-4.202730969146778,1000.0,2.1,37.6
0.2326611311896661,0.3499890366796225,U10,MAD_M6C12,16.247727931872845,4.000008809781715,WPG,CPG,0.11252492253647674,0.36628423257091214,0.20003356486774193,-1.520419826996939,3,-4.202694526896346,1000.0,2.1,37.6
0.23264275473483637,0.34998879149945894,U10,MAD_M6C12,16.24798856610232,4.000003675950525,WPG,CPG,0.11254927054491598,0.3662708594730377,0.2000323488315439,-1.5203049190419673,3,-4.202828325486811,1000.0,2.1,37.6
0.23266868578650474,0.3499877196640666,U10,MAD_M6C12,16.247976052656973,4.000015154447032,WPG,CPG,0.11258674509397211,0.3662840810363245,0.20003036145609693,-1.520479961942362,6,-4.2027850842100865,1000.0,2.1,37.6
0.23261933266174634,0.3499895571682626,U10,MAD_M6C12,16.247934824808848,4.000014138493122,WPG,CPG,0.1125430428107058,0.3662684890487942,0.20003063307622201,-1.5203512881997352,7,-4.202588892161543,1000.0,2.1,37.6
0.23269041656124,0.3499881924362514,U10,MAD_M6C12,16.24774150331492,4.000000261741842,WPG,CPG,0.11246131092200898,0.36629658049027214,0.2000326192510497,-1.5205816722736225,5,-4.202920341285022,1000.0,2.1,37.6
0.23264451685072554,0.3499894042167319,U10,MAD_M6C12,16.248097409822282,4.00001288748408,WPG,CPG,0.11251750437941996,0.3662639808942184,0.20003023557901348,-1.5202262382722354,6,-4.202943596297805,1000.0,2.1,37.6
0.2326125939543001,0.34998957432421807,U10,MAD_M6C12,16.248464664868965,4.000038634354421,WPG,CPG,0.11255384281068907,0.36623691112619383,0.20002774774839685,-1.5199228824586621,1,-4.203017912026787,1000.0,2.1,37.6
0.2326571278355451,0.34998782708385756,U10,MAD_M6C12,16.247928422651125,4.000032875026846,WPG,CPG,0.11255774894642552,0.3662681519304051,0.20002757816869177,-1.5202868923511108,7,-4.202929533771181,1000.0,2.1,37.6
0.2326271255165276,0.3499887044680423,U10,MAD_M6C12,16.2486335691001,4.000024618325635,WPG,CPG,0.11257895039955426,0.36624540727877336,0.20002704971786098,-1.5200337988143686,7,-4.202927233988712,1000.0,2.1,37.6
0.23270139847053858,0.34998852811896763,U10,MAD_M6C12,16.247721252278218,4.000005000282394,WPG,CPG,0.11243906304154115,0.36629786535532527,0.2000300490799024,-1.5206143178112612,2,-4.202983580211695,1000.0,2.1,37.6
0.23265963053822916,0.34998757189619706,U10,MAD_M6C12,16.2484579318577,4.000007664375321,WPG,CPG,0.1124999322390009,0.3662772161351121,0.20003094416372041,-1.520416292140265,4,-4.202905200613847,1000.0,2.1,37.6
0.23264533111946176,0.3499884578851117,U10,MAD_M6C12,16.248199588373232,4.000013745509469,WPG,CPG,0.11248808738493475,0.36626633287729315,0.2000266836313807,-1.5203378455585173,3,-4.202953787575824,1000.0,2.1,37.6
0.2326813881762595,0.34998829643469775,U10,MAD_M6C12,16.248009546274872,4.0000038349692915,WPG,CPG,0.11245280422971025,0.3662843217521051,0.20002972901221192,-1.520454456390095,6,-4.20294473881785,1000.0,2.1,37.6
0.23268796556698662,0.34998731584027604,U10,MAD_M6C12,16.248345347225264,4.0000198420900706,WPG,CPG,0.11246294821451938,0.3662884874217355,0.20002827621297734,-1.520546016920379,4,-4.2028928728827495,1000.0,2.1,37.6
0.23264045589231683,0.34998742481250245,U10,MAD_M6C12,16.248794083552596,4.0000436327385875,WPG,CPG,0.1125730150994566,0.36625036040009784,0.20002521685855978,-1.520139545256316,4,-4.203076195220225,1000.0,2.1,37.6
0.23265524988231298,0.3499870606860352,U10,MAD_M6C12,16.24895003936372,4.00004620974986,WPG,CPG,0.11255196514477135,0.36626362696149106,0.20002814695352514,-1.5202805803270285,3,-4.2030348445630565,1000.0,2.1,37.6
0.23264104626317345,0.3499859749493951,U10,MAD_M6C12,16.249449892466387,4.000041876200889,WPG,CPG,0.11254486598133046,0.3662543011046175,0.20002923392112237,-1.520185537813702,2,-4.203130023055383,1000.0,2.1,37.6
0.23267526877022315,0.34998660515112556,U10,MAD_M6C12,16.248947735788143,4.000035147120665,WPG,CPG,0.11249577334609243,0.36628159746386596,0.20003161361076274,-1.5204697619669576,7,-4.203015948158477,1000.0,2.1,37.6
0.2326482455590239,0.34998754790573106,U10,MAD_M6C12,16.249419156954936,4.000034606203228,WPG,CPG,0.11249279515135246,0.3662595250342023,0.2000302777226862,-1.5202326425926305,4,-4.203120440519125,1000.0,2.1,37.6
0.2326440158579418,0.3499878692926646,U10,MAD_M6C12,16.249801191123822,4.0000256827403575,WPG,CPG,0.11247757604527381,0.3662575136402282,0.20003461920541096,-1.520155984408885,2,-4.203124102932421,1000.0,2.1,37.6
0.23264426845052447,0.349988017874858,U10,MAD_M6C12,16.24988351674682,4.000027663773506,WPG,CPG,0.11251632545473565,0.36625869595703753,0.20003050017284615,-1.5202780905706301,4,-4.203177499247163,1000.0,2.1,37.6
0.23266479412574115,0.3499885228710296,U10,MAD_M6C12,16.249440742346486,4.000009563558824,WPG,CPG,0.11246684677517697,0.36626799843198005,0.20003200055559903,-1.5203038610769457,1,-4.203164866518474,1000.0,2.1,37.6
0.23265711260760485,0.34998866072689416,U10,MAD_M6C12,16.249376498749534,4.000025975121557,WPG,CPG,0.11243844790916563,0.36626532045401783,0.20002973340882768,-1.5203171748107704,4,-4.2031461601254385,1000.0,2.1,37.6
0.23267515956796014,0.3499890368606229,U10,MAD_M6C12,16.24921877315536,4.000004912804187,WPG,CPG,0.11249280522579833,0.3662780378864968,0.2000326628926548,-1.5204133478573323,1,-4.203048973926922,1000.0,2.1,37.6
0.23261970963033973,0.3499894589382572,U10,MAD_M6C12,16.249929162665612,4.000019838457039,WPG,CPG,0.1125889400579153,0.3662368551653597,0.2000313662647484,-1.5199576335060376,3,-4.203186180936738,1000.0,2.1,37.6
0.23261409471212796,0.349990004616029,U10,MAD_M6C12,16.249611690723842,4.000018903805232,WPG,CPG,0.11259267179797279,0.3662367817500237,0.20002743640240667,-1.5200198302197219,6,-4.20309428037802,1000.0,2.1,37.6
0.23265705686811872,0.3499893021579505,U10,MAD_M6C12,16.249460273428454,4.000006113598742,WPG,CPG,0.11249790266965742,0.36627345284263985,0.20003472591148447,-1.5203847064111609,4,-4.203051214338258,1000.0,2.1,37.6
0.23264999826210891,0.349989320334296,U10,MAD_M6C12,16.249814023572277,4.000031720035023,WPG,CPG,0.11252181905822145,0.3662593843716744,0.2000299932413883,-1.5202624238659395,5,-4.203103690072435,1000.0,2.1,37.6
0.23266041886819003,0.3499870290547845,U10,MAD_M6C12,16.249715280160416,4.000020696449494,WPG,CPG,0.11254545275817758,0.36625883907534507,0.20002705274315957,-1.5202599007779887,2,-4.203176903738811,1000.0,2.1,37.6
Time taken (seconds)
2026-05-31 03:56:35
