thigh_length,calf_length,motor_left_name,motor_right_name,gear_left_ratio,gear_right_ratio,gearbox_left,gearbox_right,torso_distance,ik_height,ori_l,ori_theta,best_index,best_cost,ac1,ac2,ac3
0.25882454973770086,0.24338257151051917,U12,MN8014,10.393978896498862,9.30724910923985,CPG,CPG,0.12430789885319597,0.342437148848744,0.4612513725002639,0.497160665870624,0,0.14559234653547662,436.7,4.8,28.6
0.2400247597235342,0.2384683704873432,U12,MN8014,9.3676930843685,7.318880678973156,CPG,SSPG,0.1320861064353181,0.3775261900998252,0.290992720694567,-0.2328720734517098,0,1000000.0,488.7,3.9,33.9
0.2621370721034713,0.24717805674696486,U10,MN8014,6.541268976649997,8.018122297829455,CPG,CPG,0.1194685317021096,0.3733158229240089,0.20666627159850556,-0.6023035527754697,0,0.5860497384698915,569.4,4.9,26.4
0.231651392429925,0.25705473826832,U10,MN8014,6.899288937997018,8.111010486981455,CPG,CPG,0.12068700975159868,0.37992091160615205,0.20094452000599033,-0.6260329987695102,2,0.07205467555846479,551.6,3.4,35.3
0.2325592376191487,0.2711929218070145,U10,MN8014,9.662368315003135,8.843479767403837,CPG,CPG,0.12311713883710464,0.43263377586646967,0.20567192170351842,-0.3247255607657695,2,1.2102460105334174,505.7,2.9,34.2
0.23742772291095898,0.2711525536162953,U10,MN8014,8.94712938608728,6.351626782240601,CPG,CPG,0.11302179632171847,0.42991243797840306,0.2459857973187717,-0.5985567552978182,1,0.057854977796100826,458.8,1.1,32.6
0.2324549579417215,0.2936613988669185,U10,MN8014,6.87247461626466,6.637319038053928,CPG,CPG,0.13009815923456997,0.389676165150217,0.25970700828441906,-0.6435896821450041,6,0.14967690511789478,515.1,2.2,32.6
0.2317069168313323,0.30787770358478617,U8,MN8014,6.19773496734304,7.411199139913585,CPG,CPG,0.11737517547332622,0.37972034369330776,0.235213583742221,-0.5258897618148206,0,-0.375425342592691,525.2,2.4,33.6
0.2126530404337074,0.3036363890474172,U8,MN8014,9.169559257555377,6.395889271138612,CPG,CPG,0.1204888088574756,0.3653524688772597,0.2074358961862557,-0.7761894675582668,6,-0.5923921506087293,592.5,1.5,32.1
0.19880764068545667,0.32171093914485427,U12,MN8014,13.71059712761965,6.4608654697830925,CPG,CPG,0.10875513335547105,0.3578664008770853,0.20004239323629677,-0.9274514388262216,5,1.0350348786521701,665.4,0.6,32.2
0.23411507833543235,0.29456752174972567,U10,MN8014,16.212873313382808,7.413998564346608,WPG,CPG,0.11363636907123646,0.378526340687901,0.27642304991741407,-1.0101320636133648,4,1.1519976012025075,560.1,0.3,33.2
0.22209985580652916,0.29720583037403303,U10,VT8020,11.042456222906312,7.455002635282959,CPG,CPG,0.10882424824364431,0.37563900151104074,0.20994898541015136,-0.4877364931360979,7,0.3176584202186836,542.5,0.1,38.3
0.23612542728780045,0.33081632031813235,U8,VT8020,14.848060596576849,6.825518722935945,CPG,CPG,0.12714295365660683,0.3739956464946117,0.22383395437513662,-0.5745830571317125,3,0.4485315687788489,589.4,0.3,30.0
0.22276552665250335,0.3389674879983486,U8,MN8014,13.140570519879205,7.161060780136259,CPG,SSPG,0.12347856201128533,0.35788645742533104,0.2780540539354695,-1.005241708040514,0,0.9881815861491658,601.6,1.4,37.7
0.24161570152361,0.33372897795039325,U8,MN8014,12.907635426470053,5.732648383096266,CPG,SSPG,0.12015197403559917,0.3655638180716078,0.20316288522476406,-0.7889452378641256,3,-0.8590447103274288,596.4,0.6,39.4
0.22797975747287616,0.29863444873394596,U8,MN8014,13.257465471567286,4.761594822079361,CPG,SSPG,0.11972764229228537,0.3920803207639937,0.2404730882813051,-0.5454930854993825,1,-0.5237274430111718,589.5,0.5,36.6
0.23607149254057103,0.30316190074706884,U10,U12,10.944702456673523,7.891516870066432,CPG,CPG,0.12931266569030114,0.3798418116637634,0.5661363740781815,-0.21617913581086867,6,0.44796901388351795,639.8,1.9,38.5
0.21634292953375822,0.34144431191169455,U8,U12,9.720335159670348,9.146560761128633,CPG,CPG,0.13439762656977278,0.39831937431205683,0.5478985727772847,-0.04778273669699229,2,-0.10541373032190965,557.3,0.4,35.4
0.24004345514667147,0.3020139239887297,U8,MN8014,11.63197881146817,5.817393936542561,CPG,SSPG,0.13778222119250824,0.3982901977212301,0.3220734980648692,-0.9877024612183242,7,0.7735853090346789,558.9,1.1,33.3
0.25850307163176617,0.29556732033214994,U8,MN8014,11.807791286332517,6.58254724984327,CPG,CPG,0.12248001736959323,0.41058699765242523,0.228021504590149,-1.024256499388788,7,0.1060845022198933,483.3,1.2,35.2
0.25921158537219385,0.2965882572693479,U8,MN8014,12.2932612173898,5.679255308913018,CPG,SSPG,0.13663520190429185,0.38101647544216977,0.20048129736421158,-0.9617891319089009,4,-0.1573812342102121,481.2,1.0,32.5
0.2589024440908717,0.2964610988278633,U10,MN8014,13.156489313323167,6.541980028001522,CPG,CPG,0.12935249168491209,0.3951956942795666,0.214471143270614,-0.9956518718824127,2,0.38558829605544176,483.5,0.9,31.1
0.25391694641168006,0.3022546840957219,U8,MN8014,13.667810093619238,6.273444513571183,CPG,SSPG,0.1251110080599552,0.39657730758756793,0.2136774048194961,-0.5959481083791105,6,-0.3880080702761246,467.0,2.4,30.8
0.25469663404974197,0.3034193257072899,U8,MN8014,13.25778536860555,7.064451780388879,CPG,CPG,0.12398996688631353,0.372229964210232,0.23975099581425413,-0.44350198709952626,5,-0.06207779952577219,568.8,2.7,29.6
0.25464040006217414,0.28545500605722174,U8,MN8014,13.98989154704309,7.523219523819346,CPG,CPG,0.12596833190025608,0.3794176602511122,0.20075069596707518,-0.7869941043631782,3,-0.3381814215579215,500.4,2.0,28.8
0.23199784259242454,0.29004577356517214,U8,MN8014,11.157385292647222,7.192468279483846,CPG,SSPG,0.12283027834432378,0.395628448448749,0.2369097020249188,-0.741592760277054,2,-0.45341129423048887,522.4,1.4,35.4
0.2513525509139617,0.31411024244451746,U8,MN8014,11.369634784866427,7.942640033688504,CPG,CPG,0.130225968065871,0.36741304235397887,0.20131639313147348,-0.7408685166146497,7,-0.45224859336937495,536.1,1.6,35.4
0.23561163004920732,0.3158285753800806,U8,MN8014,11.902686803615637,7.546741413193061,CPG,CPG,0.1226176586464977,0.3816727509812391,0.2169035839597754,-0.77143332499903,7,-0.5947285164889848,566.2,1.0,33.1
0.2343410762078977,0.3083438890320993,U8,MN8014,10.750419590316124,8.875344269384513,CPG,CPG,0.12913015665522504,0.38988899976440333,0.22020427899790232,-0.7072614037335642,4,-0.4074181448514649,516.2,1.3,35.5
0.2327788161331635,0.3046581849465552,U8,MN8014,11.972145591884665,6.684248854978532,CPG,CPG,0.12190194670025803,0.36568557345662916,0.20003401003451501,-0.6672314075593987,5,-0.5065582482484858,602.6,1.8,32.0
0.23769474526686568,0.2973690368208016,U8,MN8014,10.83648889241629,7.806699689042999,CPG,CPG,0.11690635256046095,0.366351034371688,0.20767757951443938,-0.8123994592712619,7,-0.44740849254895565,540.7,1.2,31.4
0.24192569776252718,0.30652389683815806,U8,MN8014,10.010162598342681,6.8107559485338225,CPG,CPG,0.11802857001361984,0.3561026654091953,0.2177006505627819,-0.6773449121950917,5,-0.5261795497225705,565.2,0.5,33.5
0.22405483463146372,0.309829750403263,U8,MN8014,10.46746154785934,6.979233148695414,CPG,SSPG,0.12432939269732869,0.366317085290782,0.22755339930442356,-0.5964732954786609,3,-0.6247258409071987,560.6,0.8,29.7
0.20258602760454875,0.3067367555364825,U8,MN8014,9.308780111566376,8.169694011537548,CPG,CPG,0.12425851402307729,0.35283505196208487,0.2243761542898744,-0.6753993649652443,0,-0.5791053031080979,584.6,1.2,32.9
0.2106080980970147,0.30546578054468676,U8,MN8014,8.741812019736429,7.780454248673438,CPG,CPG,0.12013499105118547,0.37448215940127383,0.20211581082924446,-0.7421112022522632,7,-0.5352277203193108,604.5,0.7,33.9
0.21933039000082324,0.30657488736082217,U8,MN8014,8.89873388467388,7.041728631164222,CPG,SSPG,0.12946375592256493,0.36507147192314504,0.21723016913737292,-0.5762283111530256,0,-0.5655953703227272,595.8,0.3,33.5
0.2178011998100884,0.31206003120335873,U8,MN8014,9.04737436438942,7.1349566601406185,CPG,CPG,0.13028681896481092,0.35385572132446486,0.21157112519446375,-0.7636252327806359,0,-0.7660043806164056,672.7,0.1,33.7
0.210272850336234,0.30870665427396327,U8,MN8014,9.302077802523748,6.626283914065409,CPG,CPG,0.1296218377854495,0.36727755791290023,0.2126377051420221,-0.8121610465475787,1,-0.7743503688135895,594.2,0.2,32.4
0.20407735116781184,0.3192886337577987,U8,MN8014,8.782345988088343,7.205484154537581,CPG,SSPG,0.1340653653065494,0.37107125200011115,0.2185612334682373,-0.8469313623533561,5,-0.7376651534344925,661.5,0.0,36.1
0.20623162492785194,0.31682230691503954,U8,MN8014,8.828804124782778,6.087964273166488,CPG,SSPG,0.13047036678170626,0.3883818827592074,0.2143013858444882,-0.8863839833028109,0,-0.7188721424623763,633.1,0.1,35.9
0.20104989684113783,0.3170506708698716,U8,MN8014,9.035051664384433,6.281585040200367,CPG,SSPG,0.13679650196388377,0.3824780528357719,0.20098701043083853,-1.0428929377887217,1,-0.700851214031923,671.2,0.4,37.4
0.209729115899139,0.3168724826515143,U8,MN8014,10.712288567978156,6.005949549592634,CPG,SSPG,0.12617150666136007,0.3808555024828194,0.20033931436688435,-1.0197062837993771,7,-0.8101222348454931,621.0,0.1,34.2
0.1971219954249669,0.32307554737139177,U8,MN8014,8.96545539663477,5.487872098771938,CPG,SSPG,0.12374026477334778,0.37200913482545234,0.2008195046227534,-1.0728478361366438,7,-0.7277189599026048,697.3,0.0,36.2
0.19505315735596698,0.31516445996100306,U8,MN8014,9.006659818582943,5.2526340513006415,CPG,CPG,0.12561667190729475,0.362078770524578,0.20902142365889173,-0.8018978304226949,5,-0.863777571332828,661.8,0.1,35.0
0.19234382667162078,0.3199055423667785,U8,MN8014,8.783093094931079,4.157822363516656,CPG,SSPG,0.13184479627560097,0.38456972683887847,0.23366555440043912,-0.7683052503689419,1,-0.7293159798041788,725.2,0.3,38.4
0.19622073736219267,0.3156127174772815,U8,MN8014,8.913220781791328,4.099279444082976,CPG,SSPG,0.12169662299043348,0.3729668429162428,0.20416446259486884,-0.9206777775445526,7,-0.7692278389432481,708.3,0.2,37.1
0.20555502518714622,0.31008617439156144,U8,MN8014,9.06118978671477,4.26113293443346,CPG,CPG,0.12347395707980725,0.37186857200931256,0.20052400553897623,-0.8859673965416441,0,-0.7511646908682756,631.6,0.4,37.7
0.21350354112889786,0.3300079507225254,U8,MN8014,9.101545591307781,4.194310063713395,CPG,SSPG,0.12269510778991179,0.39474452133349064,0.2299017610025543,-0.9008132233840428,1,-0.7686255775494608,648.6,0.2,38.3
0.22283429754693268,0.3163662343923992,U8,MN8014,10.486210296829327,4.3230079469744895,CPG,CPG,0.12162389559811113,0.3904644592126846,0.202583164400323,-0.9804055024654444,6,-0.7861903106140522,673.7,0.8,39.0
0.22467212485957794,0.3138735356165029,U8,MN8014,10.153189255417606,4.000008735413721,CPG,SSPG,0.11877741723486954,0.3766982250720301,0.2032452203696071,-0.9064422517400214,1,-0.820795697767438,662.6,0.8,37.0
0.21086459457711063,0.3141426830151391,U8,MN8014,8.887299869664119,4.260877876947399,CPG,CPG,0.11651185522513877,0.3809296038264933,0.2001227436662715,-0.8643064544160807,1,-0.7926932760750374,621.1,0.9,36.0
0.22114096582012455,0.31274447546757767,U8,MN8014,9.954675108045159,4.117090824097938,CPG,SSPG,0.10848454592111462,0.3794220630530675,0.2018835987143773,-0.9331718781609055,7,-0.7847720021087721,603.4,0.9,36.8
0.22273134710855688,0.31990385063227417,U8,MN8014,9.573011414714351,4.417072247927936,CPG,SSPG,0.10857419319470354,0.37429822139436686,0.20252260374209546,-0.8957115292356385,6,-0.8411815980094106,639.2,0.4,36.6
0.21268182089196416,0.29741465996641886,U8,MN8014,9.991250154724705,4.937851093000187,CPG,CPG,0.10537503147511873,0.37023668161913115,0.20392908591456077,-0.9180385570421754,1,-0.8138693260394838,617.6,0.6,34.3
0.22305423894152926,0.30819452445774376,U8,MN8014,9.96626754834794,4.229009112454244,CPG,SSPG,0.11341839404864149,0.3709031969382157,0.2021912235992968,-0.9115951316239187,2,-0.8993523505244818,630.0,1.1,34.4
0.21327068775352218,0.30258075013255525,U8,MN8014,9.680410853728443,4.428318289449922,CPG,SSPG,0.11455539502481421,0.3578545583671112,0.20064670275585908,-0.7595060694286005,4,-0.9388950436275127,621.9,0.3,34.5
0.21053592661680745,0.3065942969447217,U8,MN8014,11.205678623766095,4.052184628404143,CPG,SSPG,0.11743311509811451,0.36210937795918524,0.21880092191249342,-0.8368228136051361,0,-0.9443773416278134,696.0,0.2,34.1
0.21813517407256927,0.3044942400547298,U8,MN8014,11.244109890412684,4.18442132882947,CPG,SSPG,0.11278902668522724,0.36439327053112497,0.2000786209729365,-0.891155332636335,0,-1.0097163637616235,658.0,0.6,34.3
0.2131662961106482,0.3010210479572758,U8,MN8014,10.366275200597926,4.170463551126437,CPG,SSPG,0.11012670865753299,0.356813837487425,0.20202514946302863,-0.8497299337991912,5,-0.9495857966170327,632.1,0.6,31.4
0.21267842594008174,0.3037529335250987,U8,MN8014,10.11502585149205,4.000100228010895,CPG,SSPG,0.11057756610011088,0.35266448059250743,0.20301784560016845,-0.8071418824458678,4,-0.965401889029101,664.9,0.4,32.1
0.20832811585010313,0.3040694734917504,U8,MN8014,10.902770411506289,4.49779412053429,CPG,SSPG,0.11370109855494982,0.350478755970235,0.2000037310121566,-0.7947082017717028,2,-0.9838894172700758,643.5,0.6,31.2
0.20440617597368432,0.30230328215696634,U8,MN8014,10.069233602797413,4.445836679896718,CPG,SSPG,0.10858331628439541,0.346375479579529,0.20388161031576768,-0.8155328354062249,0,-1.0272319322022758,653.5,1.1,31.7
0.19895917041481906,0.30694439673963714,U8,MN8014,9.703831290412266,4.534740876151698,CPG,SSPG,0.10083876358245712,0.34596615847727935,0.2037145612756595,-0.8433271734348352,0,-1.0032265333223922,638.8,1.1,30.6
0.19658636892773085,0.3181142849192993,U8,MN8014,10.426226780313192,4.368231764105856,CPG,SSPG,0.10929167710660467,0.3550515370713513,0.2000071907611122,-0.9093444817839175,7,-1.0448524369131373,648.8,1.4,31.6
0.20428666450846455,0.31598389505683017,U8,MN8014,10.107915292853658,4.163462745183021,CPG,SSPG,0.10132130961870288,0.354353083059383,0.20789564905957322,-0.9309641818419837,3,-1.0766248634091165,657.1,1.0,29.5
0.20143744289944815,0.32028290229509937,U8,MN8014,10.877907936693438,4.228537716244311,CPG,SSPG,0.0983274316044077,0.35572505711341207,0.20616903996223973,-0.9484188087757119,7,-1.1076946239656458,684.7,1.0,30.6
0.20804504200282925,0.31339278855501196,U8,MN8014,10.967946436326262,4.5905851386308045,CPG,SSPG,0.09595504170035367,0.3583475445485449,0.20135399443895347,-0.9401081645111313,5,-1.1181563756674304,648.5,0.9,31.2
0.2119548725996812,0.3286804589510247,U8,MN8014,11.472132267490068,4.020893488977438,CPG,SSPG,0.09635408554252473,0.3592220613034785,0.20142549312907057,-1.0026120725498915,2,-1.0395620774610022,659.2,1.4,30.4
0.21025974902288191,0.3247409603454455,U8,MN8014,11.161926042394638,4.00300751815652,CPG,SSPG,0.10084626306394248,0.3637555465981205,0.20178941307974016,-0.9923402302461355,4,-1.0584316556482962,617.8,1.6,30.7
0.2214687963838789,0.3238285182074574,U8,MN8014,11.378256724371438,4.551548742985356,CPG,SSPG,0.09990509987855642,0.35451819174378707,0.20066351777807448,-0.9523598879901631,5,-1.0391061041532552,594.3,0.6,30.3
0.21540108752364262,0.3169804501033019,U8,MN8014,12.039229497432887,4.211230232501856,CPG,SSPG,0.09889380731162176,0.3533560237563752,0.20000635621014998,-0.916985235320079,2,-1.1210344543415056,616.6,1.1,29.1
0.2126891364391509,0.3295451531971783,U8,MN8014,9.860277031855826,4.167725027438167,CPG,SSPG,0.09523080381968388,0.3529112489087174,0.2054463421661695,-0.905816788007058,0,-1.0370312134525,586.3,0.7,28.2
0.2058511003451589,0.3283044223479483,U8,MN8014,10.883397056891924,4.2465394584802105,CPG,SSPG,0.09447150787946183,0.3571051728982797,0.20991163095481635,-0.8833866470427199,0,-1.0347685274137852,593.6,1.1,27.8
0.22143858103824288,0.32489004094869184,U8,MN8014,11.670965355230447,4.414928715159563,CPG,SSPG,0.10016158371454113,0.3621680270422219,0.20000122333571835,-0.9273438262065151,3,-1.0234982363285523,559.5,1.3,29.9
0.21720220279470456,0.33077113786542445,U8,MN8014,11.581269444694613,4.208042176092596,CPG,SSPG,0.09454832283310838,0.36371855192412583,0.2000000089944309,-0.9091145732665993,6,-1.0026244869057583,557.2,1.7,28.9
0.22539119127084944,0.32902096995962793,U8,MN8014,12.030483470735158,4.028492578163809,CPG,SSPG,0.09612012517811305,0.359319965534441,0.20741035745603298,-0.9339868644753406,6,-1.0111994219359755,616.9,1.3,27.4
0.21973945589071367,0.33505086575202614,U8,MN8014,10.955497338223102,4.092081660719937,CPG,SSPG,0.10194537849757224,0.3664156643195129,0.20001015391507984,-0.9284238584861705,4,-0.9997653534136939,552.7,2.2,28.5
0.21296678075926562,0.3409516255978068,U8,MN8014,10.997951243614672,4.837596166958878,CPG,SSPG,0.10078232879944174,0.364120035312271,0.20893106643902506,-0.950883211193688,7,-1.1091731656117112,591.6,2.2,29.2
0.209872250934064,0.3353774959704253,U8,MN8014,10.060018438226505,4.540988867873624,CPG,SSPG,0.10266108886674383,0.34825671249268414,0.20365911525774116,-1.0475097768513195,1,-1.0471943253865295,641.0,2.1,27.9
0.20581302663423706,0.3384125564525207,U8,MN8014,11.005270874318555,4.993125944132711,CPG,SSPG,0.10280896485148655,0.3559811952976477,0.20003896233890925,-1.08857493000138,1,-1.1334906944463787,658.0,2.5,28.1
0.19869406858060243,0.34811785824038344,U8,MN8014,9.666424323840186,4.7616947742561155,CPG,SSPG,0.09863952005967472,0.34397482317905104,0.20039550730193423,-0.9927277551598471,5,-1.0939075633551898,644.3,2.3,28.2
0.20161302412106827,0.34298601365114145,U8,MN8014,9.322756617625995,4.481266148029754,CPG,SSPG,0.10850555155432634,0.34868089087001236,0.2001405485556058,-0.9885473267309735,1,-1.0751799713935872,648.7,1.8,29.0
0.20397744721370184,0.3352452454302115,U8,MN8014,9.274718810068347,4.261526265723034,CPG,CPG,0.09914661240417184,0.33857926441019287,0.20657479641506757,-0.9334247728800487,6,-1.081945439820716,675.0,1.8,28.0
0.19850813556106006,0.3377929904453691,U8,MN8014,10.206607481851936,4.357598223204247,CPG,SSPG,0.09913939895771258,0.34451553432455684,0.2000067719086934,-0.9608963633953072,5,-1.1261652795691308,649.6,2.0,27.9
0.20651555707406166,0.3389519392726421,U8,MN8014,10.028442587217908,4.454091073170071,CPG,SSPG,0.09571504983826146,0.3383449541892528,0.20193778381804628,-0.8788156226640358,0,-1.1255997745204427,638.1,1.7,26.5
0.2080068064296272,0.3392786709828837,U8,MN8014,9.632442703382738,4.358758446655465,CPG,SSPG,0.09650811728385317,0.34095886717219803,0.20081498443970514,-0.9323091188140014,6,-1.0840962703771027,636.9,2.2,27.5
0.20933910516952645,0.3365170403275149,U8,MN8014,9.913489046980034,4.502670143661121,CPG,SSPG,0.09101733939127396,0.3454343446905928,0.20230846633513896,-0.9411705899502281,4,-1.0741188552609033,624.3,2.0,25.8
0.2028824717423483,0.3463575436141843,U8,MN8014,9.581384336244735,4.351082470848191,CPG,SSPG,0.09351955355894112,0.3515369591667856,0.20033331947058547,-1.0209849575076184,5,-1.0573666922001532,638.9,2.4,27.1
0.20478116048385367,0.34192724486013715,U8,MN8014,10.516836667563613,4.2775841265967305,CPG,CPG,0.09544150086349659,0.35566972519696843,0.2002949724175062,-1.0583237445375984,7,-1.0673815556196518,668.6,2.5,29.1
0.20343787247539855,0.3381677096082499,U8,MN8014,10.130738259762726,5.11726359324402,CPG,SSPG,0.09989709943380617,0.3485776093351756,0.20115447083187496,-1.0700431945406093,1,-1.1004442370005334,697.1,3.0,28.4
0.19751185700505863,0.3371051194759632,U8,MN8014,10.117346425482637,4.1785101266087885,CPG,SSPG,0.09925187397174062,0.34142714432022897,0.20005602481914864,-0.9723837648258238,7,-1.1442212221638544,725.6,2.8,29.4
0.20345456835989872,0.3363566397372185,U8,MN8014,10.70462811675964,4.491836949357893,CPG,SSPG,0.09970417866518025,0.34122638189842674,0.20019808272719744,-1.081763966378393,3,-1.1237020922642191,701.2,2.9,28.1
0.20370736829988262,0.3368118680607703,U8,MN8014,10.549578910135875,4.2867476338485355,CPG,CPG,0.10245396988584415,0.33880704017938473,0.20015007048612796,-1.0639357548444885,0,-1.1339941540642657,733.1,2.8,28.3
0.1963418682534985,0.3400971180326441,U8,MN8014,9.976539519492407,4.045814307335097,CPG,SSPG,0.09902802447696965,0.3430373391721485,0.2021591310186214,-0.9976020859734096,0,-1.1557823043772606,759.0,3.0,31.1
0.2003055586511398,0.3371754879431466,U8,MN8014,10.021489664649678,4.0009536787990205,CPG,SSPG,0.09880419598616602,0.3457103790571749,0.20065474772718603,-1.0174322526895596,7,-1.1478518439853787,729.9,2.8,30.3
0.2056817533701068,0.3290090661404509,U8,MN8014,10.253407818183499,4.00096197085158,CPG,SSPG,0.10404178741124465,0.33557278483126696,0.2001372008284198,-0.9521983322945811,1,-1.1219010819000577,707.1,2.4,29.2
0.20444652765056273,0.3323181782395282,U8,MN8014,11.172182973538709,4.005585353027223,CPG,SSPG,0.10297785655376676,0.33604064290478686,0.2008238338628778,-0.9506589140363547,7,-1.2363627284522112,768.6,2.7,31.3
0.20722713801619325,0.3389802198957128,U8,MN8014,11.572484371403405,4.000656100490809,CPG,SSPG,0.10299146818429103,0.34871152294065066,0.20074234151837392,-1.0028296076726697,3,-1.1281181819388273,734.7,3.0,31.4
0.21020647485122246,0.33629948606827215,U8,MN8014,11.522234266965903,4.033120434709969,CPG,SSPG,0.10090806274596231,0.33932189501513876,0.20056852918182888,-1.0302334152293449,5,-1.1613444503033428,767.6,2.4,31.4
0.21319341544153125,0.3476169040323882,U8,MN8014,11.412312999702516,4.000314862458727,CPG,SSPG,0.09810897827819229,0.3380958089479386,0.20008217321976934,-1.0723758358641144,5,-1.2025410775619383,734.6,2.8,29.6
0.21299446703714942,0.339055192028816,U8,MN8014,11.654712632651684,4.3370006627762585,CPG,CPG,0.10284671546633134,0.33424697338846265,0.20039097438388614,-0.9291141980708615,2,-1.095279911233649,737.0,2.7,31.4
0.2145500471109127,0.33759067188657654,U8,MN8014,11.38267076263968,4.183168247907496,CPG,SSPG,0.09706799056798929,0.33277791298056153,0.20109971242324698,-0.9925761896395947,2,-1.1714092501115863,709.2,1.9,30.0
0.21390398263875282,0.3324636265490332,U8,MN8014,12.018916851686713,4.166768828231064,CPG,SSPG,0.09893542297729577,0.341703683753397,0.202985100510689,-0.9595014329193454,2,-1.2217582341697888,715.2,2.0,31.7
0.21121899657830392,0.33568523962414,U8,MN8014,11.958717562195847,4.3617915228499085,CPG,SSPG,0.09639077225120578,0.334215562270555,0.20008309722356277,-0.9740600783097022,7,-1.187466524719138,722.4,2.1,31.2
0.21524449026910242,0.33352883689063406,U8,MN8014,12.739179514187873,4.333607853869171,CPG,CPG,0.0959783895788747,0.3341142877390639,0.20002886097540504,-0.9704433391843588,2,-1.1445919402752667,729.6,1.8,31.2
0.20593232013010526,0.3445940874365452,U8,MN8014,11.980964611187261,4.010515285930201,CPG,SSPG,0.09850957485610765,0.34735399655513977,0.20000024108305067,-1.026985944059832,3,-1.2265642401272192,701.5,2.4,30.5
0.20260557267625182,0.3429509503804138,U8,MN8014,12.52674197646657,4.015015623567996,CPG,SSPG,0.10280287457926121,0.33394442206364605,0.20028660326649733,-0.94339032756018,5,-1.1807190138586634,751.1,2.1,30.8
0.20604701140575254,0.33921170583565746,U8,MN8014,12.365381362897663,4.31898388274579,CPG,CPG,0.10456944856907247,0.3436268107889664,0.20140071777635912,-1.0246737281614962,5,-1.1844139047430877,753.5,3.4,31.1
0.1970685284201028,0.3452987736917006,U8,MN8014,12.229275767398454,4.012223393358366,CPG,SSPG,0.10566971754386706,0.33523911446564447,0.20281548679745512,-0.9483252754313067,1,-1.1700054741837045,759.8,2.9,31.2
0.19914041406171365,0.34542924053182034,U8,MN8014,11.743835551321263,4.070159405930053,CPG,SSPG,0.1105693399732107,0.3432431030883304,0.20500863021570936,-1.0401247398384823,7,-1.1298105006483734,776.0,2.9,31.4
0.19349549487253628,0.34561007883740047,U8,MN8014,10.54485097163441,4.014270211682457,CPG,SSPG,0.10347739256756064,0.3355045477240242,0.20169946546611733,-0.9915920020962574,1,-1.1599035474204102,808.4,2.9,31.7
0.20042752383684476,0.3453164842922469,U8,MN8014,10.994127543260607,4.027128248500963,CPG,SSPG,0.10349899547525318,0.3397261856465719,0.20829860664663946,-0.9878197652497447,7,-1.2351178591706766,761.7,2.8,30.3
0.20219798481022114,0.3499943974636302,U8,MN8014,11.851326198027778,4.029213084100549,CPG,SSPG,0.10770545261768122,0.35132738996792995,0.21472188686728663,-1.0166558484059136,7,-1.1387672207301032,799.4,3.3,33.1
0.19479961913519087,0.34769267944237775,U8,MN8014,11.182030176243508,4.013997490257239,CPG,SSPG,0.10327184717324103,0.3509114955477147,0.2162053300600263,-1.0244337852674603,5,-1.1955900824546166,798.4,3.1,31.9
0.1968368511093583,0.3482118140620296,U8,MN8014,11.021369298223412,4.003457308706454,CPG,SSPG,0.0987583625829607,0.3381220193635325,0.21482186055205738,-0.9654136116107805,2,-1.198575711379175,790.8,3.1,30.2
0.20852911157320125,0.3461092420100239,U8,MN8014,12.17882593326275,4.007869428389917,CPG,SSPG,0.10570418561182379,0.34202837082496074,0.20826095342172024,-0.9760725559512522,3,-1.1711130610695593,788.6,2.5,31.7
0.20600847149989449,0.34749541647860793,U8,MN8014,11.882100567206217,4.204371482620778,CPG,SSPG,0.09891853939018769,0.33869138415791605,0.20804162745266602,-0.9951654843044576,2,-1.2013018904825152,778.8,2.3,30.8
0.19983768387351003,0.33934984646428773,U8,MN8014,12.035945696777945,4.003580323081969,CPG,SSPG,0.09876669002603902,0.3372797621339577,0.20459994548942143,-1.03367859732208,7,-1.2928393490912367,806.7,2.6,31.1
0.1963603602243838,0.3453522751731745,U8,MN8014,11.301239919276782,4.030677100951484,CPG,SSPG,0.09788183850569412,0.33128302157446227,0.2018944493968402,-1.01833358237573,6,-1.2068770850798876,784.8,2.6,29.3
0.18442884668310822,0.34241907307887187,U8,MN8014,11.362880190402517,4.028597891576048,CPG,SSPG,0.0961776922929789,0.3269319084901868,0.2000077067660758,-1.0923238614103132,5,-1.2079476060094851,775.3,2.7,28.6
0.18933097059661094,0.3415922867487983,U8,MN8014,10.962881620921067,4.012712122927185,CPG,SSPG,0.09832616467227606,0.32637044351392996,0.20007938911714723,-1.0971507381281693,5,-1.2526559951713114,799.6,3.0,28.3
0.1991671762570683,0.33739937750885185,U8,MN8014,12.129528911759254,4.15704770626432,CPG,SSPG,0.09868412366149637,0.3309999483973772,0.20062778900039543,-1.1271601479445743,2,-1.2458481704601603,822.4,2.6,29.1
0.18656917313086838,0.34364064443208525,U8,MN8014,10.982495281285415,4.014633921315223,CPG,SSPG,0.09837545268252201,0.3324858838448336,0.20004553751523202,-1.1021399956026667,1,-1.262354546181765,818.0,3.0,29.7
0.19046325433088487,0.3408377059473253,U8,MN8014,11.250693959197296,4.003741206209669,CPG,SSPG,0.10055958636220595,0.32898190987746284,0.20342507640703963,-1.0839999658745882,1,-1.2133258900658754,815.1,2.6,28.7
0.18510698050545513,0.3443506092719266,U8,MN8014,11.184060965212403,4.003743838810284,CPG,SSPG,0.09595383810587335,0.32585140428546555,0.20001022807529184,-1.085401992687797,0,-1.2600383451752384,829.7,2.9,28.5
0.18966744564988083,0.34335481370421683,U8,MN8014,11.743846563259861,4.019905114292137,CPG,SSPG,0.09972985232705814,0.3323002757185117,0.20422674909842273,-1.1164196586499608,6,-1.2301770526565239,840.1,3.0,28.9
0.18948097851169052,0.3345274621385929,U8,MN8014,11.374704200772575,4.02835341652139,CPG,SSPG,0.09587660708385184,0.33383268746856,0.20040271984760605,-1.1210468396687445,1,-1.2762304952368133,797.7,2.7,28.6
0.19962445912068225,0.338268712428706,U8,MN8014,11.924014004949646,4.000038062029064,CPG,SSPG,0.0947177602258076,0.32754584314501317,0.20000697016671892,-1.1535713489370159,5,-1.1865540418132516,800.0,2.5,28.1
0.19616945835510768,0.3338338575293846,U8,MN8014,12.050659727313034,4.002556252199664,CPG,SSPG,0.09865781859638222,0.3365442922054168,0.20004985860376812,-1.1712476845574857,2,-1.2048429277834556,808.1,2.3,29.7
0.19058418617101577,0.33877855658710143,U8,MN8014,11.415868271123735,4.0069343288455554,CPG,SSPG,0.09942994145832298,0.3448752906688829,0.20027116192893685,-1.1544245718810742,3,-1.2412507471254122,804.5,2.7,30.1
0.18995727754390135,0.3386647522980307,U8,MN8014,11.37072409949593,4.0043573784866915,CPG,SSPG,0.1001036678917149,0.33948878552654804,0.20047242992597838,-1.1187831277196214,3,-1.2654103694206231,793.5,2.6,29.6
0.18748233173076106,0.3419042639105566,U8,MN8014,11.18933824396605,4.013166651831164,CPG,SSPG,0.09609823203694876,0.34108182587850855,0.20002386294353372,-1.1367947165593235,0,-1.2148051828557342,795.2,2.8,30.0
0.19679015089457044,0.34253261569698057,U8,MN8014,12.273972229085437,4.006213512281667,CPG,SSPG,0.09485128922258808,0.3403623949021264,0.20089125560650026,-1.1428075084300289,6,-1.2283671718410858,798.8,2.6,29.7
0.19208467852169986,0.33968673497428303,U8,MN8014,11.417904415056295,4.005477812284164,CPG,SSPG,0.09855513804257726,0.3386749038911734,0.20000624588302626,-1.0964969330539287,1,-1.2051665257399042,813.1,2.9,30.7
0.19039565435456984,0.33901834370910167,U8,MN8014,11.43714878878025,4.032907444665825,CPG,SSPG,0.09926363946581676,0.33850013515550675,0.20001367216657853,-1.1749740740274688,7,-1.2201950542321498,819.7,3.1,30.6
0.18895150438221575,0.33977801636137683,U8,MN8014,11.231533948950426,4.008115570535696,CPG,SSPG,0.1021032131133377,0.3420359878694045,0.2038604005383455,-1.1293431649867116,3,-1.2205373245125664,816.9,2.9,30.8
0.18560012257827363,0.34234996884739916,U8,MN8014,11.031661785019846,4.0001073371994815,CPG,SSPG,0.10119931380489042,0.3345194060263795,0.2001486003280419,-1.1350725128459902,5,-1.2049623282020248,801.1,3.0,29.3
0.1806074584768867,0.3405125017398765,U8,MN8014,11.007849925480578,4.013796892273089,CPG,SSPG,0.10094424542055291,0.334449180413531,0.2017037612487498,-1.147820493188101,3,-1.2371076925458384,813.1,3.1,29.4
0.18324340790189458,0.3435442669385109,U8,MN8014,11.012367544414854,4.015936449581336,CPG,SSPG,0.10322329444408773,0.3408203249806477,0.20097130457363127,-1.1148311304766567,0,-1.239320259899686,815.0,3.3,30.7
0.18453143539542702,0.3417233460326977,U8,MN8014,11.04449159421019,4.038102724070625,CPG,SSPG,0.10366526503404311,0.3419903113895261,0.20303530606157796,-1.1763731353819145,7,-1.220640165734073,806.3,3.3,29.8
0.18599524648818944,0.3411027653870323,U8,MN8014,10.96470271190189,4.013766303234957,CPG,SSPG,0.10322846131515348,0.3406577783087643,0.20104969776212797,-1.1571945727912052,2,-1.216954071783034,808.2,3.1,30.1
0.19020609365709995,0.33926099464839365,U8,MN8014,11.236064270076458,4.000065245774425,CPG,SSPG,0.10065733155508405,0.33854196222473476,0.20086974728685178,-1.1546880437413085,4,-1.2000648050007117,807.5,3.0,29.2
0.18723327965030048,0.34081957233535914,U8,MN8014,11.250608883709589,4.017307180123133,CPG,SSPG,0.10370868866410887,0.3367850116525676,0.20222472691031443,-1.1023152586521734,0,-1.1913543414090846,839.5,2.9,30.2
0.1869396470191103,0.33975825396969933,U8,MN8014,10.95938949237469,4.020515756727401,CPG,SSPG,0.10068858186183618,0.3365524567955753,0.2006520663883753,-1.1047304202727513,6,-1.2537999522329377,817.3,3.1,29.7
0.1884378844384848,0.3374964403016487,U8,MN8014,11.059166026979636,4.009408564522645,CPG,SSPG,0.10116910828702536,0.33650494183863394,0.2000467445726298,-1.1390655150599196,5,-1.2062388397851374,832.5,3.1,29.6
0.18913649533806115,0.33885826637232686,U8,MN8014,10.960298901922148,4.043849202232891,CPG,SSPG,0.1024335068415115,0.3328081214549095,0.20328666877266635,-1.0735458843046233,0,-1.2267311249618418,818.0,3.0,29.6
0.1913063335723007,0.34010853098823707,U8,MN8014,10.96793755186409,4.0000622429498645,CPG,SSPG,0.10410848839515002,0.3327706524567789,0.2011769315972838,-1.1129381847389217,4,-1.2779745842868753,807.4,3.2,29.2
0.18935135679869564,0.340002107281679,U8,MN8014,11.03563919216107,4.015614390717988,CPG,SSPG,0.10406030591897414,0.33070290343536796,0.20372022905856352,-1.1061108293052206,6,-1.2849855388094342,820.0,3.3,29.3
0.192011302353768,0.3384094853435028,U8,MN8014,11.22375085530781,4.001374884124026,CPG,SSPG,0.10634711501339136,0.33406828834093877,0.2029777698685715,-1.0802242583113275,4,-1.2617568709357352,823.0,3.2,29.7
0.18862760701474712,0.3372385001336554,U8,MN8014,11.155891907937107,4.014444267094511,CPG,SSPG,0.10607144175005154,0.32722883861410285,0.20233319409864237,-1.081285353460764,0,-1.3017967000479427,844.9,3.3,29.0
0.1866411603072634,0.3366084241118915,U8,MN8014,10.95776337448926,4.015685990997033,CPG,SSPG,0.10540767003530342,0.32373549338765034,0.20014917129535112,-1.0719266478782223,6,-1.3156104369957715,834.1,3.2,28.2
0.189598156902426,0.3362530265718245,U8,MN8014,11.019009040951598,4.024143801621438,CPG,SSPG,0.10329008711216756,0.32859875606123773,0.20219080000699555,-1.1274666520589935,0,-1.2356526554063185,847.7,3.2,29.0
0.1928135622692619,0.3395187023161396,U8,MN8014,11.192939464047853,4.01643909164,CPG,SSPG,0.10225570257404953,0.3273650005885398,0.20093688063956364,-1.1166233143831168,4,-1.3022954360503984,841.2,3.1,28.8
0.19121229366256684,0.337695102328573,U8,MN8014,10.989007771601974,4.02764232181793,CPG,SSPG,0.10178470926643728,0.3259006000121783,0.2027045934064008,-1.0937007004019106,4,-1.2940310285449383,823.7,3.0,28.4
0.192889521317519,0.33852094382840414,U8,MN8014,11.365559634603386,4.001339358460195,CPG,SSPG,0.1030943493882838,0.33132800844489935,0.2017985699059781,-1.088227392885424,4,-1.282032646452592,824.2,3.0,29.3
0.1937639825179141,0.3364121365482503,U8,MN8014,11.364973407444221,4.000592996714988,CPG,SSPG,0.10263435371927115,0.32789280322065556,0.20128315354186577,-1.1015891035901402,6,-1.2934965642934717,828.6,3.1,28.7
0.19848753113489917,0.33740491751106894,U8,MN8014,11.439755383168569,4.004006450544077,CPG,SSPG,0.10431146286404125,0.32984813619312886,0.2020452768892022,-1.0926664416820582,6,-1.2987165939160388,831.0,3.2,29.7
0.19403952592931228,0.33744013598907613,U8,MN8014,11.381433648547365,4.0417696562935,CPG,SSPG,0.10606129415042474,0.3302846051834378,0.2025250585715664,-1.0866753069497914,0,-1.2883061091948536,832.4,3.3,29.4
0.19345090914377772,0.3380182514596992,U8,MN8014,11.516430007744535,4.010075030935581,CPG,SSPG,0.10775361637665129,0.33228825244618954,0.20379405040086596,-1.073163371901343,1,-1.2365455522645181,839.2,3.2,29.6
0.19428683471103694,0.33571178277335884,U8,MN8014,11.388750605594218,4.00130298741318,CPG,SSPG,0.1050456219749954,0.32914198277898143,0.20128256519903692,-1.0631810709724403,0,-1.2982116462433302,830.3,3.0,29.3
0.18862997784297555,0.33560978954361254,U8,MN8014,11.162056323148157,4.002453093075473,CPG,SSPG,0.10646887279215797,0.32537966078093067,0.2020808036054391,-1.08234865099347,6,-1.3055480316032329,853.2,3.2,28.8
0.1889713024617412,0.3365494220801275,U8,MN8014,11.182294426889769,4.036492792219555,CPG,SSPG,0.10729646167050141,0.3279685890252094,0.20254305726791902,-1.0685526066549507,7,-1.2868330945928967,840.4,3.0,29.7
0.18931613725096802,0.33663987082784114,U8,MN8014,10.88626944849583,4.018582925276636,CPG,SSPG,0.105186905477366,0.3240246825756234,0.20032911818463844,-1.0706962157481152,7,-1.241123424206525,827.8,3.1,28.9
0.1914868245496171,0.3356642327524557,U8,MN8014,11.019056263366526,4.019525524096844,CPG,SSPG,0.10378716516298878,0.32450904199455466,0.20066808966852337,-1.1029547418028076,5,-1.2862828345272215,836.3,3.1,28.9
0.19214479906312543,0.33530575648839683,U8,MN8014,11.00341793580544,4.01218454277029,CPG,SSPG,0.10412954101659536,0.3270642022498004,0.20080289853562966,-1.089354035687017,3,-1.3108580649443935,838.4,3.1,29.2
0.19091769984124402,0.3302798479297148,U8,MN8014,10.992951702011373,4.005094279168634,CPG,SSPG,0.10308555202447758,0.32332399473846984,0.20062511852537213,-1.1013586978357348,0,-1.3134883477210026,847.0,3.0,28.3
0.189662870821584,0.332416412599583,U8,MN8014,10.965419404123216,4.0112456713476305,CPG,SSPG,0.10428930737069286,0.3238980091557068,0.2008152778286752,-1.076915126345338,7,-1.2880503342638328,822.5,2.9,28.2
0.1909136612761395,0.3315338261490854,U8,MN8014,11.016624430381144,4.000282308425604,CPG,SSPG,0.10325985595166717,0.32588800820299313,0.20029326080874024,-1.1279798569440087,1,-1.2990630548096815,850.5,3.0,28.5
0.19325561929914611,0.3338000834194865,U8,MN8014,11.394346860969542,4.000052128568026,CPG,SSPG,0.10317149788638029,0.3270700795966289,0.2013220632347883,-1.1417575255860806,2,-1.2752835149675006,834.6,3.1,28.4
0.19139989105986183,0.3318036237682483,U8,MN8014,11.009911522151429,4.000008540146222,CPG,SSPG,0.10460157719335561,0.32824006732314237,0.20012705407877027,-1.1145493648754525,5,-1.30641323313922,828.2,3.0,28.4
0.19396445373779206,0.3328908224136929,U8,MN8014,11.428959281834516,4.000000018064316,CPG,SSPG,0.10384807704960614,0.3280812699164435,0.2003196770484309,-1.1178881917673682,0,-1.2967275523272894,830.1,3.0,28.1
0.1880457058742026,0.3376889731572389,U8,MN8014,10.982927886304843,4.000124727753461,CPG,SSPG,0.10562228299371743,0.3252137092446873,0.20144691008527543,-1.091710760282112,1,-1.3082561965086716,843.1,3.2,28.5
0.1916560170799666,0.3349787542762524,U8,MN8014,11.207447680966814,4.00324228336732,CPG,SSPG,0.10499645446468758,0.32465336736664097,0.2022841134720159,-1.119228568515271,2,-1.298554455945748,849.9,3.1,27.9
0.19166768374299534,0.33508453467445515,U8,MN8014,11.180883784791334,4.003432091603912,CPG,SSPG,0.10391348442514775,0.32346908255163664,0.2016736416955144,-1.098749833530889,7,-1.3010533546928098,840.8,3.1,27.9
0.1945520025864305,0.3327715013408817,U8,MN8014,11.361924346850145,4.00226834506279,CPG,SSPG,0.10375038303294157,0.3275488467665147,0.20273407160945808,-1.1100401547830359,3,-1.3142137758059134,849.8,3.0,28.3
0.19102313812856705,0.3312032601779775,U8,MN8014,11.153746305388236,4.000002213968026,CPG,SSPG,0.10314563796832746,0.3257749553140627,0.20050129295884928,-1.1217413512261354,7,-1.2915514412686893,841.4,3.1,27.7
0.19041290035241207,0.33247709953425786,U8,MN8014,11.406750695787935,4.00012803070175,CPG,SSPG,0.1048038488726221,0.3271058735015533,0.20177522900898687,-1.106784920106927,5,-1.3030551269512758,855.9,3.1,28.5
0.18981466842581912,0.3314359838754668,U8,MN8014,11.248521694391961,4.005145565310885,CPG,SSPG,0.10411736964250626,0.3257251008429988,0.20193670613980957,-1.0997572737687715,2,-1.3297221696519115,860.8,3.2,28.5
0.19399701902484845,0.3332304626317977,U8,MN8014,11.413354618572765,4.000008919989816,CPG,SSPG,0.10361802611676217,0.32661474945755037,0.20210128277746822,-1.0995063284066466,6,-1.3150899630307054,858.9,3.2,28.5
0.19058294480798885,0.3308652716631343,U8,MN8014,11.160572554004329,4.0051795861273,CPG,SSPG,0.10521415592313808,0.3240885701728737,0.20215230340934234,-1.0890535339387668,4,-1.2901746609032694,873.0,3.2,28.5
0.19026303576185588,0.3330609050606939,U8,MN8014,11.16592234092823,4.001198147311034,CPG,SSPG,0.10359714584128332,0.32394488591925663,0.20220373363239727,-1.0996232796525849,5,-1.258891981261197,865.0,3.2,28.5
0.1917368299528379,0.33124320788163353,U8,MN8014,11.201678281616587,4.00003040210649,CPG,SSPG,0.10443856253851,0.3232664598842311,0.20280381963695288,-1.0794249276408712,1,-1.3143714358939684,868.6,3.2,28.5
0.1890529806066261,0.329866341928726,U8,MN8014,11.02245629718401,4.000030752962762,CPG,SSPG,0.10382257777038906,0.31988736208781315,0.20316390598277057,-1.0939232275776831,0,-1.3348518476561368,881.0,3.2,28.2
0.1890786088681327,0.33428920938241985,U8,MN8014,11.049529901515424,4.001937883263222,CPG,SSPG,0.10447075473331058,0.3242241828206227,0.20363652273075564,-1.0876977427233006,7,-1.3280802229067898,881.6,3.3,28.8
0.19160913869213336,0.3315201937495277,U8,MN8014,11.026185287020546,4.001125235188759,CPG,SSPG,0.10418089317910478,0.3238957736572214,0.20463230292936269,-1.090403734323591,0,-1.3277776518928217,876.0,3.3,28.6
0.19231688767818206,0.3319472223863861,U8,MN8014,11.005224050847556,4.001061534552942,CPG,SSPG,0.10240767452292662,0.3212573951766481,0.20045496272312852,-1.1171758720814262,7,-1.3277386482039208,873.7,3.3,28.1
0.1933103278356274,0.3302002293305052,U8,MN8014,11.07253222940236,4.000915402999213,CPG,SSPG,0.10196744315359704,0.3231543349182369,0.20092067567209562,-1.1078951882581942,2,-1.2645514153462862,868.6,3.2,28.1
0.19184084512075317,0.3296600193649148,U8,MN8014,11.046879991002527,4.012564447610963,CPG,SSPG,0.10314382740163403,0.32139782522818033,0.20168618924552395,-1.0904840811445498,4,-1.3376014813244756,887.7,3.2,28.5
0.1923101804933758,0.33186725563528974,U8,MN8014,10.970522068857553,4.004412948290396,CPG,SSPG,0.10251553417810708,0.3220682107767505,0.20125309017424872,-1.0903938208516137,1,-1.3444216600124843,884.0,3.2,28.7
0.19251563928755716,0.3310672064123049,U8,MN8014,10.947260919179323,4.002425578833101,CPG,SSPG,0.10190658156636932,0.3224053962876574,0.20088926550163777,-1.0949843345501704,4,-1.2637699614409126,873.6,3.3,28.5
0.1918146156648814,0.331702629061882,U8,MN8014,11.018483785441093,4.000052695959802,CPG,SSPG,0.1020522885924015,0.3238408589917024,0.20048103854860314,-1.0981043719904395,5,-1.3290932758519354,863.9,3.2,28.5
0.19214399166909485,0.3312028738063028,U8,MN8014,11.043030512106665,4.001163467998416,CPG,SSPG,0.10148238734316682,0.32391609040069624,0.20087484638915165,-1.0995472554666814,3,-1.337281979948517,875.0,3.3,28.7
0.1919936085358488,0.33186727728391013,U8,MN8014,10.977197492134064,4.000128713101556,CPG,SSPG,0.10126586353805875,0.32318936882333893,0.20020834001828036,-1.0932891584768922,6,-1.3441512434094696,864.9,3.3,28.4
0.19246614687729266,0.3294806563406244,U8,MN8014,10.982304597053819,4.0004224977058165,CPG,SSPG,0.10035803182933244,0.32185456282059016,0.20028830963581717,-1.0959019210757528,0,-1.3531164074774988,872.2,3.2,28.4
0.19242894199571253,0.329304650759648,U8,MN8014,11.019980622714177,4.005678666447054,CPG,SSPG,0.10115409287202068,0.32045011068853496,0.20071866582523776,-1.0903957753960103,6,-1.3470438326831786,884.5,3.3,28.3
0.1925212016777409,0.3290318048611283,U8,MN8014,11.022350127615969,4.002893674088735,CPG,SSPG,0.10061129373107291,0.323400270022973,0.20051673600123865,-1.1003919733647873,2,-1.3535481355796826,891.5,3.3,28.8
0.1922176608328608,0.3291911659950927,U8,MN8014,10.995006035768164,4.004224716156376,CPG,SSPG,0.10128353492699801,0.3219390391859558,0.2003502105812566,-1.075289708694509,3,-1.3467351140914312,887.8,3.3,28.8
0.1926022880724179,0.3300837503019945,U8,MN8014,11.000257143018128,4.001885869169239,CPG,SSPG,0.10043279151588863,0.32377763162426526,0.20035893637347552,-1.092530084934592,4,-1.3494015391062044,880.8,3.3,28.9
0.19127533289218318,0.3297943221477678,U8,MN8014,10.962487516824536,4.009024788902498,CPG,SSPG,0.10088322443288492,0.3250710811087089,0.20124136561527975,-1.0856740648134129,7,-1.3286467424252013,888.2,3.4,29.2
0.1909839413806865,0.3305281934036225,U8,MN8014,11.036698898686044,4.000027805568976,CPG,SSPG,0.10220581608708333,0.3228086326958793,0.20151878225131453,-1.0782547891224497,4,-1.3260815169535967,890.4,3.4,29.1
0.1911030046771063,0.3297766249375163,U8,MN8014,10.973517308359952,4.002582461238738,CPG,SSPG,0.10112781846867729,0.32260540639279134,0.20010195899024663,-1.0758566473280242,4,-1.3309873535592622,885.5,3.4,28.9
0.19161781292368113,0.33141749909047324,U8,MN8014,11.01513946062108,4.000059419459446,CPG,SSPG,0.10121542603281791,0.3237538758661516,0.20044985238011825,-1.0835754112635623,7,-1.3391305374619025,882.0,3.3,29.0
0.19211920261024268,0.33100831832570266,U8,MN8014,11.047031085816862,4.001731865136681,CPG,SSPG,0.10098911671275426,0.3243133099519032,0.20036499079341946,-1.091284556861813,4,-1.3431063797714602,878.3,3.3,28.9
0.19193135859614482,0.32987669679607856,U8,MN8014,11.043527922355459,4.0001303589586925,CPG,SSPG,0.10117508941412051,0.3250349672794962,0.20130333918665053,-1.0887592442930756,2,-1.3307759805722998,890.4,3.3,29.2
0.1916815004973613,0.3304294683336052,U8,MN8014,10.969183611342176,4.003709682708416,CPG,SSPG,0.10201046952868634,0.32335140868190937,0.20082574736457093,-1.0780994309812884,7,-1.3402789173330607,890.4,3.4,29.1
0.1920703898750366,0.3300759838520596,U8,MN8014,10.992838025583518,4.005171575992687,CPG,SSPG,0.10115589942047162,0.3231260082661203,0.20021324553022546,-1.0922745688229625,6,-1.350048760465655,881.8,3.4,28.8
0.1922605058811891,0.3302914143432204,U8,MN8014,10.986590967771871,4.008522616645058,CPG,SSPG,0.1021476445827387,0.32350064947810186,0.2006547371424508,-1.0929394008042175,3,-1.3474760852488226,881.4,3.4,28.8
0.19215982427199094,0.3290902767876819,U8,MN8014,10.988459423391031,4.006300090898804,CPG,SSPG,0.10140440920296782,0.32284332837210544,0.20066920153252532,-1.0844315766812278,6,-1.3449144518177336,890.0,3.4,28.9
0.19182943306379188,0.32978599118879054,U8,MN8014,10.979478688795826,4.011081440292488,CPG,SSPG,0.10215545045367407,0.3229611512668754,0.20053869674119795,-1.080618879148195,5,-1.3425086127076362,883.3,3.3,28.9
0.19221959334267147,0.3294302275970992,U8,MN8014,11.018549612198724,4.009120250522297,CPG,SSPG,0.10182753569316622,0.3229252788458987,0.20089306129234408,-1.0749619698024442,1,-1.3506420528784284,882.8,3.3,29.0
0.19202197548366923,0.3292894248927314,U8,MN8014,10.990744678224875,4.015818877117418,CPG,SSPG,0.10157890629714075,0.3226530042670239,0.20038247599512776,-1.0755964589771945,2,-1.3459268767986075,883.5,3.4,28.8
0.19277257083028984,0.3291879687227282,U8,MN8014,11.029858336419755,4.006471325150945,CPG,SSPG,0.10146557690798266,0.3233891491688557,0.2003670991946936,-1.077962130796245,0,-1.353520764119918,879.4,3.3,28.8
0.19274249588143122,0.32986134639089243,U8,MN8014,11.033197136335149,4.007153014000212,CPG,SSPG,0.10167552551998114,0.3225190745688174,0.20029096165558918,-1.0821119946170406,3,-1.3538078578227983,884.9,3.3,28.8
0.19189940694108965,0.3291508035647748,U8,MN8014,11.007427617329698,4.021862652383574,CPG,SSPG,0.10100598443096107,0.32177287994105175,0.20004218781702504,-1.082956359622349,5,-1.3482630448435726,881.8,3.3,28.6
0.1925457880523039,0.328775785877972,U8,MN8014,11.012367601726165,4.032990267790164,CPG,SSPG,0.10131004605863103,0.3223140213985453,0.2000411458093747,-1.0839179719739254,0,-1.3538136851738596,874.2,3.3,28.5
0.1929002335935158,0.3287115021425464,U8,MN8014,11.00729351523953,4.021583243314434,CPG,SSPG,0.10129230456387123,0.3196914381922512,0.200037507640558,-1.0767591868240596,2,-1.3540546655819456,882.0,3.3,28.4
0.19301867991570196,0.32916693344236,U8,MN8014,11.026272747630024,4.017031000585248,CPG,SSPG,0.10139626254775833,0.32003546156705065,0.20008285898740105,-1.0807092122339887,1,-1.3598925738403365,882.7,3.3,28.5
0.19266359089167756,0.32906620339456444,U8,MN8014,10.987748330386557,4.010647741583992,CPG,SSPG,0.10093306745772448,0.31993424796815584,0.20004195755409143,-1.0601506221936736,2,-1.3601285018335512,882.8,3.2,28.6
0.1929961272844713,0.3279043621963393,U8,MN8014,11.048628870809761,4.008167157751457,CPG,SSPG,0.1014360585938062,0.319695505151913,0.20014408658362537,-1.073625625644794,2,-1.3652465357521866,880.7,3.2,28.5
0.19258211695111963,0.3275112572326861,U8,MN8014,11.025477747500453,4.007605263895607,CPG,SSPG,0.10057346884316007,0.32157853625426885,0.20010588508843313,-1.075602116011975,4,-1.3585564259915515,877.7,3.2,28.6
0.19225802134129943,0.3276759386361683,U8,MN8014,11.02846000025345,4.005887713728739,CPG,SSPG,0.10070123363377036,0.32017960513389215,0.20000989140648212,-1.080202761140027,1,-1.3579718245350412,876.3,3.2,28.4
0.19222732072779417,0.32718260476553507,U8,MN8014,10.97874822173009,4.0037457257275655,CPG,SSPG,0.10077259946174408,0.32013990498949635,0.20004029052786304,-1.0750920449818975,2,-1.3540148401078707,882.6,3.2,28.6
0.19243965515911093,0.3273608846356773,U8,MN8014,11.01087867179022,4.003533995124694,CPG,SSPG,0.10097842696224466,0.3209539513933272,0.2000231116202811,-1.0783693148277298,0,-1.3413085629372228,882.0,3.2,28.8
0.1930152857347064,0.32840956104205693,U8,MN8014,11.011339676876496,4.012145956573732,CPG,SSPG,0.10073740254503272,0.32016422927847926,0.20001512922780604,-1.0771272777314538,7,-1.358462439365704,879.4,3.2,28.4
0.19253220305882005,0.32809281689455894,U8,MN8014,11.022181188183362,4.0124650782613696,CPG,SSPG,0.10122871890693441,0.3209185522990976,0.2000007049373954,-1.0819902527140473,5,-1.3565701105917984,881.7,3.3,28.5
0.19232337527447746,0.3271420164305974,U8,MN8014,11.008777658936285,4.016848086284403,CPG,SSPG,0.10105610535374362,0.3198416886660421,0.20000692685278573,-1.0761156441429183,5,-1.3571692044225543,884.7,3.3,28.5
0.19255943602494968,0.32679315741135995,U8,MN8014,11.013961825613272,4.01498668163593,CPG,SSPG,0.10071306807661573,0.3200303775934912,0.20001442485679893,-1.069374763702998,0,-1.3503069037409627,883.5,3.3,28.5
0.19268141570902392,0.3269233270655504,U8,MN8014,11.040173326540673,4.021255713886559,CPG,SSPG,0.10097910755110877,0.3197240302775402,0.2000704280866634,-1.071355685624416,1,-1.363377315124553,880.8,3.2,28.5
0.1927916521280373,0.3275545476942373,U8,MN8014,11.033867967681399,4.01141570050998,CPG,SSPG,0.10082602321393878,0.3203573490623088,0.2001817749635219,-1.0761158768449972,2,-1.361319458029108,880.5,3.2,28.5
0.19278042370913107,0.3268334453794533,U8,MN8014,11.014537952164542,4.021238488092854,CPG,SSPG,0.10059569148968406,0.31885375112995373,0.20018717842092387,-1.0704595645784885,6,-1.3602536901311435,881.9,3.2,28.4
0.19242093842861577,0.32662855818307546,U8,MN8014,11.025063518707288,4.012192369390499,CPG,SSPG,0.10098677838796108,0.3187329610810169,0.2001641224246543,-1.06785842634376,5,-1.3648350232029323,885.6,3.2,28.4
0.192437714246332,0.3268687854142617,U8,MN8014,11.029326408387691,4.013327285040203,CPG,SSPG,0.10084087771025949,0.31875703522786997,0.20019236309183178,-1.070835669514826,7,-1.3651979276823116,878.5,3.2,28.2
0.1930295133328957,0.3266398543112478,U8,MN8014,11.016654760006249,4.008289780343505,CPG,SSPG,0.10109478017504817,0.31907359430382737,0.20017462429329297,-1.0645108348763421,3,-1.3592726196970748,882.7,3.2,28.4
0.19274259084516498,0.32690603504748517,U8,MN8014,10.993237469901045,4.005703146735875,CPG,SSPG,0.10084849335406143,0.3193754611238964,0.20011484305575275,-1.0732041017736003,0,-1.3680293252745157,880.4,3.2,28.3
0.19273786127529408,0.3273802763612773,U8,MN8014,10.98135299477755,4.0096887979157225,CPG,SSPG,0.10077964457244434,0.3192434288235418,0.2001886806619565,-1.0654566854939496,7,-1.3644634945191347,879.2,3.2,28.4
0.19311745974420436,0.32719629208625917,U8,MN8014,11.017748722991563,4.017941145498646,CPG,SSPG,0.10083369173577708,0.31915833780002434,0.20014212183606447,-1.069958423232781,5,-1.3722362414407385,880.2,3.2,28.3
0.19288233167086316,0.32702687306442896,U8,MN8014,11.000341761754301,4.014977358592364,CPG,SSPG,0.10096293115467547,0.3184724420596469,0.20028153277076688,-1.0726413759160633,0,-1.3635312868679978,881.9,3.2,28.3
0.1931422367103603,0.3270267829647361,U8,MN8014,11.011896506661557,4.013108315751291,CPG,SSPG,0.10105078989468758,0.31875314070172694,0.2002959205247012,-1.0726733575494354,0,-1.3702105533932283,881.8,3.1,28.3
0.19318630749200905,0.3267037418174137,U8,MN8014,11.021393238726555,4.0111754980141585,CPG,SSPG,0.10088268167014977,0.31911807753748644,0.20009264844874847,-1.0714041654190019,1,-1.3687037048166832,883.3,3.2,28.4
0.19294586685630205,0.32682681545590403,U8,MN8014,11.010383412740794,4.011687558436235,CPG,SSPG,0.10082059731409473,0.3192351159698823,0.20005954005917348,-1.0694594852879056,4,-1.3708361404818081,882.8,3.2,28.4
0.192829385322615,0.3274927976409505,U8,MN8014,11.024526835556575,4.009175310367468,CPG,SSPG,0.10117727578220015,0.319524443406718,0.20004880447108447,-1.0735366718484243,5,-1.3668857334071074,883.5,3.2,28.5
0.19315057945197742,0.3268951065117318,U8,MN8014,11.03317641806323,4.008393818054835,CPG,SSPG,0.10123029250549753,0.3194834210065723,0.20002364182886537,-1.0692030237982402,1,-1.3719532909184053,882.2,3.2,28.5
0.1932800426654163,0.3267935676475345,U8,MN8014,11.034945037379119,4.007819247968923,CPG,SSPG,0.10102107272150063,0.31993420435888137,0.2000063272882235,-1.074531581530219,2,-1.3668849186803742,884.7,3.2,28.6
0.19339046367218576,0.32652045974796384,U8,MN8014,11.047655350137747,4.0068897237540835,CPG,SSPG,0.10104611715676114,0.319592409383071,0.2000500883210087,-1.0780065481352805,2,-1.37155367191838,883.8,3.2,28.5
0.1931885999498302,0.32645280701764406,U8,MN8014,11.031490411729699,4.009418925025497,CPG,SSPG,0.10090690717938453,0.3195782207062221,0.2000339916980586,-1.071247758519774,5,-1.3693475297488646,882.5,3.2,28.5
0.1931667156073714,0.32704734624627024,U8,MN8014,11.035782247909625,4.004361882107121,CPG,SSPG,0.10099891284806142,0.3199509697850933,0.20001166143341023,-1.0724938677197762,1,-1.3692654561924407,881.0,3.1,28.5
0.1933124186106562,0.3266404834453869,U8,MN8014,11.025432191796522,4.007267541585777,CPG,SSPG,0.10086331594618474,0.31986501707659876,0.20007575356618265,-1.0753174039505873,4,-1.3710549119458273,881.5,3.1,28.5
0.19312782421969008,0.3267413421697,U8,MN8014,11.00856991404791,4.010698108096411,CPG,SSPG,0.10091322756630097,0.3193587815003162,0.20013638830195157,-1.0775057408770703,3,-1.3678534237452435,881.7,3.1,28.3
0.19316249450091416,0.3269117478116373,U8,MN8014,11.016557502838843,4.006764077503763,CPG,SSPG,0.10097704408781683,0.3192001870227484,0.20004653060788527,-1.077691657844499,7,-1.3715297277375944,883.9,3.2,28.4
0.19329048806379157,0.32734862915000174,U8,MN8014,11.023388508459693,4.011396336834995,CPG,SSPG,0.10093190112758914,0.3196389830622566,0.20007769738787112,-1.0738815602133114,4,-1.3723172509964732,879.5,3.1,28.4
0.19296459258021295,0.3272118241145861,U8,MN8014,11.02024863257406,4.008620016092169,CPG,SSPG,0.10106555619209331,0.3191937046042625,0.20004451526585024,-1.0757135129157795,6,-1.3678405297718221,883.4,3.2,28.4
0.19289425813389532,0.32767029247627416,U8,MN8014,11.007961909693872,4.006273757449666,CPG,SSPG,0.1011989943596924,0.31926771400569187,0.2000585605399508,-1.072315029866679,1,-1.3669667920419188,883.1,3.2,28.5
0.1928376556986818,0.32767486863379475,U8,MN8014,11.014367783223108,4.007001775405433,CPG,SSPG,0.10121473630650649,0.31945445936219585,0.20007753638242995,-1.074462831946246,0,-1.3638942864380716,882.7,3.2,28.4
0.19294516319690178,0.3276674911342707,U8,MN8014,11.03475526245874,4.0072762165040805,CPG,SSPG,0.10130013401872617,0.31974953128236316,0.20003403937762515,-1.0774933689164743,3,-1.3633647260644581,884.3,3.2,28.5
0.19285347717554377,0.3279212002914245,U8,MN8014,11.017583521750867,4.006239260209533,CPG,SSPG,0.10140761756870609,0.3192530493772521,0.20009820283302446,-1.0733175220292206,6,-1.3674278340947001,884.4,3.2,28.4
0.19313172737185497,0.3274630979436838,U8,MN8014,11.038335815738382,4.008294485679207,CPG,SSPG,0.10130896261198255,0.31976025545463654,0.20006998841684387,-1.0746825204168005,1,-1.361802585431124,883.7,3.2,28.5
0.1932492880758486,0.32735532521170235,U8,MN8014,11.041728819303703,4.0074401776919535,CPG,SSPG,0.10114766148802323,0.3192243642261064,0.2001180503665224,-1.0743665355496435,5,-1.3697004952941594,883.6,3.1,28.4
0.19304789574651693,0.3274157413072675,U8,MN8014,11.022437347706623,4.006120681034389,CPG,SSPG,0.1011024917620538,0.3193427005927,0.20011914907796302,-1.0761010830143891,1,-1.3703745844661936,885.4,3.2,28.5
0.1930260674920054,0.32755662394110563,U8,MN8014,11.029647378805608,4.006997337702162,CPG,SSPG,0.10121723665105503,0.3194194560388073,0.20011303385274512,-1.078454825227578,5,-1.3686354625258659,885.2,3.2,28.4
0.19308037314851878,0.3273812733118742,U8,MN8014,11.021592425539172,4.006151760425095,CPG,SSPG,0.10119579660755132,0.3194046742634655,0.2001030372947911,-1.0770342036413214,6,-1.36528140930747,883.6,3.2,28.4
0.1931755695764528,0.32721281989670464,U8,MN8014,11.027568075446407,4.0066863585206525,CPG,SSPG,0.1011390519714247,0.3192196494051535,0.20017481405202597,-1.0797302226605139,0,-1.3722108933238806,884.2,3.2,28.4
0.193009952068931,0.327278044614209,U8,MN8014,11.020003574583791,4.007519778818731,CPG,SSPG,0.1011232362609921,0.31911036829578215,0.20014897986576946,-1.0822140053082903,1,-1.3711385332002548,883.5,3.2,28.3
0.1930960390950675,0.32735716354613104,U8,MN8014,11.036092676822882,4.00634979688376,CPG,SSPG,0.10112786722608447,0.31932487279551336,0.20021522033386932,-1.080845388202524,7,-1.365944832515476,883.8,3.2,28.4
0.1931044622082288,0.32745925401423165,U8,MN8014,11.035295225768106,4.004116165671052,CPG,SSPG,0.10119853426536149,0.3194501874141759,0.2001070345328289,-1.0795327754578312,2,-1.3707540484798288,886.0,3.2,28.5
0.19314688528119012,0.3274739549737556,U8,MN8014,11.030078167246373,4.0067546223463015,CPG,SSPG,0.10118709684112534,0.31920665631767137,0.20019887957434104,-1.07916153520298,6,-1.3648563402989202,883.8,3.2,28.4
0.19296845117278022,0.3276122967412032,U8,MN8014,11.019226401143614,4.008342965484341,CPG,SSPG,0.10120552684108113,0.3193111031729169,0.20019713638529357,-1.081439048813087,0,-1.3646171243764842,884.2,3.2,28.3
0.1930674754953134,0.3276547147238362,U8,MN8014,11.0265164256018,4.006784479497441,CPG,SSPG,0.10115493801551773,0.319366060777837,0.2001726040110943,-1.0811311451940626,7,-1.3674335369442003,882.8,3.2,28.3
0.1931494533443267,0.32723766914212926,U8,MN8014,11.039019991461068,4.008987439924357,CPG,SSPG,0.10104806927424768,0.31896658439116765,0.20026238833721563,-1.0825422529758373,3,-1.3629991850099419,882.8,3.2,28.3
0.1931782159787093,0.32760782167146923,U8,MN8014,11.030013098826474,4.010131610516266,CPG,SSPG,0.10110931427788691,0.31905536958436104,0.20027302453374257,-1.0806846666065009,1,-1.3707709835966195,882.5,3.2,28.3
0.1931083902165147,0.32749814090725354,U8,MN8014,11.026839104348817,4.010155574254513,CPG,SSPG,0.10117972455397595,0.3190073085345264,0.20022729894594898,-1.0788617812909997,2,-1.3724511931402974,883.8,3.2,28.3
0.1930742529856432,0.32754974787595736,U8,MN8014,11.020709228097314,4.011072270962217,CPG,SSPG,0.1010932621879979,0.3186711044764478,0.20024489816100557,-1.0795147753674568,6,-1.3712027953054546,881.5,3.2,28.2
0.19312934498907797,0.3275484485455856,U8,MN8014,11.018575994765477,4.01054501515987,CPG,SSPG,0.10117212372102644,0.31876585991882983,0.2002394116308945,-1.0793761752325297,1,-1.3687750010621436,881.5,3.2,28.2
0.19326037760256395,0.32765963819173244,U8,MN8014,11.034912091037423,4.010084464976278,CPG,SSPG,0.10107728142170888,0.31907697596281104,0.2002754283243457,-1.0821056896071912,2,-1.3702754057229019,880.7,3.2,28.3
0.1933868101726906,0.3275040744948981,U8,MN8014,11.03804737387279,4.011197112988061,CPG,SSPG,0.10109582782168255,0.3191065504749337,0.20023990692572297,-1.081295478016329,2,-1.3652914301033006,881.0,3.2,28.3
0.19342731334985377,0.3276797857928545,U8,MN8014,11.030791068973626,4.00909890889415,CPG,SSPG,0.10119042471680682,0.31893544733560913,0.20020646858477636,-1.0781541126276233,3,-1.3744335439647504,881.4,3.2,28.3
0.19348715057450078,0.3274435986718985,U8,MN8014,11.04026601301529,4.009005487819873,CPG,SSPG,0.1011548603200445,0.31894151461322573,0.20021246013890107,-1.0796665550804327,2,-1.3747730060223757,882.5,3.2,28.3
0.1934843875891884,0.3276239993893579,U8,MN8014,11.049803765484342,4.007753374581011,CPG,SSPG,0.10110649946490877,0.31889177769387295,0.20027403610207145,-1.0804349616878173,7,-1.3735986712826902,882.5,3.2,28.3
0.19330604481673805,0.3279399214288508,U8,MN8014,11.036359354149324,4.009084814439881,CPG,SSPG,0.10127806416584559,0.3189488947050713,0.20021059773508326,-1.079872895084672,3,-1.367415693518538,881.6,3.2,28.3
0.19342383567028257,0.32781007237219917,U8,MN8014,11.046455852485003,4.0072951956021,CPG,SSPG,0.10116537658775986,0.31905300666112163,0.2001404601414464,-1.0804415962617202,6,-1.3712473362837985,882.9,3.2,28.3
0.19349629259520545,0.3275175920686624,U8,MN8014,11.04107715232717,4.00913073637612,CPG,SSPG,0.1010969082866832,0.31871693308713267,0.20026117095495868,-1.0830271218125973,0,-1.3717766853505644,881.3,3.2,28.2
0.19342073123922116,0.32733338721029936,U8,MN8014,11.037749435955146,4.008612759767754,CPG,SSPG,0.10107134242794219,0.31873486200848133,0.20024021484698346,-1.0799214835464643,5,-1.3747308689346305,881.9,3.2,28.3
0.19349161146482702,0.32737752489396515,U8,MN8014,11.046792074283232,4.010857223543211,CPG,SSPG,0.10099743209735271,0.3187570888829111,0.20027208748046885,-1.0834159321750951,1,-1.374751186623497,880.9,3.2,28.2
0.1933506803522616,0.327597234710364,U8,MN8014,11.036216432007926,4.008720355647095,CPG,SSPG,0.10108527306878366,0.31873477623047075,0.20024748189905975,-1.081935003156551,5,-1.3745196357332752,882.1,3.2,28.2
0.1933310986578623,0.32760034381900033,U8,MN8014,11.037416918831667,4.007374478687322,CPG,SSPG,0.10110728384279927,0.3189532379088394,0.2001943723447716,-1.0814451381669317,7,-1.37392847551134,882.8,3.2,28.3
0.1932708934360473,0.3277540014613616,U8,MN8014,11.043327169951976,4.007651078815398,CPG,SSPG,0.10112714823252508,0.31872529985013215,0.2002465075735264,-1.081624826795006,6,-1.3709334133251874,883.8,3.2,28.3
0.1931919871812495,0.3279304186831304,U8,MN8014,11.04604805366165,4.007598395468737,CPG,SSPG,0.10116553427525812,0.31896632932560803,0.20020546353754257,-1.0807120666422723,1,-1.3681943281936864,883.1,3.2,28.3
0.19331453728314693,0.3276746904273756,U8,MN8014,11.047914957347032,4.008315335433909,CPG,SSPG,0.10118072512193624,0.31881868065913666,0.2001759300126675,-1.079122895121531,6,-1.373311063308063,883.2,3.2,28.3
0.1932310873805001,0.327853132397164,U8,MN8014,11.045725743759272,4.007554615384123,CPG,SSPG,0.1013291544961096,0.318919163780997,0.20016448641207185,-1.0781840653368777,4,-1.370244325889879,884.4,3.2,28.4
0.19315926453871712,0.3280271101792954,U8,MN8014,11.049738794969738,4.009068458681126,CPG,SSPG,0.10122250174248076,0.318807654429749,0.20019069622870672,-1.0787910590769145,3,-1.3721811401811213,883.9,3.2,28.3
0.19320176119420568,0.3280276748720628,U8,MN8014,11.041063268036735,4.00928985847374,CPG,SSPG,0.1014003172977495,0.3188089656575326,0.2001625501814856,-1.0778606926244296,2,-1.3645595675049682,884.9,3.2,28.3
0.1931101824877971,0.3278952072290526,U8,MN8014,11.044309790940533,4.008621418163045,CPG,SSPG,0.10139651701799152,0.3186926084675697,0.20014814594201355,-1.0782019711344228,0,-1.3711315743491417,884.7,3.2,28.3
0.1931549106105383,0.32801268368072006,U8,MN8014,11.043372363852374,4.009455266403118,CPG,SSPG,0.10144570454920745,0.31877848496839895,0.20013442156857034,-1.078322768994476,2,-1.3694419810042966,884.7,3.2,28.4
0.19305183572082152,0.32818088685572055,U8,MN8014,11.039447900931723,4.008749030728579,CPG,SSPG,0.10153148548468015,0.3188051591309652,0.2001512936545446,-1.080473159380221,0,-1.3703255114866861,885.1,3.2,28.3
0.19327233637011962,0.3278504964109508,U8,MN8014,11.038588268779911,4.0080772853469,CPG,SSPG,0.10136848263876302,0.318851100443492,0.20013191435005961,-1.0770940658178396,1,-1.3700052239218659,884.7,3.2,28.4
0.19311326204277884,0.32799401597594857,U8,MN8014,11.030048893703164,4.006952555040192,CPG,SSPG,0.1014532936710794,0.31875544758375485,0.2001437101972349,-1.0769209874046282,3,-1.3685375996041023,885.1,3.2,28.4
0.19327924205626817,0.32796469795546,U8,MN8014,11.044618330118269,4.009416405473565,CPG,SSPG,0.10145902373685564,0.31887031848780845,0.20012181784189856,-1.0791228417549694,3,-1.3735337173465192,884.3,3.2,28.3
0.1932932046629564,0.32801466809873003,U8,MN8014,11.042479538743855,4.007818252879328,CPG,SSPG,0.10140861867346351,0.31884854952201874,0.20016985824929207,-1.0783199550309357,4,-1.369162624499772,884.8,3.2,28.3
0.19327730362057596,0.32782337666172695,U8,MN8014,11.041413510966422,4.0091626161061615,CPG,SSPG,0.10133638103591949,0.3189717440648334,0.2001420449960667,-1.0784904961191226,3,-1.3738387939149694,884.0,3.2,28.3
0.19322192550765488,0.3279672128860628,U8,MN8014,11.03694148659136,4.0085360970929225,CPG,SSPG,0.10138154458821307,0.3189104318007198,0.2001616250895765,-1.0793700963304291,0,-1.3720228895525555,885.1,3.2,28.3
0.19327425720366642,0.3278627367263824,U8,MN8014,11.03375505306474,4.0082005981193864,CPG,SSPG,0.10134711302303762,0.3189246938882994,0.20019669343961538,-1.0801933991965194,0,-1.3716949950600794,884.2,3.2,28.3
0.19317941617711384,0.32798294713501774,U8,MN8014,11.032979802144103,4.007549052912968,CPG,SSPG,0.1014054334652277,0.3189438992921547,0.20019256221578552,-1.0813925872576053,4,-1.3666828302678287,884.8,3.2,28.3
0.19323658007333744,0.32810010760874814,U8,MN8014,11.039457818281802,4.007518117837391,CPG,SSPG,0.10142452808887248,0.319079311632902,0.20017098683062562,-1.081558870924576,4,-1.370437524098353,885.3,3.2,28.3
0.19325741536548385,0.32816705308087313,U8,MN8014,11.037943666827784,4.007105142195383,CPG,SSPG,0.10141328829598253,0.31886977754864837,0.200187217371024,-1.0826795274823264,5,-1.3719058809083808,884.9,3.2,28.3
0.1931911278296551,0.3281022107273067,U8,MN8014,11.034935697308313,4.006136131832553,CPG,SSPG,0.10142070907234874,0.3190305016142565,0.20015509584391894,-1.0819545383785407,5,-1.3711917549934194,885.9,3.2,28.3
0.19313671931090726,0.3282196556257176,U8,MN8014,11.031249596090493,4.006063794511424,CPG,SSPG,0.10143864504052945,0.3188973292772737,0.20014566612755266,-1.0815632497086445,2,-1.3717221774413568,886.1,3.2,28.3
0.1932311341331502,0.3281525982825041,U8,MN8014,11.039648271744872,4.006928342983014,CPG,SSPG,0.10139764861196354,0.3189701183983368,0.20013690550222998,-1.0813322207181864,0,-1.3731078351178905,885.1,3.2,28.3
0.19320094447284614,0.32804183879132026,U8,MN8014,11.039572994611618,4.006476543416803,CPG,SSPG,0.1013749193525939,0.3189978621699303,0.20014386875455545,-1.0814163817544995,7,-1.3724157503452448,885.3,3.2,28.3
0.19319585073150453,0.3279791719710466,U8,MN8014,11.044212316268464,4.007332296051042,CPG,SSPG,0.10131620524492513,0.319094457716142,0.2001521087140007,-1.0828177155928294,3,-1.3696124572442052,885.8,3.2,28.3
0.19317455165178443,0.32785858801024603,U8,MN8014,11.042674236047336,4.00710981472616,CPG,SSPG,0.10128706911227353,0.3190079204739185,0.20014482449984555,-1.0825113518006588,2,-1.3727852283986834,886.1,3.2,28.3
0.19319639596888188,0.3279047509388893,U8,MN8014,11.039867256836086,4.007358067827002,CPG,SSPG,0.1013062348952464,0.3189845583547381,0.20016043740622497,-1.0817393404029727,6,-1.3720908834738426,886.1,3.2,28.3
0.193222957048271,0.32769863584158865,U8,MN8014,11.043723235254047,4.008553795082571,CPG,SSPG,0.10126693296670874,0.3190044182436142,0.20014247161814014,-1.0821306155393966,5,-1.371957565165121,886.5,3.2,28.3
0.19307442159924385,0.32784719759047254,U8,MN8014,11.032909385335127,4.00753854037522,CPG,SSPG,0.10125031078169869,0.31904971787653097,0.20017259500848217,-1.082858306339443,0,-1.3715052588092131,886.9,3.2,28.3
0.1932323742379934,0.32774602250846985,U8,MN8014,11.035298465389719,4.008455124717949,CPG,SSPG,0.10117840601415276,0.3190348035643048,0.20020712455706208,-1.0826489210212646,2,-1.365896580850177,886.0,3.2,28.3
0.19330960492721644,0.3280373905202082,U8,MN8014,11.03369242830945,4.008489761481464,CPG,SSPG,0.10132719601171608,0.3189722301006174,0.20018657127634334,-1.083063092108802,5,-1.3710940909628198,885.6,3.2,28.3
0.19328757537779792,0.3276097726465252,U8,MN8014,11.03483551560153,4.008327420922266,CPG,SSPG,0.1011842833532155,0.31898718500316875,0.20019813537176712,-1.0835108438761307,4,-1.3738057697699828,886.6,3.2,28.3
0.1932477747026058,0.32769126065710835,U8,MN8014,11.032440953012953,4.008188356209997,CPG,SSPG,0.10122230078387112,0.3189208437039086,0.20016192538262723,-1.0820754680902247,1,-1.3727216889691887,885.7,3.2,28.3
0.19331669258454848,0.3278066558204639,U8,MN8014,11.034093940934934,4.008881811561719,CPG,SSPG,0.10127774784856801,0.3188763345895823,0.200156793491336,-1.0820565235232311,4,-1.3748875826583715,885.5,3.2,28.3
0.19338191142822753,0.3277824117194182,U8,MN8014,11.035681603924878,4.010537307747172,CPG,SSPG,0.10125134821416423,0.31882158399008326,0.20019515237749114,-1.0829384427535216,0,-1.3734706136706523,884.6,3.2,28.3
0.19349325687613253,0.3278015971743367,U8,MN8014,11.036187765404591,4.009840978361443,CPG,SSPG,0.10122911513739535,0.3187484735531105,0.20019711629522083,-1.0823496491419289,4,-1.3763474187554676,884.3,3.2,28.2
0.1934537102869508,0.327644698319289,U8,MN8014,11.037927601206544,4.009815204880402,CPG,SSPG,0.10122423391586943,0.3188257770487307,0.20017869732565763,-1.082617686899003,5,-1.3729334860646736,884.8,3.2,28.3
0.19347097476403677,0.3276058371954317,U8,MN8014,11.037632988783697,4.009731097681904,CPG,SSPG,0.10125862351472589,0.318888456200183,0.20012955507853186,-1.080402485674246,7,-1.3756678408614338,884.9,3.2,28.3
0.19346801669142105,0.32768935121722487,U8,MN8014,11.032501627916616,4.0109640011157826,CPG,SSPG,0.10130759972666006,0.3188702700405068,0.20015449387064282,-1.0784492808037358,3,-1.3749132468393492,884.1,3.2,28.3
0.19342525361106516,0.32774635397183066,U8,MN8014,11.037786360768466,4.008614015869431,CPG,SSPG,0.10143048030762133,0.31884793221785357,0.20008630160289698,-1.077765802060961,3,-1.3736592847706888,885.1,3.2,28.3
0.19340633642435429,0.3277867732065078,U8,MN8014,11.045467796114238,4.010064153380792,CPG,SSPG,0.10138944632869645,0.31873546879391984,0.20013715626072529,-1.0806277506688047,7,-1.3753328205151272,884.6,3.2,28.3
0.1934965017556564,0.3277706185600185,U8,MN8014,11.048291828428777,4.009360700013314,CPG,SSPG,0.10134035449011422,0.31873818549295396,0.20012810742056775,-1.0804287397831431,3,-1.3724271087883544,884.9,3.2,28.3
0.19365017839328155,0.3277306693661776,U8,MN8014,11.046522964187146,4.0090909657050915,CPG,SSPG,0.10135331397579278,0.31871642536920186,0.20012153166467245,-1.079021403043075,5,-1.3779322215123582,884.3,3.2,28.3
0.1936218214522948,0.32776255095894014,U8,MN8014,11.048413003863587,4.009190323277144,CPG,SSPG,0.10129221742617765,0.3188579388356499,0.20011883333942843,-1.0798687395673232,0,-1.3771647126053637,883.7,3.2,28.3
0.19353001591721872,0.32803269522308753,U8,MN8014,11.049680467292188,4.010425322577818,CPG,SSPG,0.10135205252592047,0.3186828626974236,0.20013963027569306,-1.0795224522703293,3,-1.3737345155912593,883.8,3.2,28.3
0.19360497517765168,0.327975596455259,U8,MN8014,11.044392993852984,4.008928166565262,CPG,SSPG,0.10127066629656364,0.318764800410237,0.20016846683201636,-1.0816200927371102,0,-1.3706267783865451,883.8,3.2,28.3
0.19360035957307786,0.3278971713820669,U8,MN8014,11.049450021619133,4.008217796846785,CPG,SSPG,0.10119340115045536,0.3188337446905865,0.20017616288794463,-1.079786290009931,4,-1.375427481357593,883.8,3.2,28.3
0.1935907526996861,0.3278963618127969,U8,MN8014,11.04218149570093,4.008581556229833,CPG,SSPG,0.10125657327406384,0.3187576521009744,0.2001771096242216,-1.0816656786574128,5,-1.374060367084474,883.9,3.2,28.3
0.19355464489324486,0.3280195917459317,U8,MN8014,11.047818661450462,4.008057686787432,CPG,SSPG,0.10128760085840233,0.31871786561215537,0.2001527510089223,-1.0820377031550863,6,-1.3768455844283736,885.4,3.2,28.3
0.19363688065845477,0.327887992751108,U8,MN8014,11.044483117915224,4.008344985755225,CPG,SSPG,0.10130907317188395,0.3186609150786225,0.2001434847176647,-1.0806779738463825,7,-1.3706150571268614,884.0,3.2,28.3
0.19367297321020416,0.3278762641765854,U8,MN8014,11.045757372324427,4.007934303432538,CPG,SSPG,0.10137569985373844,0.31849179394861526,0.20011622987468133,-1.0774616918087982,7,-1.3763740950435057,884.5,3.2,28.3
0.1936569739724565,0.32781517746088673,U8,MN8014,11.047418353872935,4.0086937541244545,CPG,SSPG,0.10133649208897078,0.3185031721075198,0.2001805202163586,-1.0798368959791027,7,-1.375438729683724,884.1,3.2,28.3
0.19362608051658636,0.3279040665537196,U8,MN8014,11.047183149839896,4.007805421929705,CPG,SSPG,0.10137270767897857,0.3186279838148114,0.20014898511558754,-1.0788536394266788,2,-1.3723864650505186,884.9,3.2,28.3
0.1936279497271521,0.3277155808765272,U8,MN8014,11.043328713259879,4.009494885034317,CPG,SSPG,0.10133700180605554,0.3183890701001563,0.20016000890087085,-1.0786473524643672,1,-1.3769893433640013,883.8,3.2,28.2
0.19363470302146457,0.3278886539724327,U8,MN8014,11.041498175704625,4.0083783049154,CPG,SSPG,0.10132631751341376,0.31849249495092014,0.20017333544278829,-1.0792572278205999,0,-1.3757924571158027,883.9,3.2,28.3
0.19344185560275895,0.3279385722658112,U8,MN8014,11.039760827847976,4.007770077675107,CPG,SSPG,0.10139346823542683,0.31863471258969134,0.20012255360999714,-1.0782726683960677,7,-1.3727906950134594,884.0,3.2,28.3
0.19354219516482982,0.32790226279610657,U8,MN8014,11.041118594873105,4.008253601679917,CPG,SSPG,0.10138764280183152,0.31854607326268813,0.20015384367556224,-1.0796578640055534,7,-1.3707633585243393,883.9,3.2,28.3
0.19358159480809675,0.3279592518423628,U8,MN8014,11.046208785731814,4.0100274771845195,CPG,SSPG,0.1013299044328249,0.31844738412118867,0.20015796865471577,-1.0805499393994822,7,-1.3744211884178892,883.9,3.2,28.2
0.19364924240486667,0.3280619029640432,U8,MN8014,11.048943167498603,4.010209851220672,CPG,SSPG,0.10131412792756081,0.31855463511204757,0.20021157677682683,-1.0815346799960555,6,-1.378145986408141,883.6,3.2,28.2
0.1936373837253598,0.32806641953734833,U8,MN8014,11.046211219174884,4.010700128660141,CPG,SSPG,0.1013619945455415,0.3184988391069712,0.2001745898386428,-1.0812482207529341,6,-1.3780341729146235,883.7,3.2,28.2
0.19365200421060583,0.327920052409205,U8,MN8014,11.042824689602242,4.01132411187367,CPG,SSPG,0.10127514926518569,0.3184374660936014,0.20022896108814098,-1.081625722744915,1,-1.3762980812332248,883.2,3.2,28.2
0.1936422633685248,0.3279963200441724,U8,MN8014,11.04743735737722,4.009958691509896,CPG,SSPG,0.10130031870265971,0.3186011996033503,0.20016315149598637,-1.0815971053235978,5,-1.3723019980556899,884.4,3.2,28.3
0.19367075031277112,0.32809220093143476,U8,MN8014,11.049825955316447,4.0109559271033675,CPG,SSPG,0.1012987361753667,0.3185869498745968,0.20018366671931118,-1.082162052173922,3,-1.3770845416389275,884.1,3.2,28.3
0.19361930036884828,0.3280865286741055,U8,MN8014,11.045607012130809,4.008891343911295,CPG,SSPG,0.1012885088874956,0.31859468167733185,0.20016820118428486,-1.0828183483641072,0,-1.3770160300944285,884.6,3.2,28.3
0.19361812418832214,0.32815948179863985,U8,MN8014,11.046223727468025,4.008726478791599,CPG,SSPG,0.10124881905951982,0.31859212195231623,0.2001793040807232,-1.0825639322085399,4,-1.3756465084623706,884.4,3.2,28.3
0.19360333656258996,0.3282156502984075,U8,MN8014,11.046193283598278,4.0079757788705646,CPG,SSPG,0.10136349157134006,0.31850414974963553,0.20016141803418547,-1.0831862765909217,0,-1.3760921915687652,885.0,3.2,28.3
0.19368363294619179,0.32830347180655106,U8,MN8014,11.046354450904573,4.008148621337913,CPG,SSPG,0.1013476845127311,0.31863494741508414,0.20017045081018936,-1.0832171098386683,7,-1.3748215360108382,884.5,3.2,28.3
0.19366949544390435,0.32819841922745,U8,MN8014,11.046295237608895,4.008788625693751,CPG,SSPG,0.10134147814649355,0.31853306176430934,0.2002045979224772,-1.0825380611318107,5,-1.3733059257586504,885.3,3.2,28.3
0.19371958323331215,0.32820355058422546,U8,MN8014,11.04883230698448,4.010205238170197,CPG,SSPG,0.10134086469079512,0.31843704557072366,0.20020759964683016,-1.0829911365161973,4,-1.3674431490000867,884.0,3.2,28.2
0.19375496329215858,0.32812035777173143,U8,MN8014,11.04667483621537,4.008780720403601,CPG,SSPG,0.10133663180974453,0.3183475920356344,0.20023592968089846,-1.0822233441829108,3,-1.3733738616709328,884.1,3.2,28.2
0.19378631896105314,0.32810600192886774,U8,MN8014,11.049429490464462,4.008740505842074,CPG,SSPG,0.1013971387680238,0.31839115119417255,0.2002013169161582,-1.0826273491548437,3,-1.3751846326770973,883.6,3.2,28.2
0.19375034462557875,0.3281919289083016,U8,MN8014,11.048947180005793,4.009080047548937,CPG,SSPG,0.10136337733943154,0.31846185828097373,0.20020621559928836,-1.0824019086295764,6,-1.367945341265803,883.9,3.2,28.3
0.19376111603103846,0.3282354586153647,U8,MN8014,11.049933697936726,4.008389664777906,CPG,SSPG,0.10137635638411208,0.3183371448726565,0.20019718667899297,-1.0830821121073844,6,-1.3726623326214256,884.0,3.2,28.2
0.1937591365283632,0.3281559226763205,U8,MN8014,11.048958336975094,4.009100650573003,CPG,SSPG,0.1013230916840287,0.3182446141272567,0.2002079892768188,-1.08188271697253,0,-1.3769992801506783,883.6,3.2,28.2
0.1937595514974662,0.3282512408151986,U8,MN8014,11.046193274061682,4.009890201268449,CPG,SSPG,0.10133207441621511,0.3181417434600481,0.20022431814466268,-1.0809610185577894,0,-1.377694243785247,883.6,3.2,28.2
0.19372346205775454,0.3281853927798255,U8,MN8014,11.045690001708742,4.008313012972948,CPG,SSPG,0.1013184995510811,0.3181688349749477,0.2001991940270237,-1.0826884554287608,4,-1.3782306157905193,884.5,3.2,28.2
0.1936876809744497,0.3280776168997052,U8,MN8014,11.039267287260454,4.0099964340078005,CPG,SSPG,0.10128572016612405,0.3181687802453545,0.20024780276278628,-1.0824379407978724,6,-1.3702510896054694,883.8,3.2,28.2
0.1936450101661825,0.3281083071419513,U8,MN8014,11.04045729783164,4.009007672420869,CPG,SSPG,0.10132642721809465,0.3182188376224633,0.20020772896360506,-1.0820188359417195,4,-1.3784494732510364,884.1,3.2,28.2
0.1937487226146745,0.3280593644164389,U8,MN8014,11.047473065574692,4.008915494912563,CPG,SSPG,0.10132527898111157,0.31828075317224613,0.20022848901744222,-1.082377076303082,4,-1.3789283902505867,884.0,3.2,28.2
0.19372398413933967,0.32803694877944567,U8,MN8014,11.046097313645852,4.0098292670403675,CPG,SSPG,0.10131652700806137,0.3180087535404351,0.20024304094425288,-1.080517602068392,3,-1.3769136853638635,884.8,3.2,28.2
0.1936220532486659,0.3280821046358308,U8,MN8014,11.038352325761903,4.00994564718239,CPG,SSPG,0.10133252370068296,0.3180250398036721,0.2002538241685999,-1.0811786212095758,5,-1.3758199239813607,885.5,3.2,28.2
0.19368652716882648,0.3279604079682095,U8,MN8014,11.042310788820355,4.009508518257319,CPG,SSPG,0.10130275090748012,0.31809149690479843,0.2002294535544458,-1.0804283761957887,4,-1.3771773921152244,884.5,3.2,28.2
0.19369005710613674,0.32803184177722033,U8,MN8014,11.039384887785323,4.009660672898557,CPG,SSPG,0.1013482216365518,0.3180664455602715,0.20028594784158787,-1.080658556738489,1,-1.379522728683214,885.0,3.2,28.2
0.1937777844185902,0.3281022675009964,U8,MN8014,11.040598153419353,4.0100609576039945,CPG,SSPG,0.10136016554125997,0.31783647420900174,0.20027315406399354,-1.0803861495696658,0,-1.3778830124414974,883.9,3.2,28.2
0.19375992981707196,0.3280265645648178,U8,MN8014,11.04178167607369,4.009766001188057,CPG,SSPG,0.10139625863987778,0.3178658175376114,0.20027351353704553,-1.080127656625193,2,-1.379282681024935,883.4,3.2,28.2
0.19374237036655423,0.32809278121498053,U8,MN8014,11.037206614675014,4.010036575450054,CPG,SSPG,0.10136528418715199,0.3178437486863488,0.20029612805285957,-1.080360340498324,2,-1.3793461776551004,884.0,3.2,28.2
0.19367062626809972,0.32811828278940997,U8,MN8014,11.037464121258774,4.010173096585816,CPG,SSPG,0.10135230674153084,0.31790039547223886,0.20029920381379152,-1.081316337408825,6,-1.3778915529959717,884.1,3.2,28.2
0.19367352616759387,0.32810968941684415,U8,MN8014,11.039947874586712,4.0107374543758345,CPG,SSPG,0.10134290339467444,0.3178208923264402,0.20026149014559183,-1.0813986009834253,4,-1.3771539174490623,884.3,3.2,28.2
0.1936365707182966,0.3279860301199316,U8,MN8014,11.041100532304524,4.010518387611217,CPG,SSPG,0.10134119906943576,0.3178926325031456,0.20022613980118478,-1.082091868056805,1,-1.3754060223484643,884.4,3.2,28.2
0.19361999555281137,0.3279106353478277,U8,MN8014,11.043167924476943,4.011179267999181,CPG,SSPG,0.10129942170393244,0.31803137262007214,0.20023484786198353,-1.0832057955842287,5,-1.3756854128159839,884.3,3.2,28.2
0.19368608954065658,0.32779989123848563,U8,MN8014,11.039612063125796,4.011783054770419,CPG,SSPG,0.10131294465677063,0.3178690771089553,0.2002675455496969,-1.0833920024635915,0,-1.3790518673888483,883.3,3.2,28.1
0.19359971154333427,0.32802541467922575,U8,MN8014,11.040881105115393,4.010753071978612,CPG,SSPG,0.10128811014202774,0.3179430963572175,0.20024831867649345,-1.0830294873301063,2,-1.377428795502083,884.4,3.2,28.2
0.19361590335323953,0.3279155548252592,U8,MN8014,11.040152803631823,4.011099223858955,CPG,SSPG,0.10135335013999418,0.3179957180454819,0.20022585120074912,-1.0807370878145128,3,-1.3727968825673562,883.3,3.2,28.2
0.19359801499092866,0.3281536292840844,U8,MN8014,11.035020303864224,4.011479758229179,CPG,SSPG,0.10140967487237623,0.31795382761779484,0.20022330889470202,-1.0804946936720814,7,-1.3760368120617583,882.7,3.2,28.2
0.19361173456404351,0.3281382426505704,U8,MN8014,11.039112050519265,4.01008847599289,CPG,SSPG,0.1014045575101665,0.31799538356291107,0.20021187836060272,-1.081342740652446,4,-1.374281602088102,882.9,3.2,28.2
0.19364567693852242,0.3281223434223488,U8,MN8014,11.039540804079511,4.010778343372049,CPG,SSPG,0.1013754054347362,0.3180168444660989,0.20021504416393726,-1.0809777303506658,1,-1.375841810550865,882.5,3.2,28.2
0.1936383783561017,0.3279685261961005,U8,MN8014,11.04124253965023,4.010494368832426,CPG,SSPG,0.10136287803444077,0.31809620193997284,0.20023016807590957,-1.0811850852020217,2,-1.3724866471713009,882.9,3.2,28.2
0.19364635670990893,0.3280124151167676,U8,MN8014,11.042605958441822,4.010726286949685,CPG,SSPG,0.10136215572891222,0.3180689100936639,0.20026956467662652,-1.0817422240425631,5,-1.3776530459038412,882.9,3.2,28.2
0.19372683590899722,0.32796126674500675,U8,MN8014,11.042150750618575,4.01103911388773,CPG,SSPG,0.10144925400307794,0.3181284487406269,0.2002003803761275,-1.0804640679450719,1,-1.3769150570784117,881.8,3.2,28.2
0.19368419486651176,0.32795172362009184,U8,MN8014,11.0427216304628,4.01126661083182,CPG,SSPG,0.10134544390369124,0.31802153653395476,0.20026068483675272,-1.081238793477853,4,-1.3769169946849162,883.2,3.2,28.2
0.19377203326997838,0.3279546759454115,U8,MN8014,11.048024816700217,4.01088007908787,CPG,SSPG,0.10135315008565937,0.31802295283753934,0.20023691975760358,-1.0813936846911032,2,-1.370427553436035,883.8,3.2,28.2
0.19372234978506775,0.32801458839811354,U8,MN8014,11.046410264785234,4.011469135034942,CPG,SSPG,0.10138264157382265,0.31810232138911276,0.200258985141697,-1.0828865637552034,7,-1.3777562416189433,883.4,3.2,28.2
0.1937779452092108,0.3278500068456448,U8,MN8014,11.04732306486134,4.010931073224755,CPG,SSPG,0.10132295599525214,0.31805862793391637,0.20023425305611606,-1.0811790697593278,4,-1.3780676640220584,882.9,3.2,28.2
0.19369195070804457,0.3277199661146926,U8,MN8014,11.044622749977929,4.012099147839036,CPG,SSPG,0.10134869078015639,0.3180182304750482,0.20023856783057378,-1.0813504592151193,1,-1.378482841283203,883.5,3.2,28.2
0.19367324023589425,0.3279512381315412,U8,MN8014,11.04727870212564,4.01081321344883,CPG,SSPG,0.10135850500487723,0.3180261876754171,0.20025606342063457,-1.0818779355744357,0,-1.3661079001585623,884.4,3.2,28.2
0.19365950809316096,0.32791714797477084,U8,MN8014,11.045990515477914,4.011754189905965,CPG,SSPG,0.10133334613206285,0.31796271894939093,0.20026167205905898,-1.082303903729999,6,-1.3762299221226497,884.1,3.2,28.2
0.19369330600292578,0.3278381767549079,U8,MN8014,11.046365118069513,4.012634097759197,CPG,SSPG,0.10131326051783088,0.31798835250795554,0.20028080446853236,-1.0815989252318632,3,-1.373780538823965,884.2,3.2,28.2
0.19368845618562192,0.32783834650517973,U8,MN8014,11.046576393962091,4.013128027156534,CPG,SSPG,0.10133831735834786,0.31789927559176634,0.20029052652649398,-1.081192912682613,3,-1.3771175298368954,884.1,3.2,28.2
0.1937456538302315,0.32779992196928986,U8,MN8014,11.045057808909263,4.013420311282889,CPG,SSPG,0.10133716978685868,0.31791879963722786,0.20030114707961713,-1.0809351600473722,6,-1.3794190190518227,884.1,3.2,28.2
0.1937424882412339,0.327829746100141,U8,MN8014,11.046500455400983,4.013258284513735,CPG,SSPG,0.10132627609417386,0.3178551218207915,0.20031386764793457,-1.0808791857830546,6,-1.3778100004260851,884.5,3.2,28.2
0.19375965879763074,0.3278511753621278,U8,MN8014,11.049214487356792,4.01346152641652,CPG,SSPG,0.1013444457561315,0.31781138090719135,0.2003390408043741,-1.0809562284191976,6,-1.3749370667043674,885.1,3.2,28.2
0.19376109164401553,0.3278314552695293,U8,MN8014,11.04707918399071,4.013963628426555,CPG,SSPG,0.10135071650743827,0.31774816006158474,0.2003528029948887,-1.080830249704595,5,-1.3748238461191153,885.4,3.2,28.1
0.19370862180201143,0.3279520962558662,U8,MN8014,11.045689879457772,4.013379504117683,CPG,SSPG,0.10132792643543176,0.3177647942707629,0.20032897108809056,-1.0813894124610217,7,-1.3729061996877867,885.3,3.2,28.1
0.1938188190351429,0.3277774701014126,U8,MN8014,11.049118796319426,4.014245636619072,CPG,SSPG,0.10133857656720971,0.3178794244526977,0.20034626087819865,-1.0814904390194044,5,-1.378424238613694,884.8,3.2,28.1
0.1938028710798466,0.327755082088077,U8,MN8014,11.047182030832076,4.0143031679435905,CPG,SSPG,0.10135302148003367,0.3178835183189438,0.20030712790165092,-1.0813126484395936,4,-1.3797932075853616,884.4,3.2,28.1
0.19378120696697881,0.32774242290580174,U8,MN8014,11.047925506759588,4.0148609863441465,CPG,SSPG,0.10135350770968787,0.3178243901536473,0.20027671291803034,-1.0799961010943404,2,-1.3807311303952678,883.4,3.2,28.1
0.19376079384870173,0.32752379776048857,U8,MN8014,11.047190565216441,4.014874651617715,CPG,SSPG,0.10129502314813321,0.3178380670882598,0.20030876163476788,-1.081528863510445,6,-1.3721518987653063,883.7,3.2,28.1
0.1937857412239547,0.32756847293718083,U8,MN8014,11.048370182262303,4.014479399458043,CPG,SSPG,0.10133209162990925,0.3180601301682615,0.20027841619983358,-1.0804771512732225,5,-1.377562794461955,883.5,3.2,28.2
0.1938148098893676,0.3274908034870615,U8,MN8014,11.049151799212435,4.016148619189367,CPG,SSPG,0.10128757334469424,0.3179394679266849,0.20031291163162873,-1.0802975463675044,4,-1.3815445573357312,883.8,3.2,28.1
0.1938214274629115,0.3273279484913677,U8,MN8014,11.04366127788199,4.017489576817252,CPG,SSPG,0.10123249285567423,0.31780239533030963,0.2003656755866209,-1.081326822066446,1,-1.3778419404235436,882.1,3.2,28.1
0.19377287207913357,0.32751551705608867,U8,MN8014,11.04414929449441,4.017473466967297,CPG,SSPG,0.10131942237818363,0.3178878554246618,0.2002955600719318,-1.0807881397044397,2,-1.3741452088283133,882.9,3.2,28.1
0.19387423866400233,0.3273550381077477,U8,MN8014,11.046380824641714,4.018279806311882,CPG,SSPG,0.10122388406901464,0.3177011615737247,0.20039537970122437,-1.0807509825977282,4,-1.3806145700785901,882.1,3.2,28.1
0.19388518967842597,0.3273199921116685,U8,MN8014,11.04981016736983,4.01755413932133,CPG,SSPG,0.10122835600529076,0.3178826242448901,0.20038946483485423,-1.0822614514860147,2,-1.3766081035637097,882.3,3.2,28.1
0.19389411347551555,0.3275387751453954,U8,MN8014,11.049092882418332,4.015852780001596,CPG,SSPG,0.10126025364759808,0.3179220854868476,0.2003595767331991,-1.082598472021576,0,-1.3763053165661772,881.6,3.2,28.1
0.19387781714061053,0.32758126252380226,U8,MN8014,11.047058180424226,4.016844626040381,CPG,SSPG,0.10126725065818952,0.31781857145930503,0.2003837624250649,-1.0819863857382725,7,-1.3760442135692994,882.0,3.2,28.1
0.19378937511248295,0.3274938301150457,U8,MN8014,11.04178537834314,4.017250678503802,CPG,SSPG,0.10127228728290136,0.3177787100473246,0.20038753183050284,-1.0821897857490257,7,-1.380315808480554,881.9,3.2,28.0
0.193760717152518,0.3274810295394583,U8,MN8014,11.042474750573485,4.018394189679601,CPG,SSPG,0.10129792409338212,0.31767578699542276,0.20043067097420542,-1.0819483774372314,1,-1.379550095828601,882.6,3.2,28.0
0.19378763205252147,0.3273889387822112,U8,MN8014,11.044224917995106,4.018014076793155,CPG,SSPG,0.10129960973761828,0.3177557791593938,0.20037761703691104,-1.0817038678201136,1,-1.3795405901214401,881.8,3.2,28.0
0.19377364254619428,0.3275449286217429,U8,MN8014,11.045399535558072,4.016969778097013,CPG,SSPG,0.10137875551087916,0.3178453767285506,0.20034564108889488,-1.08227854370812,6,-1.3784155877619764,881.3,3.2,28.1
0.1937846496496601,0.32752314079492717,U8,MN8014,11.044913625864595,4.018951477381836,CPG,SSPG,0.1013922306825833,0.31781324837322605,0.20041220879940333,-1.0825404856450564,5,-1.379503332441148,881.8,3.2,28.0
0.1937762286280098,0.3274345895061962,U8,MN8014,11.044420376475195,4.018241772551489,CPG,SSPG,0.10141836575646955,0.3176562996648577,0.2003882877151816,-1.0820719816297766,4,-1.3808772400172886,882.4,3.2,28.0
0.19376337368009572,0.32735124777332225,U8,MN8014,11.045703042568755,4.017906386088198,CPG,SSPG,0.10146120951056786,0.3177052616359248,0.20034954332015845,-1.081398485075578,4,-1.376889546874053,881.9,3.2,28.0
0.19375045207364114,0.3273027291946618,U8,MN8014,11.045562550671729,4.0193957493153185,CPG,SSPG,0.10142687556311297,0.31772126599018796,0.20036185331035763,-1.081020824442232,0,-1.3765949585978623,882.1,3.2,28.1
0.19368883879950347,0.3272037552458454,U8,MN8014,11.043367942837195,4.018627306438863,CPG,SSPG,0.1014343684328671,0.3177160082598687,0.20033591319632132,-1.081313939848723,1,-1.3781408779051887,882.2,3.2,28.1
0.19375328675920167,0.32719484936103255,U8,MN8014,11.045666170483237,4.020994772724821,CPG,SSPG,0.10142226435973684,0.31760999952904284,0.2003504829404907,-1.080208371055195,3,-1.371629863197266,882.7,3.2,28.0
0.1937068509830335,0.3271487313983808,U8,MN8014,11.045955970501987,4.020550103327622,CPG,SSPG,0.1014858382165803,0.3176528407720689,0.20030270802523267,-1.0808435055223518,4,-1.3755411002323434,882.0,3.2,28.0
0.19373957680089038,0.3271190997601369,U8,MN8014,11.045548154427678,4.021859211708772,CPG,SSPG,0.10140193581069093,0.3176098607554915,0.20035510529654224,-1.081109938712205,6,-1.3795444811195967,882.6,3.2,28.0
0.19377730078261685,0.3269357357634177,U8,MN8014,11.0482606300299,4.022682359936692,CPG,SSPG,0.10133450736497467,0.3175029913929346,0.2003488965785311,-1.082394264049316,2,-1.3780717957967248,882.2,3.2,28.0
0.1937368875056686,0.32704907977849473,U8,MN8014,11.048143849175721,4.022865863194984,CPG,SSPG,0.10122183054735731,0.3176858776369334,0.20035564497466948,-1.0827767215802333,0,-1.3799371682025283,883.2,3.2,28.0
0.193635775924339,0.32704297894397116,U8,MN8014,11.044735159708432,4.022305796413672,CPG,SSPG,0.10122083663520318,0.3176150247472607,0.2003910665248544,-1.0839552783044573,7,-1.3760256146500218,882.5,3.2,28.0
0.19368353301303076,0.3269512465868512,U8,MN8014,11.04384715928313,4.022406790749393,CPG,SSPG,0.1012069322570103,0.31754886292131806,0.20035731718210406,-1.0809971860781395,6,-1.3804297626914774,883.2,3.2,28.0
0.19378456854263526,0.32717727975644023,U8,MN8014,11.04669382257035,4.021119504847479,CPG,SSPG,0.10103640379914666,0.3176633036670276,0.20041065446954484,-1.084597945791896,1,-1.3757779466588547,882.9,3.2,28.0
0.19363279525694935,0.3271973741041778,U8,MN8014,11.044945216362361,4.019287907859989,CPG,SSPG,0.10118611166586478,0.3177682456368437,0.2003423379759931,-1.0826114003163871,6,-1.371813254091414,883.2,3.2,28.1
0.1936485417312096,0.32731782707928675,U8,MN8014,11.043028526407776,4.020317537442965,CPG,SSPG,0.10116834491419754,0.3177454405216587,0.20037417043543773,-1.0825170450388657,3,-1.3742216112372256,883.1,3.2,28.1
0.1936849799619168,0.3271961481701247,U8,MN8014,11.04366731260956,4.019653467030959,CPG,SSPG,0.10109967507779893,0.31759130478349024,0.20037502970366203,-1.0817138706069986,5,-1.3764226621706364,883.7,3.2,28.1
0.1935849664501127,0.3275228726632108,U8,MN8014,11.045172537368366,4.015722369734125,CPG,SSPG,0.10127291081432493,0.31787306946986976,0.20030279621664812,-1.0817837548452331,2,-1.3786117783621368,884.8,3.2,28.1
0.19367729790769075,0.3271759385169095,U8,MN8014,11.044179002810598,4.018948210860642,CPG,SSPG,0.10107746782560106,0.3176246980645876,0.2003776409137503,-1.082213889239509,0,-1.3775831052634349,883.7,3.2,28.1
0.19362924157768696,0.32724459935615774,U8,MN8014,11.041283856771113,4.018498391891923,CPG,SSPG,0.10111874565051726,0.31775563764009085,0.20039738118635936,-1.0826826735557968,4,-1.3783890597769695,883.1,3.2,28.1
0.19365506274870037,0.32719551792853896,U8,MN8014,11.045184283832693,4.019552303408405,CPG,SSPG,0.10116761176170969,0.31768346708802436,0.2003918213173702,-1.0831803922562293,3,-1.3781072370339595,883.8,3.2,28.1
0.19363760106055164,0.32716859379946706,U8,MN8014,11.046207607610503,4.021396106039684,CPG,SSPG,0.10117168219813219,0.3177145593398297,0.20039564486098208,-1.0831562584223136,6,-1.3782535618079743,883.5,3.2,28.1
0.19362027222831743,0.327206698065578,U8,MN8014,11.042675723870744,4.019986427386356,CPG,SSPG,0.10119095196306413,0.3177301506358505,0.2003666999467578,-1.0821633475535792,4,-1.3777983042554753,882.7,3.2,28.1
0.19365781115631936,0.32697182745759784,U8,MN8014,11.043055769423205,4.022936548831551,CPG,SSPG,0.10115284338174627,0.3175777576685359,0.20040201941736782,-1.0806562679545726,0,-1.380191358145738,883.0,3.2,28.0
0.19355717272970036,0.3268523693096712,U8,MN8014,11.042742097223737,4.022336848229255,CPG,SSPG,0.10117434020801779,0.31777061794477357,0.20030322104271742,-1.0813665235350653,5,-1.3760604394145615,882.4,3.2,28.1
0.19362763372487107,0.32657486820355813,U8,MN8014,11.04406477234846,4.0256508649362885,CPG,SSPG,0.10109848484988596,0.31763466720288436,0.20036257435040147,-1.081689262836769,1,-1.3773127195640882,881.8,3.2,28.0
0.1936311823641954,0.32665515585724475,U8,MN8014,11.04682105295977,4.02576730201527,CPG,SSPG,0.10117116971116169,0.3178722097407699,0.20035607597674188,-1.0803126327727792,0,-1.3775948822192419,881.7,3.2,28.1
0.1937254072523989,0.3264688144908936,U8,MN8014,11.048807822720693,4.025800631789227,CPG,SSPG,0.10111457739397993,0.31766075269298605,0.20032954818687465,-1.0796772131240513,7,-1.3794639497003054,882.6,3.2,28.0
0.19373818022419295,0.3265955165871718,U8,MN8014,11.047271347779578,4.0262559536933225,CPG,SSPG,0.10110645928888427,0.3175164878395147,0.2003741463492578,-1.0810216289865564,0,-1.3797443570021075,882.0,3.2,28.0
0.1936984459539941,0.3265706151095939,U8,MN8014,11.043775672557112,4.024969455198827,CPG,SSPG,0.10112939913466981,0.3176456538297021,0.2003705890714701,-1.0806898693000757,3,-1.375941115030816,881.6,3.2,28.0
0.19368957508366125,0.3266585790773875,U8,MN8014,11.044719550196056,4.024770577376967,CPG,SSPG,0.1010975502254643,0.3177001810079967,0.20038634004734632,-1.0812794588868337,3,-1.3784360669191624,881.1,3.2,28.0
0.19370122310681775,0.32668752658534667,U8,MN8014,11.046382551476757,4.024546901298464,CPG,SSPG,0.10105659193049496,0.31772635412886036,0.2003838824651684,-1.0814817755011796,6,-1.377388971883974,881.0,3.2,28.0
0.19363729630358256,0.32647830037281284,U8,MN8014,11.043628092616647,4.024751610940515,CPG,SSPG,0.1010592507405606,0.31762463063042135,0.2003309711298202,-1.0808553797211018,5,-1.3791841421389215,881.2,3.2,28.0
0.19367003109816555,0.3264669348532515,U8,MN8014,11.045535396758577,4.025011571272905,CPG,SSPG,0.10103901743109628,0.3177759246321382,0.20033156486168832,-1.08152129592072,3,-1.379386760987166,880.7,3.2,28.0
0.19360047681142634,0.326438374714334,U8,MN8014,11.04223960070478,4.025170492529394,CPG,SSPG,0.10107456284023313,0.3178565026991993,0.20029396182210404,-1.0813315576434237,4,-1.37843743124796,880.0,3.2,28.0
0.19361573042572242,0.32662651918694474,U8,MN8014,11.042157661266085,4.023058118858134,CPG,SSPG,0.10104647357002497,0.3178906237366472,0.2003179361342688,-1.0833723188555835,1,-1.3761063442514443,881.2,3.2,28.0
0.19365147549859096,0.3265756597312824,U8,MN8014,11.04455278370751,4.022074480645508,CPG,SSPG,0.10109975597993673,0.3178396448281079,0.20028308127068709,-1.081960393406531,2,-1.373391544151346,880.7,3.2,28.0
0.19365185820778902,0.3265544960899805,U8,MN8014,11.045995994986004,4.024213701994994,CPG,SSPG,0.10108361026302363,0.3177976785506381,0.2003103545742789,-1.0817029331836239,3,-1.369949418158897,881.3,3.2,28.0
0.19367285577685717,0.32643985641204204,U8,MN8014,11.046087568167565,4.026541457655588,CPG,SSPG,0.10101823527153928,0.31765599274016365,0.20033671568328953,-1.0812220412494624,6,-1.379518269240064,881.3,3.2,28.0
0.19369631144660635,0.32665176376773564,U8,MN8014,11.044774557026802,4.024832172488612,CPG,SSPG,0.10103792700552636,0.3176279749451758,0.20033510780330538,-1.0810597612097377,3,-1.378442793643404,881.1,3.2,28.0
0.19369331303291273,0.32655446685702305,U8,MN8014,11.044356967626609,4.025995661852637,CPG,SSPG,0.10101692466212829,0.31764119579141076,0.20033184712786484,-1.0811286571161736,2,-1.3771627128554815,881.5,3.2,28.0
0.19372544389313298,0.32666321489393896,U8,MN8014,11.046470352896764,4.025031797458036,CPG,SSPG,0.10107562955504988,0.31769033213079967,0.200329146211047,-1.0817605836516417,2,-1.3784850036817522,881.1,3.2,28.0
0.19371344694692164,0.32650251672292857,U8,MN8014,11.046051869655582,4.026590911533175,CPG,SSPG,0.10110453348488761,0.31763847058631456,0.20033308163141703,-1.0808016201607267,5,-1.378666625889335,881.2,3.2,28.0
0.19370689012967335,0.3265527590848302,U8,MN8014,11.04746290238462,4.024947128390369,CPG,SSPG,0.1011354640615793,0.31766550547004024,0.20028808171222665,-1.080179570325005,4,-1.3807358581800742,882.3,3.2,28.0
0.19367619825867716,0.326488606246886,U8,MN8014,11.043303291941566,4.027401440319368,CPG,SSPG,0.10120742264110041,0.3174118984272325,0.20030606211572666,-1.0794626826579803,2,-1.3747494818570658,882.1,3.2,28.0
0.19372728348957768,0.32661621831765353,U8,MN8014,11.04555642551719,4.02665028244204,CPG,SSPG,0.10112513364674966,0.3174017807488499,0.2003434647562575,-1.0802361440648744,7,-1.3798671679672507,882.0,3.2,28.0
0.193724627888385,0.32652160286583337,U8,MN8014,11.04765620492705,4.02589795546556,CPG,SSPG,0.10115183330521359,0.3175420245241238,0.20030389289460776,-1.0812896626164017,6,-1.3778773071706851,881.9,3.2,28.0
0.1937314340233191,0.32649979790665834,U8,MN8014,11.046644599296013,4.028283349490611,CPG,SSPG,0.10111660443669676,0.31741023177743105,0.2003557011151018,-1.0810585337274239,7,-1.36802537589418,881.7,3.2,28.0
0.19364588214092626,0.32652307352622556,U8,MN8014,11.04532325561372,4.027101274771393,CPG,SSPG,0.10112091421081965,0.3174500214041608,0.20032639081732867,-1.0808343876238649,1,-1.375908045705068,882.4,3.2,28.0
0.1937267604993887,0.32652131414099606,U8,MN8014,11.044345573306686,4.028425046113246,CPG,SSPG,0.101125136297753,0.31737548602777166,0.20037253242056632,-1.0812935281048055,1,-1.3741177465536545,881.6,3.2,28.0
0.19369578416237276,0.326672578914655,U8,MN8014,11.046239318132658,4.027364476411717,CPG,SSPG,0.10117458083996236,0.3173967010030002,0.2003426730086939,-1.0813347311459611,7,-1.3793469634664879,882.5,3.2,28.0
0.1937393375215205,0.3264868250254228,U8,MN8014,11.047720717869428,4.028899219244368,CPG,SSPG,0.10117178806022986,0.3172675694748738,0.200346237367525,-1.0799719225937658,0,-1.3765710351288352,883.3,3.2,28.0
0.19364162475253288,0.3266301910063706,U8,MN8014,11.045784122087191,4.028401477014676,CPG,SSPG,0.10118036448970491,0.3173714893145412,0.2003335164818625,-1.0814860703432312,1,-1.3795596651759459,882.6,3.2,28.0
0.19362629937706038,0.32666148301003173,U8,MN8014,11.046246007582496,4.028436022265273,CPG,SSPG,0.10115284433663332,0.3173469964725784,0.200347072339091,-1.0822278344870508,6,-1.3792815913983008,883.2,3.2,28.0
0.19369126544049048,0.326641557202376,U8,MN8014,11.04766638266377,4.029231093377584,CPG,SSPG,0.10120417115360578,0.3172320144462819,0.20035283352171757,-1.0811170949870967,1,-1.3792684027996103,883.4,3.2,28.0
0.1936954545286662,0.32671730919341524,U8,MN8014,11.046344693168692,4.0281289447379365,CPG,SSPG,0.1011582621798103,0.3172390482929506,0.2003346870714116,-1.0811335919563883,0,-1.3756464216634168,883.6,3.2,28.0
0.19364127886957863,0.3267478768138957,U8,MN8014,11.044989827958135,4.028870302946738,CPG,SSPG,0.10113704190247627,0.31732633222986734,0.2003400763156207,-1.0815239729452006,1,-1.3752616816414935,883.2,3.2,28.0
0.1936937425027888,0.32670575997970663,U8,MN8014,11.046204569315755,4.030810553942642,CPG,SSPG,0.10108422740117277,0.31715833075781075,0.20035882250868484,-1.0807007272175646,7,-1.37983502079189,883.5,3.2,28.0
0.19366370788980763,0.32681489949606407,U8,MN8014,11.046653845047803,4.028359467294154,CPG,SSPG,0.10115334816490604,0.3173518421346895,0.2003454488079031,-1.0819112458006646,6,-1.3736040043391604,883.3,3.2,28.0
0.19369994532662738,0.32682573119045677,U8,MN8014,11.046436229913535,4.028409897915252,CPG,SSPG,0.10117209025542988,0.31724108161457726,0.20033325995432735,-1.0812533630769603,5,-1.378669269522673,883.0,3.2,28.0
0.1937188044141152,0.3268290116516889,U8,MN8014,11.0471712568275,4.029247723410089,CPG,SSPG,0.10116242909884593,0.31713212291010384,0.20036222892493272,-1.0810321267365977,0,-1.3806071952830798,883.5,3.2,28.0
0.19368300444939296,0.32686873194269794,U8,MN8014,11.045594264126128,4.029788588683353,CPG,SSPG,0.10125121423314253,0.31714721133533863,0.20034385235248728,-1.0809323881313186,4,-1.3754609714727168,883.7,3.2,28.0
0.19371686560628262,0.32687338583121744,U8,MN8014,11.045801118527256,4.0298985303515815,CPG,SSPG,0.10115353234905056,0.31707615277684387,0.20034844247268688,-1.0811331357081764,1,-1.3766205840214036,884.3,3.2,28.0
0.19367954098469412,0.32682193853870045,U8,MN8014,11.044393609501766,4.030066328293041,CPG,SSPG,0.10115218381247204,0.31722504202299867,0.2003603212339274,-1.0815764732705049,0,-1.3796745861647022,883.5,3.2,28.0
0.19367600025911835,0.3268977834644597,U8,MN8014,11.042399103110744,4.029656452356441,CPG,SSPG,0.10110608978021343,0.3172354910063702,0.20033611825630848,-1.0818205524536526,4,-1.3804621372342876,883.3,3.2,28.0
0.19370150084764748,0.32708977282397683,U8,MN8014,11.04344274937963,4.028190645434921,CPG,SSPG,0.10112332946161345,0.31718293156495625,0.20033728859545696,-1.0820537725984458,1,-1.3793154297825092,883.4,3.2,28.0
0.19363857768003612,0.3269303597525768,U8,MN8014,11.043058027273268,4.0274643186550065,CPG,SSPG,0.10110746920132815,0.31750897795314714,0.20030038669317676,-1.0832896790045563,6,-1.3784044307245331,882.3,3.2,28.0
0.1936717663540386,0.327039360864542,U8,MN8014,11.042737577137597,4.027684350615833,CPG,SSPG,0.10112234490792843,0.31732889837241446,0.2003506695717782,-1.0826275256490752,6,-1.379781282993295,883.0,3.2,28.0
0.19370694579177833,0.32709597175685023,U8,MN8014,11.04400571381479,4.029349519902191,CPG,SSPG,0.10108047247447548,0.31720504668128574,0.20036059423371846,-1.0821773447590166,1,-1.379785927874325,883.4,3.2,28.0
0.19372368066690615,0.3271958151474343,U8,MN8014,11.045316389724471,4.026680608822292,CPG,SSPG,0.10107303482459248,0.3173510149040529,0.2003384863854337,-1.0835019683754863,3,-1.3800465312235763,882.9,3.2,28.0
0.19378391810952966,0.32708458577043875,U8,MN8014,11.046004415011346,4.027942290541168,CPG,SSPG,0.10106118366483827,0.3171663495501893,0.20037436239484088,-1.0818271731117866,2,-1.380470946341406,883.6,3.2,28.0
0.19380210948510085,0.3269702344304075,U8,MN8014,11.04511504128933,4.0293115322509605,CPG,SSPG,0.10109772051442506,0.3172033201978337,0.20037020781330908,-1.081158881537058,4,-1.3810316168900547,883.3,3.2,28.0
0.1937704952224055,0.327167231906096,U8,MN8014,11.043942370529734,4.02732857939076,CPG,SSPG,0.1010697986950348,0.31719335913769076,0.200349596120328,-1.0820430995428487,7,-1.3805245177604473,883.3,3.2,28.0
0.19377656341939883,0.32710527858546157,U8,MN8014,11.043758995014842,4.028378959584281,CPG,SSPG,0.10102630498593854,0.31716515774690063,0.20037226973585961,-1.081589527450351,2,-1.3808003164059448,883.5,3.2,28.0
0.19381978930684454,0.3271786322464608,U8,MN8014,11.045189059348939,4.028119103865459,CPG,SSPG,0.10110540315159908,0.31702734608658206,0.2003677787813198,-1.080829338405831,1,-1.3778691389772977,884.0,3.2,28.0
0.19376971214948574,0.32708703214636553,U8,MN8014,11.043633804562816,4.029654013651781,CPG,SSPG,0.10108060488981885,0.31703279826001474,0.20035344957707762,-1.081165849357497,3,-1.379508059234329,884.1,3.2,28.0
0.19379796778644393,0.32707930493124593,U8,MN8014,11.046106938678268,4.028674054250554,CPG,SSPG,0.1010322495002208,0.3169398539716605,0.20035010873259543,-1.0820178482400773,6,-1.3819074559818114,884.9,3.2,28.0
0.19382586255628353,0.3270267691167886,U8,MN8014,11.046988550135604,4.029983346241991,CPG,SSPG,0.10104682729716766,0.3169358282101752,0.20036710803912314,-1.0813203742564166,0,-1.3806040679967557,884.9,3.2,28.0
0.19385361391455536,0.3271020509159312,U8,MN8014,11.047132268611263,4.028929927893033,CPG,SSPG,0.10107042870200628,0.31705169739050687,0.20034737759203858,-1.081486548730879,6,-1.3809756110556197,884.0,3.2,28.0
0.1938410930053825,0.3271040904599498,U8,MN8014,11.045894230289175,4.029421204094885,CPG,SSPG,0.10106229292017514,0.3170494215782499,0.20037872562975978,-1.0814549855906948,2,-1.382270409589391,884.1,3.2,28.0
0.193869442359825,0.3270974807069827,U8,MN8014,11.047640266930458,4.028260414338847,CPG,SSPG,0.10105219154495769,0.31697846356673814,0.20035043573107725,-1.0814139494522927,0,-1.3807120909678252,884.5,3.2,28.0
0.193857564989815,0.32719008346954576,U8,MN8014,11.047105538028173,4.02865953071371,CPG,SSPG,0.10112228201245654,0.3170863428854378,0.2003561638380945,-1.0811357875355332,1,-1.3780880786619472,883.7,3.2,28.0
0.19386429150235077,0.3272048240608743,U8,MN8014,11.046461230371312,4.02887447518355,CPG,SSPG,0.10109524931085143,0.3170059225416387,0.20035837836687007,-1.0817927347914178,4,-1.380886314329361,884.4,3.2,28.0
0.19382470038912245,0.3269598474962845,U8,MN8014,11.048623509225507,4.029833869050968,CPG,SSPG,0.10114594836277649,0.3170102812673202,0.2003481008712051,-1.0815402785869388,4,-1.3797645672520487,884.6,3.2,28.0
0.1938293256668287,0.32699545469049596,U8,MN8014,11.048433830104077,4.028427898296515,CPG,SSPG,0.10110396545788622,0.3170970198604004,0.20032806179211385,-1.0823055402260944,4,-1.3797090257532592,884.4,3.2,28.0
0.19383125503647547,0.3269084251073846,U8,MN8014,11.048598135303239,4.030165542373391,CPG,SSPG,0.10113727602580408,0.31699907643100494,0.20033766548831575,-1.0817830278220546,6,-1.381054938972735,884.8,3.2,28.0
0.1938492849086509,0.3268414568002751,U8,MN8014,11.049831054406866,4.031447127942809,CPG,SSPG,0.10109150154766827,0.3169990374480863,0.20034332883925682,-1.0818701132385184,2,-1.381549587601957,885.0,3.2,28.0
0.19383121179368454,0.3269817616141937,U8,MN8014,11.048205236929604,4.031320535441675,CPG,SSPG,0.10121876279604519,0.31708521202891693,0.20034297929987727,-1.0817054105717276,1,-1.3815804987323066,884.0,3.2,28.0
0.19384811620934467,0.3269637347460901,U8,MN8014,11.049607911251293,4.031255467546875,CPG,SSPG,0.10121430205857065,0.3169405714585456,0.2003538239333173,-1.0810431839705705,1,-1.3808722696690685,884.6,3.2,28.0
0.19384995406790395,0.32696476436979294,U8,MN8014,11.047319249190362,4.02954403281263,CPG,SSPG,0.10116361919226938,0.3170453497748847,0.20037505947755005,-1.0804940151639604,6,-1.380096381590481,884.0,3.2,28.0
0.19383412465132777,0.32698045559476585,U8,MN8014,11.048227557965905,4.031537114228304,CPG,SSPG,0.10120470383879274,0.3169392927882694,0.20039818741239568,-1.0809727472625656,1,-1.3818667437213534,884.4,3.2,27.9
0.19381430572477512,0.32683388006165565,U8,MN8014,11.046933450898528,4.032738861948333,CPG,SSPG,0.10126056886382387,0.31679390834498844,0.2003615548831976,-1.080123107789256,0,-1.3825869731959823,885.2,3.2,28.0
0.19380218111328787,0.32691452634467366,U8,MN8014,11.04784647554263,4.031275453622862,CPG,SSPG,0.10128332843127247,0.31697425991301076,0.2003429492086667,-1.0808411909729836,2,-1.3798147093444912,884.4,3.2,28.0
0.19376927466087696,0.3268597194926574,U8,MN8014,11.04643241874044,4.031019745732542,CPG,SSPG,0.10128564100423765,0.31699641189663647,0.20035524375908148,-1.0806512445541518,1,-1.3802333825349722,884.3,3.2,28.0
0.19382937072101883,0.3268307020494926,U8,MN8014,11.047929583321071,4.032135742067917,CPG,SSPG,0.10127686313047024,0.3168682519998004,0.20034777338004253,-1.080233149113021,3,-1.3821572999442173,884.4,3.2,27.9
0.19378016612543225,0.3268211750918861,U8,MN8014,11.049510648057932,4.031083102887529,CPG,SSPG,0.10120284148411644,0.3169266799908246,0.20031539905944423,-1.0811562281971856,3,-1.3777441234071208,885.0,3.2,28.0
0.19376169616031488,0.32686147963152123,U8,MN8014,11.04958098319735,4.0307042423742425,CPG,SSPG,0.10120049638041853,0.3169802781821155,0.20031024525846475,-1.0815121553391573,0,-1.380843850027916,884.3,3.2,28.0
0.19376641181100585,0.3269656034878724,U8,MN8014,11.048505510584139,4.029101736603815,CPG,SSPG,0.10125947459070198,0.3169877180493201,0.20035749817365617,-1.0811820963528158,1,-1.3796514182424469,884.3,3.2,28.0
0.19380078378818716,0.32711419061731295,U8,MN8014,11.048696030869053,4.029534147360578,CPG,SSPG,0.10113459511564996,0.3170100644713918,0.20036211376374172,-1.0821355691272139,6,-1.3810056942518525,884.4,3.2,28.0
0.19381464239012572,0.3271524079191968,U8,MN8014,11.049555298958794,4.028386877316609,CPG,SSPG,0.10123445052057017,0.31682477704681017,0.2003677539934774,-1.0811022825594319,3,-1.381417379336062,884.7,3.2,28.0
0.19378033525115018,0.327161620452158,U8,MN8014,11.047921611757975,4.028108394520757,CPG,SSPG,0.1012520541816104,0.31699273971674813,0.20036138144280233,-1.0814460208097656,5,-1.379835329974779,884.0,3.2,28.0
0.19382891438605426,0.32701054573024735,U8,MN8014,11.04881206113943,4.029388362220651,CPG,SSPG,0.1012735559369344,0.3168823631076681,0.20035441131007337,-1.0802750858267554,6,-1.3782011699785217,884.6,3.2,28.0
0.19382056963487268,0.3269348427986757,U8,MN8014,11.048312873518771,4.029727508638487,CPG,SSPG,0.10130281068571273,0.31683374392680896,0.20034966650417446,-1.079973526985327,4,-1.378146043477643,884.9,3.2,28.0
0.1938375502485385,0.3269217002326855,U8,MN8014,11.048372770804347,4.029814597535714,CPG,SSPG,0.10127355623805176,0.31690572166293596,0.20038659089290486,-1.079994849230246,1,-1.382452592911366,884.3,3.2,28.0
0.1938478968915218,0.3269561899135468,U8,MN8014,11.047215816397792,4.0306192341120965,CPG,SSPG,0.10127156716126284,0.3168863183736092,0.20040623803628796,-1.0800269024703018,2,-1.3822969581426925,884.3,3.2,27.9
0.19388836884081873,0.32693051526910866,U8,MN8014,11.04859736877882,4.031661656424514,CPG,SSPG,0.10130786719651813,0.3167932885971543,0.20040908518564812,-1.0797023831565542,1,-1.3823882957178828,884.8,3.2,27.9
0.1938949691284012,0.32683707004981083,U8,MN8014,11.047332021175306,4.031047595455018,CPG,SSPG,0.10125612368390191,0.31677519755847733,0.20040595620190182,-1.0790097922641968,5,-1.3825625967286452,884.8,3.2,27.9
0.19387694799269695,0.32677039149693454,U8,MN8014,11.048772811628579,4.031497846702772,CPG,SSPG,0.1012723547532221,0.3167487037950453,0.2003905225133746,-1.0792352742843447,1,-1.3834308778595696,884.9,3.2,27.9
0.1939327300619683,0.32695137546324066,U8,MN8014,11.048778617621714,4.030153975578466,CPG,SSPG,0.10131787551524099,0.31668652412197773,0.20040882324812778,-1.0785185099184469,0,-1.3837401102825133,884.6,3.2,27.9
0.19393997705941407,0.32698063748180006,U8,MN8014,11.048567021455629,4.0291641965511955,CPG,SSPG,0.10133662168196056,0.3167903537949605,0.20041565383483487,-1.079041806742263,7,-1.3822837757978297,884.5,3.2,27.9
0.19392971615125099,0.32688625618765976,U8,MN8014,11.048110178108397,4.029609855289413,CPG,SSPG,0.10131267463350871,0.31678182811663486,0.20042055820312393,-1.0789272663103429,5,-1.38459679890844,884.5,3.2,27.9
0.19390686277117097,0.32677017315812884,U8,MN8014,11.04915673997564,4.0305204754596,CPG,SSPG,0.10126933310721861,0.3167592993246173,0.20040948632782443,-1.079173547900689,2,-1.3844110089402974,884.9,3.2,27.9
0.19391883610973254,0.3267868391285958,U8,MN8014,11.049012547052673,4.031056129731658,CPG,SSPG,0.10126449672059445,0.31669815845222715,0.20043208737343754,-1.0791790874295946,0,-1.3841023896440179,885.5,3.2,27.9
0.19394995932419698,0.32674839834090336,U8,MN8014,11.048534814030408,4.031350659643619,CPG,SSPG,0.10128177880171785,0.31663962981456817,0.20043852570317064,-1.0785419464186625,6,-1.385469372270551,885.6,3.2,27.9
0.19393481651810887,0.3267687355554007,U8,MN8014,11.04825207345065,4.030506310164435,CPG,SSPG,0.10124877578350802,0.31660894261561895,0.20044455721352722,-1.0782712394510772,0,-1.3832932157101414,885.8,3.2,27.9
0.19388363344788367,0.3268709862459702,U8,MN8014,11.048005741359237,4.030218129242342,CPG,SSPG,0.10127180064746277,0.31673112896924227,0.2003898404293974,-1.0790142912455942,2,-1.3834832152997611,885.0,3.2,28.0
0.19395131136802107,0.3268319956616513,U8,MN8014,11.04829918936523,4.030779949172049,CPG,SSPG,0.10125047662333263,0.316704019265149,0.2004222423039253,-1.078838979177733,2,-1.3844092532312988,885.2,3.2,27.9
0.1939132695606106,0.326877246221819,U8,MN8014,11.0492047378366,4.030630090650857,CPG,SSPG,0.10123997344303873,0.3167753726410723,0.20040222280510422,-1.080039032040833,1,-1.384177849542544,885.1,3.2,27.9
0.19396913158964812,0.3269370255743391,U8,MN8014,11.049417909014673,4.029902690795412,CPG,SSPG,0.10122706294540183,0.316705416904001,0.2004116725024323,-1.0797954799339988,0,-1.3841205817198459,885.5,3.2,27.9
0.19395603639967154,0.3269090662282541,U8,MN8014,11.049345836805474,4.030642346666552,CPG,SSPG,0.1012200057398504,0.31664882192507904,0.2004383937070347,-1.0796192873878014,4,-1.3844840964466227,885.9,3.2,27.9
0.1939441899101425,0.3269098692803933,U8,MN8014,11.049358105050963,4.030493591930116,CPG,SSPG,0.10124020162973112,0.31669945146821765,0.20043202348605202,-1.0797606354695495,5,-1.385150087988924,885.5,3.2,27.9
0.19393141551770174,0.326972780860011,U8,MN8014,11.048069477515448,4.030081997836355,CPG,SSPG,0.10126558044739001,0.31667884749272207,0.20043422316835593,-1.079780103904554,5,-1.3829643270735117,885.8,3.2,27.9
0.1939226748113721,0.3268890858805712,U8,MN8014,11.04848601644695,4.0304316979896635,CPG,SSPG,0.10127365860397536,0.31668860306006813,0.20043239472148405,-1.079502577915105,6,-1.383768120473139,885.6,3.2,27.9
0.1939370412709311,0.3269181677284799,U8,MN8014,11.048841634028154,4.0297700968251124,CPG,SSPG,0.10122138503428779,0.3166041910156024,0.20044043605311715,-1.0794993776795376,1,-1.384874219725841,886.0,3.2,27.9
0.1939522872217529,0.3268451807817092,U8,MN8014,11.048105096502809,4.030933733049166,CPG,SSPG,0.10125422408056808,0.3165205584184274,0.20046622379897533,-1.0787271689051479,4,-1.3858151231739884,886.4,3.2,27.9
0.19398130962723745,0.3269370961759446,U8,MN8014,11.048833802630075,4.030690984781078,CPG,SSPG,0.10123703403354682,0.31652375426996415,0.20045412452255626,-1.0787787589591238,3,-1.3860486533250116,886.1,3.2,27.9
0.19397448710197807,0.3268224750621566,U8,MN8014,11.048541735450776,4.031091271328972,CPG,SSPG,0.10123332075709623,0.3165599782515421,0.20045369091844492,-1.0779161943568973,6,-1.385104511884272,885.7,3.2,27.9
0.1939788434902596,0.32689096512725974,U8,MN8014,11.049325199875298,4.031490913967561,CPG,SSPG,0.10125039907841735,0.31650896309807347,0.20045473199428981,-1.0782826787669604,4,-1.3854265688669818,886.0,3.2,27.9
0.19398226084301265,0.32681093382745807,U8,MN8014,11.049647052400722,4.03105534238544,CPG,SSPG,0.10126126244030964,0.31650275593591376,0.20046733228904132,-1.0780972439861587,5,-1.3863800157496966,886.1,3.2,27.9
0.19399066661180417,0.3268591910855583,U8,MN8014,11.048749752207954,4.031309965107319,CPG,SSPG,0.10126123918038474,0.31642819079453144,0.2004802988054702,-1.0778194456526209,1,-1.386761547158014,886.4,3.2,27.9
0.19396779982395757,0.3268574683874926,U8,MN8014,11.048568813528624,4.031707865812263,CPG,SSPG,0.10128767742076691,0.31648250102656594,0.20049659079126972,-1.0783150275331148,2,-1.3862214709502823,886.5,3.2,27.9
0.19397270952596496,0.32683125748136643,U8,MN8014,11.048364575715784,4.03142706396791,CPG,SSPG,0.10129393131355449,0.3164908153886448,0.20048788577706816,-1.0777899104969633,3,-1.3856733657887323,886.2,3.2,27.9
0.19399406141326372,0.3269073445561224,U8,MN8014,11.049639260988332,4.030688792445041,CPG,SSPG,0.10128293140389992,0.3164538750183481,0.20049187306543698,-1.0780295630401908,2,-1.386395327299092,886.3,3.2,27.9
0.19398004294033935,0.3268526031558556,U8,MN8014,11.048276417473284,4.03186315724184,CPG,SSPG,0.10128635412695607,0.31639613476916706,0.20049771960687465,-1.077182359556667,2,-1.3866496878497427,886.3,3.2,27.9
0.19399547333608919,0.32687714644708066,U8,MN8014,11.048829498993559,4.031810299088652,CPG,SSPG,0.10128449741687444,0.3162877922860607,0.200495549444749,-1.0768364384430833,3,-1.3856193167667463,886.8,3.2,27.9
0.19397120341433677,0.32680851420102885,U8,MN8014,11.047738110010942,4.031574211015993,CPG,SSPG,0.1012707828890824,0.3163693119660212,0.20050689785914302,-1.0766694849937124,7,-1.3867109591127242,886.3,3.2,27.9
0.1940025145551292,0.326933787669213,U8,MN8014,11.048285708038199,4.03136505648001,CPG,SSPG,0.1012479317746017,0.31632752209765697,0.2004931007299689,-1.0768705711789925,7,-1.3870217247673509,886.3,3.2,27.9
0.19399999921084277,0.3268576900527493,U8,MN8014,11.048249483288606,4.031714866072027,CPG,SSPG,0.1012972254336264,0.3162328252037685,0.20050579949211308,-1.0761678631076594,0,-1.3871050450681803,886.7,3.2,27.9
0.19400461976446862,0.32687617872625885,U8,MN8014,11.049231018953746,4.030748929992991,CPG,SSPG,0.1012668903829052,0.31633324128941026,0.20048365845693036,-1.076560436215237,0,-1.3867864445656997,886.1,3.2,27.9
0.1939741536981242,0.32685340987981343,U8,MN8014,11.048621770427802,4.030855536453474,CPG,SSPG,0.10130726459298714,0.31632382223263883,0.20047043962816735,-1.0765565834799735,0,-1.3864145700904356,886.1,3.2,27.9
0.19398890206616476,0.3267606974378054,U8,MN8014,11.04899175400013,4.03154453072148,CPG,SSPG,0.10127037398622432,0.31625234075574843,0.20049150986874048,-1.0762007416218247,6,-1.3859873707901222,886.8,3.2,27.9
0.19397826321271663,0.3267212347002815,U8,MN8014,11.049403239622539,4.031103447572996,CPG,SSPG,0.10134002252735783,0.31623017573531864,0.20047232952271937,-1.075735584888871,4,-1.3869487401358995,886.4,3.2,27.9
0.19398207571275736,0.32676791035740416,U8,MN8014,11.048583880368373,4.031536506808714,CPG,SSPG,0.10134281936823081,0.316296182842947,0.2004798213678929,-1.0759066614161479,6,-1.3861807602883003,886.2,3.2,27.9
0.19395301861241196,0.3266725130083695,U8,MN8014,11.048553251633084,4.032459327320393,CPG,SSPG,0.1013520632812232,0.316279980469952,0.2004678520870483,-1.0755583400486903,6,-1.3855673977248033,886.2,3.2,27.9
0.19397092780142833,0.3266995797497114,U8,MN8014,11.048765150385666,4.032389958959475,CPG,SSPG,0.10133531249000598,0.3162336605026993,0.2004819822520828,-1.075204007880575,1,-1.386573457606862,886.2,3.2,27.9
0.19398080013085683,0.32660431129266887,U8,MN8014,11.049212795134771,4.032440900148166,CPG,SSPG,0.10132736517498162,0.3161937062094646,0.20046076278671693,-1.075008627467102,0,-1.3870395638976074,886.4,3.2,27.9
0.19396107734035958,0.3266712856947327,U8,MN8014,11.049000712532973,4.031558053391844,CPG,SSPG,0.10133470446242607,0.31628417598801634,0.20046470405868466,-1.0759280672396838,3,-1.386501375037568,886.3,3.2,27.9
0.1939766697025589,0.3266345320693105,U8,MN8014,11.049262045889638,4.03193789376217,CPG,SSPG,0.10134032390037938,0.31631843676084953,0.2004493499529074,-1.0759554312114665,0,-1.3861035451059367,886.2,3.2,27.9
0.19397893340306124,0.32661285479212243,U8,MN8014,11.04965255885577,4.031991195106384,CPG,SSPG,0.10134659771672871,0.31629491687964745,0.20044719568001135,-1.0758421283180835,3,-1.3868805600118712,886.2,3.2,27.9
0.19396662595661654,0.3266353765443093,U8,MN8014,11.04964039689861,4.031588781666929,CPG,SSPG,0.10136172974679103,0.31631601746425586,0.20044899176333578,-1.0761974058742347,2,-1.3861253824964468,886.3,3.2,27.9
0.19397416181435478,0.32665515359102304,U8,MN8014,11.04926475531336,4.031165533315848,CPG,SSPG,0.1013111310687663,0.31636085797205027,0.20045646916072457,-1.0767651455698575,6,-1.3859193870433133,886.5,3.2,27.9
0.19396559847853775,0.32658052157696005,U8,MN8014,11.049959689961096,4.031324190816084,CPG,SSPG,0.10137379523627371,0.31630045025788706,0.20042753296642402,-1.0762672944885314,1,-1.3863863994884316,886.4,3.2,27.9
0.19397359142474102,0.32657292321715464,U8,MN8014,11.049983041190805,4.031148013311312,CPG,SSPG,0.1013585057978899,0.3162726766656597,0.2004285738445668,-1.0765349045632202,7,-1.386634960019605,886.8,3.2,27.9
0.1939699146239205,0.32658381349883264,U8,MN8014,11.049692614528908,4.030989733280011,CPG,SSPG,0.10138421309849141,0.31628690123261366,0.20042497468364745,-1.076670271292963,0,-1.3863094691778208,886.8,3.2,27.9
0.19396328169629368,0.3266319422508414,U8,MN8014,11.049148219524632,4.031531759029756,CPG,SSPG,0.10132991651265877,0.316219244602834,0.2004451155043639,-1.0766883023227076,5,-1.3859461234379822,887.3,3.2,27.9
0.19400042139193507,0.3266576798276551,U8,MN8014,11.04933489292214,4.031295045908337,CPG,SSPG,0.10132561883820748,0.31627407869643587,0.20046508728565632,-1.0761713245797222,5,-1.3858967252888874,886.8,3.2,27.9
0.19397494041926433,0.326611194799118,U8,MN8014,11.04896639700601,4.031355496256975,CPG,SSPG,0.10135408782427627,0.3162460432361191,0.2004560571874855,-1.076121017600463,4,-1.3862214719071018,886.9,3.2,27.9
0.1939724025434031,0.3265717861140672,U8,MN8014,11.048895986444819,4.031297632919827,CPG,SSPG,0.10133586733929217,0.316261865204735,0.2004404794941782,-1.0765237228549398,5,-1.386964357176164,887.0,3.2,27.9
0.19397604456298806,0.32662196874567556,U8,MN8014,11.048626057784181,4.031534340773779,CPG,SSPG,0.10135740441437766,0.31626154025699915,0.20044538985841923,-1.0760138463897626,1,-1.3867066440835707,886.6,3.2,27.9
0.19396904585805852,0.32663750635281347,U8,MN8014,11.048188597549952,4.031344340934804,CPG,SSPG,0.10134086246653778,0.3162402537929576,0.20044853958115347,-1.0762841382981945,6,-1.3867995943566678,886.9,3.2,27.9
0.1939565997659223,0.3266577563073101,U8,MN8014,11.047632798178054,4.030469966620669,CPG,SSPG,0.1013446090434699,0.31633353902371203,0.2004537391292198,-1.0768605875777322,6,-1.3866734326112775,886.7,3.2,27.9
0.19396657699357564,0.3266757640196587,U8,MN8014,11.04753690343525,4.030357749528742,CPG,SSPG,0.10136498956948958,0.31629419322262786,0.20044329949227271,-1.0764140617442166,3,-1.3863924237539242,886.6,3.2,27.9
0.19394964635194478,0.3266090844254862,U8,MN8014,11.048340843399517,4.030140256566002,CPG,SSPG,0.10136932028304266,0.31633590545295803,0.2004363779741652,-1.0768303835273025,7,-1.385778506787113,886.7,3.2,27.9
0.19395646819889545,0.32659406274837943,U8,MN8014,11.04835479059766,4.030269165777592,CPG,SSPG,0.10137818145988708,0.31638568973829334,0.2004373137867436,-1.0766953981828309,5,-1.3863420883376643,886.3,3.2,27.9
0.19395153232843476,0.3266327818429219,U8,MN8014,11.048698463792949,4.030101573860325,CPG,SSPG,0.10135004420321297,0.316366176764041,0.20044282504989827,-1.076923159119308,5,-1.3859516399395826,886.5,3.2,27.9
0.1939602818627082,0.3266966560868052,U8,MN8014,11.048048181316421,4.030265294885326,CPG,SSPG,0.10135298429768873,0.31636896745944165,0.20045269409746916,-1.0766668635430365,1,-1.3866224452172151,886.2,3.2,27.9
0.19393726366695424,0.3266455565027929,U8,MN8014,11.048042567004245,4.030069374673831,CPG,SSPG,0.1013483105048158,0.3164231966408728,0.2004455551536074,-1.0771996000588382,3,-1.3860316401560562,886.3,3.2,27.9
0.19394127091761448,0.32664836857879576,U8,MN8014,11.048294098864943,4.030046513384133,CPG,SSPG,0.10134400052415163,0.31643098629908206,0.20043880208729262,-1.077347257005952,4,-1.3859959450432564,886.3,3.2,27.9
0.19394939346455178,0.3266500683816522,U8,MN8014,11.048054847379097,4.02996484224294,CPG,SSPG,0.10133180482868863,0.31641357565059497,0.2004602802983987,-1.0770495750778724,1,-1.3859830425874495,886.4,3.2,27.9
0.19393104692375435,0.3266238524931887,U8,MN8014,11.047959206851957,4.03024699319414,CPG,SSPG,0.10133616384545849,0.3164196531031474,0.20045391386617772,-1.0771751831569114,4,-1.3860654109669,886.4,3.2,27.9
0.19393238853558642,0.32662310456281257,U8,MN8014,11.048208688909464,4.030470103180823,CPG,SSPG,0.1013464068567079,0.3164028544505007,0.20044373848673736,-1.0771855997203001,0,-1.3863282403968276,886.4,3.2,27.9
0.19393305037086853,0.3265966283352885,U8,MN8014,11.048455114776683,4.030184264060676,CPG,SSPG,0.1013713859777452,0.3164136005490307,0.20045069120100312,-1.0768422049951893,4,-1.386279622533718,886.2,3.2,27.9
0.19394590270851741,0.32653998174654614,U8,MN8014,11.048431370973836,4.030314079573693,CPG,SSPG,0.10134238248834082,0.3163760022612506,0.20043989581629232,-1.0764333172636738,7,-1.3862933997218754,886.3,3.2,27.9
0.19394034165401267,0.326567937972472,U8,MN8014,11.048279091271887,4.030372311969009,CPG,SSPG,0.10134447269067143,0.3163481102868876,0.20044608589434154,-1.0762832014013626,0,-1.3864623968457597,886.3,3.2,27.9
0.19396521576757636,0.3265841377109672,U8,MN8014,11.047879409751298,4.0301884926658955,CPG,SSPG,0.10135375181728437,0.31633538511291204,0.2004644626892889,-1.0756388203499778,6,-1.386060799444481,886.2,3.2,27.9
0.1939502895157574,0.326586560209965,U8,MN8014,11.047403060665864,4.030305123408723,CPG,SSPG,0.1013389405904541,0.31632387017197894,0.20046292874863456,-1.075536570015467,5,-1.3865507914262016,886.1,3.2,27.9
0.19396717264336716,0.3266289572390542,U8,MN8014,11.04819834257459,4.02927371855717,CPG,SSPG,0.10133903308564196,0.3163532014908306,0.2004744508646848,-1.0757353977747377,2,-1.3866369119537278,886.0,3.2,27.9
0.19395607167255766,0.3265619253712745,U8,MN8014,11.047975179188072,4.029833750092845,CPG,SSPG,0.10135549683729317,0.3163634079236522,0.20046858909328188,-1.075297486552064,5,-1.3862410994735797,885.8,3.2,27.9
0.1939526066650297,0.3266258755875159,U8,MN8014,11.04830842306313,4.030452187908161,CPG,SSPG,0.10137669434312899,0.31634411487015546,0.20047530067888658,-1.0754876524781551,3,-1.3859925521118832,885.9,3.2,27.9
0.19393362865689281,0.3266056013539562,U8,MN8014,11.047908329973854,4.029191949505046,CPG,SSPG,0.10134662897443646,0.31641254525000684,0.20046208579850866,-1.0756014378938836,0,-1.3856868948128591,885.5,3.2,27.9
0.1939175218105885,0.32658611335227133,U8,MN8014,11.047283469989122,4.029261362681847,CPG,SSPG,0.10135729362497362,0.31644563513075136,0.20046014763843925,-1.0757701064795706,1,-1.3860081295849387,885.4,3.2,27.9
0.19390507722074188,0.3266440970452964,U8,MN8014,11.047507854962078,4.029273150037103,CPG,SSPG,0.10135597817521136,0.31642808317121146,0.20045741295282188,-1.0757212497974462,2,-1.3852635190900768,885.3,3.2,27.9
0.1939046611852604,0.3265903547453133,U8,MN8014,11.0469770537185,4.028592949503579,CPG,SSPG,0.10134840553594918,0.3164455268185005,0.20045897230608276,-1.075542803787912,7,-1.3859110031972017,885.2,3.2,27.9
0.19389800102661653,0.32654317389167115,U8,MN8014,11.047476244323274,4.029607252343738,CPG,SSPG,0.10137344101665563,0.316367093533723,0.20045219446135343,-1.075133975204087,6,-1.3853008513678624,885.5,3.2,27.9
0.19391734609292632,0.32657331030654085,U8,MN8014,11.047677497202553,4.028859184172915,CPG,SSPG,0.1013514461796563,0.3164845061087432,0.20044368902804732,-1.0755948145994934,4,-1.385312123441535,885.0,3.2,27.9
0.19390523891384326,0.32655495570991705,U8,MN8014,11.047393855830425,4.0289049958981895,CPG,SSPG,0.10138005690638088,0.3164357541956238,0.2004436553277572,-1.0756015734126285,4,-1.385662378511186,885.3,3.2,27.9
0.19388575353616525,0.32659455429485107,U8,MN8014,11.046823328851211,4.0284008054431,CPG,SSPG,0.10134016810753699,0.31651839576887536,0.20042983427248792,-1.0762047276019657,1,-1.3852789617937562,885.0,3.2,27.9
0.1938992754148633,0.3265761353999249,U8,MN8014,11.046277940125673,4.028734288689719,CPG,SSPG,0.10136000813648768,0.31648136484038863,0.20046264467330283,-1.075118297266005,6,-1.3857320826807547,884.8,3.2,27.9
0.19393206291614543,0.3265325339366909,U8,MN8014,11.047521016105712,4.029120894419273,CPG,SSPG,0.10135553248035505,0.3163580392128228,0.2004489828618986,-1.0756472496096654,2,-1.3859816737399608,886.0,3.2,27.9
0.19391285301828826,0.3265168117320934,U8,MN8014,11.047535228349052,4.028898295593203,CPG,SSPG,0.10136736750611708,0.3163689342142584,0.20044917022028175,-1.0755228108688186,1,-1.3859936537661746,885.8,3.2,27.9
0.19393069663095197,0.32652120055288913,U8,MN8014,11.04697600320873,4.028773285401973,CPG,SSPG,0.10134022794298485,0.3163519616389409,0.20047939138762194,-1.0745354700456158,6,-1.3862481975980057,885.5,3.2,27.9
0.1939331151560863,0.32655126005439283,U8,MN8014,11.047544285373764,4.028737448203463,CPG,SSPG,0.10133801043767574,0.31633206209383824,0.20046875335862896,-1.0751946928002416,4,-1.386186617471913,885.9,3.2,27.9
0.19392829649979193,0.32648030407814954,U8,MN8014,11.047173090320602,4.028574550126747,CPG,SSPG,0.1013574471920341,0.31629868269376754,0.20046204552506286,-1.074557953454827,2,-1.3865024223399933,885.8,3.2,27.9
0.1939262565422196,0.3265128225055644,U8,MN8014,11.046841520103357,4.028738006845991,CPG,SSPG,0.10133237865219002,0.31633675265685124,0.20047744719005597,-1.0751097039590611,3,-1.3863133487046397,886.0,3.2,27.9
0.19392080711505483,0.32647526849468267,U8,MN8014,11.04628312200033,4.028993083732881,CPG,SSPG,0.10134987460257527,0.3162582144497928,0.20046644704132752,-1.0746091724357811,7,-1.3863979119800192,886.2,3.2,27.9
0.1939259317304785,0.32648072923840593,U8,MN8014,11.047036750277577,4.028549257788689,CPG,SSPG,0.10135106727768911,0.31626240338159617,0.20047025885059913,-1.0749335966554994,3,-1.3861190245131887,886.4,3.2,27.9
0.19394058382787083,0.32652381796050667,U8,MN8014,11.047285256285626,4.028826527653354,CPG,SSPG,0.10135094734101383,0.31624148969338,0.20047440366992486,-1.07461523712759,2,-1.386557899126461,886.2,3.2,27.9
0.19395808283357518,0.3264503200890369,U8,MN8014,11.04701698382923,4.029332117514014,CPG,SSPG,0.1013469855397871,0.31622285449265,0.2004786473303391,-1.074174311332655,5,-1.387019566915848,886.3,3.2,27.9
0.19395697716039362,0.32648155174358134,U8,MN8014,11.046953341094223,4.028963625860117,CPG,SSPG,0.10134092558465968,0.3162545739248174,0.20049332017921395,-1.0742400740691311,7,-1.3866196443601924,886.2,3.2,27.9
0.19393516888540635,0.32648584143001214,U8,MN8014,11.04628530557672,4.028609865238972,CPG,SSPG,0.10133761464827018,0.3162802479823166,0.2004737784755448,-1.0750178778142638,6,-1.3866703290966376,886.4,3.2,27.9
0.19393965859358972,0.3264823206833713,U8,MN8014,11.046539990126316,4.029087664254041,CPG,SSPG,0.10135892801743532,0.3162253780974134,0.20048287942985996,-1.0745634051375592,6,-1.3866526564006358,886.5,3.2,27.9
0.19395753638747593,0.3265471380481713,U8,MN8014,11.046419201642756,4.029197069766517,CPG,SSPG,0.1013325705960354,0.3162683181025032,0.20049216257415964,-1.0747184619517682,5,-1.3866466357804086,886.3,3.2,27.9
0.1939673058507752,0.3265571433063318,U8,MN8014,11.046569523844138,4.029246084468355,CPG,SSPG,0.10134322804385214,0.3161910471199978,0.2005030634142022,-1.0745519088621966,5,-1.3870718901394916,886.7,3.2,27.9
0.19394273664747355,0.32647501887078356,U8,MN8014,11.046291525744497,4.02924045608721,CPG,SSPG,0.1013652743793918,0.31618922620453055,0.20048014784328122,-1.074244741290557,5,-1.387030262403421,886.5,3.2,27.9
0.19395273608148741,0.32656799360916766,U8,MN8014,11.046134048934903,4.0290725652690655,CPG,SSPG,0.10133747202797704,0.31623701083595807,0.20049422541094947,-1.0745223345874817,1,-1.3867985651470152,886.3,3.2,27.9
0.1939531467729609,0.3265597277118,U8,MN8014,11.045876189551365,4.029411790116726,CPG,SSPG,0.10134022203037046,0.31623122836704337,0.20048869726323032,-1.0744138893521704,7,-1.3865725989440172,886.3,3.2,27.9
0.19394809172452412,0.32650612948827573,U8,MN8014,11.045788493719932,4.029573153478621,CPG,SSPG,0.10135661346258323,0.31616200375065123,0.2004935561790908,-1.0746311924234868,1,-1.3871869139837605,887.0,3.2,27.9
0.19393969788385293,0.3265310845356315,U8,MN8014,11.04626000096994,4.0289484647500755,CPG,SSPG,0.10133988894381452,0.3162645124722322,0.2004805904634729,-1.0749895466710369,3,-1.3868102215943008,886.4,3.2,27.9
0.19394649123046118,0.3265405994179845,U8,MN8014,11.0465065039939,4.029087680746043,CPG,SSPG,0.10133606255138694,0.3162667453724001,0.20048389736949176,-1.0754524639781389,2,-1.3869498499008417,886.7,3.2,27.9
0.19395395169088608,0.32650078079631517,U8,MN8014,11.046002304441766,4.028743769126516,CPG,SSPG,0.10134070539030436,0.31622559344979895,0.20048629712694713,-1.0750654179529306,1,-1.3869721749854191,886.9,3.2,27.9
0.19394987529877283,0.32647389269454236,U8,MN8014,11.046065149449777,4.028894197332205,CPG,SSPG,0.10133061227426471,0.3162295194911656,0.20048160046631386,-1.0750800152208375,1,-1.3870331230512694,886.9,3.2,27.9
0.19395227531726927,0.3264888119848629,U8,MN8014,11.045964676563553,4.028334998073988,CPG,SSPG,0.10132595153729833,0.3162311828810475,0.20049112111497536,-1.075158191564252,0,-1.3869123769960803,887.0,3.2,27.9
0.19394472476770597,0.3263996445609431,U8,MN8014,11.046039378936406,4.0288100941370635,CPG,SSPG,0.10133891521742372,0.3162236217116424,0.20048207495924816,-1.0753408191305274,1,-1.387231734728152,887.3,3.2,27.9
0.1939424183784408,0.3263941194331329,U8,MN8014,11.04618519733878,4.02883269158881,CPG,SSPG,0.10135091322652073,0.31622210512246535,0.20048451585781935,-1.075105148222738,6,-1.3868292235006408,887.2,3.2,27.9
0.19395698224127303,0.3264084010818669,U8,MN8014,11.045856707117304,4.0291903689639605,CPG,SSPG,0.10133519638890001,0.3162049996839518,0.20047895893972603,-1.0749691598390363,6,-1.3870730470513237,887.2,3.2,27.9
0.19394466281152184,0.3264381342934616,U8,MN8014,11.045540634239373,4.029246980500418,CPG,SSPG,0.10132866220857992,0.31617404243540104,0.20048245357170713,-1.0752347712789583,5,-1.387038644597511,887.5,3.2,27.9
0.19392969668062687,0.32646292563584867,U8,MN8014,11.045729068894552,4.0286636511405565,CPG,SSPG,0.10132608754154232,0.3162247790842633,0.20046821228157513,-1.0757875418465543,0,-1.3863103292699464,887.4,3.2,27.9
0.19392672319265006,0.32639664871297946,U8,MN8014,11.045486758169954,4.029180563969909,CPG,SSPG,0.10134147704181512,0.316144523928646,0.2004753186666029,-1.0752800117935628,2,-1.3863602767436873,887.8,3.2,27.9
0.19394152885844718,0.32644850882148174,U8,MN8014,11.045782569219346,4.0298153693227485,CPG,SSPG,0.10133494248420985,0.3161188416578856,0.20046983113526515,-1.0754065737746417,4,-1.3872290921370807,887.8,3.2,27.9
0.19392870992715586,0.3263973931317897,U8,MN8014,11.04650010678202,4.02947863369277,CPG,SSPG,0.1013365680497455,0.31622583272584986,0.20046406810937736,-1.0756104470298518,0,-1.3867791658945094,887.3,3.2,27.9
0.19392806406259866,0.3264332803376203,U8,MN8014,11.046397174498809,4.029055419821266,CPG,SSPG,0.10133027413911444,0.3162402957309749,0.20046045272396773,-1.0757895789345748,2,-1.3868716538506582,887.2,3.2,27.9
0.1939419169716359,0.32645405849762066,U8,MN8014,11.04655763896551,4.029514716929701,CPG,SSPG,0.1013326031802835,0.31618903632777007,0.20047789537449207,-1.075730951271197,3,-1.3868032744715961,887.6,3.2,27.9
0.19395461863141306,0.32643209669386813,U8,MN8014,11.046879789649687,4.029493674401103,CPG,SSPG,0.10133247102004403,0.31620055823390353,0.2004708014995354,-1.0751298469666475,1,-1.387167057763742,887.1,3.2,27.9
0.19396909656638137,0.3265045620152801,U8,MN8014,11.047533408797237,4.029559922693668,CPG,SSPG,0.10132154814418047,0.3162105415753396,0.20047848173635252,-1.075346373943073,5,-1.3866111794463887,887.1,3.2,27.9
0.1939470173072166,0.32637470062556606,U8,MN8014,11.046945497510688,4.02969044851248,CPG,SSPG,0.10135366236913856,0.3161627839812171,0.20046627516887075,-1.0750580054390855,6,-1.3870775684560268,887.4,3.2,27.9
0.19395769093537765,0.32643622965122626,U8,MN8014,11.045911116695269,4.029728595776434,CPG,SSPG,0.10133535728082846,0.3161327642914069,0.20048454971040872,-1.0748595118201154,0,-1.387394725699135,887.5,3.2,27.9
0.19396323274113117,0.32641494413429506,U8,MN8014,11.04587836163735,4.029965379103883,CPG,SSPG,0.10134259744296739,0.3160848930447167,0.20049868719914665,-1.074315078644357,6,-1.3874522915108587,887.6,3.2,27.9
0.1939578765044057,0.3264452395223291,U8,MN8014,11.046718626393229,4.030354932165368,CPG,SSPG,0.10135814683422795,0.3160759094294068,0.20048970255514367,-1.0742763337752759,5,-1.3872680924718415,887.4,3.2,27.9
0.1939549092561453,0.3264085508531649,U8,MN8014,11.046641811011092,4.030007968590611,CPG,SSPG,0.10135176966054525,0.31607891743670863,0.20047713178962778,-1.0741151303959686,0,-1.3871182013016448,887.3,3.2,27.9
0.19395665484202573,0.3264266592845155,U8,MN8014,11.046329286607653,4.030232204464064,CPG,SSPG,0.10135795639902118,0.31606572692670487,0.20048833715775774,-1.0744094188063373,5,-1.3875688403919941,887.6,3.2,27.9
0.19395469587021655,0.3263877290603588,U8,MN8014,11.04610465290192,4.030202543239773,CPG,SSPG,0.10133684859459868,0.31608671182980713,0.200485528733949,-1.0741693183206134,0,-1.387576857031175,887.4,3.2,27.9
0.19393500828084706,0.3263627373236293,U8,MN8014,11.045613465510236,4.030421720448026,CPG,SSPG,0.1013465093809729,0.3160261188559158,0.20048093404496029,-1.073863198331718,0,-1.3873203136658008,887.6,3.2,27.9
0.1939648447126572,0.32640350322997114,U8,MN8014,11.04697634619483,4.03090902820683,CPG,SSPG,0.10135637939279366,0.3159748562754792,0.20048671997455858,-1.0740000771147318,7,-1.3877785668071194,887.9,3.2,27.9
0.1939782308997481,0.3263718761388244,U8,MN8014,11.046424435566816,4.030743065352525,CPG,SSPG,0.10135824516407246,0.3160081272371784,0.2004878251434772,-1.0737118054647734,1,-1.3877412716889141,887.7,3.2,27.9
0.19398702190389583,0.3264814455684288,U8,MN8014,11.047113471127002,4.031271582428046,CPG,SSPG,0.10137867803205435,0.3159764245185865,0.20050598236029968,-1.073901530893072,3,-1.3878712745755415,887.8,3.2,27.9
0.19398274266315801,0.3263586706247674,U8,MN8014,11.046237122760601,4.030914015959019,CPG,SSPG,0.10134141908696742,0.31598840300000663,0.20049131466974532,-1.0743742005062793,2,-1.387718451302673,888.4,3.2,27.9
0.19398295938116936,0.32630008339745464,U8,MN8014,11.04598161361,4.031114832468541,CPG,SSPG,0.10134080682858042,0.31591866884888964,0.20049721606273563,-1.0738291808783453,5,-1.3876967709299937,888.7,3.2,27.9
0.19397090333270345,0.32631321067074154,U8,MN8014,11.046325609683205,4.030873213035591,CPG,SSPG,0.10133721287787856,0.3159604389308288,0.20048088379366694,-1.0744872169864432,6,-1.3873866465873679,888.7,3.2,27.9
0.1939840262470681,0.32635611158268224,U8,MN8014,11.045740222691995,4.031300462969681,CPG,SSPG,0.10137069880860719,0.3158941541586352,0.200508057503693,-1.073342215441242,7,-1.3881026523710664,888.4,3.2,27.9
0.19399869228565364,0.3263909104179246,U8,MN8014,11.0464928961452,4.031403476656972,CPG,SSPG,0.10135117794181736,0.3158764475912971,0.2005034434279969,-1.0737056344130969,0,-1.388382114529751,888.6,3.2,27.9
0.1939786019627429,0.32634196570030827,U8,MN8014,11.046068668676039,4.031101933278032,CPG,SSPG,0.1013574255196717,0.31591706795612007,0.20047991702200035,-1.0744367010188038,4,-1.3883178358571984,888.8,3.2,27.9
0.19397697774590983,0.32631311245803063,U8,MN8014,11.046031350264686,4.0312340907539435,CPG,SSPG,0.10135600198289019,0.3158756089316298,0.20047729770625242,-1.0742507073804415,4,-1.3882936555614567,889.0,3.2,27.9
0.1939654960552796,0.326310808016912,U8,MN8014,11.04531961025626,4.030852735475863,CPG,SSPG,0.10134622703406496,0.31593129491544464,0.20048665636037002,-1.0739108769763612,3,-1.388162100082786,888.5,3.2,27.9
0.19397737368427187,0.32639304300856287,U8,MN8014,11.045538302480987,4.031198144906925,CPG,SSPG,0.10135749905729273,0.3158611332130149,0.2004974169633721,-1.0734504008684558,2,-1.3880587541005491,888.5,3.2,27.9
0.1939700045876735,0.326350535495673,U8,MN8014,11.045389969791266,4.031393423125224,CPG,SSPG,0.10136198732905397,0.3158692691203933,0.2005013476615799,-1.0731795979958894,6,-1.3879568245417877,888.4,3.2,27.9
0.19397405363513867,0.3263604285844585,U8,MN8014,11.045308274141043,4.031653791135508,CPG,SSPG,0.1013593289100325,0.315854077180713,0.20049677449420697,-1.0731316926855403,7,-1.3881985005227397,888.4,3.2,27.9
0.19397992123706156,0.32643723744675446,U8,MN8014,11.04577249559092,4.0315161550611105,CPG,SSPG,0.10135708302568372,0.31587960623426375,0.20049945458610313,-1.0735220663088005,6,-1.3881041090067745,888.3,3.2,27.9
0.19398380544406463,0.32636407267084644,U8,MN8014,11.045982265900328,4.031462408697495,CPG,SSPG,0.10135184655985136,0.3158771664780256,0.20050292675414003,-1.0733554634535962,5,-1.3883933000811206,888.4,3.2,27.9
0.1939837437876715,0.32641030512212826,U8,MN8014,11.04616088677762,4.031225870166968,CPG,SSPG,0.10134789436048497,0.31593234865569886,0.20049913377505732,-1.073619320814086,1,-1.3880118235660337,888.1,3.2,27.9
0.19400113104290498,0.3264070550615174,U8,MN8014,11.046201107137197,4.0316617466008315,CPG,SSPG,0.10135957932530881,0.3158382003320319,0.20050846095124836,-1.07329717962845,1,-1.3882170126393563,888.6,3.2,27.9
0.19399034859404535,0.32636961171649315,U8,MN8014,11.046484169047922,4.031689897885476,CPG,SSPG,0.10134953818864949,0.3158769987989501,0.2004976445965331,-1.073576545898848,6,-1.3883027058635031,888.5,3.2,27.9
0.19398164976987284,0.3263691027950579,U8,MN8014,11.046005422044352,4.031483534300828,CPG,SSPG,0.10135042630009654,0.3158872857946881,0.20049919490208054,-1.0733210608860841,7,-1.3880449093740932,888.3,3.2,27.9
0.19399303800044007,0.3263728143552419,U8,MN8014,11.046216112908358,4.031923476032778,CPG,SSPG,0.10136271016857507,0.31582375861336615,0.20050828947112198,-1.0726766675004178,2,-1.3884845895767395,888.3,3.2,27.9
0.194000261660703,0.3263910831066364,U8,MN8014,11.046650018561623,4.031873155189017,CPG,SSPG,0.10134952287831149,0.3158362872200602,0.2005027187574832,-1.0730935327128104,7,-1.3884862295785636,888.4,3.2,27.9
0.19400507250029358,0.32637460202485885,U8,MN8014,11.046817768078608,4.032281136304586,CPG,SSPG,0.10135485273750125,0.3157959686505821,0.20050563031836427,-1.0729353212163386,2,-1.3887161219041255,888.6,3.2,27.9
0.19400037316308366,0.3263520227354217,U8,MN8014,11.046593576723946,4.0322167462473875,CPG,SSPG,0.10135586834076563,0.31582395405476904,0.20050567868806748,-1.0727253940188892,3,-1.3882149669575048,888.4,3.2,27.9
0.19400066999527205,0.326313336720434,U8,MN8014,11.046529212112716,4.032489419849739,CPG,SSPG,0.10135235323102337,0.31578079253678476,0.20050687071350995,-1.0724658389612303,3,-1.3884744614751865,888.6,3.2,27.9
0.19400832019630324,0.32638133211473064,U8,MN8014,11.046720457083055,4.032500246602749,CPG,SSPG,0.10135392471113713,0.31577944967234234,0.20051795155544866,-1.0724949979719758,4,-1.3887626525199046,888.5,3.2,27.9
0.1939970414653264,0.32640115094090466,U8,MN8014,11.046527521852813,4.032040819983668,CPG,SSPG,0.10137169142713101,0.3157953000454589,0.20051230659065727,-1.072475339854838,1,-1.38844096530425,888.3,3.2,27.9
0.1940009247812224,0.32637518804576937,U8,MN8014,11.046772031226817,4.032433354523471,CPG,SSPG,0.10136637490002054,0.3157705831275785,0.2005072959909361,-1.0725259689148596,6,-1.3886569145059697,888.5,3.2,27.9
0.1940069101688757,0.32636926155774393,U8,MN8014,11.047164825584222,4.03245150732338,CPG,SSPG,0.10136336326762996,0.31580756689795736,0.20050530189237956,-1.0724375576567549,0,-1.3886252731376239,888.2,3.2,27.9
0.19399711179386858,0.32629517059972035,U8,MN8014,11.047047364866383,4.032660351269402,CPG,SSPG,0.1013654278952616,0.3157826093747622,0.20049900410242405,-1.0724270372005944,4,-1.3884873668783593,888.5,3.2,27.9
0.19400035847893965,0.3263375611178897,U8,MN8014,11.04694785425938,4.032494615020702,CPG,SSPG,0.10137181509682086,0.3158132921355281,0.20050656247925588,-1.0726512620541906,0,-1.3885350908399259,888.4,3.2,27.9
0.19399246891119545,0.3263001879575974,U8,MN8014,11.047008699458578,4.0323709335591955,CPG,SSPG,0.10136603721059022,0.31580733723969456,0.20049967220471474,-1.0728718713343461,0,-1.3885690146125,888.6,3.2,27.9
0.1939885491894317,0.32633236385118664,U8,MN8014,11.046508522417966,4.032201967800144,CPG,SSPG,0.1013595367776054,0.3158327797567941,0.20049759984915558,-1.0727769928478017,1,-1.3885099340258185,888.3,3.2,27.9
0.19399564568644756,0.32633252358613163,U8,MN8014,11.046657101231872,4.032491883785211,CPG,SSPG,0.10135763861501465,0.3158146444809177,0.2005043192004807,-1.072645300158015,5,-1.3884485943489375,888.4,3.2,27.9
0.19398970926242526,0.3263136020402523,U8,MN8014,11.046531067691301,4.032414628902199,CPG,SSPG,0.10135446253114419,0.3158204290089605,0.20049986865049405,-1.0726836725172224,1,-1.3884101218447622,888.4,3.2,27.9
0.19399702629312504,0.32633851387323176,U8,MN8014,11.046559767269201,4.032247831505531,CPG,SSPG,0.10136101075174297,0.3158029299262953,0.2005053646609029,-1.0725563604183799,1,-1.3886380173449258,888.4,3.2,27.9
0.19399985714068738,0.3263440993975274,U8,MN8014,11.046388948408161,4.0320861067435345,CPG,SSPG,0.1013446763486696,0.31581436412975,0.20050794996654203,-1.0725488005178012,7,-1.3881922519050747,888.4,3.2,27.9
0.19399452469346454,0.326338759964398,U8,MN8014,11.046190893526406,4.032184853497883,CPG,SSPG,0.10135651655069625,0.31579550268191203,0.2005071607453079,-1.0724320425747607,5,-1.3886303513447302,888.4,3.2,27.9
