thigh_length,calf_length,motor_left_name,motor_right_name,gear_left_ratio,gear_right_ratio,gearbox_left,gearbox_right,torso_distance,ik_height,ori_l,ori_theta,best_index,best_cost,ac1,ac2,ac3
0.25395320182084996,0.27669711980175193,U10,U10,6.0,6.0,SSPG,SSPG,0.09913123428432488,0.3968467495761198,0.2722901127254817,-0.15008792014201644,4,-0.6625281174186748,559.6,5.4,31.1
0.23000843373811397,0.29021553253015914,U10,U10,6.0,6.0,SSPG,SSPG,0.1087108979516378,0.30124368186454736,0.20026061723935368,0.27017142999007593,5,-3.9573358797742806,581.8,6.1,29.6
0.23311767333882996,0.2497755917740268,U10,U10,6.0,6.0,SSPG,SSPG,0.09377743831399749,0.3038318225023069,0.20423899661772307,-0.3550678531168745,0,-3.136381172307451,627.9,4.2,27.2
0.20380138739420375,0.26063524755238665,U10,U10,6.0,6.0,SSPG,SSPG,0.10115571965398187,0.3065368099407404,0.23837002689265402,0.26353412613238514,4,-0.5979246693874944,569.0,5.1,26.1
0.2415515081233208,0.2722644572539759,U10,U10,6.0,6.0,SSPG,SSPG,0.09550979126143191,0.32975480242811317,0.2126705356760527,0.41941458399223297,6,-3.8597819715724997,623.5,4.6,33.8
0.23404127453912288,0.2775712040998512,U10,U10,6.0,6.0,SSPG,SSPG,0.09069770775590147,0.30112796084271837,0.2001206550923273,0.44632875285094764,4,-4.11799646981283,709.8,4.9,31.2
0.23810217661538535,0.2884566607432134,U10,U10,6.0,6.0,SSPG,SSPG,0.10020571738810194,0.3026863738844157,0.2012419036875186,0.3395328784387035,7,-4.213200996541291,722.2,4.7,38.9
0.24238166219286206,0.2990314172665862,U10,U10,6.0,6.0,SSPG,SSPG,0.0841793693251287,0.3129572921439925,0.21435151416235132,0.6422255799311136,4,-3.9401037544678585,843.6,5.6,39.1
0.2434951388965794,0.32067296816315904,U10,U10,6.0,6.0,SSPG,SSPG,0.08388717767388926,0.3352158085624934,0.20932453627203632,0.6999289879952277,2,-4.555619373578823,835.7,6.8,40.8
0.25211797996705276,0.3106428870737775,U10,U10,6.0,6.0,SSPG,SSPG,0.08490022388948087,0.35519873953223297,0.24428562773994883,0.4454701991168375,4,-4.106219637338741,846.3,5.9,48.4
0.25966354701407746,0.33465837649588326,U10,U10,6.0,6.0,SSPG,SSPG,0.06944188143902585,0.30000243773504376,0.20035219086789516,0.7530606080420119,3,-1.4144330861583034,811.1,5.1,39.4
0.23275292926981897,0.3294753989423435,U10,U10,6.0,6.0,SSPG,SSPG,0.08688826032623996,0.30711956556491343,0.22820294187392057,0.6373683621474973,1,-3.931169346947557,948.9,5.0,39.3
0.24160858655516743,0.3311819138889384,U10,U10,6.0,6.0,SSPG,SSPG,0.09218700569247956,0.3154537064799716,0.2579270703679526,0.15962094072813526,6,-4.948319247287561,870.2,5.8,36.5
0.2714533696553447,0.32767400738645813,U10,U10,6.0,6.0,SSPG,SSPG,0.07177005878064781,0.3032260346959319,0.20977764613420538,-0.22149416845825853,3,-0.6995031450645834,874.0,3.6,40.4
0.2697209906536686,0.31254178651692355,U10,U10,6.0,6.0,SSPG,SSPG,0.0724352596331004,0.3119203489484882,0.24971254078382427,-0.16611942767355625,6,-5.231724723652873,843.4,5.3,39.1
0.23476938268446024,0.31079839218197286,U10,U10,6.0,6.0,SSPG,SSPG,0.08326455180003856,0.3427544600625425,0.24427939098391718,0.5301527598782987,6,-4.411688290699406,957.2,4.9,39.4
0.2506640217375512,0.33549412667677403,U10,U10,6.0,6.0,SSPG,SSPG,0.08232433597144849,0.33858665032319923,0.25959159936185167,0.4575391134678437,7,-4.747340467523492,898.0,5.1,34.7
0.24473686387262664,0.3023917531457622,U10,U10,6.0,6.0,SSPG,SSPG,0.07780340485176732,0.3178190435247808,0.20278495674427272,0.6518399285208103,5,-3.2447574224424858,959.4,4.6,36.2
0.23296155678295305,0.32813895143681093,U10,U10,6.0,6.0,SSPG,SSPG,0.07813954272845142,0.3311140139967639,0.22901569954802808,0.5536436396084219,2,-4.876751650282166,907.9,5.4,39.4
0.2322385825243717,0.32640289520430876,U10,U10,6.0,6.0,SSPG,SSPG,0.07649371408917795,0.33905829341717064,0.2711415174022744,0.30566862850924004,5,-4.307782034446086,852.7,4.9,37.5
0.2273163973083191,0.3127215488345185,U10,U10,6.0,6.0,SSPG,SSPG,0.078134570291404,0.3278559800291246,0.22004844844759125,0.3409593298558271,7,-1.9690413914976528,896.5,4.4,33.8
0.23178890482534786,0.31578523993356367,U10,U10,6.0,6.0,SSPG,SSPG,0.08506023626892237,0.31228046471853027,0.23535808115608942,0.23745442975261133,2,-1.9559423419488642,917.4,5.8,28.5
0.22684565402906495,0.3070159694136433,U10,U10,6.0,6.0,SSPG,SSPG,0.07285478621341289,0.3107924605907571,0.23796416517678412,0.35922595731122575,2,-4.604616510206698,895.5,5.8,31.6
0.2274296221213128,0.31812765205216825,U10,U10,6.0,6.0,SSPG,SSPG,0.07753597916981145,0.31303191276128967,0.21601122205263462,0.4923176095829547,3,-4.7001648636070295,813.4,5.5,28.9
0.22515536561412625,0.30750666005062877,U10,U10,6.0,6.0,SSPG,SSPG,0.07981715304923254,0.3028883661614033,0.24869376810664426,0.08451724306061914,4,-3.736288909350467,782.6,5.8,27.9
0.22817129135061526,0.3187757986325966,U10,U10,6.0,6.0,SSPG,SSPG,0.0822476056590765,0.3177137148804108,0.22120297259068328,0.44023051323893503,4,-4.617078247497604,771.7,5.6,30.2
0.21497666037591384,0.323197715059507,U10,U10,6.0,6.0,SSPG,SSPG,0.08605891848926078,0.30828178638608666,0.2050948770365797,0.5380196017745043,5,-5.1151478985919265,796.4,5.4,31.7
0.20929161068965826,0.30792206629357255,U10,U10,6.0,6.0,SSPG,SSPG,0.08708827815702566,0.30606418214619735,0.20111918393987047,0.6111576348543579,4,-5.071061281383383,789.2,5.8,28.4
0.21778347008835347,0.32854443589276144,U10,U10,6.0,6.0,SSPG,SSPG,0.09141232208160738,0.30010679579717164,0.20100780332531223,0.4804355888294296,7,-4.894724296295344,817.2,6.2,30.0
0.2211175950157646,0.32863311704651904,U10,U10,6.0,6.0,SSPG,SSPG,0.08999434453940339,0.30663169059849293,0.2090068536546538,0.6635373099543167,6,-4.8350567065360694,776.6,5.5,30.2
0.22425626136284713,0.32717799453710794,U10,U10,6.0,6.0,SSPG,SSPG,0.08447577061017687,0.30616069613045255,0.20148870905518296,0.5453414135197678,4,-5.151144114512412,830.7,6.5,34.3
0.211583148136503,0.31411651650929373,U10,U10,6.0,6.0,SSPG,SSPG,0.09382875072266758,0.300294047003095,0.20078761848839605,0.5401757780501018,3,-5.056693374082759,791.7,6.1,30.4
0.22163737271535133,0.3213747533479825,U10,U10,6.0,6.0,SSPG,SSPG,0.0979534026098267,0.30276680311875853,0.2046359397120988,0.509484023719863,3,-5.022385759943758,851.1,6.9,32.4
0.2187705953129796,0.3477780506066052,U10,U10,6.0,6.0,SSPG,SSPG,0.0960158229666156,0.3059734207744303,0.20963927446375907,0.5554212429284564,2,-5.383004903405167,883.6,6.9,34.7
0.22884624256050287,0.3462917630019006,U10,U10,6.0,6.0,SSPG,SSPG,0.08941431697659566,0.3182380313388364,0.22434646627029153,0.5481180771072802,2,-5.217225533724799,923.5,6.8,39.0
0.21424470125699518,0.34031938596375577,U10,U10,6.0,6.0,SSPG,SSPG,0.09957566649050681,0.3058805475657382,0.20208660181980215,0.554678975752358,1,-5.353934065398586,870.3,6.1,35.8
0.20772653944790462,0.33558575592884543,U10,U10,6.0,6.0,SSPG,SSPG,0.0943027378271892,0.30049178514063607,0.21330810616222268,0.5588246381404942,2,-5.370614176759619,917.7,5.9,32.5
0.20469924548452983,0.34915323516074004,U10,U10,6.0,6.0,SSPG,SSPG,0.09358417568070068,0.3090040222594891,0.20556344055757272,0.6228544823366557,2,-5.595774007643703,906.8,6.8,34.9
0.20505404378934777,0.34858241252100813,U10,U10,6.0,6.0,SSPG,SSPG,0.09256451481805428,0.3040048019794621,0.2000096243874488,0.6535048735322198,2,-5.672242949370165,937.1,6.1,37.5
0.20449806408018148,0.34738801404379127,U10,U10,6.0,6.0,SSPG,SSPG,0.08358831040104538,0.3002495490557486,0.20695172249563615,0.6195746880017139,3,-5.336422286948226,873.8,5.4,36.8
0.2104289691868276,0.34614901354254923,U10,U10,6.0,6.0,SSPG,SSPG,0.08472711683747579,0.3014007766279259,0.20131721589380197,0.5917299394457523,4,-5.562182253382582,851.0,4.7,33.3
0.21405717599987292,0.34666232441299666,U10,U10,6.0,6.0,SSPG,SSPG,0.09244436422395656,0.31229914705136325,0.20005684276079555,0.643791692807508,3,-5.4199029478095415,891.9,5.9,39.3
0.22020458356049533,0.3498632863752386,U10,U10,6.0,6.0,SSPG,SSPG,0.09459251334860105,0.31444807537927905,0.20039263714396452,0.6338562245770585,3,-5.254045265412881,928.1,5.4,40.3
0.21401629454597954,0.3495548742007587,U10,U10,6.0,6.0,SSPG,SSPG,0.08852292138222213,0.30555830727514866,0.20951129074982108,0.6694403143850525,6,-5.3880317752025135,863.2,6.1,33.8
0.21939860562756025,0.34683244659227075,U10,U10,6.0,6.0,SSPG,SSPG,0.08686306137094148,0.31061957731260087,0.20000002648604445,0.6194775566277952,0,-5.358742219821359,855.9,6.6,38.6
0.21522633730535734,0.3499495501333912,U10,U10,6.0,6.0,SSPG,SSPG,0.08346210079309771,0.3053754799287563,0.21197285943809377,0.5294159605043607,1,-5.3787570135798255,850.9,5.9,35.7
0.22140129339388862,0.3496784831536869,U10,U10,6.0,6.0,SSPG,SSPG,0.08452633871635461,0.3019754653272426,0.20015215615633897,0.6304515142789398,5,-5.4755836663346376,839.7,6.0,33.4
0.2125043206309999,0.34999999983748964,U10,U10,6.0,6.0,SSPG,SSPG,0.08503636263895911,0.31499763761464084,0.20662021830649893,0.7020262464597189,5,-5.433891250830563,892.5,6.2,37.0
0.20470886862230434,0.3499133782122062,U10,U10,6.0,6.0,SSPG,SSPG,0.08464961342179092,0.3012809329223183,0.20768419158792217,0.6651117200031527,6,-5.444126854134769,917.4,6.3,36.9
0.2122221035622518,0.34999964799466693,U10,U10,6.0,6.0,SSPG,SSPG,0.0873303710113553,0.30369177309534623,0.200045596100815,0.6045939210517908,1,-5.617904913476617,862.0,6.2,34.9
0.20764886947213138,0.34933138673747066,U10,U10,6.0,6.0,SSPG,SSPG,0.08505582737263476,0.3071842475976921,0.20011664140514265,0.6452579878360885,7,-5.626860953975298,880.9,6.1,35.2
0.20871106919261387,0.34997111574845374,U10,U10,6.0,6.0,SSPG,SSPG,0.07929571313066704,0.3015254858182954,0.20016970925757777,0.6233223995086075,6,-5.690278949488292,931.9,5.7,37.0
0.21140785035849863,0.3497943694107146,U10,U10,6.0,6.0,SSPG,SSPG,0.0775420164476034,0.30124287711611464,0.20000171742740253,0.6150889763597749,7,-5.690877112950167,909.3,5.9,35.5
0.20719744235956417,0.3493742693939491,U10,U10,6.0,6.0,SSPG,SSPG,0.08208086000319649,0.3000012895150859,0.20016788516015965,0.6498216346573686,2,-5.720544682343663,930.0,6.1,35.8
0.20565696164816175,0.3496360678629363,U10,U10,6.0,6.0,SSPG,SSPG,0.08214044102563556,0.30074860570797923,0.20402130936400673,0.6077218041801924,7,-5.712346594694562,932.3,5.9,37.0
0.20634545246738673,0.3497937521293354,U10,U10,6.0,6.0,SSPG,SSPG,0.08449419562222589,0.30048185937308197,0.2040143987575035,0.5924389667637504,5,-5.665492881975652,909.4,6.7,36.4
0.20015266122650588,0.34999807580872483,U10,U10,6.0,6.0,SSPG,SSPG,0.08194806983770088,0.3001341084616807,0.20515315944766485,0.6266267352696184,2,-5.765043553142489,951.7,6.5,36.8
0.19938441313471886,0.34984532498077875,U10,U10,6.0,6.0,SSPG,SSPG,0.0841847646237019,0.30032827832543063,0.2001848383237382,0.6419232899847716,4,-5.807924051998509,969.6,6.6,36.8
0.19149826775869222,0.3495249084244286,U10,U10,6.0,6.0,SSPG,SSPG,0.0838577097299448,0.3013129676014558,0.20033957803874408,0.6473882370833501,3,-5.86369531944721,947.2,7.1,36.8
0.191929092003505,0.34717166174882647,U10,U10,6.0,6.0,SSPG,SSPG,0.0827333005119142,0.3004153646432372,0.20094181136490638,0.6692331037080534,5,-5.845642939291981,953.8,6.8,35.7
0.18677896462458723,0.3499636320686177,U10,U10,6.0,6.0,SSPG,SSPG,0.088531140058808,0.30224384924724956,0.2001297672695602,0.6602533869546292,0,-5.859242278927714,954.2,7.1,35.8
0.1821350339809389,0.34968735463040745,U10,U10,6.0,6.0,SSPG,SSPG,0.08329816421537245,0.3073923654344309,0.20002859428044029,0.7452332973327906,4,-5.8512565661980265,977.8,6.7,34.3
0.18606255788359494,0.34986893716915085,U10,U10,6.0,6.0,SSPG,SSPG,0.08886059134822694,0.30289387611681096,0.2000177291875358,0.7342329044332541,6,-5.941394732099028,999.4,7.1,34.8
0.18225549189807347,0.345592909128947,U10,U10,6.0,6.0,SSPG,SSPG,0.08787641319405123,0.3000020678177099,0.20000070705936432,0.8244703441094616,0,-5.8958884118986585,998.6,7.0,33.0
0.1631398827123862,0.3478988715218644,U10,U10,6.0,6.0,SSPG,SSPG,0.08525629675940466,0.30657899479379336,0.2015602224985118,0.7824690797642471,5,-6.03426500166909,996.5,7.0,34.8
0.17485599446862635,0.34966702341188266,U10,U10,6.0,6.0,SSPG,SSPG,0.08420544036550902,0.3045072248605685,0.20445000634225025,0.6934644075834924,6,-5.951489416748244,1000.0,7.5,36.8
0.1671513414105235,0.3499939343825301,U10,U10,6.0,6.0,SSPG,SSPG,0.08146004379898034,0.30017480172169714,0.20309725461762457,0.7351827864848852,0,-5.9536296750134845,982.7,7.3,32.8
0.1788619859577109,0.3469836267310531,U10,U10,6.0,6.0,SSPG,SSPG,0.09337715897710763,0.30252510062477384,0.20542984227970318,0.6806745100301361,4,-5.767803134569445,936.7,8.2,35.1
0.17554909573225505,0.3468729589600381,U10,U10,6.0,6.0,SSPG,SSPG,0.09042986500370606,0.3049035043263977,0.20659945331659765,0.8255083621764423,7,-5.85624138701698,997.0,8.9,33.0
0.1624443794877949,0.34762093694415175,U10,U10,6.0,6.0,SSPG,SSPG,0.09531026978511489,0.30107530988212056,0.20037773052687965,0.8894122355529612,7,-5.9321351831660705,961.5,8.7,30.8
0.1699267272908981,0.34993548012687886,U10,U10,6.0,6.0,SSPG,SSPG,0.08757108159011065,0.30165776937642863,0.20001991146433998,0.890664850162771,2,-5.800500545188344,905.8,8.5,29.6
0.17160630284054856,0.347068884021553,U10,U10,6.0,6.0,SSPG,SSPG,0.08763786548180358,0.3091906205428032,0.20209423596784698,0.8252873730554788,3,-5.833550380247358,883.3,8.6,29.9
0.17732737580289332,0.34981197852009077,U10,U10,6.0,6.0,SSPG,SSPG,0.08412794791407333,0.3091353839407001,0.20062151957728916,0.9164983427997937,6,-5.906770649839377,949.0,8.6,28.9
0.17163206708318912,0.3488248687327495,U10,U10,6.0,6.0,SSPG,SSPG,0.08008195426349704,0.31264667863655604,0.20037636224409233,0.9083183880164762,7,-5.907469312492076,958.2,9.2,29.7
0.16974832828298891,0.34959354110840124,U10,U10,6.0,6.0,SSPG,SSPG,0.0912019965027761,0.30807044543518686,0.2035759524211276,0.936924780869409,4,-5.996308235618293,975.4,10.0,29.3
0.16845144102238102,0.3495935429857094,U10,U10,6.0,6.0,SSPG,SSPG,0.09079904467511714,0.3113640102561809,0.20143068223670665,0.8952310599274629,5,-5.976517492383484,991.3,10.0,31.0
0.15688687892476025,0.3448749561695248,U10,U10,6.0,6.0,SSPG,SSPG,0.09082186695463731,0.3134552143403518,0.2002453507707833,0.8556222710587837,4,-5.9828526557589266,996.8,9.9,34.1
0.16480295403520698,0.349955529767485,U10,U10,6.0,6.0,SSPG,SSPG,0.09877957299983023,0.30070672404364956,0.20021819216680228,1.019930087400303,5,-5.96419808516349,976.5,10.0,27.9
0.16705711552381636,0.3484795505768116,U10,U10,6.0,6.0,SSPG,SSPG,0.09445177635703358,0.3054362355666977,0.2000395672490292,0.8883904177935888,7,-6.073810392962932,989.3,10.0,30.7
0.16154951506522858,0.3498656911338365,U10,U10,6.0,6.0,SSPG,SSPG,0.096875969736923,0.3058468114668032,0.20137605840208406,0.8884980936191806,6,-6.045911469232183,999.9,9.9,32.5
0.1704767128620953,0.3491957095785427,U10,U10,6.0,6.0,SSPG,SSPG,0.09545274699097586,0.30239427608517633,0.2000797844692835,0.9785477622670768,5,-6.060629811196007,999.7,10.0,28.4
0.1592877092882496,0.3498819878832038,U10,U10,6.0,6.0,SSPG,SSPG,0.09918463766058863,0.3053176788696138,0.20007417431939695,1.0479819588728216,7,-6.1299687369752025,999.1,9.2,26.4
0.1614084568801604,0.3496163381620939,U10,U10,6.0,6.0,SSPG,SSPG,0.10453286969393605,0.30508811690034315,0.20013032177106294,1.0064712011880257,4,-6.1125031067923254,999.1,8.7,26.9
0.15304661802184014,0.3498886177710273,U10,U10,6.0,6.0,SSPG,SSPG,0.10424791060606814,0.30274049912702966,0.20122511743971624,1.0512478701153092,0,-6.089150170786681,999.7,9.4,26.5
0.15186626151531343,0.34738736108394036,U10,U10,6.0,6.0,SSPG,SSPG,0.10323758703908967,0.30330230396315805,0.20305869755676906,1.0084180624484431,7,-6.062466004728323,994.4,9.2,26.1
0.16153331326615605,0.3499917632385913,U10,U10,6.0,6.0,SSPG,SSPG,0.10189691241254861,0.304564297971143,0.20002907664900316,1.10249998769693,2,-6.1419047996465554,999.9,8.4,25.8
0.15807689814859166,0.34997322362650624,U10,U10,6.0,6.0,SSPG,SSPG,0.10313247886576862,0.3031792749960248,0.20010409232959286,1.0292808657248536,2,-6.111311471021218,1000.0,8.8,26.3
0.15424503235548775,0.3498252225509617,U10,U10,6.0,6.0,SSPG,SSPG,0.10348091128944312,0.3028178761536308,0.20006787238776283,1.1522862620234653,7,-6.141647018253896,996.0,8.7,23.7
0.15715464345459998,0.34943713021628353,U10,U10,6.0,6.0,SSPG,SSPG,0.1010545103127256,0.3040469580536344,0.20003435010016915,1.1135739346777247,3,-6.124697354180254,996.4,9.0,25.0
0.15369381004152508,0.34916524589885756,U10,U10,6.0,6.0,SSPG,SSPG,0.10619067178655521,0.3050527656611456,0.20000656250549426,1.2271279109169164,2,-6.146070404666463,999.5,8.6,22.7
0.15345862594576043,0.3490544520907216,U10,U10,6.0,6.0,SSPG,SSPG,0.1110293554241004,0.3048170559910221,0.200083097572329,1.2411418151266158,5,-6.17217800372871,999.3,7.3,23.5
0.1566001673491759,0.34706011834483463,U10,U10,6.0,6.0,SSPG,SSPG,0.11593292120924838,0.30517063747254325,0.20018362624499483,1.2683856276370893,4,-6.191515770640455,999.9,7.1,22.3
0.15420795079832597,0.34761157699134526,U10,U10,6.0,6.0,SSPG,SSPG,0.11736241800000873,0.3049833267644295,0.20000217721151073,1.3278434547579199,0,-6.1859765805538185,999.6,7.0,22.4
0.1586819898808995,0.34634116402137005,U10,U10,6.0,6.0,SSPG,SSPG,0.11658352637445007,0.3029603244083844,0.20068139086172482,1.3714154006955206,1,-6.177574713324248,1000.0,7.0,20.6
0.15338351786631352,0.34883181152854975,U10,U10,6.0,6.0,SSPG,SSPG,0.11572372913472084,0.3011734074875423,0.20082674676761522,1.4151802450811992,2,-6.195685102561019,999.6,6.2,19.8
0.1531762986404792,0.3499035957011884,U10,U10,6.0,6.0,SSPG,SSPG,0.12153370435110362,0.3016118162584569,0.20109177855248916,1.5126065220722102,7,-6.192255075851203,995.3,5.0,18.6
0.1500039592638808,0.3481778360196558,U10,U10,6.0,6.0,SSPG,SSPG,0.12039020584813939,0.30165183975732307,0.20030988003071168,1.4609742972700754,5,-6.195590738455101,999.8,5.2,19.4
0.1510503204821112,0.3466928919464572,U10,U10,6.0,6.0,SSPG,SSPG,0.12517200502624015,0.30361948654783283,0.20156245768214948,1.4561581981404332,0,-6.190409965734414,1000.0,5.1,20.3
0.1500429517847258,0.34810347983894124,U10,U10,6.0,6.0,SSPG,SSPG,0.1255613409443565,0.30061910002239933,0.20048842320654647,1.491232408976281,1,-6.177914948507811,1000.0,6.0,18.9
0.155832848749463,0.34146114173338166,U10,U10,6.0,6.0,SSPG,SSPG,0.12297151866682851,0.30139347735978284,0.20031822606120114,1.3767850951285658,3,-6.177928331653038,998.7,5.5,19.7
0.1500000416602083,0.34945149600999503,U10,U10,6.0,6.0,SSPG,SSPG,0.12633679460762787,0.30009140608021584,0.20000580177032112,1.5163608248825509,4,-6.168822996040199,999.1,5.6,18.0
0.15635499208782824,0.34657160652566776,U10,U10,6.0,6.0,SSPG,SSPG,0.12049588227630388,0.30000561159391514,0.20067288143813025,1.3964574841493285,3,-6.179612767413975,999.8,7.1,19.7
0.15126564795635777,0.3458800517499741,U10,U10,6.0,6.0,SSPG,SSPG,0.1238905906800253,0.30308768814105214,0.20058423437371223,1.5427539775281383,5,-6.203205653513867,1000.0,6.4,18.3
0.15106081435380042,0.34591621153378443,U10,U10,6.0,6.0,SSPG,SSPG,0.12621838463264118,0.30179731063473453,0.20012790114586745,1.523572717340763,5,-6.218535427449701,997.9,6.1,18.2
0.15158261352247507,0.3477035116429128,U10,U10,6.0,6.0,SSPG,SSPG,0.12758305092777683,0.30015038699146523,0.20094451526238336,1.5234397093873646,3,-6.202420804876622,999.5,5.7,18.1
0.15448239040607012,0.3455654782056007,U10,U10,6.0,6.0,SSPG,SSPG,0.12321135959853824,0.3003474099804574,0.20025704419193296,1.4869280459982877,3,-6.188057546213112,995.1,6.7,18.5
0.15052021359761703,0.3492478883095298,U10,U10,6.0,6.0,SSPG,SSPG,0.12669027006576103,0.30002879862745824,0.20000693454270363,1.4247928181036906,0,-6.171992158603239,999.4,6.4,18.8
0.1531672314843585,0.34623062974923147,U10,U10,6.0,6.0,SSPG,SSPG,0.1241214553338952,0.3021174734623802,0.20112602117261535,1.4673677684476853,4,-6.1866689782669795,997.1,7.2,19.1
0.15708199031191492,0.34703941642266967,U10,U10,6.0,6.0,SSPG,SSPG,0.1285997383435143,0.3011859358551055,0.20000444483563537,1.488906920664002,6,-6.197540399711647,1000.0,6.4,17.8
0.15128696772118122,0.3492136403539636,U10,U10,6.0,6.0,SSPG,SSPG,0.12812527758939607,0.3025770297054125,0.20028130992431317,1.4899287722183945,5,-6.23036297368878,999.3,6.6,18.8
0.15413257922526397,0.34821147201979546,U10,U10,6.0,6.0,SSPG,SSPG,0.1265349430315728,0.3021367447479169,0.20020210574347605,1.5306369416474062,2,-6.217194909300265,997.3,6.3,17.8
0.1544733815055967,0.34898388721712326,U10,U10,6.0,6.0,SSPG,SSPG,0.1271754941106502,0.3071779037370185,0.20004659458014679,1.5462780638190274,1,-6.219016896949618,994.0,6.2,19.0
0.15220401032130884,0.34908317086725904,U10,U10,6.0,6.0,SSPG,SSPG,0.1251042636793514,0.3101093977276147,0.20058239542704986,1.5549369395060229,6,-6.226512900567076,999.6,6.8,18.9
0.15283290445742528,0.34969986825874966,U10,U10,6.0,6.0,SSPG,SSPG,0.12688862445226295,0.30563019931222213,0.20029652753077543,1.5051806281628415,5,-6.230897369944851,999.7,7.2,19.1
0.15183259659377346,0.3493353264048457,U10,U10,6.0,6.0,SSPG,SSPG,0.1303439640036624,0.30293449689715224,0.20000041507333696,1.548097866274849,3,-6.243121484433413,999.8,6.5,18.1
0.15300721704647352,0.3490715143871188,U10,U10,6.0,6.0,SSPG,SSPG,0.13095363885807937,0.30348995494587166,0.20023041977270814,1.5517941872419918,1,-6.245270731153563,997.0,5.8,18.8
0.15225137827662405,0.3498393658127182,U10,U10,6.0,6.0,SSPG,SSPG,0.12928584934050347,0.3039599125014619,0.20000279879023478,1.5625600591888666,3,-6.231938752030123,999.4,6.0,17.9
0.15147193934427797,0.34715530821642265,U10,U10,6.0,6.0,SSPG,SSPG,0.13013373129050004,0.3020728944111565,0.20000713273272613,1.5675010273351364,4,-6.245441883752203,999.8,6.0,17.9
0.15018281253912752,0.3479567485566311,U10,U10,6.0,6.0,SSPG,SSPG,0.12855092865495366,0.3063044960001847,0.20005819787209084,1.5674167738129627,1,-6.242525373568212,999.9,6.0,18.4
0.15059672785780898,0.3465156916831997,U10,U10,6.0,6.0,SSPG,SSPG,0.13055298194276505,0.3041745734005905,0.20001832840436112,1.5635697244758906,2,-6.234073425518456,999.9,5.6,17.9
0.15100125029774789,0.34748627008633204,U10,U10,6.0,6.0,SSPG,SSPG,0.12756537993961875,0.30650380480534745,0.20045112192828055,1.562523404012865,3,-6.240228348835854,999.9,6.2,18.5
0.15052077721394236,0.34815248815368266,U10,U10,6.0,6.0,SSPG,SSPG,0.12901227695291495,0.30539271661449463,0.20001026961805016,1.5653709829868339,2,-6.262829972653673,999.9,5.6,19.2
0.15326873805149696,0.3476522618473828,U10,U10,6.0,6.0,SSPG,SSPG,0.13212132851753228,0.30300683127831385,0.20032688301367824,1.546411316471723,6,-6.253676314977738,1000.0,5.9,18.5
0.1504368125525304,0.34867398395932836,U10,U10,6.0,6.0,SSPG,SSPG,0.13126511482599987,0.305358423863607,0.20000733425377723,1.5597900101112665,5,-6.266465968671142,999.8,5.7,18.5
0.15061322826590895,0.3483429872360184,U10,U10,6.0,6.0,SSPG,SSPG,0.13063161859368472,0.30614358014709586,0.20005743641393417,1.5608211405862762,4,-6.269487324641183,999.6,5.8,18.6
0.150645079766867,0.34745867871703906,U10,U10,6.0,6.0,SSPG,SSPG,0.1312398533702026,0.30610374424044473,0.20001695013159818,1.564945947541223,7,-6.257728990574764,999.8,6.0,18.6
0.1512346855788454,0.3485963114740169,U10,U10,6.0,6.0,SSPG,SSPG,0.13010775588297696,0.3056321796580078,0.2000615033813104,1.5621641693756243,4,-6.257670623185881,999.8,5.9,18.6
0.15056635071689092,0.3483796138865704,U10,U10,6.0,6.0,SSPG,SSPG,0.13123464027825094,0.3074421145751214,0.20002207313232662,1.5642523139114344,0,-6.269242616993741,998.7,5.7,18.9
0.15135005870270818,0.3488751581944799,U10,U10,6.0,6.0,SSPG,SSPG,0.13038707124976973,0.3073577887418698,0.20004005958622756,1.5591256745232243,3,-6.25976338716105,999.0,5.9,19.2
0.15050205683604176,0.34938558879067017,U10,U10,6.0,6.0,SSPG,SSPG,0.13182139786470726,0.3076924282190539,0.2001007455069046,1.5610775354028368,6,-6.265365715113543,998.2,5.8,19.0
0.15045346896727463,0.3488881616688696,U10,U10,6.0,6.0,SSPG,SSPG,0.13142098743739836,0.3072588672118946,0.20004973242543933,1.562008685050842,1,-6.266202568537344,999.9,5.8,18.8
0.15125045999423473,0.34906860918571503,U10,U10,6.0,6.0,SSPG,SSPG,0.1324425865382547,0.30717894768045134,0.20003680883038114,1.5657614710407457,2,-6.274224427643831,998.6,5.8,18.7
0.1515869548540241,0.3492034990765003,U10,U10,6.0,6.0,SSPG,SSPG,0.1316736643326194,0.30632178478932215,0.20001944492189622,1.5595046699962185,3,-6.265801063509899,999.5,6.1,18.8
0.15111026484249235,0.3490560115990939,U10,U10,6.0,6.0,SSPG,SSPG,0.13227679034253723,0.30607738783329996,0.2000058497965456,1.561779523163731,2,-6.276990753471496,999.7,6.0,18.7
0.150986719997869,0.34933966632291863,U10,U10,6.0,6.0,SSPG,SSPG,0.1318116404977123,0.30594901882792047,0.20000784854285056,1.5628353397235215,1,-6.272128977921751,999.7,6.0,18.6
0.15153811573741155,0.34907402115103453,U10,U10,6.0,6.0,SSPG,SSPG,0.13184964979869668,0.30594888258802055,0.20000050384566473,1.563366958238356,7,-6.273312799288446,1000.0,5.8,18.8
0.1516931092728156,0.34899644068126046,U10,U10,6.0,6.0,SSPG,SSPG,0.13164491527347752,0.3066326640606998,0.20000557161582078,1.563076200443052,7,-6.269836869770373,1000.0,6.0,18.7
0.15113003819281084,0.34925325708224003,U10,U10,6.0,6.0,SSPG,SSPG,0.1321822913861487,0.3065600554687604,0.20000009025702095,1.5654689671032669,3,-6.2791408050874855,999.6,5.9,18.7
0.15168488143993725,0.3491507526882266,U10,U10,6.0,6.0,SSPG,SSPG,0.13218598558300898,0.3069015630171859,0.20000060344564566,1.560473192764206,7,-6.272368662020526,999.9,5.9,18.8
0.15132810388907214,0.3492732104404712,U10,U10,6.0,6.0,SSPG,SSPG,0.13196154605724675,0.3061495102128619,0.20000863560560986,1.560711766563725,4,-6.272189723545737,999.9,5.9,18.8
0.15120406286195628,0.348944394006782,U10,U10,6.0,6.0,SSPG,SSPG,0.13167582125219887,0.30594357022917884,0.20000290432634535,1.5617719576511448,5,-6.2686836785507065,1000.0,5.8,18.8
0.15107286538633505,0.34885398282999247,U10,U10,6.0,6.0,SSPG,SSPG,0.13220823594853087,0.30604762710644395,0.20000020019373255,1.5617562543839694,7,-6.275536601659039,1000.0,5.8,18.7
0.15159524389358897,0.3488472477391118,U10,U10,6.0,6.0,SSPG,SSPG,0.1315553091353988,0.3061541996914942,0.20000142912421665,1.5598813656351038,3,-6.26730845511109,999.9,6.0,18.7
0.15113891112529004,0.34886968833527343,U10,U10,6.0,6.0,SSPG,SSPG,0.13230645585371803,0.3060772262422624,0.20002314825763276,1.560801394700135,2,-6.270429312431494,1000.0,5.8,18.7
0.15113759041354172,0.3488588019846344,U10,U10,6.0,6.0,SSPG,SSPG,0.13188215904274572,0.3068646179143335,0.20001902791979992,1.5639914141890068,1,-6.281619068002757,999.9,5.8,18.7
0.15142874950537769,0.34882568465587505,U10,U10,6.0,6.0,SSPG,SSPG,0.13218953182026844,0.30651802721210486,0.20003730477655773,1.559709115830473,0,-6.2758417090833225,1000.0,5.8,18.8
0.15164539467140692,0.3485736496516605,U10,U10,6.0,6.0,SSPG,SSPG,0.13161860404309544,0.30585996913795005,0.20000015077928368,1.5590616728899986,4,-6.261204009014386,1000.0,5.9,18.7
0.15133383730106306,0.3488030641392852,U10,U10,6.0,6.0,SSPG,SSPG,0.13221123551906117,0.30641258097722185,0.20000372820548054,1.5635854879533566,5,-6.272303071868549,1000.0,5.8,18.6
0.1514984306377546,0.3489413298826901,U10,U10,6.0,6.0,SSPG,SSPG,0.13201923561148649,0.3065924393943644,0.20000229987923104,1.5603464579965678,5,-6.271327850727068,1000.0,5.9,18.8
0.15131713951829245,0.3491891816242873,U10,U10,6.0,6.0,SSPG,SSPG,0.13183050531678073,0.305913917122256,0.20000382622623625,1.5571652963630607,5,-6.274603944164354,999.9,5.9,18.8
0.15119572266346124,0.3491812747796967,U10,U10,6.0,6.0,SSPG,SSPG,0.13155506285915797,0.30602146740703373,0.2000082936113583,1.5594556625775318,6,-6.278414468081784,999.8,5.9,18.8
0.15123778961299303,0.34899102339178156,U10,U10,6.0,6.0,SSPG,SSPG,0.1320103912316636,0.3058086427193554,0.20001195763382826,1.5612244361889256,1,-6.265798878622389,999.9,5.9,18.7
0.15120955892503896,0.3491023127124846,U10,U10,6.0,6.0,SSPG,SSPG,0.1319374360958838,0.3056979362566669,0.20003535563999802,1.5588977899483547,7,-6.275972128180515,999.8,5.9,18.8
0.15128813305874683,0.3490816877125446,U10,U10,6.0,6.0,SSPG,SSPG,0.132198138213292,0.3059875101038848,0.2000004585496018,1.5609577047748688,1,-6.27356828031008,999.8,5.8,18.7
0.15127605949558168,0.34906909180783563,U10,U10,6.0,6.0,SSPG,SSPG,0.132093931246702,0.30579021200959305,0.20000737013907413,1.559808534143162,1,-6.2707586799052795,1000.0,5.9,18.8
0.1510512931539584,0.34926459689005424,U10,U10,6.0,6.0,SSPG,SSPG,0.13206997906299772,0.30563083406661795,0.2000129722755362,1.5595742547020692,2,-6.278178195365295,999.5,5.8,18.8
0.15124763748329928,0.3491595704986261,U10,U10,6.0,6.0,SSPG,SSPG,0.1318951543886507,0.3056612250202084,0.2000262246851971,1.5561636520760036,6,-6.274687731661933,999.8,5.8,18.9
0.151091089583823,0.34923451953614854,U10,U10,6.0,6.0,SSPG,SSPG,0.13171291239783084,0.30531712928974986,0.20001630266450765,1.5579693712107492,4,-6.279043487119947,999.7,5.8,18.9
0.15134647046972208,0.3493781412928719,U10,U10,6.0,6.0,SSPG,SSPG,0.13173884553044501,0.3058158730063346,0.2000103154247293,1.558892178349181,4,-6.273838338253973,999.7,5.9,18.9
0.15137072065799184,0.3494029197828058,U10,U10,6.0,6.0,SSPG,SSPG,0.13209846071157347,0.3059811763430226,0.20001702526919876,1.5586602670564127,7,-6.271097429417453,999.8,5.8,18.8
0.15142784620980299,0.3494394443922026,U10,U10,6.0,6.0,SSPG,SSPG,0.13193839837066168,0.3056358730722435,0.2000150269049814,1.5563044714975764,2,-6.27490811371914,999.6,5.9,18.9
0.15122116318600914,0.3495588090310142,U10,U10,6.0,6.0,SSPG,SSPG,0.13193760347169614,0.30553269489377777,0.20003461086311972,1.5570930049428013,6,-6.270582891599296,999.7,5.9,18.8
0.15101644909157233,0.3494525118607704,U10,U10,6.0,6.0,SSPG,SSPG,0.13181539263701028,0.305744789558962,0.2000238022601281,1.558192988879271,1,-6.2735156213575145,999.9,5.9,18.7
0.15122088895680535,0.34950309508081534,U10,U10,6.0,6.0,SSPG,SSPG,0.13167318713305332,0.30603690648890675,0.20003098838283562,1.5573004140012223,3,-6.277266936008178,999.5,5.9,18.9
0.15111129613301028,0.3494595263393695,U10,U10,6.0,6.0,SSPG,SSPG,0.13174526628809774,0.30588827947736225,0.2000186485356747,1.5604101508404615,3,-6.274595412887808,999.7,5.9,18.7
0.15130187657329172,0.34959590641654587,U10,U10,6.0,6.0,SSPG,SSPG,0.131745165341087,0.3059419688773848,0.20002128072828743,1.5595447890441996,0,-6.277357999944777,999.7,5.9,18.8
0.15108812797924842,0.3496951714665853,U10,U10,6.0,6.0,SSPG,SSPG,0.1314629943620535,0.30591419264158115,0.20004349641573907,1.5575650281640883,0,-6.282835939286291,999.6,5.9,18.9
0.15114829921650885,0.34959242376090116,U10,U10,6.0,6.0,SSPG,SSPG,0.13182811548464435,0.3062965294104316,0.2000291729778474,1.5592858071874773,3,-6.276548971364673,999.8,5.9,18.8
0.15136214212613366,0.34955825699503396,U10,U10,6.0,6.0,SSPG,SSPG,0.13197515395018572,0.30604582066142266,0.2000639432963823,1.5601834388716957,5,-6.275682311928371,999.8,5.9,18.8
0.15120425981438754,0.3494907812333788,U10,U10,6.0,6.0,SSPG,SSPG,0.1321040604575188,0.306177725687542,0.20003558170929764,1.5573250387931847,7,-6.26594653100686,999.7,5.9,18.9
0.15126916041922236,0.34961710145966873,U10,U10,6.0,6.0,SSPG,SSPG,0.13184432050730743,0.30602089890664375,0.2000594659989448,1.5602904917228386,7,-6.2770287965301605,999.7,5.9,18.8
0.1513088699631668,0.34963507619185025,U10,U10,6.0,6.0,SSPG,SSPG,0.13200540902978886,0.3061097479824313,0.20007313280044806,1.5587969350707525,1,-6.277994010861113,999.6,5.9,18.9
0.1511222399132522,0.34958143347548626,U10,U10,6.0,6.0,SSPG,SSPG,0.13199242752686569,0.30611813879334465,0.20007749680671516,1.5610031582517565,0,-6.274780505025314,999.7,5.9,18.8
0.1512522452984326,0.34950597348005297,U10,U10,6.0,6.0,SSPG,SSPG,0.13169916320216668,0.30641421458942414,0.2000549848525291,1.5615481346016153,2,-6.2830809226956115,999.7,5.9,18.8
0.15121891860426148,0.34961061794817083,U10,U10,6.0,6.0,SSPG,SSPG,0.13197815466012802,0.3061144645161427,0.20008606979445293,1.560582309745731,6,-6.2766364819680645,999.6,6.0,18.8
0.15129393168729136,0.34964236107819685,U10,U10,6.0,6.0,SSPG,SSPG,0.13201790130496577,0.3061260035584175,0.200077462095511,1.5611166063463355,7,-6.277948520809606,999.5,6.0,18.8
0.1511227290364986,0.3496443416444267,U10,U10,6.0,6.0,SSPG,SSPG,0.13206396427565767,0.3061577901878991,0.20009833587700618,1.5616358813530922,2,-6.2788722286979,999.5,6.0,18.8
0.1510725677803825,0.3497852368725204,U10,U10,6.0,6.0,SSPG,SSPG,0.13186628207363882,0.306382247277354,0.20009957029476286,1.560470276624664,6,-6.281057283451821,999.5,6.0,18.8
0.1511612124641592,0.34969989998354045,U10,U10,6.0,6.0,SSPG,SSPG,0.1319300733360188,0.30635567179761636,0.20007110474004094,1.5614299904806859,4,-6.284044618938973,999.6,5.9,18.8
0.15105275877811977,0.3497010325132833,U10,U10,6.0,6.0,SSPG,SSPG,0.131677882939646,0.30632944991006966,0.20006862876438913,1.5622551844418346,1,-6.276244845760164,999.6,5.9,18.7
0.1509056059074559,0.34970626639402946,U10,U10,6.0,6.0,SSPG,SSPG,0.13165009466419325,0.3066304785320848,0.20006638052522518,1.563120271414756,0,-6.284009971341702,999.5,5.9,18.7
0.15099288205748237,0.34961563515445193,U10,U10,6.0,6.0,SSPG,SSPG,0.13185916817620602,0.30675772151609965,0.20007004443559767,1.5631258964726378,3,-6.274471395383831,999.8,5.9,18.7
0.1511396597941428,0.3496298421167252,U10,U10,6.0,6.0,SSPG,SSPG,0.1316745918917808,0.3067426528300444,0.20009422909807986,1.5641868470458125,5,-6.282290643562696,999.8,5.9,18.7
0.15130098114592994,0.3496019999054114,U10,U10,6.0,6.0,SSPG,SSPG,0.13172506719950283,0.3067768728625199,0.2000910021305134,1.5631322515118393,5,-6.277296617536552,999.9,6.0,18.7
0.15121332518467698,0.34969411877585166,U10,U10,6.0,6.0,SSPG,SSPG,0.13189181962772123,0.3063203162858158,0.20005184487333746,1.5620847718900044,5,-6.275389656152585,999.6,5.9,18.7
0.15139008891813005,0.34962072054398674,U10,U10,6.0,6.0,SSPG,SSPG,0.13172188342684527,0.3067367742004753,0.20005658052465977,1.563442704929562,2,-6.276456035930783,999.9,5.9,18.7
0.1511886907978244,0.349600452909131,U10,U10,6.0,6.0,SSPG,SSPG,0.13180977765739066,0.3071656683835872,0.20007469225226782,1.564505100126257,2,-6.2800708267346,999.8,6.0,18.7
0.15127880972573268,0.3496131973046197,U10,U10,6.0,6.0,SSPG,SSPG,0.13154909280263444,0.306803575795722,0.20004894294006897,1.5632487282847056,5,-6.272499797896998,999.9,6.0,18.7
0.1512368565950382,0.3495384775453,U10,U10,6.0,6.0,SSPG,SSPG,0.13190600687946893,0.3067597882091824,0.2000402447904192,1.5636364372257758,3,-6.2795804232845365,999.8,6.0,18.7
0.1511106321865354,0.3495581211265538,U10,U10,6.0,6.0,SSPG,SSPG,0.1318389978639315,0.306696536433708,0.20002007949503187,1.5638618408084475,7,-6.283214874771206,999.8,6.0,18.7
0.15120428971958288,0.34955655958882065,U10,U10,6.0,6.0,SSPG,SSPG,0.13201839430413864,0.30679899911360997,0.2000484086708031,1.5630497955414762,5,-6.273086063785219,999.9,6.0,18.7
0.15116602147653077,0.34946237569450855,U10,U10,6.0,6.0,SSPG,SSPG,0.13190929174019506,0.3070320089036384,0.20002744204858372,1.563752842630191,5,-6.269359305846805,1000.0,6.0,18.6
0.15116793565382053,0.34949956571379964,U10,U10,6.0,6.0,SSPG,SSPG,0.13182792938463622,0.3067267477170745,0.20001834016946976,1.563056463884977,3,-6.277653566154094,999.9,6.0,18.7
0.1510098959114392,0.3496076091537185,U10,U10,6.0,6.0,SSPG,SSPG,0.13185529103337285,0.30671099764686854,0.20003477155035385,1.564276599067814,2,-6.280246307347776,999.9,5.9,18.7
0.15092927479802495,0.3495509939493285,U10,U10,6.0,6.0,SSPG,SSPG,0.13190708917902202,0.3066319693629235,0.2000301585693866,1.5652339275393783,0,-6.276302497752781,999.9,5.9,18.6
0.15090647202567165,0.34940662146497675,U10,U10,6.0,6.0,SSPG,SSPG,0.13185597937256183,0.30643728553755023,0.2000283854607188,1.564264901865935,1,-6.278441604533407,999.9,5.9,18.7
0.1511344146886085,0.3493830221513196,U10,U10,6.0,6.0,SSPG,SSPG,0.13196170337915333,0.3067536950062881,0.20003324055164137,1.5645939683233383,4,-6.281405969946326,999.9,5.8,18.7
0.1510809442234134,0.34947706176055804,U10,U10,6.0,6.0,SSPG,SSPG,0.13176797128216433,0.30668869556955,0.2000545665118075,1.5634792379157525,0,-6.282824430750516,999.9,5.9,18.7
0.1510960009682948,0.34947688313181197,U10,U10,6.0,6.0,SSPG,SSPG,0.13184388993484003,0.3065566430363874,0.20004002088064457,1.5635480844960985,7,-6.266063068561942,999.9,5.9,18.7
0.15105503685420069,0.34954264504132326,U10,U10,6.0,6.0,SSPG,SSPG,0.1317508204590535,0.3066806318861801,0.20004997302518737,1.5637910382715154,1,-6.282957807071802,999.9,5.9,18.7
0.15109051132540952,0.3495276292577681,U10,U10,6.0,6.0,SSPG,SSPG,0.13164809754625317,0.3067600978485296,0.2000395335246519,1.5641717926276106,7,-6.281053868674416,999.9,6.0,18.7
0.15102205003936836,0.3494412415031229,U10,U10,6.0,6.0,SSPG,SSPG,0.13178362798634796,0.30641166163656175,0.20003544822279365,1.5634268140502297,0,-6.2765009489265395,999.9,5.9,18.7
0.1510905518091174,0.3494402025750459,U10,U10,6.0,6.0,SSPG,SSPG,0.1318446227914014,0.30671255578835516,0.20002490181533442,1.5639779264323206,1,-6.281287476076478,1000.0,5.9,18.7
0.15108300309816203,0.34944083959011557,U10,U10,6.0,6.0,SSPG,SSPG,0.13180319942719815,0.3067251382346637,0.20004204155110325,1.5643555887549496,4,-6.2833145554338925,1000.0,5.9,18.7
0.1510098489686729,0.34948636308694314,U10,U10,6.0,6.0,SSPG,SSPG,0.13180886394086813,0.3066831936539633,0.20004227671006303,1.5638843031772613,5,-6.283913264026785,999.9,5.9,18.7
0.151013159402821,0.3495786810821987,U10,U10,6.0,6.0,SSPG,SSPG,0.1317406226654085,0.3066360612098983,0.20006780073976108,1.5632446486607687,6,-6.284074929999956,999.9,5.9,18.7
0.15100529090641387,0.349489373912322,U10,U10,6.0,6.0,SSPG,SSPG,0.1318748127573547,0.30675781219071196,0.20004232331436486,1.5636331369430416,4,-6.278788256077251,1000.0,6.0,18.7
0.1510895370826289,0.3494584479963007,U10,U10,6.0,6.0,SSPG,SSPG,0.13185115025665833,0.30683366153414354,0.20005009028243986,1.5642585324070728,6,-6.277473466914841,1000.0,6.0,18.7
0.15110087725620103,0.3495533444685952,U10,U10,6.0,6.0,SSPG,SSPG,0.13178187086808296,0.3066968394538174,0.20005934868267714,1.5633123148724937,4,-6.281766901739144,1000.0,6.0,18.7
0.1511659739289397,0.3495742101055341,U10,U10,6.0,6.0,SSPG,SSPG,0.13188229949943792,0.30657115544323804,0.20007034064165585,1.5625775339601082,6,-6.276608677134592,999.9,6.0,18.8
0.1511662544660016,0.34959816701830493,U10,U10,6.0,6.0,SSPG,SSPG,0.13178430648426187,0.3066359098149566,0.2000904795262254,1.5630307301807025,2,-6.261132858618446,999.9,6.0,18.7
0.15101368801393103,0.34961089948860813,U10,U10,6.0,6.0,SSPG,SSPG,0.13174754777161046,0.3067944786856818,0.20008347032547155,1.5637628516038808,3,-6.277551776100831,999.9,6.0,18.7
0.15095310196686554,0.3496041940830938,U10,U10,6.0,6.0,SSPG,SSPG,0.13165234483310573,0.30650573020285155,0.20007564823788487,1.563130843884942,5,-6.269751088530911,999.9,6.0,18.7
0.1510766890678735,0.34961920651737705,U10,U10,6.0,6.0,SSPG,SSPG,0.13184539151852143,0.30681404795608386,0.20008090631897915,1.5642182415876733,0,-6.278001694002458,999.9,6.0,18.7
0.1509346960248225,0.34965861904555323,U10,U10,6.0,6.0,SSPG,SSPG,0.13188978656851025,0.3064254905097147,0.2000939385683906,1.5630021319148528,7,-6.2766682296698475,999.7,6.0,18.7
0.15096693888001309,0.34971693989942376,U10,U10,6.0,6.0,SSPG,SSPG,0.13190785730050358,0.3064883853273069,0.20014027453791686,1.5629489362528513,3,-6.273796683640388,999.7,6.0,18.7
0.15098493789789563,0.34965350908290616,U10,U10,6.0,6.0,SSPG,SSPG,0.13186492861699817,0.3067116278081492,0.2000978949486897,1.5631370328214924,4,-6.28170428920445,999.8,6.0,18.7
0.15095992944279146,0.3496181385588486,U10,U10,6.0,6.0,SSPG,SSPG,0.13191907756797708,0.30668672107330763,0.20012508206681537,1.5641365090145478,1,-6.27407584720368,999.7,5.9,18.6
0.15092173352604135,0.3496372728195105,U10,U10,6.0,6.0,SSPG,SSPG,0.132038045876256,0.3067610123564008,0.2001092359116752,1.5627582530709696,5,-6.276414759803229,999.6,5.9,18.7
0.1509314004069959,0.3496067455669081,U10,U10,6.0,6.0,SSPG,SSPG,0.1320350759727785,0.3065377137544957,0.200126625098661,1.5641305805242172,5,-6.27530609631175,999.6,5.9,18.7
0.15086803477278266,0.34966436043266,U10,U10,6.0,6.0,SSPG,SSPG,0.13194869043213325,0.30650145689871,0.2001216571204185,1.5626364284804728,3,-6.271014616834855,999.4,5.9,18.7
0.1507402544552669,0.34975918129420225,U10,U10,6.0,6.0,SSPG,SSPG,0.13183862459427903,0.30654495789237307,0.2001254069804281,1.5618644097729244,7,-6.264588878467361,999.4,6.0,18.7
0.1507240264268431,0.34969819990574813,U10,U10,6.0,6.0,SSPG,SSPG,0.13184052534499568,0.30629476196748384,0.20009202423431485,1.5618551667320726,3,-6.282688243781736,999.3,6.0,18.7
0.1507886281361142,0.34970953503116775,U10,U10,6.0,6.0,SSPG,SSPG,0.13195042309565735,0.3064145026272507,0.20010819445926273,1.5618031324326398,5,-6.274737097542644,999.3,6.0,18.7
0.1508981428669046,0.3495554847427681,U10,U10,6.0,6.0,SSPG,SSPG,0.13183272868570345,0.3066644912878929,0.20007963038320406,1.5626310071657223,5,-6.284608279375893,999.7,6.0,18.7
0.15084852065389803,0.3496321824720977,U10,U10,6.0,6.0,SSPG,SSPG,0.13178882881243256,0.30663275120555283,0.20008458603307905,1.562314060003835,1,-6.283929044355148,999.7,6.0,18.7
0.15104676468173617,0.3495296896375846,U10,U10,6.0,6.0,SSPG,SSPG,0.13198175342184448,0.3067841558736206,0.20007466650001157,1.563857408591311,3,-6.280194997880634,999.9,6.0,18.7
0.15083435629971728,0.3496137744077247,U10,U10,6.0,6.0,SSPG,SSPG,0.13181918892255629,0.30643064239404677,0.20008300617949668,1.5625474999482432,5,-6.27505572392663,999.6,6.0,18.7
0.15086088282271046,0.34957675066109106,U10,U10,6.0,6.0,SSPG,SSPG,0.13187182638713574,0.30664459924395965,0.20008033083748417,1.56271817113904,4,-6.285136540929313,999.8,6.0,18.7
0.15094070336024,0.34953865376435245,U10,U10,6.0,6.0,SSPG,SSPG,0.13186591298301398,0.306716325868801,0.20005433063745542,1.563298575630521,0,-6.281641461179508,999.8,6.0,18.7
0.1509394642142407,0.34957037998154794,U10,U10,6.0,6.0,SSPG,SSPG,0.13178381725190008,0.30668601942713164,0.20006086644624455,1.5633589959008232,1,-6.283904377101763,999.8,6.0,18.7
0.15099114042086662,0.34949553990435156,U10,U10,6.0,6.0,SSPG,SSPG,0.1318202308372206,0.3066970886104515,0.20005001211643283,1.5632960976421022,0,-6.283022462213918,999.9,6.0,18.7
0.15087551881794983,0.34958854515912324,U10,U10,6.0,6.0,SSPG,SSPG,0.1318701549518519,0.30668808804546616,0.2000615336597651,1.5629272156927314,5,-6.281218166935578,999.8,6.0,18.7
0.1509440123968378,0.3495312060024265,U10,U10,6.0,6.0,SSPG,SSPG,0.1318476493545895,0.3067168338215422,0.20005269006349657,1.562739407675795,1,-6.278147207798813,999.9,6.0,18.7
0.1509516959713818,0.3494932445006102,U10,U10,6.0,6.0,SSPG,SSPG,0.13186281846433426,0.3067607875211801,0.2000555158650442,1.5634485668293285,3,-6.279314869179745,999.9,6.0,18.7
0.15092397096715662,0.34954390216660747,U10,U10,6.0,6.0,SSPG,SSPG,0.13185629234857732,0.3066968996870438,0.2000682765585437,1.563504748443029,5,-6.284934632915213,999.8,6.0,18.7
0.15092746249564115,0.34951156168126696,U10,U10,6.0,6.0,SSPG,SSPG,0.13186066466233254,0.3067059583229852,0.20005747005495866,1.5633089661022987,5,-6.282448826465126,999.9,6.0,18.7
0.15089099991096608,0.3495398593366249,U10,U10,6.0,6.0,SSPG,SSPG,0.13182069164705362,0.3066616211219295,0.2000575114655941,1.563096284045189,0,-6.284045987915092,999.9,6.0,18.7
0.1508644923135604,0.3495709368868578,U10,U10,6.0,6.0,SSPG,SSPG,0.13182316595605773,0.3066743392389203,0.20008336605112742,1.5628481012286541,5,-6.2838393883965,999.8,6.0,18.7
0.1509518515864278,0.3495258647591908,U10,U10,6.0,6.0,SSPG,SSPG,0.13178991647171384,0.3067116519535474,0.20007547760893468,1.563669936807389,3,-6.284698065762358,999.9,6.0,18.7
0.15090114817433228,0.34956650627626745,U10,U10,6.0,6.0,SSPG,SSPG,0.13179589989831855,0.306673352872379,0.2000791035589938,1.5630948071478725,2,-6.284955279693996,999.8,6.0,18.7
0.15102214381778897,0.34945583637814454,U10,U10,6.0,6.0,SSPG,SSPG,0.13188796574634049,0.30677101926348194,0.2000720011511316,1.5641313698249246,6,-6.283109315926507,1000.0,6.0,18.7
0.1509675003562464,0.3495240680643017,U10,U10,6.0,6.0,SSPG,SSPG,0.1318273694571344,0.3067890693157944,0.20008209478525976,1.5639077009490046,6,-6.280545271995056,999.9,6.0,18.7
0.15098266130177268,0.3494954492103129,U10,U10,6.0,6.0,SSPG,SSPG,0.13174417484986434,0.3067706279775255,0.20007220663336056,1.5640027500739504,6,-6.282371653712486,999.9,6.0,18.7
0.1509493474207272,0.34950109580741473,U10,U10,6.0,6.0,SSPG,SSPG,0.13184055570905373,0.3067131995041392,0.20006980891641782,1.5635825921148805,0,-6.284365644294141,999.9,6.0,18.7
0.15102401142782204,0.34944172377338745,U10,U10,6.0,6.0,SSPG,SSPG,0.13187727917055955,0.3067678330222153,0.2000542075650453,1.5640106017449944,7,-6.282711103626568,999.9,6.0,18.7
0.15101614348453746,0.34948216357017825,U10,U10,6.0,6.0,SSPG,SSPG,0.13192472788919243,0.30677479743053004,0.20005697410158113,1.5636465969177666,0,-6.2796969484450855,999.9,6.0,18.7
0.15099826193609,0.3494479972109691,U10,U10,6.0,6.0,SSPG,SSPG,0.1318446200290116,0.3067443033640528,0.20005950707310172,1.5640453207269496,3,-6.284829209868228,999.9,6.0,18.7
0.15097941269087548,0.349491355734858,U10,U10,6.0,6.0,SSPG,SSPG,0.13187149877342458,0.30669109748822654,0.20005512606053796,1.56313948870568,5,-6.2831914655478425,999.9,6.0,18.7
0.15099325776551273,0.34941529289702106,U10,U10,6.0,6.0,SSPG,SSPG,0.13174992698900154,0.3067111171131218,0.2000430971366123,1.5637659988181158,1,-6.2847127334018404,1000.0,6.0,18.7
0.15093300328231807,0.34945103645023906,U10,U10,6.0,6.0,SSPG,SSPG,0.1318005906444867,0.3067238364225043,0.20003956799770958,1.5629912383455804,6,-6.279753092530587,999.9,6.0,18.7
0.1509188378868838,0.34950192159414245,U10,U10,6.0,6.0,SSPG,SSPG,0.13182962278967789,0.30667861332194285,0.20005295359103958,1.563175257027591,7,-6.2846445979461185,999.8,6.0,18.7
0.15089625064008966,0.34950299319841777,U10,U10,6.0,6.0,SSPG,SSPG,0.13179094936926594,0.3066435960756898,0.200034118413921,1.5626887777688805,3,-6.283560428734505,999.8,6.0,18.7
0.15088821507286135,0.3495211276448159,U10,U10,6.0,6.0,SSPG,SSPG,0.1317286343083689,0.3066723808296909,0.2000473393139372,1.5629983957815354,2,-6.283325084532751,999.8,6.0,18.7
0.1509075323675224,0.34953062603366014,U10,U10,6.0,6.0,SSPG,SSPG,0.1317555963599134,0.3066799098751971,0.20004330710758708,1.5628393027457168,1,-6.281534865865058,999.8,6.0,18.7
0.1509253654868503,0.3495066526952843,U10,U10,6.0,6.0,SSPG,SSPG,0.13178332013762978,0.3066993896079925,0.20004808717776573,1.56330335235491,1,-6.283211847519919,999.8,6.0,18.7
0.15088655231044443,0.3495578029381611,U10,U10,6.0,6.0,SSPG,SSPG,0.13177657525760245,0.3066461217707499,0.200056403666506,1.5629121972171975,3,-6.284685211784177,999.8,6.0,18.7
0.15098710580175884,0.34948873025154636,U10,U10,6.0,6.0,SSPG,SSPG,0.13166974788346927,0.30673203132618665,0.2000425077973189,1.5638320132700096,4,-6.282500508283973,999.9,6.0,18.7
0.1509037748216249,0.3495920264004349,U10,U10,6.0,6.0,SSPG,SSPG,0.13177520025118178,0.30669643390783263,0.2000707378282544,1.5632932689723225,4,-6.282920102876113,999.8,6.0,18.7
0.15101243222855676,0.3495725598450061,U10,U10,6.0,6.0,SSPG,SSPG,0.13175632831547274,0.30672487771171175,0.20006796615719133,1.5638545758327758,3,-6.2830408101487745,999.9,6.0,18.7
0.15097585237734545,0.34953643629905684,U10,U10,6.0,6.0,SSPG,SSPG,0.13176271023735728,0.30678351604394527,0.20005986356991248,1.5637659963539292,3,-6.278404452532226,999.9,6.0,18.7
0.150908151911283,0.3496252405333997,U10,U10,6.0,6.0,SSPG,SSPG,0.13178394722869563,0.306680354601578,0.20008159634273587,1.5631223013075242,3,-6.283327568797421,999.8,6.0,18.7
0.1509099322319286,0.3496050842723858,U10,U10,6.0,6.0,SSPG,SSPG,0.13174354308549147,0.30664916510828777,0.2000717188562187,1.563028174101404,1,-6.285006025006022,999.8,6.0,18.7
0.1509554670280929,0.3495768327665045,U10,U10,6.0,6.0,SSPG,SSPG,0.1317284920378014,0.3066925721484458,0.20006745041518317,1.5634626055448182,5,-6.284237166558497,999.8,6.0,18.7
0.15096015121689982,0.349575231439388,U10,U10,6.0,6.0,SSPG,SSPG,0.13172619764743942,0.30667529520809744,0.20005918370486828,1.563162369734839,3,-6.283579257921657,999.8,6.0,18.7
0.15095360891558485,0.34959348003028273,U10,U10,6.0,6.0,SSPG,SSPG,0.13172467674036986,0.3066690641554165,0.20006308419489552,1.5632824856552232,4,-6.284454845276083,999.8,6.0,18.7
0.1510126231057671,0.34956951211206383,U10,U10,6.0,6.0,SSPG,SSPG,0.13176664388893852,0.30671037932286743,0.20007012664671697,1.5638353391183903,6,-6.284269725354945,999.9,6.0,18.7
0.1510008353654452,0.349551881027866,U10,U10,6.0,6.0,SSPG,SSPG,0.13173654430469653,0.30673061503544347,0.20006272632535121,1.563927640243346,4,-6.283046161251846,999.9,6.0,18.7
0.15100696206177905,0.34955304053239156,U10,U10,6.0,6.0,SSPG,SSPG,0.13176976026983966,0.30673811757257774,0.20006841323265045,1.5639004360725433,1,-6.2827458585047715,999.9,6.0,18.7
0.15101967569887503,0.3495554209794365,U10,U10,6.0,6.0,SSPG,SSPG,0.13174124652034613,0.30675353602991706,0.20007073165203418,1.5641364066090557,6,-6.282827680082328,999.9,6.0,18.7
0.1509816863907569,0.34957892625417275,U10,U10,6.0,6.0,SSPG,SSPG,0.13174873545847315,0.3067008045502865,0.20007392788359898,1.5636828472150142,0,-6.284250749646845,999.9,6.0,18.7
0.1509756969509947,0.34959842854160933,U10,U10,6.0,6.0,SSPG,SSPG,0.13172096971791203,0.3066861286588894,0.20007295792887766,1.5635533067254177,3,-6.2841998330690805,999.9,6.0,18.7
0.1510001334987823,0.34957067651021834,U10,U10,6.0,6.0,SSPG,SSPG,0.13170567288365664,0.306708950166502,0.20006474899949714,1.5637792964252295,0,-6.283663260312003,999.9,6.0,18.7
0.15099444787251026,0.3495866837360361,U10,U10,6.0,6.0,SSPG,SSPG,0.13173208251310467,0.3066920168526488,0.20006808994978859,1.5636518599536129,5,-6.28418927654192,999.9,6.0,18.7
0.1509660360143372,0.34961700193634104,U10,U10,6.0,6.0,SSPG,SSPG,0.13170973368151828,0.3066651762949425,0.20007640606113392,1.5632492416730708,4,-6.2841267941861965,999.9,6.0,18.7
0.15098806678654414,0.3495870523429616,U10,U10,6.0,6.0,SSPG,SSPG,0.13171682052657652,0.3066984161264657,0.20007407987943127,1.5636675112315923,6,-6.284187801160773,999.9,6.0,18.7
0.1509923601032307,0.3495944983868877,U10,U10,6.0,6.0,SSPG,SSPG,0.1317114155298414,0.306695975170771,0.20007204011177723,1.5636828082265875,1,-6.284125317280057,999.9,6.0,18.7
0.15099687030699338,0.34960051130807757,U10,U10,6.0,6.0,SSPG,SSPG,0.13172864340963328,0.3067064612318995,0.200077602513066,1.5637373660093674,0,-6.2838663720627945,999.9,6.0,18.7
0.15098958464064027,0.34960336296478833,U10,U10,6.0,6.0,SSPG,SSPG,0.1317001336604959,0.3066981734630836,0.20007279776385822,1.5635029564159315,2,-6.282951989344814,999.9,6.0,18.7
0.15099550469815998,0.3496018294253068,U10,U10,6.0,6.0,SSPG,SSPG,0.13171716310927847,0.3066920598069442,0.20007366597972853,1.5636186247198638,4,-6.284067174240136,999.9,6.0,18.7
0.15100691147623826,0.34958642412881363,U10,U10,6.0,6.0,SSPG,SSPG,0.13170371672248227,0.3066959150805736,0.20006922769028068,1.5636787363752984,1,-6.28413110794125,999.9,6.0,18.7
0.15099881276490304,0.34959165449691143,U10,U10,6.0,6.0,SSPG,SSPG,0.1317063491259905,0.306693770967276,0.20007008766508275,1.5636484534705928,5,-6.284077071811918,999.9,6.0,18.7
0.15099684426633672,0.34960268466360467,U10,U10,6.0,6.0,SSPG,SSPG,0.13169916365448037,0.3066901484890151,0.20007266560390807,1.5636090902785402,5,-6.2840770152781165,999.9,6.0,18.7
0.15099579049363313,0.3496071560648174,U10,U10,6.0,6.0,SSPG,SSPG,0.13171297820075414,0.3066760841109843,0.20007099672351658,1.563401292229754,7,-6.283930549749228,999.9,6.0,18.7
0.1509964555632735,0.3496041719212464,U10,U10,6.0,6.0,SSPG,SSPG,0.13171282377154847,0.3066786808877096,0.20007179117877344,1.5634278063828715,6,-6.2839934741424255,999.9,6.0,18.7
0.15100397811705796,0.349598513109631,U10,U10,6.0,6.0,SSPG,SSPG,0.13171088749404777,0.30669332233501245,0.20007197539084656,1.563608614481026,0,-6.283900840481961,999.9,6.0,18.7
0.15101347890360464,0.34960071862283304,U10,U10,6.0,6.0,SSPG,SSPG,0.13170382720055515,0.30670343308287557,0.20007254282301853,1.5637697953367478,7,-6.283903393740324,999.9,6.0,18.7
0.15100724285906406,0.3495882394907056,U10,U10,6.0,6.0,SSPG,SSPG,0.13171427127359112,0.30669947999545855,0.20006915632684694,1.563772827376591,6,-6.284265656640171,999.9,6.0,18.7
0.15100354217590545,0.34959020290998793,U10,U10,6.0,6.0,SSPG,SSPG,0.13170340328331842,0.30670141724638417,0.20006670817136796,1.5638532269758403,7,-6.284263678051911,999.9,6.0,18.7
0.1509890076416698,0.3496059121533457,U10,U10,6.0,6.0,SSPG,SSPG,0.13170881982119625,0.3066904013767329,0.20006984158562127,1.5637462026146625,7,-6.284404421618178,999.9,6.0,18.7
0.1510013862443229,0.34958508015749823,U10,U10,6.0,6.0,SSPG,SSPG,0.1317033923153786,0.30669879757512364,0.20006619613164925,1.5638122501213227,1,-6.284349199306258,999.9,6.0,18.7
0.1510179488816809,0.3495699935914425,U10,U10,6.0,6.0,SSPG,SSPG,0.13170716635991214,0.3067154273384144,0.20006469614725136,1.5640049386272645,1,-6.284288894860981,999.9,6.0,18.7
0.15101119621763973,0.3495870467772708,U10,U10,6.0,6.0,SSPG,SSPG,0.13169356955674452,0.3067085430896786,0.20006612151302677,1.56388139439711,4,-6.28390739562741,999.9,6.0,18.7
0.15100422971507563,0.34959211771995125,U10,U10,6.0,6.0,SSPG,SSPG,0.1316955372079258,0.30669838613290246,0.20006762359829316,1.5637428408242355,1,-6.283988211356661,999.9,6.0,18.7
0.15100979071780832,0.34956847619781417,U10,U10,6.0,6.0,SSPG,SSPG,0.13170468567977547,0.3067082197282247,0.20006547745411643,1.5638827078755075,5,-6.284327292974972,999.9,6.0,18.7
0.15102373145917597,0.3495588874108118,U10,U10,6.0,6.0,SSPG,SSPG,0.13170875044510333,0.30672154108868316,0.2000643825710558,1.5640365958592612,6,-6.284232445815373,999.9,6.0,18.7
0.15100217922087397,0.34957221334458,U10,U10,6.0,6.0,SSPG,SSPG,0.13170492586384114,0.3067038502956277,0.20006564860863293,1.5638421149810493,1,-6.284380405406113,999.9,6.0,18.7
0.15098897809975823,0.34958146727736766,U10,U10,6.0,6.0,SSPG,SSPG,0.13170066762531996,0.3066909531898514,0.20006428835645015,1.5637388829413945,0,-6.284513967070577,999.9,6.0,18.7
0.15098456350563258,0.3495783159778375,U10,U10,6.0,6.0,SSPG,SSPG,0.13169159460239802,0.30668839338427467,0.20006050102064257,1.563735750272674,0,-6.284480745381203,999.9,6.0,18.7
0.150995646935065,0.3495679106035872,U10,U10,6.0,6.0,SSPG,SSPG,0.13171593843154994,0.30670258526138783,0.2000639205985493,1.5638696062637942,2,-6.284565448689672,999.9,6.0,18.7
0.15098205564809644,0.3495716792696738,U10,U10,6.0,6.0,SSPG,SSPG,0.1317076772184509,0.3066899976656654,0.2000604930958917,1.5637499277909184,3,-6.284585695917972,999.9,6.0,18.7
0.150979673263736,0.3495812310115558,U10,U10,6.0,6.0,SSPG,SSPG,0.13171902000146585,0.3066878150410291,0.20006304076579529,1.5637258160660177,2,-6.284596792791884,999.9,6.0,18.7
0.15099178303549304,0.3495716455461456,U10,U10,6.0,6.0,SSPG,SSPG,0.1317272151429693,0.3066975851024458,0.20006085053679218,1.5638862706800811,3,-6.284709494668045,999.9,6.0,18.7
0.1509823782219415,0.3495762171966843,U10,U10,6.0,6.0,SSPG,SSPG,0.1317179132564194,0.30668873952556486,0.20006303563321662,1.5637301705764721,4,-6.284669752121514,999.9,6.0,18.7
0.15099063112079564,0.3495691179313637,U10,U10,6.0,6.0,SSPG,SSPG,0.13172447758770542,0.30669661939136234,0.2000603344107759,1.5638432683609569,3,-6.284597856031356,999.9,6.0,18.7
0.1509908979470672,0.34956751634615824,U10,U10,6.0,6.0,SSPG,SSPG,0.1317168812604536,0.3066973296802902,0.20005947370550853,1.5638789797259847,6,-6.284687697299964,999.9,6.0,18.7
0.15099322288906375,0.349560868346335,U10,U10,6.0,6.0,SSPG,SSPG,0.13172045761351536,0.3067005007914186,0.20005885653208016,1.563913796668107,4,-6.284731220919962,999.9,6.0,18.7
0.1509880361604875,0.34957264928556603,U10,U10,6.0,6.0,SSPG,SSPG,0.13171240242441368,0.306694864466001,0.2000579756300651,1.5638979118829877,3,-6.284728703805419,999.9,6.0,18.7
0.15098147446325305,0.34956898889888255,U10,U10,6.0,6.0,SSPG,SSPG,0.13171382947729643,0.30669455072271623,0.20005637843233628,1.5639525274281363,3,-6.284972343097109,999.9,6.0,18.7
0.1509819337438351,0.34957011642079133,U10,U10,6.0,6.0,SSPG,SSPG,0.13171372978837448,0.30669833327785767,0.20005755386102397,1.564013552525196,3,-6.28503401336403,999.9,6.0,18.7
0.15096738141765823,0.3495767919013313,U10,U10,6.0,6.0,SSPG,SSPG,0.13170213081326915,0.30668012140329093,0.2000553299419603,1.563808183820142,6,-6.285089375108114,999.9,6.0,18.7
0.15095461388479783,0.34957948322468413,U10,U10,6.0,6.0,SSPG,SSPG,0.13170367740985583,0.30667403254579595,0.20005384250562855,1.5637791322112182,6,-6.285211689762682,999.9,6.0,18.7
0.15096146908966607,0.34958033323563287,U10,U10,6.0,6.0,SSPG,SSPG,0.1317079201230086,0.30668170652789034,0.20005604359381304,1.5638432210992925,3,-6.2850911270126275,999.9,6.0,18.7
0.15096089256728967,0.3495756856537333,U10,U10,6.0,6.0,SSPG,SSPG,0.1317151639760079,0.30668512867833597,0.200055821487727,1.563905057147799,3,-6.2852167223367195,999.9,6.0,18.7
0.15095320560623424,0.34956315855387776,U10,U10,6.0,6.0,SSPG,SSPG,0.1317151542853507,0.3066867270694469,0.20005139111530393,1.563969172979109,1,-6.285366651698827,999.9,6.0,18.7
0.15096808566964962,0.34956562322664964,U10,U10,6.0,6.0,SSPG,SSPG,0.13170600150760453,0.30669871045074815,0.2000511343579814,1.5641665692550988,2,-6.285345046391007,999.9,6.0,18.7
0.15095525540585955,0.3495716839735681,U10,U10,6.0,6.0,SSPG,SSPG,0.13171209283254276,0.30668410693645426,0.20005247608763013,1.5639519076131623,1,-6.285360362558608,999.9,6.0,18.7
0.15095160907767247,0.3495689130802323,U10,U10,6.0,6.0,SSPG,SSPG,0.13167853970973423,0.30668262037170696,0.2000517636546914,1.5639436516611758,2,-6.285431749449673,999.9,6.0,18.7
0.1509387053623188,0.34957061606537587,U10,U10,6.0,6.0,SSPG,SSPG,0.13167531325706755,0.3066777798739498,0.20004945343338723,1.5639340521985057,4,-6.2855200494049805,999.9,6.0,18.7
0.15094606414418815,0.34957093141623186,U10,U10,6.0,6.0,SSPG,SSPG,0.13167982950332063,0.30667843476383994,0.20004777037420243,1.5639741943858199,7,-6.285550110014105,999.9,6.0,18.7
0.15093541179670109,0.3495816602546524,U10,U10,6.0,6.0,SSPG,SSPG,0.13166530840876123,0.3066698664983795,0.20004886555993542,1.5638936328920514,0,-6.285611981999844,999.9,6.0,18.7
0.15093687278394996,0.34957457748631365,U10,U10,6.0,6.0,SSPG,SSPG,0.1316677385056065,0.3066678614875737,0.20004891502807826,1.5638276456081326,7,-6.285630167830486,999.9,6.0,18.7
0.15094991324992038,0.34956214507036076,U10,U10,6.0,6.0,SSPG,SSPG,0.1316710437873302,0.30668375025791905,0.20005110416964952,1.5639193880101723,2,-6.285346975510971,999.9,6.0,18.7
0.15094093894540636,0.34954751143143653,U10,U10,6.0,6.0,SSPG,SSPG,0.13166816816621424,0.3066760611711226,0.20004719912407384,1.5638181414704633,5,-6.285500126900333,999.9,6.0,18.7
0.15093747664904614,0.349567794269843,U10,U10,6.0,6.0,SSPG,SSPG,0.13166390715216025,0.3066698608214646,0.20004773543173957,1.563837386024713,0,-6.2855993715122365,999.9,6.0,18.7
0.1509399821649994,0.3495627283613908,U10,U10,6.0,6.0,SSPG,SSPG,0.13166271757472614,0.30666366568669956,0.20004777801708787,1.5636507907443233,2,-6.285316362591204,999.9,6.0,18.7
0.15094171641625348,0.3495573134462817,U10,U10,6.0,6.0,SSPG,SSPG,0.13164892784381121,0.3066737336817833,0.20004782169364418,1.5637904082598832,3,-6.285350066074265,999.9,6.0,18.7
0.150923712752535,0.34957224088955596,U10,U10,6.0,6.0,SSPG,SSPG,0.13165545567089243,0.3066533343131486,0.20004677252176753,1.5635709781470641,1,-6.285387586493292,999.9,6.0,18.7
0.1509444144889013,0.3495470293828215,U10,U10,6.0,6.0,SSPG,SSPG,0.13165851964127556,0.30668694006117186,0.20004320098648956,1.5640708435759083,6,-6.285597766269169,999.9,6.0,18.7
0.15094095946614305,0.3495576127010956,U10,U10,6.0,6.0,SSPG,SSPG,0.13166835539279276,0.3066747945883115,0.2000446648343915,1.5639141851223664,3,-6.285623445682931,999.9,6.0,18.7
0.15094273474954426,0.34956209656791554,U10,U10,6.0,6.0,SSPG,SSPG,0.1316677927077867,0.3066827100525203,0.20005111759314553,1.5639649597217864,4,-6.285625898800033,999.9,6.0,18.7
0.15094664073131095,0.3495539150204699,U10,U10,6.0,6.0,SSPG,SSPG,0.1316642136941416,0.30669745654814856,0.20004786775882413,1.5642473960527954,7,-6.285812091777223,999.9,6.0,18.7
0.1509603118421644,0.34954753307296726,U10,U10,6.0,6.0,SSPG,SSPG,0.13167500453479591,0.3067148066295434,0.20004843382751578,1.5644608977625145,7,-6.2857351682925735,999.9,6.0,18.7
0.15094648325324952,0.3495612609203564,U10,U10,6.0,6.0,SSPG,SSPG,0.13166351754435787,0.3066921303462818,0.20004755457537804,1.564097534194722,1,-6.285308142446435,999.9,6.0,18.7
0.15094608777445695,0.3495561142496814,U10,U10,6.0,6.0,SSPG,SSPG,0.13168346845739798,0.3066925304929822,0.200047058509528,1.564175634825566,6,-6.285735415550145,999.9,6.0,18.7
0.15095638137371306,0.34954957429906813,U10,U10,6.0,6.0,SSPG,SSPG,0.13167114994579127,0.30670256643087657,0.20004681220282602,1.5642787468328145,0,-6.28562194983194,999.9,6.0,18.7
0.15095444031076743,0.3495632262580763,U10,U10,6.0,6.0,SSPG,SSPG,0.13166395626287047,0.30669922480559864,0.2000507546057184,1.5642275602404085,0,-6.285589486089355,999.9,6.0,18.7
0.1509530889384596,0.3495595200107048,U10,U10,6.0,6.0,SSPG,SSPG,0.1316735685713153,0.306701812287965,0.20004945147745223,1.564269225595345,6,-6.285582077041976,999.9,6.0,18.7
0.15094328294067805,0.349557553397413,U10,U10,6.0,6.0,SSPG,SSPG,0.13165284904246286,0.3066908483241292,0.2000462740000017,1.564193622571037,3,-6.2858490671724265,999.9,6.0,18.7
0.15094545384681557,0.3495447007494851,U10,U10,6.0,6.0,SSPG,SSPG,0.13165264340091237,0.3066936479094259,0.20004369886812254,1.5642080778626015,2,-6.285830893749541,999.9,6.0,18.7
0.15095427159811206,0.3495583918847429,U10,U10,6.0,6.0,SSPG,SSPG,0.13166273884994686,0.30670554522722954,0.20004659996522348,1.5644075893553238,4,-6.285778090368212,999.9,6.0,18.7
0.1509439968045897,0.3495575592258813,U10,U10,6.0,6.0,SSPG,SSPG,0.13165460388536954,0.3066920626773414,0.200045799390461,1.5642361688104374,5,-6.28592420844247,999.9,6.0,18.7
0.15094295853537437,0.34956453179387154,U10,U10,6.0,6.0,SSPG,SSPG,0.13165662938789968,0.30668921219994444,0.20004695667678624,1.5641753944463161,0,-6.2857688434779355,999.9,6.0,18.7
0.15094219902155262,0.34956836605539876,U10,U10,6.0,6.0,SSPG,SSPG,0.1316560273117276,0.30668953152539785,0.20004688070287777,1.564222315892347,6,-6.285863804043524,999.9,6.0,18.7
0.15093463815376854,0.3495771957263516,U10,U10,6.0,6.0,SSPG,SSPG,0.13165165661873823,0.30668124391627943,0.20004826724666763,1.5641244900343283,4,-6.285904280545722,999.9,6.0,18.7
0.1509416573106118,0.34956208343792006,U10,U10,6.0,6.0,SSPG,SSPG,0.13164589044068628,0.30668781310924303,0.2000450646963829,1.5641888581200458,3,-6.285855255701996,999.9,6.0,18.7
0.15094778628680292,0.3495609921415826,U10,U10,6.0,6.0,SSPG,SSPG,0.13164505483072908,0.3066906583255682,0.20004613870246823,1.5641841582669964,3,-6.285732023225038,999.9,6.0,18.7
0.15095806378141324,0.3495485044211827,U10,U10,6.0,6.0,SSPG,SSPG,0.13166684088848324,0.3067028110530747,0.20004547645560045,1.5643350378468934,5,-6.285807072618998,999.9,6.0,18.7
0.15095082572913252,0.349558275502505,U10,U10,6.0,6.0,SSPG,SSPG,0.13164958974056679,0.30669548449463735,0.20004525230074371,1.564282460737818,0,-6.285844253721273,999.9,6.0,18.7
0.1509589274505488,0.34956155708074393,U10,U10,6.0,6.0,SSPG,SSPG,0.13165413753957794,0.30670275390318186,0.20004689995532637,1.564353330065745,0,-6.2856856885534516,999.9,6.0,18.7
0.1509521892025928,0.3495704404926545,U10,U10,6.0,6.0,SSPG,SSPG,0.13166368595632688,0.3066949719870267,0.2000469576998502,1.56428486928277,7,-6.285732497081843,999.9,6.0,18.7
0.1509461377241377,0.34956810170455044,U10,U10,6.0,6.0,SSPG,SSPG,0.13166173565612277,0.30668860053956776,0.20004602988342524,1.5642205545366457,7,-6.285887042830846,999.9,6.0,18.7
0.15093657708594022,0.3495797922921694,U10,U10,6.0,6.0,SSPG,SSPG,0.13164608483148896,0.30667633411746587,0.2000458898606193,1.5640713367134462,7,-6.2857910821124445,999.9,6.0,18.7
0.1509386786786104,0.3495865169978593,U10,U10,6.0,6.0,SSPG,SSPG,0.13165456902197195,0.30667790139513534,0.20004659745878445,1.564117824383013,4,-6.285791088038738,999.9,6.0,18.7
0.150938586712029,0.34957023367827184,U10,U10,6.0,6.0,SSPG,SSPG,0.13166488281834107,0.30667868676970883,0.20004397757980344,1.564105702478801,4,-6.2858803362300995,999.9,6.0,18.7
0.15093443201106346,0.3495786868497783,U10,U10,6.0,6.0,SSPG,SSPG,0.13165242793242193,0.30666951654920355,0.20004319410141919,1.564003141978275,7,-6.285815212562146,999.9,6.0,18.7
0.15093154334318126,0.3495695461979662,U10,U10,6.0,6.0,SSPG,SSPG,0.13166200049474192,0.3066755112448212,0.2000430829669229,1.5640470692823647,0,-6.28577621587911,999.9,6.0,18.7
0.15094897036132088,0.34957047560805615,U10,U10,6.0,6.0,SSPG,SSPG,0.1316781448702994,0.30669183035089387,0.20004742108667825,1.5642554588072435,3,-6.285856617862503,999.9,6.0,18.7
0.15094510373695194,0.34956019556938434,U10,U10,6.0,6.0,SSPG,SSPG,0.13168193787764565,0.3066847687847838,0.20004476896984108,1.5641244987173764,2,-6.285820380101949,999.9,6.0,18.7
0.15093370700657907,0.3495644961214335,U10,U10,6.0,6.0,SSPG,SSPG,0.13166280855318235,0.306674719118139,0.2000420784239362,1.5640548015966522,1,-6.285930384007263,999.9,6.0,18.7
0.15093304577139602,0.349560391464965,U10,U10,6.0,6.0,SSPG,SSPG,0.13168507380375755,0.3066740570169119,0.20004202366015134,1.5640337644261337,2,-6.285971439801005,999.9,6.0,18.7
0.1509281614769722,0.34956010832457635,U10,U10,6.0,6.0,SSPG,SSPG,0.13166293224553444,0.3066689146357583,0.20004116858325235,1.5639622719382569,2,-6.285956706726021,999.9,6.0,18.7
0.1509358700128686,0.34954809532504594,U10,U10,6.0,6.0,SSPG,SSPG,0.13166874428030778,0.30667579689975916,0.20004092373942384,1.5639992582700897,7,-6.285903615488961,999.9,6.0,18.7
0.15093077625190837,0.3495511964300138,U10,U10,6.0,6.0,SSPG,SSPG,0.13166885662502043,0.30667346322426337,0.20004072949835824,1.5639752300108873,7,-6.285863599255901,999.9,6.0,18.7
0.15092621316456215,0.3495583600120411,U10,U10,6.0,6.0,SSPG,SSPG,0.13166788540033827,0.30666696439075386,0.20004189833331346,1.5639071034857381,0,-6.285931836060346,999.9,6.0,18.7
0.1509278648586886,0.34955652202827503,U10,U10,6.0,6.0,SSPG,SSPG,0.13166913048607487,0.3066677337572524,0.20004110510312956,1.563923068666751,0,-6.285938583672404,999.9,6.0,18.7
0.15092431672907192,0.34956738305547563,U10,U10,6.0,6.0,SSPG,SSPG,0.13165842680230683,0.3066665090732947,0.20004242524925822,1.5639486925009933,6,-6.285980247604437,999.9,6.0,18.7
0.1509281647430386,0.34957650539817103,U10,U10,6.0,6.0,SSPG,SSPG,0.13165104157173274,0.3066691369396179,0.20004337655200757,1.5640086621523874,0,-6.285927456364903,999.9,6.0,18.7
0.15093401946430704,0.3495644922332155,U10,U10,6.0,6.0,SSPG,SSPG,0.13165272294804664,0.30667515533947076,0.20004228193640422,1.5640479150327224,0,-6.285875574568955,999.9,6.0,18.7
0.1509354104903374,0.34956019915592784,U10,U10,6.0,6.0,SSPG,SSPG,0.13166056602770326,0.30667632377533327,0.20004191171747882,1.564050896060146,6,-6.2858801453078925,999.9,6.0,18.7
0.1509305693980546,0.34957527267362115,U10,U10,6.0,6.0,SSPG,SSPG,0.1316558300913359,0.30667109083389477,0.20004358343096124,1.5640230397279327,3,-6.2858967502676215,999.9,6.0,18.7
0.15093753020977785,0.3495745529246653,U10,U10,6.0,6.0,SSPG,SSPG,0.13165874142262418,0.3066793517481634,0.20004555135624455,1.5641245400801274,6,-6.285922335092218,999.9,6.0,18.7
0.15092814534563573,0.3495736318520096,U10,U10,6.0,6.0,SSPG,SSPG,0.13165465080973876,0.30667007568384064,0.20004284173688897,1.5640346698312277,7,-6.286003146769737,999.9,6.0,18.7
0.15093400064261897,0.3495646853047293,U10,U10,6.0,6.0,SSPG,SSPG,0.13165979424758426,0.3066744840296078,0.2000425512628536,1.5640497279736545,3,-6.285951300535244,999.9,6.0,18.7
0.15092994254768277,0.34956026567678594,U10,U10,6.0,6.0,SSPG,SSPG,0.13165956350803276,0.30666965620084974,0.20004125375784426,1.5639780713672597,3,-6.2859803334236055,999.9,6.0,18.7
0.15092418509964484,0.34956921590585116,U10,U10,6.0,6.0,SSPG,SSPG,0.1316543910370584,0.3066648617050713,0.20004187167926343,1.5639396287800076,4,-6.285974022341841,999.9,6.0,18.7
0.15092832360700212,0.34956302604227135,U10,U10,6.0,6.0,SSPG,SSPG,0.13166085656364052,0.3066700278032734,0.20004196765930676,1.5639902544543163,4,-6.285992909276673,999.9,6.0,18.7
0.15092521283201626,0.3495650484258156,U10,U10,6.0,6.0,SSPG,SSPG,0.13165904265985706,0.3066662500698699,0.20004113677879248,1.563957669363199,7,-6.286007205283899,999.9,6.0,18.7
0.15092278371704523,0.34956457666652196,U10,U10,6.0,6.0,SSPG,SSPG,0.13166004932306075,0.30666380553184114,0.20004152660120453,1.5639140550792412,5,-6.286016276192473,999.9,6.0,18.7
0.15092261031004184,0.3495619712598649,U10,U10,6.0,6.0,SSPG,SSPG,0.1316597524404306,0.3066631909209007,0.20004052915346254,1.5639053203263473,2,-6.286014562127157,999.9,6.0,18.7
0.15093100852848046,0.3495605028814555,U10,U10,6.0,6.0,SSPG,SSPG,0.13166172830973796,0.3066719803585333,0.20004066180641572,1.5640342558446347,3,-6.286019665344492,999.9,6.0,18.7
0.15093075748978033,0.34955298597803997,U10,U10,6.0,6.0,SSPG,SSPG,0.1316725498494667,0.30667239622448295,0.20004076712378116,1.563994431954479,6,-6.285993275836292,999.9,6.0,18.7
0.15093176834262828,0.34955980933202824,U10,U10,6.0,6.0,SSPG,SSPG,0.13167259250374244,0.3066727698806037,0.20004171825723965,1.5640163880987625,2,-6.285975094984844,999.9,6.0,18.7
0.15093102903067696,0.34956465424385136,U10,U10,6.0,6.0,SSPG,SSPG,0.131670887111631,0.30667301975224626,0.20004224150802835,1.5640422555757336,6,-6.285998105321154,999.9,6.0,18.7
0.15093228521519644,0.3495623995668823,U10,U10,6.0,6.0,SSPG,SSPG,0.13167955635967332,0.306673105388271,0.2000423096208951,1.5640257747054824,2,-6.285977771299427,999.9,6.0,18.7
0.15093234945747075,0.34956273582277847,U10,U10,6.0,6.0,SSPG,SSPG,0.13167384182844538,0.3066731133907878,0.20004173732728298,1.5640423782559978,3,-6.28600303870021,999.9,6.0,18.7
0.15093553169276744,0.34955798960818796,U10,U10,6.0,6.0,SSPG,SSPG,0.13167984858555956,0.30667782508888486,0.2000412658700218,1.5640918212788089,5,-6.285972329316118,999.9,6.0,18.7
0.15093621975035518,0.3495576258768087,U10,U10,6.0,6.0,SSPG,SSPG,0.13168276812813481,0.30667853222072095,0.20004167286570407,1.5641028218707205,4,-6.286006068683398,999.9,6.0,18.7
0.1509339826289494,0.3495613862789686,U10,U10,6.0,6.0,SSPG,SSPG,0.13167717520000732,0.3066765931223608,0.2000416893581277,1.5640845987099268,2,-6.28597395213669,999.9,6.0,18.7
0.15093543285179195,0.3495640871281376,U10,U10,6.0,6.0,SSPG,SSPG,0.13167224674764164,0.3066779494869883,0.20004210966323413,1.5641143951440366,1,-6.285979693604471,999.9,6.0,18.7
0.15093785874245028,0.34956723605708634,U10,U10,6.0,6.0,SSPG,SSPG,0.13166676098197963,0.30667988531510004,0.20004292625342077,1.5641496762611387,0,-6.285990485431075,999.9,6.0,18.7
0.15093712553123778,0.34957137332841787,U10,U10,6.0,6.0,SSPG,SSPG,0.13167167287302795,0.3066796874982229,0.20004288900467157,1.5641698519433764,7,-6.286003034319688,999.9,6.0,18.7
0.1509406146845533,0.3495595572877981,U10,U10,6.0,6.0,SSPG,SSPG,0.13167525383075104,0.30668355844616246,0.20004197126800802,1.564180636157745,1,-6.285981284487586,999.9,6.0,18.7
0.1509440078689674,0.34955944964312774,U10,U10,6.0,6.0,SSPG,SSPG,0.13167677053932464,0.3066850732734744,0.20004222002136268,1.5641947854340503,2,-6.28596077406794,999.9,6.0,18.7
0.15094241700608044,0.3495650727322287,U10,U10,6.0,6.0,SSPG,SSPG,0.13166874586047939,0.30668258104929613,0.20004214628514727,1.5641874907664959,7,-6.285968836169504,999.9,6.0,18.7
0.15094204488921822,0.34955969230805134,U10,U10,6.0,6.0,SSPG,SSPG,0.13166588541985824,0.30668379559465786,0.20004133661135198,1.564196279122815,0,-6.2859911674177065,999.9,6.0,18.7
0.15093711732535647,0.3495631494844053,U10,U10,6.0,6.0,SSPG,SSPG,0.13167030890918277,0.306680047108504,0.20004249537551413,1.5641413483847488,6,-6.286007136906229,999.9,6.0,18.7
0.150936953263213,0.3495597159842912,U10,U10,6.0,6.0,SSPG,SSPG,0.13167172865482302,0.30667804157846684,0.20004135720809813,1.5641094494218009,3,-6.286008585955641,999.9,6.0,18.7
0.15093739757955385,0.3495688660551401,U10,U10,6.0,6.0,SSPG,SSPG,0.13166879141530996,0.3066792517137285,0.20004275927134052,1.56415598229596,4,-6.286018641822358,999.9,6.0,18.7
0.15093589579652375,0.34956264728690833,U10,U10,6.0,6.0,SSPG,SSPG,0.13167207565258615,0.3066790206520283,0.2000426354354897,1.5641207808368276,5,-6.28600233092221,999.9,6.0,18.7
0.1509336435573008,0.34955928346195075,U10,U10,6.0,6.0,SSPG,SSPG,0.13166803857868237,0.30667552804713194,0.2000410621725061,1.5640752686547947,1,-6.286012567015703,999.9,6.0,18.7
0.15093305563672305,0.34955962086739917,U10,U10,6.0,6.0,SSPG,SSPG,0.13167520429519472,0.30667519729981957,0.20004154464637164,1.564064269626917,5,-6.2860150867827524,999.9,6.0,18.7
0.1509335897636952,0.34956003792501417,U10,U10,6.0,6.0,SSPG,SSPG,0.13167373126095652,0.30667578227413944,0.2000415702135836,1.5640778867094265,6,-6.286025249286569,999.9,6.0,18.7
0.1509321226260375,0.3495620205527588,U10,U10,6.0,6.0,SSPG,SSPG,0.131670762938706,0.30667390973430386,0.20004177746273347,1.5640564575725495,0,-6.286029989984153,999.9,6.0,18.7
0.15093443062023948,0.3495634109407891,U10,U10,6.0,6.0,SSPG,SSPG,0.13167068954846536,0.30667546416544195,0.20004166195076362,1.564085076529416,7,-6.286013001190835,999.9,6.0,18.7
0.15093799944612238,0.3495567834147415,U10,U10,6.0,6.0,SSPG,SSPG,0.13167804415029255,0.30667919000916816,0.20004125801178083,1.5641128931274846,1,-6.286002659313161,999.9,6.0,18.7
0.15093405236688243,0.3495583048068177,U10,U10,6.0,6.0,SSPG,SSPG,0.13167391779398344,0.306676005907513,0.20004142077695777,1.5640713112141538,3,-6.286014328416336,999.9,6.0,18.7
0.15093184974944177,0.3495573475739509,U10,U10,6.0,6.0,SSPG,SSPG,0.13167225904073593,0.306673862511132,0.2000412527324319,1.564039426810739,4,-6.286027332072954,999.9,6.0,18.7
0.1509336853474228,0.3495574088625294,U10,U10,6.0,6.0,SSPG,SSPG,0.13167596447684232,0.3066762131721444,0.20004178868717964,1.5640635827398417,1,-6.286005944410374,999.9,6.0,18.7
0.15093338574927506,0.3495583824405789,U10,U10,6.0,6.0,SSPG,SSPG,0.13167094031204082,0.3066755494800445,0.20004161922972769,1.5640638983344237,1,-6.2860196468726555,999.9,6.0,18.7
0.15093246806165433,0.3495591220934741,U10,U10,6.0,6.0,SSPG,SSPG,0.1316746781261522,0.3066744991606236,0.20004165798329646,1.5640522989904424,3,-6.286029744268221,999.9,6.0,18.7
0.15093103708802108,0.349558397971442,U10,U10,6.0,6.0,SSPG,SSPG,0.13167299312181968,0.3066731074916777,0.20004122764816293,1.5640326363396522,4,-6.28602695564944,999.9,6.0,18.7
0.1509306857558961,0.3495561829277921,U10,U10,6.0,6.0,SSPG,SSPG,0.13167545067028985,0.3066725344297975,0.20004098292778758,1.5640166441384515,3,-6.286027191859601,999.9,6.0,18.7
0.1509308875440917,0.34955522728998595,U10,U10,6.0,6.0,SSPG,SSPG,0.13167562981787626,0.30667276565000656,0.20004082656240066,1.564016346610333,2,-6.286020216556383,999.9,6.0,18.7
0.15093104292262763,0.34955690079479507,U10,U10,6.0,6.0,SSPG,SSPG,0.13167497356609723,0.30667280521800316,0.20004093182591573,1.5640253398129431,4,-6.286025549375901,999.9,6.0,18.7
0.15093128131098232,0.3495543825820666,U10,U10,6.0,6.0,SSPG,SSPG,0.13167623883754614,0.3066731393356049,0.20004073275037923,1.5640212301771528,4,-6.286029099066198,999.9,6.0,18.7
0.1509301627761827,0.3495546497215418,U10,U10,6.0,6.0,SSPG,SSPG,0.13167858083955475,0.3066721060140805,0.20004084561487534,1.5640060116290884,0,-6.286038246562649,999.9,6.0,18.7
0.15093218518117515,0.34955627609290096,U10,U10,6.0,6.0,SSPG,SSPG,0.1316762525986992,0.30667412236315167,0.2000411402281537,1.5640397761562665,5,-6.286028694851476,999.9,6.0,18.7
0.15092954293460958,0.3495566815709875,U10,U10,6.0,6.0,SSPG,SSPG,0.13167506513761823,0.30667139365445867,0.20004103504321144,1.564001983373633,0,-6.286032925159662,999.9,6.0,18.7
0.15093053507952264,0.349556905764583,U10,U10,6.0,6.0,SSPG,SSPG,0.13167543480544908,0.30667254561163143,0.20004104041507992,1.564020739648742,4,-6.286029855787216,999.9,6.0,18.7
0.15092884772365497,0.34955764421878927,U10,U10,6.0,6.0,SSPG,SSPG,0.1316747231141172,0.30667076144201527,0.20004101524100645,1.5639982681779876,7,-6.260820117550594,999.8,6.0,18.7
0.1509297491275101,0.34955697102883165,U10,U10,6.0,6.0,SSPG,SSPG,0.13167621694484571,0.3066716963825953,0.20004115136243306,1.5640088626406472,0,-6.286044370389444,999.9,6.0,18.7
0.15093075354174768,0.3495572743102293,U10,U10,6.0,6.0,SSPG,SSPG,0.13167466565704838,0.3066729124562349,0.20004129642093738,1.5640245784383002,3,-6.286032942222262,999.9,6.0,18.7
0.150929926961195,0.34955784659590444,U10,U10,6.0,6.0,SSPG,SSPG,0.13167437241609492,0.30667168072992557,0.20004105883949433,1.5640122261723,3,-6.286033051163562,999.9,6.0,18.7
0.1509304631909348,0.3495566801236795,U10,U10,6.0,6.0,SSPG,SSPG,0.13167456731538685,0.3066720958197578,0.20004092408333782,1.5640167740285271,0,-6.286043886317528,999.9,6.0,18.7
0.15093026864524509,0.3495570928197837,U10,U10,6.0,6.0,SSPG,SSPG,0.1316743282305674,0.30667177311407445,0.20004096441203173,1.564012356938786,5,-6.286039682061669,999.9,6.0,18.7
0.15093082331909438,0.349557550426706,U10,U10,6.0,6.0,SSPG,SSPG,0.13167296209335355,0.30667216189993324,0.2000409081543212,1.5640205415113115,6,-6.286032881268665,999.9,6.0,18.7
0.15093055774737993,0.3495572094439571,U10,U10,6.0,6.0,SSPG,SSPG,0.13167293745389458,0.3066719817383433,0.20004089265149974,1.5640180159325938,7,-6.286044467899685,999.9,6.0,18.7
0.15092953257273178,0.34955719839474486,U10,U10,6.0,6.0,SSPG,SSPG,0.13167371498467684,0.3066711127355035,0.20004095334916747,1.5640048085525722,5,-6.286047104746808,999.9,6.0,18.7
0.1509288329962228,0.3495564775239549,U10,U10,6.0,6.0,SSPG,SSPG,0.13167508828178887,0.30667046625626193,0.20004094365238217,1.5639900472005497,7,-6.286039930309968,999.9,6.0,18.7
0.15092831073023505,0.3495576947506721,U10,U10,6.0,6.0,SSPG,SSPG,0.1316746171378989,0.3066698928526494,0.20004109439914014,1.5639854599393126,3,-6.260824126724703,999.8,6.0,18.7
0.1509307348023141,0.34955598809726535,U10,U10,6.0,6.0,SSPG,SSPG,0.13167509007880723,0.30667216494246696,0.20004097006482158,1.5640111649303554,2,-6.286032060079963,999.9,6.0,18.7
0.1509285226434936,0.3495593659043277,U10,U10,6.0,6.0,SSPG,SSPG,0.131673467149176,0.3066697614991367,0.20004119597773215,1.5639922030770275,5,-6.260834103173018,999.8,6.0,18.7
0.15092784050830432,0.34955780511341183,U10,U10,6.0,6.0,SSPG,SSPG,0.1316738761942413,0.306669168692118,0.2000408815240622,1.563979763262405,7,-6.260831554462067,999.8,6.0,18.7
0.15092871133146432,0.3495575059872737,U10,U10,6.0,6.0,SSPG,SSPG,0.13167312665307856,0.306670425430995,0.2000411414213269,1.5639927835766922,2,-6.28604697394955,999.9,6.0,18.7
0.15092590888554303,0.34955628556396817,U10,U10,6.0,6.0,SSPG,SSPG,0.13167627411254806,0.3066675975088335,0.20004062118446375,1.5639540940026802,7,-6.260850537473635,999.8,6.0,18.7
0.15092791557912524,0.3495565721072762,U10,U10,6.0,6.0,SSPG,SSPG,0.1316761381295702,0.3066698413439798,0.20004084670494268,1.563987365376739,2,-6.260847385036188,999.8,6.0,18.7
0.15092644775425157,0.3495565460465346,U10,U10,6.0,6.0,SSPG,SSPG,0.13167767508834222,0.3066686520462204,0.20004101981970876,1.5639701154340409,1,-6.260869675351621,999.8,6.0,18.7
0.15092499564084608,0.34955723931348726,U10,U10,6.0,6.0,SSPG,SSPG,0.13167772664994543,0.3066680388717453,0.20004134632527718,1.563961153054775,7,-6.2608726872669855,999.8,6.0,18.7
0.15092297302803556,0.3495592884929003,U10,U10,6.0,6.0,SSPG,SSPG,0.13167800835999566,0.3066660409625815,0.20004150868247259,1.5639412383904707,2,-6.26088861233741,999.8,6.0,18.7
0.15092152598603725,0.34955968953349603,U10,U10,6.0,6.0,SSPG,SSPG,0.13168069589199355,0.3066646926371442,0.20004138591522536,1.5639315836487127,7,-6.260930085176119,999.8,6.0,18.7
0.1509184807586104,0.34955439659342746,U10,U10,6.0,6.0,SSPG,SSPG,0.13168391540224117,0.3066618367461099,0.20004047051226007,1.5638824916473992,0,-6.260970863644643,999.8,6.0,18.7
0.15091474316065231,0.3495543818781913,U10,U10,6.0,6.0,SSPG,SSPG,0.13168895420451232,0.306659965987884,0.20004090656436635,1.5638543632998991,5,-6.260999946386908,999.8,6.0,18.7
0.1509160678089372,0.3495520857021076,U10,U10,6.0,6.0,SSPG,SSPG,0.13168950558318726,0.3066601953118606,0.20004057915808987,1.5638541729649527,5,-6.261018626567992,999.8,6.0,18.7
0.15091477958701024,0.3495578421075109,U10,U10,6.0,6.0,SSPG,SSPG,0.13169036068006468,0.306660037614366,0.20004198733135695,1.5638633588791313,5,-6.2610363677147465,999.8,6.0,18.7
0.15091731759404764,0.34956225341052444,U10,U10,6.0,6.0,SSPG,SSPG,0.13169328100371236,0.30666157852274323,0.20004224850164382,1.563912768733124,7,-6.261070265380589,999.8,6.0,18.7
0.15092540937498605,0.3495529464309376,U10,U10,6.0,6.0,SSPG,SSPG,0.13169313159637036,0.3066704743467487,0.20004132993330156,1.5640265638936617,7,-6.261112009282907,999.8,6.0,18.7
0.15091381016557104,0.34955288187488714,U10,U10,6.0,6.0,SSPG,SSPG,0.13170344182207716,0.30665817320933725,0.20004137684703147,1.5638461900694018,3,-6.261166089156483,999.8,6.0,18.7
0.15090818155430247,0.3495510646332721,U10,U10,6.0,6.0,SSPG,SSPG,0.13170686996210024,0.3066510262020476,0.20004084511412545,1.563739731792794,5,-6.2612009593462385,999.8,6.0,18.7
0.1509041119302642,0.3495389325102524,U10,U10,6.0,6.0,SSPG,SSPG,0.13172064108188197,0.3066476483657096,0.20003993458122596,1.5636436593956526,1,-6.26122605274258,999.8,6.0,18.7
0.15090810742281238,0.3495438204307732,U10,U10,6.0,6.0,SSPG,SSPG,0.13171700161052813,0.306648591606569,0.20003908437342158,1.563702553716583,6,-6.261257685971315,999.8,6.0,18.7
0.15089106208317435,0.34952851375290167,U10,U10,6.0,6.0,SSPG,SSPG,0.13174602783020634,0.306629460204035,0.20003619825758062,1.5633937567559522,3,-6.261384953363597,999.8,6.0,18.7
0.15090621303417454,0.34951965543084734,U10,U10,6.0,6.0,SSPG,SSPG,0.1317626604246493,0.3066409161340222,0.2000358964139178,1.5635252069570815,0,-6.261369286617416,999.8,6.0,18.7
0.1509076860407643,0.34949529641225624,U10,U10,6.0,6.0,SSPG,SSPG,0.13175293089471346,0.3066422920159458,0.20003203511793674,1.5635383445369397,4,-6.261633220598867,999.8,6.0,18.7
0.1509143611877249,0.34948303929954316,U10,U10,6.0,6.0,SSPG,SSPG,0.1317743321754094,0.30665268380867666,0.20003456646115556,1.5635990392543957,3,-6.2616300092228,999.8,6.0,18.7
0.15090689709037475,0.34949473595316594,U10,U10,6.0,6.0,SSPG,SSPG,0.13178092685229814,0.30664161047220173,0.20003447715437075,1.5635172144750569,0,-6.261778734791835,999.8,6.0,18.7
0.15092103715914132,0.3494862580803606,U10,U10,6.0,6.0,SSPG,SSPG,0.13177839270619474,0.30665303728957366,0.20003223661007935,1.5637363647328013,4,-6.262026047884228,999.8,6.0,18.7
0.15091020220143433,0.3494936467377132,U10,U10,6.0,6.0,SSPG,SSPG,0.13179574915742864,0.30664499598276596,0.2000373518585161,1.5635910098024004,6,-6.262112078109387,999.8,6.0,18.7
0.15092074242243467,0.3494700870654228,U10,U10,6.0,6.0,SSPG,SSPG,0.13178797957746766,0.30665075846752937,0.20003010840064706,1.5637132495442163,2,-6.26231805499718,999.8,6.0,18.7
0.15090630595845894,0.3494683962187245,U10,U10,6.0,6.0,SSPG,SSPG,0.13181949178955663,0.3066349024425251,0.20003055372098674,1.563472893304433,2,-6.262435781918662,999.8,6.0,18.7
0.1508964993318203,0.34947397521833135,U10,U10,6.0,6.0,SSPG,SSPG,0.13180766808694777,0.30662709078055184,0.20003113053851268,1.5633500158387532,3,-6.262326949767923,999.8,6.0,18.7
0.1509129444983603,0.3495237238076356,U10,U10,6.0,6.0,SSPG,SSPG,0.13179545271481372,0.30663885405825514,0.20003390277146627,1.5637456907554,7,-6.262343534932504,999.8,6.0,18.7
0.15091901447221762,0.34953618867936354,U10,U10,6.0,6.0,SSPG,SSPG,0.13183093225915188,0.30664592390737044,0.20004114177668705,1.5638654241330454,3,-6.262621474436556,999.8,6.0,18.7
0.1509017706625463,0.34956165797328853,U10,U10,6.0,6.0,SSPG,SSPG,0.13181237320041458,0.30662527756593466,0.20003970422520548,1.5636587019400796,2,-6.263317437628799,999.7,6.0,18.7
0.1509044031823609,0.34955479433327064,U10,U10,6.0,6.0,SSPG,SSPG,0.13178936302883226,0.30662651717656236,0.2000372416682441,1.5637340861237186,0,-6.263563767902031,999.7,6.0,18.7
0.15089581139297473,0.3495717588531429,U10,U10,6.0,6.0,SSPG,SSPG,0.13182695405082492,0.3066320600734395,0.2000430534221699,1.5637912498243156,3,-6.263422469991057,999.7,6.0,18.7
0.15090832877838248,0.34957130498967026,U10,U10,6.0,6.0,SSPG,SSPG,0.13181048667031525,0.3066330543441685,0.2000385656810532,1.5638777150212477,5,-6.263465439932526,999.7,6.0,18.7
0.150904114673556,0.3495815087028669,U10,U10,6.0,6.0,SSPG,SSPG,0.13183008281300934,0.30663859355070217,0.2000451232383522,1.5640045356065029,0,-6.26386400099086,999.7,6.0,18.7
0.15090398699737648,0.34959412258448747,U10,U10,6.0,6.0,SSPG,SSPG,0.13179541790745636,0.3066329032622891,0.2000452532286422,1.5638939898225233,5,-6.263467921881078,999.7,6.0,18.7
0.15088371536115724,0.34966271308653263,U10,U10,6.0,6.0,SSPG,SSPG,0.1317805437701151,0.30662217597657676,0.20005794223709125,1.5639157060605173,2,-6.264484818298443,999.6,6.0,18.7
0.15088365030733586,0.34966348623068727,U10,U10,6.0,6.0,SSPG,SSPG,0.13179701988926296,0.30661388093863234,0.2000570433672667,1.563735398539785,7,-6.264182081652,999.6,6.0,18.7
0.15085962818915327,0.34966079308169046,U10,U10,6.0,6.0,SSPG,SSPG,0.13184334618364152,0.30658703175601687,0.20005192191876106,1.5634471547286712,4,-6.265394022457997,999.5,6.0,18.7
0.15085339045358928,0.34971351051470817,U10,U10,6.0,6.0,SSPG,SSPG,0.13179479509221864,0.30659395276750867,0.20006916602681396,1.5635527642805922,3,-6.2653190898150175,999.5,6.0,18.7
0.15088427270879642,0.34968525152080226,U10,U10,6.0,6.0,SSPG,SSPG,0.13180305211750487,0.3066202488583983,0.2000597985298021,1.5639564385483786,7,-6.265300609633654,999.5,6.0,18.7
0.1508404461272489,0.349725371646306,U10,U10,6.0,6.0,SSPG,SSPG,0.13177268291470862,0.30658154088096223,0.20007004510409895,1.5634143691020368,2,-6.265343833081978,999.5,6.0,18.7
0.15084498823636858,0.3497327828737727,U10,U10,6.0,6.0,SSPG,SSPG,0.13180270771280816,0.3065909826882745,0.20007291630454255,1.5637110994467194,4,-6.266078520067563,999.5,6.0,18.7
0.15083797333833107,0.3497396314937613,U10,U10,6.0,6.0,SSPG,SSPG,0.1318100531450675,0.3065887079971163,0.20007444720026493,1.5636561480332039,7,-6.2668039686884,999.4,6.0,18.7
0.15081355298577764,0.34970074340030743,U10,U10,6.0,6.0,SSPG,SSPG,0.1318237552110016,0.3065576787023987,0.2000660036876764,1.5630690125535405,2,-6.266622434006604,999.4,6.0,18.7
0.15084714405607255,0.3497191420950644,U10,U10,6.0,6.0,SSPG,SSPG,0.1318247729807966,0.306593988054652,0.2000736880570807,1.5636641066577295,2,-6.266034523894757,999.5,6.0,18.7
0.15083901847535175,0.3497735993960315,U10,U10,6.0,6.0,SSPG,SSPG,0.1317732205454098,0.3065920051082127,0.200084369756506,1.5638555648106673,2,-6.267383290399845,999.4,6.0,18.7
0.15084533312827092,0.3497419137410592,U10,U10,6.0,6.0,SSPG,SSPG,0.13182350604543647,0.30659895824844685,0.20007774104668324,1.5638677582985112,2,-6.267217391664876,999.4,6.0,18.7
0.15083874415899956,0.3497398375210281,U10,U10,6.0,6.0,SSPG,SSPG,0.13183400180559,0.3065944542257411,0.20007481731522,1.5638863256844884,5,-6.268321016004699,999.3,6.0,18.7
0.1507912948250845,0.34975347779828964,U10,U10,6.0,6.0,SSPG,SSPG,0.13184709838408804,0.3065506309774384,0.20008045750907869,1.5631962138883013,6,-6.269158946695352,999.2,6.0,18.7
0.1508497368909252,0.3497654221695919,U10,U10,6.0,6.0,SSPG,SSPG,0.13184451180601486,0.306617405088009,0.2000927890572653,1.5643004002237362,5,-6.269238763576482,999.3,6.0,18.7
0.15079783147692477,0.34981274402135004,U10,U10,6.0,6.0,SSPG,SSPG,0.13190306840817065,0.3065713215098637,0.2001077501453337,1.5639656663461459,5,-6.273420395717407,999.0,6.0,18.7
0.15077331294947213,0.3498136592328831,U10,U10,6.0,6.0,SSPG,SSPG,0.13189919725329857,0.3065438848318185,0.20010099492149278,1.5635135910477085,0,-6.2736333525273675,998.9,6.0,18.7
0.15078508201097737,0.34982274455989276,U10,U10,6.0,6.0,SSPG,SSPG,0.13193532766934254,0.3065552799032617,0.20010347199201148,1.5638136257837165,6,-6.275011355488177,998.8,6.0,18.7
0.1507582848543775,0.3498310942885028,U10,U10,6.0,6.0,SSPG,SSPG,0.13193661955363006,0.3065376828002125,0.20011332375253507,1.5635203753108002,3,-6.277040788616459,998.6,6.0,18.7
0.15075466865803305,0.34990370655616526,U10,U10,6.0,6.0,SSPG,SSPG,0.13191709725181675,0.30654547585452374,0.2001582382468748,1.5637111466102138,3,-6.281328790808193,998.3,6.0,18.7
0.15090865809513312,0.34993357136581393,U10,U10,6.0,6.0,SSPG,SSPG,0.13192301256827554,0.3067224928100927,0.20022117190953087,1.5663026872399746,4,-6.281024510571613,998.7,6.0,18.7
0.15071126588312164,0.34988723584781184,U10,U10,6.0,6.0,SSPG,SSPG,0.13197136802808268,0.3065224909283955,0.20017576272122567,1.5631341182755616,0,-6.280107898133339,998.5,6.0,18.7
0.15072317070788718,0.34989239320259047,U10,U10,6.0,6.0,SSPG,SSPG,0.1320369817733802,0.3065293817139247,0.20017895274693404,1.5628983604556321,7,-6.281142883473319,998.2,6.0,18.7
0.15071420127918014,0.34989025923952377,U10,U10,6.0,6.0,SSPG,SSPG,0.1320704844868908,0.3065190209087845,0.20016885014556876,1.56336447244012,0,-6.28164800403738,998.1,5.9,18.7
0.15067583386414934,0.3498754271858888,U10,U10,6.0,6.0,SSPG,SSPG,0.13207444026338386,0.30649970263722265,0.20015216689725715,1.5633079827805325,0,-6.282699146599993,998.0,5.9,18.7
0.15069687172925364,0.34982920827093356,U10,U10,6.0,6.0,SSPG,SSPG,0.13197268447503455,0.30650007399311924,0.2001182599215056,1.5626019200500214,6,-6.276595116348456,998.5,6.0,18.7
0.15073156511115007,0.34987893919039864,U10,U10,6.0,6.0,SSPG,SSPG,0.13212082605213155,0.3065482989444187,0.20015430755382915,1.564009590961538,4,-6.2826075918216935,998.0,5.9,18.7
0.15073980099336295,0.34984093117480497,U10,U10,6.0,6.0,SSPG,SSPG,0.1321235745439565,0.3065406264834401,0.20013164574935904,1.5637045627055306,4,-6.280239450128943,998.1,5.9,18.7
0.15074493060409186,0.34989431190950904,U10,U10,6.0,6.0,SSPG,SSPG,0.13209927486147777,0.30653012084713605,0.20016088569423363,1.563548838114821,6,-6.281977233270932,998.0,5.9,18.7
0.15076740064870406,0.34989497570177663,U10,U10,6.0,6.0,SSPG,SSPG,0.13201336154162419,0.30657302420522103,0.20017195404497407,1.5641334062758996,7,-6.28156296428651,998.4,6.0,18.7
0.1508144217388172,0.34991430998450934,U10,U10,6.0,6.0,SSPG,SSPG,0.13196073293146446,0.3066135888626538,0.2001797531767675,1.5647280874182274,4,-6.2815959832354205,998.4,6.0,18.7
0.15074495845354768,0.3499848227685074,U10,U10,6.0,6.0,SSPG,SSPG,0.1319431274386185,0.30656261376330063,0.20026030809821563,1.5647069612646631,0,-6.270174599733118,997.5,6.0,18.7
0.15071278642215627,0.3499900863617109,U10,U10,6.0,6.0,SSPG,SSPG,0.13201141565015506,0.30652919029281456,0.20026833165740882,1.5641805711629515,3,-6.272107225234602,997.3,6.0,18.7
0.15075468848975748,0.34998361821838586,U10,U10,6.0,6.0,SSPG,SSPG,0.13199579236819842,0.3065908815572727,0.20026548805261535,1.565153352401834,6,-6.2697080464054,997.6,6.0,18.7
0.15069603204615606,0.34998783297552444,U10,U10,6.0,6.0,SSPG,SSPG,0.13209383587884224,0.3065234349731828,0.20028146732371538,1.564072901582842,1,-6.273636840211375,997.2,6.0,18.7
0.1506432954538807,0.3499821067104174,U10,U10,6.0,6.0,SSPG,SSPG,0.13216814815457936,0.30646137307079413,0.20026056943396178,1.5631568553828945,6,-6.274930272730951,996.9,6.0,18.7
0.15070239235865354,0.34999288942072515,U10,U10,6.0,6.0,SSPG,SSPG,0.1321119070747972,0.3065307320814847,0.20028930109078016,1.5645168851403777,7,-6.277123554110565,997.0,6.0,18.7
0.15068116478170657,0.3499972418423978,U10,U10,6.0,6.0,SSPG,SSPG,0.13204244769421958,0.30651033174008535,0.2003094996701793,1.564142120964612,6,-6.277365469851972,997.1,6.0,18.7
0.15065363064621573,0.3499946608172049,U10,U10,6.0,6.0,SSPG,SSPG,0.1320933999187578,0.30647185050956766,0.20028866151640526,1.5635276367337267,5,-6.278325147545614,996.8,6.0,18.7
0.15065331597676793,0.34999429525248654,U10,U10,6.0,6.0,SSPG,SSPG,0.13208815337275595,0.30647928835999133,0.20029689476260087,1.5634270040894238,1,-6.277915651043557,996.8,6.0,18.7
0.15066155741162396,0.3499924677350215,U10,U10,6.0,6.0,SSPG,SSPG,0.13206209480428038,0.3064895409232091,0.2002808398494441,1.563780613281338,1,-6.276965685504893,996.9,6.0,18.7
0.15061764741916345,0.3499870804500987,U10,U10,6.0,6.0,SSPG,SSPG,0.1321193580687754,0.30644499948690723,0.20027236791579905,1.5629425041055613,3,-6.276607500852579,996.8,6.0,18.7
0.15061858453101684,0.34998904416950316,U10,U10,6.0,6.0,SSPG,SSPG,0.132065305710786,0.3064427355244228,0.20026732627605076,1.562961427637752,1,-6.27572632621844,996.9,6.0,18.7
0.1506055780281906,0.34999284575933154,U10,U10,6.0,6.0,SSPG,SSPG,0.13206336449571635,0.30642601089591875,0.2002699785926683,1.562865776797211,7,-6.27815725134067,996.7,6.0,18.7
0.1506354987755844,0.3499901266933664,U10,U10,6.0,6.0,SSPG,SSPG,0.13207429286417124,0.3064574156842519,0.2002703732056711,1.5633269489896846,3,-6.277324556691695,996.8,6.0,18.7
0.15062602984014684,0.3499926423629596,U10,U10,6.0,6.0,SSPG,SSPG,0.13203825104797,0.30645773696211875,0.20028214184709092,1.5633179098548204,1,-6.277200133566503,996.9,6.0,18.7
0.15063212265537834,0.34998901781745584,U10,U10,6.0,6.0,SSPG,SSPG,0.13210593951540417,0.3064524105909733,0.20027177771772664,1.5631674502865107,0,-6.277047484998416,996.8,6.0,18.7
0.1506219091009327,0.3499910977766356,U10,U10,6.0,6.0,SSPG,SSPG,0.1320851278968592,0.3064488031584625,0.20027844509810436,1.5631531964883787,6,-6.2776415878122895,996.8,6.0,18.7
0.15063097329403263,0.3499875008185728,U10,U10,6.0,6.0,SSPG,SSPG,0.1321318704225971,0.3064572567786866,0.20027351612441927,1.563287393073363,4,-6.277357994195407,996.8,6.0,18.7
0.15059828018498306,0.34998692874483156,U10,U10,6.0,6.0,SSPG,SSPG,0.13210226087325844,0.30642267807688045,0.20026591334972207,1.562729123212383,3,-6.2775893133028955,996.7,6.0,18.7
0.15062053389440938,0.3499912047083534,U10,U10,6.0,6.0,SSPG,SSPG,0.13208785766929415,0.30644664552063317,0.2002783085442185,1.5631552402017617,3,-6.277783811876787,996.8,6.0,18.7
0.15061076495485676,0.349990410394696,U10,U10,6.0,6.0,SSPG,SSPG,0.13210254513628222,0.30643143816775975,0.200270437464215,1.5630010011829323,5,-6.278433814694199,996.7,6.0,18.7
0.1505829314219372,0.3499899249431785,U10,U10,6.0,6.0,SSPG,SSPG,0.1321579602893604,0.3064063948116876,0.2002711227932137,1.5626498244439655,7,-6.278565292435029,996.4,5.9,18.7
0.1506728011241202,0.34999266221415226,U10,U10,6.0,6.0,SSPG,SSPG,0.13207136053657917,0.30650403758197303,0.20028928958825348,1.5641587146006253,7,-6.278205509399881,996.9,6.0,18.7
0.15064789649435784,0.3499911790273348,U10,U10,6.0,6.0,SSPG,SSPG,0.13210780565914665,0.3064712298088529,0.2002797298626206,1.563680478450311,6,-6.27850580188005,996.8,6.0,18.7
0.15065713346797305,0.3499880079237617,U10,U10,6.0,6.0,SSPG,SSPG,0.13216579132003586,0.30648274529097974,0.20027056902863175,1.5637956712165693,1,-6.278437486325443,996.7,6.0,18.7
0.15067314945167276,0.34999207811618305,U10,U10,6.0,6.0,SSPG,SSPG,0.13207869461502897,0.30649248625054476,0.2002763491880689,1.5639234015630379,0,-6.277118406195817,996.9,6.0,18.7
0.1506851118147586,0.3499949414415119,U10,U10,6.0,6.0,SSPG,SSPG,0.13206576147019217,0.306511712784628,0.20028688506203132,1.5642404089223487,7,-6.277850965260901,996.9,6.0,18.7
0.15065646940176053,0.3499897067460286,U10,U10,6.0,6.0,SSPG,SSPG,0.13211280787621887,0.30647970206483327,0.2002683450837516,1.5637185073225632,4,-6.277359434338642,996.8,6.0,18.7
0.15060099762049742,0.3499855144248678,U10,U10,6.0,6.0,SSPG,SSPG,0.13214909938293212,0.3064263619509562,0.20025409946371694,1.5627948031693388,0,-6.278439338613413,996.5,6.0,18.7
0.15059176003965466,0.34999008444289353,U10,U10,6.0,6.0,SSPG,SSPG,0.13212271318597113,0.3064119038769486,0.2002686901717172,1.56247275697663,0,-6.278106154012226,996.6,6.0,18.7
0.15062629076202874,0.34999178116876667,U10,U10,6.0,6.0,SSPG,SSPG,0.13209458300248406,0.3064488945119489,0.2002758792465821,1.5631970336618974,2,-6.2784469211170135,996.7,6.0,18.7
0.15064945051377718,0.34999013865862166,U10,U10,6.0,6.0,SSPG,SSPG,0.1321141102552844,0.3064788832303869,0.20027703629079088,1.5635756695025793,7,-6.277340131924779,996.8,6.0,18.7
0.15065176833513913,0.3499936626610496,U10,U10,6.0,6.0,SSPG,SSPG,0.1320841418245155,0.3064755703346938,0.20028856807906184,1.563471010509502,6,-6.277833173500144,996.8,6.0,18.7
0.1506376108915714,0.3499907799621692,U10,U10,6.0,6.0,SSPG,SSPG,0.1321088230700394,0.30646746035209316,0.20028303786745325,1.5633686852910453,5,-6.278400426485684,996.7,6.0,18.7
0.15063115792029735,0.3499889636158575,U10,U10,6.0,6.0,SSPG,SSPG,0.13212642442614234,0.3064536535883835,0.2002705725374106,1.5630994941003706,7,-6.277365318578175,996.7,6.0,18.7
0.15060025246724146,0.34998354793619796,U10,U10,6.0,6.0,SSPG,SSPG,0.1321614470842004,0.3064264959933653,0.20026065909862473,1.5626309647647703,4,-6.278167007565387,996.5,6.0,18.7
0.1506065437270821,0.3499851358957913,U10,U10,6.0,6.0,SSPG,SSPG,0.13214973886417958,0.3064370331320272,0.20026364469052094,1.562850603122468,1,-6.2777805658798,996.6,6.0,18.7
0.15062506869179623,0.34998621439118816,U10,U10,6.0,6.0,SSPG,SSPG,0.13217290595909625,0.30645082381562844,0.20026424528721054,1.563142149250735,1,-6.278142436422285,996.6,6.0,18.7
0.15061523879556046,0.34998229863844604,U10,U10,6.0,6.0,SSPG,SSPG,0.13219991667710465,0.3064451431834549,0.20025941040672637,1.5629730963215742,4,-6.278311540358238,996.5,6.0,18.7
0.15058370702806365,0.3499875610030914,U10,U10,6.0,6.0,SSPG,SSPG,0.13218995270285333,0.30640542899067896,0.200263017700004,1.5623855285417783,4,-6.277740412986587,996.3,5.9,18.7
0.1505935336493239,0.34998413800552886,U10,U10,6.0,6.0,SSPG,SSPG,0.13217435062724392,0.3064212153805824,0.20025671389830274,1.562618909095944,0,-6.2781936247945795,996.5,6.0,18.7
0.15061266465868303,0.34998491116187963,U10,U10,6.0,6.0,SSPG,SSPG,0.1321516595401574,0.3064379283162401,0.20025481823829278,1.562940475030194,0,-6.277551406995435,996.6,6.0,18.7
0.15059690835739822,0.3499840504309622,U10,U10,6.0,6.0,SSPG,SSPG,0.13217614053161142,0.30642552070747664,0.20025622602972742,1.5627293866065153,1,-6.278350092678724,996.5,6.0,18.7
0.15059675921843207,0.34998356857241064,U10,U10,6.0,6.0,SSPG,SSPG,0.13217588471380132,0.3064258321642926,0.20025858013904102,1.5626803728632694,7,-6.278275278107272,996.5,6.0,18.7
0.15058450900589,0.34998343899213985,U10,U10,6.0,6.0,SSPG,SSPG,0.13219256777417088,0.30641124980700046,0.2002530022867248,1.5624871849893593,6,-6.277206332374703,996.3,5.9,18.7
0.15057683434433639,0.3499849188457588,U10,U10,6.0,6.0,SSPG,SSPG,0.13221494799753103,0.3064037463602375,0.20026066877193974,1.5623499455747685,7,-6.277563070014428,996.3,5.9,18.7
0.15058473603442477,0.3499867117183402,U10,U10,6.0,6.0,SSPG,SSPG,0.13218497963323966,0.3064074866074181,0.2002598547880228,1.562416296355555,1,-6.277545637198548,996.3,5.9,18.7
0.15059373486459943,0.3499875818409681,U10,U10,6.0,6.0,SSPG,SSPG,0.13221215105970424,0.30641689667849215,0.20026630896455314,1.5626082338049612,6,-6.278145469233649,996.3,5.9,18.7
0.15059598916764907,0.3499868348977084,U10,U10,6.0,6.0,SSPG,SSPG,0.1322022543944125,0.3064251894866422,0.20026453520770454,1.5627234169606887,4,-6.277982946393079,996.3,5.9,18.7
0.15061338381909478,0.3499858923040015,U10,U10,6.0,6.0,SSPG,SSPG,0.13219202529670457,0.30643885167160734,0.20025668184804754,1.5629621270230354,2,-6.277619915413467,996.3,5.9,18.7
0.1505701313390618,0.3499824658209233,U10,U10,6.0,6.0,SSPG,SSPG,0.13222996960175093,0.30639559285200274,0.20025663401834845,1.5621279114753142,4,-6.27771116302886,996.2,5.9,18.7
0.15058172835314043,0.34998217329346043,U10,U10,6.0,6.0,SSPG,SSPG,0.13220448180914923,0.3064063994775686,0.2002549413663639,1.5624326905253825,7,-6.2782433232958486,996.2,5.9,18.7
0.1505729545180831,0.34998274604627444,U10,U10,6.0,6.0,SSPG,SSPG,0.13222398301475152,0.3063961455022602,0.2002560681354973,1.5622505269493914,1,-6.2781839186478265,996.2,5.9,18.7
0.15056939895638574,0.34998077417720586,U10,U10,6.0,6.0,SSPG,SSPG,0.13221744450375544,0.30639296191449866,0.20025701845813734,1.5621574304678667,4,-6.278099767399599,996.2,5.9,18.7
0.1505650214766366,0.3499832798370989,U10,U10,6.0,6.0,SSPG,SSPG,0.1321984185464727,0.3063889273304497,0.20026454989545123,1.562090832949043,4,-6.277742373140081,996.3,5.9,18.7
0.15058960161117382,0.34998829754069205,U10,U10,6.0,6.0,SSPG,SSPG,0.13214426176873,0.30641438207956523,0.20027353443375537,1.5626117457758406,5,-6.278052957900743,996.4,5.9,18.7
0.15060375422493688,0.34998807198418697,U10,U10,6.0,6.0,SSPG,SSPG,0.13217199957915193,0.30642606978310805,0.20027310289990766,1.5627995818790583,5,-6.278035538508608,996.4,5.9,18.7
0.15059111444361964,0.34998604077519646,U10,U10,6.0,6.0,SSPG,SSPG,0.13217175336786754,0.30641415941459016,0.20026391537147584,1.5626607302050877,1,-6.277667282720657,996.4,5.9,18.7
0.1505684373035231,0.34998244293550873,U10,U10,6.0,6.0,SSPG,SSPG,0.13221528791893677,0.3063944363946891,0.2002681108734016,1.5622054868872235,1,-6.278106497821607,996.3,5.9,18.7
0.15060018842927247,0.3499855060716025,U10,U10,6.0,6.0,SSPG,SSPG,0.13218503670864784,0.30642677368130516,0.20027571861632523,1.562808970532298,0,-6.278234769400269,996.4,5.9,18.7
0.15061351162971112,0.34998482957331867,U10,U10,6.0,6.0,SSPG,SSPG,0.13220980144819966,0.3064442654016219,0.20026849665287932,1.563176522371322,2,-6.278176465255317,996.4,5.9,18.7
0.15055826327509694,0.34997890919830077,U10,U10,6.0,6.0,SSPG,SSPG,0.13226023677327192,0.3063828000367141,0.20026285002911243,1.5620862422260169,3,-6.278056649073359,996.3,5.9,18.7
0.15058569388496934,0.34998471405460646,U10,U10,6.0,6.0,SSPG,SSPG,0.13222546852405495,0.3064074834195581,0.2002737119947428,1.5623827342413548,2,-6.277519096723954,996.4,5.9,18.7
0.15055054508100757,0.3499809077516958,U10,U10,6.0,6.0,SSPG,SSPG,0.13224844745708816,0.3063711441627826,0.20026603257014872,1.5618032155147463,2,-6.277786490189384,996.3,5.9,18.7
0.15058460420627887,0.34998221308531685,U10,U10,6.0,6.0,SSPG,SSPG,0.132262349263113,0.3064129224173401,0.2002782303012689,1.5624675155977394,3,-6.277825207382003,996.4,5.9,18.7
0.1505794441357671,0.3499805223076442,U10,U10,6.0,6.0,SSPG,SSPG,0.13226240863587518,0.30640829791070934,0.2002716157183443,1.5625298313966889,1,-6.278015140957702,996.4,5.9,18.7
0.15058678694125377,0.34998153043940133,U10,U10,6.0,6.0,SSPG,SSPG,0.13224351683825414,0.30641422166957794,0.20027186946595188,1.5626044575365947,2,-6.2779599831923525,996.4,5.9,18.7
0.15057342353012992,0.34998277906469,U10,U10,6.0,6.0,SSPG,SSPG,0.1322538225967043,0.3063991745486083,0.20028119886377105,1.56228906880628,6,-6.278172008144487,996.4,5.9,18.7
0.15056525045306307,0.349979249859838,U10,U10,6.0,6.0,SSPG,SSPG,0.13225322612791945,0.30639133998900736,0.20026530581527163,1.5621747248472713,2,-6.278023259026162,996.3,5.9,18.7
0.150572611597139,0.3499823289800361,U10,U10,6.0,6.0,SSPG,SSPG,0.13224188751465288,0.306397559934763,0.20027088274773994,1.5623465991016814,5,-6.277872738638693,996.4,5.9,18.7
0.1505956374976195,0.3499859188027065,U10,U10,6.0,6.0,SSPG,SSPG,0.1321983807814387,0.3064263477675509,0.2002789649408554,1.5629189737008944,7,-6.278130999490488,996.5,5.9,18.7
0.15058468978290235,0.34998426924746096,U10,U10,6.0,6.0,SSPG,SSPG,0.13222995220437359,0.3064151490781031,0.20027798839619398,1.5626530897669673,3,-6.278462503259811,996.4,5.9,18.7
0.1506001405982269,0.34998611299840493,U10,U10,6.0,6.0,SSPG,SSPG,0.1322154346959876,0.30643312018527546,0.20028816378098005,1.5629870385795166,5,-6.278557023384082,996.5,5.9,18.7
0.15059123438975688,0.3499842897422999,U10,U10,6.0,6.0,SSPG,SSPG,0.13222507334644645,0.3064269670253511,0.2002878322690934,1.562909775596553,5,-6.27864037123777,996.5,5.9,18.7
0.1506101243837613,0.3499884527870207,U10,U10,6.0,6.0,SSPG,SSPG,0.13220612481694077,0.30644344030219056,0.20029987630960328,1.5632173719148428,1,-6.278802915515326,996.6,5.9,18.7
0.15063078540639757,0.3499882511067249,U10,U10,6.0,6.0,SSPG,SSPG,0.13220402521956437,0.3064692190105582,0.20029771079485575,1.5635682681206249,0,-6.278448672670723,996.6,5.9,18.7
0.1506228821066271,0.3499916184718521,U10,U10,6.0,6.0,SSPG,SSPG,0.1321678652299893,0.30645972597354365,0.20030089802324078,1.56342644906021,4,-6.25568938525632,996.5,6.0,18.7
0.15061636182516888,0.349991483798729,U10,U10,6.0,6.0,SSPG,SSPG,0.13218010580868,0.30645415480960797,0.20030287173594355,1.5633711906709853,6,-6.255949125477059,996.5,6.0,18.7
0.1506196711934739,0.3499916192378987,U10,U10,6.0,6.0,SSPG,SSPG,0.132155655679229,0.3064608010406704,0.2003047520405881,1.563601908681422,5,-6.256653419064409,996.5,6.0,18.7
0.15067796387158158,0.34999681983906605,U10,U10,6.0,6.0,SSPG,SSPG,0.13209585610250607,0.3065206251375336,0.20032586366356162,1.5645696431609255,2,-6.256592691411819,996.7,6.0,18.7
0.1506542303713576,0.34999809398428366,U10,U10,6.0,6.0,SSPG,SSPG,0.13212313945565574,0.30649888129696257,0.2003428606802925,1.5642265093259606,5,-6.258430367246779,996.6,6.0,18.7
0.150689063348759,0.34999946485886524,U10,U10,6.0,6.0,SSPG,SSPG,0.1320882565750934,0.30654158480942006,0.20035784122501646,1.5649140038813467,1,-6.260348007965832,996.5,6.0,18.7
0.15070120268321682,0.34999992467586283,U10,U10,6.0,6.0,SSPG,SSPG,0.1320785490591466,0.30655795548520576,0.200366961462058,1.5652561602818578,6,-6.261353670371213,996.5,6.0,18.7
0.15068000201092965,0.3499998257947253,U10,U10,6.0,6.0,SSPG,SSPG,0.13207554548021117,0.3065290487412275,0.20038118709293767,1.5648494547305383,7,-6.263281586687998,996.4,6.0,18.7
0.15068058991328512,0.3499982703947141,U10,U10,6.0,6.0,SSPG,SSPG,0.13212332660739273,0.30653956523029396,0.20040897620087617,1.5653397244655838,7,-6.268954572504721,996.1,6.0,18.7
0.15074298621989055,0.34999576256872733,U10,U10,6.0,6.0,SSPG,SSPG,0.13210070932635226,0.3066019272713717,0.20042715114590148,1.5660966384145492,3,-6.267747257110525,996.3,6.0,18.7
0.15079741331275148,0.3499834558811706,U10,U10,6.0,6.0,SSPG,SSPG,0.13202139654173053,0.30668863456952744,0.20049762636679028,1.5674706188508996,2,-6.272080271703255,996.4,6.0,18.7
0.15069716950985268,0.34999801326510427,U10,U10,6.0,6.0,SSPG,SSPG,0.1322238339455099,0.30658186555733347,0.20043484712278073,1.5657761314610248,6,-6.272013208368508,995.8,6.0,18.7
0.15083302078180882,0.34998096817560925,U10,U10,6.0,6.0,SSPG,SSPG,0.13196138568906404,0.3067273000803085,0.2005367979139207,1.5678287192079359,7,-6.269697523074664,996.9,6.0,18.7
0.150769846795218,0.34998699793410737,U10,U10,6.0,6.0,SSPG,SSPG,0.13213970357020827,0.3066710620202848,0.2005309873974843,1.5667350945313983,3,-6.271212160785807,996.5,6.0,18.7
0.15085737398035162,0.34998885739153573,U10,U10,6.0,6.0,SSPG,SSPG,0.13215477456767755,0.30675366515266056,0.2005635213751492,1.56758193806463,2,-6.268264227448275,997.2,6.1,18.7
0.15083722297326418,0.34999216646883835,U10,U10,6.0,6.0,SSPG,SSPG,0.13224825889690128,0.3067378253116002,0.20050644184417388,1.567479388574803,6,-6.268142640976642,996.5,6.0,18.7
0.15065523939155043,0.34999999832051426,U10,U10,6.0,6.0,SSPG,SSPG,0.13237972772479886,0.3065407668784487,0.2003870489682024,1.5651857712785167,1,-6.269622170006877,995.4,5.9,18.7
0.1508386148856031,0.34998005412625977,U10,U10,6.0,6.0,SSPG,SSPG,0.13215759612178288,0.30674711132104304,0.200573849468108,1.567947090103614,6,-6.271972213741375,996.8,6.0,18.7
0.15081460723833712,0.3499885342784794,U10,U10,6.0,6.0,SSPG,SSPG,0.13220569701466556,0.3067067496081021,0.20050507114678878,1.5674598125079795,0,-6.271026167255842,996.4,6.0,18.7
0.1507000664835478,0.34999085547241754,U10,U10,6.0,6.0,SSPG,SSPG,0.1321343740648372,0.3065733596701842,0.2004969986177492,1.5658038021466774,2,-6.272256518798343,996.4,6.0,18.7
0.1506475405342827,0.34999832802545205,U10,U10,6.0,6.0,SSPG,SSPG,0.13212041294698246,0.3065166563897295,0.20043082238912763,1.5648572532052456,3,-6.268201379747439,996.3,6.0,18.7
0.15060063428617312,0.3499997995195139,U10,U10,6.0,6.0,SSPG,SSPG,0.1322288088571708,0.3064610886077577,0.20042393858060936,1.5638029781830438,7,-6.265948973706945,996.4,6.0,18.7
0.1506091856944023,0.3499990897064882,U10,U10,6.0,6.0,SSPG,SSPG,0.1321904859041348,0.30647512548476413,0.2004174804544779,1.5642653233298645,7,-6.269057771204681,996.1,6.0,18.7
0.1506259209626648,0.3499964299757419,U10,U10,6.0,6.0,SSPG,SSPG,0.13222622666608747,0.3064858847561251,0.20043255326149728,1.5646582862357565,0,-6.270267486943543,995.9,5.9,18.7
0.15067017385451903,0.34999286157996345,U10,U10,6.0,6.0,SSPG,SSPG,0.13222101631731958,0.3065418190360108,0.2004564004697674,1.565460608290655,3,-6.272468030659209,995.8,5.9,18.7
0.15067602511956152,0.3499930738534836,U10,U10,6.0,6.0,SSPG,SSPG,0.13220374482307717,0.30654906799305315,0.20045365935122297,1.5656285692066874,2,-6.272541354622776,995.8,5.9,18.7
0.1505776623949114,0.3499968297905537,U10,U10,6.0,6.0,SSPG,SSPG,0.1322649382025882,0.3064337287215048,0.20041474331293585,1.564029613170844,4,-6.272232392955699,995.6,5.9,18.7
0.15057736456405954,0.3499986458735649,U10,U10,6.0,6.0,SSPG,SSPG,0.13219758531813094,0.30645794707386276,0.20041751445568834,1.5645584909574053,4,-6.272267837558272,995.7,5.9,18.7
0.1504944618670709,0.34999882255497844,U10,U10,6.0,6.0,SSPG,SSPG,0.13219919617048947,0.3063580192134272,0.20043966201526336,1.5626153778340348,3,-6.271955256182313,995.7,5.9,18.7
0.1505291027129707,0.3499988831473677,U10,U10,6.0,6.0,SSPG,SSPG,0.13219792870120473,0.3064222011923763,0.2004495356171931,1.5644610176716731,7,-6.273096728726124,995.8,5.8,18.7
0.15066731827697522,0.3499913807553842,U10,U10,6.0,6.0,SSPG,SSPG,0.13190503457794445,0.30657375803714726,0.20051095965551738,1.5665850064099174,7,-6.271885548144217,996.7,5.9,18.7
0.15056052607956588,0.34999497422751047,U10,U10,6.0,6.0,SSPG,SSPG,0.13197045538131247,0.30645895314575317,0.20050141480467917,1.5649519611239642,1,-6.273319201459182,996.5,5.9,18.7
0.15059958993855643,0.34998720964558994,U10,U10,6.0,6.0,SSPG,SSPG,0.13174906321747815,0.306487246629128,0.20053429954863747,1.5654581861246832,6,-6.272184773845619,997.0,5.9,18.7
0.15055328396339968,0.3499936432134957,U10,U10,6.0,6.0,SSPG,SSPG,0.13179251092094063,0.3064247181430005,0.20046855851897913,1.564665158089415,1,-6.27084815704827,996.7,5.9,18.7
0.15064731794704642,0.3499847319681004,U10,U10,6.0,6.0,SSPG,SSPG,0.1317742856014097,0.30651665839376524,0.20050882523986352,1.5660316799069403,0,-6.271917840956555,996.9,5.9,18.7
0.15056887990349493,0.3499810810358035,U10,U10,6.0,6.0,SSPG,SSPG,0.13155903351166198,0.3064525347884548,0.20058629078106816,1.5653081473663981,2,-6.272836883359721,997.6,5.9,18.7
0.15050542338960457,0.3499952234578735,U10,U10,6.0,6.0,SSPG,SSPG,0.13182161284923788,0.30636551984425836,0.20043997733785582,1.5642762981138372,0,-6.273607695776384,996.1,5.8,18.7
0.1505240179591259,0.34999671566732615,U10,U10,6.0,6.0,SSPG,SSPG,0.13187608883314014,0.30639596231974425,0.20043474230976074,1.5644416590431565,7,-6.2734470617989695,996.2,5.9,18.7
0.15052317481211347,0.3499960692252738,U10,U10,6.0,6.0,SSPG,SSPG,0.13174507543993,0.30641145274338555,0.200441072981233,1.5655093972684555,0,-6.273597440522633,996.4,5.8,18.7
0.15061851083168162,0.3499935693110193,U10,U10,6.0,6.0,SSPG,SSPG,0.13191812884941062,0.3065218423577717,0.2004593667356285,1.5669998274680426,0,-6.273729440037647,996.1,5.7,18.7
0.15049244413438578,0.3499958687250975,U10,U10,6.0,6.0,SSPG,SSPG,0.13191774544678153,0.30638579388865084,0.2004570560627944,1.5651850677117323,5,-6.275564102326589,996.0,5.7,18.7
0.1506293435446099,0.349992327255594,U10,U10,6.0,6.0,SSPG,SSPG,0.1318280556909991,0.30653960916314227,0.2004479858531865,1.567182756781126,5,-6.274314238098604,996.2,5.8,18.7
0.15048225833286502,0.34999984338019857,U10,U10,6.0,6.0,SSPG,SSPG,0.13203131608825808,0.3063923577678696,0.20037157032475736,1.5652814394937633,4,-6.27367104723984,995.5,5.7,18.7
0.15049453938646373,0.3499999835113277,U10,U10,6.0,6.0,SSPG,SSPG,0.13213803231978438,0.3063985486042231,0.20035715182767067,1.5651010353928498,1,-6.275418130703305,995.0,5.7,18.7
0.15077691396110307,0.34996214217964494,U10,U10,6.0,6.0,SSPG,SSPG,0.13162533712265978,0.30674544297822254,0.2005608260617486,1.5692273384365332,6,-6.274360351894676,996.9,5.9,18.7
0.15067568363802908,0.34997903852225976,U10,U10,6.0,6.0,SSPG,SSPG,0.13167109586705783,0.30660309745477954,0.20051237676128955,1.5675356488025942,5,-6.273826416573605,996.8,5.9,18.7
0.15070854097889944,0.3499607616050583,U10,U10,6.0,6.0,SSPG,SSPG,0.1315349843985142,0.3066416550661563,0.20051380179207653,1.5685891541813803,3,-6.274063798253629,997.1,5.9,18.7
0.15063576581387852,0.3499890547639125,U10,U10,6.0,6.0,SSPG,SSPG,0.1319212081231208,0.30655316186488374,0.2004761635196317,1.5675709178491601,3,-6.273725150476956,996.6,5.8,18.7
0.15058155570731643,0.34998324732403124,U10,U10,6.0,6.0,SSPG,SSPG,0.13165074724444742,0.3065140606422147,0.2005502713715685,1.56701255060907,3,-6.275967793002279,997.3,5.9,18.7
0.15056825454408224,0.34999475361114785,U10,U10,6.0,6.0,SSPG,SSPG,0.13178113930723032,0.306510391258704,0.20047286441268872,1.566393796876985,0,-6.273584219633795,996.6,5.9,18.7
0.15065117444991094,0.3499820075241948,U10,U10,6.0,6.0,SSPG,SSPG,0.13164085826660527,0.3065971627352932,0.20055768423369766,1.567836059234597,1,-6.2744614179398095,997.3,5.9,18.7
0.1507015924910956,0.34996105765707114,U10,U10,6.0,6.0,SSPG,SSPG,0.1314174939767212,0.30666829891648695,0.20061129313528822,1.5685974106038771,6,-6.275577205702267,997.8,6.0,18.7
0.15066173848059924,0.3499749616896045,U10,U10,6.0,6.0,SSPG,SSPG,0.131467167867067,0.3066501999865318,0.20059756811421,1.5685375937346162,2,-6.276018591289068,997.4,5.9,18.7
0.15072578780009907,0.3499545903587328,U10,U10,6.0,6.0,SSPG,SSPG,0.13131231359076223,0.30668202602855205,0.2005786684516319,1.5687817157692767,7,-6.275138158492786,997.3,5.9,18.7
0.15056839238029227,0.3499861440898719,U10,U10,6.0,6.0,SSPG,SSPG,0.1315895601291115,0.30649388426445157,0.20048345875833667,1.5669105183651029,0,-6.2756560858422255,996.6,5.8,18.7
0.1506178732024124,0.3499851999357637,U10,U10,6.0,6.0,SSPG,SSPG,0.13160603481909,0.306571789719879,0.2005047083055009,1.5680022178890045,1,-6.276550294261259,996.6,5.8,18.7
0.15063423323542036,0.3499787822477256,U10,U10,6.0,6.0,SSPG,SSPG,0.13157887148473635,0.30658108280799,0.20051579852594778,1.567991073506111,1,-6.275982975778828,996.7,5.8,18.7
0.15067049152496056,0.3499798136768417,U10,U10,6.0,6.0,SSPG,SSPG,0.13168354798797985,0.3066081878198852,0.2004776992876844,1.5685210262205866,2,-6.275460077404837,996.2,5.7,18.7
0.1506853206314959,0.34997525854504297,U10,U10,6.0,6.0,SSPG,SSPG,0.13177084907947073,0.30661925432537956,0.20045549445892907,1.5686222498022695,1,-6.276146360709561,996.2,5.8,18.7
0.1506732197438686,0.3499747128494892,U10,U10,6.0,6.0,SSPG,SSPG,0.13170999772492553,0.30659958363751133,0.2005115136799726,1.5680941074896086,6,-6.275719057864328,996.6,5.8,18.7
0.15070970163274575,0.3499754056612543,U10,U10,6.0,6.0,SSPG,SSPG,0.13181181254622298,0.3066392575529867,0.20047937488294018,1.56845940217845,2,-6.275609418459992,996.2,5.8,18.7
0.15077811631402613,0.3499635209130232,U10,U10,6.0,6.0,SSPG,SSPG,0.13182342743342707,0.30668597202078185,0.2004863439399916,1.5690434610091777,3,-6.27497162210794,996.3,5.8,18.7
0.1507705488230911,0.3499652637102998,U10,U10,6.0,6.0,SSPG,SSPG,0.13174431449546603,0.3066660166696396,0.20044817046692143,1.5687634924000164,1,-6.274244382411174,996.1,5.8,18.7
0.15066870389565912,0.3499847452208309,U10,U10,6.0,6.0,SSPG,SSPG,0.13188643453711807,0.30657739741599854,0.20043859164430888,1.5675836961535174,7,-6.275418304448675,995.9,5.8,18.7
0.15062526749403077,0.3499941787898267,U10,U10,6.0,6.0,SSPG,SSPG,0.13192089925773257,0.30653180728595375,0.20041653143712693,1.5671397013523536,5,-6.274862868826439,995.9,5.8,18.7
0.1506602060232535,0.3499904692274895,U10,U10,6.0,6.0,SSPG,SSPG,0.1319481464897529,0.3065537622913477,0.20041773093576057,1.567185512489191,1,-6.2737380251615855,995.9,5.8,18.7
0.1506739926467344,0.34998865234969045,U10,U10,6.0,6.0,SSPG,SSPG,0.13192823705263446,0.30657645330827904,0.20041091830672503,1.5679837893923567,4,-6.275295832066596,995.6,5.7,18.7
0.15070077457054162,0.34997902001683256,U10,U10,6.0,6.0,SSPG,SSPG,0.13181082063314498,0.3066029405306148,0.20046976118276105,1.5681873998529818,4,-6.275423850431959,996.3,5.8,18.7
0.150723042693297,0.34996369905204383,U10,U10,6.0,6.0,SSPG,SSPG,0.13162222202539142,0.30664474841184286,0.2005234901531098,1.568713985212352,5,-6.275711831479188,996.7,5.8,18.7
0.15056133144296852,0.3499945920850707,U10,U10,6.0,6.0,SSPG,SSPG,0.13183953450608749,0.30646369611323876,0.20044429809640757,1.5663651482973804,0,-6.275562595236493,996.2,5.8,18.7
0.15057417121430472,0.3499894860122966,U10,U10,6.0,6.0,SSPG,SSPG,0.1317000488194944,0.30646265323219996,0.20044379118813752,1.5665855137857916,0,-6.276031371293493,996.3,5.8,18.7
0.1506003390403564,0.34998739609800594,U10,U10,6.0,6.0,SSPG,SSPG,0.1317814289499346,0.306492314917009,0.20044154607089953,1.5669470603675055,4,-6.276213819918443,995.9,5.7,18.7
Time taken (seconds)
2026-06-01 19:51:30
